--------- beginning of main
09-08 01:16:10.592  3095  3432 I ChromePhotosDataPlane: bootstrap=chrome_blocked reason=session_start
09-08 01:16:10.633  3095  3441 I ChromePhotosDataPlane: bootstrap=chrome_blocked reason=manual_stop
09-08 01:16:10.638  3095  3441 I ChromePhotosDataPlane: phase=fail_closed reason=manual_stop
09-08 01:16:10.653  3095  3441 I ChromePhotosDataPlane: phase=status statusSequence=1 lifecycle=Starting active=false ready=false connections=0 requests=0 safe=0 blocked=0 unknown=0 passthrough=0 cacheHits=0 cacheMisses=0 failures=0 clientDisconnects=0 bytesIn=0 bytesOut=0 streamed=0 proxyQueueRejects=0 proxyActivePeak=0 proxyP50Ms=0.000 proxyP95Ms=0.000 proxyP99Ms=0.000 upstreamSockets=0 protectSuccess=0 protectFailure=0 web11a=not_run web11b=not_run modelLoadMs=0.000 engineCalls=0 dedupeHits=0 decisionCacheConfig=64 decisionConcurrencyConfig=1 decisionQueueConfig=2 decisionTimeoutMs=5000 engineCallsPerRequest=0.0 inferencePeak=0 inFlightPeak=0 queuePeak=0 queueRejects=0 timeouts=0 inferenceP50Ms=0.0 inferenceP95Ms=0.0 inferenceP99Ms=0.0 decisionP50Ms=0.0 decisionP95Ms=0.0 decisionP99Ms=0.0 cacheHitP50Ms=0.0 cacheHitP95Ms=0.0 cacheEntries=0 cacheEvictions=0 preprocessP50Ms=0.0 preprocessP95Ms=0.0 preprocessP99Ms=0.0 preparedCount1=0 preparedCount4=0 preparedCount5=0 preparedCountOther=0 decisionBasis= imageCandidates=0 imagePrefixPeeks=0 imageMagicCandidates=0 imageBodyAdmissionPeak=0 imageBodyAdmissionRejects=0 networkVisualCandidates=0 networkVisualReplaced=0 networkVisualRawDelivered=0 networkVisualSafeRawDelivered=0 networkVisualBlockedReplaced=0 networkVisualUnknownReplaced=0 networkVisualUnsupportedReplaced=0 networkVisualRawBlockedDelivered=0 networkVisualRawUnknownDelivered=0 networkVisualCacheHit=0 networkVisualInference=0 mediaDocumentsTransformed=0 mediaDocumentsFailClosed=0 documentTransformOutstanding=0 readyTokensOutstanding=0 uiSvgRegistered=0 uiSvgRegistryBytes=0 uiSvgCssRewritten=0 uiSvgCssRejected=0 uiSvgNetworkAccepted=0 uiSvgNetworkRejected=0 uiSvgAssetServed=0 uiSvgAssetRejected=0 h18=not_run h19=not_run quicAttempts=0 directTcpAttempts=0 bootstrapResetGeneration=2 bootstrapCompleteGeneration=2 bootstrapResetCount=3 chromeSuspended=true guardSession=0 guardHeartbeatSequence=0 audit17State=0 audit17Navigation=0 audit17Events=0 audit17Dropped=0
09-08 01:16:10.653  3095  3441 I ChromeMediaShieldStatus: v=1 seq=1 kind=network mode=selective candidates=0 replaced=0 rawDelivered=0 safeRaw=0 blockedReplaced=0 unknownReplaced=0 unsupportedReplaced=0 rawBlocked=0 rawUnknown=0 cacheHit=0 decisionEngine=0 engineCalls=0
09-08 01:16:10.656  3095  3441 I ChromeMediaShieldStatus: v=1 seq=1 kind=document transformed=0 failClosed=0 outstanding=0 issued=0 claims=0 documentSequence=0 navigationSequence=0 readyRequests=0 readyPreflights=0 readyAccepted=0 readyRejected=0 parserBarrierRequests=0 parserBarrierReady=0 parserBarrierFailClosed=0 selfShield=true selfReadyRequests=0 selfReadyAccepted=0 selfReadyRejected=0 selfReadyRejectReason=none selfShieldReleaseCompleted=0 selfShieldParserContinued=0 selfShieldOriginalScriptStarted=0 selfShieldTraceRejected=0 selfShieldTraceOutstanding=0 bootstrapDiagnosticAccepted=0 bootstrapDiagnosticRejected=0 bootstrapDiagnosticRejectReason=none bootstrapDiagnosticStage=none bootstrapDiagnosticReason=none bootstrapDiagnosticOutstanding=0
09-08 01:16:10.656  3095  3441 I ChromeMediaShieldStatus: v=1 seq=1 kind=renderer reports=0 rejected=0 globalCallbacks=0 globalRecords=0 childRecords=0 attributeRecords=0 maxRecords=0 scanCalls=0 scanRoot=0 scanNodes=0 maxScanNodes=0 scanMicros=0 maxScanMicros=0 observerChildScans=0 observerAttributeScans=0 guardedScans=0 markupScans=0 shadowScans=0 initialScans=0 otherScans=0 sanitizeElement=0 sanitizeContainer=0 img=0 source=0 svg=0 iframe=0 canvas=0 video=0 safeIcon=0 lockIcon=0 geometryWrites=0 svgRecords=0 shadowRoots=0 shadowObservers=0 shadowCallbacks=0 shadowRecords=0 shadowScanCalls=0 ensureStyle=0 ensureCurtain=0 internalMutations=0
09-08 01:16:10.657  3095  3441 I ChromeMediaShieldStatus: v=1 seq=1 kind=rendererApis callScan=createElement=0/0 createElementNS=0/0 appendChild=0/0 insertBefore=0/0 replaceChild=0/0 append=0/0 prepend=0/0 replaceChildren=0/0 before=0/0 after=0/0 replaceWith=0/0 adjacentElement=0/0 moveBefore=0/0 rangeInsert=0/0 rangeSurround=0/0 adoptNode=0/0 cloneNode=0/0 importNode=0/0 safeMarkup=0/0 innerHTML=0/0 outerHTML=0/0 insertAdjacentHTML=0/0 setHTML=0/0 shadowInnerHTML=0/0 execCommandInsertHTML=0/0 mappedTextContent=0/0
09-08 01:16:10.657  3095  3441 I ChromeMediaShieldStatus: v=1 seq=1 kind=rendererFamilies roots=element/fragment/text/other factory:calls=0,scans=0,direct=0,roots=0/0/0/0,nodes=0,micros=0,maxMicros=0 domGuard:calls=0,scans=0,direct=0,roots=0/0/0/0,nodes=0,micros=0,maxMicros=0 markup:calls=0,scans=0,direct=0,roots=0/0/0/0,nodes=0,micros=0,maxMicros=0
09-08 01:16:10.657  3095  3441 I ChromeMediaShieldStatus: v=1 seq=1 kind=uiSvg registered=0 registryBytes=0 cssRewritten=0 cssRejected=0 networkAccepted=0 networkRejected=0 assetServed=0 assetRejected=0
09-08 01:16:10.657  3095  3441 I ChromeMediaShieldStatus: v=1 seq=1 kind=health failures=0 clientDisconnects=0 proxyQueueRejects=0 protectFailure=0 quicAttempts=0 directTcpAttempts=0 active=false ready=false
09-08 01:16:10.657  3095  3441 I ChromeMediaShieldStatus: v=1 seq=1 kind=fixture report=not_run
09-08 01:16:10.708  3095  3432 I ChromePhotosDataPlane: rollback=complete proxy=cleared ca=removed
09-08 01:16:10.708  3095  3441 I ChromePhotosDataPlane: rollback=complete proxy=cleared ca=removed
09-08 01:16:10.708  3095  3432 I ChromePhotosDataPlane: bootstrap=chrome_reset_skipped generation=2 resetCount=3
09-08 01:16:10.714  3095  3441 I ChromePhotosDataPlane: rollback=vpn_restored action=refresh_routes
09-08 01:16:10.717  3095  3432 I ChromePhotosDataPlane: bootstrap=chrome_blocked reason=f1
09-08 01:16:10.719  3095  3095 I ChromePhotosDataPlane: vpnAttestation=revoked session=08196abe fullTunnelApplied=false chromePackageAdmitted=false
09-08 01:16:10.721  3095  3441 I ChromePhotosDataPlane: phase=stopped rollback=complete cache=cleared
09-08 01:16:10.725  3095  3432 I ChromePhotosDataPlane: phase=fail_closed reason=f1
09-08 01:16:10.729  3095  3432 I ChromePhotosDataPlane: rollback=complete proxy=cleared ca=removed
09-08 01:16:10.734  3095  3095 I ChromePhotosDataPlane: bootstrap=chrome_blocked reason=service_destroyed
09-08 01:16:10.736  3095  3095 I ChromePhotosDataPlane: phase=fail_closed reason=service_destroyed
09-08 01:16:10.737  3095  3432 E ChromePhotosDataPlane: phase=start_failed error=f1
09-08 01:16:10.741  3095  3095 I ChromePhotosDataPlane: rollback=complete proxy=cleared ca=removed
09-08 01:16:10.900  3095  3507 I ChromePhotosDataPlane: vpnAttestation=revoked session=08196abe fullTunnelApplied=false chromePackageAdmitted=true
09-08 01:16:24.978  3095  3507 I ChromePhotosDataPlane: bootstrap=chrome_blocked reason=session_start
09-08 01:16:24.980  3095  3507 I ChromePhotosDataPlane: rollback=complete proxy=cleared ca=removed
09-08 01:16:24.981  3095  3507 I ChromePhotosDataPlane: bootstrap=chrome_reset_skipped generation=2 resetCount=3
09-08 01:16:25.852  3095  3507 I ChromePhotosDataPlane: phase=proxy_ready bind=loopback port=8877
09-08 01:16:26.051  3095  3507 I ChromePhotosDataPlane: policy=chrome-only proxy=fixed stockMedia=true policyTypes=AIModeSettings:Integer,AllowBackForwardCacheForCacheControlNoStorePageEnabled:Boolean,BackForwardCacheEnabled:Boolean,DataUrlInSvgUseEnabled:Boolean,FindsSettings:Integer,ForceGoogleSafeSearch:Boolean,IncognitoModeAvailability:Integer,NTPContentSuggestionsEnabled:Boolean,SearchContentSharingSettings:Integer,SearchSuggestEnabled:Boolean,URLAllowlist:String,URLBlocklist:String ca=ff56b2f4265f0377
09-08 01:16:26.065  3095  3507 I ChromePhotosDataPlane: phase=active owner=device_owner scope=chrome_only session=34c9569c ca=ff56b2f4265f0377 model=R3.1 modelSha=c8b64af8092d3718c58736a511c996d0d443dacf3eaa74620b1e5af439a3cd48 policy=dag-36 modelLoadMs=409.920 fixture=controlled fallbackHosts=5 routes=0 udpFixture=false udpTarget=:0 transport=full_tunnel_dev networkVisualMode=selective stockMediaAuthority=true documentSelfShield=true privacy=public_only_memory_only
09-08 01:16:26.068  3095  3095 I ChromePhotosDataPlane: vpnAttestation=revoked session=34c9569c fullTunnelApplied=false chromePackageAdmitted=false
09-08 01:16:26.270  3095  3735 I ChromePhotosDataPlane: vpnAttestation=confirmed session=34c9569c fullTunnelApplied=true chromePackageAdmitted=true
09-08 01:16:26.404  3095  3473 I ChromePhotosDataPlane: phase=presentation_ready scope=real_web failSafe=armed
09-08 01:16:40.244  3095  3095 I ChromePhotosDataPlane: phase=status statusSequence=1 lifecycle=PresentationReady active=true ready=true connections=0 requests=0 safe=0 blocked=0 unknown=0 passthrough=0 cacheHits=0 cacheMisses=0 failures=0 clientDisconnects=0 bytesIn=0 bytesOut=0 streamed=0 proxyQueueRejects=0 proxyActivePeak=0 proxyP50Ms=0.000 proxyP95Ms=0.000 proxyP99Ms=0.000 upstreamSockets=0 protectSuccess=0 protectFailure=0 web11a=not_run web11b=not_run modelLoadMs=409.920 engineCalls=0 dedupeHits=0 decisionCacheConfig=64 decisionConcurrencyConfig=1 decisionQueueConfig=2 decisionTimeoutMs=5000 engineCallsPerRequest=0.0 inferencePeak=0 inFlightPeak=0 queuePeak=0 queueRejects=0 timeouts=0 inferenceP50Ms=0.0 inferenceP95Ms=0.0 inferenceP99Ms=0.0 decisionP50Ms=0.0 decisionP95Ms=0.0 decisionP99Ms=0.0 cacheHitP50Ms=0.0 cacheHitP95Ms=0.0 cacheEntries=0 cacheEvictions=0 preprocessP50Ms=0.0 preprocessP95Ms=0.0 preprocessP99Ms=0.0 preparedCount1=0 preparedCount4=0 preparedCount5=0 preparedCountOther=0 decisionBasis= imageCandidates=0 imagePrefixPeeks=0 imageMagicCandidates=0 imageBodyAdmissionPeak=0 imageBodyAdmissionRejects=0 networkVisualCandidates=0 networkVisualReplaced=0 networkVisualRawDelivered=0 networkVisualSafeRawDelivered=0 networkVisualBlockedReplaced=0 networkVisualUnknownReplaced=0 networkVisualUnsupportedReplaced=0 networkVisualRawBlockedDelivered=0 networkVisualRawUnknownDelivered=0 networkVisualCacheHit=0 networkVisualInference=0 mediaDocumentsTransformed=0 mediaDocumentsFailClosed=0 documentTransformOutstanding=0 readyTokensOutstanding=0 uiSvgRegistered=0 uiSvgRegistryBytes=0 uiSvgCssRewritten=0 uiSvgCssRejected=0 uiSvgNetworkAccepted=0 uiSvgNetworkRejected=0 uiSvgAssetServed=0 uiSvgAssetRejected=0 h18=REPORT=not_run,EVENT_SEQUENCE=0,COMPAT_DOCS=0,STRICT_DOCS=0,STYLE_REQ=0,SCRIPT_REQ=0,DATA_REQ=0,NETWORK_REQ=0,REPORTS=0,LAST_DOC=none,NETWORK_SHA=ee17e3f62edde61823ce35732ea168f4f5986bff347ccfac063eca7f4009ee1b,AUDIT_SHA=74d4467bbf6833db4eeab998495b7dfc50db3b1f04f407704b839ad3f4b25582 h19=REPORT=not_run,DOCUMENTS=0,FRAMES=0,SCRIPTS=0,FIRST_ORIGINAL_SCRIPTS=0,STYLES=0,WORKERS=0,SERVICE_WORKERS=0,FRAME_REPORTS=0,FRAME_REPORT_REJECTS=0,FRAME_REPORT=not_run,FRAME_REPORT_SHA=not_run,FRAME_CHALLENGE_SHA=not_run,FRAME_GENERATION=0,FRAME_ACCEPTED_CHALLENGE_SHA=not_run,FRAME_REPORT_BINDING_SHA=not_run,SAME_URL_BODIES=0,REPORTS=0,SW_BOUNDARY={INSTALL_DOCS=0,WORKER_SCRIPTS=0,WORKER_PROBE_SCRIPTS=0,PROBE_DOCS=0,CLEANUP_DOCS=0,REPORTS_ACCEPTED=0,REPORTS_REJECTED=0,CONTROLLER_PRESENT=0,CONTROLLER_MISSING=0,NAV_FETCHES=0,SELF_READY_FETCHES=0,SELF_READY_PASS_THROUGH=0,SELF_READY_SYNTHETIC=0,NAV_SYNTHETIC=0,RESET_BASELINE_CLEAN=0,RESET_BASELINE_DIRTY=0,REGISTER_BLOCKED=0,REGISTER_SUCCEEDED=0,WORKER_REGISTER_BLOCKED=0,WORKER_REGISTER_SUCCEEDED=0,WORKER_REGISTER_UNSUPPORTED=0,WORKER_REGISTER_ERROR=0,LAST_CASE=none,LAST_EVENT=none,LAST_VALUE=none},UI_SVG={not_run} quicAttempts=0 directTcpAttempts=0 bootstrapResetGeneration=2 bootstrapCompleteGeneration=2 bootstrapResetCount=3 chromeSuspended=false guardSession=528 guardHeartbeatSequence=26 audit17State=0 audit17Navigation=0 audit17Events=0 audit17Dropped=0
09-08 01:16:40.244  3095  3095 I ChromeMediaShieldStatus: v=1 seq=1 kind=network mode=selective candidates=0 replaced=0 rawDelivered=0 safeRaw=0 blockedReplaced=0 unknownReplaced=0 unsupportedReplaced=0 rawBlocked=0 rawUnknown=0 cacheHit=0 decisionEngine=0 engineCalls=0
09-08 01:16:40.244  3095  3095 I ChromeMediaShieldStatus: v=1 seq=1 kind=document transformed=0 failClosed=0 outstanding=0 issued=0 claims=0 documentSequence=0 navigationSequence=0 readyRequests=0 readyPreflights=0 readyAccepted=0 readyRejected=0 parserBarrierRequests=0 parserBarrierReady=0 parserBarrierFailClosed=0 selfShield=true selfReadyRequests=0 selfReadyAccepted=0 selfReadyRejected=0 selfReadyRejectReason=none selfShieldReleaseCompleted=0 selfShieldParserContinued=0 selfShieldOriginalScriptStarted=0 selfShieldTraceRejected=0 selfShieldTraceOutstanding=0 bootstrapDiagnosticAccepted=0 bootstrapDiagnosticRejected=0 bootstrapDiagnosticRejectReason=none bootstrapDiagnosticStage=none bootstrapDiagnosticReason=none bootstrapDiagnosticOutstanding=0
09-08 01:16:40.245  3095  3095 I ChromeMediaShieldStatus: v=1 seq=1 kind=renderer reports=0 rejected=0 globalCallbacks=0 globalRecords=0 childRecords=0 attributeRecords=0 maxRecords=0 scanCalls=0 scanRoot=0 scanNodes=0 maxScanNodes=0 scanMicros=0 maxScanMicros=0 observerChildScans=0 observerAttributeScans=0 guardedScans=0 markupScans=0 shadowScans=0 initialScans=0 otherScans=0 sanitizeElement=0 sanitizeContainer=0 img=0 source=0 svg=0 iframe=0 canvas=0 video=0 safeIcon=0 lockIcon=0 geometryWrites=0 svgRecords=0 shadowRoots=0 shadowObservers=0 shadowCallbacks=0 shadowRecords=0 shadowScanCalls=0 ensureStyle=0 ensureCurtain=0 internalMutations=0
09-08 01:16:40.245  3095  3095 I ChromeMediaShieldStatus: v=1 seq=1 kind=rendererApis callScan=createElement=0/0 createElementNS=0/0 appendChild=0/0 insertBefore=0/0 replaceChild=0/0 append=0/0 prepend=0/0 replaceChildren=0/0 before=0/0 after=0/0 replaceWith=0/0 adjacentElement=0/0 moveBefore=0/0 rangeInsert=0/0 rangeSurround=0/0 adoptNode=0/0 cloneNode=0/0 importNode=0/0 safeMarkup=0/0 innerHTML=0/0 outerHTML=0/0 insertAdjacentHTML=0/0 setHTML=0/0 shadowInnerHTML=0/0 execCommandInsertHTML=0/0 mappedTextContent=0/0
09-08 01:16:40.245  3095  3095 I ChromeMediaShieldStatus: v=1 seq=1 kind=rendererFamilies roots=element/fragment/text/other factory:calls=0,scans=0,direct=0,roots=0/0/0/0,nodes=0,micros=0,maxMicros=0 domGuard:calls=0,scans=0,direct=0,roots=0/0/0/0,nodes=0,micros=0,maxMicros=0 markup:calls=0,scans=0,direct=0,roots=0/0/0/0,nodes=0,micros=0,maxMicros=0
09-08 01:16:40.245  3095  3095 I ChromeMediaShieldStatus: v=1 seq=1 kind=uiSvg registered=0 registryBytes=0 cssRewritten=0 cssRejected=0 networkAccepted=0 networkRejected=0 assetServed=0 assetRejected=0
09-08 01:16:40.245  3095  3095 I ChromeMediaShieldStatus: v=1 seq=1 kind=health failures=0 clientDisconnects=0 proxyQueueRejects=0 protectFailure=0 quicAttempts=0 directTcpAttempts=0 active=true ready=true
09-08 01:16:40.245  3095  3095 I ChromeMediaShieldStatus: v=1 seq=1 kind=fixture report=REPORT=not_run,DOCUMENTS=0,FRAMES=0,SCRIPTS=0,FIRST_ORIGINAL_SCRIPTS=0,STYLES=0,WORKERS=0,SERVICE_WORKERS=0,FRAME_REPORTS=0,FRAME_REPORT_REJECTS=0,FRAME_REPORT=not_run,FRAME_REPORT_SHA=not_run,FRAME_CHALLENGE_SHA=not_run,FRAME_GENERATION=0,FRAME_ACCEPTED_CHALLENGE_SHA=not_run,FRAME_REPORT_BINDING_SHA=not_run,SAME_URL_BODIES=0,REPORTS=0,SW_BOUNDARY={INSTALL_DOCS=0,WORKER_SCRIPTS=0,WORKER_PROBE_SCRIPTS=0,PROBE_DOCS=0,CLEANUP_DOCS=0,REPORTS_ACCEPTED=0,REPORTS_REJECTED=0,CONTROLLER_PRESENT=0,CONTROLLER_MISSING=0,NAV_FETCHES=0,SELF_READY_FETCHES=0,SELF_READY_PASS_THROUGH=0,SELF_READY_SYNTHETIC=0,NAV_SYNTHETIC=0,RESET_BASELINE_CLEAN=0,RESET_BASELINE_DIRTY=0,REGISTER_BLOCKED=0,REGISTER_SUCCEEDED=0,WORKER_REGISTER_BLOCKED=0,WORKER_REGISTER_SUCCEEDED=0,WORKER_REGISTER_UNSUPPORTED=0,WORKER_REGISTER_ERROR=0,LAST_CASE=none,LAST_EVENT=none,LAST_VALUE=none},UI_SVG={not_run}
09-08 01:16:50.689  3095  4148 I ChromePhotosDataPlane: phase=worker_ready correlationId=c1 admissionWaitMs=2.007
09-08 01:16:50.760  3095  4164 I ChromePhotosDataPlane: phase=worker_ready correlationId=c2 admissionWaitMs=4.789
09-08 01:16:50.760  3095  4165 I ChromePhotosDataPlane: phase=worker_ready correlationId=c3 admissionWaitMs=2.590
09-08 01:16:50.946  3095  4148 W ChromePhotosDataPlane: phase=tls_failed side=client stage=handshake correlationId=c1 hostClass=fixture hostHash=1c728e158a8cddb0 authorityHash=ef9616898b8384c2 sniHash=not_observed error=SSLHandshakeException rootCause=EOFException causeChain=v4>SSLHandshakeException>EOFException
09-08 01:16:50.980  3095  4165 I ChromePhotosDataPlane: phase=tls_ready correlationId=c3 hostClass=fixture hostHash=1c728e158a8cddb0 clientProtocol=http/1.1 ca=ff56b2f4265f0377
09-08 01:16:50.982  3095  4164 I ChromePhotosDataPlane: phase=tls_ready correlationId=c2 hostClass=fixture hostHash=1c728e158a8cddb0 clientProtocol=http/1.1 ca=ff56b2f4265f0377
09-08 01:16:51.087  3095  4165 I ChromePhotosDataPlane: phase=media_shield_document origin=fixture resource=ui-shadow-page result=transformed documentSequence=1 navigationSequence=1 token=1e5db8ff58be bytesOut=113931
09-08 01:16:51.295  3095  4192 I ChromePhotosDataPlane: phase=worker_ready correlationId=c4 admissionWaitMs=4.680
09-08 01:16:51.381  3095  4213 I ChromePhotosDataPlane: phase=worker_ready correlationId=c5 admissionWaitMs=4.240
09-08 01:16:51.594  3095  4165 I ChromePhotosDataPlane: phase=media_shield_ready result=204 bytesOut=0
09-08 01:16:51.615  3095  4165 I ChromePhotosDataPlane: phase=media_shield_ready result=204 bytesOut=0
09-08 01:16:51.636  3095  4165 I ChromePhotosDataPlane: phase=media_shield_ready result=204 bytesOut=0
09-08 01:16:51.731  3095  4233 I ChromePhotosDataPlane: phase=worker_ready correlationId=c6 admissionWaitMs=5.542
09-08 01:16:51.839  3095  4192 I ChromePhotosDataPlane: phase=tls_ready correlationId=c4 hostClass=network hostHash=67093c854a7c66ad clientProtocol=http/1.1 ca=ff56b2f4265f0377
09-08 01:16:52.189  3095  4192 I ChromePhotosDataPlane: origin=real hostClass=network hostHash=67093c854a7c66ad method=GET clientProtocol=http/1.1 upstreamProtocol=h2 status=304 contentType= bytesOut=0 transfer=fixed upstreamHeadersMs=345.195 downstreamWriteMs=0.488
09-08 01:16:52.224  3095  4268 I ChromePhotosDataPlane: phase=worker_ready correlationId=c7 admissionWaitMs=2.688
09-08 01:16:52.245  3095  4269 I ChromePhotosDataPlane: phase=worker_ready correlationId=c8 admissionWaitMs=1.390
09-08 01:16:52.438  3095  4213 W ChromePhotosDataPlane: phase=tls_failed side=client stage=handshake correlationId=c5 hostClass=network hostHash=191347bfe55d0ca9 authorityHash=e7ee83636d1c00e3 sniHash=not_observed error=SSLHandshakeException rootCause=EOFException causeChain=v4>SSLHandshakeException>EOFException
09-08 01:16:53.084  3095  4233 W ChromePhotosDataPlane: phase=tls_failed side=client stage=handshake correlationId=c6 hostClass=network hostHash=a48cc1444855d321 authorityHash=e917f7788c54320e sniHash=not_observed error=SSLHandshakeException rootCause=EOFException causeChain=v4>SSLHandshakeException>EOFException
09-08 01:16:53.088  3095  4268 I ChromePhotosDataPlane: phase=tls_ready correlationId=c7 hostClass=network hostHash=a48cc1444855d321 clientProtocol=http/1.1 ca=ff56b2f4265f0377
09-08 01:16:53.092  3095  4269 I ChromePhotosDataPlane: phase=tls_ready correlationId=c8 hostClass=network hostHash=191347bfe55d0ca9 clientProtocol=http/1.1 ca=ff56b2f4265f0377
09-08 01:16:53.240  3095  4268 I ChromePhotosDataPlane: origin=real hostClass=network hostHash=a48cc1444855d321 method=GET clientProtocol=http/1.1 upstreamProtocol=h2 status=200 contentType=application/json bytesOut=1095 transfer=chunked upstreamHeadersMs=148.686 downstreamWriteMs=0.493
09-08 01:16:53.261  3095  4269 I ChromePhotosDataPlane: origin=real hostClass=network hostHash=191347bfe55d0ca9 method=GET clientProtocol=http/1.1 upstreamProtocol=h2 status=200 contentType=application/x-protobuffer bytesOut=325 transfer=fixed upstreamHeadersMs=161.746 downstreamWriteMs=0.527
09-08 01:17:00.017  3095  4282 I ChromePhotosDataPlane: phase=worker_ready correlationId=c9 admissionWaitMs=1.116
09-08 01:17:00.551  3095  4282 I ChromePhotosDataPlane: phase=tls_ready correlationId=c9 hostClass=network hostHash=978f7e3ee1e1aeea clientProtocol=http/1.1 ca=ff56b2f4265f0377
09-08 01:17:01.358  3095  4282 I ChromePhotosDataPlane: origin=real hostClass=network hostHash=978f7e3ee1e1aeea method=POST clientProtocol=http/1.1 upstreamProtocol=h2 status=200 contentType=application/x-protobuf bytesOut=115768 transfer=fixed upstreamHeadersMs=448.732 downstreamWriteMs=354.406
09-08 01:17:24.431  3095  4306 I ChromePhotosDataPlane: phase=worker_ready correlationId=c10 admissionWaitMs=0.959
09-08 01:17:24.462  3095  4307 I ChromePhotosDataPlane: phase=worker_ready correlationId=c11 admissionWaitMs=1.450
09-08 01:17:24.465  3095  4306 I ChromePhotosDataPlane: phase=tls_ready correlationId=c10 hostClass=fixture hostHash=1c728e158a8cddb0 clientProtocol=http/1.1 ca=ff56b2f4265f0377
09-08 01:17:24.490  3095  4307 I ChromePhotosDataPlane: phase=tls_ready correlationId=c11 hostClass=fixture hostHash=1c728e158a8cddb0 clientProtocol=http/1.1 ca=ff56b2f4265f0377
09-08 01:17:24.526  3095  4306 I ChromePhotosDataPlane: phase=media_shield_document origin=fixture resource=ui-svg-page result=transformed documentSequence=2 navigationSequence=2 token=829d4e707251 bytesOut=119274
09-08 01:17:24.574  3095  4310 I ChromePhotosDataPlane: phase=worker_ready correlationId=c12 admissionWaitMs=1.457
09-08 01:17:24.598  3095  4306 I ChromePhotosDataPlane: phase=media_shield_ready result=204 bytesOut=0
09-08 01:17:24.605  3095  4306 I ChromePhotosDataPlane: phase=media_shield_ready result=204 bytesOut=0
09-08 01:17:24.613  3095  4306 I ChromePhotosDataPlane: phase=media_shield_ready result=204 bytesOut=0
09-08 01:17:24.658  3095  4312 I ChromePhotosDataPlane: phase=worker_ready correlationId=c13 admissionWaitMs=0.802
09-08 01:17:24.665  3095  4307 I ChromePhotosDataPlane: phase=media_shield_ready result=200 bytesOut=179
09-08 01:17:24.719  3095  4307 I ChromePhotosDataPlane: phase=media_shield_ready result=200 bytesOut=211
09-08 01:17:24.764  3095  4307 I ChromePhotosDataPlane: phase=media_shield_ready result=200 bytesOut=198
09-08 01:17:24.871  3095  4307 I ChromePhotosDataPlane: resource=fixture-lease-script origin=fixture_local destination=chrome protocol=http/1.1 method=GET status=200 bytesIn=285 bytesOut=285 decision=passthrough
09-08 01:17:24.878  3095  4310 I ChromePhotosDataPlane: phase=tls_ready correlationId=c12 hostClass=network hostHash=a43675776202b206 clientProtocol=http/1.1 ca=ff56b2f4265f0377
09-08 01:17:24.884  3095  4314 I ChromePhotosDataPlane: phase=worker_ready correlationId=c14 admissionWaitMs=1.008
09-08 01:17:24.892  3095  4315 I ChromePhotosDataPlane: phase=worker_ready correlationId=c15 admissionWaitMs=0.833
09-08 01:17:24.899  3095  4312 I ChromePhotosDataPlane: phase=tls_ready correlationId=c13 hostClass=fixture hostHash=1c728e158a8cddb0 clientProtocol=http/1.1 ca=ff56b2f4265f0377
09-08 01:17:24.927  3095  4315 I ChromePhotosDataPlane: phase=tls_ready correlationId=c15 hostClass=fixture hostHash=1c728e158a8cddb0 clientProtocol=http/1.1 ca=ff56b2f4265f0377
09-08 01:17:24.931  3095  4314 I ChromePhotosDataPlane: phase=tls_ready correlationId=c14 hostClass=network hostHash=a43675776202b206 clientProtocol=http/1.1 ca=ff56b2f4265f0377
09-08 01:17:24.934  3095  4315 I ChromePhotosDataPlane: phase=presentation_ready fixture=visible heartbeat=fresh failSafe=armed
09-08 01:17:26.047  3095  4307 I ChromePhotosDataPlane: resource=ui-svg-report origin=fixture_local destination=chrome protocol=http/1.1 method=POST status=200 bytesIn=8 bytesOut=8 decision=passthrough
09-08 01:17:36.210  3095  4320 I ChromePhotosDataPlane: phase=worker_ready correlationId=c16 admissionWaitMs=3.767
09-08 01:17:36.266  3095  4326 I ChromePhotosDataPlane: phase=worker_ready correlationId=c17 admissionWaitMs=1.141
09-08 01:17:36.274  3095  4327 I ChromePhotosDataPlane: phase=worker_ready correlationId=c18 admissionWaitMs=0.645
09-08 01:17:36.277  3095  4328 I ChromePhotosDataPlane: phase=worker_ready correlationId=c19 admissionWaitMs=0.540
09-08 01:17:36.283  3095  4329 I ChromePhotosDataPlane: phase=worker_ready correlationId=c20 admissionWaitMs=4.625
09-08 01:17:36.763  3095  4320 I ChromePhotosDataPlane: phase=tls_ready correlationId=c16 hostClass=network hostHash=a817ab236a289c0c clientProtocol=http/1.1 ca=ff56b2f4265f0377
09-08 01:17:37.028  3095  4329 I ChromePhotosDataPlane: phase=tls_ready correlationId=c20 hostClass=network hostHash=3e723b591bdb95ce clientProtocol=http/1.1 ca=ff56b2f4265f0377
09-08 01:17:37.209  3095  4320 I ChromePhotosDataPlane: phase=media_shield_document origin=real hostClass=network hostHash=a817ab236a289c0c result=transformed documentSequence=3 navigationSequence=3 token=2449adab025d bytesOut=1019923 upstreamHeadersMs=129.329 documentDecisionMs=201.963 downstreamWriteMs=6.122
09-08 01:17:37.297  3095  4373 I ChromePhotosDataPlane: phase=worker_ready correlationId=c21 admissionWaitMs=1.313
09-08 01:17:37.301  3095  4374 I ChromePhotosDataPlane: phase=worker_ready correlationId=c22 admissionWaitMs=3.157
09-08 01:17:37.340  3095  4320 I ChromePhotosDataPlane: phase=media_shield_ready origin=same_origin result=204 bytesOut=0
09-08 01:17:37.352  3095  4320 I ChromePhotosDataPlane: phase=media_shield_ready origin=same_origin result=204 bytesOut=0
09-08 01:17:37.370  3095  4320 I ChromePhotosDataPlane: phase=media_shield_ready origin=same_origin result=204 bytesOut=0
09-08 01:17:37.435  3095  4328 I ChromePhotosDataPlane: phase=tls_ready correlationId=c19 hostClass=network hostHash=8c8ca01276b5a685 clientProtocol=http/1.1 ca=ff56b2f4265f0377
09-08 01:17:37.463  3095  4378 I ChromePhotosDataPlane: phase=worker_ready correlationId=c23 admissionWaitMs=1.960
09-08 01:17:37.472  3095  4379 I ChromePhotosDataPlane: phase=worker_ready correlationId=c24 admissionWaitMs=7.931
09-08 01:17:37.482  3095  4381 I ChromePhotosDataPlane: phase=worker_ready correlationId=c25 admissionWaitMs=3.652
09-08 01:17:37.486  3095  4382 I ChromePhotosDataPlane: phase=worker_ready correlationId=c26 admissionWaitMs=2.654
09-08 01:17:37.492  3095  4383 I ChromePhotosDataPlane: phase=worker_ready correlationId=c27 admissionWaitMs=1.411
09-08 01:17:37.511  3095  4399 I ChromePhotosDataPlane: phase=worker_ready correlationId=c28 admissionWaitMs=0.503
09-08 01:17:37.524  3095  4407 I ChromePhotosDataPlane: phase=worker_ready correlationId=c29 admissionWaitMs=1.490
09-08 01:17:37.527  3095  4408 I ChromePhotosDataPlane: phase=worker_ready correlationId=c30 admissionWaitMs=1.041
09-08 01:17:37.633  3095  4417 I ChromePhotosDataPlane: phase=worker_ready correlationId=c31 admissionWaitMs=0.582
09-08 01:17:37.648  3095  4418 I ChromePhotosDataPlane: phase=worker_ready correlationId=c32 admissionWaitMs=1.078
09-08 01:17:37.656  3095  4419 I ChromePhotosDataPlane: phase=worker_ready correlationId=c33 admissionWaitMs=1.361
09-08 01:17:37.726  3095  4428 I ChromePhotosDataPlane: phase=worker_ready correlationId=c34 admissionWaitMs=0.862
09-08 01:17:37.806  3095  4434 I ChromePhotosDataPlane: phase=worker_ready correlationId=c35 admissionWaitMs=1.143
09-08 01:17:37.829  3095  4440 I ChromePhotosDataPlane: phase=worker_ready correlationId=c36 admissionWaitMs=0.952
09-08 01:17:37.837  3095  4441 I ChromePhotosDataPlane: phase=worker_ready correlationId=c37 admissionWaitMs=0.875
09-08 01:17:37.839  3095  4442 I ChromePhotosDataPlane: phase=worker_ready correlationId=c38 admissionWaitMs=1.075
09-08 01:17:37.863  3095  4455 I ChromePhotosDataPlane: phase=worker_ready correlationId=c39 admissionWaitMs=0.859
09-08 01:17:37.941  3095  3441 I ChromePhotosDataPlane: phase=fixture_scope_lost action=lease_revoked
09-08 01:17:38.279  3095  4327 I ChromePhotosDataPlane: phase=tls_ready correlationId=c18 hostClass=network hostHash=e1bb38766871feb8 clientProtocol=http/1.1 ca=ff56b2f4265f0377
09-08 01:17:38.529  3095  4326 I ChromePhotosDataPlane: phase=tls_ready correlationId=c17 hostClass=network hostHash=11363e395d87adea clientProtocol=http/1.1 ca=ff56b2f4265f0377
09-08 01:17:38.530  3095  4383 I ChromePhotosDataPlane: phase=tls_ready correlationId=c27 hostClass=network hostHash=e1bb38766871feb8 clientProtocol=http/1.1 ca=ff56b2f4265f0377
09-08 01:17:38.530  3095  4379 I ChromePhotosDataPlane: phase=tls_ready correlationId=c24 hostClass=network hostHash=e1bb38766871feb8 clientProtocol=http/1.1 ca=ff56b2f4265f0377
09-08 01:17:38.543  3095  4373 I ChromePhotosDataPlane: phase=tls_ready correlationId=c21 hostClass=network hostHash=e1bb38766871feb8 clientProtocol=http/1.1 ca=ff56b2f4265f0377
09-08 01:17:38.556  3095  4381 I ChromePhotosDataPlane: phase=tls_ready correlationId=c25 hostClass=network hostHash=e1bb38766871feb8 clientProtocol=http/1.1 ca=ff56b2f4265f0377
09-08 01:17:38.560  3095  4378 I ChromePhotosDataPlane: phase=tls_ready correlationId=c23 hostClass=network hostHash=e1bb38766871feb8 clientProtocol=http/1.1 ca=ff56b2f4265f0377
09-08 01:17:38.560  3095  4374 I ChromePhotosDataPlane: phase=tls_ready correlationId=c22 hostClass=network hostHash=e1bb38766871feb8 clientProtocol=http/1.1 ca=ff56b2f4265f0377
09-08 01:17:38.784  3095  4382 I ChromePhotosDataPlane: phase=tls_ready correlationId=c26 hostClass=network hostHash=191347bfe55d0ca9 clientProtocol=http/1.1 ca=ff56b2f4265f0377
09-08 01:17:38.853  3095  4382 I ChromePhotosDataPlane: origin=real hostClass=network hostHash=191347bfe55d0ca9 method=GET clientProtocol=http/1.1 upstreamProtocol=h2 status=200 contentType=text/javascript bytesOut=1060 transfer=chunked upstreamHeadersMs=56.734 downstreamWriteMs=2.145
09-08 01:17:39.072  3095  4512 I ChromePhotosDataPlane: phase=worker_ready correlationId=c40 admissionWaitMs=1.929
09-08 01:17:39.082  3095  4399 I ChromePhotosDataPlane: phase=tls_ready correlationId=c28 hostClass=network hostHash=b80cc6598e129db1 clientProtocol=http/1.1 ca=ff56b2f4265f0377
09-08 01:17:39.200  3095  4381 I ChromePhotosDataPlane: origin=real hostClass=network hostHash=e1bb38766871feb8 method=GET clientProtocol=http/1.1 upstreamProtocol=h2 status=200 contentType=image/webp bytesIn=22390 bytesOut=22390 cache=miss decision=safe reason=model_allow source=engine probability=0.07228577 basis=None decodeMs=86.343 inferenceMs=347.975 localDecisionMs=443.872  requestToDeliveryMs=642.267 upstreamHeadersMs=107.197 sanitizeMs=530.518 downstreamWriteMs=1.542
09-08 01:17:39.282  3095  4399 I ChromePhotosDataPlane: origin=real hostClass=network hostHash=b80cc6598e129db1 method=GET clientProtocol=http/1.1 upstreamProtocol=h2 status=304 contentType=application/javascript bytesOut=0 transfer=fixed upstreamHeadersMs=196.170 downstreamWriteMs=0.496
09-08 01:17:39.372  3095  4537 I ChromePhotosDataPlane: phase=worker_ready correlationId=c41 admissionWaitMs=3.132
09-08 01:17:39.515  3095  4373 I ChromePhotosDataPlane: origin=real hostClass=network hostHash=e1bb38766871feb8 method=GET clientProtocol=http/1.1 upstreamProtocol=h2 status=200 contentType=image/webp bytesIn=382772 bytesOut=382772 cache=miss decision=safe reason=model_allow source=engine probability=0.026281804 basis=None decodeMs=58.039 inferenceMs=238.521 localDecisionMs=667.507  requestToDeliveryMs=970.060 upstreamHeadersMs=44.301 sanitizeMs=903.122 downstreamWriteMs=19.062
09-08 01:17:39.522  3095  4407 I ChromePhotosDataPlane: phase=tls_ready correlationId=c29 hostClass=network hostHash=9d072a4c12ae89c4 clientProtocol=http/1.1 ca=ff56b2f4265f0377
09-08 01:17:39.540  3095  4408 I ChromePhotosDataPlane: phase=tls_ready correlationId=c30 hostClass=network hostHash=9d072a4c12ae89c4 clientProtocol=http/1.1 ca=ff56b2f4265f0377
09-08 01:17:39.541  3095  4417 I ChromePhotosDataPlane: phase=tls_ready correlationId=c31 hostClass=network hostHash=8c8ca01276b5a685 clientProtocol=http/1.1 ca=ff56b2f4265f0377
09-08 01:17:39.652  3095  4407 I ChromePhotosDataPlane: origin=real hostClass=network hostHash=9d072a4c12ae89c4 method=GET clientProtocol=http/1.1 upstreamProtocol=h2 status=200 contentType=text/javascript bytesOut=115 transfer=chunked upstreamHeadersMs=126.123 downstreamWriteMs=0.930
09-08 01:17:39.664  3095  4408 I ChromePhotosDataPlane: origin=real hostClass=network hostHash=9d072a4c12ae89c4 method=GET clientProtocol=http/1.1 upstreamProtocol=h2 status=200 contentType=application/javascript bytesOut=2373 transfer=chunked upstreamHeadersMs=115.322 downstreamWriteMs=5.224
09-08 01:17:39.774  3095  4374 I ChromePhotosDataPlane: origin=real hostClass=network hostHash=e1bb38766871feb8 method=GET clientProtocol=http/1.1 upstreamProtocol=h2 status=200 contentType=image/webp bytesIn=351576 bytesOut=351576 cache=miss decision=safe reason=model_allow source=engine probability=0.06512773 basis=None decodeMs=34.662 inferenceMs=241.737 localDecisionMs=474.261  requestToDeliveryMs=1212.964 upstreamHeadersMs=106.706 sanitizeMs=1101.313 downstreamWriteMs=2.630
09-08 01:17:39.941  3095  4320 I ChromePhotosDataPlane: origin=real hostClass=network hostHash=a817ab236a289c0c method=POST clientProtocol=http/1.1 upstreamProtocol=h2 status=200 contentType=application/json bytesOut=346 transfer=fixed upstreamHeadersMs=179.248 downstreamWriteMs=1.825
09-08 01:17:40.023  3095  4378 I ChromePhotosDataPlane: origin=real hostClass=network hostHash=e1bb38766871feb8 method=GET clientProtocol=http/1.1 upstreamProtocol=h2 status=200 contentType=image/webp bytesIn=369798 bytesOut=369798 cache=miss decision=safe reason=model_allow source=engine probability=0.14357123 basis=None decodeMs=34.886 inferenceMs=213.408 localDecisionMs=308.675  requestToDeliveryMs=1461.806 upstreamHeadersMs=119.109 sanitizeMs=1338.576 downstreamWriteMs=2.249
09-08 01:17:40.036  3095  4418 I ChromePhotosDataPlane: phase=tls_ready correlationId=c32 hostClass=network hostHash=d84a36a05e56cc9d clientProtocol=http/1.1 ca=ff56b2f4265f0377
09-08 01:17:40.215  3095  4418 I ChromePhotosDataPlane: origin=real hostClass=network hostHash=d84a36a05e56cc9d method=GET clientProtocol=http/1.1 upstreamProtocol=h2 status=200 contentType=application/x-javascript bytesOut=108637 transfer=fixed upstreamHeadersMs=126.719 downstreamWriteMs=47.533
09-08 01:17:40.611  3095  4560 I ChromePhotosDataPlane: phase=worker_ready correlationId=c42 admissionWaitMs=0.580
09-08 01:17:40.618  3095  4419 I ChromePhotosDataPlane: phase=tls_ready correlationId=c33 hostClass=network hostHash=a599aeb3c7c1dfa5 clientProtocol=http/1.1 ca=ff56b2f4265f0377
09-08 01:17:40.652  3095  4570 I ChromePhotosDataPlane: phase=worker_ready correlationId=c43 admissionWaitMs=0.741
09-08 01:17:40.655  3095  4571 I ChromePhotosDataPlane: phase=worker_ready correlationId=c44 admissionWaitMs=1.530
09-08 01:17:40.680  3095  4418 I ChromePhotosDataPlane: origin=real hostClass=network hostHash=d84a36a05e56cc9d method=GET clientProtocol=http/1.1 upstreamProtocol=h2 status=200 contentType=application/x-javascript bytesOut=71415 transfer=fixed upstreamHeadersMs=36.365 downstreamWriteMs=11.675
09-08 01:17:40.734  3095  4583 I ChromePhotosDataPlane: phase=worker_ready correlationId=c45 admissionWaitMs=1.125
09-08 01:17:40.773  3095  4419 I ChromePhotosDataPlane: origin=real hostClass=network hostHash=a599aeb3c7c1dfa5 method=GET clientProtocol=http/1.1 upstreamProtocol=h2 status=304 contentType=application/javascript bytesOut=0 transfer=fixed upstreamHeadersMs=151.338 downstreamWriteMs=0.583
09-08 01:17:40.776  3095  4320 I ChromePhotosDataPlane: origin=real hostClass=network hostHash=a817ab236a289c0c method=GET clientProtocol=http/1.1 upstreamProtocol=h2 status=200 contentType=application/json bytesOut=107 transfer=fixed upstreamHeadersMs=25.789 downstreamWriteMs=1.404
09-08 01:17:40.779  3095  4588 I ChromePhotosDataPlane: phase=worker_ready correlationId=c46 admissionWaitMs=2.935
09-08 01:17:40.783  3095  4590 I ChromePhotosDataPlane: phase=worker_ready correlationId=c48 admissionWaitMs=1.266
09-08 01:17:40.790  3095  4589 I ChromePhotosDataPlane: phase=worker_ready correlationId=c47 admissionWaitMs=11.718
09-08 01:17:40.799  3095  4591 I ChromePhotosDataPlane: phase=worker_ready correlationId=c49 admissionWaitMs=8.926
09-08 01:17:40.823  3095  4320 I ChromePhotosDataPlane: origin=real hostClass=network hostHash=a817ab236a289c0c method=GET clientProtocol=http/1.1 upstreamProtocol=h2 status=200 contentType=application/json bytesOut=71 transfer=fixed upstreamHeadersMs=35.130 downstreamWriteMs=0.592
09-08 01:17:40.898  3095  4428 I ChromePhotosDataPlane: phase=tls_ready correlationId=c34 hostClass=network hostHash=fc1e48f201e43606 clientProtocol=http/1.1 ca=ff56b2f4265f0377
09-08 01:17:40.898  3095  4320 I ChromePhotosDataPlane: origin=real hostClass=network hostHash=a817ab236a289c0c method=GET clientProtocol=http/1.1 upstreamProtocol=h2 status=200 contentType=application/json bytesOut=435 transfer=fixed upstreamHeadersMs=28.577 downstreamWriteMs=0.655
09-08 01:17:40.977  3095  4320 I ChromePhotosDataPlane: origin=real hostClass=network hostHash=a817ab236a289c0c method=GET clientProtocol=http/1.1 upstreamProtocol=h2 status=200 contentType=application/json bytesOut=824 transfer=fixed upstreamHeadersMs=28.592 downstreamWriteMs=0.631
09-08 01:17:41.039  3095  4599 I ChromePhotosDataPlane: phase=worker_ready correlationId=c50 admissionWaitMs=1.388
09-08 01:17:41.042  3095  4600 I ChromePhotosDataPlane: phase=worker_ready correlationId=c51 admissionWaitMs=1.797
09-08 01:17:41.048  3095  4601 I ChromePhotosDataPlane: phase=worker_ready correlationId=c52 admissionWaitMs=3.866
09-08 01:17:41.077  3095  4616 I ChromePhotosDataPlane: phase=worker_ready correlationId=c53 admissionWaitMs=0.527
09-08 01:17:41.100  3095  4621 I ChromePhotosDataPlane: phase=worker_ready correlationId=c54 admissionWaitMs=1.472
09-08 01:17:41.121  3095  4434 I ChromePhotosDataPlane: phase=tls_ready correlationId=c35 hostClass=network hostHash=0f165ff6c05ff65a clientProtocol=http/1.1 ca=ff56b2f4265f0377
09-08 01:17:41.141  3095  4455 I ChromePhotosDataPlane: phase=tls_ready correlationId=c39 hostClass=network hostHash=0f165ff6c05ff65a clientProtocol=http/1.1 ca=ff56b2f4265f0377
09-08 01:17:41.174  3095  4419 I ChromePhotosDataPlane: origin=real hostClass=network hostHash=a599aeb3c7c1dfa5 method=GET clientProtocol=http/1.1 upstreamProtocol=h2 status=200 contentType=application/javascript bytesOut=190804 transfer=fixed upstreamHeadersMs=48.720 downstreamWriteMs=73.800
09-08 01:17:41.271  3095  4320 I ChromePhotosDataPlane: origin=real hostClass=network hostHash=a817ab236a289c0c method=POST clientProtocol=http/1.1 upstreamProtocol=h2 status=200 contentType=application/json bytesOut=912 transfer=fixed upstreamHeadersMs=239.666 downstreamWriteMs=1.917
09-08 01:17:41.297  3095  4382 I ChromePhotosDataPlane: origin=real hostClass=network hostHash=191347bfe55d0ca9 method=POST clientProtocol=http/1.1 upstreamProtocol=h2 status=200 contentType=text/plain bytesOut=0 transfer=fixed upstreamHeadersMs=191.871 downstreamWriteMs=1.677
09-08 01:17:41.340  3095  4320 I ChromePhotosDataPlane: origin=real hostClass=network hostHash=a817ab236a289c0c method=GET clientProtocol=http/1.1 upstreamProtocol=h2 status=200 contentType=text/javascript bytesOut=408 transfer=chunked upstreamHeadersMs=18.755 downstreamWriteMs=1.808
09-08 01:17:41.357  3095  4639 I ChromePhotosDataPlane: phase=worker_ready correlationId=c55 admissionWaitMs=5.313
09-08 01:17:41.429  3095  4640 I ChromePhotosDataPlane: phase=worker_ready correlationId=c56 admissionWaitMs=2.470
09-08 01:17:41.437  3095  4642 I ChromePhotosDataPlane: phase=worker_ready correlationId=c57 admissionWaitMs=1.615
09-08 01:17:41.473  3095  4455 I ChromePhotosDataPlane: origin=real hostClass=network hostHash=0f165ff6c05ff65a method=OPTIONS clientProtocol=http/1.1 upstreamProtocol=h2 status=200 contentType= bytesOut=0 transfer=fixed upstreamHeadersMs=329.533 downstreamWriteMs=0.519
09-08 01:17:41.474  3095  4434 I ChromePhotosDataPlane: origin=real hostClass=network hostHash=0f165ff6c05ff65a method=OPTIONS clientProtocol=http/1.1 upstreamProtocol=h2 status=200 contentType= bytesOut=0 transfer=fixed upstreamHeadersMs=348.123 downstreamWriteMs=0.921
09-08 01:17:41.477  3095  4419 I ChromePhotosDataPlane: origin=real hostClass=network hostHash=a599aeb3c7c1dfa5 method=GET clientProtocol=http/1.1 upstreamProtocol=h2 status=200 contentType=application/javascript bytesOut=162471 transfer=fixed upstreamHeadersMs=43.309 downstreamWriteMs=78.135
09-08 01:17:41.483  3095  4652 I ChromePhotosDataPlane: phase=worker_ready correlationId=c58 admissionWaitMs=1.972
09-08 01:17:41.494  3095  4653 I ChromePhotosDataPlane: phase=worker_ready correlationId=c59 admissionWaitMs=4.386
09-08 01:17:41.594  3095  4440 I ChromePhotosDataPlane: phase=tls_ready correlationId=c36 hostClass=network hostHash=6e158e80db65e59b clientProtocol=http/1.1 ca=ff56b2f4265f0377
09-08 01:17:41.621  3095  4419 I ChromePhotosDataPlane: origin=real hostClass=network hostHash=a599aeb3c7c1dfa5 method=GET clientProtocol=http/1.1 upstreamProtocol=h2 status=200 contentType=application/javascript bytesOut=187325 transfer=fixed upstreamHeadersMs=48.558 downstreamWriteMs=63.183
09-08 01:17:41.631  3095  4659 I ChromePhotosDataPlane: phase=worker_ready correlationId=c60 admissionWaitMs=1.651
09-08 01:17:41.699  3095  4455 I ChromePhotosDataPlane: origin=real hostClass=network hostHash=0f165ff6c05ff65a method=OPTIONS clientProtocol=http/1.1 upstreamProtocol=h2 status=200 contentType= bytesOut=0 transfer=fixed upstreamHeadersMs=202.467 downstreamWriteMs=1.551
09-08 01:17:41.701  3095  4434 I ChromePhotosDataPlane: origin=real hostClass=network hostHash=0f165ff6c05ff65a method=OPTIONS clientProtocol=http/1.1 upstreamProtocol=h2 status=200 contentType= bytesOut=0 transfer=fixed upstreamHeadersMs=190.635 downstreamWriteMs=2.941
09-08 01:17:41.714  3095  4320 I ChromePhotosDataPlane: origin=real hostClass=network hostHash=a817ab236a289c0c method=GET clientProtocol=http/1.1 upstreamProtocol=h2 status=200 contentType=application/json bytesOut=73 transfer=fixed upstreamHeadersMs=34.140 downstreamWriteMs=4.828
09-08 01:17:41.720  3095  4661 I ChromePhotosDataPlane: phase=worker_ready correlationId=c61 admissionWaitMs=2.449
09-08 01:17:41.825  3095  4662 I ChromePhotosDataPlane: phase=worker_ready correlationId=c62 admissionWaitMs=1.363
09-08 01:17:41.835  3095  4428 I ChromePhotosDataPlane: origin=real hostClass=network hostHash=fc1e48f201e43606 method=POST clientProtocol=http/1.1 upstreamProtocol=h2 status=200 contentType=application/json bytesOut=0 transfer=fixed upstreamHeadersMs=931.317 downstreamWriteMs=1.613
09-08 01:17:41.863  3095  4663 I ChromePhotosDataPlane: phase=worker_ready correlationId=c63 admissionWaitMs=1.825
09-08 01:17:41.915  3095  4434 I ChromePhotosDataPlane: origin=real hostClass=network hostHash=0f165ff6c05ff65a method=POST clientProtocol=http/1.1 upstreamProtocol=h2 status=202 contentType=application/json bytesOut=21 transfer=fixed upstreamHeadersMs=195.948 downstreamWriteMs=1.758
09-08 01:17:41.919  3095  4440 I ChromePhotosDataPlane: origin=real hostClass=network hostHash=6e158e80db65e59b method=OPTIONS clientProtocol=http/1.1 upstreamProtocol=h2 status=200 contentType= bytesOut=0 transfer=fixed upstreamHeadersMs=318.827 downstreamWriteMs=1.021
09-08 01:17:41.920  3095  4455 I ChromePhotosDataPlane: origin=real hostClass=network hostHash=0f165ff6c05ff65a method=POST clientProtocol=http/1.1 upstreamProtocol=h2 status=202 contentType=application/json bytesOut=21 transfer=fixed upstreamHeadersMs=203.592 downstreamWriteMs=0.564
09-08 01:17:42.005  3095  4668 I ChromePhotosDataPlane: phase=worker_ready correlationId=c64 admissionWaitMs=0.762
09-08 01:17:42.047  3095  4320 I ChromePhotosDataPlane: origin=real hostClass=network hostHash=a817ab236a289c0c method=GET clientProtocol=http/1.1 upstreamProtocol=h2 status=200 contentType=application/json bytesOut=22 transfer=fixed upstreamHeadersMs=27.501 downstreamWriteMs=1.766
09-08 01:17:42.088  3095  4320 I ChromePhotosDataPlane: origin=real hostClass=network hostHash=a817ab236a289c0c method=GET clientProtocol=http/1.1 upstreamProtocol=h2 status=200 contentType=application/json bytesOut=22 transfer=fixed upstreamHeadersMs=32.566 downstreamWriteMs=0.724
09-08 01:17:42.102  3095  4441 I ChromePhotosDataPlane: phase=tls_ready correlationId=c37 hostClass=network hostHash=7df7caa0a5579e01 clientProtocol=http/1.1 ca=ff56b2f4265f0377
09-08 01:17:42.123  3095  4440 I ChromePhotosDataPlane: origin=real hostClass=network hostHash=6e158e80db65e59b method=POST clientProtocol=http/1.1 upstreamProtocol=h2 status=200 contentType=text/plain bytesOut=2 transfer=fixed upstreamHeadersMs=185.662 downstreamWriteMs=1.386
09-08 01:17:42.143  3095  4434 I ChromePhotosDataPlane: origin=real hostClass=network hostHash=0f165ff6c05ff65a method=POST clientProtocol=http/1.1 upstreamProtocol=h2 status=202 contentType=application/json bytesOut=21 transfer=fixed upstreamHeadersMs=183.181 downstreamWriteMs=0.653
09-08 01:17:42.152  3095  4148 I ChromePhotosDataPlane: phase=worker_ready correlationId=c65 admissionWaitMs=0.473
09-08 01:17:42.159  3095  4320 I ChromePhotosDataPlane: origin=real hostClass=network hostHash=a817ab236a289c0c method=GET clientProtocol=http/1.1 upstreamProtocol=h2 status=200 contentType=application/json bytesOut=5017 transfer=fixed upstreamHeadersMs=24.747 downstreamWriteMs=0.597
09-08 01:17:42.176  3095  4192 I ChromePhotosDataPlane: phase=worker_ready correlationId=c66 admissionWaitMs=0.677
09-08 01:17:42.197  3095  4164 I ChromePhotosDataPlane: phase=worker_ready correlationId=c67 admissionWaitMs=0.251
09-08 01:17:42.230  3095  4455 I ChromePhotosDataPlane: origin=real hostClass=network hostHash=0f165ff6c05ff65a method=POST clientProtocol=http/1.1 upstreamProtocol=h2 status=202 contentType=application/json bytesOut=21 transfer=fixed upstreamHeadersMs=265.877 downstreamWriteMs=1.211
09-08 01:17:42.233  3095  4329 I ChromePhotosDataPlane: origin=real hostClass=network hostHash=3e723b591bdb95ce method=GET clientProtocol=http/1.1 upstreamProtocol=h2 status=200 contentType=image/png bytesIn=0 bytesOut=6303 cache=miss decision=unknown reason=image_format_unknown source=error probability=-1.0 basis=none decodeMs=0.000 inferenceMs=0.000 localDecisionMs=0.000  requestToDeliveryMs=139.747 upstreamHeadersMs=135.518 sanitizeMs=1.291 downstreamWriteMs=0.866
09-08 01:17:42.236  3095  4320 I ChromePhotosDataPlane: origin=real hostClass=network hostHash=a817ab236a289c0c method=GET clientProtocol=http/1.1 upstreamProtocol=h2 status=200 contentType=application/json bytesOut=22 transfer=fixed upstreamHeadersMs=26.416 downstreamWriteMs=0.591
09-08 01:17:42.250  3095  4165 I ChromePhotosDataPlane: phase=worker_ready correlationId=c68 admissionWaitMs=0.406
09-08 01:17:42.262  3095  4213 I ChromePhotosDataPlane: phase=worker_ready correlationId=c69 admissionWaitMs=0.298
09-08 01:17:42.377  3095  4434 I ChromePhotosDataPlane: origin=real hostClass=network hostHash=0f165ff6c05ff65a method=POST clientProtocol=http/1.1 upstreamProtocol=h2 status=202 contentType=application/json bytesOut=21 transfer=fixed upstreamHeadersMs=186.795 downstreamWriteMs=1.625
09-08 01:17:42.471  3095  4320 I ChromePhotosDataPlane: origin=real hostClass=network hostHash=a817ab236a289c0c method=POST clientProtocol=http/1.1 upstreamProtocol=h2 status=202 contentType=text/plain bytesOut=8 transfer=fixed upstreamHeadersMs=173.566 downstreamWriteMs=1.240
09-08 01:17:42.486  3095  4442 I ChromePhotosDataPlane: phase=tls_ready correlationId=c38 hostClass=network hostHash=cc6d3a91ec6770df clientProtocol=http/1.1 ca=ff56b2f4265f0377
09-08 01:17:42.602  3095  4442 I ChromePhotosDataPlane: origin=real hostClass=network hostHash=cc6d3a91ec6770df method=GET clientProtocol=http/1.1 upstreamProtocol=h2 status=304 contentType= bytesOut=0 transfer=fixed upstreamHeadersMs=111.118 downstreamWriteMs=1.073
09-08 01:17:42.671  3095  4320 I ChromePhotosDataPlane: phase=media_shield_ready origin=same_origin result=200 bytesOut=1461
09-08 01:17:42.726  3095  4233 I ChromePhotosDataPlane: phase=worker_ready correlationId=c70 admissionWaitMs=0.183
09-08 01:17:42.791  3095  4512 I ChromePhotosDataPlane: phase=tls_ready correlationId=c40 hostClass=network hostHash=191347bfe55d0ca9 clientProtocol=http/1.1 ca=ff56b2f4265f0377
09-08 01:17:42.812  3095  4268 I ChromePhotosDataPlane: phase=worker_ready correlationId=c71 admissionWaitMs=0.662
09-08 01:17:43.068  3095  4512 I ChromePhotosDataPlane: phase=media_shield_document origin=real hostClass=network hostHash=191347bfe55d0ca9 result=transformed documentSequence=4 navigationSequence=3 token=01152e6cfa0d bytesOut=166972 upstreamHeadersMs=179.823 documentDecisionMs=52.657 downstreamWriteMs=1.398
09-08 01:17:43.109  3095  4537 I ChromePhotosDataPlane: phase=tls_ready correlationId=c41 hostClass=network hostHash=abf8fbf760ef2a86 clientProtocol=http/1.1 ca=ff56b2f4265f0377
09-08 01:17:43.143  3095  4269 I ChromePhotosDataPlane: phase=worker_ready correlationId=c72 admissionWaitMs=2.733
09-08 01:17:43.144  3095  4282 I ChromePhotosDataPlane: phase=worker_ready correlationId=c73 admissionWaitMs=2.254
09-08 01:17:43.249  3095  4512 I ChromePhotosDataPlane: phase=media_shield_document origin=real hostClass=network hostHash=191347bfe55d0ca9 result=transformed documentSequence=5 navigationSequence=3 token=e9215937bb74 bytesOut=167157 upstreamHeadersMs=64.500 documentDecisionMs=35.938 downstreamWriteMs=1.388
09-08 01:17:43.280  3095  4382 I ChromePhotosDataPlane: phase=worker_ready correlationId=c74 admissionWaitMs=0.296
09-08 01:17:43.287  3095  4428 I ChromePhotosDataPlane: phase=worker_ready correlationId=c75 admissionWaitMs=0.200
09-08 01:17:43.377  3095  4571 I ChromePhotosDataPlane: phase=tls_ready correlationId=c44 hostClass=network hostHash=0f165ff6c05ff65a clientProtocol=http/1.1 ca=ff56b2f4265f0377
09-08 01:17:43.377  3095  4560 I ChromePhotosDataPlane: phase=tls_ready correlationId=c42 hostClass=network hostHash=100d2a11512096b7 clientProtocol=http/1.1 ca=ff56b2f4265f0377
09-08 01:17:43.388  3095  4570 I ChromePhotosDataPlane: phase=tls_ready correlationId=c43 hostClass=network hostHash=0f165ff6c05ff65a clientProtocol=http/1.1 ca=ff56b2f4265f0377
09-08 01:17:43.431  3095  4537 I ChromePhotosDataPlane: origin=real hostClass=network hostHash=abf8fbf760ef2a86 method=GET clientProtocol=http/1.1 upstreamProtocol=h2 status=200 contentType=image/png bytesIn=0 bytesOut=6303 cache=miss decision=unknown reason=encoded_image_unsupported source=error probability=-1.0 basis=none decodeMs=0.000 inferenceMs=0.000 localDecisionMs=0.000  requestToDeliveryMs=320.592 upstreamHeadersMs=315.892 sanitizeMs=0.374 downstreamWriteMs=1.545
09-08 01:17:43.556  3095  4583 I ChromePhotosDataPlane: phase=tls_ready correlationId=c45 hostClass=network hostHash=a817ab236a289c0c clientProtocol=http/1.1 ca=ff56b2f4265f0377
09-08 01:17:43.560  3095  4591 I ChromePhotosDataPlane: phase=tls_ready correlationId=c49 hostClass=network hostHash=a817ab236a289c0c clientProtocol=http/1.1 ca=ff56b2f4265f0377
09-08 01:17:43.567  3095  4590 I ChromePhotosDataPlane: phase=tls_ready correlationId=c48 hostClass=network hostHash=a817ab236a289c0c clientProtocol=http/1.1 ca=ff56b2f4265f0377
09-08 01:17:43.578  3095  4588 I ChromePhotosDataPlane: phase=tls_ready correlationId=c46 hostClass=network hostHash=a817ab236a289c0c clientProtocol=http/1.1 ca=ff56b2f4265f0377
09-08 01:17:43.585  3095  4589 I ChromePhotosDataPlane: phase=tls_ready correlationId=c47 hostClass=network hostHash=a817ab236a289c0c clientProtocol=http/1.1 ca=ff56b2f4265f0377
09-08 01:17:43.680  3095  4537 I ChromePhotosDataPlane: origin=real hostClass=network hostHash=abf8fbf760ef2a86 method=GET clientProtocol=http/1.1 upstreamProtocol=h2 status=200 contentType=image/png bytesIn=0 bytesOut=6303 cache=miss decision=unknown reason=encoded_image_unsupported source=error probability=-1.0 basis=none decodeMs=0.000 inferenceMs=0.000 localDecisionMs=0.000  requestToDeliveryMs=210.925 upstreamHeadersMs=209.490 sanitizeMs=0.074 downstreamWriteMs=0.416
09-08 01:17:43.955  3095  4537 I ChromePhotosDataPlane: origin=real hostClass=network hostHash=abf8fbf760ef2a86 method=GET clientProtocol=http/1.1 upstreamProtocol=h2 status=200 contentType=image/png bytesIn=0 bytesOut=6303 cache=miss decision=unknown reason=encoded_image_unsupported source=error probability=-1.0 basis=none decodeMs=0.000 inferenceMs=0.000 localDecisionMs=0.000  requestToDeliveryMs=215.690 upstreamHeadersMs=208.966 sanitizeMs=0.371 downstreamWriteMs=1.589
09-08 01:17:44.016  3095  4600 I ChromePhotosDataPlane: phase=tls_ready correlationId=c51 hostClass=network hostHash=4dce8d0b280a268f clientProtocol=http/1.1 ca=ff56b2f4265f0377
09-08 01:17:44.243  3095  4601 I ChromePhotosDataPlane: phase=tls_ready correlationId=c52 hostClass=network hostHash=e2dd3580aeebec64 clientProtocol=http/1.1 ca=ff56b2f4265f0377
09-08 01:17:44.251  3095  4537 I ChromePhotosDataPlane: origin=real hostClass=network hostHash=abf8fbf760ef2a86 method=GET clientProtocol=http/1.1 upstreamProtocol=h2 status=200 contentType=image/png bytesIn=0 bytesOut=6303 cache=miss decision=unknown reason=encoded_image_unsupported source=error probability=-1.0 basis=none decodeMs=0.000 inferenceMs=0.000 localDecisionMs=0.000  requestToDeliveryMs=235.703 upstreamHeadersMs=223.678 sanitizeMs=0.454 downstreamWriteMs=1.234
09-08 01:17:44.298  3095  4560 I ChromePhotosDataPlane: origin=real hostClass=network hostHash=100d2a11512096b7 method=OPTIONS clientProtocol=http/1.1 upstreamProtocol=h2 status=204 contentType= bytesOut=0 transfer=fixed upstreamHeadersMs=916.723 downstreamWriteMs=1.112
09-08 01:17:44.396  3095  4601 I ChromePhotosDataPlane: origin=real hostClass=network hostHash=e2dd3580aeebec64 method=GET clientProtocol=http/1.1 upstreamProtocol=h2 status=302 contentType= bytesIn=0 bytesOut=0 cache=miss decision=passthrough  requestToDeliveryMs=144.666 upstreamHeadersMs=139.245 sanitizeMs=0.589 downstreamWriteMs=1.520
09-08 01:17:44.431  3095  4599 I ChromePhotosDataPlane: phase=tls_ready correlationId=c50 hostClass=network hostHash=a2a6d789aa872a52 clientProtocol=http/1.1 ca=ff56b2f4265f0377
09-08 01:17:44.541  3095  4537 I ChromePhotosDataPlane: origin=real hostClass=network hostHash=abf8fbf760ef2a86 method=GET clientProtocol=http/1.1 upstreamProtocol=h2 status=200 contentType=image/png bytesIn=0 bytesOut=6303 cache=miss decision=unknown reason=encoded_image_unsupported source=error probability=-1.0 basis=none decodeMs=0.000 inferenceMs=0.000 localDecisionMs=0.000  requestToDeliveryMs=246.577 upstreamHeadersMs=235.001 sanitizeMs=0.408 downstreamWriteMs=2.061
09-08 01:17:44.549  3095  4599 I ChromePhotosDataPlane: origin=real hostClass=network hostHash=a2a6d789aa872a52 method=GET clientProtocol=http/1.1 upstreamProtocol=h2 status=200 contentType=application/javascript bytesOut=5823 transfer=chunked upstreamHeadersMs=109.556 downstreamWriteMs=3.316
09-08 01:17:44.652  3095  4306 I ChromePhotosDataPlane: phase=worker_ready correlationId=c76 admissionWaitMs=1221.825
09-08 01:17:44.671  3095  4600 I ChromePhotosDataPlane: phase=media_shield_document origin=real hostClass=network hostHash=4dce8d0b280a268f result=fail_closed reason=document_status_204 bytesOut=41 upstreamHeadersMs=652.059 documentDecisionMs=0.252 downstreamWriteMs=0.555
09-08 01:17:44.790  3095  4616 I ChromePhotosDataPlane: phase=tls_ready correlationId=c53 hostClass=network hostHash=f5594fab1b035ec0 clientProtocol=http/1.1 ca=ff56b2f4265f0377
09-08 01:17:44.920  3095  4312 I ChromePhotosDataPlane: phase=worker_ready correlationId=c77 admissionWaitMs=605.419
09-08 01:17:44.955  3095  4314 I ChromePhotosDataPlane: phase=worker_ready correlationId=c78 admissionWaitMs=276.705
09-08 01:17:45.030  3095  4310 I ChromePhotosDataPlane: phase=worker_ready correlationId=c79 admissionWaitMs=304.210
09-08 01:17:45.051  3095  4600 I ChromePhotosDataPlane: phase=media_shield_document origin=real hostClass=network hostHash=4dce8d0b280a268f result=fail_closed reason=document_status_204 bytesOut=41 upstreamHeadersMs=335.340 documentDecisionMs=0.164 downstreamWriteMs=1.188
09-08 01:17:45.106  3095  4616 I ChromePhotosDataPlane: origin=real hostClass=network hostHash=f5594fab1b035ec0 method=GET clientProtocol=http/1.1 upstreamProtocol=h2 status=200 contentType=application/javascript bytesOut=2457 transfer=fixed upstreamHeadersMs=312.677 downstreamWriteMs=0.619
09-08 01:17:45.142  3095  4621 I ChromePhotosDataPlane: phase=tls_ready correlationId=c54 hostClass=network hostHash=ee8cdc867bba487e clientProtocol=http/1.1 ca=ff56b2f4265f0377
09-08 01:17:45.305  3095  4621 I ChromePhotosDataPlane: origin=real hostClass=network hostHash=ee8cdc867bba487e method=POST clientProtocol=http/1.1 upstreamProtocol=h2 status=204 contentType=text/html bytesOut=0 transfer=fixed upstreamHeadersMs=158.136 downstreamWriteMs=0.982
09-08 01:17:45.342  3095  4621 I ChromePhotosDataPlane: phase=worker_ready correlationId=c80 admissionWaitMs=0.628
09-08 01:17:45.657  3095  4616 I ChromePhotosDataPlane: origin=real hostClass=network hostHash=f5594fab1b035ec0 method=POST clientProtocol=http/1.1 upstreamProtocol=h2 status=200 contentType= bytesOut=0 transfer=fixed upstreamHeadersMs=280.548 downstreamWriteMs=1.681
09-08 01:17:45.952  3095  4639 I ChromePhotosDataPlane: phase=tls_ready correlationId=c55 hostClass=network hostHash=a599aeb3c7c1dfa5 clientProtocol=http/1.1 ca=ff56b2f4265f0377
09-08 01:17:46.069  3095  4307 I ChromePhotosDataPlane: phase=worker_ready correlationId=c81 admissionWaitMs=700.761
09-08 01:17:46.161  3095  4616 I ChromePhotosDataPlane: origin=real hostClass=network hostHash=f5594fab1b035ec0 method=POST clientProtocol=http/1.1 upstreamProtocol=h2 status=200 contentType= bytesOut=0 transfer=fixed upstreamHeadersMs=488.077 downstreamWriteMs=1.906
09-08 01:17:46.462  3095  4616 I ChromePhotosDataPlane: origin=real hostClass=network hostHash=f5594fab1b035ec0 method=POST clientProtocol=http/1.1 upstreamProtocol=h2 status=200 contentType= bytesOut=0 transfer=fixed upstreamHeadersMs=281.629 downstreamWriteMs=1.295
09-08 01:17:46.526  3095  4642 I ChromePhotosDataPlane: phase=tls_ready correlationId=c57 hostClass=network hostHash=7ffe8698ca81d914 clientProtocol=http/1.1 ca=ff56b2f4265f0377
09-08 01:17:46.709  3095  4642 I ChromePhotosDataPlane: origin=real hostClass=network hostHash=7ffe8698ca81d914 method=GET clientProtocol=http/1.1 upstreamProtocol=h2 status=200 contentType=image/png bytesIn=42 bytesOut=6303 cache=miss decision=unknown reason=unsupported_gif source=error probability=-1.0 basis=none decodeMs=0.000 inferenceMs=0.000 localDecisionMs=0.000  requestToDeliveryMs=178.717 upstreamHeadersMs=174.804 sanitizeMs=1.045 downstreamWriteMs=0.873
09-08 01:17:46.843  3095  4640 I ChromePhotosDataPlane: phase=tls_ready correlationId=c56 hostClass=network hostHash=505bd18b6650e44b clientProtocol=http/1.1 ca=ff56b2f4265f0377
09-08 01:17:47.009  3095  4640 I ChromePhotosDataPlane: origin=real hostClass=network hostHash=505bd18b6650e44b method=POST clientProtocol=http/1.1 upstreamProtocol=h2 status=204 contentType=text/plain bytesOut=0 transfer=fixed upstreamHeadersMs=159.212 downstreamWriteMs=1.360
09-08 01:17:47.015  3095  4640 I ChromePhotosDataPlane: phase=worker_ready correlationId=c82 admissionWaitMs=1398.691
09-08 01:17:47.241  3095  4652 I ChromePhotosDataPlane: phase=tls_ready correlationId=c58 hostClass=network hostHash=0f165ff6c05ff65a clientProtocol=http/1.1 ca=ff56b2f4265f0377
09-08 01:17:47.264  3095  4653 I ChromePhotosDataPlane: phase=tls_ready correlationId=c59 hostClass=network hostHash=0f165ff6c05ff65a clientProtocol=http/1.1 ca=ff56b2f4265f0377
09-08 01:17:47.684  3095  4659 I ChromePhotosDataPlane: phase=tls_ready correlationId=c60 hostClass=network hostHash=191347bfe55d0ca9 clientProtocol=http/1.1 ca=ff56b2f4265f0377
09-08 01:17:47.706  3095  4661 I ChromePhotosDataPlane: phase=tls_ready correlationId=c61 hostClass=network hostHash=191347bfe55d0ca9 clientProtocol=http/1.1 ca=ff56b2f4265f0377
09-08 01:17:47.707  3095  4662 I ChromePhotosDataPlane: phase=tls_ready correlationId=c62 hostClass=network hostHash=191347bfe55d0ca9 clientProtocol=http/1.1 ca=ff56b2f4265f0377
09-08 01:17:47.850  3095  4663 I ChromePhotosDataPlane: phase=tls_ready correlationId=c63 hostClass=network hostHash=abf8fbf760ef2a86 clientProtocol=http/1.1 ca=ff56b2f4265f0377
09-08 01:17:47.889  3095  4378 I ChromePhotosDataPlane: origin=real hostClass=network hostHash=e1bb38766871feb8 method=GET clientProtocol=http/1.1 upstreamProtocol=h2 status=200 contentType=image/webp bytesIn=579250 bytesOut=579250 cache=miss decision=safe reason=model_allow source=engine probability=0.0022100806 basis=None decodeMs=40.892 inferenceMs=131.132 localDecisionMs=173.397  requestToDeliveryMs=542.898 upstreamHeadersMs=143.816 sanitizeMs=392.671 downstreamWriteMs=3.846
09-08 01:17:47.899  3095  4662 I ChromePhotosDataPlane: origin=real hostClass=network hostHash=191347bfe55d0ca9 method=POST clientProtocol=http/1.1 upstreamProtocol=h2 status=200 contentType=text/plain bytesOut=0 transfer=fixed upstreamHeadersMs=180.637 downstreamWriteMs=2.459
09-08 01:17:47.904  3095  4659 I ChromePhotosDataPlane: origin=real hostClass=network hostHash=191347bfe55d0ca9 method=POST clientProtocol=http/1.1 upstreamProtocol=h2 status=200 contentType=text/plain bytesOut=0 transfer=fixed upstreamHeadersMs=206.518 downstreamWriteMs=2.349
09-08 01:17:48.038  3095  4668 I ChromePhotosDataPlane: phase=tls_ready correlationId=c64 hostClass=network hostHash=38b36076ca933259 clientProtocol=http/1.1 ca=ff56b2f4265f0377
09-08 01:17:48.301  3095  4668 I ChromePhotosDataPlane: origin=real hostClass=network hostHash=38b36076ca933259 method=GET clientProtocol=http/1.1 upstreamProtocol=http/1.1 status=200 contentType=application/x-javascript bytesOut=586 transfer=fixed upstreamHeadersMs=257.537 downstreamWriteMs=1.829
09-08 01:17:48.381  3095  4148 I ChromePhotosDataPlane: phase=tls_ready correlationId=c65 hostClass=network hostHash=4dce8d0b280a268f clientProtocol=http/1.1 ca=ff56b2f4265f0377
09-08 01:17:48.401  3095  4164 I ChromePhotosDataPlane: phase=tls_ready correlationId=c67 hostClass=network hostHash=abf8fbf760ef2a86 clientProtocol=http/1.1 ca=ff56b2f4265f0377
09-08 01:17:48.491  3095  4662 I ChromePhotosDataPlane: phase=worker_ready correlationId=c83 admissionWaitMs=0.530
09-08 01:17:48.935  3095  4192 I ChromePhotosDataPlane: phase=tls_ready correlationId=c66 hostClass=network hostHash=b5c4d3f9fde897ed clientProtocol=http/1.1 ca=ff56b2f4265f0377
09-08 01:17:49.304  3095  4165 I ChromePhotosDataPlane: phase=tls_ready correlationId=c68 hostClass=network hostHash=acb222ec7473b00e clientProtocol=http/1.1 ca=ff56b2f4265f0377
09-08 01:17:49.524  3095  4213 I ChromePhotosDataPlane: phase=tls_ready correlationId=c69 hostClass=network hostHash=4172597e1d9e2600 clientProtocol=http/1.1 ca=ff56b2f4265f0377
09-08 01:17:49.822  3095  4233 I ChromePhotosDataPlane: phase=tls_ready correlationId=c70 hostClass=network hostHash=2a933d2460faea37 clientProtocol=http/1.1 ca=ff56b2f4265f0377
09-08 01:17:49.841  3095  4268 I ChromePhotosDataPlane: phase=tls_ready correlationId=c71 hostClass=network hostHash=abf8fbf760ef2a86 clientProtocol=http/1.1 ca=ff56b2f4265f0377
09-08 01:17:49.910  3095  4192 I ChromePhotosDataPlane: origin=real hostClass=network hostHash=b5c4d3f9fde897ed method=OPTIONS clientProtocol=http/1.1 upstreamProtocol=h2 status=200 contentType=application/json bytesOut=0 transfer=fixed upstreamHeadersMs=970.447 downstreamWriteMs=1.146
09-08 01:17:49.935  3095  4233 I ChromePhotosDataPlane: origin=real hostClass=network hostHash=2a933d2460faea37 method=GET clientProtocol=http/1.1 upstreamProtocol=h2 status=302 contentType= bytesIn=0 bytesOut=0 cache=miss decision=passthrough  requestToDeliveryMs=111.913 upstreamHeadersMs=110.600 sanitizeMs=0.206 downstreamWriteMs=0.270
09-08 01:17:49.947  3095  4659 I ChromePhotosDataPlane: phase=worker_ready correlationId=c84 admissionWaitMs=0.268
09-08 01:17:50.114  3095  4306 I ChromePhotosDataPlane: phase=tls_ready correlationId=c76 hostClass=network hostHash=abf8fbf760ef2a86 clientProtocol=http/1.1 ca=ff56b2f4265f0377
09-08 01:17:50.114  3095  4269 I ChromePhotosDataPlane: phase=tls_ready correlationId=c72 hostClass=network hostHash=80255870a6218fe0 clientProtocol=http/1.1 ca=ff56b2f4265f0377
09-08 01:17:50.115  3095  4382 I ChromePhotosDataPlane: phase=tls_ready correlationId=c74 hostClass=network hostHash=80255870a6218fe0 clientProtocol=http/1.1 ca=ff56b2f4265f0377
09-08 01:17:50.116  3095  4428 I ChromePhotosDataPlane: phase=tls_ready correlationId=c75 hostClass=network hostHash=80255870a6218fe0 clientProtocol=http/1.1 ca=ff56b2f4265f0377
09-08 01:17:50.131  3095  4282 I ChromePhotosDataPlane: phase=tls_ready correlationId=c73 hostClass=network hostHash=80255870a6218fe0 clientProtocol=http/1.1 ca=ff56b2f4265f0377
09-08 01:17:50.139  3095  4192 I ChromePhotosDataPlane: origin=real hostClass=network hostHash=b5c4d3f9fde897ed method=POST clientProtocol=http/1.1 upstreamProtocol=h2 status=200 contentType=application/json bytesOut=0 transfer=fixed upstreamHeadersMs=223.207 downstreamWriteMs=0.684
09-08 01:17:50.242  3095  4213 I ChromePhotosDataPlane: origin=real hostClass=network hostHash=4172597e1d9e2600 method=OPTIONS clientProtocol=http/1.1 upstreamProtocol=h2 status=200 contentType= bytesOut=0 transfer=fixed upstreamHeadersMs=714.677 downstreamWriteMs=0.904
09-08 01:17:50.400  3095  4382 I ChromePhotosDataPlane: origin=real hostClass=network hostHash=80255870a6218fe0 method=GET clientProtocol=http/1.1 upstreamProtocol=h2 status=200 contentType=text/javascript bytesOut=354184 transfer=fixed upstreamHeadersMs=166.686 downstreamWriteMs=114.527
09-08 01:17:50.434  3095  4282 I ChromePhotosDataPlane: origin=real hostClass=network hostHash=80255870a6218fe0 method=GET clientProtocol=http/1.1 upstreamProtocol=h2 status=200 contentType=text/javascript bytesOut=354184 transfer=fixed upstreamHeadersMs=276.120 downstreamWriteMs=24.628
09-08 01:17:50.564  3095  4312 I ChromePhotosDataPlane: phase=tls_ready correlationId=c77 hostClass=network hostHash=100d2a11512096b7 clientProtocol=http/1.1 ca=ff56b2f4265f0377
09-08 01:17:50.860  3095  4314 I ChromePhotosDataPlane: phase=tls_ready correlationId=c78 hostClass=network hostHash=7821c0806d01242c clientProtocol=http/1.1 ca=ff56b2f4265f0377
09-08 01:17:51.172  3095  4314 I ChromePhotosDataPlane: origin=real hostClass=network hostHash=7821c0806d01242c method=GET clientProtocol=http/1.1 upstreamProtocol=h2 status=204 contentType= bytesOut=0 transfer=fixed upstreamHeadersMs=309.156 downstreamWriteMs=0.330
09-08 01:17:51.219  3095  4310 I ChromePhotosDataPlane: phase=tls_ready correlationId=c79 hostClass=network hostHash=a817ab236a289c0c clientProtocol=http/1.1 ca=ff56b2f4265f0377
09-08 01:17:51.422  3095  4621 I ChromePhotosDataPlane: phase=tls_ready correlationId=c80 hostClass=network hostHash=0843c9b16155ccbe clientProtocol=http/1.1 ca=ff56b2f4265f0377
09-08 01:17:51.468  3095  4310 I ChromePhotosDataPlane: origin=real hostClass=network hostHash=a817ab236a289c0c method=GET clientProtocol=http/1.1 upstreamProtocol=h2 status=304 contentType= bytesOut=0 transfer=fixed upstreamHeadersMs=245.425 downstreamWriteMs=0.722
09-08 01:17:51.526  3095  4312 I ChromePhotosDataPlane: origin=real hostClass=network hostHash=100d2a11512096b7 method=POST clientProtocol=http/1.1 upstreamProtocol=h2 status=204 contentType= bytesOut=0 transfer=fixed upstreamHeadersMs=957.212 downstreamWriteMs=1.046
09-08 01:17:51.593  3095  4428 I ChromePhotosDataPlane: origin=real hostClass=network hostHash=80255870a6218fe0 method=GET clientProtocol=http/1.1 upstreamProtocol=h2 status=200 contentType=image/png bytesIn=2228 bytesOut=2228 cache=miss decision=safe reason=model_allow source=engine probability=0.025308132 basis=None decodeMs=9.922 inferenceMs=156.060 localDecisionMs=167.209  requestToDeliveryMs=196.370 upstreamHeadersMs=25.041 sanitizeMs=167.912 downstreamWriteMs=1.119
09-08 01:17:51.593  3095  4269 I ChromePhotosDataPlane: origin=real hostClass=network hostHash=80255870a6218fe0 method=GET clientProtocol=http/1.1 upstreamProtocol=h2 status=200 contentType=image/png bytesIn=2228 bytesOut=2228 cache=miss decision=safe reason=model_allow source=inflight probability=0.025308132 basis=None decodeMs=9.922 inferenceMs=156.060 localDecisionMs=152.681  requestToDeliveryMs=179.225 upstreamHeadersMs=22.359 sanitizeMs=153.436 downstreamWriteMs=1.118
09-08 01:17:51.729  3095  4621 I ChromePhotosDataPlane: origin=real hostClass=network hostHash=0843c9b16155ccbe method=POST clientProtocol=http/1.1 upstreamProtocol=h2 status=200 contentType= bytesOut=0 transfer=fixed upstreamHeadersMs=303.949 downstreamWriteMs=0.407
09-08 01:17:51.821  3095  4307 I ChromePhotosDataPlane: phase=tls_ready correlationId=c81 hostClass=network hostHash=f5594fab1b035ec0 clientProtocol=http/1.1 ca=ff56b2f4265f0377
09-08 01:17:51.840  3095  4640 I ChromePhotosDataPlane: phase=tls_ready correlationId=c82 hostClass=network hostHash=f5594fab1b035ec0 clientProtocol=http/1.1 ca=ff56b2f4265f0377
09-08 01:17:52.191  3095  4662 I ChromePhotosDataPlane: phase=tls_ready correlationId=c83 hostClass=network hostHash=fb66c9c8cfe48aef clientProtocol=http/1.1 ca=ff56b2f4265f0377
09-08 01:17:52.540  3095  4659 I ChromePhotosDataPlane: phase=tls_ready correlationId=c84 hostClass=network hostHash=cebab728d0c21358 clientProtocol=http/1.1 ca=ff56b2f4265f0377
09-08 01:17:52.858  3095  4659 I ChromePhotosDataPlane: origin=real hostClass=network hostHash=cebab728d0c21358 method=GET clientProtocol=http/1.1 upstreamProtocol=h2 status=200 contentType=image/jpeg bytesIn=13887 bytesOut=13887 cache=miss decision=safe reason=model_allow source=engine probability=0.041383058 basis=None decodeMs=20.450 inferenceMs=142.331 localDecisionMs=164.582  requestToDeliveryMs=315.148 upstreamHeadersMs=140.054 sanitizeMs=169.231 downstreamWriteMs=1.860
09-08 01:17:52.868  3095  4662 I ChromePhotosDataPlane: origin=real hostClass=network hostHash=fb66c9c8cfe48aef method=POST clientProtocol=http/1.1 upstreamProtocol=http/1.1 status=204 contentType= bytesOut=0 transfer=fixed upstreamHeadersMs=672.316 downstreamWriteMs=0.896
09-08 01:17:53.275  3095  4537 I ChromePhotosDataPlane: origin=real hostClass=network hostHash=abf8fbf760ef2a86 method=GET clientProtocol=http/1.1 upstreamProtocol=h2 status=200 contentType=image/png bytesIn=0 bytesOut=6303 cache=miss decision=unknown reason=encoded_image_unsupported source=error probability=-1.0 basis=none decodeMs=0.000 inferenceMs=0.000 localDecisionMs=0.000  requestToDeliveryMs=369.307 upstreamHeadersMs=360.592 sanitizeMs=0.471 downstreamWriteMs=3.862
09-08 01:17:53.344  3095  4320 W ChromePhotosDataPlane: phase=upstream_failed correlationId=c16-r19 hostClass=network hostHash=a817ab236a289c0c responseStarted=false errorResponseWritten=true error=IOException
09-08 01:17:53.345  3095  4320 I ChromePhotosDataPlane: phase=worker_ready correlationId=c85 admissionWaitMs=3135.064
09-08 01:17:53.900  3095  4320 I ChromePhotosDataPlane: phase=tls_ready correlationId=c85 hostClass=network hostHash=b37d6661baab456a clientProtocol=http/1.1 ca=ff56b2f4265f0377
09-08 01:17:54.204  3095  4320 I ChromePhotosDataPlane: origin=real hostClass=network hostHash=b37d6661baab456a method=POST clientProtocol=http/1.1 upstreamProtocol=h2 status=200 contentType=application/json bytesOut=779 transfer=fixed upstreamHeadersMs=300.473 downstreamWriteMs=1.021
09-08 01:17:56.093  3095  4616 I ChromePhotosDataPlane: origin=real hostClass=network hostHash=f5594fab1b035ec0 method=POST clientProtocol=http/1.1 upstreamProtocol=h2 status=200 contentType= bytesOut=0 transfer=fixed upstreamHeadersMs=679.881 downstreamWriteMs=2.902
09-08 01:17:57.170  3095  4315 I ChromePhotosDataPlane: phase=worker_ready correlationId=c86 admissionWaitMs=5769.529
09-08 01:17:57.437  3095  4315 I ChromePhotosDataPlane: phase=tls_ready correlationId=c86 hostClass=network hostHash=7df7caa0a5579e01 clientProtocol=http/1.1 ca=ff56b2f4265f0377
09-08 01:17:57.635  3095  4315 I ChromePhotosDataPlane: origin=real hostClass=network hostHash=7df7caa0a5579e01 method=GET clientProtocol=http/1.1 upstreamProtocol=h2 status=200 contentType=font/woff2 bytesOut=34668 transfer=fixed upstreamHeadersMs=143.865 downstreamWriteMs=48.301
09-08 01:17:57.703  3095  4315 I ChromePhotosDataPlane: origin=real hostClass=network hostHash=7df7caa0a5579e01 method=GET clientProtocol=http/1.1 upstreamProtocol=h2 status=200 contentType=font/woff2 bytesOut=34668 transfer=fixed upstreamHeadersMs=28.727 downstreamWriteMs=16.193
09-08 01:17:57.883  3095  4328 I ChromePhotosDataPlane: phase=worker_ready correlationId=c87 admissionWaitMs=6466.412
09-08 01:17:57.910  3095  4328 I ChromePhotosDataPlane: phase=tls_ready correlationId=c87 hostClass=network hostHash=7df7caa0a5579e01 clientProtocol=http/1.1 ca=ff56b2f4265f0377
09-08 01:17:58.006  3095  4583 I ChromePhotosDataPlane: origin=real hostClass=network hostHash=a817ab236a289c0c method=GET clientProtocol=http/1.1 upstreamProtocol=h2 status=301 contentType= bytesIn=0 bytesOut=0 cache=miss decision=passthrough  requestToDeliveryMs=122.036 upstreamHeadersMs=116.415 sanitizeMs=0.824 downstreamWriteMs=2.349
09-08 01:17:58.551  3095  4326 I ChromePhotosDataPlane: phase=worker_ready correlationId=c88 admissionWaitMs=7075.662
09-08 01:17:58.614  3095  4591 I ChromePhotosDataPlane: origin=real hostClass=network hostHash=a817ab236a289c0c method=GET clientProtocol=http/1.1 upstreamProtocol=h2 status=200 contentType=image/png bytesIn=4802 bytesOut=4802 cache=miss decision=safe reason=model_allow source=engine probability=0.026429802 basis=None decodeMs=6.221 inferenceMs=133.065 localDecisionMs=141.067  requestToDeliveryMs=727.831 upstreamHeadersMs=572.463 sanitizeMs=146.098 downstreamWriteMs=2.589
09-08 01:17:58.614  3095  4383 I ChromePhotosDataPlane: phase=worker_ready correlationId=c89 admissionWaitMs=803.461
09-08 01:17:58.744  3095  4590 I ChromePhotosDataPlane: origin=real hostClass=network hostHash=a817ab236a289c0c method=GET clientProtocol=http/1.1 upstreamProtocol=h2 status=200 contentType=image/png bytesIn=3584 bytesOut=3584 cache=miss decision=safe reason=model_allow source=engine probability=0.026260942 basis=None decodeMs=2.905 inferenceMs=130.851 localDecisionMs=273.830  requestToDeliveryMs=853.868 upstreamHeadersMs=570.582 sanitizeMs=277.608 downstreamWriteMs=1.829
09-08 01:17:58.780  3095  4379 I ChromePhotosDataPlane: phase=worker_ready correlationId=c90 admissionWaitMs=888.988
09-08 01:17:58.845  3095  4326 I ChromePhotosDataPlane: phase=tls_ready correlationId=c88 hostClass=network hostHash=816c1c4228e457b0 clientProtocol=http/1.1 ca=ff56b2f4265f0377
09-08 01:17:59.100  3095  4326 I ChromePhotosDataPlane: origin=real hostClass=network hostHash=816c1c4228e457b0 method=POST clientProtocol=http/1.1 upstreamProtocol=h2 status=200 contentType=application/javascript bytesOut=0 transfer=fixed upstreamHeadersMs=252.752 downstreamWriteMs=0.387
09-08 01:17:59.204  3095  4381 I ChromePhotosDataPlane: phase=worker_ready correlationId=c91 admissionWaitMs=1195.377
09-08 01:17:59.355  3095  4383 I ChromePhotosDataPlane: phase=tls_ready correlationId=c89 hostClass=network hostHash=fc1e48f201e43606 clientProtocol=http/1.1 ca=ff56b2f4265f0377
09-08 01:17:59.409  3095  4512 I ChromePhotosDataPlane: phase=media_shield_document origin=real hostClass=network hostHash=191347bfe55d0ca9 result=transformed documentSequence=6 navigationSequence=3 token=475353386ed6 bytesOut=167168 upstreamHeadersMs=178.058 documentDecisionMs=78.872 downstreamWriteMs=1.622
09-08 01:17:59.676  3095  4269 I ChromePhotosDataPlane: origin=real hostClass=network hostHash=80255870a6218fe0 method=GET clientProtocol=http/1.1 upstreamProtocol=h2 status=200 contentType=text/javascript bytesOut=354184 transfer=fixed upstreamHeadersMs=123.666 downstreamWriteMs=95.381
09-08 01:17:59.712  3095  4379 I ChromePhotosDataPlane: phase=tls_ready correlationId=c90 hostClass=network hostHash=acb222ec7473b00e clientProtocol=http/1.1 ca=ff56b2f4265f0377
09-08 01:17:59.874  3095  4379 I ChromePhotosDataPlane: origin=real hostClass=network hostHash=acb222ec7473b00e method=GET clientProtocol=http/1.1 upstreamProtocol=h2 status=302 contentType= bytesIn=0 bytesOut=0 cache=miss decision=passthrough  requestToDeliveryMs=157.666 upstreamHeadersMs=155.008 sanitizeMs=0.451 downstreamWriteMs=0.502
09-08 01:17:59.883  3095  4399 I ChromePhotosDataPlane: phase=worker_ready correlationId=c92 admissionWaitMs=0.329
09-08 01:18:00.075  3095  4383 I ChromePhotosDataPlane: origin=real hostClass=network hostHash=fc1e48f201e43606 method=POST clientProtocol=http/1.1 upstreamProtocol=h2 status=200 contentType=application/json bytesOut=0 transfer=fixed upstreamHeadersMs=717.404 downstreamWriteMs=0.427
09-08 01:18:00.262  3095  4269 I ChromePhotosDataPlane: origin=real hostClass=network hostHash=80255870a6218fe0 method=GET clientProtocol=http/1.1 upstreamProtocol=h2 status=200 contentType=image/png bytesIn=2228 bytesOut=2228 cache=hit decision=safe reason=model_allow source=cache probability=0.025308132 basis=None decodeMs=0.000 inferenceMs=0.000 localDecisionMs=0.063  requestToDeliveryMs=29.968 upstreamHeadersMs=24.998 sanitizeMs=1.456 downstreamWriteMs=1.229
09-08 01:18:00.265  3095  4381 I ChromePhotosDataPlane: phase=tls_ready correlationId=c91 hostClass=network hostHash=06b8da9fa0c99ee7 clientProtocol=http/1.1 ca=ff56b2f4265f0377
09-08 01:18:00.404  3095  4315 I ChromePhotosDataPlane: origin=real hostClass=network hostHash=7df7caa0a5579e01 method=GET clientProtocol=http/1.1 upstreamProtocol=h2 status=200 contentType=font/woff2 bytesOut=34668 transfer=fixed upstreamHeadersMs=147.504 downstreamWriteMs=18.059
09-08 01:18:00.512  3095  4381 I ChromePhotosDataPlane: origin=real hostClass=network hostHash=06b8da9fa0c99ee7 method=GET clientProtocol=http/1.1 upstreamProtocol=h2 status=200 contentType=image/png bytesIn=1403 bytesOut=1403 cache=miss decision=safe reason=model_allow source=engine probability=0.019720882 basis=None decodeMs=3.191 inferenceMs=130.442 localDecisionMs=134.519  requestToDeliveryMs=244.545 upstreamHeadersMs=103.014 sanitizeMs=136.469 downstreamWriteMs=1.709
09-08 01:18:00.537  3095  4399 I ChromePhotosDataPlane: phase=tls_ready correlationId=c92 hostClass=network hostHash=db116db5f2465415 clientProtocol=http/1.1 ca=ff56b2f4265f0377
09-08 01:18:01.238  3095  4399 I ChromePhotosDataPlane: origin=real hostClass=network hostHash=db116db5f2465415 method=GET clientProtocol=http/1.1 upstreamProtocol=h2 status=200 contentType=image/png bytesIn=397 bytesOut=6303 cache=miss decision=unknown reason=image_format_unknown source=error probability=-1.0 basis=none decodeMs=0.000 inferenceMs=0.000 localDecisionMs=0.000  requestToDeliveryMs=698.894 upstreamHeadersMs=685.662 sanitizeMs=3.473 downstreamWriteMs=6.158
09-08 01:18:02.045  3095  4512 I ChromePhotosDataPlane: phase=media_shield_document origin=real hostClass=network hostHash=191347bfe55d0ca9 result=transformed documentSequence=7 navigationSequence=3 token=381e649f095e bytesOut=167039 upstreamHeadersMs=229.118 documentDecisionMs=41.978 downstreamWriteMs=1.597
09-08 01:18:02.148  3095  4428 I ChromePhotosDataPlane: origin=real hostClass=network hostHash=80255870a6218fe0 method=GET clientProtocol=http/1.1 upstreamProtocol=h2 status=200 contentType=text/javascript bytesOut=354184 transfer=fixed upstreamHeadersMs=50.992 downstreamWriteMs=27.201
09-08 01:18:02.863  3095  4417 I ChromePhotosDataPlane: phase=worker_ready correlationId=c93 admissionWaitMs=0.337
09-08 01:18:02.932  3095  4428 I ChromePhotosDataPlane: origin=real hostClass=network hostHash=80255870a6218fe0 method=GET clientProtocol=http/1.1 upstreamProtocol=h2 status=200 contentType=image/png bytesIn=2228 bytesOut=2228 cache=hit decision=safe reason=model_allow source=cache probability=0.025308132 basis=None decodeMs=0.000 inferenceMs=0.000 localDecisionMs=0.043  requestToDeliveryMs=47.237 upstreamHeadersMs=44.182 sanitizeMs=1.049 downstreamWriteMs=0.408
09-08 01:18:02.947  3095  4315 I ChromePhotosDataPlane: origin=real hostClass=network hostHash=7df7caa0a5579e01 method=GET clientProtocol=http/1.1 upstreamProtocol=h2 status=200 contentType=font/woff2 bytesOut=34668 transfer=fixed upstreamHeadersMs=41.591 downstreamWriteMs=15.902
09-08 01:18:03.248  3095  4417 I ChromePhotosDataPlane: phase=tls_ready correlationId=c93 hostClass=network hostHash=505bd18b6650e44b clientProtocol=http/1.1 ca=ff56b2f4265f0377
09-08 01:18:03.398  3095  4417 I ChromePhotosDataPlane: origin=real hostClass=network hostHash=505bd18b6650e44b method=POST clientProtocol=http/1.1 upstreamProtocol=h2 status=204 contentType=text/plain bytesOut=0 transfer=fixed upstreamHeadersMs=141.784 downstreamWriteMs=1.201
09-08 01:18:17.037  3095  4407 I ChromePhotosDataPlane: phase=worker_ready correlationId=c94 admissionWaitMs=0.160
09-08 01:18:17.065  3095  4408 I ChromePhotosDataPlane: phase=worker_ready correlationId=c95 admissionWaitMs=0.656
09-08 01:18:17.068  3095  4374 I ChromePhotosDataPlane: phase=worker_ready correlationId=c96 admissionWaitMs=0.603
09-08 01:18:17.073  3095  4373 I ChromePhotosDataPlane: phase=worker_ready correlationId=c97 admissionWaitMs=0.353
09-08 01:18:17.080  3095  4383 I ChromePhotosDataPlane: phase=worker_ready correlationId=c98 admissionWaitMs=0.271
09-08 01:18:17.083  3095  4418 I ChromePhotosDataPlane: phase=worker_ready correlationId=c99 admissionWaitMs=0.203
09-08 01:18:17.088  3095  4419 I ChromePhotosDataPlane: phase=worker_ready correlationId=c100 admissionWaitMs=0.229
09-08 01:18:17.099  3095  4441 I ChromePhotosDataPlane: phase=worker_ready correlationId=c101 admissionWaitMs=0.150
09-08 01:18:17.352  3095  4418 I ChromePhotosDataPlane: phase=tls_ready correlationId=c99 hostClass=network hostHash=191347bfe55d0ca9 clientProtocol=http/1.1 ca=ff56b2f4265f0377
09-08 01:18:17.757  3095  4407 I ChromePhotosDataPlane: phase=tls_ready correlationId=c94 hostClass=network hostHash=f58aed0f48e58f0c clientProtocol=http/1.1 ca=ff56b2f4265f0377
09-08 01:18:18.403  3095  4408 I ChromePhotosDataPlane: phase=tls_ready correlationId=c95 hostClass=network hostHash=1c9aae1431eb8709 clientProtocol=http/1.1 ca=ff56b2f4265f0377
09-08 01:18:18.773  3095  4373 I ChromePhotosDataPlane: phase=tls_ready correlationId=c97 hostClass=network hostHash=7df7caa0a5579e01 clientProtocol=http/1.1 ca=ff56b2f4265f0377
09-08 01:18:18.955  3095  4374 I ChromePhotosDataPlane: phase=tls_ready correlationId=c96 hostClass=network hostHash=2d0f3c337e640d3a clientProtocol=http/1.1 ca=ff56b2f4265f0377
09-08 01:18:19.209  3095  4383 I ChromePhotosDataPlane: phase=tls_ready correlationId=c98 hostClass=network hostHash=a552b937eecf21c7 clientProtocol=http/1.1 ca=ff56b2f4265f0377
09-08 01:18:19.616  3095  4419 I ChromePhotosDataPlane: phase=tls_ready correlationId=c100 hostClass=network hostHash=d8ecf352ffa86f18 clientProtocol=http/1.1 ca=ff56b2f4265f0377
09-08 01:18:19.945  3095  4441 I ChromePhotosDataPlane: phase=tls_ready correlationId=c101 hostClass=network hostHash=e2ccecf673591338 clientProtocol=http/1.1 ca=ff56b2f4265f0377
09-08 01:18:20.400  3095  4407 I ChromePhotosDataPlane: phase=media_shield_document origin=real hostClass=network hostHash=f58aed0f48e58f0c result=transformed documentSequence=8 navigationSequence=4 token=5c617759e16e bytesOut=955650 upstreamHeadersMs=1469.616 documentDecisionMs=441.161 downstreamWriteMs=6.199
09-08 01:18:20.473  3095  4440 I ChromePhotosDataPlane: phase=worker_ready correlationId=c102 admissionWaitMs=0.277
09-08 01:18:20.490  3095  4455 I ChromePhotosDataPlane: phase=worker_ready correlationId=c103 admissionWaitMs=0.202
09-08 01:18:20.510  3095  4329 I ChromePhotosDataPlane: phase=worker_ready correlationId=c104 admissionWaitMs=0.566
09-08 01:18:20.517  3095  4407 I ChromePhotosDataPlane: phase=media_shield_ready origin=same_origin result=204 bytesOut=0
09-08 01:18:20.525  3095  4455 I ChromePhotosDataPlane: phase=tls_ready correlationId=c103 hostClass=network hostHash=7df7caa0a5579e01 clientProtocol=http/1.1 ca=ff56b2f4265f0377
09-08 01:18:20.532  3095  4407 I ChromePhotosDataPlane: phase=media_shield_ready origin=same_origin result=204 bytesOut=0
09-08 01:18:20.539  3095  4434 I ChromePhotosDataPlane: phase=worker_ready correlationId=c105 admissionWaitMs=0.228
09-08 01:18:20.547  3095  4407 I ChromePhotosDataPlane: phase=media_shield_ready origin=same_origin result=204 bytesOut=0
09-08 01:18:20.743  3095  4327 I ChromePhotosDataPlane: phase=worker_ready correlationId=c106 admissionWaitMs=0.204
09-08 01:18:20.752  3095  4442 I ChromePhotosDataPlane: phase=worker_ready correlationId=c107 admissionWaitMs=0.220
09-08 01:18:20.768  3095  4571 I ChromePhotosDataPlane: phase=worker_ready correlationId=c108 admissionWaitMs=0.261
09-08 01:18:20.773  3095  4417 I ChromePhotosDataPlane: phase=worker_ready correlationId=c109 admissionWaitMs=0.243
09-08 01:18:20.783  3095  4570 I ChromePhotosDataPlane: phase=worker_ready correlationId=c110 admissionWaitMs=0.246
09-08 01:18:20.800  3095  4588 I ChromePhotosDataPlane: phase=worker_ready correlationId=c111 admissionWaitMs=0.323
09-08 01:18:20.803  3095  4589 I ChromePhotosDataPlane: phase=worker_ready correlationId=c112 admissionWaitMs=0.309
09-08 01:18:20.864  3095  4440 I ChromePhotosDataPlane: phase=tls_ready correlationId=c102 hostClass=network hostHash=fdbc7f1491a89ee6 clientProtocol=http/1.1 ca=ff56b2f4265f0377
09-08 01:18:20.867  3095  4560 I ChromePhotosDataPlane: phase=worker_ready correlationId=c113 admissionWaitMs=0.252
09-08 01:18:20.877  3095  4601 I ChromePhotosDataPlane: phase=worker_ready correlationId=c114 admissionWaitMs=0.265
09-08 01:18:20.879  3095  4599 I ChromePhotosDataPlane: phase=worker_ready correlationId=c115 admissionWaitMs=0.178
09-08 01:18:20.881  3095  4600 I ChromePhotosDataPlane: phase=worker_ready correlationId=c116 admissionWaitMs=0.485
09-08 01:18:20.882  3095  4639 I ChromePhotosDataPlane: phase=worker_ready correlationId=c117 admissionWaitMs=0.482
09-08 01:18:21.016  3095  4408 I ChromePhotosDataPlane: origin=real hostClass=network hostHash=1c9aae1431eb8709 method=GET clientProtocol=http/1.1 upstreamProtocol=h2 status=200 contentType=application/javascript bytesOut=112 transfer=chunked upstreamHeadersMs=325.356 downstreamWriteMs=2.313
09-08 01:18:21.018  3095  4383 I ChromePhotosDataPlane: origin=real hostClass=network hostHash=a552b937eecf21c7 method=GET clientProtocol=http/1.1 upstreamProtocol=h2 status=304 contentType= bytesOut=0 transfer=fixed upstreamHeadersMs=166.086 downstreamWriteMs=0.775
09-08 01:18:21.055  3095  4407 I ChromePhotosDataPlane: origin=real hostClass=network hostHash=f58aed0f48e58f0c method=GET clientProtocol=http/1.1 upstreamProtocol=h2 status=304 contentType=application/javascript bytesOut=0 transfer=fixed upstreamHeadersMs=198.395 downstreamWriteMs=1.435
09-08 01:18:21.108  3095  4329 I ChromePhotosDataPlane: phase=tls_ready correlationId=c104 hostClass=network hostHash=505bd18b6650e44b clientProtocol=http/1.1 ca=ff56b2f4265f0377
09-08 01:18:21.162  3095  4329 I ChromePhotosDataPlane: origin=real hostClass=network hostHash=505bd18b6650e44b method=POST clientProtocol=http/1.1 upstreamProtocol=h2 status=204 contentType=text/plain bytesOut=0 transfer=fixed upstreamHeadersMs=50.262 downstreamWriteMs=0.340
09-08 01:18:21.652  3095  4434 I ChromePhotosDataPlane: phase=tls_ready correlationId=c105 hostClass=network hostHash=fc1e48f201e43606 clientProtocol=http/1.1 ca=ff56b2f4265f0377
09-08 01:18:21.939  3095  4327 I ChromePhotosDataPlane: phase=tls_ready correlationId=c106 hostClass=network hostHash=ee8cdc867bba487e clientProtocol=http/1.1 ca=ff56b2f4265f0377
09-08 01:18:21.946  3095  4417 I ChromePhotosDataPlane: phase=tls_ready correlationId=c109 hostClass=network hostHash=ee8cdc867bba487e clientProtocol=http/1.1 ca=ff56b2f4265f0377
09-08 01:18:21.948  3095  4442 I ChromePhotosDataPlane: phase=tls_ready correlationId=c107 hostClass=network hostHash=ee8cdc867bba487e clientProtocol=http/1.1 ca=ff56b2f4265f0377
09-08 01:18:21.951  3095  4571 I ChromePhotosDataPlane: phase=tls_ready correlationId=c108 hostClass=network hostHash=ee8cdc867bba487e clientProtocol=http/1.1 ca=ff56b2f4265f0377
09-08 01:18:21.958  3095  4588 I ChromePhotosDataPlane: phase=tls_ready correlationId=c111 hostClass=network hostHash=fdbc7f1491a89ee6 clientProtocol=http/1.1 ca=ff56b2f4265f0377
09-08 01:18:22.117  3095  4417 I ChromePhotosDataPlane: origin=real hostClass=network hostHash=ee8cdc867bba487e method=GET clientProtocol=http/1.1 upstreamProtocol=h2 status=200 contentType=image/png bytesIn=42 bytesOut=6303 cache=miss decision=unknown reason=unsupported_gif source=error probability=-1.0 basis=none decodeMs=0.000 inferenceMs=0.000 localDecisionMs=0.000  requestToDeliveryMs=169.453 upstreamHeadersMs=167.215 sanitizeMs=0.419 downstreamWriteMs=0.531
09-08 01:18:22.126  3095  4327 I ChromePhotosDataPlane: origin=real hostClass=network hostHash=ee8cdc867bba487e method=GET clientProtocol=http/1.1 upstreamProtocol=h2 status=200 contentType=image/png bytesIn=42 bytesOut=6303 cache=miss decision=unknown reason=unsupported_gif source=error probability=-1.0 basis=none decodeMs=0.000 inferenceMs=0.000 localDecisionMs=0.000  requestToDeliveryMs=182.863 upstreamHeadersMs=176.432 sanitizeMs=1.942 downstreamWriteMs=1.841
09-08 01:18:22.155  3095  4571 I ChromePhotosDataPlane: origin=real hostClass=network hostHash=ee8cdc867bba487e method=GET clientProtocol=http/1.1 upstreamProtocol=h2 status=302 contentType= bytesIn=0 bytesOut=0 cache=miss decision=passthrough  requestToDeliveryMs=202.441 upstreamHeadersMs=196.835 sanitizeMs=0.676 downstreamWriteMs=1.109
09-08 01:18:22.240  3095  4440 I ChromePhotosDataPlane: origin=real hostClass=network hostHash=fdbc7f1491a89ee6 method=GET clientProtocol=http/1.1 upstreamProtocol=h2 status=200 contentType=image/webp bytesIn=21480 bytesOut=21480 cache=miss decision=safe reason=model_allow source=engine probability=0.019576043 basis=None decodeMs=20.940 inferenceMs=620.183 localDecisionMs=642.733  requestToDeliveryMs=1346.218 upstreamHeadersMs=682.813 sanitizeMs=659.997 downstreamWriteMs=1.220
09-08 01:18:22.247  3095  4442 I ChromePhotosDataPlane: origin=real hostClass=network hostHash=ee8cdc867bba487e method=GET clientProtocol=http/1.1 upstreamProtocol=h2 status=200 contentType=image/png bytesIn=42 bytesOut=6303 cache=miss decision=unknown reason=unsupported_gif source=error probability=-1.0 basis=none decodeMs=0.000 inferenceMs=0.000 localDecisionMs=0.000  requestToDeliveryMs=293.968 upstreamHeadersMs=191.519 sanitizeMs=95.916 downstreamWriteMs=1.756
09-08 01:18:22.251  3095  4570 I ChromePhotosDataPlane: phase=tls_ready correlationId=c110 hostClass=network hostHash=78545291017afd6d clientProtocol=http/1.1 ca=ff56b2f4265f0377
09-08 01:18:22.554  3095  4589 I ChromePhotosDataPlane: phase=tls_ready correlationId=c112 hostClass=network hostHash=0a2b1f067e5ed787 clientProtocol=http/1.1 ca=ff56b2f4265f0377
09-08 01:18:22.561  3095  4599 I ChromePhotosDataPlane: phase=tls_ready correlationId=c115 hostClass=network hostHash=fdbc7f1491a89ee6 clientProtocol=http/1.1 ca=ff56b2f4265f0377
09-08 01:18:22.574  3095  4600 I ChromePhotosDataPlane: phase=tls_ready correlationId=c116 hostClass=network hostHash=fdbc7f1491a89ee6 clientProtocol=http/1.1 ca=ff56b2f4265f0377
09-08 01:18:22.576  3095  4601 I ChromePhotosDataPlane: phase=tls_ready correlationId=c114 hostClass=network hostHash=fdbc7f1491a89ee6 clientProtocol=http/1.1 ca=ff56b2f4265f0377
09-08 01:18:22.578  3095  4560 I ChromePhotosDataPlane: phase=tls_ready correlationId=c113 hostClass=network hostHash=fc1e48f201e43606 clientProtocol=http/1.1 ca=ff56b2f4265f0377
09-08 01:18:22.584  3095  4639 I ChromePhotosDataPlane: phase=tls_ready correlationId=c117 hostClass=network hostHash=fdbc7f1491a89ee6 clientProtocol=http/1.1 ca=ff56b2f4265f0377
09-08 01:18:22.688  3095  4589 I ChromePhotosDataPlane: origin=real hostClass=network hostHash=0a2b1f067e5ed787 method=GET clientProtocol=http/1.1 upstreamProtocol=h2 status=304 contentType= bytesOut=0 transfer=fixed upstreamHeadersMs=128.064 downstreamWriteMs=1.477
09-08 01:18:22.712  3095  4434 I ChromePhotosDataPlane: origin=real hostClass=network hostHash=fc1e48f201e43606 method=POST clientProtocol=http/1.1 upstreamProtocol=h2 status=200 contentType=application/json bytesOut=0 transfer=fixed upstreamHeadersMs=909.687 downstreamWriteMs=0.963
09-08 01:18:22.810  3095  4588 I ChromePhotosDataPlane: origin=real hostClass=network hostHash=fdbc7f1491a89ee6 method=GET clientProtocol=http/1.1 upstreamProtocol=h2 status=200 contentType=image/webp bytesIn=26888 bytesOut=26888 cache=miss decision=safe reason=model_allow source=engine probability=0.01354295 basis=None decodeMs=20.610 inferenceMs=547.756 localDecisionMs=637.320  requestToDeliveryMs=848.666 upstreamHeadersMs=184.314 sanitizeMs=660.151 downstreamWriteMs=1.870
09-08 01:18:22.930  3095  4560 I ChromePhotosDataPlane: origin=real hostClass=network hostHash=fc1e48f201e43606 method=POST clientProtocol=http/1.1 upstreamProtocol=h2 status=200 contentType=application/json bytesOut=0 transfer=fixed upstreamHeadersMs=348.324 downstreamWriteMs=0.486
09-08 01:18:22.967  3095  4570 I ChromePhotosDataPlane: origin=real hostClass=network hostHash=78545291017afd6d method=GET clientProtocol=http/1.1 upstreamProtocol=h2 status=200 contentType=image/png bytesIn=127837 bytesOut=127837 cache=miss decision=safe reason=model_allow source=engine probability=0.05982989 basis=None decodeMs=12.195 inferenceMs=137.209 localDecisionMs=476.401  requestToDeliveryMs=714.290 upstreamHeadersMs=165.187 sanitizeMs=537.567 downstreamWriteMs=6.042
09-08 01:18:23.108  3095  4440 I ChromePhotosDataPlane: origin=real hostClass=network hostHash=fdbc7f1491a89ee6 method=GET clientProtocol=http/1.1 upstreamProtocol=h2 status=200 contentType=image/webp bytesIn=4858 bytesOut=4858 cache=miss decision=safe reason=model_allow source=engine probability=0.0034654438 basis=None decodeMs=5.890 inferenceMs=136.908 localDecisionMs=288.038  requestToDeliveryMs=809.345 upstreamHeadersMs=165.748 sanitizeMs=633.299 downstreamWriteMs=1.980
09-08 01:18:23.127  3095  4407 I ChromePhotosDataPlane: origin=real hostClass=network hostHash=f58aed0f48e58f0c method=GET clientProtocol=http/1.1 upstreamProtocol=h2 status=200 contentType=image/png bytesIn=769990 bytesOut=6303 cache=miss decision=unknown reason=image_format_unknown source=error probability=-1.0 basis=none decodeMs=0.000 inferenceMs=0.000 localDecisionMs=0.000  requestToDeliveryMs=932.908 upstreamHeadersMs=573.734 sanitizeMs=353.204 downstreamWriteMs=2.312
09-08 01:18:23.247  3095  4599 I ChromePhotosDataPlane: origin=real hostClass=network hostHash=fdbc7f1491a89ee6 method=GET clientProtocol=http/1.1 upstreamProtocol=h2 status=200 contentType=image/webp bytesIn=8344 bytesOut=8344 cache=miss decision=safe reason=model_allow source=engine probability=0.013767481 basis=None decodeMs=5.731 inferenceMs=135.444 localDecisionMs=274.820  requestToDeliveryMs=682.821 upstreamHeadersMs=182.270 sanitizeMs=494.815 downstreamWriteMs=2.157
09-08 01:18:23.389  3095  4600 I ChromePhotosDataPlane: origin=real hostClass=network hostHash=fdbc7f1491a89ee6 method=GET clientProtocol=http/1.1 upstreamProtocol=h2 status=200 contentType=image/webp bytesIn=2266 bytesOut=2266 cache=miss decision=safe reason=model_allow source=engine probability=0.01720336 basis=None decodeMs=5.355 inferenceMs=135.284 localDecisionMs=255.959  requestToDeliveryMs=805.876 upstreamHeadersMs=320.385 sanitizeMs=477.907 downstreamWriteMs=2.286
09-08 01:18:23.528  3095  4601 I ChromePhotosDataPlane: origin=real hostClass=network hostHash=fdbc7f1491a89ee6 method=GET clientProtocol=http/1.1 upstreamProtocol=h2 status=200 contentType=image/webp bytesIn=5666 bytesOut=5666 cache=miss decision=safe reason=model_allow source=engine probability=0.017977506 basis=None decodeMs=5.465 inferenceMs=136.121 localDecisionMs=278.261  requestToDeliveryMs=939.433 upstreamHeadersMs=320.438 sanitizeMs=614.171 downstreamWriteMs=1.165
09-08 01:18:23.670  3095  4639 I ChromePhotosDataPlane: origin=real hostClass=network hostHash=fdbc7f1491a89ee6 method=GET clientProtocol=http/1.1 upstreamProtocol=h2 status=200 contentType=image/webp bytesIn=4986 bytesOut=4986 cache=miss decision=safe reason=model_allow source=engine probability=0.006761968 basis=None decodeMs=5.704 inferenceMs=135.556 localDecisionMs=274.862  requestToDeliveryMs=1083.272 upstreamHeadersMs=323.332 sanitizeMs=755.639 downstreamWriteMs=1.463
09-08 01:18:23.766  3095  4642 I ChromePhotosDataPlane: phase=worker_ready correlationId=c118 admissionWaitMs=0.445
09-08 01:18:23.780  3095  4652 I ChromePhotosDataPlane: phase=worker_ready correlationId=c119 admissionWaitMs=0.219
09-08 01:18:23.809  3095  4652 W ChromePhotosDataPlane: phase=connection_failed correlationId=c119 error=UnknownHostException
09-08 01:18:23.826  3095  4588 I ChromePhotosDataPlane: origin=real hostClass=network hostHash=fdbc7f1491a89ee6 method=GET clientProtocol=http/1.1 upstreamProtocol=h2 status=200 contentType=image/webp bytesIn=4912 bytesOut=4912 cache=miss decision=safe reason=model_allow source=engine probability=0.029026985 basis=None decodeMs=5.620 inferenceMs=151.250 localDecisionMs=284.335  requestToDeliveryMs=966.900 upstreamHeadersMs=206.973 sanitizeMs=755.422 downstreamWriteMs=0.936
09-08 01:18:23.844  3095  4653 I ChromePhotosDataPlane: phase=worker_ready correlationId=c120 admissionWaitMs=0.231
09-08 01:18:23.878  3095  4661 I ChromePhotosDataPlane: phase=worker_ready correlationId=c121 admissionWaitMs=0.879
09-08 01:18:23.889  3095  4663 I ChromePhotosDataPlane: phase=worker_ready correlationId=c122 admissionWaitMs=0.329
09-08 01:18:23.902  3095  4378 I ChromePhotosDataPlane: phase=worker_ready correlationId=c123 admissionWaitMs=0.237
09-08 01:18:23.910  3095  4668 I ChromePhotosDataPlane: phase=worker_ready correlationId=c124 admissionWaitMs=1.255
09-08 01:18:23.977  3095  4440 I ChromePhotosDataPlane: origin=real hostClass=network hostHash=fdbc7f1491a89ee6 method=GET clientProtocol=http/1.1 upstreamProtocol=h2 status=200 contentType=image/webp bytesIn=2532 bytesOut=2532 cache=miss decision=safe reason=model_allow source=engine probability=0.008957833 basis=None decodeMs=5.707 inferenceMs=143.776 localDecisionMs=303.726  requestToDeliveryMs=828.943 upstreamHeadersMs=167.702 sanitizeMs=657.398 downstreamWriteMs=0.765
09-08 01:18:24.023  3095  4407 I ChromePhotosDataPlane: origin=real hostClass=network hostHash=f58aed0f48e58f0c method=GET clientProtocol=http/1.1 upstreamProtocol=h2 status=200 contentType=application/javascript bytesOut=175720 transfer=fixed upstreamHeadersMs=207.868 downstreamWriteMs=36.247
09-08 01:18:24.070  3095  4148 I ChromePhotosDataPlane: phase=worker_ready correlationId=c125 admissionWaitMs=0.602
09-08 01:18:24.074  3095  4164 I ChromePhotosDataPlane: phase=worker_ready correlationId=c126 admissionWaitMs=0.240
09-08 01:18:24.078  3095  4165 I ChromePhotosDataPlane: phase=worker_ready correlationId=c127 admissionWaitMs=0.456
09-08 01:18:24.081  3095  4268 I ChromePhotosDataPlane: phase=worker_ready correlationId=c128 admissionWaitMs=0.574
09-08 01:18:24.117  3095  4599 I ChromePhotosDataPlane: origin=real hostClass=network hostHash=fdbc7f1491a89ee6 method=GET clientProtocol=http/1.1 upstreamProtocol=h2 status=200 contentType=image/webp bytesIn=7148 bytesOut=7148 cache=miss decision=safe reason=model_allow source=engine probability=0.009210944 basis=None decodeMs=5.725 inferenceMs=134.251 localDecisionMs=287.062  requestToDeliveryMs=828.790 upstreamHeadersMs=195.629 sanitizeMs=629.524 downstreamWriteMs=1.250
09-08 01:18:24.303  3095  4642 I ChromePhotosDataPlane: phase=tls_ready correlationId=c118 hostClass=network hostHash=f58aed0f48e58f0c clientProtocol=http/1.1 ca=ff56b2f4265f0377
09-08 01:18:24.351  3095  4407 I ChromePhotosDataPlane: origin=real hostClass=network hostHash=f58aed0f48e58f0c method=GET clientProtocol=http/1.1 upstreamProtocol=h2 status=200 contentType=application/javascript bytesOut=173011 transfer=fixed upstreamHeadersMs=208.397 downstreamWriteMs=44.022
09-08 01:18:24.476  3095  4653 I ChromePhotosDataPlane: phase=tls_ready correlationId=c120 hostClass=network hostHash=935e0b482f6ac80a clientProtocol=http/1.1 ca=ff56b2f4265f0377
09-08 01:18:24.535  3095  4642 I ChromePhotosDataPlane: origin=real hostClass=network hostHash=f58aed0f48e58f0c method=POST clientProtocol=http/1.1 upstreamProtocol=h2 status=200 contentType=application/json bytesOut=49 transfer=chunked upstreamHeadersMs=228.059 downstreamWriteMs=0.615
09-08 01:18:24.644  3095  4407 I ChromePhotosDataPlane: origin=real hostClass=network hostHash=f58aed0f48e58f0c method=POST clientProtocol=http/1.1 upstreamProtocol=h2 status=200 contentType=application/json bytesOut=832 transfer=chunked upstreamHeadersMs=234.772 downstreamWriteMs=1.232
09-08 01:18:24.762  3095  4600 I ChromePhotosDataPlane: origin=real hostClass=network hostHash=fdbc7f1491a89ee6 method=GET clientProtocol=http/1.1 upstreamProtocol=h2 status=200 contentType=image/webp bytesIn=2878 bytesOut=2878 cache=miss decision=safe reason=model_allow source=engine probability=0.039949685 basis=None decodeMs=16.258 inferenceMs=628.529 localDecisionMs=783.054  requestToDeliveryMs=1320.284 upstreamHeadersMs=195.820 sanitizeMs=1118.871 downstreamWriteMs=1.339
09-08 01:18:24.776  3095  4653 I ChromePhotosDataPlane: origin=real hostClass=network hostHash=935e0b482f6ac80a method=GET clientProtocol=http/1.1 upstreamProtocol=h2 status=304 contentType= bytesOut=0 transfer=fixed upstreamHeadersMs=297.132 downstreamWriteMs=0.564
09-08 01:18:24.842  3095  4642 I ChromePhotosDataPlane: origin=real hostClass=network hostHash=f58aed0f48e58f0c method=POST clientProtocol=http/1.1 upstreamProtocol=h2 status=200 contentType=application/json bytesOut=126 transfer=chunked upstreamHeadersMs=261.486 downstreamWriteMs=1.082
09-08 01:18:24.946  3095  4407 I ChromePhotosDataPlane: origin=real hostClass=network hostHash=f58aed0f48e58f0c method=POST clientProtocol=http/1.1 upstreamProtocol=h2 status=200 contentType=application/json bytesOut=136 transfer=chunked upstreamHeadersMs=258.439 downstreamWriteMs=1.163
09-08 01:18:25.008  3095  4661 I ChromePhotosDataPlane: phase=tls_ready correlationId=c121 hostClass=network hostHash=f5594fab1b035ec0 clientProtocol=http/1.1 ca=ff56b2f4265f0377
09-08 01:18:25.019  3095  4233 I ChromePhotosDataPlane: phase=worker_ready correlationId=c129 admissionWaitMs=0.303
09-08 01:18:25.089  3095  4442 I ChromePhotosDataPlane: origin=real hostClass=network hostHash=ee8cdc867bba487e method=POST clientProtocol=http/1.1 upstreamProtocol=h2 status=204 contentType=text/html bytesOut=0 transfer=fixed upstreamHeadersMs=51.211 downstreamWriteMs=0.840
09-08 01:18:25.102  3095  4642 I ChromePhotosDataPlane: origin=real hostClass=network hostHash=f58aed0f48e58f0c method=POST clientProtocol=http/1.1 upstreamProtocol=h2 status=200 contentType=application/json bytesOut=94 transfer=chunked upstreamHeadersMs=210.125 downstreamWriteMs=3.839
09-08 01:18:25.135  3095  4306 I ChromePhotosDataPlane: phase=worker_ready correlationId=c130 admissionWaitMs=0.254
09-08 01:18:25.148  3095  4192 I ChromePhotosDataPlane: phase=worker_ready correlationId=c131 admissionWaitMs=0.377
09-08 01:18:25.235  3095  4418 I ChromePhotosDataPlane: origin=real hostClass=network hostHash=191347bfe55d0ca9 method=POST clientProtocol=http/1.1 upstreamProtocol=h2 status=200 contentType=text/plain bytesOut=0 transfer=fixed upstreamHeadersMs=210.231 downstreamWriteMs=0.497
09-08 01:18:25.260  3095  4213 I ChromePhotosDataPlane: phase=worker_ready correlationId=c132 admissionWaitMs=0.354
09-08 01:18:25.291  3095  4407 I ChromePhotosDataPlane: origin=real hostClass=network hostHash=f58aed0f48e58f0c method=POST clientProtocol=http/1.1 upstreamProtocol=h2 status=200 contentType=application/json bytesOut=33963 transfer=chunked upstreamHeadersMs=282.376 downstreamWriteMs=6.478
09-08 01:18:25.340  3095  4661 I ChromePhotosDataPlane: origin=real hostClass=network hostHash=f5594fab1b035ec0 method=GET clientProtocol=http/1.1 upstreamProtocol=h2 status=200 contentType=application/javascript bytesOut=2581 transfer=chunked upstreamHeadersMs=325.108 downstreamWriteMs=1.385
09-08 01:18:25.433  3095  4642 I ChromePhotosDataPlane: origin=real hostClass=network hostHash=f58aed0f48e58f0c method=POST clientProtocol=http/1.1 upstreamProtocol=h2 status=200 contentType=application/json bytesOut=92 transfer=chunked upstreamHeadersMs=261.383 downstreamWriteMs=1.184
09-08 01:18:25.492  3095  4601 I ChromePhotosDataPlane: origin=real hostClass=network hostHash=fdbc7f1491a89ee6 method=GET clientProtocol=http/1.1 upstreamProtocol=h2 status=200 contentType=image/webp bytesIn=1952 bytesOut=1952 cache=miss decision=safe reason=model_allow source=engine probability=0.031541497 basis=None decodeMs=16.321 inferenceMs=712.150 localDecisionMs=1373.161  requestToDeliveryMs=1916.580 upstreamHeadersMs=224.308 sanitizeMs=1688.029 downstreamWriteMs=1.088
09-08 01:18:25.513  3095  4378 I ChromePhotosDataPlane: phase=tls_ready correlationId=c123 hostClass=network hostHash=9d6e17ba2c400ce0 clientProtocol=http/1.1 ca=ff56b2f4265f0377
09-08 01:18:25.560  3095  4407 I ChromePhotosDataPlane: origin=real hostClass=network hostHash=f58aed0f48e58f0c method=POST clientProtocol=http/1.1 upstreamProtocol=h2 status=200 contentType=application/json bytesOut=943 transfer=chunked upstreamHeadersMs=203.172 downstreamWriteMs=1.267
09-08 01:18:25.848  3095  4668 I ChromePhotosDataPlane: phase=tls_ready correlationId=c124 hostClass=network hostHash=29078f5ef8eb9960 clientProtocol=http/1.1 ca=ff56b2f4265f0377
09-08 01:18:25.962  3095  4668 I ChromePhotosDataPlane: origin=real hostClass=network hostHash=29078f5ef8eb9960 method=GET clientProtocol=http/1.1 upstreamProtocol=h2 status=304 contentType= bytesOut=0 transfer=fixed upstreamHeadersMs=110.431 downstreamWriteMs=0.935
09-08 01:18:25.976  3095  4407 I ChromePhotosDataPlane: origin=real hostClass=network hostHash=f58aed0f48e58f0c method=POST clientProtocol=http/1.1 upstreamProtocol=h2 status=200 contentType=application/json bytesOut=1057 transfer=chunked upstreamHeadersMs=353.582 downstreamWriteMs=1.039
09-08 01:18:25.976  3095  4382 I ChromePhotosDataPlane: phase=worker_ready correlationId=c133 admissionWaitMs=0.255
09-08 01:18:25.985  3095  4378 I ChromePhotosDataPlane: origin=real hostClass=network hostHash=9d6e17ba2c400ce0 method=GET clientProtocol=http/1.1 upstreamProtocol=h2 status=200 contentType=text/html bytesOut=2744 transfer=chunked upstreamHeadersMs=469.029 downstreamWriteMs=1.193
09-08 01:18:25.996  3095  4282 I ChromePhotosDataPlane: phase=worker_ready correlationId=c134 admissionWaitMs=0.276
09-08 01:18:26.006  3095  4314 I ChromePhotosDataPlane: phase=worker_ready correlationId=c135 admissionWaitMs=0.302
09-08 01:18:26.054  3095  4639 I ChromePhotosDataPlane: origin=real hostClass=network hostHash=fdbc7f1491a89ee6 method=GET clientProtocol=http/1.1 upstreamProtocol=h2 status=200 contentType=image/webp bytesIn=1754 bytesOut=1754 cache=miss decision=safe reason=model_allow source=engine probability=0.11835408 basis=None decodeMs=8.141 inferenceMs=551.495 localDecisionMs=1284.943  requestToDeliveryMs=2318.419 upstreamHeadersMs=225.274 sanitizeMs=2086.051 downstreamWriteMs=0.705
09-08 01:18:26.115  3095  4165 I ChromePhotosDataPlane: phase=tls_ready correlationId=c127 hostClass=network hostHash=f58aed0f48e58f0c clientProtocol=http/1.1 ca=ff56b2f4265f0377
09-08 01:18:26.121  3095  4148 I ChromePhotosDataPlane: phase=tls_ready correlationId=c125 hostClass=network hostHash=f58aed0f48e58f0c clientProtocol=http/1.1 ca=ff56b2f4265f0377
09-08 01:18:26.126  3095  4268 I ChromePhotosDataPlane: phase=tls_ready correlationId=c128 hostClass=network hostHash=f58aed0f48e58f0c clientProtocol=http/1.1 ca=ff56b2f4265f0377
09-08 01:18:26.129  3095  4164 I ChromePhotosDataPlane: phase=tls_ready correlationId=c126 hostClass=network hostHash=f58aed0f48e58f0c clientProtocol=http/1.1 ca=ff56b2f4265f0377
09-08 01:18:26.130  3095  4663 I ChromePhotosDataPlane: phase=tls_ready correlationId=c122 hostClass=network hostHash=df8ab3acb3324531 clientProtocol=http/1.1 ca=ff56b2f4265f0377
09-08 01:18:26.208  3095  4310 I ChromePhotosDataPlane: phase=worker_ready correlationId=c136 admissionWaitMs=0.648
09-08 01:18:26.273  3095  4407 I ChromePhotosDataPlane: origin=real hostClass=network hostHash=f58aed0f48e58f0c method=GET clientProtocol=http/1.1 upstreamProtocol=h2 status=200 contentType=application/javascript bytesOut=161143 transfer=fixed upstreamHeadersMs=204.900 downstreamWriteMs=42.068
09-08 01:18:26.433  3095  4148 I ChromePhotosDataPlane: origin=real hostClass=network hostHash=f58aed0f48e58f0c method=GET clientProtocol=http/1.1 upstreamProtocol=h2 status=200 contentType=application/javascript bytesOut=195194 transfer=fixed upstreamHeadersMs=247.126 downstreamWriteMs=49.153
09-08 01:18:26.458  3095  4233 I ChromePhotosDataPlane: phase=tls_ready correlationId=c129 hostClass=network hostHash=4dce8d0b280a268f clientProtocol=http/1.1 ca=ff56b2f4265f0377
09-08 01:18:26.463  3095  4165 I ChromePhotosDataPlane: origin=real hostClass=network hostHash=f58aed0f48e58f0c method=GET clientProtocol=http/1.1 upstreamProtocol=h2 status=200 contentType=application/javascript bytesOut=171663 transfer=fixed upstreamHeadersMs=265.553 downstreamWriteMs=75.167
09-08 01:18:26.503  3095  4312 I ChromePhotosDataPlane: phase=worker_ready correlationId=c137 admissionWaitMs=0.223
09-08 01:18:26.510  3095  4621 I ChromePhotosDataPlane: phase=worker_ready correlationId=c138 admissionWaitMs=0.223
09-08 01:18:26.575  3095  4307 I ChromePhotosDataPlane: phase=worker_ready correlationId=c139 admissionWaitMs=0.561
09-08 01:18:26.660  3095  4588 I ChromePhotosDataPlane: origin=real hostClass=network hostHash=fdbc7f1491a89ee6 method=GET clientProtocol=http/1.1 upstreamProtocol=h2 status=200 contentType=image/webp bytesIn=2190 bytesOut=2190 cache=miss decision=safe reason=model_allow source=engine probability=0.03790164 basis=None decodeMs=7.759 inferenceMs=599.411 localDecisionMs=1163.082  requestToDeliveryMs=2784.137 upstreamHeadersMs=245.508 sanitizeMs=2530.850 downstreamWriteMs=0.896
09-08 01:18:26.751  3095  4571 I ChromePhotosDataPlane: origin=real hostClass=network hostHash=ee8cdc867bba487e method=POST clientProtocol=http/1.1 upstreamProtocol=h2 status=302 contentType= bytesIn=0 bytesOut=0 cache=miss decision=passthrough  requestToDeliveryMs=180.501 upstreamHeadersMs=172.211 sanitizeMs=1.360 downstreamWriteMs=1.354
09-08 01:18:26.864  3095  4640 I ChromePhotosDataPlane: phase=worker_ready correlationId=c140 admissionWaitMs=0.726
09-08 01:18:26.873  3095  4659 I ChromePhotosDataPlane: phase=worker_ready correlationId=c141 admissionWaitMs=0.323
09-08 01:18:26.892  3095  4642 I ChromePhotosDataPlane: origin=real hostClass=network hostHash=f58aed0f48e58f0c method=POST clientProtocol=http/1.1 upstreamProtocol=h2 status=200 contentType=application/json bytesOut=27704 transfer=chunked upstreamHeadersMs=1405.008 downstreamWriteMs=12.187
09-08 01:18:27.004  3095  4192 I ChromePhotosDataPlane: phase=tls_ready correlationId=c131 hostClass=network hostHash=8d9559743b8b4225 clientProtocol=http/1.1 ca=ff56b2f4265f0377
09-08 01:18:27.066  3095  4662 I ChromePhotosDataPlane: phase=worker_ready correlationId=c142 admissionWaitMs=0.190
09-08 01:18:27.116  3095  4537 I ChromePhotosDataPlane: phase=worker_ready correlationId=c143 admissionWaitMs=0.466
09-08 01:18:27.134  3095  4320 I ChromePhotosDataPlane: phase=worker_ready correlationId=c144 admissionWaitMs=0.232
09-08 01:18:27.148  3095  4233 I ChromePhotosDataPlane: origin=real hostClass=network hostHash=4dce8d0b280a268f method=GET clientProtocol=http/1.1 upstreamProtocol=h2 status=204 contentType= bytesIn=0 bytesOut=0 cache=miss decision=passthrough  requestToDeliveryMs=688.518 upstreamHeadersMs=687.139 sanitizeMs=0.045 downstreamWriteMs=0.306
09-08 01:18:27.159  3095  4616 I ChromePhotosDataPlane: phase=worker_ready correlationId=c145 admissionWaitMs=0.239
09-08 01:18:27.177  3095  4192 I ChromePhotosDataPlane: origin=real hostClass=network hostHash=8d9559743b8b4225 method=POST clientProtocol=http/1.1 upstreamProtocol=h2 status=204 contentType=image/gif bytesIn=0 bytesOut=0 cache=miss decision=passthrough  requestToDeliveryMs=168.386 upstreamHeadersMs=164.846 sanitizeMs=0.076 downstreamWriteMs=0.448
09-08 01:18:27.248  3095  4663 I ChromePhotosDataPlane: origin=real hostClass=network hostHash=df8ab3acb3324531 method=GET clientProtocol=http/1.1 upstreamProtocol=h2 status=304 contentType= bytesOut=0 transfer=fixed upstreamHeadersMs=1108.665 downstreamWriteMs=1.071
09-08 01:18:27.251  3095  4440 I ChromePhotosDataPlane: origin=real hostClass=network hostHash=fdbc7f1491a89ee6 method=GET clientProtocol=http/1.1 upstreamProtocol=h2 status=200 contentType=image/webp bytesIn=2028 bytesOut=2028 cache=miss decision=safe reason=model_allow source=engine probability=0.03386417 basis=None decodeMs=7.881 inferenceMs=575.565 localDecisionMs=1188.232  requestToDeliveryMs=3227.473 upstreamHeadersMs=262.489 sanitizeMs=2954.516 downstreamWriteMs=1.509
09-08 01:18:27.356  3095  4653 I ChromePhotosDataPlane: origin=real hostClass=network hostHash=935e0b482f6ac80a method=GET clientProtocol=http/1.1 upstreamProtocol=h2 status=200 contentType=application/javascript bytesOut=874 transfer=chunked upstreamHeadersMs=364.144 downstreamWriteMs=2.369
09-08 01:18:27.384  3095  4599 I ChromePhotosDataPlane: origin=real hostClass=network hostHash=fdbc7f1491a89ee6 method=GET clientProtocol=http/1.1 upstreamProtocol=h2 status=200 contentType=image/webp bytesIn=6380 bytesOut=6380 cache=miss decision=safe reason=model_allow source=engine probability=0.07566276 basis=None decodeMs=4.361 inferenceMs=135.056 localDecisionMs=719.681  requestToDeliveryMs=3219.494 upstreamHeadersMs=285.848 sanitizeMs=2929.088 downstreamWriteMs=0.891
09-08 01:18:27.499  3095  4306 I ChromePhotosDataPlane: phase=tls_ready correlationId=c130 hostClass=network hostHash=abf8fbf760ef2a86 clientProtocol=http/1.1 ca=ff56b2f4265f0377
09-08 01:18:27.826  3095  4306 I ChromePhotosDataPlane: origin=real hostClass=network hostHash=abf8fbf760ef2a86 method=GET clientProtocol=http/1.1 upstreamProtocol=h2 status=200 contentType=image/png bytesIn=0 bytesOut=6303 cache=miss decision=unknown reason=encoded_image_unsupported source=error probability=-1.0 basis=none decodeMs=0.000 inferenceMs=0.000 localDecisionMs=0.000  requestToDeliveryMs=325.109 upstreamHeadersMs=320.985 sanitizeMs=0.297 downstreamWriteMs=1.297
09-08 01:18:27.829  3095  4328 I ChromePhotosDataPlane: phase=worker_ready correlationId=c146 admissionWaitMs=0.433
09-08 01:18:27.948  3095  4600 I ChromePhotosDataPlane: origin=real hostClass=network hostHash=fdbc7f1491a89ee6 method=GET clientProtocol=http/1.1 upstreamProtocol=h2 status=200 contentType=image/webp bytesIn=16300 bytesOut=16300 cache=miss decision=safe reason=model_allow source=engine probability=0.26753896 basis=None decodeMs=14.946 inferenceMs=545.520 localDecisionMs=680.579  requestToDeliveryMs=3139.114 upstreamHeadersMs=186.718 sanitizeMs=2945.331 downstreamWriteMs=2.167
09-08 01:18:28.013  3095  4213 I ChromePhotosDataPlane: phase=tls_ready correlationId=c132 hostClass=network hostHash=66f6975d8388801b clientProtocol=http/1.1 ca=ff56b2f4265f0377
09-08 01:18:28.079  3095  4306 I ChromePhotosDataPlane: origin=real hostClass=network hostHash=abf8fbf760ef2a86 method=GET clientProtocol=http/1.1 upstreamProtocol=h2 status=200 contentType=image/png bytesIn=0 bytesOut=6303 cache=miss decision=unknown reason=encoded_image_unsupported source=error probability=-1.0 basis=none decodeMs=0.000 inferenceMs=0.000 localDecisionMs=0.000  requestToDeliveryMs=212.583 upstreamHeadersMs=207.556 sanitizeMs=0.288 downstreamWriteMs=1.529
09-08 01:18:28.175  3095  4583 I ChromePhotosDataPlane: phase=worker_ready correlationId=c147 admissionWaitMs=0.288
09-08 01:18:28.271  3095  4591 I ChromePhotosDataPlane: phase=worker_ready correlationId=c148 admissionWaitMs=0.276
09-08 01:18:28.283  3095  4590 I ChromePhotosDataPlane: phase=worker_ready correlationId=c149 admissionWaitMs=0.304
09-08 01:18:28.345  3095  4326 I ChromePhotosDataPlane: phase=worker_ready correlationId=c150 admissionWaitMs=0.737
09-08 01:18:28.357  3095  4379 I ChromePhotosDataPlane: phase=worker_ready correlationId=c151 admissionWaitMs=0.308
09-08 01:18:28.543  3095  4601 I ChromePhotosDataPlane: origin=real hostClass=network hostHash=fdbc7f1491a89ee6 method=GET clientProtocol=http/1.1 upstreamProtocol=h2 status=200 contentType=image/webp bytesIn=25378 bytesOut=25378 cache=miss decision=safe reason=model_allow source=engine probability=0.09926775 basis=None decodeMs=22.258 inferenceMs=569.416 localDecisionMs=1133.793  requestToDeliveryMs=3008.079 upstreamHeadersMs=176.754 sanitizeMs=2822.553 downstreamWriteMs=1.801
09-08 01:18:28.609  3095  4382 I ChromePhotosDataPlane: phase=tls_ready correlationId=c133 hostClass=network hostHash=0a2b1f067e5ed787 clientProtocol=http/1.1 ca=ff56b2f4265f0377
09-08 01:18:28.643  3095  4213 I ChromePhotosDataPlane: origin=real hostClass=network hostHash=66f6975d8388801b method=GET clientProtocol=http/1.1 upstreamProtocol=h2 status=403 contentType=application/xml bytesOut=243 transfer=chunked upstreamHeadersMs=623.964 downstreamWriteMs=2.236
09-08 01:18:28.737  3095  4382 I ChromePhotosDataPlane: origin=real hostClass=network hostHash=0a2b1f067e5ed787 method=GET clientProtocol=http/1.1 upstreamProtocol=h2 status=304 contentType= bytesOut=0 transfer=fixed upstreamHeadersMs=123.679 downstreamWriteMs=1.304
09-08 01:18:28.967  3095  4282 I ChromePhotosDataPlane: phase=tls_ready correlationId=c134 hostClass=network hostHash=07caf1d8d64e8f89 clientProtocol=http/1.1 ca=ff56b2f4265f0377
09-08 01:18:29.022  3095  4642 I ChromePhotosDataPlane: origin=real hostClass=network hostHash=f58aed0f48e58f0c method=POST clientProtocol=http/1.1 upstreamProtocol=h2 status=204 contentType= bytesOut=0 transfer=fixed upstreamHeadersMs=750.530 downstreamWriteMs=1.168
09-08 01:18:29.092  3095  4441 I ChromePhotosDataPlane: origin=real hostClass=network hostHash=e2ccecf673591338 method=GET clientProtocol=http/1.1 upstreamProtocol=h2 status=200 contentType=image/png bytesIn=43 bytesOut=6303 cache=miss decision=unknown reason=unsupported_gif source=error probability=-1.0 basis=none decodeMs=0.000 inferenceMs=0.000 localDecisionMs=0.000  requestToDeliveryMs=2021.255 upstreamHeadersMs=261.589 sanitizeMs=1756.329 downstreamWriteMs=0.674
09-08 01:18:29.097  3095  4639 I ChromePhotosDataPlane: origin=real hostClass=network hostHash=fdbc7f1491a89ee6 method=GET clientProtocol=http/1.1 upstreamProtocol=h2 status=200 contentType=image/webp bytesIn=16002 bytesOut=16002 cache=miss decision=safe reason=model_allow source=engine probability=0.06782976 basis=None decodeMs=17.854 inferenceMs=534.551 localDecisionMs=1129.663  requestToDeliveryMs=2987.314 upstreamHeadersMs=181.488 sanitizeMs=2796.673 downstreamWriteMs=0.856
09-08 01:18:29.426  3095  4314 I ChromePhotosDataPlane: phase=tls_ready correlationId=c135 hostClass=network hostHash=0cb87e7c434c3594 clientProtocol=http/1.1 ca=ff56b2f4265f0377
09-08 01:18:29.643  3095  4588 I ChromePhotosDataPlane: origin=real hostClass=network hostHash=fdbc7f1491a89ee6 method=GET clientProtocol=http/1.1 upstreamProtocol=h2 status=200 contentType=image/webp bytesIn=17738 bytesOut=17738 cache=miss decision=safe reason=model_allow source=engine probability=0.094395995 basis=None decodeMs=14.567 inferenceMs=528.750 localDecisionMs=1080.195  requestToDeliveryMs=2938.104 upstreamHeadersMs=183.557 sanitizeMs=2742.843 downstreamWriteMs=4.541
09-08 01:18:29.646  3095  4419 I ChromePhotosDataPlane: origin=real hostClass=network hostHash=d8ecf352ffa86f18 method=GET clientProtocol=http/1.1 upstreamProtocol=h2 status=200 contentType=image/png bytesIn=43 bytesOut=6303 cache=miss decision=unknown reason=unsupported_gif source=error probability=-1.0 basis=none decodeMs=0.000 inferenceMs=0.000 localDecisionMs=0.000  requestToDeliveryMs=2582.693 upstreamHeadersMs=402.134 sanitizeMs=2169.194 downstreamWriteMs=8.702
09-08 01:18:29.774  3095  4440 I ChromePhotosDataPlane: origin=real hostClass=network hostHash=fdbc7f1491a89ee6 method=GET clientProtocol=http/1.1 upstreamProtocol=h2 status=200 contentType=image/png bytesIn=6621 bytesOut=6621 cache=miss decision=safe reason=model_allow source=engine probability=0.010038227 basis=None decodeMs=2.779 inferenceMs=131.328 localDecisionMs=673.443  requestToDeliveryMs=2483.696 upstreamHeadersMs=173.181 sanitizeMs=2302.032 downstreamWriteMs=1.860
09-08 01:18:29.905  3095  4599 I ChromePhotosDataPlane: origin=real hostClass=network hostHash=fdbc7f1491a89ee6 method=GET clientProtocol=http/1.1 upstreamProtocol=h2 status=200 contentType=image/png bytesIn=7462 bytesOut=7462 cache=miss decision=safe reason=model_allow source=engine probability=0.022609293 basis=None decodeMs=2.698 inferenceMs=132.359 localDecisionMs=256.418  requestToDeliveryMs=2474.614 upstreamHeadersMs=204.835 sanitizeMs=2265.366 downstreamWriteMs=0.912
09-08 01:18:30.047  3095  4600 I ChromePhotosDataPlane: origin=real hostClass=network hostHash=fdbc7f1491a89ee6 method=GET clientProtocol=http/1.1 upstreamProtocol=h2 status=200 contentType=image/webp bytesIn=7354 bytesOut=7354 cache=miss decision=safe reason=model_allow source=engine probability=0.020469993 basis=None decodeMs=5.395 inferenceMs=131.237 localDecisionMs=263.846  requestToDeliveryMs=2054.924 upstreamHeadersMs=177.203 sanitizeMs=1868.300 downstreamWriteMs=1.952
09-08 01:18:30.183  3095  4601 I ChromePhotosDataPlane: origin=real hostClass=network hostHash=fdbc7f1491a89ee6 method=GET clientProtocol=http/1.1 upstreamProtocol=h2 status=200 contentType=image/webp bytesIn=12548 bytesOut=12548 cache=miss decision=safe reason=model_allow source=engine probability=0.0034264326 basis=None decodeMs=5.981 inferenceMs=133.990 localDecisionMs=268.772  requestToDeliveryMs=1590.675 upstreamHeadersMs=183.235 sanitizeMs=1402.979 downstreamWriteMs=1.056
09-08 01:18:30.194  3095  4310 I ChromePhotosDataPlane: phase=tls_ready correlationId=c136 hostClass=network hostHash=d84a36a05e56cc9d clientProtocol=http/1.1 ca=ff56b2f4265f0377
09-08 01:18:30.316  3095  4314 I ChromePhotosDataPlane: origin=real hostClass=network hostHash=0cb87e7c434c3594 method=GET clientProtocol=http/1.1 upstreamProtocol=h2 status=200 contentType=application/xml bytesOut=86 transfer=fixed upstreamHeadersMs=884.864 downstreamWriteMs=1.824
09-08 01:18:30.340  3095  4282 I ChromePhotosDataPlane: origin=real hostClass=network hostHash=07caf1d8d64e8f89 method=GET clientProtocol=http/1.1 upstreamProtocol=h2 status=200 contentType=image/png bytesIn=43 bytesOut=6303 cache=miss decision=unknown reason=unsupported_gif source=error probability=-1.0 basis=none decodeMs=0.000 inferenceMs=0.000 localDecisionMs=0.000  requestToDeliveryMs=1371.772 upstreamHeadersMs=951.270 sanitizeMs=405.845 downstreamWriteMs=13.460
09-08 01:18:30.341  3095  4639 I ChromePhotosDataPlane: origin=real hostClass=network hostHash=fdbc7f1491a89ee6 method=GET clientProtocol=http/1.1 upstreamProtocol=h2 status=200 contentType=image/webp bytesIn=5412 bytesOut=5412 cache=miss decision=safe reason=model_allow source=engine probability=0.06589651 basis=None decodeMs=5.823 inferenceMs=134.883 localDecisionMs=273.523  requestToDeliveryMs=1203.272 upstreamHeadersMs=164.832 sanitizeMs=1017.377 downstreamWriteMs=15.557
09-08 01:18:30.393  3095  4310 I ChromePhotosDataPlane: origin=real hostClass=network hostHash=d84a36a05e56cc9d method=GET clientProtocol=http/1.1 upstreamProtocol=h2 status=200 contentType=application/x-javascript bytesOut=155805 transfer=fixed upstreamHeadersMs=136.432 downstreamWriteMs=54.121
09-08 01:18:30.463  3095  4588 I ChromePhotosDataPlane: origin=real hostClass=network hostHash=fdbc7f1491a89ee6 method=GET clientProtocol=http/1.1 upstreamProtocol=h2 status=200 contentType=image/png bytesIn=25318 bytesOut=25318 cache=miss decision=safe reason=model_allow source=engine probability=0.02602917 basis=None decodeMs=3.995 inferenceMs=134.408 localDecisionMs=273.181  requestToDeliveryMs=768.935 upstreamHeadersMs=189.403 sanitizeMs=573.765 downstreamWriteMs=1.276
09-08 01:18:30.702  3095  4621 I ChromePhotosDataPlane: phase=tls_ready correlationId=c138 hostClass=network hostHash=191347bfe55d0ca9 clientProtocol=http/1.1 ca=ff56b2f4265f0377
09-08 01:18:30.943  3095  4621 I ChromePhotosDataPlane: origin=real hostClass=network hostHash=191347bfe55d0ca9 method=POST clientProtocol=http/1.1 upstreamProtocol=h2 status=200 contentType=text/html bytesOut=0 transfer=fixed upstreamHeadersMs=237.180 downstreamWriteMs=0.660
09-08 01:18:30.951  3095  4621 I ChromePhotosDataPlane: phase=worker_ready correlationId=c152 admissionWaitMs=0.281
09-08 01:18:31.014  3095  4440 I ChromePhotosDataPlane: origin=real hostClass=network hostHash=fdbc7f1491a89ee6 method=GET clientProtocol=http/1.1 upstreamProtocol=h2 status=200 contentType=image/webp bytesIn=24630 bytesOut=24630 cache=miss decision=safe reason=model_allow source=engine probability=0.24903974 basis=None decodeMs=15.343 inferenceMs=531.861 localDecisionMs=658.183  requestToDeliveryMs=1194.617 upstreamHeadersMs=218.631 sanitizeMs=967.461 downstreamWriteMs=2.165
09-08 01:18:31.361  3095  4312 I ChromePhotosDataPlane: phase=tls_ready correlationId=c137 hostClass=network hostHash=fa24434ded0218fe clientProtocol=http/1.1 ca=ff56b2f4265f0377
09-08 01:18:31.562  3095  4599 I ChromePhotosDataPlane: origin=real hostClass=network hostHash=fdbc7f1491a89ee6 method=GET clientProtocol=http/1.1 upstreamProtocol=h2 status=200 contentType=image/webp bytesIn=38268 bytesOut=38268 cache=miss decision=safe reason=model_allow source=engine probability=0.10734418 basis=None decodeMs=18.311 inferenceMs=531.798 localDecisionMs=1083.194  requestToDeliveryMs=1615.969 upstreamHeadersMs=253.764 sanitizeMs=1358.679 downstreamWriteMs=1.303
09-08 01:18:31.567  3095  4312 I ChromePhotosDataPlane: origin=real hostClass=network hostHash=fa24434ded0218fe method=GET clientProtocol=http/1.1 upstreamProtocol=h2 status=200 contentType=text/javascript bytesOut=2741 transfer=fixed upstreamHeadersMs=196.075 downstreamWriteMs=7.242
09-08 01:18:31.700  3095  4312 I ChromePhotosDataPlane: origin=real hostClass=network hostHash=fa24434ded0218fe method=GET clientProtocol=http/1.1 upstreamProtocol=h2 status=200 contentType=text/javascript bytesOut=2750 transfer=fixed upstreamHeadersMs=74.898 downstreamWriteMs=1.106
09-08 01:18:31.812  3095  4312 I ChromePhotosDataPlane: origin=real hostClass=network hostHash=fa24434ded0218fe method=GET clientProtocol=http/1.1 upstreamProtocol=h2 status=200 contentType=text/javascript bytesOut=2745 transfer=fixed upstreamHeadersMs=69.150 downstreamWriteMs=1.119
09-08 01:18:31.889  3095  4329 I ChromePhotosDataPlane: phase=worker_ready correlationId=c153 admissionWaitMs=4.863
09-08 01:18:31.929  3095  4312 I ChromePhotosDataPlane: origin=real hostClass=network hostHash=fa24434ded0218fe method=GET clientProtocol=http/1.1 upstreamProtocol=h2 status=200 contentType=text/javascript bytesOut=2747 transfer=fixed upstreamHeadersMs=69.097 downstreamWriteMs=1.110
09-08 01:18:32.052  3095  4399 I ChromePhotosDataPlane: phase=worker_ready correlationId=c154 admissionWaitMs=0.268
09-08 01:18:32.111  3095  4320 I ChromePhotosDataPlane: phase=tls_ready correlationId=c144 hostClass=network hostHash=191347bfe55d0ca9 clientProtocol=http/1.1 ca=ff56b2f4265f0377
09-08 01:18:32.118  3095  4307 I ChromePhotosDataPlane: phase=tls_ready correlationId=c139 hostClass=network hostHash=ef6a1cd63150fbbc clientProtocol=http/1.1 ca=ff56b2f4265f0377
09-08 01:18:32.122  3095  4537 I ChromePhotosDataPlane: phase=tls_ready correlationId=c143 hostClass=network hostHash=fa24434ded0218fe clientProtocol=http/1.1 ca=ff56b2f4265f0377
09-08 01:18:32.125  3095  4659 I ChromePhotosDataPlane: phase=tls_ready correlationId=c141 hostClass=network hostHash=191347bfe55d0ca9 clientProtocol=http/1.1 ca=ff56b2f4265f0377
09-08 01:18:32.126  3095  4662 I ChromePhotosDataPlane: phase=tls_ready correlationId=c142 hostClass=network hostHash=191347bfe55d0ca9 clientProtocol=http/1.1 ca=ff56b2f4265f0377
09-08 01:18:32.132  3095  4616 I ChromePhotosDataPlane: phase=tls_ready correlationId=c145 hostClass=network hostHash=191347bfe55d0ca9 clientProtocol=http/1.1 ca=ff56b2f4265f0377
09-08 01:18:32.141  3095  4640 I ChromePhotosDataPlane: phase=tls_ready correlationId=c140 hostClass=network hostHash=191347bfe55d0ca9 clientProtocol=http/1.1 ca=ff56b2f4265f0377
09-08 01:18:32.208  3095  4320 I ChromePhotosDataPlane: origin=real hostClass=network hostHash=191347bfe55d0ca9 method=POST clientProtocol=http/1.1 upstreamProtocol=h2 status=200 contentType=text/plain bytesOut=0 transfer=fixed upstreamHeadersMs=73.856 downstreamWriteMs=0.845
09-08 01:18:32.220  3095  4512 I ChromePhotosDataPlane: phase=worker_ready correlationId=c155 admissionWaitMs=0.223
09-08 01:18:32.242  3095  4616 I ChromePhotosDataPlane: origin=real hostClass=network hostHash=191347bfe55d0ca9 method=POST clientProtocol=http/1.1 upstreamProtocol=h2 status=200 contentType=text/html bytesOut=0 transfer=fixed upstreamHeadersMs=71.208 downstreamWriteMs=0.786
09-08 01:18:32.246  3095  4269 I ChromePhotosDataPlane: phase=worker_ready correlationId=c156 admissionWaitMs=0.211
09-08 01:18:32.248  3095  4600 I ChromePhotosDataPlane: origin=real hostClass=network hostHash=fdbc7f1491a89ee6 method=GET clientProtocol=http/1.1 upstreamProtocol=h2 status=200 contentType=image/webp bytesIn=22370 bytesOut=22370 cache=miss decision=safe reason=model_allow source=engine probability=0.24491698 basis=None decodeMs=15.396 inferenceMs=669.306 localDecisionMs=1206.659  requestToDeliveryMs=2159.173 upstreamHeadersMs=273.708 sanitizeMs=1880.147 downstreamWriteMs=1.030
09-08 01:18:32.261  3095  4662 I ChromePhotosDataPlane: origin=real hostClass=network hostHash=191347bfe55d0ca9 method=POST clientProtocol=http/1.1 upstreamProtocol=h2 status=200 contentType=text/plain bytesOut=0 transfer=fixed upstreamHeadersMs=109.343 downstreamWriteMs=0.619
09-08 01:18:32.269  3095  4434 I ChromePhotosDataPlane: phase=worker_ready correlationId=c157 admissionWaitMs=0.352
09-08 01:18:32.280  3095  4383 I ChromePhotosDataPlane: origin=real hostClass=network hostHash=a552b937eecf21c7 method=GET clientProtocol=http/1.1 upstreamProtocol=h2 status=200 contentType=image/png bytesIn=0 bytesOut=6303 cache=miss decision=unknown reason=encoded_image_unsupported source=error probability=-1.0 basis=none decodeMs=0.000 inferenceMs=0.000 localDecisionMs=0.000  requestToDeliveryMs=252.402 upstreamHeadersMs=243.084 sanitizeMs=0.194 downstreamWriteMs=1.118
09-08 01:18:32.309  3095  4640 I ChromePhotosDataPlane: origin=real hostClass=network hostHash=191347bfe55d0ca9 method=POST clientProtocol=http/1.1 upstreamProtocol=h2 status=200 contentType=text/plain bytesOut=0 transfer=fixed upstreamHeadersMs=134.802 downstreamWriteMs=0.739
09-08 01:18:32.390  3095  4307 I ChromePhotosDataPlane: phase=media_shield_document origin=real hostClass=network hostHash=ef6a1cd63150fbbc result=transformed documentSequence=9 navigationSequence=4 token=698f0223f8a4 bytesOut=112864 upstreamHeadersMs=184.202 documentDecisionMs=81.614 downstreamWriteMs=3.206
09-08 01:18:32.509  3095  4653 I ChromePhotosDataPlane: origin=real hostClass=network hostHash=935e0b482f6ac80a method=GET clientProtocol=http/1.1 upstreamProtocol=h2 status=204 contentType= bytesIn=0 bytesOut=0 cache=miss decision=passthrough  requestToDeliveryMs=321.829 upstreamHeadersMs=318.532 sanitizeMs=0.090 downstreamWriteMs=0.894
09-08 01:18:32.737  3095  4328 I ChromePhotosDataPlane: phase=tls_ready correlationId=c146 hostClass=network hostHash=abf8fbf760ef2a86 clientProtocol=http/1.1 ca=ff56b2f4265f0377
09-08 01:18:32.745  3095  4653 I ChromePhotosDataPlane: origin=real hostClass=network hostHash=935e0b482f6ac80a method=GET clientProtocol=http/1.1 upstreamProtocol=h2 status=200 contentType=application/x-javascript bytesOut=854 transfer=fixed upstreamHeadersMs=175.553 downstreamWriteMs=1.742
09-08 01:18:32.753  3095  4583 I ChromePhotosDataPlane: phase=tls_ready correlationId=c147 hostClass=network hostHash=fa24434ded0218fe clientProtocol=http/1.1 ca=ff56b2f4265f0377
09-08 01:18:32.799  3095  4601 I ChromePhotosDataPlane: origin=real hostClass=network hostHash=fdbc7f1491a89ee6 method=GET clientProtocol=http/1.1 upstreamProtocol=h2 status=200 contentType=image/webp bytesIn=31020 bytesOut=31020 cache=miss decision=safe reason=model_allow source=engine probability=0.12847963 basis=None decodeMs=17.380 inferenceMs=532.528 localDecisionMs=1205.696  requestToDeliveryMs=2569.742 upstreamHeadersMs=295.477 sanitizeMs=2267.398 downstreamWriteMs=0.995
09-08 01:18:32.946  3095  4639 I ChromePhotosDataPlane: origin=real hostClass=network hostHash=fdbc7f1491a89ee6 method=GET clientProtocol=http/1.1 upstreamProtocol=h2 status=200 contentType=image/webp bytesIn=20724 bytesOut=20724 cache=miss decision=safe reason=model_allow source=engine probability=0.03526777 basis=None decodeMs=7.028 inferenceMs=141.006 localDecisionMs=687.601  requestToDeliveryMs=2554.465 upstreamHeadersMs=304.386 sanitizeMs=2245.397 downstreamWriteMs=1.253
09-08 01:18:33.315  3095  4590 I ChromePhotosDataPlane: phase=tls_ready correlationId=c149 hostClass=network hostHash=505bd18b6650e44b clientProtocol=http/1.1 ca=ff56b2f4265f0377
09-08 01:18:33.490  3095  4590 I ChromePhotosDataPlane: origin=real hostClass=network hostHash=505bd18b6650e44b method=POST clientProtocol=http/1.1 upstreamProtocol=h2 status=204 contentType=text/plain bytesOut=0 transfer=fixed upstreamHeadersMs=170.731 downstreamWriteMs=0.773
09-08 01:18:33.537  3095  4588 I ChromePhotosDataPlane: origin=real hostClass=network hostHash=fdbc7f1491a89ee6 method=GET clientProtocol=http/1.1 upstreamProtocol=h2 status=200 contentType=image/webp bytesIn=14462 bytesOut=14462 cache=miss decision=safe reason=model_allow source=engine probability=0.029973358 basis=None decodeMs=18.754 inferenceMs=555.913 localDecisionMs=703.316  requestToDeliveryMs=3020.884 upstreamHeadersMs=338.515 sanitizeMs=2663.978 downstreamWriteMs=4.196
09-08 01:18:33.610  3095  4591 I ChromePhotosDataPlane: phase=tls_ready correlationId=c148 hostClass=network hostHash=f866b7a904344e57 clientProtocol=http/1.1 ca=ff56b2f4265f0377
09-08 01:18:33.661  3095  4440 I ChromePhotosDataPlane: origin=real hostClass=network hostHash=fdbc7f1491a89ee6 method=GET clientProtocol=http/1.1 upstreamProtocol=h2 status=200 contentType=image/webp bytesIn=4476 bytesOut=4476 cache=miss decision=safe reason=model_allow source=engine probability=0.0146947205 basis=None decodeMs=3.863 inferenceMs=134.675 localDecisionMs=711.927  requestToDeliveryMs=2603.846 upstreamHeadersMs=169.003 sanitizeMs=2431.102 downstreamWriteMs=0.818
09-08 01:18:33.661  3095  4659 I ChromePhotosDataPlane: origin=real hostClass=network hostHash=191347bfe55d0ca9 method=GET clientProtocol=http/1.1 upstreamProtocol=h2 status=200 contentType=image/png bytesIn=42 bytesOut=6303 cache=miss decision=unknown reason=unsupported_gif source=error probability=-1.0 basis=none decodeMs=0.000 inferenceMs=0.000 localDecisionMs=0.000  requestToDeliveryMs=1508.685 upstreamHeadersMs=293.980 sanitizeMs=1212.012 downstreamWriteMs=0.645
09-08 01:18:33.793  3095  4659 I ChromePhotosDataPlane: origin=real hostClass=network hostHash=191347bfe55d0ca9 method=POST clientProtocol=http/1.1 upstreamProtocol=h2 status=200 contentType=text/html bytesOut=0 transfer=fixed upstreamHeadersMs=74.671 downstreamWriteMs=0.906
09-08 01:18:33.802  3095  4591 I ChromePhotosDataPlane: origin=real hostClass=network hostHash=f866b7a904344e57 method=POST clientProtocol=http/1.1 upstreamProtocol=h2 status=204 contentType=text/plain bytesOut=0 transfer=fixed upstreamHeadersMs=189.356 downstreamWriteMs=0.542
09-08 01:18:33.802  3095  4599 I ChromePhotosDataPlane: origin=real hostClass=network hostHash=fdbc7f1491a89ee6 method=GET clientProtocol=http/1.1 upstreamProtocol=h2 status=200 contentType=image/webp bytesIn=4032 bytesOut=4032 cache=miss decision=safe reason=model_allow source=engine probability=0.045313567 basis=None decodeMs=5.251 inferenceMs=134.684 localDecisionMs=259.672  requestToDeliveryMs=2191.650 upstreamHeadersMs=172.931 sanitizeMs=2014.910 downstreamWriteMs=0.924
09-08 01:18:33.946  3095  4600 I ChromePhotosDataPlane: origin=real hostClass=network hostHash=fdbc7f1491a89ee6 method=GET clientProtocol=http/1.1 upstreamProtocol=h2 status=200 contentType=image/webp bytesIn=4082 bytesOut=4082 cache=miss decision=safe reason=model_allow source=engine probability=0.01923281 basis=None decodeMs=5.570 inferenceMs=134.321 localDecisionMs=277.714  requestToDeliveryMs=1651.729 upstreamHeadersMs=164.078 sanitizeMs=1480.286 downstreamWriteMs=1.593
09-08 01:18:34.080  3095  4601 I ChromePhotosDataPlane: origin=real hostClass=network hostHash=fdbc7f1491a89ee6 method=GET clientProtocol=http/1.1 upstreamProtocol=h2 status=200 contentType=image/webp bytesIn=5646 bytesOut=5646 cache=miss decision=safe reason=model_allow source=engine probability=0.013387382 basis=None decodeMs=5.293 inferenceMs=133.081 localDecisionMs=273.007  requestToDeliveryMs=1231.490 upstreamHeadersMs=169.747 sanitizeMs=1056.545 downstreamWriteMs=0.827
09-08 01:18:34.223  3095  4639 I ChromePhotosDataPlane: origin=real hostClass=network hostHash=fdbc7f1491a89ee6 method=GET clientProtocol=http/1.1 upstreamProtocol=h2 status=200 contentType=image/webp bytesIn=3862 bytesOut=3862 cache=miss decision=safe reason=model_allow source=engine probability=0.021878213 basis=None decodeMs=5.535 inferenceMs=134.845 localDecisionMs=271.665  requestToDeliveryMs=1228.137 upstreamHeadersMs=185.118 sanitizeMs=1034.803 downstreamWriteMs=0.866
09-08 01:18:34.247  3095  4326 I ChromePhotosDataPlane: phase=tls_ready correlationId=c150 hostClass=network hostHash=7ffe8698ca81d914 clientProtocol=http/1.1 ca=ff56b2f4265f0377
09-08 01:18:34.259  3095  4379 I ChromePhotosDataPlane: phase=tls_ready correlationId=c151 hostClass=network hostHash=fa24434ded0218fe clientProtocol=http/1.1 ca=ff56b2f4265f0377
09-08 01:18:34.261  3095  4621 I ChromePhotosDataPlane: phase=tls_ready correlationId=c152 hostClass=network hostHash=191347bfe55d0ca9 clientProtocol=http/1.1 ca=ff56b2f4265f0377
09-08 01:18:34.321  3095  4621 I ChromePhotosDataPlane: origin=real hostClass=network hostHash=191347bfe55d0ca9 method=POST clientProtocol=http/1.1 upstreamProtocol=h2 status=200 contentType=text/plain bytesOut=0 transfer=fixed upstreamHeadersMs=53.178 downstreamWriteMs=0.426
09-08 01:18:34.362  3095  4588 I ChromePhotosDataPlane: origin=real hostClass=network hostHash=fdbc7f1491a89ee6 method=GET clientProtocol=http/1.1 upstreamProtocol=h2 status=200 contentType=image/webp bytesIn=1242 bytesOut=1242 cache=miss decision=safe reason=model_allow source=engine probability=0.011096597 basis=None decodeMs=3.700 inferenceMs=135.862 localDecisionMs=279.475  requestToDeliveryMs=787.261 upstreamHeadersMs=169.937 sanitizeMs=611.265 downstreamWriteMs=0.884
09-08 01:18:34.366  3095  3095 I ChromePhotosDataPlane: phase=status statusSequence=2 lifecycle=PresentationReady active=true ready=true connections=157 requests=305 safe=52 blocked=0 unknown=21 passthrough=202 cacheHits=2 cacheMisses=61 failures=5 clientDisconnects=0 bytesIn=8893754 bytesOut=9287847 streamed=122 proxyQueueRejects=0 proxyActivePeak=64 proxyP50Ms=195.694 proxyP95Ms=2318.789 proxyP99Ms=3021.890 upstreamSockets=101 protectSuccess=101 protectFailure=0 web11a=not_run web11b=not_run modelLoadMs=409.920 engineCalls=50 dedupeHits=1 decisionCacheConfig=64 decisionConcurrencyConfig=1 decisionQueueConfig=2 decisionTimeoutMs=5000 engineCallsPerRequest=0.9259259259259259 inferencePeak=1 inFlightPeak=2 queuePeak=1 queueRejects=0 timeouts=0 inferenceP50Ms=141.00625 inferenceP95Ms=620.18302 inferenceP99Ms=669.306251 decisionP50Ms=288.038021 decisionP95Ms=1205.696249 decisionP99Ms=1284.942864 cacheHitP50Ms=0.042969 cacheHitP95Ms=0.042969 cacheEntries=49 cacheEvictions=0 preprocessP50Ms=7.027657 preprocessP95Ms=34.886041 preprocessP99Ms=58.03927 preparedCount1=33 preparedCount4=16 preparedCount5=0 preparedCountOther=0 decisionBasis=None:49 imageCandidates=78 imagePrefixPeeks=21 imageMagicCandidates=0 imageBodyAdmissionPeak=2 imageBodyAdmissionRejects=0 networkVisualCandidates=75 networkVisualReplaced=0 networkVisualRawDelivered=0 networkVisualSafeRawDelivered=52 networkVisualBlockedReplaced=0 networkVisualUnknownReplaced=0 networkVisualUnsupportedReplaced=20 networkVisualRawBlockedDelivered=0 networkVisualRawUnknownDelivered=0 networkVisualCacheHit=2 networkVisualInference=49 mediaDocumentsTransformed=9 mediaDocumentsFailClosed=2 documentTransformOutstanding=0 readyTokensOutstanding=9 uiSvgRegistered=1 uiSvgRegistryBytes=134 uiSvgCssRewritten=1 uiSvgCssRejected=0 uiSvgNetworkAccepted=11 uiSvgNetworkRejected=1 uiSvgAssetServed=3 uiSvgAssetRejected=0 h18=REPORT=not_run,EVENT_SEQUENCE=0,COMPAT_DOCS=0,STRICT_DOCS=0,STYLE_REQ=0,SCRIPT_REQ=0,DATA_REQ=0,NETWORK_REQ=0,REPORTS=0,LAST_DOC=none,NETWORK_SHA=ee17e3f62edde61823ce35732ea168f4f5986bff347ccfac063eca7f4009ee1b,AUDIT_SHA=74d4467bbf6833db4eeab998495b7dfc50db3b1f04f407704b839ad3f4b25582 h19=REPORT=not_run,DOCUMENTS=0,FRAMES=0,SCRIPTS=0,FIRST_ORIGINAL_SCRIPTS=0,STYLES=0,WORKERS=0,SERVICE_WORKERS=0,FRAME_REPORTS=0,FRAME_REPORT_REJECTS=0,FRAME_REPORT=not_run,FRAME_REPORT_SHA=not_run,FRAME_CHALLENGE_SHA=not_run,FRAME_GENERATION=0,FRAME_ACCEPTED_CHALLENGE_SHA=not_run,FRAME_REPORT_BINDING_SHA=not_run,SAME_URL_BODIES=0,REPORTS=0,SW_BOUNDARY={INSTALL_DOCS=0,WORKER_SCRIPTS=0,WORKER_PROBE_SCRIPTS=0,PROBE_DOCS=0,CLEANUP_DOCS=0,REPORTS_ACCEPTED=0,REPORTS_REJECTED=0,CONTROLLER_PRESENT=0,CONTROLLER_MISSING=0,NAV_FETCHES=0,SELF_READY_FETCHES=0,SELF_READY_PASS_THROUGH=0,SELF_READY_SYNTHETIC=0,NAV_SYNTHETIC=0,RESET_BASELINE_CLEAN=0,RESET_BASELINE_DIRTY=0,REGISTER_BLOCKED=0,REGISTER_SUCCEEDED=0,WORKER_REGISTER_BLOCKED=0,WORKER_REGISTER_SUCCEEDED=0,WORKER_REGISTER_UNSUPPORTED=0,WORKER_REGISTER_ERROR=0,LAST_CASE=none,LAST_EVENT=none,LAST_VALUE=none},UI_SVG={INLINE_ORIGINAL:PASS,INLINE_CLICK:PASS,SPRITE_ORIGINAL:PASS,UNSAFE_SPRITE_FAIL_CLOSED:PASS,STATIC_CSS:PASS,EXTERNAL_CSS:PASS,STYLE_ATTRIBUTE:PASS,DATA_IMAGE:PASS,FAVICON:PASS,PROTECTED_HEAD_RETENTION:PASS,NETWORK_SVG:PASS,UNSAFE_NETWORK_FAIL_CLOSED:PASS,DYNAMIC_CSS:PASS,RASTER_FAIL_CLOSED:PASS,UNSAFE_INLINE_FAIL_CLOSED:PASS} quicAttempts=0 directTcpAttempts=0 bootstrapResetGeneration=2 bootstrapCompleteGeneration=2 bootstrapResetCount=3 chromeSuspended=false guardSession=528 guardHeartbeatSequence=232 audit17State=0 audit17Navigation=0 audit17Events=82 audit17Dropped=0
09-08 01:18:34.367  3095  3095 I ChromeMediaShieldStatus: v=1 seq=2 kind=network mode=selective candidates=75 replaced=0 rawDelivered=0 safeRaw=52 blockedReplaced=0 unknownReplaced=0 unsupportedReplaced=20 rawBlocked=0 rawUnknown=0 cacheHit=2 decisionEngine=49 engineCalls=50
09-08 01:18:34.367  3095  3095 I ChromeMediaShieldStatus: v=1 seq=2 kind=document transformed=9 failClosed=2 outstanding=0 issued=9 claims=4 documentSequence=8 navigationSequence=4 readyRequests=12 readyPreflights=0 readyAccepted=4 readyRejected=0 parserBarrierRequests=0 parserBarrierReady=0 parserBarrierFailClosed=0 selfShield=true selfReadyRequests=4 selfReadyAccepted=4 selfReadyRejected=0 selfReadyRejectReason=none selfShieldReleaseCompleted=4 selfShieldParserContinued=4 selfShieldOriginalScriptStarted=0 selfShieldTraceRejected=0 selfShieldTraceOutstanding=2 bootstrapDiagnosticAccepted=0 bootstrapDiagnosticRejected=0 bootstrapDiagnosticRejectReason=none bootstrapDiagnosticStage=none bootstrapDiagnosticReason=none bootstrapDiagnosticOutstanding=0
09-08 01:18:34.367  3095  3095 I ChromeMediaShieldStatus: v=1 seq=2 kind=renderer reports=0 rejected=0 globalCallbacks=0 globalRecords=0 childRecords=0 attributeRecords=0 maxRecords=0 scanCalls=0 scanRoot=0 scanNodes=0 maxScanNodes=0 scanMicros=0 maxScanMicros=0 observerChildScans=0 observerAttributeScans=0 guardedScans=0 markupScans=0 shadowScans=0 initialScans=0 otherScans=0 sanitizeElement=0 sanitizeContainer=0 img=0 source=0 svg=0 iframe=0 canvas=0 video=0 safeIcon=0 lockIcon=0 geometryWrites=0 svgRecords=0 shadowRoots=0 shadowObservers=0 shadowCallbacks=0 shadowRecords=0 shadowScanCalls=0 ensureStyle=0 ensureCurtain=0 internalMutations=0
09-08 01:18:34.367  3095  3095 I ChromeMediaShieldStatus: v=1 seq=2 kind=rendererApis callScan=createElement=0/0 createElementNS=0/0 appendChild=0/0 insertBefore=0/0 replaceChild=0/0 append=0/0 prepend=0/0 replaceChildren=0/0 before=0/0 after=0/0 replaceWith=0/0 adjacentElement=0/0 moveBefore=0/0 rangeInsert=0/0 rangeSurround=0/0 adoptNode=0/0 cloneNode=0/0 importNode=0/0 safeMarkup=0/0 innerHTML=0/0 outerHTML=0/0 insertAdjacentHTML=0/0 setHTML=0/0 shadowInnerHTML=0/0 execCommandInsertHTML=0/0 mappedTextContent=0/0
09-08 01:18:34.367  3095  3095 I ChromeMediaShieldStatus: v=1 seq=2 kind=rendererFamilies roots=element/fragment/text/other factory:calls=0,scans=0,direct=0,roots=0/0/0/0,nodes=0,micros=0,maxMicros=0 domGuard:calls=0,scans=0,direct=0,roots=0/0/0/0,nodes=0,micros=0,maxMicros=0 markup:calls=0,scans=0,direct=0,roots=0/0/0/0,nodes=0,micros=0,maxMicros=0
09-08 01:18:34.367  3095  3095 I ChromeMediaShieldStatus: v=1 seq=2 kind=uiSvg registered=1 registryBytes=134 cssRewritten=1 cssRejected=0 networkAccepted=11 networkRejected=1 assetServed=3 assetRejected=0
09-08 01:18:34.367  3095  3095 I ChromeMediaShieldStatus: v=1 seq=2 kind=health failures=5 clientDisconnects=0 proxyQueueRejects=0 protectFailure=0 quicAttempts=0 directTcpAttempts=0 active=true ready=true
09-08 01:18:34.367  3095  3095 I ChromeMediaShieldStatus: v=1 seq=2 kind=fixture report=REPORT=not_run,DOCUMENTS=0,FRAMES=0,SCRIPTS=0,FIRST_ORIGINAL_SCRIPTS=0,STYLES=0,WORKERS=0,SERVICE_WORKERS=0,FRAME_REPORTS=0,FRAME_REPORT_REJECTS=0,FRAME_REPORT=not_run,FRAME_REPORT_SHA=not_run,FRAME_CHALLENGE_SHA=not_run,FRAME_GENERATION=0,FRAME_ACCEPTED_CHALLENGE_SHA=not_run,FRAME_REPORT_BINDING_SHA=not_run,SAME_URL_BODIES=0,REPORTS=0,SW_BOUNDARY={INSTALL_DOCS=0,WORKER_SCRIPTS=0,WORKER_PROBE_SCRIPTS=0,PROBE_DOCS=0,CLEANUP_DOCS=0,REPORTS_ACCEPTED=0,REPORTS_REJECTED=0,CONTROLLER_PRESENT=0,CONTROLLER_MISSING=0,NAV_FETCHES=0,SELF_READY_FETCHES=0,SELF_READY_PASS_THROUGH=0,SELF_READY_SYNTHETIC=0,NAV_SYNTHETIC=0,RESET_BASELINE_CLEAN=0,RESET_BASELINE_DIRTY=0,REGISTER_BLOCKED=0,REGISTER_SUCCEEDED=0,WORKER_REGISTER_BLOCKED=0,WORKER_REGISTER_SUCCEEDED=0,WORKER_REGISTER_UNSUPPORTED=0,WORKER_REGISTER_ERROR=0,LAST_CASE=none,LAST_EVENT=none,LAST_VALUE=none},UI_SVG={INLINE_ORIGINAL:PASS,INLINE_CLICK:PASS,SPRITE_ORIGINAL:PASS,UNSAFE_SPRITE_FAIL_CLOSED:PASS,STATIC_CSS:PASS,EXTERNAL_CSS:PASS,STYLE_ATTRIBUTE:PASS,DATA_IMAGE:PASS,FAVICON:PASS,PROTECTED_HEAD_RETENTION:PASS,NETWORK_SVG:PASS,UNSAFE_NETWORK_FAIL_CLOSED:PASS,DYNAMIC_CSS:PASS,RASTER_FAIL_CLOSED:PASS,UNSAFE_INLINE_FAIL_CLOSED:PASS}
09-08 01:18:34.903  3095  4440 I ChromePhotosDataPlane: origin=real hostClass=network hostHash=fdbc7f1491a89ee6 method=GET clientProtocol=http/1.1 upstreamProtocol=h2 status=200 contentType=image/webp bytesIn=2038 bytesOut=2038 cache=miss decision=safe reason=model_allow source=engine probability=0.03242582 basis=None decodeMs=8.222 inferenceMs=532.976 localDecisionMs=680.391  requestToDeliveryMs=1187.240 upstreamHeadersMs=195.915 sanitizeMs=986.703 downstreamWriteMs=0.681
09-08 01:18:34.905  3095  4329 I ChromePhotosDataPlane: phase=tls_ready correlationId=c153 hostClass=network hostHash=acb222ec7473b00e clientProtocol=http/1.1 ca=ff56b2f4265f0377
09-08 01:18:35.044  3095  4599 I ChromePhotosDataPlane: origin=real hostClass=network hostHash=fdbc7f1491a89ee6 method=GET clientProtocol=http/1.1 upstreamProtocol=h2 status=200 contentType=image/webp bytesIn=8426 bytesOut=8426 cache=miss decision=safe reason=model_allow source=engine probability=0.037530273 basis=None decodeMs=4.603 inferenceMs=135.226 localDecisionMs=677.676  requestToDeliveryMs=1192.871 upstreamHeadersMs=223.183 sanitizeMs=966.242 downstreamWriteMs=0.947
09-08 01:18:35.164  3095  4434 I ChromePhotosDataPlane: phase=tls_ready correlationId=c157 hostClass=network hostHash=191347bfe55d0ca9 clientProtocol=http/1.1 ca=ff56b2f4265f0377
09-08 01:18:35.167  3095  4399 I ChromePhotosDataPlane: phase=tls_ready correlationId=c154 hostClass=network hostHash=43c465cd1e4e7cd3 clientProtocol=http/1.1 ca=ff56b2f4265f0377
09-08 01:18:35.175  3095  4329 I ChromePhotosDataPlane: phase=media_shield_document origin=real hostClass=network hostHash=acb222ec7473b00e result=transformed documentSequence=10 navigationSequence=4 token=eb597cba35df bytesOut=112004 upstreamHeadersMs=180.437 documentDecisionMs=81.842 downstreamWriteMs=3.037
09-08 01:18:35.183  3095  4600 I ChromePhotosDataPlane: origin=real hostClass=network hostHash=fdbc7f1491a89ee6 method=GET clientProtocol=http/1.1 upstreamProtocol=h2 status=200 contentType=image/webp bytesIn=3140 bytesOut=3140 cache=miss decision=safe reason=model_allow source=engine probability=0.047480255 basis=None decodeMs=2.777 inferenceMs=135.884 localDecisionMs=277.548  requestToDeliveryMs=1182.348 upstreamHeadersMs=233.405 sanitizeMs=942.734 downstreamWriteMs=0.899
09-08 01:18:35.183  3095  4326 I ChromePhotosDataPlane: origin=real hostClass=network hostHash=7ffe8698ca81d914 method=GET clientProtocol=http/1.1 upstreamProtocol=h2 status=200 contentType=image/png bytesIn=42 bytesOut=6303 cache=miss decision=unknown reason=unsupported_gif source=error probability=-1.0 basis=none decodeMs=0.000 inferenceMs=0.000 localDecisionMs=0.000  requestToDeliveryMs=935.702 upstreamHeadersMs=181.572 sanitizeMs=751.762 downstreamWriteMs=0.809
09-08 01:18:35.184  3095  4269 I ChromePhotosDataPlane: phase=tls_ready correlationId=c156 hostClass=network hostHash=191347bfe55d0ca9 clientProtocol=http/1.1 ca=ff56b2f4265f0377
09-08 01:18:35.191  3095  4512 I ChromePhotosDataPlane: phase=tls_ready correlationId=c155 hostClass=network hostHash=191347bfe55d0ca9 clientProtocol=http/1.1 ca=ff56b2f4265f0377
09-08 01:18:35.249  3095  4434 I ChromePhotosDataPlane: origin=real hostClass=network hostHash=191347bfe55d0ca9 method=POST clientProtocol=http/1.1 upstreamProtocol=h2 status=200 contentType=text/html bytesOut=0 transfer=fixed upstreamHeadersMs=65.665 downstreamWriteMs=1.086
09-08 01:18:35.255  3095  4269 I ChromePhotosDataPlane: origin=real hostClass=network hostHash=191347bfe55d0ca9 method=POST clientProtocol=http/1.1 upstreamProtocol=h2 status=200 contentType=text/plain bytesOut=0 transfer=fixed upstreamHeadersMs=68.197 downstreamWriteMs=0.470
09-08 01:18:35.333  3095  4601 I ChromePhotosDataPlane: origin=real hostClass=network hostHash=fdbc7f1491a89ee6 method=GET clientProtocol=http/1.1 upstreamProtocol=h2 status=200 contentType=image/webp bytesIn=3980 bytesOut=3980 cache=miss decision=safe reason=model_allow source=engine probability=0.0044358373 basis=None decodeMs=4.237 inferenceMs=142.500 localDecisionMs=280.843  requestToDeliveryMs=1207.301 upstreamHeadersMs=267.510 sanitizeMs=932.868 downstreamWriteMs=1.385
09-08 01:18:35.512  3095  4639 I ChromePhotosDataPlane: origin=real hostClass=network hostHash=fdbc7f1491a89ee6 method=GET clientProtocol=http/1.1 upstreamProtocol=h2 status=200 contentType=image/webp bytesIn=10332 bytesOut=10332 cache=miss decision=safe reason=model_allow source=engine probability=0.19095385 basis=None decodeMs=4.404 inferenceMs=176.114 localDecisionMs=320.892  requestToDeliveryMs=1248.266 upstreamHeadersMs=301.873 sanitizeMs=943.285 downstreamWriteMs=1.063
09-08 01:18:35.547  3095  4399 I ChromePhotosDataPlane: phase=media_shield_document origin=real hostClass=network hostHash=43c465cd1e4e7cd3 result=transformed documentSequence=11 navigationSequence=4 token=17779b7f4504 bytesOut=119354 upstreamHeadersMs=182.173 documentDecisionMs=191.102 downstreamWriteMs=3.580
09-08 01:18:35.658  3095  4588 I ChromePhotosDataPlane: origin=real hostClass=network hostHash=fdbc7f1491a89ee6 method=GET clientProtocol=http/1.1 upstreamProtocol=h2 status=200 contentType=image/webp bytesIn=8446 bytesOut=8446 cache=miss decision=safe reason=model_allow source=engine probability=0.041372657 basis=None decodeMs=4.798 inferenceMs=140.657 localDecisionMs=319.749  requestToDeliveryMs=1252.437 upstreamHeadersMs=322.233 sanitizeMs=926.508 downstreamWriteMs=0.883
09-08 01:18:35.799  3095  4440 I ChromePhotosDataPlane: origin=real hostClass=network hostHash=fdbc7f1491a89ee6 method=GET clientProtocol=http/1.1 upstreamProtocol=h2 status=200 contentType=image/webp bytesIn=6940 bytesOut=6940 cache=miss decision=safe reason=model_allow source=engine probability=0.008428872 basis=None decodeMs=4.477 inferenceMs=135.980 localDecisionMs=282.971  requestToDeliveryMs=851.564 upstreamHeadersMs=167.229 sanitizeMs=680.961 downstreamWriteMs=1.092
09-08 01:18:35.947  3095  4599 I ChromePhotosDataPlane: origin=real hostClass=network hostHash=fdbc7f1491a89ee6 method=GET clientProtocol=http/1.1 upstreamProtocol=h2 status=200 contentType=image/webp bytesIn=8122 bytesOut=8122 cache=miss decision=safe reason=model_allow source=engine probability=0.004171163 basis=None decodeMs=4.433 inferenceMs=138.172 localDecisionMs=279.877  requestToDeliveryMs=853.516 upstreamHeadersMs=181.838 sanitizeMs=662.715 downstreamWriteMs=2.314
09-08 01:18:36.499  3095  4600 I ChromePhotosDataPlane: origin=real hostClass=network hostHash=fdbc7f1491a89ee6 method=GET clientProtocol=http/1.1 upstreamProtocol=h2 status=200 contentType=image/webp bytesIn=2172 bytesOut=2172 cache=miss decision=safe reason=model_allow source=engine probability=0.04207182 basis=None decodeMs=8.045 inferenceMs=543.029 localDecisionMs=692.215  requestToDeliveryMs=1271.172 upstreamHeadersMs=281.500 sanitizeMs=981.678 downstreamWriteMs=3.355
09-08 01:18:36.641  3095  4601 I ChromePhotosDataPlane: origin=real hostClass=network hostHash=fdbc7f1491a89ee6 method=GET clientProtocol=http/1.1 upstreamProtocol=h2 status=200 contentType=image/webp bytesIn=14270 bytesOut=14270 cache=miss decision=safe reason=model_allow source=engine probability=0.010012716 basis=None decodeMs=4.924 inferenceMs=137.014 localDecisionMs=677.941  requestToDeliveryMs=1263.742 upstreamHeadersMs=225.557 sanitizeMs=1029.490 downstreamWriteMs=2.400
09-08 01:18:36.779  3095  4639 I ChromePhotosDataPlane: origin=real hostClass=network hostHash=fdbc7f1491a89ee6 method=GET clientProtocol=http/1.1 upstreamProtocol=h2 status=200 contentType=image/webp bytesIn=13682 bytesOut=13682 cache=miss decision=safe reason=model_allow source=engine probability=0.021669686 basis=None decodeMs=4.958 inferenceMs=135.448 localDecisionMs=258.415  requestToDeliveryMs=1222.135 upstreamHeadersMs=208.601 sanitizeMs=1007.385 downstreamWriteMs=1.852
09-08 01:18:37.338  3095  4588 I ChromePhotosDataPlane: origin=real hostClass=network hostHash=fdbc7f1491a89ee6 method=GET clientProtocol=http/1.1 upstreamProtocol=h2 status=200 contentType=image/webp bytesIn=1588 bytesOut=1588 cache=miss decision=safe reason=model_allow source=engine probability=0.0381563 basis=None decodeMs=7.742 inferenceMs=548.469 localDecisionMs=692.932  requestToDeliveryMs=1636.291 upstreamHeadersMs=217.705 sanitizeMs=1411.638 downstreamWriteMs=1.897
09-08 01:18:37.480  3095  4440 I ChromePhotosDataPlane: origin=real hostClass=network hostHash=fdbc7f1491a89ee6 method=GET clientProtocol=http/1.1 upstreamProtocol=h2 status=200 contentType=image/webp bytesIn=3330 bytesOut=3330 cache=miss decision=safe reason=model_allow source=engine probability=0.024564207 basis=None decodeMs=3.953 inferenceMs=135.073 localDecisionMs=686.470  requestToDeliveryMs=1635.800 upstreamHeadersMs=240.134 sanitizeMs=1386.852 downstreamWriteMs=2.819
09-08 01:18:37.614  3095  4599 I ChromePhotosDataPlane: origin=real hostClass=network hostHash=fdbc7f1491a89ee6 method=GET clientProtocol=http/1.1 upstreamProtocol=h2 status=200 contentType=image/png bytesIn=8334 bytesOut=6303 cache=miss decision=block reason=model_filter source=engine probability=0.6941216 basis=FullThreshold decodeMs=4.408 inferenceMs=136.142 localDecisionMs=266.884  requestToDeliveryMs=1609.809 upstreamHeadersMs=250.352 sanitizeMs=1352.107 downstreamWriteMs=1.090
09-08 01:18:37.762  3095  4600 I ChromePhotosDataPlane: origin=real hostClass=network hostHash=fdbc7f1491a89ee6 method=GET clientProtocol=http/1.1 upstreamProtocol=h2 status=200 contentType=image/webp bytesIn=14884 bytesOut=14884 cache=miss decision=safe reason=model_allow source=engine probability=0.009524494 basis=None decodeMs=5.495 inferenceMs=138.974 localDecisionMs=258.052  requestToDeliveryMs=1215.345 upstreamHeadersMs=201.283 sanitizeMs=1006.681 downstreamWriteMs=1.697
09-08 01:18:37.901  3095  4601 I ChromePhotosDataPlane: origin=real hostClass=network hostHash=fdbc7f1491a89ee6 method=GET clientProtocol=http/1.1 upstreamProtocol=h2 status=200 contentType=image/webp bytesIn=8562 bytesOut=8562 cache=miss decision=safe reason=model_allow source=engine probability=0.023967534 basis=None decodeMs=4.065 inferenceMs=135.473 localDecisionMs=277.683  requestToDeliveryMs=1207.120 upstreamHeadersMs=201.814 sanitizeMs=998.867 downstreamWriteMs=1.412
09-08 01:18:38.056  3095  4639 I ChromePhotosDataPlane: origin=real hostClass=network hostHash=fdbc7f1491a89ee6 method=GET clientProtocol=http/1.1 upstreamProtocol=h2 status=200 contentType=image/webp bytesIn=8642 bytesOut=8642 cache=miss decision=safe reason=model_allow source=engine probability=0.039247274 basis=None decodeMs=4.040 inferenceMs=138.694 localDecisionMs=272.710  requestToDeliveryMs=1229.746 upstreamHeadersMs=244.050 sanitizeMs=971.492 downstreamWriteMs=3.320
09-08 01:18:38.189  3095  4588 I ChromePhotosDataPlane: origin=real hostClass=network hostHash=fdbc7f1491a89ee6 method=GET clientProtocol=http/1.1 upstreamProtocol=h2 status=200 contentType=image/webp bytesIn=17956 bytesOut=17956 cache=miss decision=safe reason=model_allow source=engine probability=0.1295146 basis=None decodeMs=5.522 inferenceMs=136.054 localDecisionMs=254.347  requestToDeliveryMs=810.108 upstreamHeadersMs=185.008 sanitizeMs=617.945 downstreamWriteMs=2.628
09-08 01:18:38.330  3095  4440 I ChromePhotosDataPlane: origin=real hostClass=network hostHash=fdbc7f1491a89ee6 method=GET clientProtocol=http/1.1 upstreamProtocol=h2 status=200 contentType=image/webp bytesIn=7652 bytesOut=7652 cache=miss decision=safe reason=model_allow source=engine probability=0.01052323 basis=None decodeMs=4.063 inferenceMs=140.647 localDecisionMs=275.816  requestToDeliveryMs=810.961 upstreamHeadersMs=192.253 sanitizeMs=614.920 downstreamWriteMs=0.940
09-08 01:18:38.469  3095  4599 I ChromePhotosDataPlane: origin=real hostClass=network hostHash=fdbc7f1491a89ee6 method=GET clientProtocol=http/1.1 upstreamProtocol=h2 status=200 contentType=image/webp bytesIn=10418 bytesOut=10418 cache=miss decision=safe reason=model_allow source=engine probability=0.068992525 basis=None decodeMs=4.236 inferenceMs=131.910 localDecisionMs=264.895  requestToDeliveryMs=801.485 upstreamHeadersMs=209.928 sanitizeMs=583.834 downstreamWriteMs=1.433
09-08 01:18:38.610  3095  4600 I ChromePhotosDataPlane: origin=real hostClass=network hostHash=fdbc7f1491a89ee6 method=GET clientProtocol=http/1.1 upstreamProtocol=h2 status=200 contentType=image/webp bytesIn=13128 bytesOut=13128 cache=miss decision=safe reason=model_allow source=engine probability=0.15108785 basis=None decodeMs=5.105 inferenceMs=138.268 localDecisionMs=267.244  requestToDeliveryMs=806.877 upstreamHeadersMs=241.079 sanitizeMs=563.005 downstreamWriteMs=0.782
09-08 01:18:38.670  3095  4560 I ChromePhotosDataPlane: phase=worker_ready correlationId=c158 admissionWaitMs=0.717
09-08 01:18:38.682  3095  4428 I ChromePhotosDataPlane: phase=worker_ready correlationId=c159 admissionWaitMs=0.281
09-08 01:18:38.704  3095  4315 I ChromePhotosDataPlane: phase=worker_ready correlationId=c160 admissionWaitMs=0.626
09-08 01:18:38.715  3095  4560 I ChromePhotosDataPlane: phase=tls_ready correlationId=c158 hostClass=network hostHash=191347bfe55d0ca9 clientProtocol=http/1.1 ca=ff56b2f4265f0377
09-08 01:18:38.718  3095  4652 I ChromePhotosDataPlane: phase=worker_ready correlationId=c161 admissionWaitMs=0.464
09-08 01:18:38.723  3095  4442 I ChromePhotosDataPlane: phase=worker_ready correlationId=c162 admissionWaitMs=1.077
09-08 01:18:38.727  3095  4428 I ChromePhotosDataPlane: phase=tls_ready correlationId=c159 hostClass=network hostHash=7ffe8698ca81d914 clientProtocol=http/1.1 ca=ff56b2f4265f0377
09-08 01:18:38.737  3095  4418 I ChromePhotosDataPlane: phase=worker_ready correlationId=c163 admissionWaitMs=0.356
09-08 01:18:38.741  3095  4378 I ChromePhotosDataPlane: phase=worker_ready correlationId=c164 admissionWaitMs=0.337
09-08 01:18:38.754  3095  4601 I ChromePhotosDataPlane: origin=real hostClass=network hostHash=fdbc7f1491a89ee6 method=GET clientProtocol=http/1.1 upstreamProtocol=h2 status=200 contentType=image/webp bytesIn=9462 bytesOut=9462 cache=miss decision=safe reason=model_allow source=engine probability=0.028835893 basis=None decodeMs=4.203 inferenceMs=138.829 localDecisionMs=268.613  requestToDeliveryMs=801.322 upstreamHeadersMs=247.257 sanitizeMs=548.239 downstreamWriteMs=0.872
09-08 01:18:38.763  3095  4442 I ChromePhotosDataPlane: phase=tls_ready correlationId=c162 hostClass=network hostHash=191347bfe55d0ca9 clientProtocol=http/1.1 ca=ff56b2f4265f0377
09-08 01:18:38.768  3095  4652 I ChromePhotosDataPlane: phase=tls_ready correlationId=c161 hostClass=network hostHash=191347bfe55d0ca9 clientProtocol=http/1.1 ca=ff56b2f4265f0377
09-08 01:18:38.771  3095  4213 I ChromePhotosDataPlane: phase=worker_ready correlationId=c165 admissionWaitMs=0.461
09-08 01:18:38.804  3095  4381 I ChromePhotosDataPlane: phase=worker_ready correlationId=c166 admissionWaitMs=0.245
09-08 01:18:38.895  3095  4639 I ChromePhotosDataPlane: origin=real hostClass=network hostHash=fdbc7f1491a89ee6 method=GET clientProtocol=http/1.1 upstreamProtocol=h2 status=200 contentType=image/webp bytesIn=8932 bytesOut=8932 cache=miss decision=safe reason=model_allow source=engine probability=0.17002895 basis=None decodeMs=4.270 inferenceMs=136.690 localDecisionMs=280.712  requestToDeliveryMs=804.745 upstreamHeadersMs=274.567 sanitizeMs=524.100 downstreamWriteMs=0.834
09-08 01:18:38.896  3095  4512 I ChromePhotosDataPlane: origin=real hostClass=network hostHash=191347bfe55d0ca9 method=GET clientProtocol=http/1.1 upstreamProtocol=h2 status=200 contentType=image/png bytesIn=42 bytesOut=6303 cache=miss decision=unknown reason=unsupported_gif source=error probability=-1.0 basis=none decodeMs=0.000 inferenceMs=0.000 localDecisionMs=0.000  requestToDeliveryMs=290.269 upstreamHeadersMs=67.701 sanitizeMs=220.285 downstreamWriteMs=0.897
09-08 01:18:38.898  3095  4326 I ChromePhotosDataPlane: origin=real hostClass=network hostHash=7ffe8698ca81d914 method=GET clientProtocol=http/1.1 upstreamProtocol=h2 status=200 contentType=image/png bytesIn=42 bytesOut=6303 cache=miss decision=unknown reason=unsupported_gif source=error probability=-1.0 basis=none decodeMs=0.000 inferenceMs=0.000 localDecisionMs=0.000  requestToDeliveryMs=282.185 upstreamHeadersMs=56.878 sanitizeMs=220.149 downstreamWriteMs=1.305
09-08 01:18:39.016  3095  4320 I ChromePhotosDataPlane: phase=worker_ready correlationId=c167 admissionWaitMs=0.995
09-08 01:18:39.036  3095  4588 I ChromePhotosDataPlane: origin=real hostClass=network hostHash=fdbc7f1491a89ee6 method=GET clientProtocol=http/1.1 upstreamProtocol=h2 status=200 contentType=image/webp bytesIn=13942 bytesOut=13942 cache=miss decision=safe reason=model_allow source=engine probability=0.0045351386 basis=None decodeMs=4.994 inferenceMs=135.411 localDecisionMs=277.288  requestToDeliveryMs=797.352 upstreamHeadersMs=296.061 sanitizeMs=496.198 downstreamWriteMs=1.036
09-08 01:18:39.097  3095  4315 I ChromePhotosDataPlane: phase=tls_ready correlationId=c160 hostClass=network hostHash=2e2e8e2b4eb0d095 clientProtocol=http/1.1 ca=ff56b2f4265f0377
09-08 01:18:39.100  3095  4418 I ChromePhotosDataPlane: phase=tls_ready correlationId=c163 hostClass=network hostHash=7ffe8698ca81d914 clientProtocol=http/1.1 ca=ff56b2f4265f0377
09-08 01:18:39.102  3095  4378 I ChromePhotosDataPlane: phase=tls_ready correlationId=c164 hostClass=network hostHash=7ffe8698ca81d914 clientProtocol=http/1.1 ca=ff56b2f4265f0377
09-08 01:18:39.177  3095  4599 I ChromePhotosDataPlane: origin=real hostClass=network hostHash=fdbc7f1491a89ee6 method=GET clientProtocol=http/1.1 upstreamProtocol=h2 status=200 contentType=image/webp bytesIn=4080 bytesOut=4080 cache=miss decision=safe reason=model_allow source=engine probability=0.011391073 basis=None decodeMs=4.015 inferenceMs=136.268 localDecisionMs=275.318  requestToDeliveryMs=664.685 upstreamHeadersMs=173.364 sanitizeMs=487.684 downstreamWriteMs=0.923
09-08 01:18:39.180  3095  4560 I ChromePhotosDataPlane: origin=real hostClass=network hostHash=191347bfe55d0ca9 method=GET clientProtocol=http/1.1 upstreamProtocol=h2 status=200 contentType=image/png bytesIn=42 bytesOut=6303 cache=miss decision=unknown reason=unsupported_gif source=error probability=-1.0 basis=none decodeMs=0.000 inferenceMs=0.000 localDecisionMs=0.000  requestToDeliveryMs=434.611 upstreamHeadersMs=66.349 sanitizeMs=366.384 downstreamWriteMs=0.639
09-08 01:18:39.180  3095  4428 I ChromePhotosDataPlane: origin=real hostClass=network hostHash=7ffe8698ca81d914 method=GET clientProtocol=http/1.1 upstreamProtocol=h2 status=200 contentType=image/png bytesIn=42 bytesOut=6303 cache=miss decision=unknown reason=unsupported_gif source=error probability=-1.0 basis=none decodeMs=0.000 inferenceMs=0.000 localDecisionMs=0.000  requestToDeliveryMs=420.677 upstreamHeadersMs=68.524 sanitizeMs=347.600 downstreamWriteMs=1.013
09-08 01:18:39.183  3095  4442 I ChromePhotosDataPlane: origin=real hostClass=network hostHash=191347bfe55d0ca9 method=GET clientProtocol=http/1.1 upstreamProtocol=h2 status=200 contentType=image/png bytesIn=42 bytesOut=6303 cache=miss decision=unknown reason=unsupported_gif source=error probability=-1.0 basis=none decodeMs=0.000 inferenceMs=0.000 localDecisionMs=0.000  requestToDeliveryMs=396.230 upstreamHeadersMs=78.084 sanitizeMs=314.038 downstreamWriteMs=1.007
09-08 01:18:39.186  3095  4661 I ChromePhotosDataPlane: origin=real hostClass=network hostHash=f5594fab1b035ec0 method=POST clientProtocol=http/1.1 upstreamProtocol=h2 status=200 contentType= bytesOut=0 transfer=fixed upstreamHeadersMs=386.295 downstreamWriteMs=0.948
09-08 01:18:39.391  3095  4616 I ChromePhotosDataPlane: phase=worker_ready correlationId=c168 admissionWaitMs=0.383
09-08 01:18:39.423  3095  4661 I ChromePhotosDataPlane: origin=real hostClass=network hostHash=f5594fab1b035ec0 method=POST clientProtocol=http/1.1 upstreamProtocol=h2 status=200 contentType= bytesOut=0 transfer=fixed upstreamHeadersMs=226.692 downstreamWriteMs=0.893
09-08 01:18:39.718  3095  4440 I ChromePhotosDataPlane: origin=real hostClass=network hostHash=fdbc7f1491a89ee6 method=GET clientProtocol=http/1.1 upstreamProtocol=h2 status=200 contentType=image/webp bytesIn=2542 bytesOut=2542 cache=miss decision=safe reason=model_allow source=engine probability=0.06777713 basis=None decodeMs=8.240 inferenceMs=532.271 localDecisionMs=679.225  requestToDeliveryMs=1338.103 upstreamHeadersMs=311.662 sanitizeMs=1021.196 downstreamWriteMs=0.855
09-08 01:18:39.721  3095  4652 I ChromePhotosDataPlane: origin=real hostClass=network hostHash=191347bfe55d0ca9 method=GET clientProtocol=http/1.1 upstreamProtocol=h2 status=200 contentType=image/png bytesIn=42 bytesOut=6303 cache=miss decision=unknown reason=unsupported_gif source=error probability=-1.0 basis=none decodeMs=0.000 inferenceMs=0.000 localDecisionMs=0.000  requestToDeliveryMs=926.357 upstreamHeadersMs=81.763 sanitizeMs=841.503 downstreamWriteMs=0.764
09-08 01:18:39.721  3095  4326 I ChromePhotosDataPlane: origin=real hostClass=network hostHash=7ffe8698ca81d914 method=GET clientProtocol=http/1.1 upstreamProtocol=h2 status=200 contentType=image/png bytesIn=42 bytesOut=6303 cache=miss decision=unknown reason=unsupported_gif source=error probability=-1.0 basis=none decodeMs=0.000 inferenceMs=0.000 localDecisionMs=0.000  requestToDeliveryMs=819.751 upstreamHeadersMs=89.966 sanitizeMs=727.565 downstreamWriteMs=0.697
09-08 01:18:39.724  3095  4642 I ChromePhotosDataPlane: origin=real hostClass=network hostHash=f58aed0f48e58f0c method=POST clientProtocol=http/1.1 upstreamProtocol=h2 status=204 contentType= bytesOut=0 transfer=fixed upstreamHeadersMs=703.747 downstreamWriteMs=0.580
09-08 01:18:39.861  3095  4600 I ChromePhotosDataPlane: origin=real hostClass=network hostHash=fdbc7f1491a89ee6 method=GET clientProtocol=http/1.1 upstreamProtocol=h2 status=200 contentType=image/webp bytesIn=11582 bytesOut=11582 cache=miss decision=safe reason=model_allow source=engine probability=0.004140049 basis=None decodeMs=4.696 inferenceMs=137.767 localDecisionMs=675.013  requestToDeliveryMs=1206.809 upstreamHeadersMs=215.629 sanitizeMs=987.030 downstreamWriteMs=1.026
09-08 01:18:39.870  3095  4378 I ChromePhotosDataPlane: origin=real hostClass=network hostHash=7ffe8698ca81d914 method=GET clientProtocol=http/1.1 upstreamProtocol=h2 status=200 contentType=image/png bytesIn=42 bytesOut=6303 cache=miss decision=unknown reason=unsupported_gif source=error probability=-1.0 basis=none decodeMs=0.000 inferenceMs=0.000 localDecisionMs=0.000  requestToDeliveryMs=763.710 upstreamHeadersMs=64.522 sanitizeMs=688.246 downstreamWriteMs=0.627
09-08 01:18:40.021  3095  4441 I ChromePhotosDataPlane: origin=real hostClass=network hostHash=e2ccecf673591338 method=GET clientProtocol=http/1.1 upstreamProtocol=h2 status=200 contentType=image/png bytesIn=43 bytesOut=6303 cache=miss decision=unknown reason=unsupported_gif source=error probability=-1.0 basis=none decodeMs=0.000 inferenceMs=0.000 localDecisionMs=0.000  requestToDeliveryMs=983.605 upstreamHeadersMs=292.591 sanitizeMs=688.908 downstreamWriteMs=0.366
09-08 01:18:40.021  3095  4315 I ChromePhotosDataPlane: origin=real hostClass=network hostHash=2e2e8e2b4eb0d095 method=GET clientProtocol=http/1.1 upstreamProtocol=h2 status=200 contentType=image/png bytesIn=42 bytesOut=6303 cache=miss decision=unknown reason=unsupported_gif source=error probability=-1.0 basis=none decodeMs=0.000 inferenceMs=0.000 localDecisionMs=0.000  requestToDeliveryMs=921.130 upstreamHeadersMs=177.115 sanitizeMs=741.189 downstreamWriteMs=0.649
09-08 01:18:40.022  3095  4601 I ChromePhotosDataPlane: origin=real hostClass=network hostHash=fdbc7f1491a89ee6 method=GET clientProtocol=http/1.1 upstreamProtocol=h2 status=200 contentType=image/webp bytesIn=4174 bytesOut=4174 cache=miss decision=safe reason=model_allow source=engine probability=0.0042713583 basis=None decodeMs=4.070 inferenceMs=153.751 localDecisionMs=294.408  requestToDeliveryMs=1211.691 upstreamHeadersMs=204.834 sanitizeMs=1001.184 downstreamWriteMs=0.852
09-08 01:18:40.088  3095  4662 I ChromePhotosDataPlane: phase=worker_ready correlationId=c169 admissionWaitMs=0.347
09-08 01:18:40.103  3095  4640 I ChromePhotosDataPlane: phase=worker_ready correlationId=c170 admissionWaitMs=0.278
09-08 01:18:40.135  3095  4213 I ChromePhotosDataPlane: phase=tls_ready correlationId=c165 hostClass=network hostHash=0843c9b16155ccbe clientProtocol=http/1.1 ca=ff56b2f4265f0377
09-08 01:18:40.159  3095  4381 I ChromePhotosDataPlane: phase=tls_ready correlationId=c166 hostClass=network hostHash=f5594fab1b035ec0 clientProtocol=http/1.1 ca=ff56b2f4265f0377
09-08 01:18:40.165  3095  4590 I ChromePhotosDataPlane: phase=worker_ready correlationId=c171 admissionWaitMs=4.101
09-08 01:18:40.176  3095  4659 I ChromePhotosDataPlane: phase=worker_ready correlationId=c172 admissionWaitMs=0.217
09-08 01:18:40.203  3095  4653 I ChromePhotosDataPlane: origin=real hostClass=network hostHash=935e0b482f6ac80a method=GET clientProtocol=http/1.1 upstreamProtocol=h2 status=304 contentType= bytesOut=0 transfer=fixed upstreamHeadersMs=320.082 downstreamWriteMs=0.416
09-08 01:18:40.338  3095  4639 I ChromePhotosDataPlane: origin=real hostClass=network hostHash=fdbc7f1491a89ee6 method=GET clientProtocol=http/1.1 upstreamProtocol=h2 status=200 contentType=image/webp bytesIn=5498 bytesOut=5498 cache=miss decision=safe reason=model_allow source=engine probability=0.0055903792 basis=None decodeMs=8.501 inferenceMs=309.071 localDecisionMs=467.178  requestToDeliveryMs=1393.392 upstreamHeadersMs=237.065 sanitizeMs=1151.657 downstreamWriteMs=0.942
09-08 01:18:40.342  3095  4419 I ChromePhotosDataPlane: origin=real hostClass=network hostHash=d8ecf352ffa86f18 method=GET clientProtocol=http/1.1 upstreamProtocol=h2 status=200 contentType=image/png bytesIn=43 bytesOut=6303 cache=miss decision=unknown reason=unsupported_gif source=error probability=-1.0 basis=none decodeMs=0.000 inferenceMs=0.000 localDecisionMs=0.000  requestToDeliveryMs=1304.196 upstreamHeadersMs=390.302 sanitizeMs=909.053 downstreamWriteMs=1.232
09-08 01:18:40.366  3095  4661 I ChromePhotosDataPlane: origin=real hostClass=network hostHash=f5594fab1b035ec0 method=POST clientProtocol=http/1.1 upstreamProtocol=h2 status=200 contentType= bytesOut=0 transfer=fixed upstreamHeadersMs=288.588 downstreamWriteMs=0.484
09-08 01:18:40.491  3095  4213 I ChromePhotosDataPlane: origin=real hostClass=network hostHash=0843c9b16155ccbe method=POST clientProtocol=http/1.1 upstreamProtocol=h2 status=200 contentType= bytesOut=0 transfer=fixed upstreamHeadersMs=299.144 downstreamWriteMs=0.937
09-08 01:18:40.536  3095  4588 I ChromePhotosDataPlane: origin=real hostClass=network hostHash=fdbc7f1491a89ee6 method=GET clientProtocol=http/1.1 upstreamProtocol=h2 status=200 contentType=image/webp bytesIn=13510 bytesOut=13510 cache=miss decision=safe reason=model_allow source=engine probability=0.016775787 basis=None decodeMs=5.213 inferenceMs=182.496 localDecisionMs=502.220  requestToDeliveryMs=1449.217 upstreamHeadersMs=252.705 sanitizeMs=1186.148 downstreamWriteMs=1.519
09-08 01:18:40.544  3095  4306 I ChromePhotosDataPlane: origin=real hostClass=network hostHash=abf8fbf760ef2a86 method=GET clientProtocol=http/1.1 upstreamProtocol=h2 status=200 contentType=image/png bytesIn=0 bytesOut=6303 cache=miss decision=unknown reason=encoded_image_unsupported source=error probability=-1.0 basis=none decodeMs=0.000 inferenceMs=0.000 localDecisionMs=0.000  requestToDeliveryMs=357.682 upstreamHeadersMs=356.287 sanitizeMs=0.080 downstreamWriteMs=0.477
09-08 01:18:40.584  3095  4320 I ChromePhotosDataPlane: phase=tls_ready correlationId=c167 hostClass=network hostHash=cff23f81cf11247e clientProtocol=http/1.1 ca=ff56b2f4265f0377
09-08 01:18:40.679  3095  4599 I ChromePhotosDataPlane: origin=real hostClass=network hostHash=fdbc7f1491a89ee6 method=GET clientProtocol=http/1.1 upstreamProtocol=h2 status=200 contentType=image/webp bytesIn=8904 bytesOut=8904 cache=miss decision=safe reason=model_allow source=engine probability=0.024157077 basis=None decodeMs=4.682 inferenceMs=147.021 localDecisionMs=332.161  requestToDeliveryMs=1439.991 upstreamHeadersMs=259.597 sanitizeMs=1176.767 downstreamWriteMs=0.868
09-08 01:18:40.755  3095  4653 I ChromePhotosDataPlane: origin=real hostClass=network hostHash=935e0b482f6ac80a method=POST clientProtocol=http/1.1 upstreamProtocol=h2 status=204 contentType= bytesOut=0 transfer=fixed upstreamHeadersMs=190.171 downstreamWriteMs=0.640
09-08 01:18:40.813  3095  4616 I ChromePhotosDataPlane: phase=tls_ready correlationId=c168 hostClass=network hostHash=1f1577c4f7feb6a1 clientProtocol=http/1.1 ca=ff56b2f4265f0377
09-08 01:18:40.827  3095  4440 I ChromePhotosDataPlane: origin=real hostClass=network hostHash=fdbc7f1491a89ee6 method=GET clientProtocol=http/1.1 upstreamProtocol=h2 status=200 contentType=image/webp bytesIn=9276 bytesOut=9276 cache=miss decision=safe reason=model_allow source=engine probability=0.021775156 basis=None decodeMs=5.595 inferenceMs=142.452 localDecisionMs=294.701  requestToDeliveryMs=1045.672 upstreamHeadersMs=175.406 sanitizeMs=866.325 downstreamWriteMs=0.900
09-08 01:18:40.827  3095  4314 I ChromePhotosDataPlane: origin=real hostClass=network hostHash=0cb87e7c434c3594 method=GET clientProtocol=http/1.1 upstreamProtocol=h2 status=200 contentType=image/png bytesIn=42 bytesOut=6303 cache=miss decision=unknown reason=unsupported_gif source=error probability=-1.0 basis=none decodeMs=0.000 inferenceMs=0.000 localDecisionMs=0.000  requestToDeliveryMs=1450.620 upstreamHeadersMs=870.442 sanitizeMs=576.917 downstreamWriteMs=0.930
09-08 01:18:40.966  3095  4600 I ChromePhotosDataPlane: origin=real hostClass=network hostHash=fdbc7f1491a89ee6 method=GET clientProtocol=http/1.1 upstreamProtocol=h2 status=200 contentType=image/webp bytesIn=6094 bytesOut=6094 cache=miss decision=safe reason=model_allow source=engine probability=0.016579151 basis=None decodeMs=5.731 inferenceMs=132.160 localDecisionMs=279.262  requestToDeliveryMs=1059.714 upstreamHeadersMs=205.780 sanitizeMs=850.185 downstreamWriteMs=0.808
09-08 01:18:41.100  3095  4601 I ChromePhotosDataPlane: origin=real hostClass=network hostHash=fdbc7f1491a89ee6 method=GET clientProtocol=http/1.1 upstreamProtocol=h2 status=200 contentType=image/webp bytesIn=4186 bytesOut=4186 cache=miss decision=safe reason=model_allow source=engine probability=0.028872639 basis=None decodeMs=5.073 inferenceMs=128.713 localDecisionMs=269.210  requestToDeliveryMs=1030.851 upstreamHeadersMs=199.480 sanitizeMs=827.242 downstreamWriteMs=1.022
09-08 01:18:41.237  3095  4639 I ChromePhotosDataPlane: origin=real hostClass=network hostHash=fdbc7f1491a89ee6 method=GET clientProtocol=http/1.1 upstreamProtocol=h2 status=200 contentType=image/webp bytesIn=4952 bytesOut=4952 cache=miss decision=safe reason=model_allow source=engine probability=0.028983265 basis=None decodeMs=5.328 inferenceMs=128.775 localDecisionMs=265.975  requestToDeliveryMs=856.977 upstreamHeadersMs=169.571 sanitizeMs=680.942 downstreamWriteMs=1.608
09-08 01:18:41.318  3095  4320 I ChromePhotosDataPlane: origin=real hostClass=network hostHash=cff23f81cf11247e method=OPTIONS clientProtocol=http/1.1 upstreamProtocol=h2 status=200 contentType=text/plain bytesOut=2 transfer=fixed upstreamHeadersMs=724.371 downstreamWriteMs=3.430
09-08 01:18:41.327  3095  4591 I ChromePhotosDataPlane: phase=worker_ready correlationId=c173 admissionWaitMs=0.439
09-08 01:18:41.375  3095  4588 I ChromePhotosDataPlane: origin=real hostClass=network hostHash=fdbc7f1491a89ee6 method=GET clientProtocol=http/1.1 upstreamProtocol=h2 status=200 contentType=image/webp bytesIn=4388 bytesOut=4388 cache=miss decision=safe reason=model_allow source=engine probability=0.007515937 basis=None decodeMs=5.085 inferenceMs=135.034 localDecisionMs=271.661  requestToDeliveryMs=796.876 upstreamHeadersMs=165.695 sanitizeMs=627.518 downstreamWriteMs=0.875
09-08 01:18:41.406  3095  4662 I ChromePhotosDataPlane: phase=tls_ready correlationId=c169 hostClass=network hostHash=a552b937eecf21c7 clientProtocol=http/1.1 ca=ff56b2f4265f0377
09-08 01:18:41.512  3095  4599 I ChromePhotosDataPlane: origin=real hostClass=network hostHash=fdbc7f1491a89ee6 method=GET clientProtocol=http/1.1 upstreamProtocol=h2 status=200 contentType=image/webp bytesIn=6738 bytesOut=6738 cache=miss decision=safe reason=model_allow source=engine probability=0.013799995 basis=None decodeMs=5.489 inferenceMs=130.627 localDecisionMs=261.019  requestToDeliveryMs=783.655 upstreamHeadersMs=176.415 sanitizeMs=603.464 downstreamWriteMs=0.843
09-08 01:18:41.533  3095  4616 I ChromePhotosDataPlane: origin=real hostClass=network hostHash=1f1577c4f7feb6a1 method=POST clientProtocol=http/1.1 upstreamProtocol=h2 status=200 contentType=application/json bytesOut=0 transfer=fixed upstreamHeadersMs=716.708 downstreamWriteMs=0.754
09-08 01:18:41.550  3095  4662 I ChromePhotosDataPlane: origin=real hostClass=network hostHash=a552b937eecf21c7 method=GET clientProtocol=http/1.1 upstreamProtocol=h2 status=200 contentType=image/png bytesIn=0 bytesOut=6303 cache=miss decision=unknown reason=encoded_image_unsupported source=error probability=-1.0 basis=none decodeMs=0.000 inferenceMs=0.000 localDecisionMs=0.000  requestToDeliveryMs=142.255 upstreamHeadersMs=140.134 sanitizeMs=0.096 downstreamWriteMs=0.585
09-08 01:18:41.654  3095  4600 I ChromePhotosDataPlane: origin=real hostClass=network hostHash=fdbc7f1491a89ee6 method=GET clientProtocol=http/1.1 upstreamProtocol=h2 status=200 contentType=image/webp bytesIn=3766 bytesOut=3766 cache=miss decision=safe reason=model_allow source=engine probability=0.021158576 basis=None decodeMs=3.863 inferenceMs=133.636 localDecisionMs=272.272  requestToDeliveryMs=644.491 upstreamHeadersMs=272.413 sanitizeMs=364.018 downstreamWriteMs=2.291
09-08 01:18:41.700  3095  4320 I ChromePhotosDataPlane: origin=real hostClass=network hostHash=cff23f81cf11247e method=POST clientProtocol=http/1.1 upstreamProtocol=h2 status=200 contentType=application/json bytesOut=4 transfer=fixed upstreamHeadersMs=336.354 downstreamWriteMs=2.062
09-08 01:18:41.791  3095  4640 I ChromePhotosDataPlane: phase=tls_ready correlationId=c170 hostClass=network hostHash=3e723b591bdb95ce clientProtocol=http/1.1 ca=ff56b2f4265f0377
09-08 01:18:41.798  3095  4440 I ChromePhotosDataPlane: origin=real hostClass=network hostHash=fdbc7f1491a89ee6 method=GET clientProtocol=http/1.1 upstreamProtocol=h2 status=200 contentType=image/webp bytesIn=7726 bytesOut=7726 cache=miss decision=safe reason=model_allow source=engine probability=0.011861503 basis=None decodeMs=5.787 inferenceMs=131.688 localDecisionMs=271.585  requestToDeliveryMs=926.626 upstreamHeadersMs=466.766 sanitizeMs=446.266 downstreamWriteMs=1.816
09-08 01:18:41.820  3095  4590 I ChromePhotosDataPlane: phase=tls_ready correlationId=c171 hostClass=network hostHash=3e723b591bdb95ce clientProtocol=http/1.1 ca=ff56b2f4265f0377
09-08 01:18:41.902  3095  4640 I ChromePhotosDataPlane: phase=media_shield_document origin=real hostClass=network hostHash=3e723b591bdb95ce result=fail_closed reason=document_mime_unsupported bytesOut=41 upstreamHeadersMs=105.416 documentDecisionMs=0.187 downstreamWriteMs=1.245
09-08 01:18:41.932  3095  4601 I ChromePhotosDataPlane: origin=real hostClass=network hostHash=fdbc7f1491a89ee6 method=GET clientProtocol=http/1.1 upstreamProtocol=h2 status=200 contentType=image/webp bytesIn=3832 bytesOut=3832 cache=miss decision=safe reason=model_allow source=engine probability=0.022616684 basis=None decodeMs=4.008 inferenceMs=133.324 localDecisionMs=265.754  requestToDeliveryMs=775.318 upstreamHeadersMs=277.863 sanitizeMs=487.064 downstreamWriteMs=1.059
09-08 01:18:42.092  3095  4621 I ChromePhotosDataPlane: phase=worker_ready correlationId=c174 admissionWaitMs=0.357
09-08 01:18:42.108  3095  4639 I ChromePhotosDataPlane: phase=client_disconnect direction=downstream_write correlationId=c117-r13
09-08 01:18:42.265  3095  4659 I ChromePhotosDataPlane: phase=tls_ready correlationId=c172 hostClass=network hostHash=f58aed0f48e58f0c clientProtocol=http/1.1 ca=ff56b2f4265f0377
09-08 01:18:42.270  3095  4591 I ChromePhotosDataPlane: phase=tls_ready correlationId=c173 hostClass=network hostHash=cff23f81cf11247e clientProtocol=http/1.1 ca=ff56b2f4265f0377
09-08 01:18:42.273  3095  4588 I ChromePhotosDataPlane: phase=client_disconnect direction=downstream_write correlationId=c111-r14
09-08 01:18:42.408  3095  4653 I ChromePhotosDataPlane: origin=real hostClass=network hostHash=935e0b482f6ac80a method=POST clientProtocol=http/1.1 upstreamProtocol=h2 status=204 contentType= bytesOut=0 transfer=fixed upstreamHeadersMs=337.027 downstreamWriteMs=0.659
09-08 01:18:42.417  3095  4599 I ChromePhotosDataPlane: phase=client_disconnect direction=downstream_write correlationId=c115-r14
09-08 01:18:42.432  3095  4621 I ChromePhotosDataPlane: phase=tls_ready correlationId=c174 hostClass=network hostHash=935e0b482f6ac80a clientProtocol=http/1.1 ca=ff56b2f4265f0377
09-08 01:18:42.463  3095  4661 I ChromePhotosDataPlane: origin=real hostClass=network hostHash=f5594fab1b035ec0 method=POST clientProtocol=http/1.1 upstreamProtocol=h2 status=200 contentType=application/json bytesOut=16 transfer=fixed upstreamHeadersMs=380.685 downstreamWriteMs=0.795
09-08 01:18:42.600  3095  4653 I ChromePhotosDataPlane: origin=real hostClass=network hostHash=935e0b482f6ac80a method=POST clientProtocol=http/1.1 upstreamProtocol=h2 status=204 contentType= bytesOut=0 transfer=fixed upstreamHeadersMs=186.095 downstreamWriteMs=0.704
09-08 01:18:42.747  3095  4642 I ChromePhotosDataPlane: origin=real hostClass=network hostHash=f58aed0f48e58f0c method=POST clientProtocol=http/1.1 upstreamProtocol=h2 status=204 contentType= bytesOut=0 transfer=fixed upstreamHeadersMs=681.395 downstreamWriteMs=1.016
09-08 01:19:02.602  3095  4434 I ChromePhotosDataPlane: phase=worker_ready correlationId=c175 admissionWaitMs=0.328
09-08 01:19:03.144  3095  4434 I ChromePhotosDataPlane: phase=tls_ready correlationId=c175 hostClass=network hostHash=816c1c4228e457b0 clientProtocol=http/1.1 ca=ff56b2f4265f0377
09-08 01:19:03.426  3095  4434 I ChromePhotosDataPlane: origin=real hostClass=network hostHash=816c1c4228e457b0 method=POST clientProtocol=http/1.1 upstreamProtocol=h2 status=200 contentType=application/javascript bytesOut=0 transfer=fixed upstreamHeadersMs=276.424 downstreamWriteMs=1.765
09-08 01:19:03.471  3095  4269 I ChromePhotosDataPlane: phase=worker_ready correlationId=c176 admissionWaitMs=0.611
09-08 01:19:04.003  3095  4269 I ChromePhotosDataPlane: phase=tls_ready correlationId=c176 hostClass=network hostHash=97692e14df23bd64 clientProtocol=http/1.1 ca=ff56b2f4265f0377
09-08 01:19:04.227  3095  4269 I ChromePhotosDataPlane: origin=real hostClass=network hostHash=97692e14df23bd64 method=POST clientProtocol=http/1.1 upstreamProtocol=h2 status=200 contentType=application/binary bytesOut=252 transfer=chunked upstreamHeadersMs=215.434 downstreamWriteMs=2.885
09-08 01:19:34.308  3095  3095 I ChromePhotosDataPlane: phase=status statusSequence=3 lifecycle=PresentationReady active=true ready=true connections=176 requests=381 safe=91 blocked=1 unknown=36 passthrough=220 cacheHits=2 cacheMisses=101 failures=5 clientDisconnects=3 bytesIn=9211647 bytesOut=9921660 streamed=140 proxyQueueRejects=0 proxyActivePeak=64 proxyP50Ms=249.657 proxyP95Ms=2021.497 proxyP99Ms=3008.400 upstreamSockets=122 protectSuccess=122 protectFailure=0 web11a=not_run web11b=not_run modelLoadMs=409.920 engineCalls=92 dedupeHits=1 decisionCacheConfig=64 decisionConcurrencyConfig=1 decisionQueueConfig=2 decisionTimeoutMs=5000 engineCallsPerRequest=0.968421052631579 inferencePeak=1 inFlightPeak=2 queuePeak=1 queueRejects=0 timeouts=0 inferenceP50Ms=137.766927 inferenceP95Ms=575.565 inferenceP99Ms=669.306251 decisionP50Ms=282.970781 decisionP95Ms=1163.081875 decisionP99Ms=1284.942864 cacheHitP50Ms=0.042969 cacheHitP95Ms=0.042969 cacheEntries=64 cacheEvictions=28 preprocessP50Ms=5.489011 preprocessP95Ms=22.258282 preprocessP99Ms=58.03927 preparedCount1=72 preparedCount4=20 preparedCount5=0 preparedCountOther=0 decisionBasis=FullThreshold:1,None:91 imageCandidates=133 imagePrefixPeeks=27 imageMagicCandidates=0 imageBodyAdmissionPeak=2 imageBodyAdmissionRejects=0 networkVisualCandidates=130 networkVisualReplaced=0 networkVisualRawDelivered=0 networkVisualSafeRawDelivered=91 networkVisualBlockedReplaced=1 networkVisualUnknownReplaced=0 networkVisualUnsupportedReplaced=35 networkVisualRawBlockedDelivered=0 networkVisualRawUnknownDelivered=0 networkVisualCacheHit=2 networkVisualInference=89 mediaDocumentsTransformed=11 mediaDocumentsFailClosed=3 documentTransformOutstanding=0 readyTokensOutstanding=11 uiSvgRegistered=1 uiSvgRegistryBytes=134 uiSvgCssRewritten=1 uiSvgCssRejected=0 uiSvgNetworkAccepted=11 uiSvgNetworkRejected=1 uiSvgAssetServed=3 uiSvgAssetRejected=0 h18=REPORT=not_run,EVENT_SEQUENCE=0,COMPAT_DOCS=0,STRICT_DOCS=0,STYLE_REQ=0,SCRIPT_REQ=0,DATA_REQ=0,NETWORK_REQ=0,REPORTS=0,LAST_DOC=none,NETWORK_SHA=ee17e3f62edde61823ce35732ea168f4f5986bff347ccfac063eca7f4009ee1b,AUDIT_SHA=74d4467bbf6833db4eeab998495b7dfc50db3b1f04f407704b839ad3f4b25582 h19=REPORT=not_run,DOCUMENTS=0,FRAMES=0,SCRIPTS=0,FIRST_ORIGINAL_SCRIPTS=0,STYLES=0,WORKERS=0,SERVICE_WORKERS=0,FRAME_REPORTS=0,FRAME_REPORT_REJECTS=0,FRAME_REPORT=not_run,FRAME_REPORT_SHA=not_run,FRAME_CHALLENGE_SHA=not_run,FRAME_GENERATION=0,FRAME_ACCEPTED_CHALLENGE_SHA=not_run,FRAME_REPORT_BINDING_SHA=not_run,SAME_URL_BODIES=0,REPORTS=0,SW_BOUNDARY={INSTALL_DOCS=0,WORKER_SCRIPTS=0,WORKER_PROBE_SCRIPTS=0,PROBE_DOCS=0,CLEANUP_DOCS=0,REPORTS_ACCEPTED=0,REPORTS_REJECTED=0,CONTROLLER_PRESENT=0,CONTROLLER_MISSING=0,NAV_FETCHES=0,SELF_READY_FETCHES=0,SELF_READY_PASS_THROUGH=0,SELF_READY_SYNTHETIC=0,NAV_SYNTHETIC=0,RESET_BASELINE_CLEAN=0,RESET_BASELINE_DIRTY=0,REGISTER_BLOCKED=0,REGISTER_SUCCEEDED=0,WORKER_REGISTER_BLOCKED=0,WORKER_REGISTER_SUCCEEDED=0,WORKER_REGISTER_UNSUPPORTED=0,WORKER_REGISTER_ERROR=0,LAST_CASE=none,LAST_EVENT=none,LAST_VALUE=none},UI_SVG={INLINE_ORIGINAL:PASS,INLINE_CLICK:PASS,SPRITE_ORIGINAL:PASS,UNSAFE_SPRITE_FAIL_CLOSED:PASS,STATIC_CSS:PASS,EXTERNAL_CSS:PASS,STYLE_ATTRIBUTE:PASS,DATA_IMAGE:PASS,FAVICON:PASS,PROTECTED_HEAD_RETENTION:PASS,NETWORK_SVG:PASS,UNSAFE_NETWORK_FAIL_CLOSED:PASS,DYNAMIC_CSS:PASS,RASTER_FAIL_CLOSED:PASS,UNSAFE_INLINE_FAIL_CLOSED:PASS} quicAttempts=0 directTcpAttempts=0 bootstrapResetGeneration=2 bootstrapCompleteGeneration=2 bootstrapResetCount=3 chromeSuspended=false guardSession=528 guardHeartbeatSequence=339 audit17State=0 audit17Navigation=0 audit17Events=137 audit17Dropped=0
09-08 01:19:34.308  3095  3095 I ChromeMediaShieldStatus: v=1 seq=3 kind=network mode=selective candidates=130 replaced=0 rawDelivered=0 safeRaw=91 blockedReplaced=1 unknownReplaced=0 unsupportedReplaced=35 rawBlocked=0 rawUnknown=0 cacheHit=2 decisionEngine=89 engineCalls=92
09-08 01:19:34.308  3095  3095 I ChromeMediaShieldStatus: v=1 seq=3 kind=document transformed=11 failClosed=3 outstanding=0 issued=11 claims=4 documentSequence=8 navigationSequence=4 readyRequests=12 readyPreflights=0 readyAccepted=4 readyRejected=0 parserBarrierRequests=0 parserBarrierReady=0 parserBarrierFailClosed=0 selfShield=true selfReadyRequests=4 selfReadyAccepted=4 selfReadyRejected=0 selfReadyRejectReason=none selfShieldReleaseCompleted=4 selfShieldParserContinued=4 selfShieldOriginalScriptStarted=0 selfShieldTraceRejected=0 selfShieldTraceOutstanding=2 bootstrapDiagnosticAccepted=0 bootstrapDiagnosticRejected=0 bootstrapDiagnosticRejectReason=none bootstrapDiagnosticStage=none bootstrapDiagnosticReason=none bootstrapDiagnosticOutstanding=0
09-08 01:19:34.308  3095  3095 I ChromeMediaShieldStatus: v=1 seq=3 kind=renderer reports=0 rejected=0 globalCallbacks=0 globalRecords=0 childRecords=0 attributeRecords=0 maxRecords=0 scanCalls=0 scanRoot=0 scanNodes=0 maxScanNodes=0 scanMicros=0 maxScanMicros=0 observerChildScans=0 observerAttributeScans=0 guardedScans=0 markupScans=0 shadowScans=0 initialScans=0 otherScans=0 sanitizeElement=0 sanitizeContainer=0 img=0 source=0 svg=0 iframe=0 canvas=0 video=0 safeIcon=0 lockIcon=0 geometryWrites=0 svgRecords=0 shadowRoots=0 shadowObservers=0 shadowCallbacks=0 shadowRecords=0 shadowScanCalls=0 ensureStyle=0 ensureCurtain=0 internalMutations=0
09-08 01:19:34.309  3095  3095 I ChromeMediaShieldStatus: v=1 seq=3 kind=rendererApis callScan=createElement=0/0 createElementNS=0/0 appendChild=0/0 insertBefore=0/0 replaceChild=0/0 append=0/0 prepend=0/0 replaceChildren=0/0 before=0/0 after=0/0 replaceWith=0/0 adjacentElement=0/0 moveBefore=0/0 rangeInsert=0/0 rangeSurround=0/0 adoptNode=0/0 cloneNode=0/0 importNode=0/0 safeMarkup=0/0 innerHTML=0/0 outerHTML=0/0 insertAdjacentHTML=0/0 setHTML=0/0 shadowInnerHTML=0/0 execCommandInsertHTML=0/0 mappedTextContent=0/0
09-08 01:19:34.309  3095  3095 I ChromeMediaShieldStatus: v=1 seq=3 kind=rendererFamilies roots=element/fragment/text/other factory:calls=0,scans=0,direct=0,roots=0/0/0/0,nodes=0,micros=0,maxMicros=0 domGuard:calls=0,scans=0,direct=0,roots=0/0/0/0,nodes=0,micros=0,maxMicros=0 markup:calls=0,scans=0,direct=0,roots=0/0/0/0,nodes=0,micros=0,maxMicros=0
09-08 01:19:34.309  3095  3095 I ChromeMediaShieldStatus: v=1 seq=3 kind=uiSvg registered=1 registryBytes=134 cssRewritten=1 cssRejected=0 networkAccepted=11 networkRejected=1 assetServed=3 assetRejected=0
09-08 01:19:34.309  3095  3095 I ChromeMediaShieldStatus: v=1 seq=3 kind=health failures=5 clientDisconnects=3 proxyQueueRejects=0 protectFailure=0 quicAttempts=0 directTcpAttempts=0 active=true ready=true
09-08 01:19:34.309  3095  3095 I ChromeMediaShieldStatus: v=1 seq=3 kind=fixture report=REPORT=not_run,DOCUMENTS=0,FRAMES=0,SCRIPTS=0,FIRST_ORIGINAL_SCRIPTS=0,STYLES=0,WORKERS=0,SERVICE_WORKERS=0,FRAME_REPORTS=0,FRAME_REPORT_REJECTS=0,FRAME_REPORT=not_run,FRAME_REPORT_SHA=not_run,FRAME_CHALLENGE_SHA=not_run,FRAME_GENERATION=0,FRAME_ACCEPTED_CHALLENGE_SHA=not_run,FRAME_REPORT_BINDING_SHA=not_run,SAME_URL_BODIES=0,REPORTS=0,SW_BOUNDARY={INSTALL_DOCS=0,WORKER_SCRIPTS=0,WORKER_PROBE_SCRIPTS=0,PROBE_DOCS=0,CLEANUP_DOCS=0,REPORTS_ACCEPTED=0,REPORTS_REJECTED=0,CONTROLLER_PRESENT=0,CONTROLLER_MISSING=0,NAV_FETCHES=0,SELF_READY_FETCHES=0,SELF_READY_PASS_THROUGH=0,SELF_READY_SYNTHETIC=0,NAV_SYNTHETIC=0,RESET_BASELINE_CLEAN=0,RESET_BASELINE_DIRTY=0,REGISTER_BLOCKED=0,REGISTER_SUCCEEDED=0,WORKER_REGISTER_BLOCKED=0,WORKER_REGISTER_SUCCEEDED=0,WORKER_REGISTER_UNSUPPORTED=0,WORKER_REGISTER_ERROR=0,LAST_CASE=none,LAST_EVENT=none,LAST_VALUE=none},UI_SVG={INLINE_ORIGINAL:PASS,INLINE_CLICK:PASS,SPRITE_ORIGINAL:PASS,UNSAFE_SPRITE_FAIL_CLOSED:PASS,STATIC_CSS:PASS,EXTERNAL_CSS:PASS,STYLE_ATTRIBUTE:PASS,DATA_IMAGE:PASS,FAVICON:PASS,PROTECTED_HEAD_RETENTION:PASS,NETWORK_SVG:PASS,UNSAFE_NETWORK_FAIL_CLOSED:PASS,DYNAMIC_CSS:PASS,RASTER_FAIL_CLOSED:PASS,UNSAFE_INLINE_FAIL_CLOSED:PASS}
09-08 01:19:45.486  3095  4373 I ChromePhotosDataPlane: phase=worker_ready correlationId=c177 admissionWaitMs=0.383
09-08 01:19:45.795  3095  4373 I ChromePhotosDataPlane: phase=tls_ready correlationId=c177 hostClass=network hostHash=191347bfe55d0ca9 clientProtocol=http/1.1 ca=ff56b2f4265f0377
09-08 01:19:45.998  3095  4373 I ChromePhotosDataPlane: origin=real hostClass=network hostHash=191347bfe55d0ca9 method=GET clientProtocol=http/1.1 upstreamProtocol=h2 status=200 contentType=application/json bytesOut=23 transfer=fixed upstreamHeadersMs=197.690 downstreamWriteMs=2.946
09-08 01:19:46.561  3095  4374 I ChromePhotosDataPlane: phase=worker_ready correlationId=c178 admissionWaitMs=0.286
09-08 01:19:47.111  3095  4374 I ChromePhotosDataPlane: phase=tls_ready correlationId=c178 hostClass=network hostHash=a817ab236a289c0c clientProtocol=http/1.1 ca=ff56b2f4265f0377
09-08 01:19:47.472  3095  4374 I ChromePhotosDataPlane: phase=media_shield_document origin=real hostClass=network hostHash=a817ab236a289c0c result=transformed documentSequence=12 navigationSequence=5 token=f1f64b3f4dbb bytesOut=1019924 upstreamHeadersMs=102.528 documentDecisionMs=120.645 downstreamWriteMs=5.469
09-08 01:19:47.584  3095  4455 I ChromePhotosDataPlane: phase=worker_ready correlationId=c179 admissionWaitMs=0.278
09-08 01:19:47.594  3095  4408 I ChromePhotosDataPlane: phase=worker_ready correlationId=c180 admissionWaitMs=7.170
09-08 01:19:47.621  3095  4374 I ChromePhotosDataPlane: phase=media_shield_ready origin=same_origin result=204 bytesOut=0
09-08 01:19:47.635  3095  4374 I ChromePhotosDataPlane: phase=media_shield_ready origin=same_origin result=204 bytesOut=0
09-08 01:19:47.653  3095  4374 I ChromePhotosDataPlane: phase=media_shield_ready origin=same_origin result=204 bytesOut=0
09-08 01:19:47.724  3095  4639 I ChromePhotosDataPlane: phase=worker_ready correlationId=c181 admissionWaitMs=3.273
09-08 01:19:47.747  3095  4417 I ChromePhotosDataPlane: phase=worker_ready correlationId=c182 admissionWaitMs=0.525
09-08 01:19:47.776  3095  4327 I ChromePhotosDataPlane: phase=worker_ready correlationId=c183 admissionWaitMs=0.427
09-08 01:19:47.830  3095  4588 I ChromePhotosDataPlane: phase=worker_ready correlationId=c184 admissionWaitMs=0.221
09-08 01:19:47.843  3095  4599 I ChromePhotosDataPlane: phase=worker_ready correlationId=c185 admissionWaitMs=0.211
09-08 01:19:47.851  3095  4661 I ChromePhotosDataPlane: phase=worker_ready correlationId=c186 admissionWaitMs=0.304
09-08 01:19:47.862  3095  4589 I ChromePhotosDataPlane: phase=worker_ready correlationId=c187 admissionWaitMs=0.312
09-08 01:19:47.925  3095  4570 I ChromePhotosDataPlane: phase=worker_ready correlationId=c188 admissionWaitMs=0.548
09-08 01:19:47.935  3095  4668 I ChromePhotosDataPlane: phase=worker_ready correlationId=c189 admissionWaitMs=0.278
09-08 01:19:48.006  3095  4164 I ChromePhotosDataPlane: phase=worker_ready correlationId=c190 admissionWaitMs=0.328
09-08 01:19:48.294  3095  4455 I ChromePhotosDataPlane: phase=tls_ready correlationId=c179 hostClass=network hostHash=e1bb38766871feb8 clientProtocol=http/1.1 ca=ff56b2f4265f0377
09-08 01:19:48.299  3095  4327 I ChromePhotosDataPlane: phase=tls_ready correlationId=c183 hostClass=network hostHash=e1bb38766871feb8 clientProtocol=http/1.1 ca=ff56b2f4265f0377
09-08 01:19:48.301  3095  4639 I ChromePhotosDataPlane: phase=tls_ready correlationId=c181 hostClass=network hostHash=e1bb38766871feb8 clientProtocol=http/1.1 ca=ff56b2f4265f0377
09-08 01:19:48.303  3095  4588 I ChromePhotosDataPlane: phase=tls_ready correlationId=c184 hostClass=network hostHash=e1bb38766871feb8 clientProtocol=http/1.1 ca=ff56b2f4265f0377
09-08 01:19:48.304  3095  4417 I ChromePhotosDataPlane: phase=tls_ready correlationId=c182 hostClass=network hostHash=e1bb38766871feb8 clientProtocol=http/1.1 ca=ff56b2f4265f0377
09-08 01:19:48.305  3095  4408 I ChromePhotosDataPlane: phase=tls_ready correlationId=c180 hostClass=network hostHash=e1bb38766871feb8 clientProtocol=http/1.1 ca=ff56b2f4265f0377
09-08 01:19:48.314  3095  4589 I ChromePhotosDataPlane: phase=tls_ready correlationId=c187 hostClass=network hostHash=e1bb38766871feb8 clientProtocol=http/1.1 ca=ff56b2f4265f0377
09-08 01:19:48.608  3095  4588 I ChromePhotosDataPlane: origin=real hostClass=network hostHash=e1bb38766871feb8 method=GET clientProtocol=http/1.1 upstreamProtocol=h2 status=200 contentType=image/webp bytesIn=22390 bytesOut=22390 cache=miss decision=safe reason=model_allow source=engine probability=0.07228577 basis=None decodeMs=11.564 inferenceMs=140.142 localDecisionMs=153.075  requestToDeliveryMs=297.828 upstreamHeadersMs=122.475 sanitizeMs=167.688 downstreamWriteMs=2.217
09-08 01:19:48.806  3095  4639 I ChromePhotosDataPlane: origin=real hostClass=network hostHash=e1bb38766871feb8 method=GET clientProtocol=http/1.1 upstreamProtocol=h2 status=200 contentType=image/webp bytesIn=382772 bytesOut=382772 cache=miss decision=safe reason=model_allow source=engine probability=0.026281804 basis=None decodeMs=39.855 inferenceMs=134.602 localDecisionMs=175.932  requestToDeliveryMs=499.623 upstreamHeadersMs=152.971 sanitizeMs=342.553 downstreamWriteMs=2.174
09-08 01:19:48.981  3095  4327 I ChromePhotosDataPlane: origin=real hostClass=network hostHash=e1bb38766871feb8 method=GET clientProtocol=http/1.1 upstreamProtocol=h2 status=200 contentType=image/webp bytesIn=351576 bytesOut=351576 cache=miss decision=safe reason=model_allow source=engine probability=0.06512773 basis=None decodeMs=31.476 inferenceMs=138.826 localDecisionMs=242.374  requestToDeliveryMs=673.101 upstreamHeadersMs=153.506 sanitizeMs=511.023 downstreamWriteMs=5.444
09-08 01:19:49.110  3095  4599 I ChromePhotosDataPlane: phase=tls_ready correlationId=c185 hostClass=network hostHash=9d072a4c12ae89c4 clientProtocol=http/1.1 ca=ff56b2f4265f0377
09-08 01:19:49.116  3095  4661 I ChromePhotosDataPlane: phase=tls_ready correlationId=c186 hostClass=network hostHash=9d072a4c12ae89c4 clientProtocol=http/1.1 ca=ff56b2f4265f0377
09-08 01:19:49.143  3095  4408 I ChromePhotosDataPlane: origin=real hostClass=network hostHash=e1bb38766871feb8 method=GET clientProtocol=http/1.1 upstreamProtocol=h2 status=200 contentType=image/webp bytesIn=369798 bytesOut=369798 cache=miss decision=safe reason=model_allow source=engine probability=0.14357123 basis=None decodeMs=32.860 inferenceMs=132.376 localDecisionMs=207.684  requestToDeliveryMs=828.480 upstreamHeadersMs=151.283 sanitizeMs=672.423 downstreamWriteMs=2.040
09-08 01:19:49.200  3095  4599 I ChromePhotosDataPlane: origin=real hostClass=network hostHash=9d072a4c12ae89c4 method=GET clientProtocol=http/1.1 upstreamProtocol=h2 status=304 contentType= bytesOut=0 transfer=fixed upstreamHeadersMs=86.966 downstreamWriteMs=0.736
09-08 01:19:49.219  3095  4661 I ChromePhotosDataPlane: origin=real hostClass=network hostHash=9d072a4c12ae89c4 method=GET clientProtocol=http/1.1 upstreamProtocol=h2 status=304 contentType= bytesOut=0 transfer=fixed upstreamHeadersMs=99.684 downstreamWriteMs=0.743
09-08 01:19:49.419  3095  4374 I ChromePhotosDataPlane: origin=real hostClass=network hostHash=a817ab236a289c0c method=POST clientProtocol=http/1.1 upstreamProtocol=h2 status=200 contentType=application/json bytesOut=346 transfer=fixed upstreamHeadersMs=171.378 downstreamWriteMs=0.580
09-08 01:19:49.470  3095  4668 I ChromePhotosDataPlane: phase=tls_ready correlationId=c189 hostClass=network hostHash=8c8ca01276b5a685 clientProtocol=http/1.1 ca=ff56b2f4265f0377
09-08 01:19:49.479  3095  4570 I ChromePhotosDataPlane: phase=tls_ready correlationId=c188 hostClass=network hostHash=8c8ca01276b5a685 clientProtocol=http/1.1 ca=ff56b2f4265f0377
09-08 01:19:49.759  3095  4164 I ChromePhotosDataPlane: phase=tls_ready correlationId=c190 hostClass=network hostHash=abf8fbf760ef2a86 clientProtocol=http/1.1 ca=ff56b2f4265f0377
09-08 01:19:50.040  3095  4268 I ChromePhotosDataPlane: phase=worker_ready correlationId=c191 admissionWaitMs=0.308
09-08 01:19:50.057  3095  4407 I ChromePhotosDataPlane: phase=worker_ready correlationId=c192 admissionWaitMs=0.331
09-08 01:19:50.086  3095  4164 I ChromePhotosDataPlane: origin=real hostClass=network hostHash=abf8fbf760ef2a86 method=GET clientProtocol=http/1.1 upstreamProtocol=h2 status=200 contentType=image/png bytesIn=0 bytesOut=6303 cache=miss decision=unknown reason=encoded_image_unsupported source=error probability=-1.0 basis=none decodeMs=0.000 inferenceMs=0.000 localDecisionMs=0.000  requestToDeliveryMs=327.144 upstreamHeadersMs=325.892 sanitizeMs=0.093 downstreamWriteMs=0.383
09-08 01:19:50.290  3095  4268 I ChromePhotosDataPlane: phase=tls_ready correlationId=c191 hostClass=network hostHash=100d2a11512096b7 clientProtocol=http/1.1 ca=ff56b2f4265f0377
09-08 01:19:50.328  3095  4148 I ChromePhotosDataPlane: phase=worker_ready correlationId=c193 admissionWaitMs=0.226
09-08 01:19:50.332  3095  4374 I ChromePhotosDataPlane: origin=real hostClass=network hostHash=a817ab236a289c0c method=GET clientProtocol=http/1.1 upstreamProtocol=h2 status=200 contentType=text/javascript bytesOut=408 transfer=chunked upstreamHeadersMs=21.950 downstreamWriteMs=0.604
09-08 01:19:50.352  3095  4165 I ChromePhotosDataPlane: phase=worker_ready correlationId=c194 admissionWaitMs=0.196
09-08 01:19:50.651  3095  4571 I ChromePhotosDataPlane: phase=worker_ready correlationId=c195 admissionWaitMs=0.584
09-08 01:19:50.697  3095  4407 I ChromePhotosDataPlane: phase=tls_ready correlationId=c192 hostClass=network hostHash=fc1e48f201e43606 clientProtocol=http/1.1 ca=ff56b2f4265f0377
09-08 01:19:50.706  3095  4374 I ChromePhotosDataPlane: origin=real hostClass=network hostHash=a817ab236a289c0c method=POST clientProtocol=http/1.1 upstreamProtocol=h2 status=200 contentType=application/json bytesOut=912 transfer=fixed upstreamHeadersMs=360.920 downstreamWriteMs=2.192
09-08 01:19:50.717  3095  4148 I ChromePhotosDataPlane: phase=tls_ready correlationId=c193 hostClass=network hostHash=a817ab236a289c0c clientProtocol=http/1.1 ca=ff56b2f4265f0377
09-08 01:19:50.718  3095  4233 I ChromePhotosDataPlane: phase=worker_ready correlationId=c196 admissionWaitMs=11.222
09-08 01:19:50.719  3095  4192 I ChromePhotosDataPlane: phase=worker_ready correlationId=c197 admissionWaitMs=0.118
09-08 01:19:50.720  3095  4663 I ChromePhotosDataPlane: phase=worker_ready correlationId=c198 admissionWaitMs=0.184
09-08 01:19:50.729  3095  4165 I ChromePhotosDataPlane: phase=tls_ready correlationId=c194 hostClass=network hostHash=a817ab236a289c0c clientProtocol=http/1.1 ca=ff56b2f4265f0377
09-08 01:19:50.766  3095  4148 I ChromePhotosDataPlane: origin=real hostClass=network hostHash=a817ab236a289c0c method=GET clientProtocol=http/1.1 upstreamProtocol=h2 status=304 contentType= bytesOut=0 transfer=fixed upstreamHeadersMs=27.862 downstreamWriteMs=0.388
09-08 01:19:50.780  3095  4374 I ChromePhotosDataPlane: origin=real hostClass=network hostHash=a817ab236a289c0c method=GET clientProtocol=http/1.1 upstreamProtocol=h2 status=200 contentType=application/json bytesOut=22 transfer=chunked upstreamHeadersMs=23.345 downstreamWriteMs=0.536
09-08 01:19:50.780  3095  4165 I ChromePhotosDataPlane: origin=real hostClass=network hostHash=a817ab236a289c0c method=GET clientProtocol=http/1.1 upstreamProtocol=h2 status=200 contentType=application/json bytesOut=22 transfer=chunked upstreamHeadersMs=35.929 downstreamWriteMs=0.995
09-08 01:19:50.796  3095  4148 I ChromePhotosDataPlane: origin=real hostClass=network hostHash=a817ab236a289c0c method=GET clientProtocol=http/1.1 upstreamProtocol=h2 status=304 contentType= bytesOut=0 transfer=fixed upstreamHeadersMs=22.413 downstreamWriteMs=0.678
09-08 01:19:50.832  3095  4382 I ChromePhotosDataPlane: phase=worker_ready correlationId=c199 admissionWaitMs=0.239
09-08 01:19:50.836  3095  4165 I ChromePhotosDataPlane: origin=real hostClass=network hostHash=a817ab236a289c0c method=GET clientProtocol=http/1.1 upstreamProtocol=h2 status=304 contentType= bytesOut=0 transfer=fixed upstreamHeadersMs=29.099 downstreamWriteMs=0.659
09-08 01:19:50.854  3095  4310 I ChromePhotosDataPlane: phase=worker_ready correlationId=c201 admissionWaitMs=0.265
09-08 01:19:50.849  3095  4282 I ChromePhotosDataPlane: phase=worker_ready correlationId=c200 admissionWaitMs=0.497
09-08 01:19:50.925  3095  4312 I ChromePhotosDataPlane: phase=worker_ready correlationId=c202 admissionWaitMs=0.253
09-08 01:19:50.942  3095  4537 I ChromePhotosDataPlane: phase=worker_ready correlationId=c203 admissionWaitMs=3.355
09-08 01:19:51.032  3095  4571 I ChromePhotosDataPlane: phase=tls_ready correlationId=c195 hostClass=network hostHash=b5c4d3f9fde897ed clientProtocol=http/1.1 ca=ff56b2f4265f0377
09-08 01:19:51.033  3095  4233 I ChromePhotosDataPlane: phase=tls_ready correlationId=c196 hostClass=network hostHash=a817ab236a289c0c clientProtocol=http/1.1 ca=ff56b2f4265f0377
09-08 01:19:51.037  3095  4192 I ChromePhotosDataPlane: phase=tls_ready correlationId=c197 hostClass=network hostHash=a817ab236a289c0c clientProtocol=http/1.1 ca=ff56b2f4265f0377
09-08 01:19:51.039  3095  4663 I ChromePhotosDataPlane: phase=tls_ready correlationId=c198 hostClass=network hostHash=a817ab236a289c0c clientProtocol=http/1.1 ca=ff56b2f4265f0377
09-08 01:19:51.079  3095  4383 I ChromePhotosDataPlane: phase=worker_ready correlationId=c204 admissionWaitMs=0.212
09-08 01:19:51.164  3095  4307 I ChromePhotosDataPlane: phase=worker_ready correlationId=c205 admissionWaitMs=0.187
09-08 01:19:51.167  3095  4328 I ChromePhotosDataPlane: phase=worker_ready correlationId=c206 admissionWaitMs=0.169
09-08 01:19:51.176  3095  4583 I ChromePhotosDataPlane: phase=worker_ready correlationId=c207 admissionWaitMs=0.153
09-08 01:19:51.198  3095  4268 I ChromePhotosDataPlane: origin=real hostClass=network hostHash=100d2a11512096b7 method=OPTIONS clientProtocol=http/1.1 upstreamProtocol=h2 status=204 contentType= bytesOut=0 transfer=fixed upstreamHeadersMs=903.967 downstreamWriteMs=0.294
09-08 01:19:51.203  3095  4379 I ChromePhotosDataPlane: phase=worker_ready correlationId=c208 admissionWaitMs=0.324
09-08 01:19:51.252  3095  4329 I ChromePhotosDataPlane: phase=worker_ready correlationId=c209 admissionWaitMs=0.195
09-08 01:19:51.410  3095  4164 I ChromePhotosDataPlane: origin=real hostClass=network hostHash=abf8fbf760ef2a86 method=GET clientProtocol=http/1.1 upstreamProtocol=h2 status=200 contentType=image/png bytesIn=0 bytesOut=6303 cache=miss decision=unknown reason=encoded_image_unsupported source=error probability=-1.0 basis=none decodeMs=0.000 inferenceMs=0.000 localDecisionMs=0.000  requestToDeliveryMs=228.956 upstreamHeadersMs=227.468 sanitizeMs=0.118 downstreamWriteMs=0.473
09-08 01:19:51.412  3095  4399 I ChromePhotosDataPlane: phase=worker_ready correlationId=c210 admissionWaitMs=0.164
09-08 01:19:51.613  3095  4407 I ChromePhotosDataPlane: origin=real hostClass=network hostHash=fc1e48f201e43606 method=POST clientProtocol=http/1.1 upstreamProtocol=h2 status=200 contentType=application/json bytesOut=0 transfer=fixed upstreamHeadersMs=913.352 downstreamWriteMs=0.447
09-08 01:19:51.802  3095  4571 I ChromePhotosDataPlane: origin=real hostClass=network hostHash=b5c4d3f9fde897ed method=OPTIONS clientProtocol=http/1.1 upstreamProtocol=h2 status=200 contentType=application/json bytesOut=0 transfer=fixed upstreamHeadersMs=767.292 downstreamWriteMs=0.441
09-08 01:19:51.827  3095  4382 I ChromePhotosDataPlane: phase=tls_ready correlationId=c199 hostClass=network hostHash=0f165ff6c05ff65a clientProtocol=http/1.1 ca=ff56b2f4265f0377
09-08 01:19:52.025  3095  4571 I ChromePhotosDataPlane: origin=real hostClass=network hostHash=b5c4d3f9fde897ed method=POST clientProtocol=http/1.1 upstreamProtocol=h2 status=200 contentType=application/json bytesOut=0 transfer=fixed upstreamHeadersMs=217.863 downstreamWriteMs=0.368
09-08 01:19:52.051  3095  4282 I ChromePhotosDataPlane: phase=tls_ready correlationId=c200 hostClass=network hostHash=6e158e80db65e59b clientProtocol=http/1.1 ca=ff56b2f4265f0377
09-08 01:19:52.139  3095  4382 I ChromePhotosDataPlane: origin=real hostClass=network hostHash=0f165ff6c05ff65a method=POST clientProtocol=http/1.1 upstreamProtocol=h2 status=202 contentType=application/json bytesOut=21 transfer=fixed upstreamHeadersMs=309.897 downstreamWriteMs=0.470
09-08 01:19:52.362  3095  4382 I ChromePhotosDataPlane: origin=real hostClass=network hostHash=0f165ff6c05ff65a method=POST clientProtocol=http/1.1 upstreamProtocol=h2 status=202 contentType=application/json bytesOut=21 transfer=fixed upstreamHeadersMs=178.381 downstreamWriteMs=1.029
09-08 01:19:52.378  3095  4282 I ChromePhotosDataPlane: origin=real hostClass=network hostHash=6e158e80db65e59b method=POST clientProtocol=http/1.1 upstreamProtocol=h2 status=200 contentType=text/plain bytesOut=2 transfer=fixed upstreamHeadersMs=324.073 downstreamWriteMs=1.261
09-08 01:19:52.744  3095  4310 I ChromePhotosDataPlane: phase=tls_ready correlationId=c201 hostClass=network hostHash=cc6d3a91ec6770df clientProtocol=http/1.1 ca=ff56b2f4265f0377
09-08 01:19:52.876  3095  4310 I ChromePhotosDataPlane: origin=real hostClass=network hostHash=cc6d3a91ec6770df method=GET clientProtocol=http/1.1 upstreamProtocol=h2 status=304 contentType= bytesOut=0 transfer=fixed upstreamHeadersMs=126.260 downstreamWriteMs=3.134
09-08 01:19:52.953  3095  4312 I ChromePhotosDataPlane: phase=tls_ready correlationId=c202 hostClass=network hostHash=191347bfe55d0ca9 clientProtocol=http/1.1 ca=ff56b2f4265f0377
09-08 01:19:52.953  3095  4165 I ChromePhotosDataPlane: phase=media_shield_ready origin=same_origin result=200 bytesOut=1461
09-08 01:19:52.954  3095  4537 I ChromePhotosDataPlane: phase=tls_ready correlationId=c203 hostClass=network hostHash=191347bfe55d0ca9 clientProtocol=http/1.1 ca=ff56b2f4265f0377
09-08 01:19:53.190  3095  4537 I ChromePhotosDataPlane: phase=media_shield_document origin=real hostClass=network hostHash=191347bfe55d0ca9 result=transformed documentSequence=13 navigationSequence=5 token=3586f73737a6 bytesOut=167014 upstreamHeadersMs=168.051 documentDecisionMs=37.149 downstreamWriteMs=1.338
09-08 01:19:53.222  3095  4312 I ChromePhotosDataPlane: phase=media_shield_document origin=real hostClass=network hostHash=191347bfe55d0ca9 result=transformed documentSequence=14 navigationSequence=5 token=dfa6af2d227a bytesOut=166777 upstreamHeadersMs=197.541 documentDecisionMs=42.617 downstreamWriteMs=4.910
09-08 01:19:53.282  3095  4512 I ChromePhotosDataPlane: phase=worker_ready correlationId=c211 admissionWaitMs=0.357
09-08 01:19:53.292  3095  4418 I ChromePhotosDataPlane: phase=worker_ready correlationId=c212 admissionWaitMs=6.181
09-08 01:19:53.348  3095  4428 I ChromePhotosDataPlane: phase=worker_ready correlationId=c213 admissionWaitMs=0.239
09-08 01:19:53.350  3095  4560 I ChromePhotosDataPlane: phase=worker_ready correlationId=c214 admissionWaitMs=0.283
09-08 01:19:53.462  3095  4328 I ChromePhotosDataPlane: phase=tls_ready correlationId=c206 hostClass=network hostHash=191347bfe55d0ca9 clientProtocol=http/1.1 ca=ff56b2f4265f0377
09-08 01:19:53.463  3095  4383 I ChromePhotosDataPlane: phase=tls_ready correlationId=c204 hostClass=network hostHash=4dce8d0b280a268f clientProtocol=http/1.1 ca=ff56b2f4265f0377
09-08 01:19:53.463  3095  4307 I ChromePhotosDataPlane: phase=tls_ready correlationId=c205 hostClass=network hostHash=4dce8d0b280a268f clientProtocol=http/1.1 ca=ff56b2f4265f0377
09-08 01:19:53.532  3095  4328 I ChromePhotosDataPlane: origin=real hostClass=network hostHash=191347bfe55d0ca9 method=POST clientProtocol=http/1.1 upstreamProtocol=h2 status=200 contentType=text/plain bytesOut=0 transfer=fixed upstreamHeadersMs=66.726 downstreamWriteMs=0.259
09-08 01:19:53.837  3095  4583 I ChromePhotosDataPlane: phase=tls_ready correlationId=c207 hostClass=network hostHash=ee8cdc867bba487e clientProtocol=http/1.1 ca=ff56b2f4265f0377
09-08 01:19:53.983  3095  4583 I ChromePhotosDataPlane: origin=real hostClass=network hostHash=ee8cdc867bba487e method=POST clientProtocol=http/1.1 upstreamProtocol=h2 status=204 contentType=text/html bytesOut=0 transfer=fixed upstreamHeadersMs=144.060 downstreamWriteMs=0.201
09-08 01:19:53.988  3095  4442 I ChromePhotosDataPlane: phase=worker_ready correlationId=c215 admissionWaitMs=0.186
09-08 01:19:54.040  3095  4652 I ChromePhotosDataPlane: phase=worker_ready correlationId=c216 admissionWaitMs=0.224
09-08 01:19:54.083  3095  4379 I ChromePhotosDataPlane: phase=tls_ready correlationId=c208 hostClass=network hostHash=100d2a11512096b7 clientProtocol=http/1.1 ca=ff56b2f4265f0377
09-08 01:19:54.088  3095  4329 I ChromePhotosDataPlane: phase=tls_ready correlationId=c209 hostClass=network hostHash=0f165ff6c05ff65a clientProtocol=http/1.1 ca=ff56b2f4265f0377
09-08 01:19:54.204  3095  4383 I ChromePhotosDataPlane: phase=media_shield_document origin=real hostClass=network hostHash=4dce8d0b280a268f result=fail_closed reason=document_status_204 bytesOut=41 upstreamHeadersMs=738.436 documentDecisionMs=0.110 downstreamWriteMs=0.640
09-08 01:19:54.205  3095  4307 I ChromePhotosDataPlane: phase=media_shield_document origin=real hostClass=network hostHash=4dce8d0b280a268f result=fail_closed reason=document_status_204 bytesOut=41 upstreamHeadersMs=739.153 documentDecisionMs=0.081 downstreamWriteMs=0.613
09-08 01:19:54.244  3095  4326 I ChromePhotosDataPlane: phase=worker_ready correlationId=c217 admissionWaitMs=0.582
09-08 01:19:54.437  3095  4399 I ChromePhotosDataPlane: phase=tls_ready correlationId=c210 hostClass=network hostHash=3e723b591bdb95ce clientProtocol=http/1.1 ca=ff56b2f4265f0377
09-08 01:19:54.546  3095  4399 I ChromePhotosDataPlane: origin=real hostClass=network hostHash=3e723b591bdb95ce method=GET clientProtocol=http/1.1 upstreamProtocol=h2 status=200 contentType=image/png bytesIn=0 bytesOut=6303 cache=miss decision=unknown reason=image_format_unknown source=error probability=-1.0 basis=none decodeMs=0.000 inferenceMs=0.000 localDecisionMs=0.000  requestToDeliveryMs=108.174 upstreamHeadersMs=106.616 sanitizeMs=0.380 downstreamWriteMs=0.349
09-08 01:19:54.750  3095  4512 I ChromePhotosDataPlane: phase=tls_ready correlationId=c211 hostClass=network hostHash=80255870a6218fe0 clientProtocol=http/1.1 ca=ff56b2f4265f0377
09-08 01:19:54.756  3095  4418 I ChromePhotosDataPlane: phase=tls_ready correlationId=c212 hostClass=network hostHash=80255870a6218fe0 clientProtocol=http/1.1 ca=ff56b2f4265f0377
09-08 01:19:54.763  3095  4560 I ChromePhotosDataPlane: phase=tls_ready correlationId=c214 hostClass=network hostHash=80255870a6218fe0 clientProtocol=http/1.1 ca=ff56b2f4265f0377
09-08 01:19:54.770  3095  4428 I ChromePhotosDataPlane: phase=tls_ready correlationId=c213 hostClass=network hostHash=80255870a6218fe0 clientProtocol=http/1.1 ca=ff56b2f4265f0377
09-08 01:19:54.846  3095  4378 I ChromePhotosDataPlane: phase=worker_ready correlationId=c218 admissionWaitMs=0.190
09-08 01:19:54.856  3095  4315 I ChromePhotosDataPlane: phase=worker_ready correlationId=c219 admissionWaitMs=0.404
09-08 01:19:55.004  3095  4560 I ChromePhotosDataPlane: origin=real hostClass=network hostHash=80255870a6218fe0 method=GET clientProtocol=http/1.1 upstreamProtocol=h2 status=200 contentType=text/javascript bytesOut=354184 transfer=fixed upstreamHeadersMs=164.911 downstreamWriteMs=72.806
09-08 01:19:55.011  3095  4379 I ChromePhotosDataPlane: origin=real hostClass=network hostHash=100d2a11512096b7 method=POST clientProtocol=http/1.1 upstreamProtocol=h2 status=204 contentType= bytesOut=0 transfer=fixed upstreamHeadersMs=925.263 downstreamWriteMs=0.418
09-08 01:19:55.021  3095  4428 I ChromePhotosDataPlane: origin=real hostClass=network hostHash=80255870a6218fe0 method=GET clientProtocol=http/1.1 upstreamProtocol=h2 status=200 contentType=text/javascript bytesOut=354184 transfer=fixed upstreamHeadersMs=196.340 downstreamWriteMs=51.703
09-08 01:19:55.305  3095  4442 I ChromePhotosDataPlane: phase=tls_ready correlationId=c215 hostClass=network hostHash=38b36076ca933259 clientProtocol=http/1.1 ca=ff56b2f4265f0377
09-08 01:19:55.544  3095  4442 I ChromePhotosDataPlane: origin=real hostClass=network hostHash=38b36076ca933259 method=GET clientProtocol=http/1.1 upstreamProtocol=http/1.1 status=200 contentType=application/x-javascript bytesOut=586 transfer=fixed upstreamHeadersMs=237.188 downstreamWriteMs=0.445
09-08 01:19:55.587  3095  4652 I ChromePhotosDataPlane: phase=tls_ready correlationId=c216 hostClass=network hostHash=2a933d2460faea37 clientProtocol=http/1.1 ca=ff56b2f4265f0377
09-08 01:19:55.702  3095  4652 I ChromePhotosDataPlane: origin=real hostClass=network hostHash=2a933d2460faea37 method=GET clientProtocol=http/1.1 upstreamProtocol=h2 status=302 contentType= bytesIn=0 bytesOut=0 cache=miss decision=passthrough  requestToDeliveryMs=113.526 upstreamHeadersMs=112.028 sanitizeMs=0.266 downstreamWriteMs=0.295
09-08 01:19:55.708  3095  4441 I ChromePhotosDataPlane: phase=worker_ready correlationId=c220 admissionWaitMs=0.137
09-08 01:19:55.795  3095  4326 I ChromePhotosDataPlane: phase=tls_ready correlationId=c217 hostClass=network hostHash=505bd18b6650e44b clientProtocol=http/1.1 ca=ff56b2f4265f0377
09-08 01:19:55.931  3095  4326 I ChromePhotosDataPlane: origin=real hostClass=network hostHash=505bd18b6650e44b method=POST clientProtocol=http/1.1 upstreamProtocol=h2 status=204 contentType=text/plain bytesOut=0 transfer=fixed upstreamHeadersMs=133.878 downstreamWriteMs=0.230
09-08 01:19:55.952  3095  4315 I ChromePhotosDataPlane: phase=tls_ready correlationId=c219 hostClass=network hostHash=06b8da9fa0c99ee7 clientProtocol=http/1.1 ca=ff56b2f4265f0377
09-08 01:19:55.953  3095  4378 I ChromePhotosDataPlane: phase=tls_ready correlationId=c218 hostClass=network hostHash=06b8da9fa0c99ee7 clientProtocol=http/1.1 ca=ff56b2f4265f0377
09-08 01:19:56.002  3095  4381 I ChromePhotosDataPlane: phase=worker_ready correlationId=c221 admissionWaitMs=0.297
09-08 01:19:56.018  3095  4419 I ChromePhotosDataPlane: phase=worker_ready correlationId=c222 admissionWaitMs=0.179
09-08 01:19:56.221  3095  4560 I ChromePhotosDataPlane: origin=real hostClass=network hostHash=80255870a6218fe0 method=GET clientProtocol=http/1.1 upstreamProtocol=h2 status=200 contentType=image/png bytesIn=2228 bytesOut=2228 cache=miss decision=safe reason=model_allow source=inflight probability=0.025308132 basis=None decodeMs=5.243 inferenceMs=182.286 localDecisionMs=154.090  requestToDeliveryMs=204.986 upstreamHeadersMs=38.898 sanitizeMs=163.127 downstreamWriteMs=0.849
09-08 01:19:56.221  3095  4428 I ChromePhotosDataPlane: origin=real hostClass=network hostHash=80255870a6218fe0 method=GET clientProtocol=http/1.1 upstreamProtocol=h2 status=200 contentType=image/png bytesIn=2228 bytesOut=2228 cache=miss decision=safe reason=model_allow source=engine probability=0.025308132 basis=None decodeMs=5.243 inferenceMs=182.286 localDecisionMs=189.745  requestToDeliveryMs=222.507 upstreamHeadersMs=30.804 sanitizeMs=190.410 downstreamWriteMs=0.273
09-08 01:19:56.221  3095  4441 I ChromePhotosDataPlane: phase=tls_ready correlationId=c220 hostClass=network hostHash=cebab728d0c21358 clientProtocol=http/1.1 ca=ff56b2f4265f0377
09-08 01:19:56.403  3095  4213 I ChromePhotosDataPlane: phase=worker_ready correlationId=c223 admissionWaitMs=0.380
09-08 01:19:56.410  3095  4306 I ChromePhotosDataPlane: phase=worker_ready correlationId=c224 admissionWaitMs=0.218
09-08 01:19:56.428  3095  4314 I ChromePhotosDataPlane: phase=worker_ready correlationId=c225 admissionWaitMs=3.272
09-08 01:19:56.442  3095  4616 I ChromePhotosDataPlane: phase=worker_ready correlationId=c226 admissionWaitMs=0.278
09-08 01:19:56.445  3095  4441 I ChromePhotosDataPlane: origin=real hostClass=network hostHash=cebab728d0c21358 method=GET clientProtocol=http/1.1 upstreamProtocol=h2 status=200 contentType=image/jpeg bytesIn=13887 bytesOut=13887 cache=miss decision=safe reason=model_allow source=engine probability=0.041383058 basis=None decodeMs=7.913 inferenceMs=159.764 localDecisionMs=168.699  requestToDeliveryMs=222.234 upstreamHeadersMs=42.229 sanitizeMs=173.308 downstreamWriteMs=1.272
09-08 01:19:56.523  3095  4381 I ChromePhotosDataPlane: phase=tls_ready correlationId=c221 hostClass=network hostHash=7df7caa0a5579e01 clientProtocol=http/1.1 ca=ff56b2f4265f0377
09-08 01:19:56.532  3095  4419 I ChromePhotosDataPlane: phase=tls_ready correlationId=c222 hostClass=network hostHash=7df7caa0a5579e01 clientProtocol=http/1.1 ca=ff56b2f4265f0377
09-08 01:19:56.553  3095  4662 I ChromePhotosDataPlane: phase=worker_ready correlationId=c227 admissionWaitMs=0.187
09-08 01:19:56.684  3095  4381 I ChromePhotosDataPlane: origin=real hostClass=network hostHash=7df7caa0a5579e01 method=GET clientProtocol=http/1.1 upstreamProtocol=h2 status=200 contentType=font/woff2 bytesOut=34668 transfer=fixed upstreamHeadersMs=133.229 downstreamWriteMs=21.572
09-08 01:19:56.686  3095  4600 I ChromePhotosDataPlane: phase=worker_ready correlationId=c228 admissionWaitMs=0.146
09-08 01:19:56.709  3095  4419 I ChromePhotosDataPlane: origin=real hostClass=network hostHash=7df7caa0a5579e01 method=GET clientProtocol=http/1.1 upstreamProtocol=h2 status=200 contentType=font/woff2 bytesOut=34668 transfer=fixed upstreamHeadersMs=161.387 downstreamWriteMs=13.655
09-08 01:19:56.890  3095  4320 I ChromePhotosDataPlane: phase=worker_ready correlationId=c229 admissionWaitMs=0.259
09-08 01:19:56.946  3095  4165 I ChromePhotosDataPlane: origin=real hostClass=network hostHash=a817ab236a289c0c method=POST clientProtocol=http/1.1 upstreamProtocol=h2 status=202 contentType=text/plain bytesOut=8 transfer=fixed upstreamHeadersMs=265.389 downstreamWriteMs=0.766
09-08 01:19:57.052  3095  4440 I ChromePhotosDataPlane: phase=worker_ready correlationId=c230 admissionWaitMs=0.359
09-08 01:19:57.084  3095  4382 I ChromePhotosDataPlane: origin=real hostClass=network hostHash=0f165ff6c05ff65a method=POST clientProtocol=http/1.1 upstreamProtocol=h2 status=202 contentType=application/json bytesOut=21 transfer=fixed upstreamHeadersMs=346.195 downstreamWriteMs=1.680
09-08 01:19:57.111  3095  4590 I ChromePhotosDataPlane: phase=worker_ready correlationId=c231 admissionWaitMs=0.225
09-08 01:19:57.117  3095  4213 I ChromePhotosDataPlane: phase=tls_ready correlationId=c223 hostClass=network hostHash=a817ab236a289c0c clientProtocol=http/1.1 ca=ff56b2f4265f0377
09-08 01:19:57.143  3095  4408 I ChromePhotosDataPlane: origin=real hostClass=network hostHash=e1bb38766871feb8 method=GET clientProtocol=http/1.1 upstreamProtocol=h2 status=200 contentType=image/webp bytesIn=579250 bytesOut=579250 cache=miss decision=safe reason=model_allow source=engine probability=0.0022100806 basis=None decodeMs=73.308 inferenceMs=204.274 localDecisionMs=279.268  requestToDeliveryMs=616.204 upstreamHeadersMs=36.646 sanitizeMs=571.652 downstreamWriteMs=5.775
09-08 01:19:57.144  3095  4640 I ChromePhotosDataPlane: phase=worker_ready correlationId=c232 admissionWaitMs=0.151
09-08 01:19:57.230  3095  4165 I ChromePhotosDataPlane: origin=real hostClass=network hostHash=a817ab236a289c0c method=GET clientProtocol=http/1.1 upstreamProtocol=h2 status=200 contentType=application/json bytesOut=13633 transfer=chunked upstreamHeadersMs=29.344 downstreamWriteMs=4.199
09-08 01:19:57.390  3095  4374 I ChromePhotosDataPlane: origin=real hostClass=network hostHash=a817ab236a289c0c method=GET clientProtocol=http/1.1 upstreamProtocol=h2 status=200 contentType=application/json bytesOut=89 transfer=chunked upstreamHeadersMs=173.854 downstreamWriteMs=0.445
09-08 01:19:57.427  3095  4306 I ChromePhotosDataPlane: phase=tls_ready correlationId=c224 hostClass=network hostHash=a2a6d789aa872a52 clientProtocol=http/1.1 ca=ff56b2f4265f0377
09-08 01:19:57.512  3095  4306 I ChromePhotosDataPlane: origin=real hostClass=network hostHash=a2a6d789aa872a52 method=GET clientProtocol=http/1.1 upstreamProtocol=h2 status=304 contentType= bytesOut=0 transfer=fixed upstreamHeadersMs=83.752 downstreamWriteMs=0.280
09-08 01:19:57.519  3095  4213 I ChromePhotosDataPlane: origin=real hostClass=network hostHash=a817ab236a289c0c method=GET clientProtocol=http/1.1 upstreamProtocol=h2 status=304 contentType= bytesOut=0 transfer=fixed upstreamHeadersMs=400.323 downstreamWriteMs=0.305
09-08 01:19:57.826  3095  4314 I ChromePhotosDataPlane: phase=tls_ready correlationId=c225 hostClass=network hostHash=e2dd3580aeebec64 clientProtocol=http/1.1 ca=ff56b2f4265f0377
09-08 01:19:57.948  3095  4314 I ChromePhotosDataPlane: origin=real hostClass=network hostHash=e2dd3580aeebec64 method=GET clientProtocol=http/1.1 upstreamProtocol=h2 status=302 contentType= bytesIn=0 bytesOut=0 cache=miss decision=passthrough  requestToDeliveryMs=120.453 upstreamHeadersMs=116.939 sanitizeMs=0.262 downstreamWriteMs=0.966
09-08 01:19:58.198  3095  4616 I ChromePhotosDataPlane: phase=tls_ready correlationId=c226 hostClass=network hostHash=f5594fab1b035ec0 clientProtocol=http/1.1 ca=ff56b2f4265f0377
09-08 01:19:58.525  3095  4616 I ChromePhotosDataPlane: origin=real hostClass=network hostHash=f5594fab1b035ec0 method=GET clientProtocol=http/1.1 upstreamProtocol=h2 status=200 contentType=application/javascript bytesOut=2493 transfer=chunked upstreamHeadersMs=323.835 downstreamWriteMs=0.674
09-08 01:19:58.531  3095  4662 I ChromePhotosDataPlane: phase=tls_ready correlationId=c227 hostClass=network hostHash=7ffe8698ca81d914 clientProtocol=http/1.1 ca=ff56b2f4265f0377
09-08 01:19:58.990  3095  4600 I ChromePhotosDataPlane: phase=tls_ready correlationId=c228 hostClass=network hostHash=fc1e48f201e43606 clientProtocol=http/1.1 ca=ff56b2f4265f0377
09-08 01:19:59.017  3095  4408 I ChromePhotosDataPlane: origin=real hostClass=network hostHash=e1bb38766871feb8 method=GET clientProtocol=http/1.1 upstreamProtocol=h2 status=200 contentType=image/webp bytesIn=703674 bytesOut=703674 cache=miss decision=safe reason=model_allow source=engine probability=0.1002163 basis=None decodeMs=93.617 inferenceMs=490.316 localDecisionMs=591.863  requestToDeliveryMs=908.430 upstreamHeadersMs=24.818 sanitizeMs=855.323 downstreamWriteMs=25.830
09-08 01:19:59.086  3095  4164 I ChromePhotosDataPlane: origin=real hostClass=network hostHash=abf8fbf760ef2a86 method=GET clientProtocol=http/1.1 upstreamProtocol=h2 status=200 contentType=image/png bytesIn=0 bytesOut=6303 cache=miss decision=unknown reason=encoded_image_unsupported source=error probability=-1.0 basis=none decodeMs=0.000 inferenceMs=0.000 localDecisionMs=0.000  requestToDeliveryMs=565.608 upstreamHeadersMs=557.013 sanitizeMs=0.311 downstreamWriteMs=1.886
09-08 01:19:59.383  3095  4601 I ChromePhotosDataPlane: phase=worker_ready correlationId=c233 admissionWaitMs=5.790
09-08 01:19:59.423  3095  4327 I ChromePhotosDataPlane: origin=real hostClass=network hostHash=e1bb38766871feb8 method=GET clientProtocol=http/1.1 upstreamProtocol=h2 status=200 contentType=image/webp bytesIn=1006766 bytesOut=1006766 cache=miss decision=safe reason=model_allow source=engine probability=0.15379822 basis=None decodeMs=75.840 inferenceMs=272.964 localDecisionMs=356.994  requestToDeliveryMs=1306.403 upstreamHeadersMs=62.752 sanitizeMs=1164.043 downstreamWriteMs=72.225
09-08 01:19:59.496  3095  4320 I ChromePhotosDataPlane: phase=tls_ready correlationId=c229 hostClass=network hostHash=191347bfe55d0ca9 clientProtocol=http/1.1 ca=ff56b2f4265f0377
09-08 01:19:59.503  3095  4440 I ChromePhotosDataPlane: phase=tls_ready correlationId=c230 hostClass=network hostHash=191347bfe55d0ca9 clientProtocol=http/1.1 ca=ff56b2f4265f0377
09-08 01:19:59.626  3095  4616 I ChromePhotosDataPlane: origin=real hostClass=network hostHash=f5594fab1b035ec0 method=POST clientProtocol=http/1.1 upstreamProtocol=h2 status=200 contentType= bytesOut=0 transfer=fixed upstreamHeadersMs=203.491 downstreamWriteMs=1.020
09-08 01:19:59.702  3095  4320 I ChromePhotosDataPlane: origin=real hostClass=network hostHash=191347bfe55d0ca9 method=POST clientProtocol=http/1.1 upstreamProtocol=h2 status=200 contentType=text/plain bytesOut=0 transfer=fixed upstreamHeadersMs=193.891 downstreamWriteMs=1.136
09-08 01:19:59.708  3095  4662 I ChromePhotosDataPlane: origin=real hostClass=network hostHash=7ffe8698ca81d914 method=GET clientProtocol=http/1.1 upstreamProtocol=h2 status=200 contentType=image/png bytesIn=42 bytesOut=6303 cache=miss decision=unknown reason=unsupported_gif source=error probability=-1.0 basis=none decodeMs=0.000 inferenceMs=0.000 localDecisionMs=0.000  requestToDeliveryMs=1175.256 upstreamHeadersMs=240.792 sanitizeMs=930.842 downstreamWriteMs=1.379
09-08 01:19:59.759  3095  4440 I ChromePhotosDataPlane: origin=real hostClass=network hostHash=191347bfe55d0ca9 method=POST clientProtocol=http/1.1 upstreamProtocol=h2 status=200 contentType=text/plain bytesOut=0 transfer=fixed upstreamHeadersMs=249.164 downstreamWriteMs=0.450
09-08 01:19:59.782  3095  4639 I ChromePhotosDataPlane: origin=real hostClass=network hostHash=e1bb38766871feb8 method=GET clientProtocol=http/1.1 upstreamProtocol=h2 status=200 contentType=image/webp bytesIn=781864 bytesOut=781864 cache=miss decision=safe reason=model_allow source=engine probability=0.06846395 basis=None decodeMs=186.319 inferenceMs=176.702 localDecisionMs=465.039  requestToDeliveryMs=1658.374 upstreamHeadersMs=56.490 sanitizeMs=1522.941 downstreamWriteMs=73.605
09-08 01:19:59.815  3095  4659 I ChromePhotosDataPlane: phase=worker_ready correlationId=c234 admissionWaitMs=0.190
09-08 01:19:59.886  3095  4591 I ChromePhotosDataPlane: phase=worker_ready correlationId=c235 admissionWaitMs=0.184
09-08 01:19:59.989  3095  4600 I ChromePhotosDataPlane: origin=real hostClass=network hostHash=fc1e48f201e43606 method=POST clientProtocol=http/1.1 upstreamProtocol=h2 status=200 contentType=application/json bytesOut=0 transfer=fixed upstreamHeadersMs=983.493 downstreamWriteMs=4.154
09-08 01:20:00.265  3095  4570 I ChromePhotosDataPlane: origin=real hostClass=network hostHash=8c8ca01276b5a685 method=GET clientProtocol=http/1.1 upstreamProtocol=h2 status=200 contentType=image/webp bytesIn=188 bytesOut=188 cache=miss decision=safe reason=model_allow source=engine probability=0.014502853 basis=None decodeMs=2.908 inferenceMs=557.735 localDecisionMs=918.843  requestToDeliveryMs=1796.588 upstreamHeadersMs=34.944 sanitizeMs=1757.947 downstreamWriteMs=0.726
09-08 01:20:00.307  3095  4621 I ChromePhotosDataPlane: phase=worker_ready correlationId=c236 admissionWaitMs=0.238
09-08 01:20:00.315  3095  4653 I ChromePhotosDataPlane: phase=worker_ready correlationId=c237 admissionWaitMs=0.204
09-08 01:20:00.394  3095  4616 I ChromePhotosDataPlane: origin=real hostClass=network hostHash=f5594fab1b035ec0 method=POST clientProtocol=http/1.1 upstreamProtocol=h2 status=200 contentType= bytesOut=0 transfer=fixed upstreamHeadersMs=533.978 downstreamWriteMs=1.163
09-08 01:20:00.499  3095  4590 I ChromePhotosDataPlane: phase=tls_ready correlationId=c231 hostClass=network hostHash=4172597e1d9e2600 clientProtocol=http/1.1 ca=ff56b2f4265f0377
09-08 01:20:00.864  3095  4642 I ChromePhotosDataPlane: phase=worker_ready correlationId=c238 admissionWaitMs=0.833
09-08 01:20:00.978  3095  4640 I ChromePhotosDataPlane: phase=tls_ready correlationId=c232 hostClass=network hostHash=fb66c9c8cfe48aef clientProtocol=http/1.1 ca=ff56b2f4265f0377
09-08 01:20:01.011  3095  4164 I ChromePhotosDataPlane: origin=real hostClass=network hostHash=abf8fbf760ef2a86 method=GET clientProtocol=http/1.1 upstreamProtocol=h2 status=200 contentType=image/png bytesIn=0 bytesOut=6303 cache=miss decision=unknown reason=encoded_image_unsupported source=error probability=-1.0 basis=none decodeMs=0.000 inferenceMs=0.000 localDecisionMs=0.000  requestToDeliveryMs=414.602 upstreamHeadersMs=409.741 sanitizeMs=0.319 downstreamWriteMs=2.821
09-08 01:20:01.195  3095  4588 I ChromePhotosDataPlane: origin=real hostClass=network hostHash=e1bb38766871feb8 method=GET clientProtocol=http/1.1 upstreamProtocol=h2 status=200 contentType=image/webp bytesIn=2614 bytesOut=2614 cache=miss decision=safe reason=model_allow source=engine probability=0.044011295 basis=None decodeMs=34.986 inferenceMs=883.483 localDecisionMs=1475.757  requestToDeliveryMs=2396.621 upstreamHeadersMs=61.691 sanitizeMs=2324.399 downstreamWriteMs=2.717
09-08 01:20:01.235  3095  4590 I ChromePhotosDataPlane: origin=real hostClass=network hostHash=4172597e1d9e2600 method=OPTIONS clientProtocol=http/1.1 upstreamProtocol=h2 status=200 contentType= bytesOut=0 transfer=fixed upstreamHeadersMs=731.024 downstreamWriteMs=0.528
09-08 01:20:01.286  3095  4434 I ChromePhotosDataPlane: phase=worker_ready correlationId=c239 admissionWaitMs=0.319
09-08 01:20:01.353  3095  4399 I ChromePhotosDataPlane: origin=real hostClass=network hostHash=3e723b591bdb95ce method=GET clientProtocol=http/1.1 upstreamProtocol=h2 status=200 contentType=image/png bytesIn=0 bytesOut=6303 cache=miss decision=unknown reason=image_format_unknown source=error probability=-1.0 basis=none decodeMs=0.000 inferenceMs=0.000 localDecisionMs=0.000  requestToDeliveryMs=1570.427 upstreamHeadersMs=179.689 sanitizeMs=1389.173 downstreamWriteMs=0.467
09-08 01:20:01.353  3095  4455 I ChromePhotosDataPlane: origin=real hostClass=network hostHash=e1bb38766871feb8 method=GET clientProtocol=http/1.1 upstreamProtocol=h2 status=200 contentType=image/png bytesIn=1437 bytesOut=1437 cache=miss decision=safe reason=model_allow source=engine probability=0.011459291 basis=None decodeMs=2.559 inferenceMs=162.567 localDecisionMs=1085.916  requestToDeliveryMs=2499.613 upstreamHeadersMs=266.705 sanitizeMs=2230.985 downstreamWriteMs=0.523
09-08 01:20:01.412  3095  4601 I ChromePhotosDataPlane: phase=tls_ready correlationId=c233 hostClass=network hostHash=0843c9b16155ccbe clientProtocol=http/1.1 ca=ff56b2f4265f0377
09-08 01:20:01.517  3095  4417 I ChromePhotosDataPlane: origin=real hostClass=network hostHash=e1bb38766871feb8 method=GET clientProtocol=http/1.1 upstreamProtocol=h2 status=200 contentType=image/png bytesIn=1109 bytesOut=1109 cache=miss decision=safe reason=model_allow source=engine probability=0.019467264 basis=None decodeMs=6.574 inferenceMs=158.745 localDecisionMs=319.386  requestToDeliveryMs=2717.938 upstreamHeadersMs=483.388 sanitizeMs=2207.560 downstreamWriteMs=0.642
09-08 01:20:01.680  3095  4639 I ChromePhotosDataPlane: origin=real hostClass=network hostHash=e1bb38766871feb8 method=GET clientProtocol=http/1.1 upstreamProtocol=h2 status=200 contentType=image/webp bytesIn=18638 bytesOut=18638 cache=miss decision=safe reason=model_allow source=engine probability=0.0053461194 basis=None decodeMs=10.433 inferenceMs=151.406 localDecisionMs=322.483  requestToDeliveryMs=1738.457 upstreamHeadersMs=67.220 sanitizeMs=1662.687 downstreamWriteMs=0.727
09-08 01:20:01.704  3095  4640 I ChromePhotosDataPlane: origin=real hostClass=network hostHash=fb66c9c8cfe48aef method=POST clientProtocol=http/1.1 upstreamProtocol=http/1.1 status=204 contentType= bytesOut=0 transfer=fixed upstreamHeadersMs=710.587 downstreamWriteMs=0.556
09-08 01:20:01.768  3095  4601 I ChromePhotosDataPlane: origin=real hostClass=network hostHash=0843c9b16155ccbe method=POST clientProtocol=http/1.1 upstreamProtocol=h2 status=200 contentType= bytesOut=0 transfer=fixed upstreamHeadersMs=350.276 downstreamWriteMs=1.150
09-08 01:20:01.859  3095  4589 I ChromePhotosDataPlane: origin=real hostClass=network hostHash=e1bb38766871feb8 method=GET clientProtocol=http/1.1 upstreamProtocol=h2 status=200 contentType=image/png bytesIn=478 bytesOut=478 cache=miss decision=safe reason=model_allow source=engine probability=0.032441497 basis=None decodeMs=2.774 inferenceMs=171.750 localDecisionMs=338.436  requestToDeliveryMs=2035.658 upstreamHeadersMs=453.839 sanitizeMs=1574.046 downstreamWriteMs=2.279
09-08 01:20:01.902  3095  4269 I ChromePhotosDataPlane: phase=worker_ready correlationId=c240 admissionWaitMs=0.243
09-08 01:20:01.975  3095  4659 I ChromePhotosDataPlane: phase=tls_ready correlationId=c234 hostClass=network hostHash=e1bb38766871feb8 clientProtocol=http/1.1 ca=ff56b2f4265f0377
09-08 01:20:01.982  3095  4621 I ChromePhotosDataPlane: phase=tls_ready correlationId=c236 hostClass=network hostHash=e1bb38766871feb8 clientProtocol=http/1.1 ca=ff56b2f4265f0377
09-08 01:20:01.986  3095  4434 I ChromePhotosDataPlane: phase=tls_ready correlationId=c239 hostClass=network hostHash=4172597e1d9e2600 clientProtocol=http/1.1 ca=ff56b2f4265f0377
09-08 01:20:01.989  3095  4653 I ChromePhotosDataPlane: phase=tls_ready correlationId=c237 hostClass=network hostHash=e1bb38766871feb8 clientProtocol=http/1.1 ca=ff56b2f4265f0377
09-08 01:20:01.990  3095  4591 I ChromePhotosDataPlane: phase=tls_ready correlationId=c235 hostClass=network hostHash=e1bb38766871feb8 clientProtocol=http/1.1 ca=ff56b2f4265f0377
09-08 01:20:02.003  3095  4642 I ChromePhotosDataPlane: phase=tls_ready correlationId=c238 hostClass=network hostHash=e1bb38766871feb8 clientProtocol=http/1.1 ca=ff56b2f4265f0377
09-08 01:20:02.190  3095  4639 I ChromePhotosDataPlane: origin=real hostClass=network hostHash=e1bb38766871feb8 method=GET clientProtocol=http/1.1 upstreamProtocol=h2 status=200 contentType=image/webp bytesIn=2154 bytesOut=2154 cache=miss decision=safe reason=model_allow source=engine probability=0.18161532 basis=None decodeMs=3.093 inferenceMs=187.042 localDecisionMs=191.369  requestToDeliveryMs=313.891 upstreamHeadersMs=112.541 sanitizeMs=192.296 downstreamWriteMs=6.026
09-08 01:20:02.193  3095  4434 I ChromePhotosDataPlane: phase=client_disconnect direction=downstream_write correlationId=c239-r1
09-08 01:20:02.217  3095  4269 I ChromePhotosDataPlane: phase=tls_ready correlationId=c240 hostClass=network hostHash=505bd18b6650e44b clientProtocol=http/1.1 ca=ff56b2f4265f0377
09-08 01:20:02.391  3095  4269 I ChromePhotosDataPlane: origin=real hostClass=network hostHash=505bd18b6650e44b method=POST clientProtocol=http/1.1 upstreamProtocol=h2 status=204 contentType=text/plain bytesOut=0 transfer=fixed upstreamHeadersMs=163.958 downstreamWriteMs=0.766
09-08 01:20:02.477  3095  4417 I ChromePhotosDataPlane: origin=real hostClass=network hostHash=e1bb38766871feb8 method=GET clientProtocol=http/1.1 upstreamProtocol=h2 status=200 contentType=image/webp bytesIn=1260 bytesOut=1260 cache=miss decision=safe reason=model_allow source=engine probability=0.0047082305 basis=None decodeMs=4.112 inferenceMs=197.453 localDecisionMs=202.987  requestToDeliveryMs=272.481 upstreamHeadersMs=58.748 sanitizeMs=210.448 downstreamWriteMs=1.202
09-08 01:20:02.696  3095  4639 I ChromePhotosDataPlane: origin=real hostClass=network hostHash=e1bb38766871feb8 method=GET clientProtocol=http/1.1 upstreamProtocol=h2 status=200 contentType=image/webp bytesIn=474 bytesOut=474 cache=miss decision=safe reason=model_allow source=engine probability=0.054662883 basis=None decodeMs=2.533 inferenceMs=215.828 localDecisionMs=410.025  requestToDeliveryMs=477.597 upstreamHeadersMs=58.994 sanitizeMs=410.836 downstreamWriteMs=1.009
09-08 01:20:02.746  3095  4407 I ChromePhotosDataPlane: phase=worker_ready correlationId=c241 admissionWaitMs=0.220
09-08 01:20:02.992  3095  4659 I ChromePhotosDataPlane: origin=real hostClass=network hostHash=e1bb38766871feb8 method=GET clientProtocol=http/1.1 upstreamProtocol=h2 status=200 contentType=image/png bytesIn=583 bytesOut=583 cache=miss decision=safe reason=model_allow source=engine probability=0.04272762 basis=None decodeMs=4.850 inferenceMs=287.060 localDecisionMs=514.167  requestToDeliveryMs=1015.320 upstreamHeadersMs=391.727 sanitizeMs=620.682 downstreamWriteMs=0.929
09-08 01:20:03.175  3095  4621 I ChromePhotosDataPlane: origin=real hostClass=network hostHash=e1bb38766871feb8 method=GET clientProtocol=http/1.1 upstreamProtocol=h2 status=200 contentType=image/png bytesIn=266 bytesOut=266 cache=miss decision=safe reason=model_allow source=engine probability=0.02305746 basis=None decodeMs=7.403 inferenceMs=180.278 localDecisionMs=478.409  requestToDeliveryMs=1184.367 upstreamHeadersMs=451.242 sanitizeMs=731.283 downstreamWriteMs=0.492
09-08 01:20:03.365  3095  4653 I ChromePhotosDataPlane: origin=real hostClass=network hostHash=e1bb38766871feb8 method=GET clientProtocol=http/1.1 upstreamProtocol=h2 status=200 contentType=image/png bytesIn=813 bytesOut=813 cache=miss decision=safe reason=model_allow source=engine probability=0.016113847 basis=None decodeMs=6.633 inferenceMs=173.402 localDecisionMs=370.743  requestToDeliveryMs=1359.262 upstreamHeadersMs=444.706 sanitizeMs=909.916 downstreamWriteMs=0.978
09-08 01:20:03.469  3095  4407 I ChromePhotosDataPlane: phase=tls_ready correlationId=c241 hostClass=network hostHash=97692e14df23bd64 clientProtocol=http/1.1 ca=ff56b2f4265f0377
09-08 01:20:03.556  3095  4591 I ChromePhotosDataPlane: origin=real hostClass=network hostHash=e1bb38766871feb8 method=GET clientProtocol=http/1.1 upstreamProtocol=h2 status=200 contentType=image/png bytesIn=518 bytesOut=518 cache=miss decision=safe reason=model_allow source=engine probability=0.049337447 basis=None decodeMs=8.886 inferenceMs=173.426 localDecisionMs=360.081  requestToDeliveryMs=1547.321 upstreamHeadersMs=511.139 sanitizeMs=1018.600 downstreamWriteMs=12.143
09-08 01:20:03.726  3095  4417 I ChromePhotosDataPlane: origin=real hostClass=network hostHash=e1bb38766871feb8 method=GET clientProtocol=http/1.1 upstreamProtocol=h2 status=200 contentType=image/webp bytesIn=77542 bytesOut=77542 cache=miss decision=safe reason=model_allow source=engine probability=0.22912869 basis=None decodeMs=20.534 inferenceMs=160.262 localDecisionMs=329.713  requestToDeliveryMs=1097.416 upstreamHeadersMs=30.723 sanitizeMs=1058.154 downstreamWriteMs=4.704
09-08 01:20:03.824  3095  4328 I ChromePhotosDataPlane: phase=worker_ready correlationId=c242 admissionWaitMs=14.121
09-08 01:20:03.844  3095  4583 I ChromePhotosDataPlane: phase=worker_ready correlationId=c243 admissionWaitMs=0.162
09-08 01:20:03.861  3095  4407 I ChromePhotosDataPlane: origin=real hostClass=network hostHash=97692e14df23bd64 method=POST clientProtocol=http/1.1 upstreamProtocol=h2 status=200 contentType=application/javascript bytesOut=0 transfer=fixed upstreamHeadersMs=387.157 downstreamWriteMs=0.978
09-08 01:20:03.869  3095  4328 I ChromePhotosDataPlane: phase=tls_ready correlationId=c242 hostClass=network hostHash=505bd18b6650e44b clientProtocol=http/1.1 ca=ff56b2f4265f0377
09-08 01:20:03.922  3095  4583 I ChromePhotosDataPlane: phase=tls_ready correlationId=c243 hostClass=network hostHash=fc1e48f201e43606 clientProtocol=http/1.1 ca=ff56b2f4265f0377
09-08 01:20:03.922  3095  4639 I ChromePhotosDataPlane: origin=real hostClass=network hostHash=e1bb38766871feb8 method=GET clientProtocol=http/1.1 upstreamProtocol=h2 status=200 contentType=image/webp bytesIn=14210 bytesOut=14210 cache=miss decision=safe reason=model_allow source=engine probability=0.016036034 basis=None decodeMs=9.710 inferenceMs=191.216 localDecisionMs=367.769  requestToDeliveryMs=1164.249 upstreamHeadersMs=25.706 sanitizeMs=1134.024 downstreamWriteMs=1.104
09-08 01:20:03.946  3095  4328 I ChromePhotosDataPlane: origin=real hostClass=network hostHash=505bd18b6650e44b method=POST clientProtocol=http/1.1 upstreamProtocol=h2 status=204 contentType=text/plain bytesOut=0 transfer=fixed upstreamHeadersMs=43.181 downstreamWriteMs=0.364
09-08 01:20:04.374  3095  4374 I ChromePhotosDataPlane: origin=real hostClass=network hostHash=a817ab236a289c0c method=GET clientProtocol=http/1.1 upstreamProtocol=h2 status=200 contentType=image/png bytesIn=3584 bytesOut=3584 cache=miss decision=safe reason=model_allow source=engine probability=0.026260942 basis=None decodeMs=2.987 inferenceMs=138.713 localDecisionMs=142.480  requestToDeliveryMs=473.003 upstreamHeadersMs=326.829 sanitizeMs=143.340 downstreamWriteMs=1.039
09-08 01:20:04.431  3095  4374 I ChromePhotosDataPlane: phase=media_shield_ready origin=same_origin result=204 bytesOut=0
09-08 01:20:04.479  3095  4326 I ChromePhotosDataPlane: phase=worker_ready correlationId=c244 admissionWaitMs=0.193
09-08 01:20:04.518  3095  4326 I ChromePhotosDataPlane: phase=tls_ready correlationId=c244 hostClass=network hostHash=fc1e48f201e43606 clientProtocol=http/1.1 ca=ff56b2f4265f0377
09-08 01:20:04.526  3095  4320 I ChromePhotosDataPlane: phase=worker_ready correlationId=c245 admissionWaitMs=0.244
09-08 01:20:04.550  3095  4320 I ChromePhotosDataPlane: phase=tls_ready correlationId=c245 hostClass=network hostHash=fc1e48f201e43606 clientProtocol=http/1.1 ca=ff56b2f4265f0377
09-08 01:20:04.732  3095  4583 I ChromePhotosDataPlane: origin=real hostClass=network hostHash=fc1e48f201e43606 method=POST clientProtocol=http/1.1 upstreamProtocol=h2 status=200 contentType=application/json bytesOut=0 transfer=fixed upstreamHeadersMs=804.803 downstreamWriteMs=0.445
09-08 01:20:04.762  3095  4326 I ChromePhotosDataPlane: origin=real hostClass=network hostHash=fc1e48f201e43606 method=POST clientProtocol=http/1.1 upstreamProtocol=h2 status=200 contentType=application/json bytesOut=0 transfer=fixed upstreamHeadersMs=218.461 downstreamWriteMs=0.522
09-08 01:20:04.872  3095  4616 I ChromePhotosDataPlane: origin=real hostClass=network hostHash=f5594fab1b035ec0 method=POST clientProtocol=http/1.1 upstreamProtocol=h2 status=200 contentType=application/json bytesOut=16 transfer=fixed upstreamHeadersMs=361.948 downstreamWriteMs=2.297
09-08 01:20:04.894  3095  4320 I ChromePhotosDataPlane: origin=real hostClass=network hostHash=fc1e48f201e43606 method=POST clientProtocol=http/1.1 upstreamProtocol=h2 status=200 contentType=application/json bytesOut=0 transfer=fixed upstreamHeadersMs=341.122 downstreamWriteMs=0.510
09-08 01:20:05.064  3095  4373 I ChromePhotosDataPlane: origin=real hostClass=network hostHash=191347bfe55d0ca9 method=GET clientProtocol=http/1.1 upstreamProtocol=h2 status=200 contentType=application/json bytesOut=23 transfer=fixed upstreamHeadersMs=203.346 downstreamWriteMs=0.569
09-08 01:20:07.608  3095  4440 I ChromePhotosDataPlane: phase=worker_ready correlationId=c246 admissionWaitMs=1.223
09-08 01:20:07.904  3095  4440 I ChromePhotosDataPlane: phase=tls_ready correlationId=c246 hostClass=network hostHash=acb222ec7473b00e clientProtocol=http/1.1 ca=ff56b2f4265f0377
09-08 01:20:08.086  3095  4440 I ChromePhotosDataPlane: origin=real hostClass=network hostHash=acb222ec7473b00e method=GET clientProtocol=http/1.1 upstreamProtocol=h2 status=302 contentType= bytesIn=0 bytesOut=0 cache=miss decision=passthrough  requestToDeliveryMs=180.923 upstreamHeadersMs=178.611 sanitizeMs=0.496 downstreamWriteMs=0.478
09-08 01:20:08.103  3095  4600 I ChromePhotosDataPlane: phase=worker_ready correlationId=c247 admissionWaitMs=0.311
09-08 01:20:08.366  3095  4600 I ChromePhotosDataPlane: phase=tls_ready correlationId=c247 hostClass=network hostHash=db116db5f2465415 clientProtocol=http/1.1 ca=ff56b2f4265f0377
09-08 01:20:09.181  3095  4600 I ChromePhotosDataPlane: origin=real hostClass=network hostHash=db116db5f2465415 method=GET clientProtocol=http/1.1 upstreamProtocol=h2 status=200 contentType=image/png bytesIn=397 bytesOut=6303 cache=miss decision=unknown reason=image_format_unknown source=error probability=-1.0 basis=none decodeMs=0.000 inferenceMs=0.000 localDecisionMs=0.000  requestToDeliveryMs=813.115 upstreamHeadersMs=810.286 sanitizeMs=0.955 downstreamWriteMs=0.697
09-08 01:20:09.595  3095  4434 I ChromePhotosDataPlane: phase=worker_ready correlationId=c248 admissionWaitMs=1.350
09-08 01:20:09.630  3095  4434 I ChromePhotosDataPlane: phase=tls_ready correlationId=c248 hostClass=network hostHash=505bd18b6650e44b clientProtocol=http/1.1 ca=ff56b2f4265f0377
09-08 01:20:09.815  3095  4434 I ChromePhotosDataPlane: origin=real hostClass=network hostHash=505bd18b6650e44b method=POST clientProtocol=http/1.1 upstreamProtocol=h2 status=204 contentType=text/plain bytesOut=0 transfer=fixed upstreamHeadersMs=177.594 downstreamWriteMs=0.753
09-08 01:20:11.798  3095  4312 I ChromePhotosDataPlane: phase=media_shield_document origin=real hostClass=network hostHash=191347bfe55d0ca9 result=transformed documentSequence=15 navigationSequence=5 token=416448eecb96 bytesOut=166851 upstreamHeadersMs=94.678 documentDecisionMs=43.519 downstreamWriteMs=1.656
09-08 01:20:11.818  3095  4537 I ChromePhotosDataPlane: phase=media_shield_document origin=real hostClass=network hostHash=191347bfe55d0ca9 result=transformed documentSequence=16 navigationSequence=5 token=0b4000337b83 bytesOut=167197 upstreamHeadersMs=112.367 documentDecisionMs=37.509 downstreamWriteMs=1.761
09-08 01:20:12.082  3095  4560 I ChromePhotosDataPlane: origin=real hostClass=network hostHash=80255870a6218fe0 method=GET clientProtocol=http/1.1 upstreamProtocol=h2 status=200 contentType=text/javascript bytesOut=354184 transfer=fixed upstreamHeadersMs=141.745 downstreamWriteMs=112.848
09-08 01:20:12.085  3095  4164 I ChromePhotosDataPlane: origin=real hostClass=network hostHash=abf8fbf760ef2a86 method=GET clientProtocol=http/1.1 upstreamProtocol=h2 status=200 contentType=image/png bytesIn=0 bytesOut=6303 cache=miss decision=unknown reason=encoded_image_unsupported source=error probability=-1.0 basis=none decodeMs=0.000 inferenceMs=0.000 localDecisionMs=0.000  requestToDeliveryMs=360.324 upstreamHeadersMs=357.926 sanitizeMs=0.193 downstreamWriteMs=0.629
09-08 01:20:12.110  3095  4512 I ChromePhotosDataPlane: origin=real hostClass=network hostHash=80255870a6218fe0 method=GET clientProtocol=http/1.1 upstreamProtocol=h2 status=200 contentType=text/javascript bytesOut=354184 transfer=fixed upstreamHeadersMs=215.410 downstreamWriteMs=28.048
09-08 01:20:13.379  3095  4512 I ChromePhotosDataPlane: origin=real hostClass=network hostHash=80255870a6218fe0 method=GET clientProtocol=http/1.1 upstreamProtocol=h2 status=200 contentType=image/png bytesIn=2228 bytesOut=2228 cache=hit decision=safe reason=model_allow source=cache probability=0.025308132 basis=None decodeMs=0.000 inferenceMs=0.000 localDecisionMs=0.282  requestToDeliveryMs=27.234 upstreamHeadersMs=23.288 sanitizeMs=1.346 downstreamWriteMs=0.740
09-08 01:20:13.399  3095  4418 I ChromePhotosDataPlane: origin=real hostClass=network hostHash=80255870a6218fe0 method=GET clientProtocol=http/1.1 upstreamProtocol=h2 status=200 contentType=image/png bytesIn=2228 bytesOut=2228 cache=hit decision=safe reason=model_allow source=cache probability=0.025308132 basis=None decodeMs=0.000 inferenceMs=0.000 localDecisionMs=0.044  requestToDeliveryMs=26.761 upstreamHeadersMs=23.077 sanitizeMs=1.229 downstreamWriteMs=0.786
09-08 01:20:13.527  3095  4419 I ChromePhotosDataPlane: origin=real hostClass=network hostHash=7df7caa0a5579e01 method=GET clientProtocol=http/1.1 upstreamProtocol=h2 status=200 contentType=font/woff2 bytesOut=34668 transfer=fixed upstreamHeadersMs=136.178 downstreamWriteMs=25.199
09-08 01:20:13.548  3095  4381 I ChromePhotosDataPlane: origin=real hostClass=network hostHash=7df7caa0a5579e01 method=GET clientProtocol=http/1.1 upstreamProtocol=h2 status=200 contentType=font/woff2 bytesOut=34668 transfer=fixed upstreamHeadersMs=150.038 downstreamWriteMs=19.653
09-08 01:20:27.637  3095  4269 I ChromePhotosDataPlane: phase=worker_ready correlationId=c249 admissionWaitMs=0.678
09-08 01:20:27.706  3095  4269 I ChromePhotosDataPlane: phase=tls_ready correlationId=c249 hostClass=network hostHash=4172597e1d9e2600 clientProtocol=http/1.1 ca=ff56b2f4265f0377
09-08 01:20:28.672  3095  4269 I ChromePhotosDataPlane: origin=real hostClass=network hostHash=4172597e1d9e2600 method=OPTIONS clientProtocol=http/1.1 upstreamProtocol=h2 status=200 contentType= bytesOut=0 transfer=fixed upstreamHeadersMs=961.492 downstreamWriteMs=0.825
09-08 01:20:28.685  3095  4328 I ChromePhotosDataPlane: phase=worker_ready correlationId=c250 admissionWaitMs=0.571
09-08 01:20:28.710  3095  4328 I ChromePhotosDataPlane: phase=tls_ready correlationId=c250 hostClass=network hostHash=4172597e1d9e2600 clientProtocol=http/1.1 ca=ff56b2f4265f0377
09-08 01:20:29.179  3095  4328 I ChromePhotosDataPlane: origin=real hostClass=network hostHash=4172597e1d9e2600 method=POST clientProtocol=http/1.1 upstreamProtocol=h2 status=200 contentType=text/plain bytesOut=2 transfer=fixed upstreamHeadersMs=464.435 downstreamWriteMs=1.057
09-08 01:20:29.748  3095  4583 I ChromePhotosDataPlane: phase=worker_ready correlationId=c251 admissionWaitMs=0.221
09-08 01:20:30.080  3095  4583 I ChromePhotosDataPlane: phase=tls_ready correlationId=c251 hostClass=network hostHash=f58aed0f48e58f0c clientProtocol=http/1.1 ca=ff56b2f4265f0377
09-08 01:20:31.979  3095  4583 I ChromePhotosDataPlane: phase=media_shield_document origin=real hostClass=network hostHash=f58aed0f48e58f0c result=transformed documentSequence=17 navigationSequence=6 token=d880e7c5fefc bytesOut=955651 upstreamHeadersMs=820.466 documentDecisionMs=374.311 downstreamWriteMs=5.298
09-08 01:20:32.047  3095  4326 I ChromePhotosDataPlane: phase=worker_ready correlationId=c252 admissionWaitMs=0.169
09-08 01:20:32.072  3095  4616 I ChromePhotosDataPlane: phase=worker_ready correlationId=c253 admissionWaitMs=1.348
09-08 01:20:32.092  3095  4320 I ChromePhotosDataPlane: phase=worker_ready correlationId=c254 admissionWaitMs=0.203
09-08 01:20:32.101  3095  4583 I ChromePhotosDataPlane: phase=media_shield_ready origin=same_origin result=204 bytesOut=0
09-08 01:20:32.116  3095  4583 I ChromePhotosDataPlane: phase=media_shield_ready origin=same_origin result=204 bytesOut=0
09-08 01:20:32.131  3095  4583 I ChromePhotosDataPlane: phase=media_shield_ready origin=same_origin result=204 bytesOut=0
09-08 01:20:32.265  3095  4599 I ChromePhotosDataPlane: phase=worker_ready correlationId=c255 admissionWaitMs=0.226
09-08 01:20:32.268  3095  4661 I ChromePhotosDataPlane: phase=worker_ready correlationId=c256 admissionWaitMs=0.225
09-08 01:20:32.282  3095  4434 I ChromePhotosDataPlane: phase=worker_ready correlationId=c257 admissionWaitMs=0.401
09-08 01:20:32.288  3095  4148 I ChromePhotosDataPlane: phase=worker_ready correlationId=c258 admissionWaitMs=0.221
09-08 01:20:32.294  3095  4233 I ChromePhotosDataPlane: phase=worker_ready correlationId=c259 admissionWaitMs=0.239
09-08 01:20:32.362  3095  4192 I ChromePhotosDataPlane: phase=worker_ready correlationId=c260 admissionWaitMs=3.975
09-08 01:20:32.388  3095  4616 I ChromePhotosDataPlane: phase=tls_ready correlationId=c253 hostClass=network hostHash=7df7caa0a5579e01 clientProtocol=http/1.1 ca=ff56b2f4265f0377
09-08 01:20:32.535  3095  4663 I ChromePhotosDataPlane: phase=worker_ready correlationId=c261 admissionWaitMs=0.384
09-08 01:20:32.538  3095  4268 I ChromePhotosDataPlane: phase=worker_ready correlationId=c262 admissionWaitMs=0.741
09-08 01:20:32.544  3095  4571 I ChromePhotosDataPlane: phase=worker_ready correlationId=c263 admissionWaitMs=0.217
09-08 01:20:32.568  3095  4282 I ChromePhotosDataPlane: phase=worker_ready correlationId=c264 admissionWaitMs=0.170
09-08 01:20:32.666  3095  4326 I ChromePhotosDataPlane: phase=tls_ready correlationId=c252 hostClass=network hostHash=fdbc7f1491a89ee6 clientProtocol=http/1.1 ca=ff56b2f4265f0377
09-08 01:20:32.935  3095  4320 I ChromePhotosDataPlane: phase=tls_ready correlationId=c254 hostClass=network hostHash=1c9aae1431eb8709 clientProtocol=http/1.1 ca=ff56b2f4265f0377
09-08 01:20:33.152  3095  4599 I ChromePhotosDataPlane: phase=tls_ready correlationId=c255 hostClass=network hostHash=ee8cdc867bba487e clientProtocol=http/1.1 ca=ff56b2f4265f0377
09-08 01:20:33.158  3095  4192 I ChromePhotosDataPlane: phase=tls_ready correlationId=c260 hostClass=network hostHash=fdbc7f1491a89ee6 clientProtocol=http/1.1 ca=ff56b2f4265f0377
09-08 01:20:33.161  3095  4148 I ChromePhotosDataPlane: phase=tls_ready correlationId=c258 hostClass=network hostHash=ee8cdc867bba487e clientProtocol=http/1.1 ca=ff56b2f4265f0377
09-08 01:20:33.162  3095  4434 I ChromePhotosDataPlane: phase=tls_ready correlationId=c257 hostClass=network hostHash=ee8cdc867bba487e clientProtocol=http/1.1 ca=ff56b2f4265f0377
09-08 01:20:33.162  3095  4661 I ChromePhotosDataPlane: phase=tls_ready correlationId=c256 hostClass=network hostHash=ee8cdc867bba487e clientProtocol=http/1.1 ca=ff56b2f4265f0377
09-08 01:20:33.166  3095  4320 I ChromePhotosDataPlane: origin=real hostClass=network hostHash=1c9aae1431eb8709 method=GET clientProtocol=http/1.1 upstreamProtocol=h2 status=200 contentType=application/javascript bytesOut=112 transfer=chunked upstreamHeadersMs=228.650 downstreamWriteMs=0.988
09-08 01:20:33.332  3095  4599 I ChromePhotosDataPlane: origin=real hostClass=network hostHash=ee8cdc867bba487e method=GET clientProtocol=http/1.1 upstreamProtocol=h2 status=200 contentType=image/png bytesIn=42 bytesOut=6303 cache=miss decision=unknown reason=unsupported_gif source=error probability=-1.0 basis=none decodeMs=0.000 inferenceMs=0.000 localDecisionMs=0.000  requestToDeliveryMs=178.346 upstreamHeadersMs=172.069 sanitizeMs=3.349 downstreamWriteMs=1.188
09-08 01:20:33.343  3095  4661 I ChromePhotosDataPlane: origin=real hostClass=network hostHash=ee8cdc867bba487e method=GET clientProtocol=http/1.1 upstreamProtocol=h2 status=302 contentType= bytesIn=0 bytesOut=0 cache=miss decision=passthrough  requestToDeliveryMs=179.854 upstreamHeadersMs=176.803 sanitizeMs=0.648 downstreamWriteMs=0.770
09-08 01:20:33.344  3095  4310 I ChromePhotosDataPlane: phase=worker_ready correlationId=c265 admissionWaitMs=0.256
09-08 01:20:33.362  3095  4148 I ChromePhotosDataPlane: origin=real hostClass=network hostHash=ee8cdc867bba487e method=GET clientProtocol=http/1.1 upstreamProtocol=h2 status=200 contentType=image/png bytesIn=42 bytesOut=6303 cache=miss decision=unknown reason=unsupported_gif source=error probability=-1.0 basis=none decodeMs=0.000 inferenceMs=0.000 localDecisionMs=0.000  requestToDeliveryMs=194.322 upstreamHeadersMs=180.625 sanitizeMs=9.467 downstreamWriteMs=2.783
09-08 01:20:33.369  3095  4434 I ChromePhotosDataPlane: origin=real hostClass=network hostHash=ee8cdc867bba487e method=GET clientProtocol=http/1.1 upstreamProtocol=h2 status=200 contentType=image/png bytesIn=42 bytesOut=6303 cache=miss decision=unknown reason=unsupported_gif source=error probability=-1.0 basis=none decodeMs=0.000 inferenceMs=0.000 localDecisionMs=0.000  requestToDeliveryMs=200.711 upstreamHeadersMs=197.306 sanitizeMs=0.859 downstreamWriteMs=1.019
09-08 01:20:33.386  3095  4310 W ChromePhotosDataPlane: phase=connection_failed correlationId=c265 error=UnknownHostException
09-08 01:20:33.468  3095  4418 I ChromePhotosDataPlane: phase=worker_ready correlationId=c266 admissionWaitMs=1.313
09-08 01:20:33.517  3095  4329 I ChromePhotosDataPlane: phase=worker_ready correlationId=c267 admissionWaitMs=49.140
09-08 01:20:33.522  3095  4383 I ChromePhotosDataPlane: phase=worker_ready correlationId=c268 admissionWaitMs=51.256
09-08 01:20:33.526  3095  4307 I ChromePhotosDataPlane: phase=worker_ready correlationId=c269 admissionWaitMs=53.899
09-08 01:20:33.526  3095  4379 I ChromePhotosDataPlane: phase=worker_ready correlationId=c270 admissionWaitMs=42.288
09-08 01:20:33.527  3095  4442 I ChromePhotosDataPlane: phase=worker_ready correlationId=c271 admissionWaitMs=39.135
09-08 01:20:33.586  3095  4434 I ChromePhotosDataPlane: origin=real hostClass=network hostHash=ee8cdc867bba487e method=POST clientProtocol=http/1.1 upstreamProtocol=h2 status=204 contentType=text/html bytesOut=0 transfer=fixed upstreamHeadersMs=61.049 downstreamWriteMs=0.606
09-08 01:20:33.747  3095  4315 I ChromePhotosDataPlane: phase=worker_ready correlationId=c272 admissionWaitMs=0.809
09-08 01:20:33.764  3095  4378 I ChromePhotosDataPlane: phase=worker_ready correlationId=c273 admissionWaitMs=0.212
09-08 01:20:33.898  3095  4233 I ChromePhotosDataPlane: phase=tls_ready correlationId=c259 hostClass=network hostHash=78545291017afd6d clientProtocol=http/1.1 ca=ff56b2f4265f0377
09-08 01:20:33.903  3095  4282 I ChromePhotosDataPlane: phase=tls_ready correlationId=c264 hostClass=network hostHash=fdbc7f1491a89ee6 clientProtocol=http/1.1 ca=ff56b2f4265f0377
09-08 01:20:33.905  3095  4571 I ChromePhotosDataPlane: phase=tls_ready correlationId=c263 hostClass=network hostHash=fdbc7f1491a89ee6 clientProtocol=http/1.1 ca=ff56b2f4265f0377
09-08 01:20:33.914  3095  4663 I ChromePhotosDataPlane: phase=tls_ready correlationId=c261 hostClass=network hostHash=fdbc7f1491a89ee6 clientProtocol=http/1.1 ca=ff56b2f4265f0377
09-08 01:20:33.917  3095  4268 I ChromePhotosDataPlane: phase=tls_ready correlationId=c262 hostClass=network hostHash=fdbc7f1491a89ee6 clientProtocol=http/1.1 ca=ff56b2f4265f0377
09-08 01:20:34.102  3095  4418 I ChromePhotosDataPlane: phase=tls_ready correlationId=c266 hostClass=network hostHash=f5594fab1b035ec0 clientProtocol=http/1.1 ca=ff56b2f4265f0377
09-08 01:20:34.105  3095  4326 I ChromePhotosDataPlane: origin=real hostClass=network hostHash=fdbc7f1491a89ee6 method=GET clientProtocol=http/1.1 upstreamProtocol=h2 status=200 contentType=image/webp bytesIn=21480 bytesOut=21480 cache=miss decision=safe reason=model_allow source=engine probability=0.019576043 basis=None decodeMs=16.670 inferenceMs=759.074 localDecisionMs=777.297  requestToDeliveryMs=1438.112 upstreamHeadersMs=639.094 sanitizeMs=795.090 downstreamWriteMs=1.219
09-08 01:20:34.295  3095  4441 I ChromePhotosDataPlane: phase=worker_ready correlationId=c274 admissionWaitMs=0.159
09-08 01:20:34.299  3095  4441 W ChromePhotosDataPlane: phase=connection_failed correlationId=c274 error=UnknownHostException
09-08 01:20:34.410  3095  3095 I ChromePhotosDataPlane: phase=status statusSequence=4 lifecycle=PresentationReady active=true ready=true connections=274 requests=543 safe=121 blocked=1 unknown=61 passthrough=304 cacheHits=4 cacheMisses=145 failures=7 clientDisconnects=4 bytesIn=17460628 bytesOut=19022837 streamed=200 proxyQueueRejects=0 proxyActivePeak=64 proxyP50Ms=249.410 proxyP95Ms=1796.729 proxyP99Ms=2938.654 upstreamSockets=201 protectSuccess=201 protectFailure=0 web11a=not_run web11b=not_run modelLoadMs=409.920 engineCalls=120 dedupeHits=2 decisionCacheConfig=64 decisionConcurrencyConfig=1 decisionQueueConfig=2 decisionTimeoutMs=5000 engineCallsPerRequest=0.9448818897637795 inferencePeak=1 inFlightPeak=2 queuePeak=1 queueRejects=0 timeouts=0 inferenceP50Ms=141.00625 inferenceP95Ms=599.410883 inferenceP99Ms=712.149531 decisionP50Ms=287.061666 decisionP95Ms=1133.792604 decisionP99Ms=1284.942864 cacheHitP50Ms=0.044167 cacheHitP95Ms=0.063073 cacheEntries=64 cacheEvictions=55 preprocessP50Ms=5.594843 preprocessP95Ms=40.891927 preprocessP99Ms=86.342552 preparedCount1=97 preparedCount4=22 preparedCount5=0 preparedCountOther=0 decisionBasis=FullThreshold:1,None:118 imageCandidates=181 imagePrefixPeeks=39 imageMagicCandidates=0 imageBodyAdmissionPeak=2 imageBodyAdmissionRejects=0 networkVisualCandidates=178 networkVisualReplaced=0 networkVisualRawDelivered=0 networkVisualSafeRawDelivered=121 networkVisualBlockedReplaced=1 networkVisualUnknownReplaced=0 networkVisualUnsupportedReplaced=47 networkVisualRawBlockedDelivered=0 networkVisualRawUnknownDelivered=0 networkVisualCacheHit=4 networkVisualInference=116 mediaDocumentsTransformed=17 mediaDocumentsFailClosed=5 documentTransformOutstanding=0 readyTokensOutstanding=17 uiSvgRegistered=1 uiSvgRegistryBytes=134 uiSvgCssRewritten=1 uiSvgCssRejected=0 uiSvgNetworkAccepted=27 uiSvgNetworkRejected=14 uiSvgAssetServed=3 uiSvgAssetRejected=0 h18=REPORT=not_run,EVENT_SEQUENCE=0,COMPAT_DOCS=0,STRICT_DOCS=0,STYLE_REQ=0,SCRIPT_REQ=0,DATA_REQ=0,NETWORK_REQ=0,REPORTS=0,LAST_DOC=none,NETWORK_SHA=ee17e3f62edde61823ce35732ea168f4f5986bff347ccfac063eca7f4009ee1b,AUDIT_SHA=74d4467bbf6833db4eeab998495b7dfc50db3b1f04f407704b839ad3f4b25582 h19=REPORT=not_run,DOCUMENTS=0,FRAMES=0,SCRIPTS=0,FIRST_ORIGINAL_SCRIPTS=0,STYLES=0,WORKERS=0,SERVICE_WORKERS=0,FRAME_REPORTS=0,FRAME_REPORT_REJECTS=0,FRAME_REPORT=not_run,FRAME_REPORT_SHA=not_run,FRAME_CHALLENGE_SHA=not_run,FRAME_GENERATION=0,FRAME_ACCEPTED_CHALLENGE_SHA=not_run,FRAME_REPORT_BINDING_SHA=not_run,SAME_URL_BODIES=0,REPORTS=0,SW_BOUNDARY={INSTALL_DOCS=0,WORKER_SCRIPTS=0,WORKER_PROBE_SCRIPTS=0,PROBE_DOCS=0,CLEANUP_DOCS=0,REPORTS_ACCEPTED=0,REPORTS_REJECTED=0,CONTROLLER_PRESENT=0,CONTROLLER_MISSING=0,NAV_FETCHES=0,SELF_READY_FETCHES=0,SELF_READY_PASS_THROUGH=0,SELF_READY_SYNTHETIC=0,NAV_SYNTHETIC=0,RESET_BASELINE_CLEAN=0,RESET_BASELINE_DIRTY=0,REGISTER_BLOCKED=0,REGISTER_SUCCEEDED=0,WORKER_REGISTER_BLOCKED=0,WORKER_REGISTER_SUCCEEDED=0,WORKER_REGISTER_UNSUPPORTED=0,WORKER_REGISTER_ERROR=0,LAST_CASE=none,LAST_EVENT=none,LAST_VALUE=none},UI_SVG={INLINE_ORIGINAL:PASS,INLINE_CLICK:PASS,SPRITE_ORIGINAL:PASS,UNSAFE_SPRITE_FAIL_CLOSED:PASS,STATIC_CSS:PASS,EXTERNAL_CSS:PASS,STYLE_ATTRIBUTE:PASS,DATA_IMAGE:PASS,FAVICON:PASS,PROTECTED_HEAD_RETENTION:PASS,NETWORK_SVG:PASS,UNSAFE_NETWORK_FAIL_CLOSED:PASS,DYNAMIC_CSS:PASS,RASTER_FAIL_CLOSED:PASS,UNSAFE_INLINE_FAIL_CLOSED:PASS} quicAttempts=0 directTcpAttempts=0 bootstrapResetGeneration=2 bootstrapCompleteGeneration=2 bootstrapResetCount=3 chromeSuspended=false guardSession=528 guardHeartbeatSequence=450 audit17State=0 audit17Navigation=0 audit17Events=183 audit17Dropped=0
09-08 01:20:34.410  3095  3095 I ChromeMediaShieldStatus: v=1 seq=4 kind=network mode=selective candidates=178 replaced=0 rawDelivered=0 safeRaw=121 blockedReplaced=1 unknownReplaced=0 unsupportedReplaced=47 rawBlocked=0 rawUnknown=0 cacheHit=4 decisionEngine=116 engineCalls=120
09-08 01:20:34.410  3095  3095 I ChromeMediaShieldStatus: v=1 seq=4 kind=document transformed=17 failClosed=5 outstanding=0 issued=17 claims=6 documentSequence=17 navigationSequence=6 readyRequests=19 readyPreflights=0 readyAccepted=6 readyRejected=0 parserBarrierRequests=0 parserBarrierReady=0 parserBarrierFailClosed=0 selfShield=true selfReadyRequests=6 selfReadyAccepted=6 selfReadyRejected=0 selfReadyRejectReason=none selfShieldReleaseCompleted=6 selfShieldParserContinued=6 selfShieldOriginalScriptStarted=0 selfShieldTraceRejected=0 selfShieldTraceOutstanding=2 bootstrapDiagnosticAccepted=0 bootstrapDiagnosticRejected=0 bootstrapDiagnosticRejectReason=none bootstrapDiagnosticStage=none bootstrapDiagnosticReason=none bootstrapDiagnosticOutstanding=0
09-08 01:20:34.410  3095  3095 I ChromeMediaShieldStatus: v=1 seq=4 kind=renderer reports=1 rejected=0 globalCallbacks=206 globalRecords=1679 childRecords=1533 attributeRecords=146 maxRecords=408 scanCalls=3912 scanRoot=2 scanNodes=6029 maxScanNodes=108 scanMicros=198561 maxScanMicros=37099 observerChildScans=1292 observerAttributeScans=0 guardedScans=2109 markupScans=460 shadowScans=49 initialScans=2 otherScans=0 sanitizeElement=13053 sanitizeContainer=5081 img=813 source=0 svg=417 iframe=34 canvas=4 video=0 safeIcon=417 lockIcon=51 geometryWrites=0 svgRecords=0 shadowRoots=3 shadowObservers=3 shadowCallbacks=6 shadowRecords=57 shadowScanCalls=49 ensureStyle=207 ensureCurtain=209 internalMutations=0
09-08 01:20:34.410  3095  3095 I ChromeMediaShieldStatus: v=1 seq=4 kind=rendererApis callScan=createElement=1903/0 createElementNS=54/0 appendChild=2026/2026 insertBefore=81/81 replaceChild=0/0 append=0/0 prepend=2/2 replaceChildren=0/0 before=0/0 after=0/0 replaceWith=0/0 adjacentElement=0/0 moveBefore=0/0 rangeInsert=0/0 rangeSurround=0/0 adoptNode=0/0 cloneNode=0/0 importNode=0/0 safeMarkup=230/230 innerHTML=230/230 outerHTML=0/0 insertAdjacentHTML=0/0 setHTML=0/0 shadowInnerHTML=0/0 execCommandInsertHTML=0/0 mappedTextContent=0/0
09-08 01:20:34.410  3095  3095 I ChromeMediaShieldStatus: v=1 seq=4 kind=rendererFamilies roots=element/fragment/text/other factory:calls=1957,scans=0,direct=1957,roots=1957/0/0/0,nodes=0,micros=22203,maxMicros=500 domGuard:calls=2109,scans=2109,direct=2085,roots=3934/0/249/11,nodes=3273,micros=88837,maxMicros=9199 markup:calls=460,scans=460,direct=0,roots=230/230/0/0,nodes=231,micros=5780,maxMicros=100
09-08 01:20:34.410  3095  3095 I ChromeMediaShieldStatus: v=1 seq=4 kind=uiSvg registered=1 registryBytes=134 cssRewritten=1 cssRejected=0 networkAccepted=27 networkRejected=14 assetServed=3 assetRejected=0
09-08 01:20:34.410  3095  3095 I ChromeMediaShieldStatus: v=1 seq=4 kind=health failures=7 clientDisconnects=4 proxyQueueRejects=0 protectFailure=0 quicAttempts=0 directTcpAttempts=0 active=true ready=true
09-08 01:20:34.411  3095  3095 I ChromeMediaShieldStatus: v=1 seq=4 kind=fixture report=REPORT=not_run,DOCUMENTS=0,FRAMES=0,SCRIPTS=0,FIRST_ORIGINAL_SCRIPTS=0,STYLES=0,WORKERS=0,SERVICE_WORKERS=0,FRAME_REPORTS=0,FRAME_REPORT_REJECTS=0,FRAME_REPORT=not_run,FRAME_REPORT_SHA=not_run,FRAME_CHALLENGE_SHA=not_run,FRAME_GENERATION=0,FRAME_ACCEPTED_CHALLENGE_SHA=not_run,FRAME_REPORT_BINDING_SHA=not_run,SAME_URL_BODIES=0,REPORTS=0,SW_BOUNDARY={INSTALL_DOCS=0,WORKER_SCRIPTS=0,WORKER_PROBE_SCRIPTS=0,PROBE_DOCS=0,CLEANUP_DOCS=0,REPORTS_ACCEPTED=0,REPORTS_REJECTED=0,CONTROLLER_PRESENT=0,CONTROLLER_MISSING=0,NAV_FETCHES=0,SELF_READY_FETCHES=0,SELF_READY_PASS_THROUGH=0,SELF_READY_SYNTHETIC=0,NAV_SYNTHETIC=0,RESET_BASELINE_CLEAN=0,RESET_BASELINE_DIRTY=0,REGISTER_BLOCKED=0,REGISTER_SUCCEEDED=0,WORKER_REGISTER_BLOCKED=0,WORKER_REGISTER_SUCCEEDED=0,WORKER_REGISTER_UNSUPPORTED=0,WORKER_REGISTER_ERROR=0,LAST_CASE=none,LAST_EVENT=none,LAST_VALUE=none},UI_SVG={INLINE_ORIGINAL:PASS,INLINE_CLICK:PASS,SPRITE_ORIGINAL:PASS,UNSAFE_SPRITE_FAIL_CLOSED:PASS,STATIC_CSS:PASS,EXTERNAL_CSS:PASS,STYLE_ATTRIBUTE:PASS,DATA_IMAGE:PASS,FAVICON:PASS,PROTECTED_HEAD_RETENTION:PASS,NETWORK_SVG:PASS,UNSAFE_NETWORK_FAIL_CLOSED:PASS,DYNAMIC_CSS:PASS,RASTER_FAIL_CLOSED:PASS,UNSAFE_INLINE_FAIL_CLOSED:PASS}
09-08 01:20:34.439  3095  4418 I ChromePhotosDataPlane: origin=real hostClass=network hostHash=f5594fab1b035ec0 method=GET clientProtocol=http/1.1 upstreamProtocol=h2 status=200 contentType=application/javascript bytesOut=2578 transfer=fixed upstreamHeadersMs=324.106 downstreamWriteMs=9.457
09-08 01:20:34.445  3095  4442 I ChromePhotosDataPlane: phase=tls_ready correlationId=c271 hostClass=network hostHash=4dce8d0b280a268f clientProtocol=http/1.1 ca=ff56b2f4265f0377
09-08 01:20:34.603  3095  4382 I ChromePhotosDataPlane: phase=worker_ready correlationId=c275 admissionWaitMs=0.369
09-08 01:20:34.735  3095  4379 I ChromePhotosDataPlane: phase=tls_ready correlationId=c270 hostClass=network hostHash=191347bfe55d0ca9 clientProtocol=http/1.1 ca=ff56b2f4265f0377
09-08 01:20:34.863  3095  4192 I ChromePhotosDataPlane: origin=real hostClass=network hostHash=fdbc7f1491a89ee6 method=GET clientProtocol=http/1.1 upstreamProtocol=h2 status=200 contentType=image/webp bytesIn=26888 bytesOut=26888 cache=miss decision=safe reason=model_allow source=engine probability=0.01354295 basis=None decodeMs=21.369 inferenceMs=732.626 localDecisionMs=1325.190  requestToDeliveryMs=1703.939 upstreamHeadersMs=358.257 sanitizeMs=1342.384 downstreamWriteMs=1.409
09-08 01:20:34.908  3095  4379 I ChromePhotosDataPlane: origin=real hostClass=network hostHash=191347bfe55d0ca9 method=POST clientProtocol=http/1.1 upstreamProtocol=h2 status=200 contentType=text/plain bytesOut=0 transfer=fixed upstreamHeadersMs=168.119 downstreamWriteMs=0.344
09-08 01:20:34.983  3095  4383 I ChromePhotosDataPlane: phase=tls_ready correlationId=c268 hostClass=network hostHash=29078f5ef8eb9960 clientProtocol=http/1.1 ca=ff56b2f4265f0377
09-08 01:20:35.065  3095  4233 I ChromePhotosDataPlane: origin=real hostClass=network hostHash=78545291017afd6d method=GET clientProtocol=http/1.1 upstreamProtocol=h2 status=200 contentType=image/png bytesIn=127837 bytesOut=127837 cache=miss decision=safe reason=model_allow source=engine probability=0.05982989 basis=None decodeMs=20.838 inferenceMs=161.941 localDecisionMs=885.925  requestToDeliveryMs=1161.967 upstreamHeadersMs=134.586 sanitizeMs=1009.769 downstreamWriteMs=11.974
09-08 01:20:35.114  3095  4383 I ChromePhotosDataPlane: origin=real hostClass=network hostHash=29078f5ef8eb9960 method=GET clientProtocol=http/1.1 upstreamProtocol=h2 status=304 contentType= bytesOut=0 transfer=fixed upstreamHeadersMs=126.321 downstreamWriteMs=0.703
09-08 01:20:35.117  3095  4442 I ChromePhotosDataPlane: origin=real hostClass=network hostHash=4dce8d0b280a268f method=GET clientProtocol=http/1.1 upstreamProtocol=h2 status=204 contentType= bytesIn=0 bytesOut=0 cache=miss decision=passthrough  requestToDeliveryMs=670.207 upstreamHeadersMs=668.099 sanitizeMs=0.023 downstreamWriteMs=0.330
09-08 01:20:35.691  3095  4571 I ChromePhotosDataPlane: origin=real hostClass=network hostHash=fdbc7f1491a89ee6 method=GET clientProtocol=http/1.1 upstreamProtocol=h2 status=200 contentType=image/webp bytesIn=25378 bytesOut=25378 cache=miss decision=safe reason=model_allow source=engine probability=0.09926775 basis=None decodeMs=19.829 inferenceMs=601.072 localDecisionMs=807.275  requestToDeliveryMs=1780.609 upstreamHeadersMs=175.386 sanitizeMs=1591.358 downstreamWriteMs=1.279
09-08 01:20:36.124  3095  4165 I ChromePhotosDataPlane: phase=worker_ready correlationId=c276 admissionWaitMs=0.209
09-08 01:20:36.141  3095  4307 I ChromePhotosDataPlane: phase=tls_ready correlationId=c269 hostClass=network hostHash=9d6e17ba2c400ce0 clientProtocol=http/1.1 ca=ff56b2f4265f0377
09-08 01:20:36.337  3095  4268 I ChromePhotosDataPlane: origin=real hostClass=network hostHash=fdbc7f1491a89ee6 method=GET clientProtocol=http/1.1 upstreamProtocol=h2 status=200 contentType=image/webp bytesIn=17738 bytesOut=17738 cache=miss decision=safe reason=model_allow source=engine probability=0.094395995 basis=None decodeMs=47.081 inferenceMs=607.854 localDecisionMs=1276.588  requestToDeliveryMs=2416.465 upstreamHeadersMs=336.620 sanitizeMs=2070.165 downstreamWriteMs=7.549
09-08 01:20:36.442  3095  4306 I ChromePhotosDataPlane: phase=worker_ready correlationId=c277 admissionWaitMs=0.204
09-08 01:20:36.456  3095  4213 I ChromePhotosDataPlane: phase=worker_ready correlationId=c278 admissionWaitMs=0.577
09-08 01:20:36.473  3095  4314 I ChromePhotosDataPlane: phase=worker_ready correlationId=c279 admissionWaitMs=0.222
09-08 01:20:36.522  3095  4408 I ChromePhotosDataPlane: phase=worker_ready correlationId=c280 admissionWaitMs=3.579
09-08 01:20:36.594  3095  4307 I ChromePhotosDataPlane: origin=real hostClass=network hostHash=9d6e17ba2c400ce0 method=GET clientProtocol=http/1.1 upstreamProtocol=h2 status=200 contentType=text/html bytesOut=2743 transfer=chunked upstreamHeadersMs=448.333 downstreamWriteMs=3.344
09-08 01:20:37.034  3095  4663 I ChromePhotosDataPlane: origin=real hostClass=network hostHash=fdbc7f1491a89ee6 method=GET clientProtocol=http/1.1 upstreamProtocol=h2 status=200 contentType=image/webp bytesIn=16002 bytesOut=16002 cache=miss decision=safe reason=model_allow source=engine probability=0.06782976 basis=None decodeMs=18.014 inferenceMs=683.664 localDecisionMs=1328.301  requestToDeliveryMs=3116.141 upstreamHeadersMs=373.910 sanitizeMs=2737.306 downstreamWriteMs=0.513
09-08 01:20:37.166  3095  4329 I ChromePhotosDataPlane: phase=tls_ready correlationId=c267 hostClass=network hostHash=df8ab3acb3324531 clientProtocol=http/1.1 ca=ff56b2f4265f0377
09-08 01:20:37.497  3095  4329 I ChromePhotosDataPlane: origin=real hostClass=network hostHash=df8ab3acb3324531 method=GET clientProtocol=http/1.1 upstreamProtocol=h2 status=304 contentType= bytesOut=0 transfer=fixed upstreamHeadersMs=324.857 downstreamWriteMs=0.640
09-08 01:20:37.609  3095  4282 I ChromePhotosDataPlane: origin=real hostClass=network hostHash=fdbc7f1491a89ee6 method=GET clientProtocol=http/1.1 upstreamProtocol=h2 status=200 contentType=image/webp bytesIn=16300 bytesOut=16300 cache=miss decision=safe reason=model_allow source=engine probability=0.26753896 basis=None decodeMs=14.681 inferenceMs=555.593 localDecisionMs=1240.311  requestToDeliveryMs=3698.114 upstreamHeadersMs=397.634 sanitizeMs=3293.382 downstreamWriteMs=1.165
09-08 01:20:37.651  3095  4668 I ChromePhotosDataPlane: phase=worker_ready correlationId=c281 admissionWaitMs=0.284
09-08 01:20:37.663  3095  4378 I ChromePhotosDataPlane: phase=tls_ready correlationId=c273 hostClass=network hostHash=8d9559743b8b4225 clientProtocol=http/1.1 ca=ff56b2f4265f0377
09-08 01:20:37.663  3095  4327 I ChromePhotosDataPlane: phase=worker_ready correlationId=c282 admissionWaitMs=1.142
09-08 01:20:37.667  3095  4662 I ChromePhotosDataPlane: phase=worker_ready correlationId=c283 admissionWaitMs=0.594
09-08 01:20:37.763  3095  4326 I ChromePhotosDataPlane: origin=real hostClass=network hostHash=fdbc7f1491a89ee6 method=GET clientProtocol=http/1.1 upstreamProtocol=h2 status=200 contentType=image/png bytesIn=6621 bytesOut=6621 cache=miss decision=safe reason=model_allow source=engine probability=0.010038227 basis=None decodeMs=3.593 inferenceMs=157.306 localDecisionMs=728.641  requestToDeliveryMs=3618.023 upstreamHeadersMs=261.008 sanitizeMs=3355.384 downstreamWriteMs=0.472
09-08 01:20:37.775  3095  4583 I ChromePhotosDataPlane: origin=real hostClass=network hostHash=f58aed0f48e58f0c method=GET clientProtocol=http/1.1 upstreamProtocol=h2 status=200 contentType=image/png bytesIn=769924 bytesOut=6303 cache=miss decision=unknown reason=image_format_unknown source=error probability=-1.0 basis=none decodeMs=0.000 inferenceMs=0.000 localDecisionMs=0.000  requestToDeliveryMs=4232.109 upstreamHeadersMs=2188.976 sanitizeMs=2040.680 downstreamWriteMs=0.673
09-08 01:20:37.878  3095  4378 I ChromePhotosDataPlane: origin=real hostClass=network hostHash=8d9559743b8b4225 method=POST clientProtocol=http/1.1 upstreamProtocol=h2 status=204 contentType=image/gif bytesIn=0 bytesOut=0 cache=miss decision=passthrough  requestToDeliveryMs=206.078 upstreamHeadersMs=203.875 sanitizeMs=0.040 downstreamWriteMs=0.386
09-08 01:20:37.888  3095  4570 I ChromePhotosDataPlane: phase=worker_ready correlationId=c284 admissionWaitMs=2.082
09-08 01:20:37.905  3095  4192 I ChromePhotosDataPlane: origin=real hostClass=network hostHash=fdbc7f1491a89ee6 method=GET clientProtocol=http/1.1 upstreamProtocol=h2 status=200 contentType=image/png bytesIn=7462 bytesOut=7462 cache=miss decision=safe reason=model_allow source=engine probability=0.022609293 basis=None decodeMs=2.965 inferenceMs=138.437 localDecisionMs=273.593  requestToDeliveryMs=2998.804 upstreamHeadersMs=180.877 sanitizeMs=2816.240 downstreamWriteMs=0.447
09-08 01:20:37.906  3095  4588 I ChromePhotosDataPlane: phase=worker_ready correlationId=c285 admissionWaitMs=0.268
09-08 01:20:38.050  3095  4571 I ChromePhotosDataPlane: origin=real hostClass=network hostHash=fdbc7f1491a89ee6 method=GET clientProtocol=http/1.1 upstreamProtocol=h2 status=200 contentType=image/png bytesIn=25318 bytesOut=25318 cache=miss decision=safe reason=model_allow source=engine probability=0.02602917 basis=None decodeMs=4.215 inferenceMs=135.947 localDecisionMs=262.424  requestToDeliveryMs=2302.772 upstreamHeadersMs=184.957 sanitizeMs=2113.928 downstreamWriteMs=1.643
09-08 01:20:38.111  3095  4583 I ChromePhotosDataPlane: origin=real hostClass=network hostHash=f58aed0f48e58f0c method=POST clientProtocol=http/1.1 upstreamProtocol=h2 status=200 contentType=application/json bytesOut=49 transfer=chunked upstreamHeadersMs=319.217 downstreamWriteMs=0.557
09-08 01:20:38.113  3095  4315 I ChromePhotosDataPlane: phase=tls_ready correlationId=c272 hostClass=network hostHash=66f6975d8388801b clientProtocol=http/1.1 ca=ff56b2f4265f0377
09-08 01:20:38.119  3095  4382 I ChromePhotosDataPlane: phase=tls_ready correlationId=c275 hostClass=network hostHash=191347bfe55d0ca9 clientProtocol=http/1.1 ca=ff56b2f4265f0377
09-08 01:20:38.208  3095  4590 I ChromePhotosDataPlane: phase=worker_ready correlationId=c286 admissionWaitMs=0.249
09-08 01:20:38.272  3095  4382 I ChromePhotosDataPlane: origin=real hostClass=network hostHash=191347bfe55d0ca9 method=POST clientProtocol=http/1.1 upstreamProtocol=h2 status=200 contentType=text/plain bytesOut=0 transfer=fixed upstreamHeadersMs=149.328 downstreamWriteMs=0.679
09-08 01:20:38.353  3095  4583 I ChromePhotosDataPlane: origin=real hostClass=network hostHash=f58aed0f48e58f0c method=POST clientProtocol=http/1.1 upstreamProtocol=h2 status=200 contentType=application/json bytesOut=832 transfer=chunked upstreamHeadersMs=186.432 downstreamWriteMs=6.421
09-08 01:20:38.403  3095  4399 I ChromePhotosDataPlane: phase=worker_ready correlationId=c287 admissionWaitMs=0.293
09-08 01:20:38.411  3095  4455 I ChromePhotosDataPlane: phase=worker_ready correlationId=c288 admissionWaitMs=0.310
09-08 01:20:38.421  3095  4640 I ChromePhotosDataPlane: phase=worker_ready correlationId=c289 admissionWaitMs=2.660
09-08 01:20:38.518  3095  4601 I ChromePhotosDataPlane: phase=worker_ready correlationId=c290 admissionWaitMs=0.230
09-08 01:20:38.553  3095  4642 I ChromePhotosDataPlane: phase=worker_ready correlationId=c291 admissionWaitMs=0.276
09-08 01:20:38.611  3095  4583 I ChromePhotosDataPlane: origin=real hostClass=network hostHash=f58aed0f48e58f0c method=POST clientProtocol=http/1.1 upstreamProtocol=h2 status=200 contentType=application/json bytesOut=126 transfer=chunked upstreamHeadersMs=217.054 downstreamWriteMs=1.322
09-08 01:20:38.617  3095  4268 I ChromePhotosDataPlane: origin=real hostClass=network hostHash=fdbc7f1491a89ee6 method=GET clientProtocol=http/1.1 upstreamProtocol=h2 status=200 contentType=image/webp bytesIn=24630 bytesOut=24630 cache=miss decision=safe reason=model_allow source=engine probability=0.24903974 basis=None decodeMs=15.620 inferenceMs=551.164 localDecisionMs=656.776  requestToDeliveryMs=2213.396 upstreamHeadersMs=200.049 sanitizeMs=2009.227 downstreamWriteMs=1.133
09-08 01:20:38.625  3095  4589 I ChromePhotosDataPlane: phase=worker_ready correlationId=c292 admissionWaitMs=0.256
09-08 01:20:38.637  3095  4659 I ChromePhotosDataPlane: phase=worker_ready correlationId=c293 admissionWaitMs=0.374
09-08 01:20:38.653  3095  4621 I ChromePhotosDataPlane: phase=worker_ready correlationId=c294 admissionWaitMs=0.313
09-08 01:20:38.664  3095  4315 I ChromePhotosDataPlane: origin=real hostClass=network hostHash=66f6975d8388801b method=GET clientProtocol=http/1.1 upstreamProtocol=h2 status=403 contentType=application/xml bytesOut=263 transfer=chunked upstreamHeadersMs=537.843 downstreamWriteMs=2.249
09-08 01:20:38.739  3095  4213 I ChromePhotosDataPlane: phase=tls_ready correlationId=c278 hostClass=network hostHash=f58aed0f48e58f0c clientProtocol=http/1.1 ca=ff56b2f4265f0377
09-08 01:20:38.746  3095  4165 I ChromePhotosDataPlane: phase=tls_ready correlationId=c276 hostClass=network hostHash=f58aed0f48e58f0c clientProtocol=http/1.1 ca=ff56b2f4265f0377
09-08 01:20:38.747  3095  4306 I ChromePhotosDataPlane: phase=tls_ready correlationId=c277 hostClass=network hostHash=f58aed0f48e58f0c clientProtocol=http/1.1 ca=ff56b2f4265f0377
09-08 01:20:38.754  3095  4314 I ChromePhotosDataPlane: phase=tls_ready correlationId=c279 hostClass=network hostHash=f58aed0f48e58f0c clientProtocol=http/1.1 ca=ff56b2f4265f0377
09-08 01:20:38.755  3095  4408 I ChromePhotosDataPlane: phase=tls_ready correlationId=c280 hostClass=network hostHash=f58aed0f48e58f0c clientProtocol=http/1.1 ca=ff56b2f4265f0377
09-08 01:20:38.839  3095  4653 I ChromePhotosDataPlane: phase=worker_ready correlationId=c295 admissionWaitMs=0.449
09-08 01:20:38.916  3095  4583 I ChromePhotosDataPlane: origin=real hostClass=network hostHash=f58aed0f48e58f0c method=POST clientProtocol=http/1.1 upstreamProtocol=h2 status=200 contentType=application/json bytesOut=136 transfer=chunked upstreamHeadersMs=226.137 downstreamWriteMs=0.660
09-08 01:20:38.949  3095  4213 I ChromePhotosDataPlane: origin=real hostClass=network hostHash=f58aed0f48e58f0c method=POST clientProtocol=http/1.1 upstreamProtocol=h2 status=200 contentType=application/json bytesOut=94 transfer=chunked upstreamHeadersMs=194.973 downstreamWriteMs=4.069
09-08 01:20:38.969  3095  4306 I ChromePhotosDataPlane: origin=real hostClass=network hostHash=f58aed0f48e58f0c method=POST clientProtocol=http/1.1 upstreamProtocol=h2 status=200 contentType=application/json bytesOut=92 transfer=chunked upstreamHeadersMs=208.102 downstreamWriteMs=1.098
09-08 01:20:38.994  3095  4314 I ChromePhotosDataPlane: origin=real hostClass=network hostHash=f58aed0f48e58f0c method=POST clientProtocol=http/1.1 upstreamProtocol=h2 status=200 contentType=application/json bytesOut=943 transfer=chunked upstreamHeadersMs=231.126 downstreamWriteMs=1.044
09-08 01:20:39.000  3095  4165 I ChromePhotosDataPlane: origin=real hostClass=network hostHash=f58aed0f48e58f0c method=POST clientProtocol=http/1.1 upstreamProtocol=h2 status=200 contentType=application/json bytesOut=34000 transfer=chunked upstreamHeadersMs=223.411 downstreamWriteMs=22.285
09-08 01:20:39.030  3095  4662 I ChromePhotosDataPlane: phase=tls_ready correlationId=c283 hostClass=network hostHash=0cb87e7c434c3594 clientProtocol=http/1.1 ca=ff56b2f4265f0377
09-08 01:20:39.035  3095  4591 I ChromePhotosDataPlane: phase=worker_ready correlationId=c296 admissionWaitMs=0.795
09-08 01:20:39.067  3095  4408 I ChromePhotosDataPlane: origin=real hostClass=network hostHash=f58aed0f48e58f0c method=POST clientProtocol=http/1.1 upstreamProtocol=h2 status=200 contentType=application/json bytesOut=23760 transfer=chunked upstreamHeadersMs=285.759 downstreamWriteMs=20.251
09-08 01:20:39.100  3095  4417 I ChromePhotosDataPlane: phase=worker_ready correlationId=c297 admissionWaitMs=0.268
09-08 01:20:39.175  3095  4661 I ChromePhotosDataPlane: origin=real hostClass=network hostHash=ee8cdc867bba487e method=POST clientProtocol=http/1.1 upstreamProtocol=h2 status=302 contentType= bytesIn=0 bytesOut=0 cache=miss decision=passthrough  requestToDeliveryMs=340.445 upstreamHeadersMs=335.880 sanitizeMs=1.537 downstreamWriteMs=0.496
09-08 01:20:39.194  3095  4213 I ChromePhotosDataPlane: origin=real hostClass=network hostHash=f58aed0f48e58f0c method=POST clientProtocol=http/1.1 upstreamProtocol=h2 status=204 contentType= bytesOut=0 transfer=fixed upstreamHeadersMs=189.856 downstreamWriteMs=2.097
09-08 01:20:39.199  3095  4668 I ChromePhotosDataPlane: phase=tls_ready correlationId=c281 hostClass=network hostHash=abf8fbf760ef2a86 clientProtocol=http/1.1 ca=ff56b2f4265f0377
09-08 01:20:39.306  3095  4583 I ChromePhotosDataPlane: origin=real hostClass=network hostHash=f58aed0f48e58f0c method=POST clientProtocol=http/1.1 upstreamProtocol=h2 status=200 contentType=application/json bytesOut=1057 transfer=chunked upstreamHeadersMs=301.742 downstreamWriteMs=2.291
09-08 01:20:39.344  3095  4306 I ChromePhotosDataPlane: origin=real hostClass=network hostHash=f58aed0f48e58f0c method=POST clientProtocol=http/1.1 upstreamProtocol=h2 status=204 contentType= bytesOut=0 transfer=fixed upstreamHeadersMs=331.981 downstreamWriteMs=1.240
09-08 01:20:39.367  3095  4407 I ChromePhotosDataPlane: phase=worker_ready correlationId=c298 admissionWaitMs=2.145
09-08 01:20:39.442  3095  4663 I ChromePhotosDataPlane: origin=real hostClass=network hostHash=fdbc7f1491a89ee6 method=GET clientProtocol=http/1.1 upstreamProtocol=h2 status=200 contentType=image/webp bytesIn=38268 bytesOut=38268 cache=miss decision=safe reason=model_allow source=engine probability=0.10734418 basis=None decodeMs=18.801 inferenceMs=806.965 localDecisionMs=1372.257  requestToDeliveryMs=2367.359 upstreamHeadersMs=202.267 sanitizeMs=2163.096 downstreamWriteMs=0.703
09-08 01:20:39.486  3095  4639 I ChromePhotosDataPlane: phase=worker_ready correlationId=c299 admissionWaitMs=0.263
09-08 01:20:39.529  3095  4374 I ChromePhotosDataPlane: phase=worker_ready correlationId=c300 admissionWaitMs=0.241
09-08 01:20:39.564  3095  4668 I ChromePhotosDataPlane: origin=real hostClass=network hostHash=abf8fbf760ef2a86 method=GET clientProtocol=http/1.1 upstreamProtocol=h2 status=200 contentType=image/png bytesIn=0 bytesOut=6303 cache=miss decision=unknown reason=encoded_image_unsupported source=error probability=-1.0 basis=none decodeMs=0.000 inferenceMs=0.000 localDecisionMs=0.000  requestToDeliveryMs=356.893 upstreamHeadersMs=355.522 sanitizeMs=0.068 downstreamWriteMs=0.434
09-08 01:20:39.705  3095  4327 I ChromePhotosDataPlane: phase=tls_ready correlationId=c282 hostClass=network hostHash=07caf1d8d64e8f89 clientProtocol=http/1.1 ca=ff56b2f4265f0377
09-08 01:20:39.947  3095  4662 I ChromePhotosDataPlane: origin=real hostClass=network hostHash=0cb87e7c434c3594 method=GET clientProtocol=http/1.1 upstreamProtocol=h2 status=200 contentType=application/xml bytesOut=86 transfer=fixed upstreamHeadersMs=899.464 downstreamWriteMs=10.871
09-08 01:20:40.036  3095  4282 I ChromePhotosDataPlane: origin=real hostClass=network hostHash=fdbc7f1491a89ee6 method=GET clientProtocol=http/1.1 upstreamProtocol=h2 status=200 contentType=image/webp bytesIn=22370 bytesOut=22370 cache=miss decision=safe reason=model_allow source=engine probability=0.24491698 basis=None decodeMs=15.971 inferenceMs=575.784 localDecisionMs=1391.800  requestToDeliveryMs=2367.233 upstreamHeadersMs=173.311 sanitizeMs=2190.065 downstreamWriteMs=1.520
09-08 01:20:40.335  3095  4306 I ChromePhotosDataPlane: origin=real hostClass=network hostHash=f58aed0f48e58f0c method=POST clientProtocol=http/1.1 upstreamProtocol=h2 status=204 contentType= bytesOut=0 transfer=fixed upstreamHeadersMs=184.508 downstreamWriteMs=1.315
09-08 01:20:40.383  3095  4570 I ChromePhotosDataPlane: phase=tls_ready correlationId=c284 hostClass=network hostHash=fa24434ded0218fe clientProtocol=http/1.1 ca=ff56b2f4265f0377
09-08 01:20:40.400  3095  4640 I ChromePhotosDataPlane: phase=tls_ready correlationId=c289 hostClass=network hostHash=191347bfe55d0ca9 clientProtocol=http/1.1 ca=ff56b2f4265f0377
09-08 01:20:40.404  3095  4590 I ChromePhotosDataPlane: phase=tls_ready correlationId=c286 hostClass=network hostHash=191347bfe55d0ca9 clientProtocol=http/1.1 ca=ff56b2f4265f0377
09-08 01:20:40.405  3095  4588 I ChromePhotosDataPlane: phase=tls_ready correlationId=c285 hostClass=network hostHash=191347bfe55d0ca9 clientProtocol=http/1.1 ca=ff56b2f4265f0377
09-08 01:20:40.423  3095  4455 I ChromePhotosDataPlane: phase=tls_ready correlationId=c288 hostClass=network hostHash=fa24434ded0218fe clientProtocol=http/1.1 ca=ff56b2f4265f0377
09-08 01:20:40.429  3095  4399 I ChromePhotosDataPlane: phase=tls_ready correlationId=c287 hostClass=network hostHash=191347bfe55d0ca9 clientProtocol=http/1.1 ca=ff56b2f4265f0377
09-08 01:20:40.564  3095  4399 I ChromePhotosDataPlane: origin=real hostClass=network hostHash=191347bfe55d0ca9 method=POST clientProtocol=http/1.1 upstreamProtocol=h2 status=200 contentType=text/plain bytesOut=0 transfer=fixed upstreamHeadersMs=128.483 downstreamWriteMs=0.902
09-08 01:20:40.574  3095  4373 I ChromePhotosDataPlane: phase=worker_ready correlationId=c301 admissionWaitMs=2.649
09-08 01:20:40.592  3095  4570 I ChromePhotosDataPlane: origin=real hostClass=network hostHash=fa24434ded0218fe method=GET clientProtocol=http/1.1 upstreamProtocol=h2 status=200 contentType=text/javascript bytesOut=2746 transfer=fixed upstreamHeadersMs=186.328 downstreamWriteMs=19.359
09-08 01:20:40.607  3095  4590 I ChromePhotosDataPlane: origin=real hostClass=network hostHash=191347bfe55d0ca9 method=POST clientProtocol=http/1.1 upstreamProtocol=h2 status=200 contentType=text/html bytesOut=0 transfer=fixed upstreamHeadersMs=179.588 downstreamWriteMs=0.801
09-08 01:20:40.651  3095  4588 I ChromePhotosDataPlane: origin=real hostClass=network hostHash=191347bfe55d0ca9 method=POST clientProtocol=http/1.1 upstreamProtocol=h2 status=200 contentType=text/plain bytesOut=0 transfer=fixed upstreamHeadersMs=241.462 downstreamWriteMs=0.940
09-08 01:20:40.661  3095  4588 I ChromePhotosDataPlane: phase=worker_ready correlationId=c302 admissionWaitMs=42.811
09-08 01:20:40.686  3095  4600 I ChromePhotosDataPlane: phase=worker_ready correlationId=c303 admissionWaitMs=14.626
09-08 01:20:40.691  3095  4455 I ChromePhotosDataPlane: origin=real hostClass=network hostHash=fa24434ded0218fe method=GET clientProtocol=http/1.1 upstreamProtocol=h2 status=200 contentType=text/javascript bytesOut=2749 transfer=fixed upstreamHeadersMs=256.378 downstreamWriteMs=0.407
09-08 01:20:40.700  3095  4640 I ChromePhotosDataPlane: origin=real hostClass=network hostHash=191347bfe55d0ca9 method=POST clientProtocol=http/1.1 upstreamProtocol=h2 status=200 contentType=text/html bytesOut=0 transfer=fixed upstreamHeadersMs=296.599 downstreamWriteMs=0.348
09-08 01:20:40.700  3095  4326 I ChromePhotosDataPlane: origin=real hostClass=network hostHash=fdbc7f1491a89ee6 method=GET clientProtocol=http/1.1 upstreamProtocol=h2 status=200 contentType=image/webp bytesIn=31020 bytesOut=31020 cache=miss decision=safe reason=model_allow source=engine probability=0.12847963 basis=None decodeMs=21.073 inferenceMs=638.739 localDecisionMs=1241.888  requestToDeliveryMs=2885.874 upstreamHeadersMs=200.119 sanitizeMs=2679.405 downstreamWriteMs=3.745
09-08 01:20:40.711  3095  4312 I ChromePhotosDataPlane: phase=worker_ready correlationId=c304 admissionWaitMs=0.223
09-08 01:20:40.735  3095  4570 I ChromePhotosDataPlane: origin=real hostClass=network hostHash=fa24434ded0218fe method=GET clientProtocol=http/1.1 upstreamProtocol=h2 status=200 contentType=text/javascript bytesOut=2738 transfer=fixed upstreamHeadersMs=65.674 downstreamWriteMs=1.334
09-08 01:20:40.757  3095  4601 I ChromePhotosDataPlane: phase=tls_ready correlationId=c290 hostClass=network hostHash=505bd18b6650e44b clientProtocol=http/1.1 ca=ff56b2f4265f0377
09-08 01:20:40.826  3095  4455 I ChromePhotosDataPlane: origin=real hostClass=network hostHash=fa24434ded0218fe method=GET clientProtocol=http/1.1 upstreamProtocol=h2 status=200 contentType=text/javascript bytesOut=2744 transfer=fixed upstreamHeadersMs=79.784 downstreamWriteMs=1.098
09-08 01:20:40.847  3095  4192 I ChromePhotosDataPlane: origin=real hostClass=network hostHash=fdbc7f1491a89ee6 method=GET clientProtocol=http/1.1 upstreamProtocol=h2 status=200 contentType=image/webp bytesIn=20724 bytesOut=20724 cache=miss decision=safe reason=model_allow source=engine probability=0.03526777 basis=None decodeMs=7.315 inferenceMs=138.547 localDecisionMs=802.991  requestToDeliveryMs=2885.898 upstreamHeadersMs=201.219 sanitizeMs=2675.548 downstreamWriteMs=3.317
09-08 01:20:40.970  3095  4537 I ChromePhotosDataPlane: phase=worker_ready correlationId=c305 admissionWaitMs=0.195
09-08 01:20:40.991  3095  4601 I ChromePhotosDataPlane: origin=real hostClass=network hostHash=505bd18b6650e44b method=POST clientProtocol=http/1.1 upstreamProtocol=h2 status=204 contentType=text/plain bytesOut=0 transfer=fixed upstreamHeadersMs=227.441 downstreamWriteMs=0.576
09-08 01:20:41.034  3095  4560 I ChromePhotosDataPlane: phase=worker_ready correlationId=c306 admissionWaitMs=1.191
09-08 01:20:41.083  3095  4164 I ChromePhotosDataPlane: phase=worker_ready correlationId=c307 admissionWaitMs=0.314
09-08 01:20:41.093  3095  4642 I ChromePhotosDataPlane: phase=tls_ready correlationId=c291 hostClass=network hostHash=7ffe8698ca81d914 clientProtocol=http/1.1 ca=ff56b2f4265f0377
09-08 01:20:41.104  3095  4659 I ChromePhotosDataPlane: phase=tls_ready correlationId=c293 hostClass=network hostHash=191347bfe55d0ca9 clientProtocol=http/1.1 ca=ff56b2f4265f0377
09-08 01:20:41.120  3095  4589 I ChromePhotosDataPlane: phase=tls_ready correlationId=c292 hostClass=network hostHash=fa24434ded0218fe clientProtocol=http/1.1 ca=ff56b2f4265f0377
09-08 01:20:41.134  3095  4621 I ChromePhotosDataPlane: phase=tls_ready correlationId=c294 hostClass=network hostHash=191347bfe55d0ca9 clientProtocol=http/1.1 ca=ff56b2f4265f0377
09-08 01:20:41.186  3095  4659 I ChromePhotosDataPlane: origin=real hostClass=network hostHash=191347bfe55d0ca9 method=POST clientProtocol=http/1.1 upstreamProtocol=h2 status=200 contentType=text/html bytesOut=0 transfer=fixed upstreamHeadersMs=64.175 downstreamWriteMs=1.036
09-08 01:20:41.196  3095  4621 I ChromePhotosDataPlane: origin=real hostClass=network hostHash=191347bfe55d0ca9 method=POST clientProtocol=http/1.1 upstreamProtocol=h2 status=200 contentType=text/plain bytesOut=0 transfer=fixed upstreamHeadersMs=55.900 downstreamWriteMs=0.435
09-08 01:20:41.450  3095  4571 I ChromePhotosDataPlane: origin=real hostClass=network hostHash=fdbc7f1491a89ee6 method=GET clientProtocol=http/1.1 upstreamProtocol=h2 status=200 contentType=image/webp bytesIn=14462 bytesOut=14462 cache=miss decision=safe reason=model_allow source=engine probability=0.029973358 basis=None decodeMs=14.693 inferenceMs=593.728 localDecisionMs=736.433  requestToDeliveryMs=3342.373 upstreamHeadersMs=213.888 sanitizeMs=3126.690 downstreamWriteMs=0.555
09-08 01:20:41.604  3095  4662 I ChromePhotosDataPlane: origin=real hostClass=network hostHash=0cb87e7c434c3594 method=GET clientProtocol=http/1.1 upstreamProtocol=h2 status=200 contentType=image/png bytesIn=42 bytesOut=6303 cache=miss decision=unknown reason=unsupported_gif source=error probability=-1.0 basis=none decodeMs=0.000 inferenceMs=0.000 localDecisionMs=0.000  requestToDeliveryMs=1626.005 upstreamHeadersMs=156.790 sanitizeMs=1466.785 downstreamWriteMs=0.934
09-08 01:20:41.604  3095  4268 I ChromePhotosDataPlane: origin=real hostClass=network hostHash=fdbc7f1491a89ee6 method=GET clientProtocol=http/1.1 upstreamProtocol=h2 status=200 contentType=image/webp bytesIn=4476 bytesOut=4476 cache=miss decision=safe reason=model_allow source=engine probability=0.0146947205 basis=None decodeMs=3.830 inferenceMs=147.370 localDecisionMs=757.154  requestToDeliveryMs=2909.977 upstreamHeadersMs=175.370 sanitizeMs=2730.925 downstreamWriteMs=1.752
09-08 01:20:41.715  3095  4653 I ChromePhotosDataPlane: phase=tls_ready correlationId=c295 hostClass=network hostHash=ef6a1cd63150fbbc clientProtocol=http/1.1 ca=ff56b2f4265f0377
09-08 01:20:41.730  3095  4417 I ChromePhotosDataPlane: phase=tls_ready correlationId=c297 hostClass=network hostHash=fa24434ded0218fe clientProtocol=http/1.1 ca=ff56b2f4265f0377
09-08 01:20:41.732  3095  4591 I ChromePhotosDataPlane: phase=tls_ready correlationId=c296 hostClass=network hostHash=0cb87e7c434c3594 clientProtocol=http/1.1 ca=ff56b2f4265f0377
09-08 01:20:41.771  3095  4327 I ChromePhotosDataPlane: origin=real hostClass=network hostHash=07caf1d8d64e8f89 method=GET clientProtocol=http/1.1 upstreamProtocol=h2 status=200 contentType=image/png bytesIn=43 bytesOut=6303 cache=miss decision=unknown reason=unsupported_gif source=error probability=-1.0 basis=none decodeMs=0.000 inferenceMs=0.000 localDecisionMs=0.000  requestToDeliveryMs=2065.723 upstreamHeadersMs=913.223 sanitizeMs=1149.972 downstreamWriteMs=1.093
09-08 01:20:41.782  3095  4663 I ChromePhotosDataPlane: origin=real hostClass=network hostHash=fdbc7f1491a89ee6 method=GET clientProtocol=http/1.1 upstreamProtocol=h2 status=200 contentType=image/webp bytesIn=4032 bytesOut=4032 cache=miss decision=safe reason=model_allow source=engine probability=0.045313567 basis=None decodeMs=6.686 inferenceMs=151.195 localDecisionMs=309.204  requestToDeliveryMs=2261.028 upstreamHeadersMs=162.545 sanitizeMs=2093.364 downstreamWriteMs=1.418
09-08 01:20:41.961  3095  4282 I ChromePhotosDataPlane: origin=real hostClass=network hostHash=fdbc7f1491a89ee6 method=GET clientProtocol=http/1.1 upstreamProtocol=h2 status=200 contentType=image/webp bytesIn=4858 bytesOut=4858 cache=miss decision=safe reason=model_allow source=engine probability=0.0034654438 basis=None decodeMs=6.899 inferenceMs=189.959 localDecisionMs=349.673  requestToDeliveryMs=1882.806 upstreamHeadersMs=162.518 sanitizeMs=1716.472 downstreamWriteMs=1.381
09-08 01:20:42.047  3095  4428 I ChromePhotosDataPlane: phase=worker_ready correlationId=c308 admissionWaitMs=0.261
09-08 01:20:42.078  3095  4310 I ChromePhotosDataPlane: phase=worker_ready correlationId=c309 admissionWaitMs=0.177
09-08 01:20:42.103  3095  4326 I ChromePhotosDataPlane: origin=real hostClass=network hostHash=fdbc7f1491a89ee6 method=GET clientProtocol=http/1.1 upstreamProtocol=h2 status=200 contentType=image/webp bytesIn=8344 bytesOut=8344 cache=miss decision=safe reason=model_allow source=engine probability=0.013767481 basis=None decodeMs=6.465 inferenceMs=137.993 localDecisionMs=330.157  requestToDeliveryMs=1352.447 upstreamHeadersMs=167.886 sanitizeMs=1182.391 downstreamWriteMs=0.658
09-08 01:20:42.112  3095  4642 I ChromePhotosDataPlane: origin=real hostClass=network hostHash=7ffe8698ca81d914 method=GET clientProtocol=http/1.1 upstreamProtocol=h2 status=200 contentType=image/png bytesIn=42 bytesOut=6303 cache=miss decision=unknown reason=unsupported_gif source=error probability=-1.0 basis=none decodeMs=0.000 inferenceMs=0.000 localDecisionMs=0.000  requestToDeliveryMs=998.662 upstreamHeadersMs=260.223 sanitizeMs=731.981 downstreamWriteMs=3.157
09-08 01:20:42.128  3095  4653 I ChromePhotosDataPlane: phase=media_shield_document origin=real hostClass=network hostHash=ef6a1cd63150fbbc result=transformed documentSequence=18 navigationSequence=6 token=723692a0a21b bytesOut=112875 upstreamHeadersMs=262.924 documentDecisionMs=123.427 downstreamWriteMs=12.710
09-08 01:20:42.170  3095  4512 I ChromePhotosDataPlane: phase=worker_ready correlationId=c310 admissionWaitMs=0.183
09-08 01:20:42.175  3095  4652 I ChromePhotosDataPlane: phase=worker_ready correlationId=c311 admissionWaitMs=0.602
09-08 01:20:42.177  3095  4419 I ChromePhotosDataPlane: phase=worker_ready correlationId=c312 admissionWaitMs=0.317
09-08 01:20:42.266  3095  4192 I ChromePhotosDataPlane: origin=real hostClass=network hostHash=fdbc7f1491a89ee6 method=GET clientProtocol=http/1.1 upstreamProtocol=h2 status=200 contentType=image/webp bytesIn=2266 bytesOut=2266 cache=miss decision=safe reason=model_allow source=engine probability=0.01720336 basis=None decodeMs=7.466 inferenceMs=153.749 localDecisionMs=296.038  requestToDeliveryMs=1344.576 upstreamHeadersMs=164.735 sanitizeMs=1176.946 downstreamWriteMs=0.777
09-08 01:20:42.339  3095  4407 I ChromePhotosDataPlane: phase=tls_ready correlationId=c298 hostClass=network hostHash=acb222ec7473b00e clientProtocol=http/1.1 ca=ff56b2f4265f0377
09-08 01:20:42.408  3095  4571 I ChromePhotosDataPlane: origin=real hostClass=network hostHash=fdbc7f1491a89ee6 method=GET clientProtocol=http/1.1 upstreamProtocol=h2 status=200 contentType=image/webp bytesIn=5666 bytesOut=5666 cache=miss decision=safe reason=model_allow source=engine probability=0.017977506 basis=None decodeMs=6.417 inferenceMs=134.553 localDecisionMs=297.641  requestToDeliveryMs=873.966 upstreamHeadersMs=182.668 sanitizeMs=686.913 downstreamWriteMs=1.246
09-08 01:20:42.429  3095  4381 I ChromePhotosDataPlane: phase=worker_ready correlationId=c313 admissionWaitMs=0.421
09-08 01:20:42.555  3095  4268 I ChromePhotosDataPlane: origin=real hostClass=network hostHash=fdbc7f1491a89ee6 method=GET clientProtocol=http/1.1 upstreamProtocol=h2 status=200 contentType=image/webp bytesIn=4986 bytesOut=4986 cache=miss decision=safe reason=model_allow source=engine probability=0.006761968 basis=None decodeMs=8.009 inferenceMs=139.073 localDecisionMs=283.440  requestToDeliveryMs=866.375 upstreamHeadersMs=188.033 sanitizeMs=675.308 downstreamWriteMs=0.411
09-08 01:20:42.631  3095  4407 I ChromePhotosDataPlane: phase=media_shield_document origin=real hostClass=network hostHash=acb222ec7473b00e result=transformed documentSequence=19 navigationSequence=6 token=aef62c559651 bytesOut=112004 upstreamHeadersMs=182.526 documentDecisionMs=97.914 downstreamWriteMs=5.070
09-08 01:20:42.631  3095  4639 I ChromePhotosDataPlane: phase=tls_ready correlationId=c299 hostClass=network hostHash=a552b937eecf21c7 clientProtocol=http/1.1 ca=ff56b2f4265f0377
09-08 01:20:42.713  3095  4663 I ChromePhotosDataPlane: origin=real hostClass=network hostHash=fdbc7f1491a89ee6 method=GET clientProtocol=http/1.1 upstreamProtocol=h2 status=200 contentType=image/webp bytesIn=4912 bytesOut=4912 cache=miss decision=safe reason=model_allow source=engine probability=0.029026985 basis=None decodeMs=6.532 inferenceMs=142.032 localDecisionMs=293.928  requestToDeliveryMs=876.517 upstreamHeadersMs=194.066 sanitizeMs=667.920 downstreamWriteMs=9.834
09-08 01:20:42.715  3095  4642 I ChromePhotosDataPlane: origin=real hostClass=network hostHash=7ffe8698ca81d914 method=GET clientProtocol=http/1.1 upstreamProtocol=h2 status=200 contentType=image/png bytesIn=42 bytesOut=6303 cache=miss decision=unknown reason=unsupported_gif source=error probability=-1.0 basis=none decodeMs=0.000 inferenceMs=0.000 localDecisionMs=0.000  requestToDeliveryMs=514.490 upstreamHeadersMs=63.306 sanitizeMs=442.629 downstreamWriteMs=1.558
09-08 01:20:42.850  3095  4282 I ChromePhotosDataPlane: origin=real hostClass=network hostHash=fdbc7f1491a89ee6 method=GET clientProtocol=http/1.1 upstreamProtocol=h2 status=200 contentType=image/webp bytesIn=2532 bytesOut=2532 cache=miss decision=safe reason=model_allow source=engine probability=0.008957833 basis=None decodeMs=5.213 inferenceMs=139.934 localDecisionMs=289.246  requestToDeliveryMs=831.527 upstreamHeadersMs=177.963 sanitizeMs=648.953 downstreamWriteMs=0.936
09-08 01:20:42.899  3095  4639 I ChromePhotosDataPlane: origin=real hostClass=network hostHash=a552b937eecf21c7 method=GET clientProtocol=http/1.1 upstreamProtocol=h2 status=200 contentType=image/png bytesIn=0 bytesOut=6303 cache=miss decision=unknown reason=encoded_image_unsupported source=error probability=-1.0 basis=none decodeMs=0.000 inferenceMs=0.000 localDecisionMs=0.000  requestToDeliveryMs=255.469 upstreamHeadersMs=252.945 sanitizeMs=0.116 downstreamWriteMs=0.845
09-08 01:20:42.992  3095  4326 I ChromePhotosDataPlane: origin=real hostClass=network hostHash=fdbc7f1491a89ee6 method=GET clientProtocol=http/1.1 upstreamProtocol=h2 status=200 contentType=image/webp bytesIn=7148 bytesOut=7148 cache=miss decision=safe reason=model_allow source=engine probability=0.009210944 basis=None decodeMs=5.658 inferenceMs=136.161 localDecisionMs=276.507  requestToDeliveryMs=827.939 upstreamHeadersMs=177.681 sanitizeMs=647.392 downstreamWriteMs=0.936
09-08 01:20:43.129  3095  4192 I ChromePhotosDataPlane: origin=real hostClass=network hostHash=fdbc7f1491a89ee6 method=GET clientProtocol=http/1.1 upstreamProtocol=h2 status=200 contentType=image/webp bytesIn=4082 bytesOut=4082 cache=miss decision=safe reason=model_allow source=engine probability=0.01923281 basis=None decodeMs=5.548 inferenceMs=132.367 localDecisionMs=274.387  requestToDeliveryMs=818.905 upstreamHeadersMs=184.626 sanitizeMs=630.462 downstreamWriteMs=0.475
09-08 01:20:43.130  3095  4642 I ChromePhotosDataPlane: origin=real hostClass=network hostHash=7ffe8698ca81d914 method=GET clientProtocol=http/1.1 upstreamProtocol=h2 status=200 contentType=image/png bytesIn=42 bytesOut=6303 cache=miss decision=unknown reason=unsupported_gif source=error probability=-1.0 basis=none decodeMs=0.000 inferenceMs=0.000 localDecisionMs=0.000  requestToDeliveryMs=409.386 upstreamHeadersMs=69.312 sanitizeMs=322.189 downstreamWriteMs=0.272
09-08 01:20:43.210  3095  4600 I ChromePhotosDataPlane: phase=tls_ready correlationId=c303 hostClass=network hostHash=191347bfe55d0ca9 clientProtocol=http/1.1 ca=ff56b2f4265f0377
09-08 01:20:43.214  3095  4373 I ChromePhotosDataPlane: phase=tls_ready correlationId=c301 hostClass=network hostHash=191347bfe55d0ca9 clientProtocol=http/1.1 ca=ff56b2f4265f0377
09-08 01:20:43.219  3095  4588 I ChromePhotosDataPlane: phase=tls_ready correlationId=c302 hostClass=network hostHash=191347bfe55d0ca9 clientProtocol=http/1.1 ca=ff56b2f4265f0377
09-08 01:20:43.222  3095  4374 I ChromePhotosDataPlane: phase=tls_ready correlationId=c300 hostClass=network hostHash=6268c0fb3912f67d clientProtocol=http/1.1 ca=ff56b2f4265f0377
09-08 01:20:43.229  3095  4312 I ChromePhotosDataPlane: phase=tls_ready correlationId=c304 hostClass=network hostHash=191347bfe55d0ca9 clientProtocol=http/1.1 ca=ff56b2f4265f0377
09-08 01:20:43.359  3095  4571 I ChromePhotosDataPlane: origin=real hostClass=network hostHash=fdbc7f1491a89ee6 method=GET clientProtocol=http/1.1 upstreamProtocol=h2 status=200 contentType=image/webp bytesIn=5646 bytesOut=5646 cache=miss decision=safe reason=model_allow source=engine probability=0.013387382 basis=None decodeMs=5.465 inferenceMs=224.155 localDecisionMs=366.350  requestToDeliveryMs=942.109 upstreamHeadersMs=236.248 sanitizeMs=703.953 downstreamWriteMs=0.660
09-08 01:20:43.418  3095  4600 I ChromePhotosDataPlane: origin=real hostClass=network hostHash=191347bfe55d0ca9 method=POST clientProtocol=http/1.1 upstreamProtocol=h2 status=200 contentType=text/html bytesOut=0 transfer=fixed upstreamHeadersMs=205.027 downstreamWriteMs=0.358
09-08 01:20:43.419  3095  4588 I ChromePhotosDataPlane: origin=real hostClass=network hostHash=191347bfe55d0ca9 method=POST clientProtocol=http/1.1 upstreamProtocol=h2 status=200 contentType=text/plain bytesOut=0 transfer=fixed upstreamHeadersMs=184.131 downstreamWriteMs=0.218
09-08 01:20:43.419  3095  4373 I ChromePhotosDataPlane: origin=real hostClass=network hostHash=191347bfe55d0ca9 method=POST clientProtocol=http/1.1 upstreamProtocol=h2 status=200 contentType=text/plain bytesOut=0 transfer=fixed upstreamHeadersMs=202.861 downstreamWriteMs=0.185
09-08 01:20:43.426  3095  4434 I ChromePhotosDataPlane: phase=worker_ready correlationId=c314 admissionWaitMs=0.287
09-08 01:20:43.431  3095  4441 I ChromePhotosDataPlane: phase=worker_ready correlationId=c315 admissionWaitMs=0.197
09-08 01:20:43.557  3095  4374 I ChromePhotosDataPlane: phase=media_shield_document origin=real hostClass=network hostHash=6268c0fb3912f67d result=transformed documentSequence=20 navigationSequence=6 token=de8de783e2d7 bytesOut=119354 upstreamHeadersMs=213.018 documentDecisionMs=108.926 downstreamWriteMs=3.376
09-08 01:20:43.574  3095  4537 I ChromePhotosDataPlane: phase=tls_ready correlationId=c305 hostClass=network hostHash=d8ecf352ffa86f18 clientProtocol=http/1.1 ca=ff56b2f4265f0377
09-08 01:20:43.585  3095  4268 I ChromePhotosDataPlane: origin=real hostClass=network hostHash=fdbc7f1491a89ee6 method=GET clientProtocol=http/1.1 upstreamProtocol=h2 status=200 contentType=image/webp bytesIn=3862 bytesOut=3862 cache=miss decision=safe reason=model_allow source=engine probability=0.021878213 basis=None decodeMs=12.512 inferenceMs=210.625 localDecisionMs=440.291  requestToDeliveryMs=967.871 upstreamHeadersMs=200.226 sanitizeMs=764.557 downstreamWriteMs=0.873
09-08 01:20:44.012  3095  4560 I ChromePhotosDataPlane: phase=tls_ready correlationId=c306 hostClass=network hostHash=e2ccecf673591338 clientProtocol=http/1.1 ca=ff56b2f4265f0377
09-08 01:20:44.406  3095  4642 I ChromePhotosDataPlane: origin=real hostClass=network hostHash=7ffe8698ca81d914 method=GET clientProtocol=http/1.1 upstreamProtocol=h2 status=200 contentType=image/png bytesIn=42 bytesOut=6303 cache=miss decision=unknown reason=unsupported_gif source=error probability=-1.0 basis=none decodeMs=0.000 inferenceMs=0.000 localDecisionMs=0.000  requestToDeliveryMs=1199.454 upstreamHeadersMs=66.868 sanitizeMs=1131.075 downstreamWriteMs=0.500
09-08 01:20:44.412  3095  4663 I ChromePhotosDataPlane: origin=real hostClass=network hostHash=fdbc7f1491a89ee6 method=GET clientProtocol=http/1.1 upstreamProtocol=h2 status=200 contentType=image/webp bytesIn=2878 bytesOut=2878 cache=miss decision=safe reason=model_allow source=engine probability=0.039949685 basis=None decodeMs=10.616 inferenceMs=810.099 localDecisionMs=1043.592  requestToDeliveryMs=1635.338 upstreamHeadersMs=178.279 sanitizeMs=1438.494 downstreamWriteMs=0.827
09-08 01:20:44.669  3095  4164 I ChromePhotosDataPlane: phase=tls_ready correlationId=c307 hostClass=network hostHash=935e0b482f6ac80a clientProtocol=http/1.1 ca=ff56b2f4265f0377
09-08 01:20:44.674  3095  4428 I ChromePhotosDataPlane: phase=tls_ready correlationId=c308 hostClass=network hostHash=191347bfe55d0ca9 clientProtocol=http/1.1 ca=ff56b2f4265f0377
09-08 01:20:44.966  3095  4282 I ChromePhotosDataPlane: origin=real hostClass=network hostHash=fdbc7f1491a89ee6 method=GET clientProtocol=http/1.1 upstreamProtocol=h2 status=200 contentType=image/webp bytesIn=1952 bytesOut=1952 cache=miss decision=safe reason=model_allow source=engine probability=0.031541497 basis=None decodeMs=10.218 inferenceMs=550.178 localDecisionMs=1380.610  requestToDeliveryMs=2064.061 upstreamHeadersMs=218.885 sanitizeMs=1843.356 downstreamWriteMs=0.499
09-08 01:20:45.017  3095  4164 I ChromePhotosDataPlane: origin=real hostClass=network hostHash=935e0b482f6ac80a method=GET clientProtocol=http/1.1 upstreamProtocol=h2 status=200 contentType=application/javascript bytesOut=874 transfer=chunked upstreamHeadersMs=344.299 downstreamWriteMs=1.305
09-08 01:20:45.438  3095  4381 I ChromePhotosDataPlane: phase=tls_ready correlationId=c313 hostClass=network hostHash=191347bfe55d0ca9 clientProtocol=http/1.1 ca=ff56b2f4265f0377
09-08 01:20:45.438  3095  4419 I ChromePhotosDataPlane: phase=tls_ready correlationId=c312 hostClass=network hostHash=7ffe8698ca81d914 clientProtocol=http/1.1 ca=ff56b2f4265f0377
09-08 01:20:45.438  3095  4310 I ChromePhotosDataPlane: phase=tls_ready correlationId=c309 hostClass=network hostHash=7ffe8698ca81d914 clientProtocol=http/1.1 ca=ff56b2f4265f0377
09-08 01:20:45.443  3095  4652 I ChromePhotosDataPlane: phase=tls_ready correlationId=c311 hostClass=network hostHash=7ffe8698ca81d914 clientProtocol=http/1.1 ca=ff56b2f4265f0377
09-08 01:20:45.446  3095  4512 I ChromePhotosDataPlane: phase=tls_ready correlationId=c310 hostClass=network hostHash=7ffe8698ca81d914 clientProtocol=http/1.1 ca=ff56b2f4265f0377
09-08 01:20:45.450  3095  4441 I ChromePhotosDataPlane: phase=tls_ready correlationId=c315 hostClass=network hostHash=191347bfe55d0ca9 clientProtocol=http/1.1 ca=ff56b2f4265f0377
09-08 01:20:45.453  3095  4434 I ChromePhotosDataPlane: phase=tls_ready correlationId=c314 hostClass=network hostHash=191347bfe55d0ca9 clientProtocol=http/1.1 ca=ff56b2f4265f0377
09-08 01:20:45.547  3095  4326 I ChromePhotosDataPlane: origin=real hostClass=network hostHash=fdbc7f1491a89ee6 method=GET clientProtocol=http/1.1 upstreamProtocol=h2 status=200 contentType=image/webp bytesIn=1754 bytesOut=1754 cache=miss decision=safe reason=model_allow source=engine probability=0.11835408 basis=None decodeMs=7.774 inferenceMs=572.933 localDecisionMs=1133.541  requestToDeliveryMs=2508.468 upstreamHeadersMs=237.000 sanitizeMs=2269.725 downstreamWriteMs=0.482
09-08 01:20:46.118  3095  4312 I ChromePhotosDataPlane: origin=real hostClass=network hostHash=191347bfe55d0ca9 method=GET clientProtocol=http/1.1 upstreamProtocol=h2 status=200 contentType=image/png bytesIn=42 bytesOut=6303 cache=miss decision=unknown reason=unsupported_gif source=error probability=-1.0 basis=none decodeMs=0.000 inferenceMs=0.000 localDecisionMs=0.000  requestToDeliveryMs=2876.621 upstreamHeadersMs=443.757 sanitizeMs=2431.267 downstreamWriteMs=0.558
09-08 01:20:46.118  3095  4192 I ChromePhotosDataPlane: origin=real hostClass=network hostHash=fdbc7f1491a89ee6 method=GET clientProtocol=http/1.1 upstreamProtocol=h2 status=200 contentType=image/webp bytesIn=2190 bytesOut=2190 cache=miss decision=safe reason=model_allow source=engine probability=0.03790164 basis=None decodeMs=8.908 inferenceMs=560.832 localDecisionMs=1149.445  requestToDeliveryMs=2918.085 upstreamHeadersMs=236.214 sanitizeMs=2679.679 downstreamWriteMs=0.593
09-08 01:20:46.722  3095  4571 I ChromePhotosDataPlane: origin=real hostClass=network hostHash=fdbc7f1491a89ee6 method=GET clientProtocol=http/1.1 upstreamProtocol=h2 status=200 contentType=image/webp bytesIn=2028 bytesOut=2028 cache=miss decision=safe reason=model_allow source=engine probability=0.03386417 basis=None decodeMs=8.261 inferenceMs=594.619 localDecisionMs=1172.265  requestToDeliveryMs=3313.951 upstreamHeadersMs=169.947 sanitizeMs=3124.116 downstreamWriteMs=0.524
09-08 01:20:46.723  3095  4560 I ChromePhotosDataPlane: origin=real hostClass=network hostHash=e2ccecf673591338 method=GET clientProtocol=http/1.1 upstreamProtocol=h2 status=200 contentType=image/png bytesIn=43 bytesOut=6303 cache=miss decision=unknown reason=unsupported_gif source=error probability=-1.0 basis=none decodeMs=0.000 inferenceMs=0.000 localDecisionMs=0.000  requestToDeliveryMs=2709.658 upstreamHeadersMs=291.228 sanitizeMs=2412.233 downstreamWriteMs=0.422
09-08 01:20:46.725  3095  4642 I ChromePhotosDataPlane: origin=real hostClass=network hostHash=7ffe8698ca81d914 method=GET clientProtocol=http/1.1 upstreamProtocol=h2 status=200 contentType=image/png bytesIn=42 bytesOut=6303 cache=miss decision=unknown reason=unsupported_gif source=error probability=-1.0 basis=none decodeMs=0.000 inferenceMs=0.000 localDecisionMs=0.000  requestToDeliveryMs=2260.999 upstreamHeadersMs=70.199 sanitizeMs=2187.902 downstreamWriteMs=0.364
09-08 01:20:46.727  3095  4537 I ChromePhotosDataPlane: origin=real hostClass=network hostHash=d8ecf352ffa86f18 method=GET clientProtocol=http/1.1 upstreamProtocol=h2 status=200 contentType=image/png bytesIn=43 bytesOut=6303 cache=miss decision=unknown reason=unsupported_gif source=error probability=-1.0 basis=none decodeMs=0.000 inferenceMs=0.000 localDecisionMs=0.000  requestToDeliveryMs=3150.224 upstreamHeadersMs=378.833 sanitizeMs=2765.786 downstreamWriteMs=2.035
09-08 01:20:46.867  3095  4428 I ChromePhotosDataPlane: origin=real hostClass=network hostHash=191347bfe55d0ca9 method=GET clientProtocol=http/1.1 upstreamProtocol=h2 status=200 contentType=image/png bytesIn=42 bytesOut=6303 cache=miss decision=unknown reason=unsupported_gif source=error probability=-1.0 basis=none decodeMs=0.000 inferenceMs=0.000 localDecisionMs=0.000  requestToDeliveryMs=2190.003 upstreamHeadersMs=62.460 sanitizeMs=2126.053 downstreamWriteMs=0.498
09-08 01:20:46.869  3095  4268 I ChromePhotosDataPlane: origin=real hostClass=network hostHash=fdbc7f1491a89ee6 method=GET clientProtocol=http/1.1 upstreamProtocol=h2 status=200 contentType=image/webp bytesIn=6380 bytesOut=6380 cache=miss decision=safe reason=model_allow source=engine probability=0.07566276 basis=None decodeMs=4.243 inferenceMs=140.513 localDecisionMs=742.203  requestToDeliveryMs=3241.473 upstreamHeadersMs=160.890 sanitizeMs=3076.776 downstreamWriteMs=0.903
09-08 01:20:47.012  3095  4663 I ChromePhotosDataPlane: origin=real hostClass=network hostHash=fdbc7f1491a89ee6 method=GET clientProtocol=http/1.1 upstreamProtocol=h2 status=200 contentType=image/webp bytesIn=1242 bytesOut=1242 cache=miss decision=safe reason=model_allow source=engine probability=0.011096597 basis=None decodeMs=3.764 inferenceMs=140.470 localDecisionMs=283.130  requestToDeliveryMs=2544.879 upstreamHeadersMs=165.122 sanitizeMs=2375.430 downstreamWriteMs=0.573
09-08 01:20:47.012  3095  4381 I ChromePhotosDataPlane: origin=real hostClass=network hostHash=191347bfe55d0ca9 method=GET clientProtocol=http/1.1 upstreamProtocol=h2 status=200 contentType=image/png bytesIn=42 bytesOut=6303 cache=miss decision=unknown reason=unsupported_gif source=error probability=-1.0 basis=none decodeMs=0.000 inferenceMs=0.000 localDecisionMs=0.000  requestToDeliveryMs=1570.468 upstreamHeadersMs=65.117 sanitizeMs=1502.624 downstreamWriteMs=0.631
09-08 01:20:47.013  3095  4434 I ChromePhotosDataPlane: origin=real hostClass=network hostHash=191347bfe55d0ca9 method=GET clientProtocol=http/1.1 upstreamProtocol=h2 status=200 contentType=image/png bytesIn=42 bytesOut=6303 cache=miss decision=unknown reason=unsupported_gif source=error probability=-1.0 basis=none decodeMs=0.000 inferenceMs=0.000 localDecisionMs=0.000  requestToDeliveryMs=1554.822 upstreamHeadersMs=67.850 sanitizeMs=1485.494 downstreamWriteMs=0.414
09-08 01:20:47.015  3095  4441 I ChromePhotosDataPlane: origin=real hostClass=network hostHash=191347bfe55d0ca9 method=GET clientProtocol=http/1.1 upstreamProtocol=h2 status=200 contentType=image/png bytesIn=42 bytesOut=6303 cache=miss decision=unknown reason=unsupported_gif source=error probability=-1.0 basis=none decodeMs=0.000 inferenceMs=0.000 localDecisionMs=0.000  requestToDeliveryMs=1554.583 upstreamHeadersMs=74.312 sanitizeMs=1478.072 downstreamWriteMs=0.436
09-08 01:20:47.582  3095  4282 I ChromePhotosDataPlane: origin=real hostClass=network hostHash=fdbc7f1491a89ee6 method=GET clientProtocol=http/1.1 upstreamProtocol=h2 status=200 contentType=image/webp bytesIn=2038 bytesOut=2038 cache=miss decision=safe reason=model_allow source=engine probability=0.03242582 basis=None decodeMs=8.368 inferenceMs=561.380 localDecisionMs=711.958  requestToDeliveryMs=2567.332 upstreamHeadersMs=158.371 sanitizeMs=2406.348 downstreamWriteMs=0.536
09-08 01:20:47.728  3095  4326 I ChromePhotosDataPlane: origin=real hostClass=network hostHash=fdbc7f1491a89ee6 method=GET clientProtocol=http/1.1 upstreamProtocol=h2 status=200 contentType=image/webp bytesIn=8426 bytesOut=8426 cache=miss decision=safe reason=model_allow source=engine probability=0.037530273 basis=None decodeMs=4.560 inferenceMs=139.456 localDecisionMs=708.527  requestToDeliveryMs=2135.119 upstreamHeadersMs=278.555 sanitizeMs=1853.630 downstreamWriteMs=0.494
09-08 01:20:47.869  3095  4192 I ChromePhotosDataPlane: origin=real hostClass=network hostHash=fdbc7f1491a89ee6 method=GET clientProtocol=http/1.1 upstreamProtocol=h2 status=200 contentType=image/webp bytesIn=3140 bytesOut=3140 cache=miss decision=safe reason=model_allow source=engine probability=0.047480255 basis=None decodeMs=2.985 inferenceMs=140.152 localDecisionMs=284.286  requestToDeliveryMs=1698.131 upstreamHeadersMs=214.314 sanitizeMs=1469.116 downstreamWriteMs=0.474
09-08 01:20:48.015  3095  4571 I ChromePhotosDataPlane: origin=real hostClass=network hostHash=fdbc7f1491a89ee6 method=GET clientProtocol=http/1.1 upstreamProtocol=h2 status=200 contentType=image/webp bytesIn=3980 bytesOut=3980 cache=miss decision=safe reason=model_allow source=engine probability=0.0044358373 basis=None decodeMs=4.033 inferenceMs=138.045 localDecisionMs=281.456  requestToDeliveryMs=1250.707 upstreamHeadersMs=231.160 sanitizeMs=1013.282 downstreamWriteMs=0.992
09-08 01:20:48.152  3095  4268 I ChromePhotosDataPlane: origin=real hostClass=network hostHash=fdbc7f1491a89ee6 method=GET clientProtocol=http/1.1 upstreamProtocol=h2 status=200 contentType=image/webp bytesIn=10332 bytesOut=10332 cache=miss decision=safe reason=model_allow source=engine probability=0.19095385 basis=None decodeMs=4.964 inferenceMs=134.089 localDecisionMs=277.742  requestToDeliveryMs=1233.889 upstreamHeadersMs=246.901 sanitizeMs=984.422 downstreamWriteMs=0.430
09-08 01:20:48.289  3095  4663 I ChromePhotosDataPlane: origin=real hostClass=network hostHash=fdbc7f1491a89ee6 method=GET clientProtocol=http/1.1 upstreamProtocol=h2 status=200 contentType=image/webp bytesIn=8446 bytesOut=8446 cache=miss decision=safe reason=model_allow source=engine probability=0.041372657 basis=None decodeMs=4.041 inferenceMs=133.236 localDecisionMs=271.425  requestToDeliveryMs=1213.437 upstreamHeadersMs=326.043 sanitizeMs=881.222 downstreamWriteMs=0.428
09-08 01:20:48.427  3095  4282 I ChromePhotosDataPlane: origin=real hostClass=network hostHash=fdbc7f1491a89ee6 method=GET clientProtocol=http/1.1 upstreamProtocol=h2 status=200 contentType=image/webp bytesIn=6940 bytesOut=6940 cache=miss decision=safe reason=model_allow source=engine probability=0.008428872 basis=None decodeMs=4.305 inferenceMs=132.956 localDecisionMs=271.829  requestToDeliveryMs=801.174 upstreamHeadersMs=182.416 sanitizeMs=617.055 downstreamWriteMs=0.455
09-08 01:20:48.568  3095  4326 I ChromePhotosDataPlane: origin=real hostClass=network hostHash=fdbc7f1491a89ee6 method=GET clientProtocol=http/1.1 upstreamProtocol=h2 status=200 contentType=image/webp bytesIn=8122 bytesOut=8122 cache=miss decision=safe reason=model_allow source=engine probability=0.004171163 basis=None decodeMs=4.509 inferenceMs=135.791 localDecisionMs=272.862  requestToDeliveryMs=791.918 upstreamHeadersMs=198.448 sanitizeMs=591.528 downstreamWriteMs=0.485
09-08 01:20:49.113  3095  4192 I ChromePhotosDataPlane: origin=real hostClass=network hostHash=fdbc7f1491a89ee6 method=GET clientProtocol=http/1.1 upstreamProtocol=h2 status=200 contentType=image/webp bytesIn=2172 bytesOut=2172 cache=miss decision=safe reason=model_allow source=engine probability=0.04207182 basis=None decodeMs=8.038 inferenceMs=536.473 localDecisionMs=683.869  requestToDeliveryMs=1201.073 upstreamHeadersMs=215.398 sanitizeMs=983.542 downstreamWriteMs=0.442
09-08 01:20:49.253  3095  4571 I ChromePhotosDataPlane: origin=real hostClass=network hostHash=fdbc7f1491a89ee6 method=GET clientProtocol=http/1.1 upstreamProtocol=h2 status=200 contentType=image/webp bytesIn=14270 bytesOut=14270 cache=miss decision=safe reason=model_allow source=engine probability=0.010012716 basis=None decodeMs=4.976 inferenceMs=134.763 localDecisionMs=678.103  requestToDeliveryMs=1192.960 upstreamHeadersMs=268.123 sanitizeMs=923.170 downstreamWriteMs=0.550
09-08 01:20:49.394  3095  4268 I ChromePhotosDataPlane: origin=real hostClass=network hostHash=fdbc7f1491a89ee6 method=GET clientProtocol=http/1.1 upstreamProtocol=h2 status=200 contentType=image/webp bytesIn=13682 bytesOut=13682 cache=miss decision=safe reason=model_allow source=engine probability=0.021669686 basis=None decodeMs=4.869 inferenceMs=135.361 localDecisionMs=276.807  requestToDeliveryMs=1198.204 upstreamHeadersMs=302.640 sanitizeMs=893.744 downstreamWriteMs=0.664
09-08 01:20:49.939  3095  4663 I ChromePhotosDataPlane: origin=real hostClass=network hostHash=fdbc7f1491a89ee6 method=GET clientProtocol=http/1.1 upstreamProtocol=h2 status=200 contentType=image/webp bytesIn=1588 bytesOut=1588 cache=miss decision=safe reason=model_allow source=engine probability=0.0381563 basis=None decodeMs=7.905 inferenceMs=535.462 localDecisionMs=683.497  requestToDeliveryMs=1607.034 upstreamHeadersMs=406.320 sanitizeMs=1197.926 downstreamWriteMs=0.924
09-08 01:20:50.078  3095  4282 I ChromePhotosDataPlane: origin=real hostClass=network hostHash=fdbc7f1491a89ee6 method=GET clientProtocol=http/1.1 upstreamProtocol=h2 status=200 contentType=image/webp bytesIn=3330 bytesOut=3330 cache=miss decision=safe reason=model_allow source=engine probability=0.024564207 basis=None decodeMs=3.998 inferenceMs=134.315 localDecisionMs=680.885  requestToDeliveryMs=1604.387 upstreamHeadersMs=264.910 sanitizeMs=1335.504 downstreamWriteMs=0.958
09-08 01:20:50.217  3095  4326 I ChromePhotosDataPlane: origin=real hostClass=network hostHash=fdbc7f1491a89ee6 method=GET clientProtocol=http/1.1 upstreamProtocol=h2 status=200 contentType=image/png bytesIn=8334 bytesOut=6303 cache=miss decision=block reason=model_filter source=engine probability=0.6941216 basis=FullThreshold decodeMs=4.369 inferenceMs=134.918 localDecisionMs=274.397  requestToDeliveryMs=1604.121 upstreamHeadersMs=329.045 sanitizeMs=1271.922 downstreamWriteMs=0.877
09-08 01:20:50.355  3095  4192 I ChromePhotosDataPlane: origin=real hostClass=network hostHash=fdbc7f1491a89ee6 method=GET clientProtocol=http/1.1 upstreamProtocol=h2 status=200 contentType=image/webp bytesIn=14884 bytesOut=14884 cache=miss decision=safe reason=model_allow source=engine probability=0.009524494 basis=None decodeMs=5.907 inferenceMs=131.397 localDecisionMs=269.962  requestToDeliveryMs=1200.411 upstreamHeadersMs=403.151 sanitizeMs=793.720 downstreamWriteMs=0.947
09-08 01:20:50.493  3095  4268 I ChromePhotosDataPlane: origin=real hostClass=network hostHash=fdbc7f1491a89ee6 method=GET clientProtocol=http/1.1 upstreamProtocol=h2 status=200 contentType=image/webp bytesIn=8642 bytesOut=8642 cache=miss decision=safe reason=model_allow source=engine probability=0.039247274 basis=None decodeMs=3.987 inferenceMs=133.046 localDecisionMs=269.387  requestToDeliveryMs=1057.814 upstreamHeadersMs=326.688 sanitizeMs=728.496 downstreamWriteMs=0.852
09-08 01:20:50.630  3095  4571 I ChromePhotosDataPlane: origin=real hostClass=network hostHash=fdbc7f1491a89ee6 method=GET clientProtocol=http/1.1 upstreamProtocol=h2 status=200 contentType=image/webp bytesIn=8562 bytesOut=8562 cache=miss decision=safe reason=model_allow source=engine probability=0.023967534 basis=None decodeMs=3.933 inferenceMs=132.738 localDecisionMs=270.298  requestToDeliveryMs=1332.333 upstreamHeadersMs=461.951 sanitizeMs=864.780 downstreamWriteMs=0.890
09-08 01:20:50.768  3095  4663 I ChromePhotosDataPlane: origin=real hostClass=network hostHash=fdbc7f1491a89ee6 method=GET clientProtocol=http/1.1 upstreamProtocol=h2 status=200 contentType=image/webp bytesIn=17956 bytesOut=17956 cache=miss decision=safe reason=model_allow source=engine probability=0.1295146 basis=None decodeMs=5.588 inferenceMs=132.193 localDecisionMs=265.893  requestToDeliveryMs=785.102 upstreamHeadersMs=289.521 sanitizeMs=492.744 downstreamWriteMs=0.977
09-08 01:20:50.905  3095  4326 I ChromePhotosDataPlane: origin=real hostClass=network hostHash=fdbc7f1491a89ee6 method=GET clientProtocol=http/1.1 upstreamProtocol=h2 status=200 contentType=image/webp bytesIn=10418 bytesOut=10418 cache=miss decision=safe reason=model_allow source=engine probability=0.068992525 basis=None decodeMs=4.133 inferenceMs=132.442 localDecisionMs=265.567  requestToDeliveryMs=640.677 upstreamHeadersMs=213.765 sanitizeMs=423.078 downstreamWriteMs=0.798
09-08 01:20:51.042  3095  4282 I ChromePhotosDataPlane: origin=real hostClass=network hostHash=fdbc7f1491a89ee6 method=GET clientProtocol=http/1.1 upstreamProtocol=h2 status=200 contentType=image/webp bytesIn=7652 bytesOut=7652 cache=miss decision=safe reason=model_allow source=engine probability=0.01052323 basis=None decodeMs=3.839 inferenceMs=132.791 localDecisionMs=270.784  requestToDeliveryMs=911.827 upstreamHeadersMs=350.777 sanitizeMs=558.194 downstreamWriteMs=0.922
09-08 01:20:51.181  3095  4192 I ChromePhotosDataPlane: origin=real hostClass=network hostHash=fdbc7f1491a89ee6 method=GET clientProtocol=http/1.1 upstreamProtocol=h2 status=200 contentType=image/webp bytesIn=13128 bytesOut=13128 cache=miss decision=safe reason=model_allow source=engine probability=0.15108785 basis=None decodeMs=5.060 inferenceMs=133.071 localDecisionMs=265.889  requestToDeliveryMs=774.428 upstreamHeadersMs=237.484 sanitizeMs=531.465 downstreamWriteMs=0.985
09-08 01:20:51.319  3095  4268 I ChromePhotosDataPlane: origin=real hostClass=network hostHash=fdbc7f1491a89ee6 method=GET clientProtocol=http/1.1 upstreamProtocol=h2 status=200 contentType=image/webp bytesIn=9462 bytesOut=9462 cache=miss decision=safe reason=model_allow source=engine probability=0.028835893 basis=None decodeMs=4.066 inferenceMs=133.663 localDecisionMs=270.768  requestToDeliveryMs=782.760 upstreamHeadersMs=351.665 sanitizeMs=427.139 downstreamWriteMs=0.977
09-08 01:20:51.457  3095  4571 I ChromePhotosDataPlane: origin=real hostClass=network hostHash=fdbc7f1491a89ee6 method=GET clientProtocol=http/1.1 upstreamProtocol=h2 status=200 contentType=image/webp bytesIn=8932 bytesOut=8932 cache=miss decision=safe reason=model_allow source=engine probability=0.17002895 basis=None decodeMs=4.067 inferenceMs=133.642 localDecisionMs=272.008  requestToDeliveryMs=782.909 upstreamHeadersMs=380.818 sanitizeMs=398.633 downstreamWriteMs=0.840
09-08 01:20:51.596  3095  4663 I ChromePhotosDataPlane: origin=real hostClass=network hostHash=fdbc7f1491a89ee6 method=GET clientProtocol=http/1.1 upstreamProtocol=h2 status=200 contentType=image/webp bytesIn=13942 bytesOut=13942 cache=miss decision=safe reason=model_allow source=engine probability=0.0045351386 basis=None decodeMs=4.833 inferenceMs=133.866 localDecisionMs=271.288  requestToDeliveryMs=783.585 upstreamHeadersMs=254.504 sanitizeMs=524.927 downstreamWriteMs=0.987
09-08 01:20:52.145  3095  4326 I ChromePhotosDataPlane: origin=real hostClass=network hostHash=fdbc7f1491a89ee6 method=GET clientProtocol=http/1.1 upstreamProtocol=h2 status=200 contentType=image/webp bytesIn=2542 bytesOut=2542 cache=miss decision=safe reason=model_allow source=engine probability=0.06777713 basis=None decodeMs=8.204 inferenceMs=539.502 localDecisionMs=685.789  requestToDeliveryMs=1197.009 upstreamHeadersMs=259.996 sanitizeMs=932.502 downstreamWriteMs=0.856
09-08 01:20:52.282  3095  4282 I ChromePhotosDataPlane: origin=real hostClass=network hostHash=fdbc7f1491a89ee6 method=GET clientProtocol=http/1.1 upstreamProtocol=h2 status=200 contentType=image/webp bytesIn=4080 bytesOut=4080 cache=miss decision=safe reason=model_allow source=engine probability=0.011391073 basis=None decodeMs=4.295 inferenceMs=132.718 localDecisionMs=683.574  requestToDeliveryMs=1197.564 upstreamHeadersMs=280.481 sanitizeMs=913.785 downstreamWriteMs=0.755
09-08 01:20:52.420  3095  4192 I ChromePhotosDataPlane: origin=real hostClass=network hostHash=fdbc7f1491a89ee6 method=GET clientProtocol=http/1.1 upstreamProtocol=h2 status=200 contentType=image/webp bytesIn=11582 bytesOut=11582 cache=miss decision=safe reason=model_allow source=engine probability=0.004140049 basis=None decodeMs=4.650 inferenceMs=132.968 localDecisionMs=270.690  requestToDeliveryMs=1196.907 upstreamHeadersMs=312.604 sanitizeMs=881.591 downstreamWriteMs=0.895
09-08 01:20:52.558  3095  4571 I ChromePhotosDataPlane: origin=real hostClass=network hostHash=fdbc7f1491a89ee6 method=GET clientProtocol=http/1.1 upstreamProtocol=h2 status=200 contentType=image/webp bytesIn=5498 bytesOut=5498 cache=miss decision=safe reason=model_allow source=engine probability=0.0055903792 basis=None decodeMs=4.062 inferenceMs=133.261 localDecisionMs=270.882  requestToDeliveryMs=1055.886 upstreamHeadersMs=177.277 sanitizeMs=875.283 downstreamWriteMs=0.747
09-08 01:20:52.697  3095  4268 I ChromePhotosDataPlane: origin=real hostClass=network hostHash=fdbc7f1491a89ee6 method=GET clientProtocol=http/1.1 upstreamProtocol=h2 status=200 contentType=image/webp bytesIn=4174 bytesOut=4174 cache=miss decision=safe reason=model_allow source=engine probability=0.0042713583 basis=None decodeMs=4.086 inferenceMs=134.397 localDecisionMs=274.660  requestToDeliveryMs=1330.402 upstreamHeadersMs=318.712 sanitizeMs=1008.290 downstreamWriteMs=0.890
09-08 01:20:52.835  3095  4663 I ChromePhotosDataPlane: origin=real hostClass=network hostHash=fdbc7f1491a89ee6 method=GET clientProtocol=http/1.1 upstreamProtocol=h2 status=200 contentType=image/webp bytesIn=13510 bytesOut=13510 cache=miss decision=safe reason=model_allow source=engine probability=0.016775787 basis=None decodeMs=4.862 inferenceMs=133.086 localDecisionMs=268.345  requestToDeliveryMs=1196.126 upstreamHeadersMs=198.529 sanitizeMs=994.706 downstreamWriteMs=0.883
09-08 01:20:52.974  3095  4326 I ChromePhotosDataPlane: origin=real hostClass=network hostHash=fdbc7f1491a89ee6 method=GET clientProtocol=http/1.1 upstreamProtocol=h2 status=200 contentType=image/webp bytesIn=8904 bytesOut=8904 cache=miss decision=safe reason=model_allow source=engine probability=0.024157077 basis=None decodeMs=4.438 inferenceMs=133.676 localDecisionMs=270.578  requestToDeliveryMs=784.113 upstreamHeadersMs=170.258 sanitizeMs=610.191 downstreamWriteMs=0.905
09-08 01:20:53.239  3095  4282 I ChromePhotosDataPlane: origin=real hostClass=network hostHash=fdbc7f1491a89ee6 method=GET clientProtocol=http/1.1 upstreamProtocol=h2 status=200 contentType=image/webp bytesIn=7354 bytesOut=7354 cache=miss decision=safe reason=model_allow source=engine probability=0.020469993 basis=None decodeMs=5.773 inferenceMs=258.251 localDecisionMs=399.310  requestToDeliveryMs=915.316 upstreamHeadersMs=183.304 sanitizeMs=727.287 downstreamWriteMs=2.832
09-08 01:20:53.397  3095  4192 I ChromePhotosDataPlane: origin=real hostClass=network hostHash=fdbc7f1491a89ee6 method=GET clientProtocol=http/1.1 upstreamProtocol=h2 status=200 contentType=image/webp bytesIn=12548 bytesOut=12548 cache=miss decision=safe reason=model_allow source=engine probability=0.0034264326 basis=None decodeMs=6.484 inferenceMs=152.043 localDecisionMs=413.737  requestToDeliveryMs=931.027 upstreamHeadersMs=213.427 sanitizeMs=713.751 downstreamWriteMs=0.774
09-08 01:20:53.539  3095  4571 I ChromePhotosDataPlane: origin=real hostClass=network hostHash=fdbc7f1491a89ee6 method=GET clientProtocol=http/1.1 upstreamProtocol=h2 status=200 contentType=image/webp bytesIn=5412 bytesOut=5412 cache=miss decision=safe reason=model_allow source=engine probability=0.06589651 basis=None decodeMs=5.544 inferenceMs=134.724 localDecisionMs=298.120  requestToDeliveryMs=936.263 upstreamHeadersMs=217.274 sanitizeMs=714.761 downstreamWriteMs=1.013
09-08 01:20:53.684  3095  4268 I ChromePhotosDataPlane: origin=real hostClass=network hostHash=fdbc7f1491a89ee6 method=GET clientProtocol=http/1.1 upstreamProtocol=h2 status=200 contentType=image/webp bytesIn=9276 bytesOut=9276 cache=miss decision=safe reason=model_allow source=engine probability=0.021775156 basis=None decodeMs=5.841 inferenceMs=139.665 localDecisionMs=275.138  requestToDeliveryMs=943.554 upstreamHeadersMs=245.370 sanitizeMs=694.508 downstreamWriteMs=0.931
09-08 01:20:53.824  3095  4663 I ChromePhotosDataPlane: origin=real hostClass=network hostHash=fdbc7f1491a89ee6 method=GET clientProtocol=http/1.1 upstreamProtocol=h2 status=200 contentType=image/webp bytesIn=6094 bytesOut=6094 cache=miss decision=safe reason=model_allow source=engine probability=0.016579151 basis=None decodeMs=5.604 inferenceMs=134.256 localDecisionMs=282.335  requestToDeliveryMs=944.763 upstreamHeadersMs=260.763 sanitizeMs=680.835 downstreamWriteMs=0.859
09-08 01:20:53.957  3095  4379 I ChromePhotosDataPlane: phase=worker_ready correlationId=c316 admissionWaitMs=0.403
09-08 01:20:53.971  3095  4326 I ChromePhotosDataPlane: origin=real hostClass=network hostHash=fdbc7f1491a89ee6 method=GET clientProtocol=http/1.1 upstreamProtocol=h2 status=200 contentType=image/webp bytesIn=4186 bytesOut=4186 cache=miss decision=safe reason=model_allow source=engine probability=0.028872639 basis=None decodeMs=5.123 inferenceMs=135.573 localDecisionMs=276.840  requestToDeliveryMs=955.374 upstreamHeadersMs=276.114 sanitizeMs=671.466 downstreamWriteMs=1.034
09-08 01:20:54.036  3095  4307 I ChromePhotosDataPlane: phase=worker_ready correlationId=c317 admissionWaitMs=0.257
09-08 01:20:54.110  3095  4282 I ChromePhotosDataPlane: origin=real hostClass=network hostHash=fdbc7f1491a89ee6 method=GET clientProtocol=http/1.1 upstreamProtocol=h2 status=200 contentType=image/webp bytesIn=4952 bytesOut=4952 cache=miss decision=safe reason=model_allow source=engine probability=0.028983265 basis=None decodeMs=5.585 inferenceMs=138.738 localDecisionMs=283.559  requestToDeliveryMs=829.067 upstreamHeadersMs=175.447 sanitizeMs=650.519 downstreamWriteMs=0.852
09-08 01:20:54.253  3095  4192 I ChromePhotosDataPlane: origin=real hostClass=network hostHash=fdbc7f1491a89ee6 method=GET clientProtocol=http/1.1 upstreamProtocol=h2 status=200 contentType=image/webp bytesIn=4388 bytesOut=4388 cache=miss decision=safe reason=model_allow source=engine probability=0.007515937 basis=None decodeMs=5.392 inferenceMs=133.161 localDecisionMs=280.011  requestToDeliveryMs=812.706 upstreamHeadersMs=176.591 sanitizeMs=628.693 downstreamWriteMs=1.600
09-08 01:20:54.356  3095  4379 I ChromePhotosDataPlane: phase=tls_ready correlationId=c316 hostClass=network hostHash=1f1577c4f7feb6a1 clientProtocol=http/1.1 ca=ff56b2f4265f0377
09-08 01:20:54.427  3095  4382 I ChromePhotosDataPlane: phase=worker_ready correlationId=c318 admissionWaitMs=0.471
09-08 01:20:54.805  3095  4192 I ChromePhotosDataPlane: origin=real hostClass=network hostHash=fdbc7f1491a89ee6 method=GET clientProtocol=http/1.1 upstreamProtocol=h2 status=200 contentType=image/webp bytesIn=6738 bytesOut=6738 cache=miss decision=safe reason=model_allow source=engine probability=0.013799995 basis=None decodeMs=12.017 inferenceMs=210.180 localDecisionMs=223.396  requestToDeliveryMs=511.858 upstreamHeadersMs=282.768 sanitizeMs=226.453 downstreamWriteMs=0.758
09-08 01:20:54.965  3095  4282 I ChromePhotosDataPlane: origin=real hostClass=network hostHash=fdbc7f1491a89ee6 method=GET clientProtocol=http/1.1 upstreamProtocol=h2 status=200 contentType=image/webp bytesIn=7726 bytesOut=7726 cache=miss decision=safe reason=model_allow source=engine probability=0.011861503 basis=None decodeMs=5.696 inferenceMs=152.049 localDecisionMs=194.870  requestToDeliveryMs=668.743 upstreamHeadersMs=469.280 sanitizeMs=196.548 downstreamWriteMs=1.236
09-08 01:20:54.982  3095  4560 I ChromePhotosDataPlane: origin=real hostClass=network hostHash=e2ccecf673591338 method=GET clientProtocol=http/1.1 upstreamProtocol=h2 status=200 contentType=image/png bytesIn=43 bytesOut=6303 cache=miss decision=unknown reason=unsupported_gif source=error probability=-1.0 basis=none decodeMs=0.000 inferenceMs=0.000 localDecisionMs=0.000  requestToDeliveryMs=191.915 upstreamHeadersMs=186.462 sanitizeMs=0.923 downstreamWriteMs=1.204
09-08 01:20:55.045  3095  4537 I ChromePhotosDataPlane: origin=real hostClass=network hostHash=d8ecf352ffa86f18 method=GET clientProtocol=http/1.1 upstreamProtocol=h2 status=200 contentType=image/png bytesIn=43 bytesOut=6303 cache=miss decision=unknown reason=unsupported_gif source=error probability=-1.0 basis=none decodeMs=0.000 inferenceMs=0.000 localDecisionMs=0.000  requestToDeliveryMs=278.883 upstreamHeadersMs=273.074 sanitizeMs=1.484 downstreamWriteMs=0.526
09-08 01:20:55.065  3095  4315 I ChromePhotosDataPlane: phase=worker_ready correlationId=c319 admissionWaitMs=0.198
09-08 01:20:55.082  3095  4399 I ChromePhotosDataPlane: phase=worker_ready correlationId=c320 admissionWaitMs=0.277
09-08 01:20:55.146  3095  4379 I ChromePhotosDataPlane: origin=real hostClass=network hostHash=1f1577c4f7feb6a1 method=POST clientProtocol=http/1.1 upstreamProtocol=h2 status=200 contentType=application/json bytesOut=0 transfer=fixed upstreamHeadersMs=786.123 downstreamWriteMs=0.644
09-08 01:20:55.390  3095  4307 I ChromePhotosDataPlane: phase=tls_ready correlationId=c317 hostClass=network hostHash=cff23f81cf11247e clientProtocol=http/1.1 ca=ff56b2f4265f0377
09-08 01:20:55.506  3095  4282 I ChromePhotosDataPlane: origin=real hostClass=network hostHash=fdbc7f1491a89ee6 method=GET clientProtocol=http/1.1 upstreamProtocol=h2 status=200 contentType=image/webp bytesIn=3766 bytesOut=3766 cache=miss decision=safe reason=model_allow source=engine probability=0.021158576 basis=None decodeMs=3.816 inferenceMs=162.604 localDecisionMs=167.223  requestToDeliveryMs=336.856 upstreamHeadersMs=164.511 sanitizeMs=169.374 downstreamWriteMs=1.160
09-08 01:20:55.508  3095  4306 I ChromePhotosDataPlane: origin=real hostClass=network hostHash=f58aed0f48e58f0c method=POST clientProtocol=http/1.1 upstreamProtocol=h2 status=204 contentType= bytesOut=0 transfer=fixed upstreamHeadersMs=816.010 downstreamWriteMs=0.559
09-08 01:20:55.700  3095  4192 I ChromePhotosDataPlane: origin=real hostClass=network hostHash=fdbc7f1491a89ee6 method=GET clientProtocol=http/1.1 upstreamProtocol=h2 status=200 contentType=image/webp bytesIn=3832 bytesOut=3832 cache=miss decision=safe reason=model_allow source=engine probability=0.022616684 basis=None decodeMs=8.030 inferenceMs=176.660 localDecisionMs=188.375  requestToDeliveryMs=520.150 upstreamHeadersMs=325.226 sanitizeMs=190.262 downstreamWriteMs=1.087
09-08 01:20:55.733  3095  4590 I ChromePhotosDataPlane: phase=worker_ready correlationId=c321 admissionWaitMs=0.478
09-08 01:20:55.865  3095  4382 I ChromePhotosDataPlane: phase=tls_ready correlationId=c318 hostClass=network hostHash=2e2e8e2b4eb0d095 clientProtocol=http/1.1 ca=ff56b2f4265f0377
09-08 01:20:55.875  3095  4164 I ChromePhotosDataPlane: origin=real hostClass=network hostHash=935e0b482f6ac80a method=GET clientProtocol=http/1.1 upstreamProtocol=h2 status=204 contentType= bytesIn=0 bytesOut=0 cache=miss decision=passthrough  requestToDeliveryMs=337.903 upstreamHeadersMs=334.734 sanitizeMs=0.049 downstreamWriteMs=0.736
09-08 01:20:55.879  3095  4440 I ChromePhotosDataPlane: phase=worker_ready correlationId=c322 admissionWaitMs=0.173
09-08 01:20:55.920  3095  4282 I ChromePhotosDataPlane: origin=real hostClass=network hostHash=fdbc7f1491a89ee6 method=GET clientProtocol=http/1.1 upstreamProtocol=h2 status=200 contentType=image/webp bytesIn=4018 bytesOut=4018 cache=miss decision=safe reason=model_allow source=engine probability=0.030864298 basis=None decodeMs=4.547 inferenceMs=215.525 localDecisionMs=221.922  requestToDeliveryMs=397.754 upstreamHeadersMs=170.476 sanitizeMs=223.977 downstreamWriteMs=0.755
09-08 01:20:55.926  3095  4668 I ChromePhotosDataPlane: origin=real hostClass=network hostHash=abf8fbf760ef2a86 method=GET clientProtocol=http/1.1 upstreamProtocol=h2 status=200 contentType=image/png bytesIn=0 bytesOut=6303 cache=miss decision=unknown reason=encoded_image_unsupported source=error probability=-1.0 basis=none decodeMs=0.000 inferenceMs=0.000 localDecisionMs=0.000  requestToDeliveryMs=345.218 upstreamHeadersMs=341.429 sanitizeMs=0.110 downstreamWriteMs=2.140
09-08 01:20:55.966  3095  4640 I ChromePhotosDataPlane: phase=worker_ready correlationId=c323 admissionWaitMs=0.745
09-08 01:20:56.060  3095  4164 I ChromePhotosDataPlane: origin=real hostClass=network hostHash=935e0b482f6ac80a method=GET clientProtocol=http/1.1 upstreamProtocol=h2 status=200 contentType=application/x-javascript bytesOut=854 transfer=fixed upstreamHeadersMs=174.685 downstreamWriteMs=0.928
09-08 01:20:56.062  3095  4663 I ChromePhotosDataPlane: origin=real hostClass=network hostHash=fdbc7f1491a89ee6 method=GET clientProtocol=http/1.1 upstreamProtocol=h2 status=200 contentType=image/webp bytesIn=3438 bytesOut=3438 cache=miss decision=safe reason=model_allow source=engine probability=0.019150347 basis=None decodeMs=3.922 inferenceMs=136.509 localDecisionMs=186.637  requestToDeliveryMs=529.078 upstreamHeadersMs=336.431 sanitizeMs=189.096 downstreamWriteMs=1.052
09-08 01:20:56.062  3095  4382 I ChromePhotosDataPlane: origin=real hostClass=network hostHash=2e2e8e2b4eb0d095 method=GET clientProtocol=http/1.1 upstreamProtocol=h2 status=200 contentType=image/png bytesIn=42 bytesOut=6303 cache=miss decision=unknown reason=unsupported_gif source=error probability=-1.0 basis=none decodeMs=0.000 inferenceMs=0.000 localDecisionMs=0.000  requestToDeliveryMs=195.907 upstreamHeadersMs=170.159 sanitizeMs=23.843 downstreamWriteMs=0.648
09-08 01:20:56.109  3095  4307 I ChromePhotosDataPlane: origin=real hostClass=network hostHash=cff23f81cf11247e method=POST clientProtocol=http/1.1 upstreamProtocol=h2 status=200 contentType=application/json bytesOut=4 transfer=fixed upstreamHeadersMs=712.516 downstreamWriteMs=2.240
09-08 01:20:56.201  3095  4326 I ChromePhotosDataPlane: origin=real hostClass=network hostHash=fdbc7f1491a89ee6 method=GET clientProtocol=http/1.1 upstreamProtocol=h2 status=200 contentType=image/webp bytesIn=5252 bytesOut=5252 cache=miss decision=safe reason=model_allow source=engine probability=0.032157063 basis=None decodeMs=4.062 inferenceMs=135.214 localDecisionMs=272.390  requestToDeliveryMs=674.871 upstreamHeadersMs=344.527 sanitizeMs=326.682 downstreamWriteMs=1.155
09-08 01:20:56.499  3095  4315 I ChromePhotosDataPlane: phase=tls_ready correlationId=c319 hostClass=network hostHash=3e723b591bdb95ce clientProtocol=http/1.1 ca=ff56b2f4265f0377
09-08 01:20:56.509  3095  4590 I ChromePhotosDataPlane: phase=tls_ready correlationId=c321 hostClass=network hostHash=935e0b482f6ac80a clientProtocol=http/1.1 ca=ff56b2f4265f0377
09-08 01:20:56.514  3095  4399 I ChromePhotosDataPlane: phase=tls_ready correlationId=c320 hostClass=network hostHash=3e723b591bdb95ce clientProtocol=http/1.1 ca=ff56b2f4265f0377
09-08 01:20:56.581  3095  4315 I ChromePhotosDataPlane: phase=media_shield_document origin=real hostClass=network hostHash=3e723b591bdb95ce result=fail_closed reason=document_mime_unsupported bytesOut=41 upstreamHeadersMs=76.711 documentDecisionMs=0.054 downstreamWriteMs=1.561
09-08 01:20:56.781  3095  4440 I ChromePhotosDataPlane: phase=tls_ready correlationId=c322 hostClass=network hostHash=0843c9b16155ccbe clientProtocol=http/1.1 ca=ff56b2f4265f0377
09-08 01:20:57.035  3095  4640 I ChromePhotosDataPlane: phase=tls_ready correlationId=c323 hostClass=network hostHash=f5594fab1b035ec0 clientProtocol=http/1.1 ca=ff56b2f4265f0377
09-08 01:20:57.079  3095  4440 I ChromePhotosDataPlane: origin=real hostClass=network hostHash=0843c9b16155ccbe method=POST clientProtocol=http/1.1 upstreamProtocol=h2 status=200 contentType= bytesOut=0 transfer=fixed upstreamHeadersMs=295.537 downstreamWriteMs=0.698
09-08 01:20:57.548  3095  4640 I ChromePhotosDataPlane: origin=real hostClass=network hostHash=f5594fab1b035ec0 method=POST clientProtocol=http/1.1 upstreamProtocol=h2 status=200 contentType= bytesOut=0 transfer=fixed upstreamHeadersMs=510.795 downstreamWriteMs=0.693
09-08 01:20:59.621  3095  4601 I ChromePhotosDataPlane: phase=worker_ready correlationId=c324 admissionWaitMs=0.925
09-08 01:21:00.419  3095  4601 I ChromePhotosDataPlane: phase=tls_ready correlationId=c324 hostClass=network hostHash=fb66c9c8cfe48aef clientProtocol=http/1.1 ca=ff56b2f4265f0377
09-08 01:21:01.293  3095  4601 I ChromePhotosDataPlane: origin=real hostClass=network hostHash=fb66c9c8cfe48aef method=POST clientProtocol=http/1.1 upstreamProtocol=http/1.1 status=204 contentType= bytesOut=0 transfer=fixed upstreamHeadersMs=868.760 downstreamWriteMs=0.868
09-08 01:21:06.557  3095  4659 I ChromePhotosDataPlane: phase=worker_ready correlationId=c325 admissionWaitMs=0.355
09-08 01:21:07.391  3095  4659 I ChromePhotosDataPlane: phase=tls_ready correlationId=c325 hostClass=network hostHash=a817ab236a289c0c clientProtocol=http/1.1 ca=ff56b2f4265f0377
09-08 01:21:07.394  3095  4659 W ChromePhotosDataPlane: phase=upstream_failed correlationId=c325-r1 hostClass=network hostHash=a817ab236a289c0c responseStarted=false errorResponseWritten=true error=IOException
09-08 01:21:07.400  3095  4621 I ChromePhotosDataPlane: phase=worker_ready correlationId=c326 admissionWaitMs=0.314
09-08 01:21:07.618  3095  4600 I ChromePhotosDataPlane: phase=worker_ready correlationId=c327 admissionWaitMs=0.229
09-08 01:21:07.847  3095  4621 I ChromePhotosDataPlane: phase=tls_ready correlationId=c326 hostClass=network hostHash=97692e14df23bd64 clientProtocol=http/1.1 ca=ff56b2f4265f0377
09-08 01:21:08.234  3095  4621 I ChromePhotosDataPlane: origin=real hostClass=network hostHash=97692e14df23bd64 method=POST clientProtocol=http/1.1 upstreamProtocol=h2 status=200 contentType=application/javascript bytesOut=0 transfer=fixed upstreamHeadersMs=383.275 downstreamWriteMs=0.893
09-08 01:21:08.235  3095  4600 I ChromePhotosDataPlane: phase=tls_ready correlationId=c327 hostClass=network hostHash=191347bfe55d0ca9 clientProtocol=http/1.1 ca=ff56b2f4265f0377
09-08 01:21:08.405  3095  4600 I ChromePhotosDataPlane: origin=real hostClass=network hostHash=191347bfe55d0ca9 method=GET clientProtocol=http/1.1 upstreamProtocol=h2 status=200 contentType=application/json bytesOut=23 transfer=fixed upstreamHeadersMs=164.347 downstreamWriteMs=1.148
09-08 01:21:10.118  3095  4588 I ChromePhotosDataPlane: phase=worker_ready correlationId=c328 admissionWaitMs=0.211
09-08 01:21:10.129  3095  4373 I ChromePhotosDataPlane: phase=worker_ready correlationId=c329 admissionWaitMs=1.129
09-08 01:21:10.147  3095  4588 I ChromePhotosDataPlane: phase=tls_ready correlationId=c328 hostClass=network hostHash=191347bfe55d0ca9 clientProtocol=http/1.1 ca=ff56b2f4265f0377
09-08 01:21:10.655  3095  4373 I ChromePhotosDataPlane: phase=tls_ready correlationId=c329 hostClass=network hostHash=7df7caa0a5579e01 clientProtocol=http/1.1 ca=ff56b2f4265f0377
09-08 01:21:10.792  3095  4600 I ChromePhotosDataPlane: phase=client_disconnect direction=downstream_write correlationId=c327-r2
09-08 01:21:10.851  3095  4588 I ChromePhotosDataPlane: phase=media_shield_document origin=real hostClass=network hostHash=191347bfe55d0ca9 result=transformed documentSequence=22 navigationSequence=8 token=3f8ff44dcc23 bytesOut=1344963 upstreamHeadersMs=130.824 documentDecisionMs=217.397 downstreamWriteMs=5.879
09-08 01:21:10.910  3095  4269 I ChromePhotosDataPlane: phase=worker_ready correlationId=c330 admissionWaitMs=0.758
09-08 01:21:10.948  3095  4588 I ChromePhotosDataPlane: phase=media_shield_ready origin=same_origin result=204 bytesOut=0
09-08 01:21:10.966  3095  4588 I ChromePhotosDataPlane: phase=media_shield_ready origin=same_origin result=204 bytesOut=0
09-08 01:21:10.983  3095  4588 I ChromePhotosDataPlane: phase=media_shield_ready origin=same_origin result=204 bytesOut=0
09-08 01:21:11.024  3095  4328 I ChromePhotosDataPlane: phase=worker_ready correlationId=c331 admissionWaitMs=0.600
09-08 01:21:11.205  3095  4616 I ChromePhotosDataPlane: phase=worker_ready correlationId=c332 admissionWaitMs=0.205
09-08 01:21:11.211  3095  4320 I ChromePhotosDataPlane: phase=worker_ready correlationId=c333 admissionWaitMs=0.459
09-08 01:21:11.226  3095  4599 I ChromePhotosDataPlane: phase=worker_ready correlationId=c334 admissionWaitMs=0.548
09-08 01:21:11.291  3095  4269 I ChromePhotosDataPlane: phase=tls_ready correlationId=c330 hostClass=network hostHash=685eae6637200805 clientProtocol=http/1.1 ca=ff56b2f4265f0377
09-08 01:21:11.472  3095  4269 I ChromePhotosDataPlane: origin=real hostClass=network hostHash=685eae6637200805 method=GET clientProtocol=http/1.1 upstreamProtocol=h2 status=302 contentType= bytesIn=0 bytesOut=0 cache=miss decision=passthrough  requestToDeliveryMs=179.246 upstreamHeadersMs=177.312 sanitizeMs=0.405 downstreamWriteMs=0.378
09-08 01:21:11.503  3095  4148 I ChromePhotosDataPlane: phase=worker_ready correlationId=c335 admissionWaitMs=0.433
09-08 01:21:11.784  3095  4328 I ChromePhotosDataPlane: phase=tls_ready correlationId=c331 hostClass=network hostHash=c350913878bceb2f clientProtocol=http/1.1 ca=ff56b2f4265f0377
09-08 01:21:11.806  3095  4588 I ChromePhotosDataPlane: origin=real hostClass=network hostHash=191347bfe55d0ca9 method=GET clientProtocol=http/1.1 upstreamProtocol=h2 status=200 contentType=image/webp bytesIn=2070 bytesOut=2070 cache=miss decision=safe reason=model_allow source=engine probability=0.093275934 basis=None decodeMs=16.415 inferenceMs=650.713 localDecisionMs=671.131  requestToDeliveryMs=733.753 upstreamHeadersMs=57.569 sanitizeMs=673.194 downstreamWriteMs=1.171
09-08 01:21:12.104  3095  4616 I ChromePhotosDataPlane: phase=tls_ready correlationId=c332 hostClass=network hostHash=a43675776202b206 clientProtocol=http/1.1 ca=ff56b2f4265f0377
09-08 01:21:12.109  3095  4599 I ChromePhotosDataPlane: phase=tls_ready correlationId=c334 hostClass=network hostHash=a43675776202b206 clientProtocol=http/1.1 ca=ff56b2f4265f0377
09-08 01:21:12.112  3095  4320 I ChromePhotosDataPlane: phase=tls_ready correlationId=c333 hostClass=network hostHash=a43675776202b206 clientProtocol=http/1.1 ca=ff56b2f4265f0377
09-08 01:21:12.153  3095  4418 I ChromePhotosDataPlane: phase=worker_ready correlationId=c336 admissionWaitMs=0.213
09-08 01:21:12.164  3095  4233 I ChromePhotosDataPlane: phase=worker_ready correlationId=c337 admissionWaitMs=0.576
09-08 01:21:12.167  3095  4328 I ChromePhotosDataPlane: origin=real hostClass=network hostHash=c350913878bceb2f method=GET clientProtocol=http/1.1 upstreamProtocol=h2 status=200 contentType=application/json bytesOut=55 transfer=fixed upstreamHeadersMs=377.471 downstreamWriteMs=0.345
09-08 01:21:12.181  3095  4383 I ChromePhotosDataPlane: phase=worker_ready correlationId=c338 admissionWaitMs=2.010
09-08 01:21:12.183  3095  4442 I ChromePhotosDataPlane: phase=worker_ready correlationId=c339 admissionWaitMs=0.270
09-08 01:21:12.273  3095  4588 I ChromePhotosDataPlane: origin=real hostClass=network hostHash=191347bfe55d0ca9 method=GET clientProtocol=http/1.1 upstreamProtocol=h2 status=204 contentType=text/css bytesIn=0 bytesOut=0 cache=miss decision=passthrough  requestToDeliveryMs=80.398 upstreamHeadersMs=79.142 sanitizeMs=0.028 downstreamWriteMs=0.263
09-08 01:21:12.330  3095  4329 I ChromePhotosDataPlane: phase=worker_ready correlationId=c340 admissionWaitMs=0.237
09-08 01:21:12.351  3095  4588 I ChromePhotosDataPlane: origin=real hostClass=network hostHash=191347bfe55d0ca9 method=POST clientProtocol=http/1.1 upstreamProtocol=h2 status=204 contentType=text/html bytesOut=0 transfer=fixed upstreamHeadersMs=71.905 downstreamWriteMs=0.335
09-08 01:21:12.367  3095  4378 I ChromePhotosDataPlane: phase=worker_ready correlationId=c341 admissionWaitMs=0.232
09-08 01:21:12.536  3095  4588 I ChromePhotosDataPlane: origin=real hostClass=network hostHash=191347bfe55d0ca9 method=POST clientProtocol=http/1.1 upstreamProtocol=h2 status=204 contentType=text/html bytesOut=0 transfer=fixed upstreamHeadersMs=57.166 downstreamWriteMs=0.317
09-08 01:21:12.619  3095  4588 I ChromePhotosDataPlane: origin=real hostClass=network hostHash=191347bfe55d0ca9 method=POST clientProtocol=http/1.1 upstreamProtocol=h2 status=204 contentType=text/html bytesOut=0 transfer=fixed upstreamHeadersMs=64.065 downstreamWriteMs=0.411
09-08 01:21:12.683  3095  4314 I ChromePhotosDataPlane: phase=worker_ready correlationId=c342 admissionWaitMs=0.833
09-08 01:21:12.740  3095  4588 I ChromePhotosDataPlane: origin=real hostClass=network hostHash=191347bfe55d0ca9 method=POST clientProtocol=http/1.1 upstreamProtocol=h2 status=204 contentType=text/html bytesOut=0 transfer=fixed upstreamHeadersMs=56.053 downstreamWriteMs=0.362
09-08 01:21:12.741  3095  4165 I ChromePhotosDataPlane: phase=worker_ready correlationId=c343 admissionWaitMs=0.255
09-08 01:21:12.822  3095  4148 I ChromePhotosDataPlane: phase=tls_ready correlationId=c335 hostClass=network hostHash=bf52830e11f43bb6 clientProtocol=http/1.1 ca=ff56b2f4265f0377
09-08 01:21:13.134  3095  4148 I ChromePhotosDataPlane: origin=real hostClass=network hostHash=bf52830e11f43bb6 method=GET clientProtocol=http/1.1 upstreamProtocol=h2 status=200 contentType=image/png bytesIn=719 bytesOut=719 cache=miss decision=safe reason=model_allow source=engine probability=0.039679587 basis=None decodeMs=2.790 inferenceMs=137.918 localDecisionMs=141.355  requestToDeliveryMs=310.595 upstreamHeadersMs=165.035 sanitizeMs=141.992 downstreamWriteMs=0.940
09-08 01:21:13.241  3095  4408 I ChromePhotosDataPlane: phase=worker_ready correlationId=c344 admissionWaitMs=0.296
09-08 01:21:13.317  3095  4213 I ChromePhotosDataPlane: phase=worker_ready correlationId=c345 admissionWaitMs=0.223
09-08 01:21:13.419  3095  4418 I ChromePhotosDataPlane: phase=tls_ready correlationId=c336 hostClass=network hostHash=531c0c97f236d51c clientProtocol=http/1.1 ca=ff56b2f4265f0377
09-08 01:21:13.576  3095  4418 I ChromePhotosDataPlane: origin=real hostClass=network hostHash=531c0c97f236d51c method=GET clientProtocol=http/1.1 upstreamProtocol=h2 status=204 contentType=text/css bytesIn=0 bytesOut=0 cache=miss decision=passthrough  requestToDeliveryMs=155.939 upstreamHeadersMs=153.581 sanitizeMs=0.075 downstreamWriteMs=0.575
09-08 01:21:13.843  3095  4661 I ChromePhotosDataPlane: phase=worker_ready correlationId=c346 admissionWaitMs=0.370
09-08 01:21:13.881  3095  4588 I ChromePhotosDataPlane: origin=real hostClass=network hostHash=191347bfe55d0ca9 method=GET clientProtocol=http/1.1 upstreamProtocol=h2 status=200 contentType=application/json bytesOut=6215 transfer=fixed upstreamHeadersMs=83.225 downstreamWriteMs=0.583
09-08 01:21:13.895  3095  4442 I ChromePhotosDataPlane: phase=tls_ready correlationId=c339 hostClass=network hostHash=191347bfe55d0ca9 clientProtocol=http/1.1 ca=ff56b2f4265f0377
09-08 01:21:13.897  3095  4233 I ChromePhotosDataPlane: phase=tls_ready correlationId=c337 hostClass=network hostHash=a599aeb3c7c1dfa5 clientProtocol=http/1.1 ca=ff56b2f4265f0377
09-08 01:21:13.906  3095  4383 I ChromePhotosDataPlane: phase=tls_ready correlationId=c338 hostClass=network hostHash=a599aeb3c7c1dfa5 clientProtocol=http/1.1 ca=ff56b2f4265f0377
09-08 01:21:13.996  3095  4588 I ChromePhotosDataPlane: origin=real hostClass=network hostHash=191347bfe55d0ca9 method=POST clientProtocol=http/1.1 upstreamProtocol=h2 status=200 contentType=application/json bytesOut=182 transfer=chunked upstreamHeadersMs=104.206 downstreamWriteMs=0.327
09-08 01:21:13.996  3095  4442 I ChromePhotosDataPlane: origin=real hostClass=network hostHash=191347bfe55d0ca9 method=GET clientProtocol=http/1.1 upstreamProtocol=h2 status=200 contentType=application/json bytesOut=1094 transfer=fixed upstreamHeadersMs=83.143 downstreamWriteMs=0.320
09-08 01:21:14.039  3095  4233 I ChromePhotosDataPlane: origin=real hostClass=network hostHash=a599aeb3c7c1dfa5 method=GET clientProtocol=http/1.1 upstreamProtocol=h2 status=204 contentType=text/html bytesIn=0 bytesOut=0 cache=miss decision=passthrough  requestToDeliveryMs=140.431 upstreamHeadersMs=138.365 sanitizeMs=0.055 downstreamWriteMs=0.498
09-08 01:21:14.057  3095  4383 I ChromePhotosDataPlane: origin=real hostClass=network hostHash=a599aeb3c7c1dfa5 method=GET clientProtocol=http/1.1 upstreamProtocol=h2 status=204 contentType=text/html bytesIn=0 bytesOut=0 cache=miss decision=passthrough  requestToDeliveryMs=150.724 upstreamHeadersMs=149.619 sanitizeMs=0.017 downstreamWriteMs=0.252
09-08 01:21:14.132  3095  4329 I ChromePhotosDataPlane: phase=tls_ready correlationId=c340 hostClass=network hostHash=abf8fbf760ef2a86 clientProtocol=http/1.1 ca=ff56b2f4265f0377
09-08 01:21:14.154  3095  4583 I ChromePhotosDataPlane: phase=worker_ready correlationId=c347 admissionWaitMs=0.305
09-08 01:21:14.433  3095  4329 I ChromePhotosDataPlane: origin=real hostClass=network hostHash=abf8fbf760ef2a86 method=GET clientProtocol=http/1.1 upstreamProtocol=h2 status=200 contentType=image/png bytesIn=0 bytesOut=6303 cache=miss decision=unknown reason=encoded_image_unsupported source=error probability=-1.0 basis=none decodeMs=0.000 inferenceMs=0.000 localDecisionMs=0.000  requestToDeliveryMs=300.343 upstreamHeadersMs=299.073 sanitizeMs=0.050 downstreamWriteMs=0.384
09-08 01:21:14.771  3095  4378 I ChromePhotosDataPlane: phase=tls_ready correlationId=c341 hostClass=network hostHash=73a1220668a1b571 clientProtocol=http/1.1 ca=ff56b2f4265f0377
09-08 01:21:14.852  3095  4442 I ChromePhotosDataPlane: phase=media_shield_document origin=real hostClass=network hostHash=191347bfe55d0ca9 result=transformed documentSequence=23 navigationSequence=9 token=1b504e000a9c bytesOut=989003 upstreamHeadersMs=71.241 documentDecisionMs=193.771 downstreamWriteMs=5.887
09-08 01:21:14.961  3095  4442 I ChromePhotosDataPlane: phase=media_shield_ready origin=same_origin result=204 bytesOut=0
09-08 01:21:14.965  3095  4314 I ChromePhotosDataPlane: phase=tls_ready correlationId=c342 hostClass=network hostHash=2af0325dd2f347c9 clientProtocol=http/1.1 ca=ff56b2f4265f0377
09-08 01:21:14.973  3095  4442 I ChromePhotosDataPlane: phase=media_shield_ready origin=same_origin result=204 bytesOut=0
09-08 01:21:14.984  3095  4442 I ChromePhotosDataPlane: phase=media_shield_ready origin=same_origin result=204 bytesOut=0
09-08 01:21:15.095  3095  4378 I ChromePhotosDataPlane: phase=client_disconnect direction=downstream_write correlationId=c341-r1
09-08 01:21:15.130  3095  4442 I ChromePhotosDataPlane: origin=real hostClass=network hostHash=191347bfe55d0ca9 method=GET clientProtocol=http/1.1 upstreamProtocol=h2 status=200 contentType=image/webp bytesIn=2070 bytesOut=2070 cache=hit decision=safe reason=model_allow source=cache probability=0.093275934 basis=None decodeMs=0.000 inferenceMs=0.000 localDecisionMs=0.040  requestToDeliveryMs=61.847 upstreamHeadersMs=57.161 sanitizeMs=0.861 downstreamWriteMs=1.332
09-08 01:21:15.147  3095  4269 I ChromePhotosDataPlane: origin=real hostClass=network hostHash=685eae6637200805 method=GET clientProtocol=http/1.1 upstreamProtocol=h2 status=302 contentType= bytesIn=0 bytesOut=0 cache=miss decision=passthrough  requestToDeliveryMs=194.971 upstreamHeadersMs=190.919 sanitizeMs=0.774 downstreamWriteMs=1.302
09-08 01:21:15.331  3095  4165 I ChromePhotosDataPlane: phase=tls_ready correlationId=c343 hostClass=network hostHash=eaadc6f5c45b9f47 clientProtocol=http/1.1 ca=ff56b2f4265f0377
09-08 01:21:15.337  3095  4408 I ChromePhotosDataPlane: phase=tls_ready correlationId=c344 hostClass=network hostHash=191347bfe55d0ca9 clientProtocol=http/1.1 ca=ff56b2f4265f0377
09-08 01:21:15.355  3095  4148 I ChromePhotosDataPlane: origin=real hostClass=network hostHash=bf52830e11f43bb6 method=GET clientProtocol=http/1.1 upstreamProtocol=h2 status=200 contentType=image/png bytesIn=719 bytesOut=719 cache=hit decision=safe reason=model_allow source=cache probability=0.039679587 basis=None decodeMs=0.000 inferenceMs=0.000 localDecisionMs=0.059  requestToDeliveryMs=192.660 upstreamHeadersMs=188.532 sanitizeMs=0.978 downstreamWriteMs=1.221
09-08 01:21:15.439  3095  4442 I ChromePhotosDataPlane: origin=real hostClass=network hostHash=191347bfe55d0ca9 method=POST clientProtocol=http/1.1 upstreamProtocol=h2 status=204 contentType=text/html bytesOut=0 transfer=fixed upstreamHeadersMs=52.884 downstreamWriteMs=0.666
09-08 01:21:15.515  3095  4165 I ChromePhotosDataPlane: origin=real hostClass=network hostHash=eaadc6f5c45b9f47 method=OPTIONS clientProtocol=http/1.1 upstreamProtocol=h2 status=200 contentType=text/html bytesOut=0 transfer=fixed upstreamHeadersMs=177.854 downstreamWriteMs=1.076
09-08 01:21:15.594  3095  4442 I ChromePhotosDataPlane: origin=real hostClass=network hostHash=191347bfe55d0ca9 method=POST clientProtocol=http/1.1 upstreamProtocol=h2 status=204 contentType=text/html bytesOut=0 transfer=fixed upstreamHeadersMs=55.594 downstreamWriteMs=2.526
09-08 01:21:15.625  3095  4588 I ChromePhotosDataPlane: origin=real hostClass=network hostHash=191347bfe55d0ca9 method=POST clientProtocol=http/1.1 upstreamProtocol=h2 status=204 contentType=text/html bytesOut=0 transfer=fixed upstreamHeadersMs=77.570 downstreamWriteMs=0.637
09-08 01:21:15.679  3095  4442 I ChromePhotosDataPlane: origin=real hostClass=network hostHash=191347bfe55d0ca9 method=POST clientProtocol=http/1.1 upstreamProtocol=h2 status=204 contentType=text/html bytesOut=0 transfer=fixed upstreamHeadersMs=52.491 downstreamWriteMs=0.645
09-08 01:21:15.695  3095  4588 I ChromePhotosDataPlane: origin=real hostClass=network hostHash=191347bfe55d0ca9 method=POST clientProtocol=http/1.1 upstreamProtocol=h2 status=204 contentType=text/html bytesOut=0 transfer=fixed upstreamHeadersMs=54.557 downstreamWriteMs=0.761
09-08 01:21:15.714  3095  4570 I ChromePhotosDataPlane: phase=worker_ready correlationId=c348 admissionWaitMs=0.304
09-08 01:21:15.763  3095  4442 I ChromePhotosDataPlane: origin=real hostClass=network hostHash=191347bfe55d0ca9 method=POST clientProtocol=http/1.1 upstreamProtocol=h2 status=204 contentType=text/html bytesOut=0 transfer=fixed upstreamHeadersMs=77.151 downstreamWriteMs=0.603
09-08 01:21:15.779  3095  4588 I ChromePhotosDataPlane: origin=real hostClass=network hostHash=191347bfe55d0ca9 method=POST clientProtocol=http/1.1 upstreamProtocol=h2 status=204 contentType=text/html bytesOut=0 transfer=fixed upstreamHeadersMs=68.266 downstreamWriteMs=0.801
09-08 01:21:15.850  3095  4442 I ChromePhotosDataPlane: origin=real hostClass=network hostHash=191347bfe55d0ca9 method=POST clientProtocol=http/1.1 upstreamProtocol=h2 status=204 contentType=text/html bytesOut=0 transfer=fixed upstreamHeadersMs=75.858 downstreamWriteMs=0.695
09-08 01:21:15.858  3095  4455 I ChromePhotosDataPlane: phase=worker_ready correlationId=c349 admissionWaitMs=0.516
09-08 01:21:15.927  3095  4408 I ChromePhotosDataPlane: origin=real hostClass=network hostHash=191347bfe55d0ca9 method=GET clientProtocol=http/1.1 upstreamProtocol=h2 status=200 contentType=image/png bytesIn=0 bytesOut=6303 cache=miss decision=unknown reason=encoded_image_unsupported source=error probability=-1.0 basis=none decodeMs=0.000 inferenceMs=0.000 localDecisionMs=0.000  requestToDeliveryMs=24.459 upstreamHeadersMs=21.657 sanitizeMs=0.165 downstreamWriteMs=0.938
09-08 01:21:16.010  3095  4661 I ChromePhotosDataPlane: phase=tls_ready correlationId=c346 hostClass=network hostHash=191347bfe55d0ca9 clientProtocol=http/1.1 ca=ff56b2f4265f0377
09-08 01:21:16.013  3095  4570 I ChromePhotosDataPlane: phase=tls_ready correlationId=c348 hostClass=network hostHash=191347bfe55d0ca9 clientProtocol=http/1.1 ca=ff56b2f4265f0377
09-08 01:21:16.014  3095  4455 I ChromePhotosDataPlane: phase=tls_ready correlationId=c349 hostClass=network hostHash=eaadc6f5c45b9f47 clientProtocol=http/1.1 ca=ff56b2f4265f0377
09-08 01:21:16.015  3095  4213 I ChromePhotosDataPlane: phase=tls_ready correlationId=c345 hostClass=network hostHash=8e08d6d89d17a981 clientProtocol=http/1.1 ca=ff56b2f4265f0377
09-08 01:21:16.016  3095  4583 I ChromePhotosDataPlane: phase=tls_ready correlationId=c347 hostClass=network hostHash=8e08d6d89d17a981 clientProtocol=http/1.1 ca=ff56b2f4265f0377
09-08 01:21:16.037  3095  4442 I ChromePhotosDataPlane: origin=real hostClass=network hostHash=191347bfe55d0ca9 method=GET clientProtocol=http/1.1 upstreamProtocol=h2 status=200 contentType=application/json bytesOut=182 transfer=fixed upstreamHeadersMs=74.107 downstreamWriteMs=1.138
09-08 01:21:16.072  3095  4589 I ChromePhotosDataPlane: phase=worker_ready correlationId=c350 admissionWaitMs=0.747
09-08 01:21:16.092  3095  4455 I ChromePhotosDataPlane: origin=real hostClass=network hostHash=eaadc6f5c45b9f47 method=POST clientProtocol=http/1.1 upstreamProtocol=h2 status=200 contentType=application/json+protobuf bytesOut=39 transfer=fixed upstreamHeadersMs=70.726 downstreamWriteMs=1.708
09-08 01:21:16.098  3095  4589 I ChromePhotosDataPlane: phase=tls_ready correlationId=c350 hostClass=network hostHash=73a1220668a1b571 clientProtocol=http/1.1 ca=ff56b2f4265f0377
09-08 01:21:16.103  3095  4662 I ChromePhotosDataPlane: phase=worker_ready correlationId=c351 admissionWaitMs=0.592
09-08 01:21:16.104  3095  4417 I ChromePhotosDataPlane: phase=worker_ready correlationId=c352 admissionWaitMs=0.228
09-08 01:21:16.106  3095  4591 I ChromePhotosDataPlane: phase=worker_ready correlationId=c353 admissionWaitMs=0.527
09-08 01:21:16.108  3095  4327 I ChromePhotosDataPlane: phase=worker_ready correlationId=c354 admissionWaitMs=1.348
09-08 01:21:16.131  3095  4417 I ChromePhotosDataPlane: phase=tls_ready correlationId=c352 hostClass=network hostHash=73a1220668a1b571 clientProtocol=http/1.1 ca=ff56b2f4265f0377
09-08 01:21:16.132  3095  4662 I ChromePhotosDataPlane: phase=tls_ready correlationId=c351 hostClass=network hostHash=73a1220668a1b571 clientProtocol=http/1.1 ca=ff56b2f4265f0377
09-08 01:21:16.134  3095  4591 I ChromePhotosDataPlane: phase=tls_ready correlationId=c353 hostClass=network hostHash=73a1220668a1b571 clientProtocol=http/1.1 ca=ff56b2f4265f0377
09-08 01:21:16.139  3095  4327 I ChromePhotosDataPlane: phase=tls_ready correlationId=c354 hostClass=network hostHash=73a1220668a1b571 clientProtocol=http/1.1 ca=ff56b2f4265f0377
09-08 01:21:16.170  3095  4213 I ChromePhotosDataPlane: origin=real hostClass=network hostHash=8e08d6d89d17a981 method=OPTIONS clientProtocol=http/1.1 upstreamProtocol=h2 status=200 contentType=text/plain bytesOut=0 transfer=fixed upstreamHeadersMs=150.801 downstreamWriteMs=0.833
09-08 01:21:16.171  3095  4583 I ChromePhotosDataPlane: origin=real hostClass=network hostHash=8e08d6d89d17a981 method=OPTIONS clientProtocol=http/1.1 upstreamProtocol=h2 status=200 contentType=text/plain bytesOut=0 transfer=fixed upstreamHeadersMs=151.198 downstreamWriteMs=0.784
09-08 01:21:16.304  3095  4589 I ChromePhotosDataPlane: origin=real hostClass=network hostHash=73a1220668a1b571 method=GET clientProtocol=http/1.1 upstreamProtocol=h2 status=200 contentType=image/png bytesIn=15691 bytesOut=6303 cache=miss decision=block reason=model_filter source=engine probability=0.9654819 basis=FullStrong decodeMs=5.685 inferenceMs=144.820 localDecisionMs=151.771  requestToDeliveryMs=186.168 upstreamHeadersMs=24.363 sanitizeMs=158.304 downstreamWriteMs=0.963
09-08 01:21:16.447  3095  4442 I ChromePhotosDataPlane: phase=media_shield_ready origin=same_origin result=200 bytesOut=17811
09-08 01:21:16.459  3095  4591 I ChromePhotosDataPlane: origin=real hostClass=network hostHash=73a1220668a1b571 method=GET clientProtocol=http/1.1 upstreamProtocol=h2 status=200 contentType=image/png bytesIn=24837 bytesOut=6303 cache=miss decision=block reason=model_filter source=engine probability=0.73312503 basis=FullThreshold decodeMs=4.807 inferenceMs=148.729 localDecisionMs=275.219  requestToDeliveryMs=322.761 upstreamHeadersMs=31.158 sanitizeMs=287.967 downstreamWriteMs=2.257
09-08 01:21:16.656  3095  4662 I ChromePhotosDataPlane: origin=real hostClass=network hostHash=73a1220668a1b571 method=GET clientProtocol=http/1.1 upstreamProtocol=h2 status=200 contentType=image/png bytesIn=35827 bytesOut=6303 cache=miss decision=block reason=model_filter source=engine probability=0.9827297 basis=FullStrong decodeMs=3.881 inferenceMs=192.020 localDecisionMs=347.981  requestToDeliveryMs=517.895 upstreamHeadersMs=41.202 sanitizeMs=471.429 downstreamWriteMs=2.948
09-08 01:21:16.760  3095  4653 I ChromePhotosDataPlane: phase=worker_ready correlationId=c355 admissionWaitMs=0.235
09-08 01:21:16.792  3095  4653 I ChromePhotosDataPlane: phase=tls_ready correlationId=c355 hostClass=network hostHash=73a1220668a1b571 clientProtocol=http/1.1 ca=ff56b2f4265f0377
09-08 01:21:16.799  3095  4417 I ChromePhotosDataPlane: origin=real hostClass=network hostHash=73a1220668a1b571 method=GET clientProtocol=http/1.1 upstreamProtocol=h2 status=200 contentType=image/png bytesIn=39839 bytesOut=6303 cache=miss decision=block reason=model_filter source=engine probability=0.925529 basis=FullThreshold decodeMs=3.604 inferenceMs=142.102 localDecisionMs=339.524  requestToDeliveryMs=663.564 upstreamHeadersMs=59.197 sanitizeMs=602.883 downstreamWriteMs=0.491
09-08 01:21:16.841  3095  4407 I ChromePhotosDataPlane: phase=worker_ready correlationId=c356 admissionWaitMs=0.233
09-08 01:21:16.875  3095  4407 I ChromePhotosDataPlane: phase=tls_ready correlationId=c356 hostClass=network hostHash=8e08d6d89d17a981 clientProtocol=http/1.1 ca=ff56b2f4265f0377
09-08 01:21:16.938  3095  4407 I ChromePhotosDataPlane: origin=real hostClass=network hostHash=8e08d6d89d17a981 method=POST clientProtocol=http/1.1 upstreamProtocol=h2 status=200 contentType=image/png bytesIn=0 bytesOut=6303 cache=miss decision=unknown reason=encoded_image_unsupported source=error probability=-1.0 basis=none decodeMs=0.000 inferenceMs=0.000 localDecisionMs=0.000  requestToDeliveryMs=61.943 upstreamHeadersMs=60.214 sanitizeMs=0.072 downstreamWriteMs=0.662
09-08 01:21:16.946  3095  4327 I ChromePhotosDataPlane: origin=real hostClass=network hostHash=73a1220668a1b571 method=GET clientProtocol=http/1.1 upstreamProtocol=h2 status=200 contentType=image/png bytesIn=20220 bytesOut=6303 cache=miss decision=block reason=model_filter source=engine probability=0.87784976 basis=FullThreshold decodeMs=3.703 inferenceMs=141.228 localDecisionMs=292.021  requestToDeliveryMs=805.674 upstreamHeadersMs=66.314 sanitizeMs=738.041 downstreamWriteMs=0.395
09-08 01:21:17.102  3095  4591 I ChromePhotosDataPlane: origin=real hostClass=network hostHash=73a1220668a1b571 method=GET clientProtocol=http/1.1 upstreamProtocol=h2 status=200 contentType=image/png bytesIn=17264 bytesOut=6303 cache=miss decision=block reason=model_filter source=engine probability=0.7435045 basis=FullThreshold decodeMs=7.167 inferenceMs=141.625 localDecisionMs=294.876  requestToDeliveryMs=395.111 upstreamHeadersMs=24.593 sanitizeMs=362.210 downstreamWriteMs=3.603
09-08 01:21:17.242  3095  4662 I ChromePhotosDataPlane: origin=real hostClass=network hostHash=73a1220668a1b571 method=GET clientProtocol=http/1.1 upstreamProtocol=h2 status=200 contentType=image/png bytesIn=13714 bytesOut=6303 cache=miss decision=block reason=model_filter source=engine probability=0.7897574 basis=FullThreshold decodeMs=3.489 inferenceMs=139.512 localDecisionMs=292.320  requestToDeliveryMs=534.225 upstreamHeadersMs=50.096 sanitizeMs=478.401 downstreamWriteMs=3.083
09-08 01:21:17.385  3095  4589 I ChromePhotosDataPlane: origin=real hostClass=network hostHash=73a1220668a1b571 method=GET clientProtocol=http/1.1 upstreamProtocol=h2 status=200 contentType=image/png bytesIn=5519 bytesOut=6303 cache=miss decision=block reason=model_filter source=engine probability=0.9602499 basis=FullStrong decodeMs=2.926 inferenceMs=139.873 localDecisionMs=283.552  requestToDeliveryMs=622.086 upstreamHeadersMs=42.694 sanitizeMs=575.325 downstreamWriteMs=2.424
09-08 01:21:17.405  3095  4639 I ChromePhotosDataPlane: phase=worker_ready correlationId=c357 admissionWaitMs=0.797
09-08 01:21:17.413  3095  4374 I ChromePhotosDataPlane: phase=worker_ready correlationId=c358 admissionWaitMs=0.188
09-08 01:21:17.528  3095  4653 I ChromePhotosDataPlane: origin=real hostClass=network hostHash=73a1220668a1b571 method=GET clientProtocol=http/1.1 upstreamProtocol=h2 status=200 contentType=image/png bytesIn=15914 bytesOut=6303 cache=miss decision=block reason=model_filter source=engine probability=0.6643672 basis=FullThreshold decodeMs=3.424 inferenceMs=141.168 localDecisionMs=286.067  requestToDeliveryMs=733.905 upstreamHeadersMs=32.498 sanitizeMs=697.347 downstreamWriteMs=0.882
09-08 01:21:17.668  3095  4417 I ChromePhotosDataPlane: origin=real hostClass=network hostHash=73a1220668a1b571 method=GET clientProtocol=http/1.1 upstreamProtocol=h2 status=200 contentType=image/png bytesIn=20137 bytesOut=6303 cache=miss decision=block reason=model_filter source=engine probability=0.6114905 basis=FullThreshold decodeMs=3.592 inferenceMs=135.278 localDecisionMs=281.370  requestToDeliveryMs=813.347 upstreamHeadersMs=30.746 sanitizeMs=780.028 downstreamWriteMs=1.049
09-08 01:21:17.780  3095  4442 I ChromePhotosDataPlane: origin=real hostClass=network hostHash=191347bfe55d0ca9 method=POST clientProtocol=http/1.1 upstreamProtocol=h2 status=204 contentType=text/html bytesOut=0 transfer=fixed upstreamHeadersMs=58.622 downstreamWriteMs=0.632
09-08 01:21:17.801  3095  4588 I ChromePhotosDataPlane: origin=real hostClass=network hostHash=191347bfe55d0ca9 method=POST clientProtocol=http/1.1 upstreamProtocol=h2 status=204 contentType=text/html bytesOut=0 transfer=fixed upstreamHeadersMs=74.687 downstreamWriteMs=0.825
09-08 01:21:17.807  3095  4653 I ChromePhotosDataPlane: origin=real hostClass=network hostHash=73a1220668a1b571 method=GET clientProtocol=http/1.1 upstreamProtocol=h2 status=200 contentType=image/png bytesIn=35000 bytesOut=6303 cache=miss decision=block reason=model_filter source=engine probability=0.5233759 basis=FullThreshold decodeMs=3.790 inferenceMs=136.574 localDecisionMs=193.912  requestToDeliveryMs=229.204 upstreamHeadersMs=26.002 sanitizeMs=198.949 downstreamWriteMs=0.465
09-08 01:21:17.856  3095  4374 I ChromePhotosDataPlane: phase=tls_ready correlationId=c358 hostClass=network hostHash=3eac1e980287c7ce clientProtocol=http/1.1 ca=ff56b2f4265f0377
09-08 01:21:17.864  3095  4639 I ChromePhotosDataPlane: phase=tls_ready correlationId=c357 hostClass=network hostHash=3eac1e980287c7ce clientProtocol=http/1.1 ca=ff56b2f4265f0377
09-08 01:21:17.871  3095  4442 I ChromePhotosDataPlane: origin=real hostClass=network hostHash=191347bfe55d0ca9 method=POST clientProtocol=http/1.1 upstreamProtocol=h2 status=204 contentType=text/html bytesOut=0 transfer=fixed upstreamHeadersMs=59.734 downstreamWriteMs=0.719
09-08 01:21:17.961  3095  4662 I ChromePhotosDataPlane: origin=real hostClass=network hostHash=73a1220668a1b571 method=GET clientProtocol=http/1.1 upstreamProtocol=h2 status=200 contentType=image/jpeg bytesIn=22687 bytesOut=22687 cache=miss decision=safe reason=model_allow source=engine probability=0.24231777 basis=None decodeMs=3.621 inferenceMs=149.314 localDecisionMs=292.911  requestToDeliveryMs=383.112 upstreamHeadersMs=47.165 sanitizeMs=331.913 downstreamWriteMs=0.979
09-08 01:21:18.110  3095  4589 I ChromePhotosDataPlane: origin=real hostClass=network hostHash=73a1220668a1b571 method=GET clientProtocol=http/1.1 upstreamProtocol=h2 status=200 contentType=image/png bytesIn=20181 bytesOut=6303 cache=miss decision=block reason=model_filter source=engine probability=0.65554607 basis=FullThreshold decodeMs=4.631 inferenceMs=140.926 localDecisionMs=295.351  requestToDeliveryMs=531.665 upstreamHeadersMs=52.036 sanitizeMs=472.384 downstreamWriteMs=2.240
09-08 01:21:18.253  3095  4417 I ChromePhotosDataPlane: origin=real hostClass=network hostHash=73a1220668a1b571 method=GET clientProtocol=http/1.1 upstreamProtocol=h2 status=200 contentType=image/png bytesIn=21723 bytesOut=6303 cache=miss decision=block reason=model_filter source=engine probability=0.6790361 basis=FullThreshold decodeMs=4.528 inferenceMs=141.515 localDecisionMs=289.351  requestToDeliveryMs=538.086 upstreamHeadersMs=31.974 sanitizeMs=503.437 downstreamWriteMs=0.495
09-08 01:21:18.259  3095  4639 I ChromePhotosDataPlane: origin=real hostClass=network hostHash=3eac1e980287c7ce method=GET clientProtocol=http/1.1 upstreamProtocol=h2 status=200 contentType=image/png bytesIn=37 bytesOut=6303 cache=miss decision=unknown reason=unsupported_gif source=error probability=-1.0 basis=none decodeMs=0.000 inferenceMs=0.000 localDecisionMs=0.000  requestToDeliveryMs=392.253 upstreamHeadersMs=183.284 sanitizeMs=202.227 downstreamWriteMs=0.466
09-08 01:21:18.260  3095  4374 I ChromePhotosDataPlane: origin=real hostClass=network hostHash=3eac1e980287c7ce method=GET clientProtocol=http/1.1 upstreamProtocol=h2 status=200 contentType=image/png bytesIn=37 bytesOut=6303 cache=miss decision=unknown reason=unsupported_gif source=error probability=-1.0 basis=none decodeMs=0.000 inferenceMs=0.000 localDecisionMs=0.000  requestToDeliveryMs=403.521 upstreamHeadersMs=195.712 sanitizeMs=201.866 downstreamWriteMs=2.855
09-08 01:21:18.400  3095  4662 I ChromePhotosDataPlane: origin=real hostClass=network hostHash=73a1220668a1b571 method=GET clientProtocol=http/1.1 upstreamProtocol=h2 status=200 contentType=image/png bytesIn=2179 bytesOut=2179 cache=miss decision=safe reason=model_allow source=engine probability=0.019421458 basis=None decodeMs=3.059 inferenceMs=142.102 localDecisionMs=287.579  requestToDeliveryMs=419.746 upstreamHeadersMs=21.781 sanitizeMs=394.588 downstreamWriteMs=1.179
09-08 01:21:18.541  3095  4653 I ChromePhotosDataPlane: origin=real hostClass=network hostHash=73a1220668a1b571 method=GET clientProtocol=http/1.1 upstreamProtocol=h2 status=200 contentType=image/png bytesIn=23542 bytesOut=6303 cache=miss decision=block reason=model_filter source=engine probability=0.94419074 basis=FullThreshold decodeMs=3.864 inferenceMs=138.274 localDecisionMs=281.992  requestToDeliveryMs=510.538 upstreamHeadersMs=26.135 sanitizeMs=482.930 downstreamWriteMs=0.500
09-08 01:21:18.682  3095  4589 I ChromePhotosDataPlane: origin=real hostClass=network hostHash=73a1220668a1b571 method=GET clientProtocol=http/1.1 upstreamProtocol=h2 status=200 contentType=image/png bytesIn=20020 bytesOut=6303 cache=miss decision=block reason=model_filter source=engine probability=0.41507128 basis=FullThreshold decodeMs=3.333 inferenceMs=137.247 localDecisionMs=282.241  requestToDeliveryMs=507.926 upstreamHeadersMs=25.893 sanitizeMs=480.409 downstreamWriteMs=0.567
09-08 01:21:18.828  3095  4591 I ChromePhotosDataPlane: origin=real hostClass=network hostHash=73a1220668a1b571 method=GET clientProtocol=http/1.1 upstreamProtocol=h2 status=200 contentType=image/png bytesIn=19569 bytesOut=6303 cache=miss decision=block reason=model_filter source=engine probability=0.58393633 basis=FullThreshold decodeMs=3.346 inferenceMs=139.218 localDecisionMs=283.439  requestToDeliveryMs=580.355 upstreamHeadersMs=24.450 sanitizeMs=551.944 downstreamWriteMs=2.865
09-08 01:21:18.971  3095  4327 I ChromePhotosDataPlane: origin=real hostClass=network hostHash=73a1220668a1b571 method=GET clientProtocol=http/1.1 upstreamProtocol=h2 status=200 contentType=image/jpeg bytesIn=23250 bytesOut=23250 cache=miss decision=safe reason=model_allow source=engine probability=0.023573369 basis=None decodeMs=3.622 inferenceMs=138.524 localDecisionMs=284.625  requestToDeliveryMs=696.041 upstreamHeadersMs=43.760 sanitizeMs=648.096 downstreamWriteMs=2.120
09-08 01:21:19.114  3095  4417 I ChromePhotosDataPlane: origin=real hostClass=network hostHash=73a1220668a1b571 method=GET clientProtocol=http/1.1 upstreamProtocol=h2 status=200 contentType=image/jpeg bytesIn=22367 bytesOut=22367 cache=miss decision=safe reason=model_allow source=engine probability=0.06351584 basis=None decodeMs=4.381 inferenceMs=140.538 localDecisionMs=286.818  requestToDeliveryMs=811.473 upstreamHeadersMs=38.399 sanitizeMs=770.727 downstreamWriteMs=1.007
09-08 01:21:19.255  3095  4662 I ChromePhotosDataPlane: origin=real hostClass=network hostHash=73a1220668a1b571 method=GET clientProtocol=http/1.1 upstreamProtocol=h2 status=200 contentType=image/png bytesIn=28431 bytesOut=6303 cache=miss decision=block reason=model_filter source=engine probability=0.9518999 basis=FullStrong decodeMs=3.528 inferenceMs=137.920 localDecisionMs=285.291  requestToDeliveryMs=812.044 upstreamHeadersMs=31.846 sanitizeMs=778.820 downstreamWriteMs=0.448
09-08 01:21:19.394  3095  4653 I ChromePhotosDataPlane: origin=real hostClass=network hostHash=73a1220668a1b571 method=GET clientProtocol=http/1.1 upstreamProtocol=h2 status=200 contentType=image/png bytesIn=16195 bytesOut=6303 cache=miss decision=block reason=model_filter source=engine probability=0.7789053 basis=FullThreshold decodeMs=3.100 inferenceMs=135.356 localDecisionMs=278.207  requestToDeliveryMs=846.204 upstreamHeadersMs=21.898 sanitizeMs=822.873 downstreamWriteMs=0.499
09-08 01:21:19.537  3095  4589 I ChromePhotosDataPlane: origin=real hostClass=network hostHash=73a1220668a1b571 method=GET clientProtocol=http/1.1 upstreamProtocol=h2 status=200 contentType=image/jpeg bytesIn=1112 bytesOut=1112 cache=miss decision=safe reason=model_allow source=engine probability=0.06047976 basis=None decodeMs=2.715 inferenceMs=140.314 localDecisionMs=282.040  requestToDeliveryMs=847.213 upstreamHeadersMs=14.543 sanitizeMs=830.794 downstreamWriteMs=0.579
09-08 01:21:19.679  3095  4591 I ChromePhotosDataPlane: origin=real hostClass=network hostHash=73a1220668a1b571 method=GET clientProtocol=http/1.1 upstreamProtocol=h2 status=200 contentType=image/jpeg bytesIn=892 bytesOut=892 cache=miss decision=safe reason=model_allow source=engine probability=0.08010954 basis=None decodeMs=2.712 inferenceMs=137.608 localDecisionMs=284.240  requestToDeliveryMs=843.922 upstreamHeadersMs=22.438 sanitizeMs=819.731 downstreamWriteMs=0.503
09-08 01:21:19.823  3095  4327 I ChromePhotosDataPlane: origin=real hostClass=network hostHash=73a1220668a1b571 method=GET clientProtocol=http/1.1 upstreamProtocol=h2 status=200 contentType=image/png bytesIn=28137 bytesOut=6303 cache=miss decision=block reason=model_filter source=engine probability=0.65795094 basis=FullThreshold decodeMs=3.440 inferenceMs=139.040 localDecisionMs=281.676  requestToDeliveryMs=842.954 upstreamHeadersMs=23.196 sanitizeMs=815.176 downstreamWriteMs=1.953
09-08 01:21:19.965  3095  4417 I ChromePhotosDataPlane: origin=real hostClass=network hostHash=73a1220668a1b571 method=GET clientProtocol=http/1.1 upstreamProtocol=h2 status=200 contentType=image/png bytesIn=1145 bytesOut=6303 cache=miss decision=block reason=model_filter source=engine probability=0.957199 basis=FullStrong decodeMs=2.583 inferenceMs=141.537 localDecisionMs=284.460  requestToDeliveryMs=805.959 upstreamHeadersMs=20.318 sanitizeMs=784.262 downstreamWriteMs=0.447
09-08 01:21:20.108  3095  4662 I ChromePhotosDataPlane: origin=real hostClass=network hostHash=73a1220668a1b571 method=GET clientProtocol=http/1.1 upstreamProtocol=h2 status=200 contentType=image/jpeg bytesIn=946 bytesOut=946 cache=miss decision=safe reason=model_allow source=engine probability=0.12010166 basis=None decodeMs=2.731 inferenceMs=139.400 localDecisionMs=284.829  requestToDeliveryMs=809.578 upstreamHeadersMs=30.660 sanitizeMs=777.275 downstreamWriteMs=0.441
09-08 01:21:20.681  3095  4653 I ChromePhotosDataPlane: origin=real hostClass=network hostHash=73a1220668a1b571 method=GET clientProtocol=http/1.1 upstreamProtocol=h2 status=200 contentType=image/png bytesIn=17715 bytesOut=6303 cache=miss decision=block reason=model_filter source=engine probability=0.63756144 basis=UncertainRegional decodeMs=3.136 inferenceMs=564.828 localDecisionMs=713.045  requestToDeliveryMs=1243.598 upstreamHeadersMs=21.543 sanitizeMs=1220.656 downstreamWriteMs=0.449
09-08 01:21:20.820  3095  4589 I ChromePhotosDataPlane: origin=real hostClass=network hostHash=73a1220668a1b571 method=GET clientProtocol=http/1.1 upstreamProtocol=h2 status=200 contentType=image/png bytesIn=6000 bytesOut=6303 cache=miss decision=block reason=model_filter source=engine probability=0.79824686 basis=FullThreshold decodeMs=3.884 inferenceMs=134.299 localDecisionMs=711.637  requestToDeliveryMs=1241.037 upstreamHeadersMs=23.944 sanitizeMs=1212.961 downstreamWriteMs=0.454
09-08 01:21:20.960  3095  4591 I ChromePhotosDataPlane: origin=real hostClass=network hostHash=73a1220668a1b571 method=GET clientProtocol=http/1.1 upstreamProtocol=h2 status=200 contentType=image/jpeg bytesIn=25615 bytesOut=25615 cache=miss decision=safe reason=model_allow source=engine probability=0.1618886 basis=None decodeMs=3.444 inferenceMs=134.998 localDecisionMs=276.648  requestToDeliveryMs=1235.822 upstreamHeadersMs=26.825 sanitizeMs=1206.030 downstreamWriteMs=0.536
09-08 01:21:21.639  3095  4327 I ChromePhotosDataPlane: origin=real hostClass=network hostHash=73a1220668a1b571 method=GET clientProtocol=http/1.1 upstreamProtocol=h2 status=200 contentType=image/jpeg bytesIn=17892 bytesOut=17892 cache=miss decision=safe reason=model_allow source=engine probability=0.3198626 basis=None decodeMs=4.256 inferenceMs=663.657 localDecisionMs=818.315  requestToDeliveryMs=1777.033 upstreamHeadersMs=30.412 sanitizeMs=1744.916 downstreamWriteMs=0.530
09-08 01:21:21.779  3095  4417 I ChromePhotosDataPlane: origin=real hostClass=network hostHash=73a1220668a1b571 method=GET clientProtocol=http/1.1 upstreamProtocol=h2 status=200 contentType=image/png bytesIn=22403 bytesOut=6303 cache=miss decision=block reason=model_filter source=engine probability=0.94275916 basis=FullThreshold decodeMs=3.311 inferenceMs=136.685 localDecisionMs=819.379  requestToDeliveryMs=1772.542 upstreamHeadersMs=29.070 sanitizeMs=1741.921 downstreamWriteMs=0.457
09-08 01:21:21.966  3095  4662 I ChromePhotosDataPlane: origin=real hostClass=network hostHash=73a1220668a1b571 method=GET clientProtocol=http/1.1 upstreamProtocol=h2 status=200 contentType=image/jpeg bytesIn=10308 bytesOut=10308 cache=miss decision=safe reason=model_allow source=engine probability=0.23167408 basis=None decodeMs=3.486 inferenceMs=182.378 localDecisionMs=325.364  requestToDeliveryMs=1815.382 upstreamHeadersMs=24.642 sanitizeMs=1788.875 downstreamWriteMs=0.575
09-08 01:21:22.098  3095  4442 I ChromePhotosDataPlane: origin=real hostClass=network hostHash=191347bfe55d0ca9 method=POST clientProtocol=http/1.1 upstreamProtocol=h2 status=204 contentType=text/html bytesOut=0 transfer=fixed upstreamHeadersMs=51.281 downstreamWriteMs=0.382
09-08 01:21:22.162  3095  4653 I ChromePhotosDataPlane: origin=real hostClass=network hostHash=73a1220668a1b571 method=GET clientProtocol=http/1.1 upstreamProtocol=h2 status=200 contentType=image/png bytesIn=17510 bytesOut=6303 cache=miss decision=block reason=model_filter source=engine probability=0.7654035 basis=FullThreshold decodeMs=3.614 inferenceMs=190.107 localDecisionMs=379.152  requestToDeliveryMs=1440.807 upstreamHeadersMs=42.604 sanitizeMs=1396.574 downstreamWriteMs=0.585
09-08 01:21:22.164  3095  4442 I ChromePhotosDataPlane: origin=real hostClass=network hostHash=191347bfe55d0ca9 method=POST clientProtocol=http/1.1 upstreamProtocol=h2 status=204 contentType=text/html bytesOut=0 transfer=fixed upstreamHeadersMs=57.830 downstreamWriteMs=0.290
09-08 01:21:22.245  3095  4442 I ChromePhotosDataPlane: origin=real hostClass=network hostHash=191347bfe55d0ca9 method=POST clientProtocol=http/1.1 upstreamProtocol=h2 status=204 contentType=text/html bytesOut=0 transfer=fixed upstreamHeadersMs=59.775 downstreamWriteMs=0.581
09-08 01:21:22.293  3095  4661 I ChromePhotosDataPlane: origin=real hostClass=network hostHash=191347bfe55d0ca9 method=POST clientProtocol=http/1.1 upstreamProtocol=h2 status=204 contentType=text/html bytesOut=0 transfer=fixed upstreamHeadersMs=51.574 downstreamWriteMs=0.876
09-08 01:21:22.325  3095  4588 I ChromePhotosDataPlane: origin=real hostClass=network hostHash=191347bfe55d0ca9 method=POST clientProtocol=http/1.1 upstreamProtocol=h2 status=204 contentType=text/html bytesOut=0 transfer=fixed upstreamHeadersMs=80.311 downstreamWriteMs=0.677
09-08 01:21:22.367  3095  4417 I ChromePhotosDataPlane: origin=real hostClass=network hostHash=73a1220668a1b571 method=GET clientProtocol=http/1.1 upstreamProtocol=h2 status=200 contentType=image/png bytesIn=17583 bytesOut=6303 cache=miss decision=block reason=model_filter source=engine probability=0.7604263 basis=FullThreshold decodeMs=8.774 inferenceMs=195.326 localDecisionMs=399.688  requestToDeliveryMs=516.642 upstreamHeadersMs=27.047 sanitizeMs=485.571 downstreamWriteMs=1.471
09-08 01:21:22.508  3095  4327 I ChromePhotosDataPlane: origin=real hostClass=network hostHash=73a1220668a1b571 method=GET clientProtocol=http/1.1 upstreamProtocol=h2 status=200 contentType=image/png bytesIn=17462 bytesOut=6303 cache=miss decision=block reason=model_filter source=engine probability=0.92854726 basis=FullThreshold decodeMs=3.272 inferenceMs=134.724 localDecisionMs=341.189  requestToDeliveryMs=651.750 upstreamHeadersMs=44.246 sanitizeMs=603.052 downstreamWriteMs=2.195
09-08 01:21:22.644  3095  4591 I ChromePhotosDataPlane: origin=real hostClass=network hostHash=73a1220668a1b571 method=GET clientProtocol=http/1.1 upstreamProtocol=h2 status=200 contentType=image/png bytesIn=67972 bytesOut=6303 cache=miss decision=block reason=model_filter source=engine probability=0.5036726 basis=FullThreshold decodeMs=4.324 inferenceMs=131.346 localDecisionMs=272.470  requestToDeliveryMs=618.820 upstreamHeadersMs=21.557 sanitizeMs=587.244 downstreamWriteMs=2.143
09-08 01:21:22.785  3095  4662 I ChromePhotosDataPlane: origin=real hostClass=network hostHash=73a1220668a1b571 method=GET clientProtocol=http/1.1 upstreamProtocol=h2 status=200 contentType=image/jpeg bytesIn=21181 bytesOut=21181 cache=miss decision=safe reason=model_allow source=engine probability=0.24116021 basis=None decodeMs=3.943 inferenceMs=133.296 localDecisionMs=270.949  requestToDeliveryMs=752.893 upstreamHeadersMs=43.552 sanitizeMs=701.983 downstreamWriteMs=2.908
09-08 01:21:22.922  3095  4588 I ChromePhotosDataPlane: origin=real hostClass=network hostHash=191347bfe55d0ca9 method=POST clientProtocol=http/1.1 upstreamProtocol=h2 status=204 contentType=text/html bytesOut=0 transfer=fixed upstreamHeadersMs=71.353 downstreamWriteMs=1.030
09-08 01:21:24.300  3095  4588 I ChromePhotosDataPlane: origin=real hostClass=network hostHash=191347bfe55d0ca9 method=GET clientProtocol=http/1.1 upstreamProtocol=h2 status=200 contentType=application/json bytesOut=320 transfer=fixed upstreamHeadersMs=90.488 downstreamWriteMs=0.731
09-08 01:21:24.435  3095  4588 I ChromePhotosDataPlane: origin=real hostClass=network hostHash=191347bfe55d0ca9 method=GET clientProtocol=http/1.1 upstreamProtocol=h2 status=200 contentType=application/json bytesOut=95 transfer=fixed upstreamHeadersMs=69.508 downstreamWriteMs=1.562
09-08 01:21:24.513  3095  4662 I ChromePhotosDataPlane: origin=real hostClass=network hostHash=73a1220668a1b571 method=GET clientProtocol=http/1.1 upstreamProtocol=h2 status=200 contentType=image/jpeg bytesIn=3618 bytesOut=3618 cache=miss decision=safe reason=model_allow source=engine probability=0.023696274 basis=None decodeMs=2.570 inferenceMs=160.042 localDecisionMs=163.555  requestToDeliveryMs=187.965 upstreamHeadersMs=21.916 sanitizeMs=164.116 downstreamWriteMs=0.638
09-08 01:21:24.603  3095  4588 I ChromePhotosDataPlane: origin=real hostClass=network hostHash=191347bfe55d0ca9 method=GET clientProtocol=http/1.1 upstreamProtocol=h2 status=200 contentType=application/json bytesOut=148 transfer=fixed upstreamHeadersMs=68.237 downstreamWriteMs=0.515
09-08 01:21:24.705  3095  4588 I ChromePhotosDataPlane: origin=real hostClass=network hostHash=191347bfe55d0ca9 method=GET clientProtocol=http/1.1 upstreamProtocol=h2 status=200 contentType=application/json bytesOut=593 transfer=fixed upstreamHeadersMs=64.581 downstreamWriteMs=0.755
09-08 01:21:24.919  3095  4662 I ChromePhotosDataPlane: origin=real hostClass=network hostHash=73a1220668a1b571 method=GET clientProtocol=http/1.1 upstreamProtocol=h2 status=200 contentType=image/jpeg bytesIn=3299 bytesOut=3299 cache=miss decision=safe reason=model_allow source=engine probability=0.029037863 basis=None decodeMs=3.161 inferenceMs=138.293 localDecisionMs=142.073  requestToDeliveryMs=158.514 upstreamHeadersMs=13.796 sanitizeMs=142.433 downstreamWriteMs=0.604
09-08 01:21:25.072  3095  4591 I ChromePhotosDataPlane: origin=real hostClass=network hostHash=73a1220668a1b571 method=GET clientProtocol=http/1.1 upstreamProtocol=h2 status=200 contentType=image/png bytesIn=2638 bytesOut=6303 cache=miss decision=block reason=model_filter source=engine probability=0.75275004 basis=FullThreshold decodeMs=3.089 inferenceMs=149.886 localDecisionMs=273.070  requestToDeliveryMs=305.470 upstreamHeadersMs=30.435 sanitizeMs=273.558 downstreamWriteMs=0.548
09-08 01:21:25.116  3095  4588 I ChromePhotosDataPlane: origin=real hostClass=network hostHash=191347bfe55d0ca9 method=POST clientProtocol=http/1.1 upstreamProtocol=h2 status=204 contentType=text/html bytesOut=0 transfer=fixed upstreamHeadersMs=71.853 downstreamWriteMs=0.585
09-08 01:21:25.210  3095  4327 I ChromePhotosDataPlane: origin=real hostClass=network hostHash=73a1220668a1b571 method=GET clientProtocol=http/1.1 upstreamProtocol=h2 status=200 contentType=image/png bytesIn=4572 bytesOut=6303 cache=miss decision=block reason=model_filter source=engine probability=0.8104323 basis=FullThreshold decodeMs=2.871 inferenceMs=135.551 localDecisionMs=291.206  requestToDeliveryMs=441.125 upstreamHeadersMs=28.225 sanitizeMs=411.436 downstreamWriteMs=0.534
09-08 01:21:25.776  3095  4661 I ChromePhotosDataPlane: phase=media_shield_document origin=real hostClass=network hostHash=191347bfe55d0ca9 result=transformed documentSequence=24 navigationSequence=10 token=5cc2778329dd bytesOut=1029021 upstreamHeadersMs=83.241 documentDecisionMs=184.504 downstreamWriteMs=5.614
09-08 01:21:25.902  3095  4661 I ChromePhotosDataPlane: origin=real hostClass=network hostHash=191347bfe55d0ca9 method=POST clientProtocol=http/1.1 upstreamProtocol=h2 status=204 contentType=text/html bytesOut=0 transfer=fixed upstreamHeadersMs=73.684 downstreamWriteMs=0.420
09-08 01:21:25.935  3095  4661 I ChromePhotosDataPlane: phase=media_shield_ready origin=same_origin result=204 bytesOut=0
09-08 01:21:25.965  3095  4661 I ChromePhotosDataPlane: phase=media_shield_ready origin=same_origin result=204 bytesOut=0
09-08 01:21:25.984  3095  4661 I ChromePhotosDataPlane: phase=media_shield_ready origin=same_origin result=204 bytesOut=0
09-08 01:21:26.047  3095  4269 I ChromePhotosDataPlane: origin=real hostClass=network hostHash=685eae6637200805 method=GET clientProtocol=http/1.1 upstreamProtocol=h2 status=302 contentType= bytesIn=0 bytesOut=0 cache=miss decision=passthrough  requestToDeliveryMs=161.197 upstreamHeadersMs=159.325 sanitizeMs=0.405 downstreamWriteMs=0.434
09-08 01:21:26.238  3095  4661 I ChromePhotosDataPlane: origin=real hostClass=network hostHash=191347bfe55d0ca9 method=GET clientProtocol=http/1.1 upstreamProtocol=h2 status=200 contentType=image/webp bytesIn=2070 bytesOut=2070 cache=hit decision=safe reason=model_allow source=cache probability=0.093275934 basis=None decodeMs=0.000 inferenceMs=0.000 localDecisionMs=0.029  requestToDeliveryMs=72.768 upstreamHeadersMs=66.307 sanitizeMs=2.041 downstreamWriteMs=1.948
09-08 01:21:26.319  3095  4148 I ChromePhotosDataPlane: origin=real hostClass=network hostHash=bf52830e11f43bb6 method=GET clientProtocol=http/1.1 upstreamProtocol=h2 status=200 contentType=image/png bytesIn=719 bytesOut=719 cache=hit decision=safe reason=model_allow source=cache probability=0.039679587 basis=None decodeMs=0.000 inferenceMs=0.000 localDecisionMs=0.030  requestToDeliveryMs=187.192 upstreamHeadersMs=178.676 sanitizeMs=0.895 downstreamWriteMs=6.056
09-08 01:21:26.596  3095  4661 I ChromePhotosDataPlane: origin=real hostClass=network hostHash=191347bfe55d0ca9 method=POST clientProtocol=http/1.1 upstreamProtocol=h2 status=204 contentType=text/html bytesOut=0 transfer=fixed upstreamHeadersMs=65.247 downstreamWriteMs=0.399
09-08 01:21:27.007  3095  4661 I ChromePhotosDataPlane: origin=real hostClass=network hostHash=191347bfe55d0ca9 method=POST clientProtocol=http/1.1 upstreamProtocol=h2 status=204 contentType=text/html bytesOut=0 transfer=fixed upstreamHeadersMs=66.991 downstreamWriteMs=0.279
09-08 01:21:27.288  3095  4661 I ChromePhotosDataPlane: origin=real hostClass=network hostHash=191347bfe55d0ca9 method=GET clientProtocol=http/1.1 upstreamProtocol=h2 status=200 contentType=application/json bytesOut=219 transfer=fixed upstreamHeadersMs=68.545 downstreamWriteMs=1.956
09-08 01:21:27.299  3095  4455 I ChromePhotosDataPlane: origin=real hostClass=network hostHash=eaadc6f5c45b9f47 method=POST clientProtocol=http/1.1 upstreamProtocol=h2 status=200 contentType=application/json+protobuf bytesOut=39 transfer=fixed upstreamHeadersMs=152.881 downstreamWriteMs=1.842
09-08 01:21:27.373  3095  4661 I ChromePhotosDataPlane: origin=real hostClass=network hostHash=191347bfe55d0ca9 method=GET clientProtocol=http/1.1 upstreamProtocol=h2 status=200 contentType=text/javascript bytesOut=40700 transfer=fixed upstreamHeadersMs=50.568 downstreamWriteMs=6.311
09-08 01:21:27.449  3095  4588 I ChromePhotosDataPlane: origin=real hostClass=network hostHash=191347bfe55d0ca9 method=GET clientProtocol=http/1.1 upstreamProtocol=h2 status=200 contentType=text/javascript bytesOut=100933 transfer=fixed upstreamHeadersMs=87.395 downstreamWriteMs=44.280
09-08 01:21:27.475  3095  4327 I ChromePhotosDataPlane: origin=real hostClass=network hostHash=73a1220668a1b571 method=GET clientProtocol=http/1.1 upstreamProtocol=h2 status=200 contentType=image/jpeg bytesIn=18309 bytesOut=18309 cache=miss decision=safe reason=model_allow source=engine probability=0.009668976 basis=None decodeMs=4.572 inferenceMs=138.780 localDecisionMs=144.946  requestToDeliveryMs=191.206 upstreamHeadersMs=34.570 sanitizeMs=149.723 downstreamWriteMs=2.119
09-08 01:21:27.624  3095  4417 I ChromePhotosDataPlane: origin=real hostClass=network hostHash=73a1220668a1b571 method=GET clientProtocol=http/1.1 upstreamProtocol=h2 status=200 contentType=image/png bytesIn=25045 bytesOut=6303 cache=miss decision=block reason=model_filter source=engine probability=0.984995 basis=FullStrong decodeMs=3.365 inferenceMs=145.577 localDecisionMs=268.863  requestToDeliveryMs=313.067 upstreamHeadersMs=34.872 sanitizeMs=271.870 downstreamWriteMs=2.061
09-08 01:21:27.769  3095  4591 I ChromePhotosDataPlane: origin=real hostClass=network hostHash=73a1220668a1b571 method=GET clientProtocol=http/1.1 upstreamProtocol=h2 status=200 contentType=image/jpeg bytesIn=8794 bytesOut=8794 cache=miss decision=safe reason=model_allow source=engine probability=0.0030382276 basis=None decodeMs=3.063 inferenceMs=135.385 localDecisionMs=279.683  requestToDeliveryMs=473.078 upstreamHeadersMs=55.557 sanitizeMs=407.291 downstreamWriteMs=1.260
09-08 01:21:27.847  3095  4588 I ChromePhotosDataPlane: origin=real hostClass=network hostHash=191347bfe55d0ca9 method=GET clientProtocol=http/1.1 upstreamProtocol=h2 status=200 contentType=text/css bytesOut=5220 transfer=fixed upstreamHeadersMs=81.699 downstreamWriteMs=1.460
09-08 01:21:27.873  3095  4661 I ChromePhotosDataPlane: origin=real hostClass=network hostHash=191347bfe55d0ca9 method=GET clientProtocol=http/1.1 upstreamProtocol=h2 status=200 contentType=text/javascript bytesOut=27644 transfer=fixed upstreamHeadersMs=65.767 downstreamWriteMs=2.879
09-08 01:21:27.903  3095  4661 I ChromePhotosDataPlane: phase=media_shield_ready origin=same_origin result=200 bytesOut=18234
09-08 01:21:27.905  3095  4662 I ChromePhotosDataPlane: origin=real hostClass=network hostHash=73a1220668a1b571 method=GET clientProtocol=http/1.1 upstreamProtocol=h2 status=200 contentType=image/jpeg bytesIn=10845 bytesOut=10845 cache=miss decision=safe reason=model_allow source=engine probability=0.019177377 basis=None decodeMs=4.139 inferenceMs=138.722 localDecisionMs=279.933  requestToDeliveryMs=595.809 upstreamHeadersMs=43.755 sanitizeMs=549.107 downstreamWriteMs=0.901
09-08 01:21:28.051  3095  4653 I ChromePhotosDataPlane: origin=real hostClass=network hostHash=73a1220668a1b571 method=GET clientProtocol=http/1.1 upstreamProtocol=h2 status=200 contentType=image/jpeg bytesIn=27024 bytesOut=27024 cache=miss decision=safe reason=model_allow source=engine probability=0.006234169 basis=None decodeMs=4.745 inferenceMs=137.982 localDecisionMs=283.684  requestToDeliveryMs=738.653 upstreamHeadersMs=43.583 sanitizeMs=689.873 downstreamWriteMs=3.061
09-08 01:21:28.088  3095  4408 I ChromePhotosDataPlane: origin=real hostClass=network hostHash=191347bfe55d0ca9 method=GET clientProtocol=http/1.1 upstreamProtocol=h2 status=200 contentType=image/png bytesIn=0 bytesOut=6303 cache=miss decision=unknown reason=encoded_image_unsupported source=error probability=-1.0 basis=none decodeMs=0.000 inferenceMs=0.000 localDecisionMs=0.000  requestToDeliveryMs=26.572 upstreamHeadersMs=22.061 sanitizeMs=0.347 downstreamWriteMs=1.375
09-08 01:21:28.149  3095  4661 I ChromePhotosDataPlane: origin=real hostClass=network hostHash=191347bfe55d0ca9 method=POST clientProtocol=http/1.1 upstreamProtocol=h2 status=204 contentType=text/html bytesOut=0 transfer=fixed upstreamHeadersMs=79.876 downstreamWriteMs=0.748
09-08 01:21:28.150  3095  4588 I ChromePhotosDataPlane: origin=real hostClass=network hostHash=191347bfe55d0ca9 method=POST clientProtocol=http/1.1 upstreamProtocol=h2 status=204 contentType=text/html bytesOut=0 transfer=fixed upstreamHeadersMs=77.315 downstreamWriteMs=0.822
09-08 01:21:28.190  3095  4591 I ChromePhotosDataPlane: origin=real hostClass=network hostHash=73a1220668a1b571 method=GET clientProtocol=http/1.1 upstreamProtocol=h2 status=200 contentType=image/jpeg bytesIn=19571 bytesOut=19571 cache=miss decision=safe reason=model_allow source=engine probability=0.25779927 basis=None decodeMs=3.938 inferenceMs=135.600 localDecisionMs=259.448  requestToDeliveryMs=292.821 upstreamHeadersMs=25.263 sanitizeMs=261.852 downstreamWriteMs=1.989
09-08 01:21:28.294  3095  4407 I ChromePhotosDataPlane: origin=real hostClass=network hostHash=8e08d6d89d17a981 method=POST clientProtocol=http/1.1 upstreamProtocol=h2 status=200 contentType=image/png bytesIn=0 bytesOut=6303 cache=miss decision=unknown reason=encoded_image_unsupported source=error probability=-1.0 basis=none decodeMs=0.000 inferenceMs=0.000 localDecisionMs=0.000  requestToDeliveryMs=160.274 upstreamHeadersMs=152.722 sanitizeMs=0.386 downstreamWriteMs=3.701
09-08 01:21:28.328  3095  4417 I ChromePhotosDataPlane: origin=real hostClass=network hostHash=73a1220668a1b571 method=GET clientProtocol=http/1.1 upstreamProtocol=h2 status=200 contentType=image/png bytesIn=47489 bytesOut=6303 cache=miss decision=block reason=model_filter source=engine probability=0.940081 basis=FullThreshold decodeMs=4.145 inferenceMs=133.403 localDecisionMs=274.497  requestToDeliveryMs=427.394 upstreamHeadersMs=49.512 sanitizeMs=372.292 downstreamWriteMs=2.333
09-08 01:21:28.331  3095  4639 I ChromePhotosDataPlane: origin=real hostClass=network hostHash=3eac1e980287c7ce method=GET clientProtocol=http/1.1 upstreamProtocol=h2 status=200 contentType=image/png bytesIn=37 bytesOut=6303 cache=miss decision=unknown reason=unsupported_gif source=error probability=-1.0 basis=none decodeMs=0.000 inferenceMs=0.000 localDecisionMs=0.000  requestToDeliveryMs=370.603 upstreamHeadersMs=194.129 sanitizeMs=169.296 downstreamWriteMs=2.250
09-08 01:21:28.334  3095  4374 I ChromePhotosDataPlane: origin=real hostClass=network hostHash=3eac1e980287c7ce method=GET clientProtocol=http/1.1 upstreamProtocol=h2 status=200 contentType=image/png bytesIn=37 bytesOut=6303 cache=miss decision=unknown reason=unsupported_gif source=error probability=-1.0 basis=none decodeMs=0.000 inferenceMs=0.000 localDecisionMs=0.000  requestToDeliveryMs=365.558 upstreamHeadersMs=208.337 sanitizeMs=148.648 downstreamWriteMs=3.129
09-08 01:21:28.417  3095  4588 I ChromePhotosDataPlane: origin=real hostClass=network hostHash=191347bfe55d0ca9 method=GET clientProtocol=http/1.1 upstreamProtocol=h2 status=200 contentType=application/octet-stream bytesOut=122205 transfer=chunked upstreamHeadersMs=77.721 downstreamWriteMs=32.196
09-08 01:21:28.473  3095  4662 I ChromePhotosDataPlane: origin=real hostClass=network hostHash=73a1220668a1b571 method=GET clientProtocol=http/1.1 upstreamProtocol=h2 status=200 contentType=image/jpeg bytesIn=21571 bytesOut=21571 cache=miss decision=safe reason=model_allow source=engine probability=0.02403593 basis=None decodeMs=3.610 inferenceMs=133.426 localDecisionMs=273.570  requestToDeliveryMs=520.366 upstreamHeadersMs=39.203 sanitizeMs=467.124 downstreamWriteMs=4.589
09-08 01:21:28.632  3095  4407 I ChromePhotosDataPlane: origin=real hostClass=network hostHash=8e08d6d89d17a981 method=POST clientProtocol=http/1.1 upstreamProtocol=h2 status=200 contentType=image/png bytesIn=0 bytesOut=6303 cache=miss decision=unknown reason=encoded_image_unsupported source=error probability=-1.0 basis=none decodeMs=0.000 inferenceMs=0.000 localDecisionMs=0.000  requestToDeliveryMs=57.156 upstreamHeadersMs=55.793 sanitizeMs=0.047 downstreamWriteMs=0.400
09-08 01:21:28.644  3095  4588 I ChromePhotosDataPlane: origin=real hostClass=network hostHash=191347bfe55d0ca9 method=POST clientProtocol=http/1.1 upstreamProtocol=h2 status=204 contentType=text/html bytesOut=0 transfer=fixed upstreamHeadersMs=54.369 downstreamWriteMs=0.270
09-08 01:21:28.773  3095  4661 I ChromePhotosDataPlane: origin=real hostClass=network hostHash=191347bfe55d0ca9 method=POST clientProtocol=http/1.1 upstreamProtocol=h2 status=204 contentType=text/html bytesOut=0 transfer=fixed upstreamHeadersMs=57.245 downstreamWriteMs=0.312
09-08 01:21:28.795  3095  4442 I ChromePhotosDataPlane: origin=real hostClass=network hostHash=191347bfe55d0ca9 method=POST clientProtocol=http/1.1 upstreamProtocol=h2 status=204 contentType=text/html bytesOut=0 transfer=fixed upstreamHeadersMs=73.811 downstreamWriteMs=0.449
09-08 01:21:29.599  3095  4588 I ChromePhotosDataPlane: phase=media_shield_document origin=real hostClass=network hostHash=191347bfe55d0ca9 result=transformed documentSequence=25 navigationSequence=11 token=7509970f9757 bytesOut=1132205 upstreamHeadersMs=85.283 documentDecisionMs=235.534 downstreamWriteMs=5.621
09-08 01:21:29.682  3095  4407 I ChromePhotosDataPlane: origin=real hostClass=network hostHash=8e08d6d89d17a981 method=POST clientProtocol=http/1.1 upstreamProtocol=h2 status=200 contentType=image/png bytesIn=0 bytesOut=6303 cache=miss decision=unknown reason=encoded_image_unsupported source=error probability=-1.0 basis=none decodeMs=0.000 inferenceMs=0.000 localDecisionMs=0.000  requestToDeliveryMs=62.658 upstreamHeadersMs=59.162 sanitizeMs=0.134 downstreamWriteMs=1.622
09-08 01:21:29.688  3095  4588 I ChromePhotosDataPlane: phase=client_disconnect direction=downstream_write correlationId=c328-r30
09-08 01:21:29.696  3095  4661 I ChromePhotosDataPlane: phase=media_shield_ready origin=same_origin result=204 bytesOut=0
09-08 01:21:29.697  3095  4442 I ChromePhotosDataPlane: origin=real hostClass=network hostHash=191347bfe55d0ca9 method=POST clientProtocol=http/1.1 upstreamProtocol=h2 status=204 contentType=text/html bytesOut=0 transfer=fixed upstreamHeadersMs=68.970 downstreamWriteMs=0.394
09-08 01:21:29.704  3095  4442 I ChromePhotosDataPlane: phase=media_shield_ready origin=same_origin result=204 bytesOut=0
09-08 01:21:29.713  3095  4442 I ChromePhotosDataPlane: phase=media_shield_ready origin=same_origin result=204 bytesOut=0
09-08 01:21:29.838  3095  4269 I ChromePhotosDataPlane: origin=real hostClass=network hostHash=685eae6637200805 method=GET clientProtocol=http/1.1 upstreamProtocol=h2 status=302 contentType= bytesIn=0 bytesOut=0 cache=miss decision=passthrough  requestToDeliveryMs=169.344 upstreamHeadersMs=153.551 sanitizeMs=6.517 downstreamWriteMs=2.732
09-08 01:21:29.844  3095  4442 I ChromePhotosDataPlane: origin=real hostClass=network hostHash=191347bfe55d0ca9 method=GET clientProtocol=http/1.1 upstreamProtocol=h2 status=200 contentType=image/webp bytesIn=2070 bytesOut=2070 cache=hit decision=safe reason=model_allow source=cache probability=0.093275934 basis=None decodeMs=0.000 inferenceMs=0.000 localDecisionMs=0.043  requestToDeliveryMs=57.908 upstreamHeadersMs=47.316 sanitizeMs=5.937 downstreamWriteMs=2.121
09-08 01:21:30.020  3095  4148 I ChromePhotosDataPlane: origin=real hostClass=network hostHash=bf52830e11f43bb6 method=GET clientProtocol=http/1.1 upstreamProtocol=h2 status=200 contentType=image/png bytesIn=719 bytesOut=719 cache=hit decision=safe reason=model_allow source=cache probability=0.039679587 basis=None decodeMs=0.000 inferenceMs=0.000 localDecisionMs=0.047  requestToDeliveryMs=167.518 upstreamHeadersMs=160.594 sanitizeMs=0.859 downstreamWriteMs=1.189
09-08 01:21:30.128  3095  4442 I ChromePhotosDataPlane: origin=real hostClass=network hostHash=191347bfe55d0ca9 method=POST clientProtocol=http/1.1 upstreamProtocol=h2 status=204 contentType=text/html bytesOut=0 transfer=fixed upstreamHeadersMs=53.005 downstreamWriteMs=0.305
09-08 01:21:30.523  3095  4442 I ChromePhotosDataPlane: origin=real hostClass=network hostHash=191347bfe55d0ca9 method=POST clientProtocol=http/1.1 upstreamProtocol=h2 status=204 contentType=text/html bytesOut=0 transfer=fixed upstreamHeadersMs=58.646 downstreamWriteMs=0.240
09-08 01:21:30.764  3095  4455 I ChromePhotosDataPlane: origin=real hostClass=network hostHash=eaadc6f5c45b9f47 method=POST clientProtocol=http/1.1 upstreamProtocol=h2 status=200 contentType=application/json+protobuf bytesOut=39 transfer=fixed upstreamHeadersMs=153.513 downstreamWriteMs=0.466
09-08 01:21:30.770  3095  4442 I ChromePhotosDataPlane: origin=real hostClass=network hostHash=191347bfe55d0ca9 method=GET clientProtocol=http/1.1 upstreamProtocol=h2 status=200 contentType=application/json bytesOut=257 transfer=fixed upstreamHeadersMs=62.720 downstreamWriteMs=6.006
09-08 01:21:30.864  3095  4442 I ChromePhotosDataPlane: origin=real hostClass=network hostHash=191347bfe55d0ca9 method=GET clientProtocol=http/1.1 upstreamProtocol=h2 status=200 contentType=text/javascript bytesOut=24542 transfer=fixed upstreamHeadersMs=60.668 downstreamWriteMs=0.713
09-08 01:21:30.870  3095  4661 I ChromePhotosDataPlane: origin=real hostClass=network hostHash=191347bfe55d0ca9 method=GET clientProtocol=http/1.1 upstreamProtocol=h2 status=200 contentType=text/javascript bytesOut=5174 transfer=fixed upstreamHeadersMs=59.867 downstreamWriteMs=0.533
09-08 01:21:30.984  3095  4570 I ChromePhotosDataPlane: origin=real hostClass=network hostHash=191347bfe55d0ca9 method=GET clientProtocol=http/1.1 upstreamProtocol=h2 status=200 contentType=text/javascript bytesOut=112933 transfer=fixed upstreamHeadersMs=69.240 downstreamWriteMs=98.360
09-08 01:21:31.127  3095  4570 I ChromePhotosDataPlane: origin=real hostClass=network hostHash=191347bfe55d0ca9 method=GET clientProtocol=http/1.1 upstreamProtocol=h2 status=200 contentType=text/javascript bytesOut=3361 transfer=fixed upstreamHeadersMs=50.128 downstreamWriteMs=1.573
09-08 01:21:31.190  3095  4662 I ChromePhotosDataPlane: origin=real hostClass=network hostHash=73a1220668a1b571 method=GET clientProtocol=http/1.1 upstreamProtocol=h2 status=200 contentType=image/png bytesIn=7045 bytesOut=7045 cache=miss decision=safe reason=model_allow source=engine probability=0.06892654 basis=None decodeMs=5.846 inferenceMs=147.982 localDecisionMs=155.881  requestToDeliveryMs=322.207 upstreamHeadersMs=162.108 sanitizeMs=156.836 downstreamWriteMs=2.090
09-08 01:21:31.195  3095  4512 I ChromePhotosDataPlane: phase=worker_ready correlationId=c359 admissionWaitMs=0.176
09-08 01:21:31.225  3095  4512 I ChromePhotosDataPlane: phase=tls_ready correlationId=c359 hostClass=network hostHash=191347bfe55d0ca9 clientProtocol=http/1.1 ca=ff56b2f4265f0377
09-08 01:21:31.228  3095  4310 I ChromePhotosDataPlane: phase=worker_ready correlationId=c360 admissionWaitMs=0.522
09-08 01:21:31.254  3095  4570 I ChromePhotosDataPlane: origin=real hostClass=network hostHash=191347bfe55d0ca9 method=GET clientProtocol=http/1.1 upstreamProtocol=h2 status=200 contentType=text/css bytesOut=5220 transfer=fixed upstreamHeadersMs=59.979 downstreamWriteMs=4.736
09-08 01:21:31.263  3095  4310 I ChromePhotosDataPlane: phase=tls_ready correlationId=c360 hostClass=network hostHash=191347bfe55d0ca9 clientProtocol=http/1.1 ca=ff56b2f4265f0377
09-08 01:21:31.279  3095  4442 I ChromePhotosDataPlane: origin=real hostClass=network hostHash=191347bfe55d0ca9 method=GET clientProtocol=http/1.1 upstreamProtocol=h2 status=200 contentType=text/javascript bytesOut=48336 transfer=fixed upstreamHeadersMs=59.373 downstreamWriteMs=17.300
09-08 01:21:31.285  3095  4310 I ChromePhotosDataPlane: phase=media_shield_ready origin=same_origin result=200 bytesOut=18234
09-08 01:21:31.324  3095  4512 I ChromePhotosDataPlane: origin=real hostClass=network hostHash=191347bfe55d0ca9 method=GET clientProtocol=http/1.1 upstreamProtocol=h2 status=200 contentType=text/javascript bytesOut=49613 transfer=fixed upstreamHeadersMs=77.500 downstreamWriteMs=7.389
09-08 01:21:31.338  3095  4417 I ChromePhotosDataPlane: origin=real hostClass=network hostHash=73a1220668a1b571 method=GET clientProtocol=http/1.1 upstreamProtocol=h2 status=200 contentType=image/jpeg bytesIn=43525 bytesOut=43525 cache=miss decision=safe reason=model_allow source=engine probability=0.10757014 basis=None decodeMs=3.907 inferenceMs=140.873 localDecisionMs=290.956  requestToDeliveryMs=469.470 upstreamHeadersMs=136.445 sanitizeMs=326.306 downstreamWriteMs=2.526
09-08 01:21:31.342  3095  4570 I ChromePhotosDataPlane: origin=real hostClass=network hostHash=191347bfe55d0ca9 method=GET clientProtocol=http/1.1 upstreamProtocol=h2 status=200 contentType=text/javascript bytesOut=27624 transfer=fixed upstreamHeadersMs=67.820 downstreamWriteMs=4.979
09-08 01:21:31.346  3095  4661 I ChromePhotosDataPlane: origin=real hostClass=network hostHash=191347bfe55d0ca9 method=GET clientProtocol=http/1.1 upstreamProtocol=h2 status=200 contentType=text/javascript bytesOut=48903 transfer=fixed upstreamHeadersMs=81.718 downstreamWriteMs=52.047
09-08 01:21:31.652  3095  4407 I ChromePhotosDataPlane: origin=real hostClass=network hostHash=8e08d6d89d17a981 method=POST clientProtocol=http/1.1 upstreamProtocol=h2 status=200 contentType=image/png bytesIn=0 bytesOut=6303 cache=miss decision=unknown reason=encoded_image_unsupported source=error probability=-1.0 basis=none decodeMs=0.000 inferenceMs=0.000 localDecisionMs=0.000  requestToDeliveryMs=55.246 upstreamHeadersMs=51.033 sanitizeMs=0.320 downstreamWriteMs=1.723
09-08 01:21:31.873  3095  4589 I ChromePhotosDataPlane: origin=real hostClass=network hostHash=73a1220668a1b571 method=GET clientProtocol=http/1.1 upstreamProtocol=h2 status=200 contentType=image/png bytesIn=8648 bytesOut=8648 cache=miss decision=safe reason=model_allow source=engine probability=0.089022994 basis=None decodeMs=8.886 inferenceMs=530.497 localDecisionMs=678.866  requestToDeliveryMs=991.001 upstreamHeadersMs=158.957 sanitizeMs=830.320 downstreamWriteMs=0.550
09-08 01:21:31.912  3095  4570 I ChromePhotosDataPlane: origin=real hostClass=network hostHash=191347bfe55d0ca9 method=GET clientProtocol=http/1.1 upstreamProtocol=h2 status=200 contentType=application/octet-stream bytesOut=122169 transfer=chunked upstreamHeadersMs=74.758 downstreamWriteMs=31.869
09-08 01:21:32.019  3095  4653 I ChromePhotosDataPlane: origin=real hostClass=network hostHash=73a1220668a1b571 method=GET clientProtocol=http/1.1 upstreamProtocol=h2 status=200 contentType=image/jpeg bytesIn=39640 bytesOut=39640 cache=miss decision=safe reason=model_allow source=engine probability=0.0055113733 basis=None decodeMs=3.724 inferenceMs=138.981 localDecisionMs=681.112  requestToDeliveryMs=1143.780 upstreamHeadersMs=172.178 sanitizeMs=966.730 downstreamWriteMs=2.628
09-08 01:21:32.160  3095  4591 I ChromePhotosDataPlane: origin=real hostClass=network hostHash=73a1220668a1b571 method=GET clientProtocol=http/1.1 upstreamProtocol=h2 status=200 contentType=image/jpeg bytesIn=35011 bytesOut=35011 cache=miss decision=safe reason=model_allow source=engine probability=0.004071355 basis=None decodeMs=3.594 inferenceMs=135.253 localDecisionMs=280.613  requestToDeliveryMs=1286.673 upstreamHeadersMs=186.322 sanitizeMs=1093.796 downstreamWriteMs=3.250
09-08 01:21:32.301  3095  4327 I ChromePhotosDataPlane: origin=real hostClass=network hostHash=73a1220668a1b571 method=GET clientProtocol=http/1.1 upstreamProtocol=h2 status=200 contentType=image/jpeg bytesIn=36258 bytesOut=36258 cache=miss decision=safe reason=model_allow source=engine probability=0.012424886 basis=None decodeMs=3.245 inferenceMs=133.834 localDecisionMs=275.785  requestToDeliveryMs=1422.082 upstreamHeadersMs=186.533 sanitizeMs=1226.227 downstreamWriteMs=5.942
09-08 01:21:32.435  3095  4662 I ChromePhotosDataPlane: origin=real hostClass=network hostHash=73a1220668a1b571 method=GET clientProtocol=http/1.1 upstreamProtocol=h2 status=200 contentType=image/jpeg bytesIn=30105 bytesOut=30105 cache=miss decision=safe reason=model_allow source=engine probability=0.17016405 basis=None decodeMs=3.406 inferenceMs=134.030 localDecisionMs=273.481  requestToDeliveryMs=1221.040 upstreamHeadersMs=28.546 sanitizeMs=1186.441 downstreamWriteMs=2.258
09-08 01:21:32.566  3095  4570 I ChromePhotosDataPlane: origin=real hostClass=network hostHash=191347bfe55d0ca9 method=POST clientProtocol=http/1.1 upstreamProtocol=h2 status=204 contentType=text/html bytesOut=0 transfer=fixed upstreamHeadersMs=66.383 downstreamWriteMs=0.913
09-08 01:21:32.573  3095  4417 I ChromePhotosDataPlane: origin=real hostClass=network hostHash=73a1220668a1b571 method=GET clientProtocol=http/1.1 upstreamProtocol=h2 status=200 contentType=image/jpeg bytesIn=36981 bytesOut=36981 cache=miss decision=safe reason=model_allow source=engine probability=0.03953597 basis=None decodeMs=3.333 inferenceMs=134.138 localDecisionMs=272.977  requestToDeliveryMs=1226.464 upstreamHeadersMs=23.981 sanitizeMs=1193.465 downstreamWriteMs=2.266
09-08 01:21:32.648  3095  4570 I ChromePhotosDataPlane: origin=real hostClass=network hostHash=191347bfe55d0ca9 method=POST clientProtocol=http/1.1 upstreamProtocol=h2 status=204 contentType=text/html bytesOut=0 transfer=fixed upstreamHeadersMs=75.440 downstreamWriteMs=0.740
09-08 01:21:32.664  3095  4408 I ChromePhotosDataPlane: origin=real hostClass=network hostHash=191347bfe55d0ca9 method=GET clientProtocol=http/1.1 upstreamProtocol=h2 status=200 contentType=image/png bytesIn=0 bytesOut=6303 cache=miss decision=unknown reason=encoded_image_unsupported source=error probability=-1.0 basis=none decodeMs=0.000 inferenceMs=0.000 localDecisionMs=0.000  requestToDeliveryMs=40.205 upstreamHeadersMs=36.631 sanitizeMs=0.157 downstreamWriteMs=1.560
09-08 01:21:32.668  3095  4512 I ChromePhotosDataPlane: origin=real hostClass=network hostHash=191347bfe55d0ca9 method=POST clientProtocol=http/1.1 upstreamProtocol=h2 status=204 contentType=text/html bytesOut=0 transfer=fixed upstreamHeadersMs=49.999 downstreamWriteMs=0.717
09-08 01:21:32.697  3095  4661 I ChromePhotosDataPlane: origin=real hostClass=network hostHash=191347bfe55d0ca9 method=POST clientProtocol=http/1.1 upstreamProtocol=h2 status=204 contentType=text/html bytesOut=0 transfer=fixed upstreamHeadersMs=74.808 downstreamWriteMs=0.407
09-08 01:21:32.707  3095  4327 I ChromePhotosDataPlane: origin=real hostClass=network hostHash=73a1220668a1b571 method=GET clientProtocol=http/1.1 upstreamProtocol=h2 status=200 contentType=image/png bytesIn=53621 bytesOut=6303 cache=miss decision=block reason=model_filter source=engine probability=0.79657286 basis=FullThreshold decodeMs=4.417 inferenceMs=132.342 localDecisionMs=272.440  requestToDeliveryMs=395.342 upstreamHeadersMs=26.073 sanitizeMs=365.210 downstreamWriteMs=1.503
09-08 01:21:32.709  3095  4639 I ChromePhotosDataPlane: origin=real hostClass=network hostHash=3eac1e980287c7ce method=GET clientProtocol=http/1.1 upstreamProtocol=h2 status=200 contentType=image/png bytesIn=37 bytesOut=6303 cache=miss decision=unknown reason=unsupported_gif source=error probability=-1.0 basis=none decodeMs=0.000 inferenceMs=0.000 localDecisionMs=0.000  requestToDeliveryMs=222.562 upstreamHeadersMs=195.691 sanitizeMs=23.589 downstreamWriteMs=1.127
09-08 01:21:32.710  3095  4374 I ChromePhotosDataPlane: origin=real hostClass=network hostHash=3eac1e980287c7ce method=GET clientProtocol=http/1.1 upstreamProtocol=h2 status=200 contentType=image/png bytesIn=37 bytesOut=6303 cache=miss decision=unknown reason=unsupported_gif source=error probability=-1.0 basis=none decodeMs=0.000 inferenceMs=0.000 localDecisionMs=0.000  requestToDeliveryMs=223.282 upstreamHeadersMs=196.332 sanitizeMs=23.019 downstreamWriteMs=1.133
09-08 01:21:32.712  3095  4407 I ChromePhotosDataPlane: origin=real hostClass=network hostHash=8e08d6d89d17a981 method=POST clientProtocol=http/1.1 upstreamProtocol=h2 status=200 contentType=image/png bytesIn=0 bytesOut=6303 cache=miss decision=unknown reason=encoded_image_unsupported source=error probability=-1.0 basis=none decodeMs=0.000 inferenceMs=0.000 localDecisionMs=0.000  requestToDeliveryMs=59.322 upstreamHeadersMs=56.046 sanitizeMs=0.128 downstreamWriteMs=1.251
09-08 01:21:32.847  3095  4591 I ChromePhotosDataPlane: origin=real hostClass=network hostHash=73a1220668a1b571 method=GET clientProtocol=http/1.1 upstreamProtocol=h2 status=200 contentType=image/png bytesIn=26538 bytesOut=6303 cache=miss decision=block reason=model_filter source=engine probability=0.89206177 basis=FullThreshold decodeMs=3.871 inferenceMs=133.092 localDecisionMs=272.157  requestToDeliveryMs=530.731 upstreamHeadersMs=49.719 sanitizeMs=474.191 downstreamWriteMs=2.505
09-08 01:21:33.183  3095  4407 I ChromePhotosDataPlane: origin=real hostClass=network hostHash=8e08d6d89d17a981 method=POST clientProtocol=http/1.1 upstreamProtocol=h2 status=200 contentType=image/png bytesIn=0 bytesOut=6303 cache=miss decision=unknown reason=encoded_image_unsupported source=error probability=-1.0 basis=none decodeMs=0.000 inferenceMs=0.000 localDecisionMs=0.000  requestToDeliveryMs=75.157 upstreamHeadersMs=72.837 sanitizeMs=0.061 downstreamWriteMs=0.726
09-08 01:21:33.193  3095  4661 I ChromePhotosDataPlane: origin=real hostClass=network hostHash=191347bfe55d0ca9 method=GET clientProtocol=http/1.1 upstreamProtocol=h2 status=200 contentType=application/json bytesOut=17 transfer=chunked upstreamHeadersMs=90.538 downstreamWriteMs=1.430
09-08 01:21:34.378  3095  3095 I ChromePhotosDataPlane: phase=status statusSequence=5 lifecycle=PresentationReady active=true ready=true connections=360 requests=881 safe=236 blocked=35 unknown=100 passthrough=434 cacheHits=10 cacheMisses=288 failures=8 clientDisconnects=7 bytesIn=25201611 bytesOut=26562377 streamed=315 proxyQueueRejects=0 proxyActivePeak=64 proxyP50Ms=342.635 proxyP95Ms=2261.096 proxyP99Ms=3150.511 upstreamSockets=277 protectSuccess=277 protectFailure=0 web11a=not_run web11b=not_run modelLoadMs=409.920 engineCalls=263 dedupeHits=2 decisionCacheConfig=64 decisionConcurrencyConfig=1 decisionQueueConfig=2 decisionTimeoutMs=5000 engineCallsPerRequest=0.9563636363636364 inferencePeak=1 inFlightPeak=2 queuePeak=1 queueRejects=0 timeouts=0 inferenceP50Ms=139.664739 inferenceP95Ms=601.071668 inferenceP99Ms=759.074114 decisionP50Ms=283.440416 decisionP95Ms=1172.265416 decisionP99Ms=1373.160781 cacheHitP50Ms=0.043334 cacheHitP95Ms=0.063073 cacheEntries=64 cacheEvictions=199 preprocessP50Ms=4.964063 preprocessP95Ms=22.258282 preprocessP99Ms=75.839948 preparedCount1=218 preparedCount4=43 preparedCount5=2 preparedCountOther=0 decisionBasis=FullStrong:6,FullThreshold:28,None:228,UncertainRegional:1 imageCandidates=370 imagePrefixPeeks=52 imageMagicCandidates=0 imageBodyAdmissionPeak=2 imageBodyAdmissionRejects=0 networkVisualCandidates=360 networkVisualReplaced=0 networkVisualRawDelivered=0 networkVisualSafeRawDelivered=236 networkVisualBlockedReplaced=35 networkVisualUnknownReplaced=0 networkVisualUnsupportedReplaced=85 networkVisualRawBlockedDelivered=0 networkVisualRawUnknownDelivered=0 networkVisualCacheHit=10 networkVisualInference=259 mediaDocumentsTransformed=25 mediaDocumentsFailClosed=6 documentTransformOutstanding=0 readyTokensOutstanding=25 uiSvgRegistered=7 uiSvgRegistryBytes=1694 uiSvgCssRewritten=1 uiSvgCssRejected=0 uiSvgNetworkAccepted=27 uiSvgNetworkRejected=15 uiSvgAssetServed=6 uiSvgAssetRejected=0 h18=REPORT=not_run,EVENT_SEQUENCE=0,COMPAT_DOCS=0,STRICT_DOCS=0,STYLE_REQ=0,SCRIPT_REQ=0,DATA_REQ=0,NETWORK_REQ=0,REPORTS=0,LAST_DOC=none,NETWORK_SHA=ee17e3f62edde61823ce35732ea168f4f5986bff347ccfac063eca7f4009ee1b,AUDIT_SHA=74d4467bbf6833db4eeab998495b7dfc50db3b1f04f407704b839ad3f4b25582 h19=REPORT=not_run,DOCUMENTS=0,FRAMES=0,SCRIPTS=0,FIRST_ORIGINAL_SCRIPTS=0,STYLES=0,WORKERS=0,SERVICE_WORKERS=0,FRAME_REPORTS=0,FRAME_REPORT_REJECTS=0,FRAME_REPORT=not_run,FRAME_REPORT_SHA=not_run,FRAME_CHALLENGE_SHA=not_run,FRAME_GENERATION=0,FRAME_ACCEPTED_CHALLENGE_SHA=not_run,FRAME_REPORT_BINDING_SHA=not_run,SAME_URL_BODIES=0,REPORTS=0,SW_BOUNDARY={INSTALL_DOCS=0,WORKER_SCRIPTS=0,WORKER_PROBE_SCRIPTS=0,PROBE_DOCS=0,CLEANUP_DOCS=0,REPORTS_ACCEPTED=0,REPORTS_REJECTED=0,CONTROLLER_PRESENT=0,CONTROLLER_MISSING=0,NAV_FETCHES=0,SELF_READY_FETCHES=0,SELF_READY_PASS_THROUGH=0,SELF_READY_SYNTHETIC=0,NAV_SYNTHETIC=0,RESET_BASELINE_CLEAN=0,RESET_BASELINE_DIRTY=0,REGISTER_BLOCKED=0,REGISTER_SUCCEEDED=0,WORKER_REGISTER_BLOCKED=0,WORKER_REGISTER_SUCCEEDED=0,WORKER_REGISTER_UNSUPPORTED=0,WORKER_REGISTER_ERROR=0,LAST_CASE=none,LAST_EVENT=none,LAST_VALUE=none},UI_SVG={INLINE_ORIGINAL:PASS,INLINE_CLICK:PASS,SPRITE_ORIGINAL:PASS,UNSAFE_SPRITE_FAIL_CLOSED:PASS,STATIC_CSS:PASS,EXTERNAL_CSS:PASS,STYLE_ATTRIBUTE:PASS,DATA_IMAGE:PASS,FAVICON:PASS,PROTECTED_HEAD_RETENTION:PASS,NETWORK_SVG:PASS,UNSAFE_NETWORK_FAIL_CLOSED:PASS,DYNAMIC_CSS:PASS,RASTER_FAIL_CLOSED:PASS,UNSAFE_INLINE_FAIL_CLOSED:PASS} quicAttempts=0 directTcpAttempts=0 bootstrapResetGeneration=2 bootstrapCompleteGeneration=2 bootstrapResetCount=3 chromeSuspended=false guardSession=528 guardHeartbeatSequence=561 audit17State=0 audit17Navigation=0 audit17Events=383 audit17Dropped=0
09-08 01:21:34.378  3095  3095 I ChromeMediaShieldStatus: v=1 seq=5 kind=network mode=selective candidates=360 replaced=0 rawDelivered=0 safeRaw=236 blockedReplaced=35 unknownReplaced=0 unsupportedReplaced=85 rawBlocked=0 rawUnknown=0 cacheHit=10 decisionEngine=259 engineCalls=263
09-08 01:21:34.378  3095  3095 I ChromeMediaShieldStatus: v=1 seq=5 kind=document transformed=25 failClosed=6 outstanding=0 issued=25 claims=10 documentSequence=25 navigationSequence=11 readyRequests=31 readyPreflights=0 readyAccepted=10 readyRejected=0 parserBarrierRequests=0 parserBarrierReady=0 parserBarrierFailClosed=0 selfShield=true selfReadyRequests=10 selfReadyAccepted=10 selfReadyRejected=0 selfReadyRejectReason=none selfShieldReleaseCompleted=10 selfShieldParserContinued=10 selfShieldOriginalScriptStarted=0 selfShieldTraceRejected=0 selfShieldTraceOutstanding=2 bootstrapDiagnosticAccepted=0 bootstrapDiagnosticRejected=0 bootstrapDiagnosticRejectReason=none bootstrapDiagnosticStage=none bootstrapDiagnosticReason=none bootstrapDiagnosticOutstanding=0
09-08 01:21:34.379  3095  3095 I ChromeMediaShieldStatus: v=1 seq=5 kind=renderer reports=1 rejected=0 globalCallbacks=206 globalRecords=1679 childRecords=1533 attributeRecords=146 maxRecords=408 scanCalls=3912 scanRoot=2 scanNodes=6029 maxScanNodes=108 scanMicros=198561 maxScanMicros=37099 observerChildScans=1292 observerAttributeScans=0 guardedScans=2109 markupScans=460 shadowScans=49 initialScans=2 otherScans=0 sanitizeElement=13053 sanitizeContainer=5081 img=813 source=0 svg=417 iframe=34 canvas=4 video=0 safeIcon=417 lockIcon=51 geometryWrites=0 svgRecords=0 shadowRoots=3 shadowObservers=3 shadowCallbacks=6 shadowRecords=57 shadowScanCalls=49 ensureStyle=207 ensureCurtain=209 internalMutations=0
09-08 01:21:34.379  3095  3095 I ChromeMediaShieldStatus: v=1 seq=5 kind=rendererApis callScan=createElement=1903/0 createElementNS=54/0 appendChild=2026/2026 insertBefore=81/81 replaceChild=0/0 append=0/0 prepend=2/2 replaceChildren=0/0 before=0/0 after=0/0 replaceWith=0/0 adjacentElement=0/0 moveBefore=0/0 rangeInsert=0/0 rangeSurround=0/0 adoptNode=0/0 cloneNode=0/0 importNode=0/0 safeMarkup=230/230 innerHTML=230/230 outerHTML=0/0 insertAdjacentHTML=0/0 setHTML=0/0 shadowInnerHTML=0/0 execCommandInsertHTML=0/0 mappedTextContent=0/0
09-08 01:21:34.379  3095  3095 I ChromeMediaShieldStatus: v=1 seq=5 kind=rendererFamilies roots=element/fragment/text/other factory:calls=1957,scans=0,direct=1957,roots=1957/0/0/0,nodes=0,micros=22203,maxMicros=500 domGuard:calls=2109,scans=2109,direct=2085,roots=3934/0/249/11,nodes=3273,micros=88837,maxMicros=9199 markup:calls=460,scans=460,direct=0,roots=230/230/0/0,nodes=231,micros=5780,maxMicros=100
09-08 01:21:34.379  3095  3095 I ChromeMediaShieldStatus: v=1 seq=5 kind=uiSvg registered=7 registryBytes=1694 cssRewritten=1 cssRejected=0 networkAccepted=27 networkRejected=15 assetServed=6 assetRejected=0
09-08 01:21:34.379  3095  3095 I ChromeMediaShieldStatus: v=1 seq=5 kind=health failures=8 clientDisconnects=7 proxyQueueRejects=0 protectFailure=0 quicAttempts=0 directTcpAttempts=0 active=true ready=true
09-08 01:21:34.379  3095  3095 I ChromeMediaShieldStatus: v=1 seq=5 kind=fixture report=REPORT=not_run,DOCUMENTS=0,FRAMES=0,SCRIPTS=0,FIRST_ORIGINAL_SCRIPTS=0,STYLES=0,WORKERS=0,SERVICE_WORKERS=0,FRAME_REPORTS=0,FRAME_REPORT_REJECTS=0,FRAME_REPORT=not_run,FRAME_REPORT_SHA=not_run,FRAME_CHALLENGE_SHA=not_run,FRAME_GENERATION=0,FRAME_ACCEPTED_CHALLENGE_SHA=not_run,FRAME_REPORT_BINDING_SHA=not_run,SAME_URL_BODIES=0,REPORTS=0,SW_BOUNDARY={INSTALL_DOCS=0,WORKER_SCRIPTS=0,WORKER_PROBE_SCRIPTS=0,PROBE_DOCS=0,CLEANUP_DOCS=0,REPORTS_ACCEPTED=0,REPORTS_REJECTED=0,CONTROLLER_PRESENT=0,CONTROLLER_MISSING=0,NAV_FETCHES=0,SELF_READY_FETCHES=0,SELF_READY_PASS_THROUGH=0,SELF_READY_SYNTHETIC=0,NAV_SYNTHETIC=0,RESET_BASELINE_CLEAN=0,RESET_BASELINE_DIRTY=0,REGISTER_BLOCKED=0,REGISTER_SUCCEEDED=0,WORKER_REGISTER_BLOCKED=0,WORKER_REGISTER_SUCCEEDED=0,WORKER_REGISTER_UNSUPPORTED=0,WORKER_REGISTER_ERROR=0,LAST_CASE=none,LAST_EVENT=none,LAST_VALUE=none},UI_SVG={INLINE_ORIGINAL:PASS,INLINE_CLICK:PASS,SPRITE_ORIGINAL:PASS,UNSAFE_SPRITE_FAIL_CLOSED:PASS,STATIC_CSS:PASS,EXTERNAL_CSS:PASS,STYLE_ATTRIBUTE:PASS,DATA_IMAGE:PASS,FAVICON:PASS,PROTECTED_HEAD_RETENTION:PASS,NETWORK_SVG:PASS,UNSAFE_NETWORK_FAIL_CLOSED:PASS,DYNAMIC_CSS:PASS,RASTER_FAIL_CLOSED:PASS,UNSAFE_INLINE_FAIL_CLOSED:PASS}
09-08 01:22:01.929  3095  4419 I ChromePhotosDataPlane: phase=worker_ready correlationId=c361 admissionWaitMs=0.273
09-08 01:22:01.988  3095  4419 I ChromePhotosDataPlane: phase=tls_ready correlationId=c361 hostClass=network hostHash=73a1220668a1b571 clientProtocol=http/1.1 ca=ff56b2f4265f0377
09-08 01:22:01.989  3095  4652 I ChromePhotosDataPlane: phase=worker_ready correlationId=c362 admissionWaitMs=0.188
09-08 01:22:01.996  3095  4312 I ChromePhotosDataPlane: phase=worker_ready correlationId=c363 admissionWaitMs=0.265
09-08 01:22:02.009  3095  4652 I ChromePhotosDataPlane: phase=tls_ready correlationId=c362 hostClass=network hostHash=73a1220668a1b571 clientProtocol=http/1.1 ca=ff56b2f4265f0377
09-08 01:22:02.011  3095  4312 I ChromePhotosDataPlane: phase=tls_ready correlationId=c363 hostClass=network hostHash=73a1220668a1b571 clientProtocol=http/1.1 ca=ff56b2f4265f0377
09-08 01:22:02.034  3095  4642 I ChromePhotosDataPlane: phase=worker_ready correlationId=c364 admissionWaitMs=0.345
09-08 01:22:02.064  3095  4642 I ChromePhotosDataPlane: phase=tls_ready correlationId=c364 hostClass=network hostHash=73a1220668a1b571 clientProtocol=http/1.1 ca=ff56b2f4265f0377
09-08 01:22:02.156  3095  4428 I ChromePhotosDataPlane: phase=worker_ready correlationId=c365 admissionWaitMs=0.238
09-08 01:22:02.170  3095  4419 I ChromePhotosDataPlane: origin=real hostClass=network hostHash=73a1220668a1b571 method=GET clientProtocol=http/1.1 upstreamProtocol=h2 status=200 contentType=image/jpeg bytesIn=22149 bytesOut=22149 cache=miss decision=safe reason=model_allow source=engine probability=0.035923213 basis=None decodeMs=4.456 inferenceMs=141.840 localDecisionMs=147.067  requestToDeliveryMs=179.405 upstreamHeadersMs=28.423 sanitizeMs=148.453 downstreamWriteMs=1.044
09-08 01:22:02.179  3095  4428 I ChromePhotosDataPlane: phase=tls_ready correlationId=c365 hostClass=network hostHash=73a1220668a1b571 clientProtocol=http/1.1 ca=ff56b2f4265f0377
09-08 01:22:02.193  3095  4441 I ChromePhotosDataPlane: phase=worker_ready correlationId=c366 admissionWaitMs=1.038
09-08 01:22:02.219  3095  4381 I ChromePhotosDataPlane: phase=worker_ready correlationId=c367 admissionWaitMs=0.312
09-08 01:22:02.225  3095  4441 I ChromePhotosDataPlane: phase=tls_ready correlationId=c366 hostClass=network hostHash=73a1220668a1b571 clientProtocol=http/1.1 ca=ff56b2f4265f0377
09-08 01:22:02.312  3095  4312 I ChromePhotosDataPlane: origin=real hostClass=network hostHash=73a1220668a1b571 method=GET clientProtocol=http/1.1 upstreamProtocol=h2 status=200 contentType=image/jpeg bytesIn=22079 bytesOut=22079 cache=miss decision=safe reason=model_allow source=engine probability=0.15345594 basis=None decodeMs=3.466 inferenceMs=138.936 localDecisionMs=267.507  requestToDeliveryMs=300.817 upstreamHeadersMs=30.588 sanitizeMs=268.531 downstreamWriteMs=0.592
09-08 01:22:02.476  3095  4652 I ChromePhotosDataPlane: origin=real hostClass=network hostHash=73a1220668a1b571 method=GET clientProtocol=http/1.1 upstreamProtocol=h2 status=200 contentType=image/jpeg bytesIn=6686 bytesOut=6686 cache=miss decision=safe reason=model_allow source=engine probability=0.027254432 basis=None decodeMs=2.810 inferenceMs=157.362 localDecisionMs=302.717  requestToDeliveryMs=466.170 upstreamHeadersMs=32.376 sanitizeMs=429.246 downstreamWriteMs=1.286
09-08 01:22:02.615  3095  4642 I ChromePhotosDataPlane: origin=real hostClass=network hostHash=73a1220668a1b571 method=GET clientProtocol=http/1.1 upstreamProtocol=h2 status=200 contentType=image/jpeg bytesIn=15049 bytesOut=15049 cache=miss decision=safe reason=model_allow source=engine probability=0.04614362 basis=None decodeMs=3.081 inferenceMs=136.241 localDecisionMs=299.905  requestToDeliveryMs=548.675 upstreamHeadersMs=23.241 sanitizeMs=521.231 downstreamWriteMs=1.245
09-08 01:22:02.746  3095  4381 I ChromePhotosDataPlane: phase=tls_ready correlationId=c367 hostClass=network hostHash=816c1c4228e457b0 clientProtocol=http/1.1 ca=ff56b2f4265f0377
09-08 01:22:02.766  3095  4428 I ChromePhotosDataPlane: origin=real hostClass=network hostHash=73a1220668a1b571 method=GET clientProtocol=http/1.1 upstreamProtocol=h2 status=200 contentType=image/jpeg bytesIn=31112 bytesOut=31112 cache=miss decision=safe reason=model_allow source=engine probability=0.020164281 basis=None decodeMs=3.406 inferenceMs=146.795 localDecisionMs=289.784  requestToDeliveryMs=585.458 upstreamHeadersMs=39.250 sanitizeMs=540.729 downstreamWriteMs=1.986
09-08 01:22:02.910  3095  4441 I ChromePhotosDataPlane: origin=real hostClass=network hostHash=73a1220668a1b571 method=GET clientProtocol=http/1.1 upstreamProtocol=h2 status=200 contentType=image/png bytesIn=9429 bytesOut=6303 cache=miss decision=block reason=model_filter source=engine probability=0.57181287 basis=FullThreshold decodeMs=10.619 inferenceMs=135.447 localDecisionMs=295.834  requestToDeliveryMs=672.091 upstreamHeadersMs=33.113 sanitizeMs=636.662 downstreamWriteMs=0.478
09-08 01:22:03.018  3095  4381 I ChromePhotosDataPlane: origin=real hostClass=network hostHash=816c1c4228e457b0 method=POST clientProtocol=http/1.1 upstreamProtocol=h2 status=200 contentType=application/javascript bytesOut=0 transfer=fixed upstreamHeadersMs=270.513 downstreamWriteMs=0.416
09-08 01:22:03.060  3095  4419 I ChromePhotosDataPlane: origin=real hostClass=network hostHash=73a1220668a1b571 method=GET clientProtocol=http/1.1 upstreamProtocol=h2 status=200 contentType=image/jpeg bytesIn=59611 bytesOut=59611 cache=miss decision=safe reason=model_allow source=engine probability=0.012316376 basis=None decodeMs=3.911 inferenceMs=145.780 localDecisionMs=294.425  requestToDeliveryMs=834.617 upstreamHeadersMs=49.462 sanitizeMs=783.217 downstreamWriteMs=0.655
09-08 01:22:03.204  3095  4312 I ChromePhotosDataPlane: origin=real hostClass=network hostHash=73a1220668a1b571 method=GET clientProtocol=http/1.1 upstreamProtocol=h2 status=200 contentType=image/jpeg bytesIn=28200 bytesOut=28200 cache=miss decision=safe reason=model_allow source=engine probability=0.003581375 basis=None decodeMs=3.315 inferenceMs=134.055 localDecisionMs=287.083  requestToDeliveryMs=835.738 upstreamHeadersMs=44.330 sanitizeMs=774.217 downstreamWriteMs=3.112
09-08 01:22:03.738  3095  4652 I ChromePhotosDataPlane: origin=real hostClass=network hostHash=73a1220668a1b571 method=GET clientProtocol=http/1.1 upstreamProtocol=h2 status=200 contentType=image/png bytesIn=8373 bytesOut=8373 cache=miss decision=safe reason=model_allow source=engine probability=0.10142553 basis=None decodeMs=8.272 inferenceMs=531.293 localDecisionMs=674.663  requestToDeliveryMs=1217.824 upstreamHeadersMs=24.006 sanitizeMs=1190.866 downstreamWriteMs=0.438
09-08 01:22:03.880  3095  4642 I ChromePhotosDataPlane: origin=real hostClass=network hostHash=73a1220668a1b571 method=GET clientProtocol=http/1.1 upstreamProtocol=h2 status=200 contentType=image/jpeg bytesIn=19862 bytesOut=19862 cache=miss decision=safe reason=model_allow source=engine probability=0.08724591 basis=None decodeMs=3.673 inferenceMs=135.568 localDecisionMs=676.548  requestToDeliveryMs=1221.346 upstreamHeadersMs=39.521 sanitizeMs=1175.841 downstreamWriteMs=1.296
09-08 01:22:04.031  3095  4428 I ChromePhotosDataPlane: origin=real hostClass=network hostHash=73a1220668a1b571 method=GET clientProtocol=http/1.1 upstreamProtocol=h2 status=200 contentType=image/jpeg bytesIn=42073 bytesOut=42073 cache=miss decision=safe reason=model_allow source=engine probability=0.04212874 basis=None decodeMs=3.810 inferenceMs=145.488 localDecisionMs=287.176  requestToDeliveryMs=1222.411 upstreamHeadersMs=25.711 sanitizeMs=1192.044 downstreamWriteMs=1.935
09-08 01:22:04.169  3095  4441 I ChromePhotosDataPlane: origin=real hostClass=network hostHash=73a1220668a1b571 method=GET clientProtocol=http/1.1 upstreamProtocol=h2 status=200 contentType=image/jpeg bytesIn=37071 bytesOut=37071 cache=miss decision=safe reason=model_allow source=engine probability=0.0017765462 basis=None decodeMs=3.679 inferenceMs=134.567 localDecisionMs=286.562  requestToDeliveryMs=1212.664 upstreamHeadersMs=24.608 sanitizeMs=1183.521 downstreamWriteMs=1.595
09-08 01:22:04.302  3095  4642 I ChromePhotosDataPlane: origin=real hostClass=network hostHash=73a1220668a1b571 method=GET clientProtocol=http/1.1 upstreamProtocol=h2 status=200 contentType=image/png bytesIn=579 bytesOut=579 cache=miss decision=safe reason=model_allow source=engine probability=0.03781995 basis=None decodeMs=2.492 inferenceMs=132.641 localDecisionMs=273.209  requestToDeliveryMs=367.930 upstreamHeadersMs=24.200 sanitizeMs=341.972 downstreamWriteMs=0.463
09-08 01:22:04.438  3095  4652 I ChromePhotosDataPlane: origin=real hostClass=network hostHash=73a1220668a1b571 method=GET clientProtocol=http/1.1 upstreamProtocol=h2 status=200 contentType=image/jpeg bytesIn=582 bytesOut=582 cache=miss decision=safe reason=model_allow source=engine probability=0.03629756 basis=None decodeMs=2.506 inferenceMs=133.444 localDecisionMs=271.356  requestToDeliveryMs=497.260 upstreamHeadersMs=33.632 sanitizeMs=457.728 downstreamWriteMs=0.518
09-08 01:22:04.575  3095  4428 I ChromePhotosDataPlane: origin=real hostClass=network hostHash=73a1220668a1b571 method=GET clientProtocol=http/1.1 upstreamProtocol=h2 status=200 contentType=image/png bytesIn=6558 bytesOut=6303 cache=miss decision=block reason=model_filter source=engine probability=0.9855716 basis=FullStrong decodeMs=2.798 inferenceMs=133.752 localDecisionMs=271.346  requestToDeliveryMs=499.823 upstreamHeadersMs=23.233 sanitizeMs=475.199 downstreamWriteMs=0.426
09-08 01:22:04.709  3095  4419 I ChromePhotosDataPlane: origin=real hostClass=network hostHash=73a1220668a1b571 method=GET clientProtocol=http/1.1 upstreamProtocol=h2 status=200 contentType=image/jpeg bytesIn=1301 bytesOut=1301 cache=miss decision=safe reason=model_allow source=engine probability=0.011880487 basis=None decodeMs=2.503 inferenceMs=130.437 localDecisionMs=269.870  requestToDeliveryMs=630.916 upstreamHeadersMs=42.265 sanitizeMs=586.216 downstreamWriteMs=0.508
09-08 01:22:04.844  3095  4312 I ChromePhotosDataPlane: origin=real hostClass=network hostHash=73a1220668a1b571 method=GET clientProtocol=http/1.1 upstreamProtocol=h2 status=200 contentType=image/jpeg bytesIn=935 bytesOut=935 cache=miss decision=safe reason=model_allow source=engine probability=0.26088607 basis=None decodeMs=2.527 inferenceMs=132.123 localDecisionMs=268.004  requestToDeliveryMs=765.906 upstreamHeadersMs=39.057 sanitizeMs=721.067 downstreamWriteMs=0.489
09-08 01:22:04.980  3095  4441 I ChromePhotosDataPlane: origin=real hostClass=network hostHash=73a1220668a1b571 method=GET clientProtocol=http/1.1 upstreamProtocol=h2 status=200 contentType=image/jpeg bytesIn=30518 bytesOut=30518 cache=miss decision=safe reason=model_allow source=engine probability=0.042457372 basis=None decodeMs=3.350 inferenceMs=132.915 localDecisionMs=269.599  requestToDeliveryMs=765.320 upstreamHeadersMs=27.935 sanitizeMs=734.653 downstreamWriteMs=0.440
09-08 01:22:04.983  3095  4434 I ChromePhotosDataPlane: phase=worker_ready correlationId=c368 admissionWaitMs=2.775
09-08 01:22:05.013  3095  4434 I ChromePhotosDataPlane: phase=tls_ready correlationId=c368 hostClass=network hostHash=191347bfe55d0ca9 clientProtocol=http/1.1 ca=ff56b2f4265f0377
09-08 01:22:05.017  3095  4659 I ChromePhotosDataPlane: phase=worker_ready correlationId=c369 admissionWaitMs=0.183
09-08 01:22:05.020  3095  4600 I ChromePhotosDataPlane: phase=worker_ready correlationId=c370 admissionWaitMs=1.087
09-08 01:22:05.034  3095  4659 I ChromePhotosDataPlane: phase=tls_ready correlationId=c369 hostClass=network hostHash=191347bfe55d0ca9 clientProtocol=http/1.1 ca=ff56b2f4265f0377
09-08 01:22:05.035  3095  4600 I ChromePhotosDataPlane: phase=tls_ready correlationId=c370 hostClass=network hostHash=191347bfe55d0ca9 clientProtocol=http/1.1 ca=ff56b2f4265f0377
09-08 01:22:05.100  3095  4571 I ChromePhotosDataPlane: phase=worker_ready correlationId=c371 admissionWaitMs=0.164
09-08 01:22:05.100  3095  4434 I ChromePhotosDataPlane: origin=real hostClass=network hostHash=191347bfe55d0ca9 method=POST clientProtocol=http/1.1 upstreamProtocol=h2 status=204 contentType=text/html bytesOut=0 transfer=fixed upstreamHeadersMs=73.432 downstreamWriteMs=0.284
09-08 01:22:05.107  3095  4268 I ChromePhotosDataPlane: phase=worker_ready correlationId=c372 admissionWaitMs=0.191
09-08 01:22:05.123  3095  4659 I ChromePhotosDataPlane: origin=real hostClass=network hostHash=191347bfe55d0ca9 method=POST clientProtocol=http/1.1 upstreamProtocol=h2 status=204 contentType=text/html bytesOut=0 transfer=fixed upstreamHeadersMs=84.245 downstreamWriteMs=0.491
09-08 01:22:05.126  3095  4600 I ChromePhotosDataPlane: origin=real hostClass=network hostHash=191347bfe55d0ca9 method=POST clientProtocol=http/1.1 upstreamProtocol=h2 status=204 contentType=text/html bytesOut=0 transfer=fixed upstreamHeadersMs=86.170 downstreamWriteMs=0.615
09-08 01:22:05.137  3095  4571 I ChromePhotosDataPlane: phase=tls_ready correlationId=c371 hostClass=network hostHash=191347bfe55d0ca9 clientProtocol=http/1.1 ca=ff56b2f4265f0377
09-08 01:22:05.151  3095  4268 I ChromePhotosDataPlane: phase=tls_ready correlationId=c372 hostClass=network hostHash=191347bfe55d0ca9 clientProtocol=http/1.1 ca=ff56b2f4265f0377
09-08 01:22:05.173  3095  4434 I ChromePhotosDataPlane: origin=real hostClass=network hostHash=191347bfe55d0ca9 method=POST clientProtocol=http/1.1 upstreamProtocol=h2 status=204 contentType=text/html bytesOut=0 transfer=fixed upstreamHeadersMs=59.226 downstreamWriteMs=0.368
09-08 01:22:05.203  3095  4659 I ChromePhotosDataPlane: origin=real hostClass=network hostHash=191347bfe55d0ca9 method=POST clientProtocol=http/1.1 upstreamProtocol=h2 status=204 contentType=text/html bytesOut=0 transfer=fixed upstreamHeadersMs=63.421 downstreamWriteMs=0.511
09-08 01:22:06.216  3095  4659 I ChromePhotosDataPlane: origin=real hostClass=network hostHash=191347bfe55d0ca9 method=GET clientProtocol=http/1.1 upstreamProtocol=h2 status=200 contentType=application/json bytesOut=123 transfer=fixed upstreamHeadersMs=88.507 downstreamWriteMs=0.941
09-08 01:22:06.357  3095  4659 I ChromePhotosDataPlane: origin=real hostClass=network hostHash=191347bfe55d0ca9 method=GET clientProtocol=http/1.1 upstreamProtocol=h2 status=200 contentType=application/json bytesOut=321 transfer=fixed upstreamHeadersMs=71.667 downstreamWriteMs=0.467
09-08 01:22:06.554  3095  4659 I ChromePhotosDataPlane: origin=real hostClass=network hostHash=191347bfe55d0ca9 method=GET clientProtocol=http/1.1 upstreamProtocol=h2 status=200 contentType=application/json bytesOut=439 transfer=fixed upstreamHeadersMs=76.745 downstreamWriteMs=1.450
09-08 01:22:06.561  3095  4441 I ChromePhotosDataPlane: origin=real hostClass=network hostHash=73a1220668a1b571 method=GET clientProtocol=http/1.1 upstreamProtocol=h2 status=200 contentType=image/jpeg bytesIn=2675 bytesOut=2675 cache=miss decision=safe reason=model_allow source=engine probability=0.026397496 basis=None decodeMs=2.416 inferenceMs=143.530 localDecisionMs=146.723  requestToDeliveryMs=175.442 upstreamHeadersMs=23.306 sanitizeMs=147.179 downstreamWriteMs=2.092
09-08 01:22:06.682  3095  4659 I ChromePhotosDataPlane: origin=real hostClass=network hostHash=191347bfe55d0ca9 method=GET clientProtocol=http/1.1 upstreamProtocol=h2 status=200 contentType=application/json bytesOut=92 transfer=fixed upstreamHeadersMs=69.186 downstreamWriteMs=0.780
09-08 01:22:06.790  3095  4312 I ChromePhotosDataPlane: origin=real hostClass=network hostHash=73a1220668a1b571 method=GET clientProtocol=http/1.1 upstreamProtocol=h2 status=200 contentType=image/png bytesIn=5288 bytesOut=5288 cache=miss decision=safe reason=model_allow source=engine probability=0.0035900772 basis=None decodeMs=3.223 inferenceMs=166.648 localDecisionMs=172.187  requestToDeliveryMs=203.081 upstreamHeadersMs=23.659 sanitizeMs=173.286 downstreamWriteMs=4.068
09-08 01:22:06.888  3095  4659 I ChromePhotosDataPlane: origin=real hostClass=network hostHash=191347bfe55d0ca9 method=GET clientProtocol=http/1.1 upstreamProtocol=h2 status=200 contentType=application/json bytesOut=93 transfer=fixed upstreamHeadersMs=62.458 downstreamWriteMs=2.452
09-08 01:22:06.954  3095  4441 I ChromePhotosDataPlane: origin=real hostClass=network hostHash=73a1220668a1b571 method=GET clientProtocol=http/1.1 upstreamProtocol=h2 status=200 contentType=image/png bytesIn=609 bytesOut=609 cache=miss decision=safe reason=model_allow source=engine probability=0.008627802 basis=None decodeMs=4.427 inferenceMs=161.574 localDecisionMs=312.512  requestToDeliveryMs=362.366 upstreamHeadersMs=44.578 sanitizeMs=313.804 downstreamWriteMs=1.156
09-08 01:22:07.081  3095  4659 I ChromePhotosDataPlane: origin=real hostClass=network hostHash=191347bfe55d0ca9 method=GET clientProtocol=http/1.1 upstreamProtocol=h2 status=200 contentType=application/json bytesOut=98 transfer=fixed upstreamHeadersMs=66.489 downstreamWriteMs=1.317
09-08 01:22:07.338  3095  4233 I ChromePhotosDataPlane: phase=worker_ready correlationId=c373 admissionWaitMs=0.223
09-08 01:22:07.378  3095  4659 I ChromePhotosDataPlane: origin=real hostClass=network hostHash=191347bfe55d0ca9 method=POST clientProtocol=http/1.1 upstreamProtocol=h2 status=204 contentType=text/html bytesOut=0 transfer=fixed upstreamHeadersMs=77.061 downstreamWriteMs=0.341
09-08 01:22:07.734  3095  4233 I ChromePhotosDataPlane: phase=tls_ready correlationId=c373 hostClass=network hostHash=7df7caa0a5579e01 clientProtocol=http/1.1 ca=ff56b2f4265f0377
09-08 01:22:08.081  3095  4434 I ChromePhotosDataPlane: phase=media_shield_document origin=real hostClass=network hostHash=191347bfe55d0ca9 result=transformed documentSequence=26 navigationSequence=12 token=f511656a38b8 bytesOut=980639 upstreamHeadersMs=89.515 documentDecisionMs=218.236 downstreamWriteMs=4.377
09-08 01:22:08.188  3095  4383 I ChromePhotosDataPlane: phase=worker_ready correlationId=c374 admissionWaitMs=0.576
09-08 01:22:08.200  3095  4434 I ChromePhotosDataPlane: origin=real hostClass=network hostHash=191347bfe55d0ca9 method=POST clientProtocol=http/1.1 upstreamProtocol=h2 status=204 contentType=text/html bytesOut=0 transfer=fixed upstreamHeadersMs=56.039 downstreamWriteMs=0.420
09-08 01:22:08.233  3095  4434 I ChromePhotosDataPlane: phase=media_shield_ready origin=same_origin result=204 bytesOut=0
09-08 01:22:08.247  3095  4434 I ChromePhotosDataPlane: phase=media_shield_ready origin=same_origin result=204 bytesOut=0
09-08 01:22:08.271  3095  4434 I ChromePhotosDataPlane: phase=media_shield_ready origin=same_origin result=204 bytesOut=0
09-08 01:22:08.512  3095  4434 I ChromePhotosDataPlane: origin=real hostClass=network hostHash=191347bfe55d0ca9 method=GET clientProtocol=http/1.1 upstreamProtocol=h2 status=200 contentType=image/webp bytesIn=2070 bytesOut=2070 cache=hit decision=safe reason=model_allow source=cache probability=0.093275934 basis=None decodeMs=0.000 inferenceMs=0.000 localDecisionMs=0.027  requestToDeliveryMs=52.681 upstreamHeadersMs=50.352 sanitizeMs=0.794 downstreamWriteMs=0.492
09-08 01:22:08.603  3095  4383 I ChromePhotosDataPlane: phase=tls_ready correlationId=c374 hostClass=network hostHash=685eae6637200805 clientProtocol=http/1.1 ca=ff56b2f4265f0377
09-08 01:22:08.761  3095  4383 I ChromePhotosDataPlane: origin=real hostClass=network hostHash=685eae6637200805 method=GET clientProtocol=http/1.1 upstreamProtocol=h2 status=302 contentType= bytesIn=0 bytesOut=0 cache=miss decision=passthrough  requestToDeliveryMs=156.204 upstreamHeadersMs=153.334 sanitizeMs=0.415 downstreamWriteMs=0.392
09-08 01:22:08.789  3095  4560 I ChromePhotosDataPlane: phase=worker_ready correlationId=c375 admissionWaitMs=0.309
09-08 01:22:08.865  3095  4434 I ChromePhotosDataPlane: origin=real hostClass=network hostHash=191347bfe55d0ca9 method=POST clientProtocol=http/1.1 upstreamProtocol=h2 status=204 contentType=text/html bytesOut=0 transfer=fixed upstreamHeadersMs=56.351 downstreamWriteMs=0.627
09-08 01:22:09.067  3095  4560 I ChromePhotosDataPlane: phase=tls_ready correlationId=c375 hostClass=network hostHash=bf52830e11f43bb6 clientProtocol=http/1.1 ca=ff56b2f4265f0377
09-08 01:22:09.213  3095  4560 I ChromePhotosDataPlane: origin=real hostClass=network hostHash=bf52830e11f43bb6 method=GET clientProtocol=http/1.1 upstreamProtocol=h2 status=200 contentType=image/png bytesIn=719 bytesOut=719 cache=hit decision=safe reason=model_allow source=cache probability=0.039679587 basis=None decodeMs=0.000 inferenceMs=0.000 localDecisionMs=0.024  requestToDeliveryMs=144.169 upstreamHeadersMs=141.894 sanitizeMs=0.835 downstreamWriteMs=0.349
09-08 01:22:09.266  3095  4434 I ChromePhotosDataPlane: origin=real hostClass=network hostHash=191347bfe55d0ca9 method=POST clientProtocol=http/1.1 upstreamProtocol=h2 status=204 contentType=text/html bytesOut=0 transfer=fixed upstreamHeadersMs=55.178 downstreamWriteMs=1.219
09-08 01:22:09.508  3095  4434 I ChromePhotosDataPlane: origin=real hostClass=network hostHash=191347bfe55d0ca9 method=GET clientProtocol=http/1.1 upstreamProtocol=h2 status=200 contentType=application/json bytesOut=294 transfer=fixed upstreamHeadersMs=69.198 downstreamWriteMs=2.257
09-08 01:22:09.590  3095  4537 I ChromePhotosDataPlane: phase=worker_ready correlationId=c376 admissionWaitMs=0.502
09-08 01:22:09.609  3095  4434 I ChromePhotosDataPlane: origin=real hostClass=network hostHash=191347bfe55d0ca9 method=GET clientProtocol=http/1.1 upstreamProtocol=h2 status=200 contentType=text/javascript bytesOut=39359 transfer=fixed upstreamHeadersMs=73.272 downstreamWriteMs=8.692
09-08 01:22:09.646  3095  4659 I ChromePhotosDataPlane: origin=real hostClass=network hostHash=191347bfe55d0ca9 method=GET clientProtocol=http/1.1 upstreamProtocol=h2 status=200 contentType=text/javascript bytesOut=102426 transfer=fixed upstreamHeadersMs=58.838 downstreamWriteMs=67.117
09-08 01:22:09.670  3095  4441 I ChromePhotosDataPlane: origin=real hostClass=network hostHash=73a1220668a1b571 method=GET clientProtocol=http/1.1 upstreamProtocol=h2 status=200 contentType=image/jpeg bytesIn=24192 bytesOut=24192 cache=miss decision=safe reason=model_allow source=engine probability=0.029738128 basis=None decodeMs=4.556 inferenceMs=146.037 localDecisionMs=151.394  requestToDeliveryMs=179.157 upstreamHeadersMs=13.748 sanitizeMs=161.971 downstreamWriteMs=1.533
09-08 01:22:09.808  3095  4419 I ChromePhotosDataPlane: origin=real hostClass=network hostHash=73a1220668a1b571 method=GET clientProtocol=http/1.1 upstreamProtocol=h2 status=200 contentType=image/jpeg bytesIn=12183 bytesOut=12183 cache=miss decision=safe reason=model_allow source=engine probability=0.018198133 basis=None decodeMs=3.220 inferenceMs=134.537 localDecisionMs=276.323  requestToDeliveryMs=308.659 upstreamHeadersMs=24.718 sanitizeMs=280.107 downstreamWriteMs=1.184
09-08 01:22:09.900  3095  4434 I ChromePhotosDataPlane: phase=media_shield_ready origin=same_origin result=200 bytesOut=18234
09-08 01:22:09.915  3095  4537 I ChromePhotosDataPlane: phase=tls_ready correlationId=c376 hostClass=network hostHash=eaadc6f5c45b9f47 clientProtocol=http/1.1 ca=ff56b2f4265f0377
09-08 01:22:09.940  3095  4659 I ChromePhotosDataPlane: origin=real hostClass=network hostHash=191347bfe55d0ca9 method=GET clientProtocol=http/1.1 upstreamProtocol=h2 status=200 contentType=text/javascript bytesOut=27358 transfer=fixed upstreamHeadersMs=57.674 downstreamWriteMs=7.181
09-08 01:22:09.948  3095  4312 I ChromePhotosDataPlane: origin=real hostClass=network hostHash=73a1220668a1b571 method=GET clientProtocol=http/1.1 upstreamProtocol=h2 status=200 contentType=image/png bytesIn=2023 bytesOut=2023 cache=miss decision=safe reason=model_allow source=engine probability=0.017641604 basis=None decodeMs=3.224 inferenceMs=136.054 localDecisionMs=276.513  requestToDeliveryMs=451.352 upstreamHeadersMs=31.444 sanitizeMs=415.868 downstreamWriteMs=1.407
09-08 01:22:10.084  3095  4428 I ChromePhotosDataPlane: origin=real hostClass=network hostHash=73a1220668a1b571 method=GET clientProtocol=http/1.1 upstreamProtocol=h2 status=200 contentType=image/jpeg bytesIn=10615 bytesOut=10615 cache=miss decision=safe reason=model_allow source=engine probability=0.04691878 basis=None decodeMs=3.140 inferenceMs=135.623 localDecisionMs=277.803  requestToDeliveryMs=582.689 upstreamHeadersMs=49.352 sanitizeMs=531.685 downstreamWriteMs=0.501
09-08 01:22:10.089  3095  4537 I ChromePhotosDataPlane: origin=real hostClass=network hostHash=eaadc6f5c45b9f47 method=POST clientProtocol=http/1.1 upstreamProtocol=h2 status=200 contentType=application/json+protobuf bytesOut=39 transfer=fixed upstreamHeadersMs=170.956 downstreamWriteMs=0.536
09-08 01:22:10.129  3095  4378 I ChromePhotosDataPlane: phase=worker_ready correlationId=c377 admissionWaitMs=0.177
09-08 01:22:10.139  3095  4379 I ChromePhotosDataPlane: phase=worker_ready correlationId=c378 admissionWaitMs=0.909
09-08 01:22:10.189  3095  4378 I ChromePhotosDataPlane: phase=tls_ready correlationId=c377 hostClass=network hostHash=3eac1e980287c7ce clientProtocol=http/1.1 ca=ff56b2f4265f0377
09-08 01:22:10.191  3095  4379 I ChromePhotosDataPlane: phase=tls_ready correlationId=c378 hostClass=network hostHash=3eac1e980287c7ce clientProtocol=http/1.1 ca=ff56b2f4265f0377
09-08 01:22:10.241  3095  4652 I ChromePhotosDataPlane: origin=real hostClass=network hostHash=73a1220668a1b571 method=GET clientProtocol=http/1.1 upstreamProtocol=h2 status=200 contentType=image/jpeg bytesIn=7205 bytesOut=7205 cache=miss decision=safe reason=model_allow source=engine probability=0.020083725 basis=None decodeMs=3.932 inferenceMs=139.557 localDecisionMs=281.818  requestToDeliveryMs=733.107 upstreamHeadersMs=50.888 sanitizeMs=668.144 downstreamWriteMs=1.306
09-08 01:22:10.244  3095  4306 I ChromePhotosDataPlane: phase=worker_ready correlationId=c379 admissionWaitMs=1.402
09-08 01:22:10.266  3095  4192 I ChromePhotosDataPlane: phase=worker_ready correlationId=c380 admissionWaitMs=0.372
09-08 01:22:10.306  3095  4306 I ChromePhotosDataPlane: phase=tls_ready correlationId=c379 hostClass=network hostHash=191347bfe55d0ca9 clientProtocol=http/1.1 ca=ff56b2f4265f0377
09-08 01:22:10.343  3095  4192 I ChromePhotosDataPlane: phase=tls_ready correlationId=c380 hostClass=network hostHash=816c1c4228e457b0 clientProtocol=http/1.1 ca=ff56b2f4265f0377
09-08 01:22:10.352  3095  4306 I ChromePhotosDataPlane: origin=real hostClass=network hostHash=191347bfe55d0ca9 method=GET clientProtocol=http/1.1 upstreamProtocol=h2 status=200 contentType=image/png bytesIn=0 bytesOut=6303 cache=miss decision=unknown reason=encoded_image_unsupported source=error probability=-1.0 basis=none decodeMs=0.000 inferenceMs=0.000 localDecisionMs=0.000  requestToDeliveryMs=43.344 upstreamHeadersMs=39.809 sanitizeMs=0.096 downstreamWriteMs=0.852
09-08 01:22:10.397  3095  4434 I ChromePhotosDataPlane: origin=real hostClass=network hostHash=191347bfe55d0ca9 method=POST clientProtocol=http/1.1 upstreamProtocol=h2 status=204 contentType=text/html bytesOut=0 transfer=fixed upstreamHeadersMs=104.493 downstreamWriteMs=0.381
09-08 01:22:10.400  3095  4600 I ChromePhotosDataPlane: origin=real hostClass=network hostHash=191347bfe55d0ca9 method=POST clientProtocol=http/1.1 upstreamProtocol=h2 status=204 contentType=text/html bytesOut=0 transfer=fixed upstreamHeadersMs=96.589 downstreamWriteMs=0.485
09-08 01:22:10.450  3095  4428 I ChromePhotosDataPlane: origin=real hostClass=network hostHash=73a1220668a1b571 method=GET clientProtocol=http/1.1 upstreamProtocol=h2 status=200 contentType=image/jpeg bytesIn=9152 bytesOut=9152 cache=miss decision=safe reason=model_allow source=engine probability=0.011082202 basis=None decodeMs=3.696 inferenceMs=215.949 localDecisionMs=333.901  requestToDeliveryMs=361.395 upstreamHeadersMs=24.760 sanitizeMs=334.443 downstreamWriteMs=0.685
09-08 01:22:10.482  3095  4571 I ChromePhotosDataPlane: origin=real hostClass=network hostHash=191347bfe55d0ca9 method=POST clientProtocol=http/1.1 upstreamProtocol=h2 status=204 contentType=text/html bytesOut=0 transfer=fixed upstreamHeadersMs=82.353 downstreamWriteMs=0.703
09-08 01:22:10.503  3095  4434 I ChromePhotosDataPlane: origin=real hostClass=network hostHash=191347bfe55d0ca9 method=POST clientProtocol=http/1.1 upstreamProtocol=h2 status=204 contentType=text/html bytesOut=0 transfer=fixed upstreamHeadersMs=70.180 downstreamWriteMs=0.821
09-08 01:22:10.503  3095  4600 I ChromePhotosDataPlane: origin=real hostClass=network hostHash=191347bfe55d0ca9 method=POST clientProtocol=http/1.1 upstreamProtocol=h2 status=204 contentType=text/html bytesOut=0 transfer=fixed upstreamHeadersMs=72.301 downstreamWriteMs=0.563
09-08 01:22:10.517  3095  4192 I ChromePhotosDataPlane: origin=real hostClass=network hostHash=816c1c4228e457b0 method=POST clientProtocol=http/1.1 upstreamProtocol=h2 status=200 contentType=application/javascript bytesOut=0 transfer=fixed upstreamHeadersMs=165.987 downstreamWriteMs=0.923
09-08 01:22:10.573  3095  4571 I ChromePhotosDataPlane: origin=real hostClass=network hostHash=191347bfe55d0ca9 method=POST clientProtocol=http/1.1 upstreamProtocol=h2 status=204 contentType=text/html bytesOut=0 transfer=fixed upstreamHeadersMs=79.707 downstreamWriteMs=0.364
09-08 01:22:10.579  3095  4282 I ChromePhotosDataPlane: phase=worker_ready correlationId=c381 admissionWaitMs=0.288
09-08 01:22:10.633  3095  4312 I ChromePhotosDataPlane: origin=real hostClass=network hostHash=73a1220668a1b571 method=GET clientProtocol=http/1.1 upstreamProtocol=h2 status=200 contentType=image/jpeg bytesIn=10880 bytesOut=10880 cache=miss decision=safe reason=model_allow source=engine probability=0.13414183 basis=None decodeMs=5.450 inferenceMs=178.661 localDecisionMs=404.001  requestToDeliveryMs=539.969 upstreamHeadersMs=45.644 sanitizeMs=492.617 downstreamWriteMs=0.482
09-08 01:22:10.635  3095  4379 I ChromePhotosDataPlane: origin=real hostClass=network hostHash=3eac1e980287c7ce method=GET clientProtocol=http/1.1 upstreamProtocol=h2 status=200 contentType=image/png bytesIn=37 bytesOut=6303 cache=miss decision=unknown reason=unsupported_gif source=error probability=-1.0 basis=none decodeMs=0.000 inferenceMs=0.000 localDecisionMs=0.000  requestToDeliveryMs=435.604 upstreamHeadersMs=222.520 sanitizeMs=211.044 downstreamWriteMs=0.368
09-08 01:22:10.636  3095  4378 I ChromePhotosDataPlane: origin=real hostClass=network hostHash=3eac1e980287c7ce method=GET clientProtocol=http/1.1 upstreamProtocol=h2 status=200 contentType=image/png bytesIn=37 bytesOut=6303 cache=miss decision=unknown reason=unsupported_gif source=error probability=-1.0 basis=none decodeMs=0.000 inferenceMs=0.000 localDecisionMs=0.000  requestToDeliveryMs=441.707 upstreamHeadersMs=188.809 sanitizeMs=250.021 downstreamWriteMs=0.773
09-08 01:22:10.688  3095  4600 I ChromePhotosDataPlane: origin=real hostClass=network hostHash=191347bfe55d0ca9 method=GET clientProtocol=http/1.1 upstreamProtocol=h2 status=200 contentType=application/octet-stream bytesOut=122066 transfer=chunked upstreamHeadersMs=72.830 downstreamWriteMs=68.418
09-08 01:22:10.812  3095  4419 I ChromePhotosDataPlane: origin=real hostClass=network hostHash=73a1220668a1b571 method=GET clientProtocol=http/1.1 upstreamProtocol=h2 status=200 contentType=image/jpeg bytesIn=28605 bytesOut=28605 cache=miss decision=safe reason=model_allow source=engine probability=0.24465913 basis=None decodeMs=3.378 inferenceMs=172.203 localDecisionMs=357.886  requestToDeliveryMs=671.810 upstreamHeadersMs=43.874 sanitizeMs=622.673 downstreamWriteMs=2.128
09-08 01:22:11.023  3095  4659 I ChromePhotosDataPlane: phase=media_shield_document origin=real hostClass=network hostHash=191347bfe55d0ca9 result=transformed documentSequence=27 navigationSequence=13 token=b52e2b3867fd bytesOut=1250778 upstreamHeadersMs=96.570 documentDecisionMs=322.424 downstreamWriteMs=6.973
09-08 01:22:11.043  3095  4668 I ChromePhotosDataPlane: phase=worker_ready correlationId=c382 admissionWaitMs=0.239
09-08 01:22:11.124  3095  4659 I ChromePhotosDataPlane: origin=real hostClass=network hostHash=191347bfe55d0ca9 method=POST clientProtocol=http/1.1 upstreamProtocol=h2 status=204 contentType=text/html bytesOut=0 transfer=fixed upstreamHeadersMs=73.570 downstreamWriteMs=0.545
09-08 01:22:11.138  3095  4659 I ChromePhotosDataPlane: phase=media_shield_ready origin=same_origin result=204 bytesOut=0
09-08 01:22:11.149  3095  4659 I ChromePhotosDataPlane: phase=media_shield_ready origin=same_origin result=204 bytesOut=0
09-08 01:22:11.156  3095  4600 I ChromePhotosDataPlane: phase=client_disconnect direction=downstream_write correlationId=c370-r5
09-08 01:22:11.163  3095  4659 I ChromePhotosDataPlane: phase=media_shield_ready origin=same_origin result=204 bytesOut=0
09-08 01:22:11.192  3095  4668 I ChromePhotosDataPlane: phase=tls_ready correlationId=c382 hostClass=network hostHash=8e08d6d89d17a981 clientProtocol=http/1.1 ca=ff56b2f4265f0377
09-08 01:22:11.192  3095  4282 I ChromePhotosDataPlane: phase=tls_ready correlationId=c381 hostClass=network hostHash=8e08d6d89d17a981 clientProtocol=http/1.1 ca=ff56b2f4265f0377
09-08 01:22:11.260  3095  4383 I ChromePhotosDataPlane: origin=real hostClass=network hostHash=685eae6637200805 method=GET clientProtocol=http/1.1 upstreamProtocol=h2 status=302 contentType= bytesIn=0 bytesOut=0 cache=miss decision=passthrough  requestToDeliveryMs=162.810 upstreamHeadersMs=156.450 sanitizeMs=1.893 downstreamWriteMs=1.245
09-08 01:22:11.314  3095  4659 I ChromePhotosDataPlane: origin=real hostClass=network hostHash=191347bfe55d0ca9 method=GET clientProtocol=http/1.1 upstreamProtocol=h2 status=200 contentType=image/webp bytesIn=2070 bytesOut=2070 cache=hit decision=safe reason=model_allow source=cache probability=0.093275934 basis=None decodeMs=0.000 inferenceMs=0.000 localDecisionMs=0.048  requestToDeliveryMs=54.139 upstreamHeadersMs=48.563 sanitizeMs=2.218 downstreamWriteMs=0.979
09-08 01:22:11.362  3095  4282 I ChromePhotosDataPlane: origin=real hostClass=network hostHash=8e08d6d89d17a981 method=POST clientProtocol=http/1.1 upstreamProtocol=h2 status=200 contentType=image/png bytesIn=0 bytesOut=6303 cache=miss decision=unknown reason=encoded_image_unsupported source=error probability=-1.0 basis=none decodeMs=0.000 inferenceMs=0.000 localDecisionMs=0.000  requestToDeliveryMs=168.199 upstreamHeadersMs=164.466 sanitizeMs=0.272 downstreamWriteMs=1.394
09-08 01:22:11.394  3095  4663 I ChromePhotosDataPlane: phase=worker_ready correlationId=c383 admissionWaitMs=0.379
09-08 01:22:11.465  3095  4560 I ChromePhotosDataPlane: origin=real hostClass=network hostHash=bf52830e11f43bb6 method=GET clientProtocol=http/1.1 upstreamProtocol=h2 status=200 contentType=image/png bytesIn=719 bytesOut=719 cache=hit decision=safe reason=model_allow source=cache probability=0.039679587 basis=None decodeMs=0.000 inferenceMs=0.000 localDecisionMs=0.061  requestToDeliveryMs=179.828 upstreamHeadersMs=175.150 sanitizeMs=0.971 downstreamWriteMs=1.278
09-08 01:22:11.481  3095  4571 I ChromePhotosDataPlane: origin=real hostClass=network hostHash=191347bfe55d0ca9 method=POST clientProtocol=http/1.1 upstreamProtocol=h2 status=204 contentType=text/html bytesOut=0 transfer=fixed upstreamHeadersMs=56.748 downstreamWriteMs=0.804
09-08 01:22:11.482  3095  4659 I ChromePhotosDataPlane: origin=real hostClass=network hostHash=191347bfe55d0ca9 method=GET clientProtocol=http/1.1 upstreamProtocol=h2 status=204 contentType=text/css bytesIn=0 bytesOut=0 cache=miss decision=passthrough  requestToDeliveryMs=76.412 upstreamHeadersMs=74.202 sanitizeMs=0.056 downstreamWriteMs=0.767
09-08 01:22:11.612  3095  4663 I ChromePhotosDataPlane: phase=tls_ready correlationId=c383 hostClass=network hostHash=531c0c97f236d51c clientProtocol=http/1.1 ca=ff56b2f4265f0377
09-08 01:22:11.689  3095  4382 I ChromePhotosDataPlane: phase=worker_ready correlationId=c384 admissionWaitMs=0.411
09-08 01:22:11.693  3095  4164 I ChromePhotosDataPlane: phase=worker_ready correlationId=c385 admissionWaitMs=0.772
09-08 01:22:11.760  3095  4659 I ChromePhotosDataPlane: origin=real hostClass=network hostHash=191347bfe55d0ca9 method=GET clientProtocol=http/1.1 upstreamProtocol=h2 status=204 contentType=text/css bytesIn=0 bytesOut=0 cache=miss decision=passthrough  requestToDeliveryMs=78.576 upstreamHeadersMs=76.124 sanitizeMs=0.082 downstreamWriteMs=0.762
09-08 01:22:11.765  3095  4663 I ChromePhotosDataPlane: origin=real hostClass=network hostHash=531c0c97f236d51c method=GET clientProtocol=http/1.1 upstreamProtocol=h2 status=204 contentType=text/css bytesIn=0 bytesOut=0 cache=miss decision=passthrough  requestToDeliveryMs=152.803 upstreamHeadersMs=151.604 sanitizeMs=0.022 downstreamWriteMs=0.381
09-08 01:22:12.012  3095  4659 I ChromePhotosDataPlane: origin=real hostClass=network hostHash=191347bfe55d0ca9 method=POST clientProtocol=http/1.1 upstreamProtocol=h2 status=204 contentType=text/html bytesOut=0 transfer=fixed upstreamHeadersMs=63.283 downstreamWriteMs=1.044
09-08 01:22:12.114  3095  4164 I ChromePhotosDataPlane: phase=tls_ready correlationId=c385 hostClass=network hostHash=a599aeb3c7c1dfa5 clientProtocol=http/1.1 ca=ff56b2f4265f0377
09-08 01:22:12.124  3095  4382 I ChromePhotosDataPlane: phase=tls_ready correlationId=c384 hostClass=network hostHash=a599aeb3c7c1dfa5 clientProtocol=http/1.1 ca=ff56b2f4265f0377
09-08 01:22:12.238  3095  4659 I ChromePhotosDataPlane: origin=real hostClass=network hostHash=191347bfe55d0ca9 method=POST clientProtocol=http/1.1 upstreamProtocol=h2 status=204 contentType=text/html bytesOut=0 transfer=fixed upstreamHeadersMs=62.314 downstreamWriteMs=0.633
09-08 01:22:12.261  3095  4164 I ChromePhotosDataPlane: origin=real hostClass=network hostHash=a599aeb3c7c1dfa5 method=GET clientProtocol=http/1.1 upstreamProtocol=h2 status=204 contentType=text/html bytesIn=0 bytesOut=0 cache=miss decision=passthrough  requestToDeliveryMs=145.780 upstreamHeadersMs=144.239 sanitizeMs=0.036 downstreamWriteMs=0.389
09-08 01:22:12.281  3095  4434 I ChromePhotosDataPlane: origin=real hostClass=network hostHash=191347bfe55d0ca9 method=GET clientProtocol=http/1.1 upstreamProtocol=h2 status=200 contentType=text/javascript bytesOut=13461 transfer=fixed upstreamHeadersMs=61.205 downstreamWriteMs=2.147
09-08 01:22:12.296  3095  4571 I ChromePhotosDataPlane: origin=real hostClass=network hostHash=191347bfe55d0ca9 method=GET clientProtocol=http/1.1 upstreamProtocol=h2 status=200 contentType=text/javascript bytesOut=90023 transfer=fixed upstreamHeadersMs=56.831 downstreamWriteMs=27.462
09-08 01:22:12.307  3095  4382 I ChromePhotosDataPlane: origin=real hostClass=network hostHash=a599aeb3c7c1dfa5 method=GET clientProtocol=http/1.1 upstreamProtocol=h2 status=204 contentType=text/html bytesIn=0 bytesOut=0 cache=miss decision=passthrough  requestToDeliveryMs=179.408 upstreamHeadersMs=174.666 sanitizeMs=0.046 downstreamWriteMs=0.543
09-08 01:22:12.381  3095  4268 I ChromePhotosDataPlane: origin=real hostClass=network hostHash=191347bfe55d0ca9 method=GET clientProtocol=http/1.1 upstreamProtocol=h2 status=200 contentType=text/javascript bytesOut=106893 transfer=fixed upstreamHeadersMs=81.686 downstreamWriteMs=76.075
09-08 01:22:12.437  3095  4571 I ChromePhotosDataPlane: origin=real hostClass=network hostHash=191347bfe55d0ca9 method=POST clientProtocol=http/1.1 upstreamProtocol=h2 status=204 contentType=text/html bytesOut=0 transfer=fixed upstreamHeadersMs=87.045 downstreamWriteMs=1.277
09-08 01:22:12.480  3095  4307 I ChromePhotosDataPlane: phase=worker_ready correlationId=c386 admissionWaitMs=0.829
09-08 01:22:12.514  3095  4571 I ChromePhotosDataPlane: origin=real hostClass=network hostHash=191347bfe55d0ca9 method=POST clientProtocol=http/1.1 upstreamProtocol=h2 status=204 contentType=text/html bytesOut=0 transfer=fixed upstreamHeadersMs=68.864 downstreamWriteMs=0.632
09-08 01:22:12.548  3095  4326 I ChromePhotosDataPlane: phase=worker_ready correlationId=c387 admissionWaitMs=0.507
09-08 01:22:12.568  3095  4399 I ChromePhotosDataPlane: phase=worker_ready correlationId=c388 admissionWaitMs=0.386
09-08 01:22:12.628  3095  4306 I ChromePhotosDataPlane: origin=real hostClass=network hostHash=191347bfe55d0ca9 method=GET clientProtocol=http/1.1 upstreamProtocol=h2 status=200 contentType=image/png bytesIn=0 bytesOut=6303 cache=miss decision=unknown reason=encoded_image_unsupported source=error probability=-1.0 basis=none decodeMs=0.000 inferenceMs=0.000 localDecisionMs=0.000  requestToDeliveryMs=23.482 upstreamHeadersMs=21.961 sanitizeMs=0.072 downstreamWriteMs=0.489
09-08 01:22:12.750  3095  4307 I ChromePhotosDataPlane: phase=tls_ready correlationId=c386 hostClass=network hostHash=80255870a6218fe0 clientProtocol=http/1.1 ca=ff56b2f4265f0377
09-08 01:22:12.764  3095  4326 I ChromePhotosDataPlane: phase=tls_ready correlationId=c387 hostClass=network hostHash=80255870a6218fe0 clientProtocol=http/1.1 ca=ff56b2f4265f0377
09-08 01:22:12.765  3095  4399 I ChromePhotosDataPlane: phase=tls_ready correlationId=c388 hostClass=network hostHash=80255870a6218fe0 clientProtocol=http/1.1 ca=ff56b2f4265f0377
09-08 01:22:12.808  3095  4537 I ChromePhotosDataPlane: origin=real hostClass=network hostHash=eaadc6f5c45b9f47 method=POST clientProtocol=http/1.1 upstreamProtocol=h2 status=200 contentType=application/json+protobuf bytesOut=39 transfer=fixed upstreamHeadersMs=206.096 downstreamWriteMs=2.239
09-08 01:22:12.923  3095  4307 I ChromePhotosDataPlane: origin=real hostClass=network hostHash=80255870a6218fe0 method=GET clientProtocol=http/1.1 upstreamProtocol=h2 status=200 contentType=text/javascript bytesOut=54727 transfer=fixed upstreamHeadersMs=132.820 downstreamWriteMs=36.687
09-08 01:22:13.008  3095  4326 I ChromePhotosDataPlane: origin=real hostClass=network hostHash=80255870a6218fe0 method=GET clientProtocol=http/1.1 upstreamProtocol=h2 status=200 contentType=text/javascript bytesOut=376143 transfer=fixed upstreamHeadersMs=156.901 downstreamWriteMs=84.108
09-08 01:22:13.015  3095  4399 I ChromePhotosDataPlane: origin=real hostClass=network hostHash=80255870a6218fe0 method=GET clientProtocol=http/1.1 upstreamProtocol=h2 status=200 contentType=text/javascript bytesOut=70301 transfer=fixed upstreamHeadersMs=240.284 downstreamWriteMs=6.487
09-08 01:22:13.181  3095  4571 I ChromePhotosDataPlane: origin=real hostClass=network hostHash=191347bfe55d0ca9 method=GET clientProtocol=http/1.1 upstreamProtocol=h2 status=200 contentType=application/json bytesOut=7009 transfer=fixed upstreamHeadersMs=68.446 downstreamWriteMs=0.512
09-08 01:22:13.316  3095  4282 I ChromePhotosDataPlane: origin=real hostClass=network hostHash=8e08d6d89d17a981 method=POST clientProtocol=http/1.1 upstreamProtocol=h2 status=200 contentType=image/png bytesIn=0 bytesOut=6303 cache=miss decision=unknown reason=encoded_image_unsupported source=error probability=-1.0 basis=none decodeMs=0.000 inferenceMs=0.000 localDecisionMs=0.000  requestToDeliveryMs=159.374 upstreamHeadersMs=157.739 sanitizeMs=0.062 downstreamWriteMs=0.609
09-08 01:22:13.441  3095  4399 I ChromePhotosDataPlane: origin=real hostClass=network hostHash=80255870a6218fe0 method=GET clientProtocol=http/1.1 upstreamProtocol=h2 status=200 contentType=text/javascript bytesOut=604 transfer=fixed upstreamHeadersMs=23.390 downstreamWriteMs=0.518
09-08 01:22:13.544  3095  4282 I ChromePhotosDataPlane: origin=real hostClass=network hostHash=8e08d6d89d17a981 method=POST clientProtocol=http/1.1 upstreamProtocol=h2 status=200 contentType=image/png bytesIn=0 bytesOut=6303 cache=miss decision=unknown reason=encoded_image_unsupported source=error probability=-1.0 basis=none decodeMs=0.000 inferenceMs=0.000 localDecisionMs=0.000  requestToDeliveryMs=59.753 upstreamHeadersMs=55.129 sanitizeMs=0.422 downstreamWriteMs=0.445
09-08 01:22:13.558  3095  4668 I ChromePhotosDataPlane: origin=real hostClass=network hostHash=8e08d6d89d17a981 method=POST clientProtocol=http/1.1 upstreamProtocol=h2 status=200 contentType=image/png bytesIn=0 bytesOut=6303 cache=miss decision=unknown reason=encoded_image_unsupported source=error probability=-1.0 basis=none decodeMs=0.000 inferenceMs=0.000 localDecisionMs=0.000  requestToDeliveryMs=66.570 upstreamHeadersMs=64.325 sanitizeMs=0.056 downstreamWriteMs=0.406
09-08 01:22:13.682  3095  4571 I ChromePhotosDataPlane: origin=real hostClass=network hostHash=191347bfe55d0ca9 method=GET clientProtocol=http/1.1 upstreamProtocol=h2 status=200 contentType=application/json bytesOut=654 transfer=fixed upstreamHeadersMs=65.032 downstreamWriteMs=0.536
09-08 01:22:13.711  3095  4668 I ChromePhotosDataPlane: origin=real hostClass=network hostHash=8e08d6d89d17a981 method=POST clientProtocol=http/1.1 upstreamProtocol=h2 status=200 contentType=image/png bytesIn=0 bytesOut=6303 cache=miss decision=unknown reason=encoded_image_unsupported source=error probability=-1.0 basis=none decodeMs=0.000 inferenceMs=0.000 localDecisionMs=0.000  requestToDeliveryMs=54.023 upstreamHeadersMs=52.245 sanitizeMs=0.049 downstreamWriteMs=0.703
09-08 01:22:13.760  3095  4590 I ChromePhotosDataPlane: phase=worker_ready correlationId=c389 admissionWaitMs=0.302
09-08 01:22:13.774  3095  4571 I ChromePhotosDataPlane: origin=real hostClass=network hostHash=191347bfe55d0ca9 method=POST clientProtocol=http/1.1 upstreamProtocol=h2 status=204 contentType=text/html bytesOut=0 transfer=fixed upstreamHeadersMs=49.552 downstreamWriteMs=0.238
09-08 01:22:13.776  3095  4315 I ChromePhotosDataPlane: phase=worker_ready correlationId=c390 admissionWaitMs=0.301
09-08 01:22:13.780  3095  4590 I ChromePhotosDataPlane: phase=tls_ready correlationId=c389 hostClass=network hostHash=191347bfe55d0ca9 clientProtocol=http/1.1 ca=ff56b2f4265f0377
09-08 01:22:13.790  3095  4315 I ChromePhotosDataPlane: phase=tls_ready correlationId=c390 hostClass=network hostHash=191347bfe55d0ca9 clientProtocol=http/1.1 ca=ff56b2f4265f0377
09-08 01:22:13.807  3095  4268 I ChromePhotosDataPlane: origin=real hostClass=network hostHash=191347bfe55d0ca9 method=GET clientProtocol=http/1.1 upstreamProtocol=h2 status=200 contentType=text/css bytesOut=10716 transfer=fixed upstreamHeadersMs=54.237 downstreamWriteMs=0.631
09-08 01:22:13.826  3095  4434 I ChromePhotosDataPlane: origin=real hostClass=network hostHash=191347bfe55d0ca9 method=GET clientProtocol=http/1.1 upstreamProtocol=h2 status=200 contentType=text/css bytesOut=34190 transfer=fixed upstreamHeadersMs=65.206 downstreamWriteMs=5.280
09-08 01:22:13.833  3095  4659 I ChromePhotosDataPlane: origin=real hostClass=network hostHash=191347bfe55d0ca9 method=GET clientProtocol=http/1.1 upstreamProtocol=h2 status=200 contentType=text/css bytesOut=21756 transfer=fixed upstreamHeadersMs=76.803 downstreamWriteMs=0.638
09-08 01:22:13.838  3095  4571 I ChromePhotosDataPlane: origin=real hostClass=network hostHash=191347bfe55d0ca9 method=GET clientProtocol=http/1.1 upstreamProtocol=h2 status=200 contentType=text/css bytesOut=11922 transfer=fixed upstreamHeadersMs=56.619 downstreamWriteMs=0.737
09-08 01:22:13.853  3095  4590 I ChromePhotosDataPlane: origin=real hostClass=network hostHash=191347bfe55d0ca9 method=GET clientProtocol=http/1.1 upstreamProtocol=h2 status=200 contentType=text/css bytesOut=8039 transfer=fixed upstreamHeadersMs=69.226 downstreamWriteMs=0.610
09-08 01:22:13.867  3095  4315 I ChromePhotosDataPlane: origin=real hostClass=network hostHash=191347bfe55d0ca9 method=GET clientProtocol=http/1.1 upstreamProtocol=h2 status=200 contentType=text/css bytesOut=11597 transfer=fixed upstreamHeadersMs=72.877 downstreamWriteMs=0.508
09-08 01:22:13.887  3095  4268 I ChromePhotosDataPlane: origin=real hostClass=network hostHash=191347bfe55d0ca9 method=GET clientProtocol=http/1.1 upstreamProtocol=h2 status=200 contentType=text/css bytesOut=5326 transfer=fixed upstreamHeadersMs=73.397 downstreamWriteMs=0.377
09-08 01:22:13.910  3095  4659 I ChromePhotosDataPlane: origin=real hostClass=network hostHash=191347bfe55d0ca9 method=GET clientProtocol=http/1.1 upstreamProtocol=h2 status=200 contentType=text/javascript bytesOut=16785 transfer=fixed upstreamHeadersMs=65.585 downstreamWriteMs=0.775
09-08 01:22:13.930  3095  4434 I ChromePhotosDataPlane: origin=real hostClass=network hostHash=191347bfe55d0ca9 method=GET clientProtocol=http/1.1 upstreamProtocol=h2 status=200 contentType=text/javascript bytesOut=54824 transfer=fixed upstreamHeadersMs=88.783 downstreamWriteMs=10.312
09-08 01:22:13.971  3095  4571 I ChromePhotosDataPlane: origin=real hostClass=network hostHash=191347bfe55d0ca9 method=GET clientProtocol=http/1.1 upstreamProtocol=h2 status=200 contentType=text/javascript bytesOut=50030 transfer=fixed upstreamHeadersMs=72.526 downstreamWriteMs=14.155
09-08 01:22:14.036  3095  4434 I ChromePhotosDataPlane: origin=real hostClass=network hostHash=191347bfe55d0ca9 method=GET clientProtocol=http/1.1 upstreamProtocol=h2 status=200 contentType=text/javascript bytesOut=535 transfer=fixed upstreamHeadersMs=66.950 downstreamWriteMs=0.357
09-08 01:22:14.054  3095  4315 I ChromePhotosDataPlane: origin=real hostClass=network hostHash=191347bfe55d0ca9 method=GET clientProtocol=http/1.1 upstreamProtocol=h2 status=200 contentType=text/javascript bytesOut=96354 transfer=fixed upstreamHeadersMs=58.652 downstreamWriteMs=57.796
09-08 01:22:14.076  3095  4571 I ChromePhotosDataPlane: origin=real hostClass=network hostHash=191347bfe55d0ca9 method=GET clientProtocol=http/1.1 upstreamProtocol=h2 status=200 contentType=text/javascript bytesOut=1316 transfer=fixed upstreamHeadersMs=54.296 downstreamWriteMs=20.431
09-08 01:22:14.112  3095  4268 I ChromePhotosDataPlane: origin=real hostClass=network hostHash=191347bfe55d0ca9 method=GET clientProtocol=http/1.1 upstreamProtocol=h2 status=200 contentType=text/javascript bytesOut=217763 transfer=fixed upstreamHeadersMs=70.337 downstreamWriteMs=97.322
09-08 01:22:14.138  3095  4590 I ChromePhotosDataPlane: origin=real hostClass=network hostHash=191347bfe55d0ca9 method=GET clientProtocol=http/1.1 upstreamProtocol=h2 status=200 contentType=text/javascript bytesOut=234674 transfer=fixed upstreamHeadersMs=81.489 downstreamWriteMs=102.656
09-08 01:22:14.151  3095  4659 I ChromePhotosDataPlane: origin=real hostClass=network hostHash=191347bfe55d0ca9 method=GET clientProtocol=http/1.1 upstreamProtocol=h2 status=200 contentType=text/javascript bytesOut=292459 transfer=fixed upstreamHeadersMs=95.032 downstreamWriteMs=94.441
09-08 01:22:14.157  3095  4440 I ChromePhotosDataPlane: phase=worker_ready correlationId=c391 admissionWaitMs=0.185
09-08 01:22:14.197  3095  4640 I ChromePhotosDataPlane: phase=worker_ready correlationId=c392 admissionWaitMs=0.265
09-08 01:22:14.202  3095  4601 I ChromePhotosDataPlane: phase=worker_ready correlationId=c393 admissionWaitMs=0.311
09-08 01:22:14.210  3095  4621 I ChromePhotosDataPlane: phase=worker_ready correlationId=c394 admissionWaitMs=0.276
09-08 01:22:14.229  3095  4434 I ChromePhotosDataPlane: origin=real hostClass=network hostHash=191347bfe55d0ca9 method=GET clientProtocol=http/1.1 upstreamProtocol=h2 status=200 contentType=text/javascript bytesOut=9858 transfer=fixed upstreamHeadersMs=66.512 downstreamWriteMs=16.414
09-08 01:22:14.234  3095  4588 I ChromePhotosDataPlane: phase=worker_ready correlationId=c395 admissionWaitMs=15.356
09-08 01:22:14.236  3095  4616 I ChromePhotosDataPlane: phase=worker_ready correlationId=c396 admissionWaitMs=11.738
09-08 01:22:14.237  3095  4599 I ChromePhotosDataPlane: phase=worker_ready correlationId=c397 admissionWaitMs=2.794
09-08 01:22:14.301  3095  4434 I ChromePhotosDataPlane: origin=real hostClass=network hostHash=191347bfe55d0ca9 method=POST clientProtocol=http/1.1 upstreamProtocol=h2 status=204 contentType=text/html bytesOut=0 transfer=fixed upstreamHeadersMs=57.622 downstreamWriteMs=0.228
09-08 01:22:14.317  3095  4659 I ChromePhotosDataPlane: origin=real hostClass=network hostHash=191347bfe55d0ca9 method=POST clientProtocol=http/1.1 upstreamProtocol=h2 status=204 contentType=text/html bytesOut=0 transfer=fixed upstreamHeadersMs=60.068 downstreamWriteMs=0.393
09-08 01:22:14.490  3095  4659 I ChromePhotosDataPlane: phase=media_shield_ready origin=same_origin result=200 bytesOut=167048
09-08 01:22:14.777  3095  4320 I ChromePhotosDataPlane: phase=worker_ready correlationId=c398 admissionWaitMs=0.496
09-08 01:22:14.814  3095  4659 I ChromePhotosDataPlane: phase=media_shield_ready origin=same_origin result=200 bytesOut=90338
09-08 01:22:14.829  3095  4616 I ChromePhotosDataPlane: phase=tls_ready correlationId=c396 hostClass=network hostHash=11f22eead42a856b clientProtocol=http/1.1 ca=ff56b2f4265f0377
09-08 01:22:14.830  3095  4621 I ChromePhotosDataPlane: phase=tls_ready correlationId=c394 hostClass=network hostHash=11f22eead42a856b clientProtocol=http/1.1 ca=ff56b2f4265f0377
09-08 01:22:14.830  3095  4640 I ChromePhotosDataPlane: phase=tls_ready correlationId=c392 hostClass=network hostHash=11f22eead42a856b clientProtocol=http/1.1 ca=ff56b2f4265f0377
09-08 01:22:14.831  3095  4588 I ChromePhotosDataPlane: phase=tls_ready correlationId=c395 hostClass=network hostHash=11f22eead42a856b clientProtocol=http/1.1 ca=ff56b2f4265f0377
09-08 01:22:14.835  3095  4601 I ChromePhotosDataPlane: phase=tls_ready correlationId=c393 hostClass=network hostHash=11f22eead42a856b clientProtocol=http/1.1 ca=ff56b2f4265f0377
09-08 01:22:14.836  3095  4599 I ChromePhotosDataPlane: phase=tls_ready correlationId=c397 hostClass=network hostHash=11f22eead42a856b clientProtocol=http/1.1 ca=ff56b2f4265f0377
09-08 01:22:14.848  3095  4659 I ChromePhotosDataPlane: phase=media_shield_ready origin=same_origin result=200 bytesOut=37391
09-08 01:22:14.949  3095  4659 I ChromePhotosDataPlane: phase=media_shield_ready origin=same_origin result=200 bytesOut=48842
09-08 01:22:15.058  3095  4659 I ChromePhotosDataPlane: origin=real hostClass=network hostHash=191347bfe55d0ca9 method=POST clientProtocol=http/1.1 upstreamProtocol=h2 status=204 contentType=text/html bytesOut=0 transfer=fixed upstreamHeadersMs=71.069 downstreamWriteMs=0.860
09-08 01:22:15.133  3095  4434 I ChromePhotosDataPlane: origin=real hostClass=network hostHash=191347bfe55d0ca9 method=POST clientProtocol=http/1.1 upstreamProtocol=h2 status=204 contentType=text/html bytesOut=0 transfer=fixed upstreamHeadersMs=67.491 downstreamWriteMs=0.662
09-08 01:22:15.155  3095  4659 I ChromePhotosDataPlane: origin=real hostClass=network hostHash=191347bfe55d0ca9 method=POST clientProtocol=http/1.1 upstreamProtocol=h2 status=204 contentType=text/html bytesOut=0 transfer=fixed upstreamHeadersMs=70.430 downstreamWriteMs=0.360
09-08 01:22:15.169  3095  4192 I ChromePhotosDataPlane: origin=real hostClass=network hostHash=816c1c4228e457b0 method=POST clientProtocol=http/1.1 upstreamProtocol=h2 status=200 contentType=application/javascript bytesOut=0 transfer=fixed upstreamHeadersMs=267.255 downstreamWriteMs=1.097
09-08 01:22:15.183  3095  4328 I ChromePhotosDataPlane: phase=worker_ready correlationId=c399 admissionWaitMs=0.387
09-08 01:22:15.215  3095  4640 I ChromePhotosDataPlane: origin=real hostClass=network hostHash=11f22eead42a856b method=GET clientProtocol=http/1.1 upstreamProtocol=h2 status=200 contentType=image/png bytesIn=436 bytesOut=436 cache=miss decision=safe reason=model_allow source=engine probability=0.0145893395 basis=None decodeMs=8.135 inferenceMs=223.589 localDecisionMs=232.826  requestToDeliveryMs=381.584 upstreamHeadersMs=135.730 sanitizeMs=233.357 downstreamWriteMs=1.037
09-08 01:22:15.323  3095  4659 I ChromePhotosDataPlane: origin=real hostClass=network hostHash=191347bfe55d0ca9 method=GET clientProtocol=http/1.1 upstreamProtocol=h2 status=200 contentType=text/javascript bytesOut=7915 transfer=fixed upstreamHeadersMs=75.995 downstreamWriteMs=2.036
09-08 01:22:15.343  3095  4440 I ChromePhotosDataPlane: phase=tls_ready correlationId=c391 hostClass=network hostHash=92c4651bd627ffee clientProtocol=http/1.1 ca=ff56b2f4265f0377
09-08 01:22:15.423  3095  4659 I ChromePhotosDataPlane: origin=real hostClass=network hostHash=191347bfe55d0ca9 method=GET clientProtocol=http/1.1 upstreamProtocol=h2 status=200 contentType=text/javascript bytesOut=52817 transfer=fixed upstreamHeadersMs=58.182 downstreamWriteMs=11.878
09-08 01:22:15.447  3095  4434 I ChromePhotosDataPlane: origin=real hostClass=network hostHash=191347bfe55d0ca9 method=GET clientProtocol=http/1.1 upstreamProtocol=h2 status=200 contentType=text/javascript bytesOut=20134 transfer=fixed upstreamHeadersMs=62.275 downstreamWriteMs=9.147
09-08 01:22:15.468  3095  4621 I ChromePhotosDataPlane: origin=real hostClass=network hostHash=11f22eead42a856b method=GET clientProtocol=http/1.1 upstreamProtocol=h2 status=200 contentType=image/png bytesIn=462 bytesOut=462 cache=miss decision=safe reason=model_allow source=engine probability=0.027400136 basis=None decodeMs=2.603 inferenceMs=260.029 localDecisionMs=495.803  requestToDeliveryMs=631.016 upstreamHeadersMs=131.714 sanitizeMs=496.670 downstreamWriteMs=0.816
09-08 01:22:15.538  3095  4320 I ChromePhotosDataPlane: phase=tls_ready correlationId=c398 hostClass=network hostHash=cae72e4feaa8e1c2 clientProtocol=http/1.1 ca=ff56b2f4265f0377
09-08 01:22:15.542  3095  4590 I ChromePhotosDataPlane: origin=real hostClass=network hostHash=191347bfe55d0ca9 method=GET clientProtocol=http/1.1 upstreamProtocol=h2 status=200 contentType=text/javascript bytesOut=45034 transfer=fixed upstreamHeadersMs=90.061 downstreamWriteMs=37.934
09-08 01:22:15.557  3095  4268 I ChromePhotosDataPlane: origin=real hostClass=network hostHash=191347bfe55d0ca9 method=GET clientProtocol=http/1.1 upstreamProtocol=h2 status=200 contentType=text/javascript bytesOut=125276 transfer=fixed upstreamHeadersMs=76.078 downstreamWriteMs=78.045
09-08 01:22:15.560  3095  4571 I ChromePhotosDataPlane: origin=real hostClass=network hostHash=191347bfe55d0ca9 method=GET clientProtocol=http/1.1 upstreamProtocol=h2 status=200 contentType=text/javascript bytesOut=1549 transfer=fixed upstreamHeadersMs=66.146 downstreamWriteMs=1.397
09-08 01:22:15.561  3095  4659 I ChromePhotosDataPlane: origin=real hostClass=network hostHash=191347bfe55d0ca9 method=GET clientProtocol=http/1.1 upstreamProtocol=h2 status=200 contentType=text/javascript bytesOut=631 transfer=fixed upstreamHeadersMs=63.668 downstreamWriteMs=1.051
09-08 01:22:15.578  3095  4434 I ChromePhotosDataPlane: origin=real hostClass=network hostHash=191347bfe55d0ca9 method=GET clientProtocol=http/1.1 upstreamProtocol=h2 status=200 contentType=text/javascript bytesOut=1112 transfer=fixed upstreamHeadersMs=76.179 downstreamWriteMs=2.624
09-08 01:22:15.583  3095  4315 I ChromePhotosDataPlane: origin=real hostClass=network hostHash=191347bfe55d0ca9 method=GET clientProtocol=http/1.1 upstreamProtocol=h2 status=200 contentType=text/javascript bytesOut=126976 transfer=fixed upstreamHeadersMs=94.479 downstreamWriteMs=39.554
09-08 01:22:15.665  3095  4588 I ChromePhotosDataPlane: origin=real hostClass=network hostHash=11f22eead42a856b method=GET clientProtocol=http/1.1 upstreamProtocol=h2 status=200 contentType=image/png bytesIn=329 bytesOut=329 cache=miss decision=safe reason=model_allow source=engine probability=0.058748454 basis=None decodeMs=2.593 inferenceMs=195.195 localDecisionMs=460.853  requestToDeliveryMs=833.822 upstreamHeadersMs=137.668 sanitizeMs=694.624 downstreamWriteMs=0.332
09-08 01:22:15.730  3095  4590 I ChromePhotosDataPlane: origin=real hostClass=network hostHash=191347bfe55d0ca9 method=GET clientProtocol=http/1.1 upstreamProtocol=h2 status=200 contentType=text/javascript bytesOut=99903 transfer=fixed upstreamHeadersMs=79.802 downstreamWriteMs=81.325
09-08 01:22:15.808  3095  4599 I ChromePhotosDataPlane: origin=real hostClass=network hostHash=11f22eead42a856b method=GET clientProtocol=http/1.1 upstreamProtocol=h2 status=200 contentType=image/jpeg bytesIn=600 bytesOut=600 cache=miss decision=safe reason=model_allow source=engine probability=0.047956556 basis=None decodeMs=2.518 inferenceMs=140.063 localDecisionMs=340.620  requestToDeliveryMs=966.083 upstreamHeadersMs=129.122 sanitizeMs=835.491 downstreamWriteMs=0.438
09-08 01:22:15.817  3095  4315 I ChromePhotosDataPlane: origin=real hostClass=network hostHash=191347bfe55d0ca9 method=GET clientProtocol=http/1.1 upstreamProtocol=h2 status=200 contentType=application/octet-stream bytesOut=121722 transfer=chunked upstreamHeadersMs=77.941 downstreamWriteMs=40.027
09-08 01:22:15.904  3095  4328 I ChromePhotosDataPlane: phase=tls_ready correlationId=c399 hostClass=network hostHash=a07e840be85c9b23 clientProtocol=http/1.1 ca=ff56b2f4265f0377
09-08 01:22:15.959  3095  4616 I ChromePhotosDataPlane: origin=real hostClass=network hostHash=11f22eead42a856b method=GET clientProtocol=http/1.1 upstreamProtocol=h2 status=200 contentType=image/png bytesIn=334 bytesOut=334 cache=miss decision=safe reason=model_allow source=engine probability=0.023468584 basis=None decodeMs=2.736 inferenceMs=146.954 localDecisionMs=291.816  requestToDeliveryMs=1127.032 upstreamHeadersMs=139.584 sanitizeMs=985.876 downstreamWriteMs=0.470
09-08 01:22:16.101  3095  4601 I ChromePhotosDataPlane: origin=real hostClass=network hostHash=11f22eead42a856b method=GET clientProtocol=http/1.1 upstreamProtocol=h2 status=200 contentType=image/png bytesIn=412 bytesOut=412 cache=miss decision=safe reason=model_allow source=engine probability=0.013777077 basis=None decodeMs=2.557 inferenceMs=140.024 localDecisionMs=292.644  requestToDeliveryMs=1258.570 upstreamHeadersMs=152.064 sanitizeMs=1104.326 downstreamWriteMs=0.502
09-08 01:22:16.250  3095  4640 I ChromePhotosDataPlane: origin=real hostClass=network hostHash=11f22eead42a856b method=GET clientProtocol=http/1.1 upstreamProtocol=h2 status=200 contentType=image/png bytesIn=674 bytesOut=674 cache=miss decision=safe reason=model_allow source=engine probability=0.026062816 basis=None decodeMs=2.650 inferenceMs=145.416 localDecisionMs=290.338  requestToDeliveryMs=900.212 upstreamHeadersMs=29.840 sanitizeMs=868.525 downstreamWriteMs=0.547
09-08 01:22:16.262  3095  4373 I ChromePhotosDataPlane: phase=worker_ready correlationId=c400 admissionWaitMs=0.236
09-08 01:22:16.304  3095  4373 I ChromePhotosDataPlane: phase=tls_ready correlationId=c400 hostClass=network hostHash=a07e840be85c9b23 clientProtocol=http/1.1 ca=ff56b2f4265f0377
09-08 01:22:16.339  3095  4315 I ChromePhotosDataPlane: origin=real hostClass=network hostHash=191347bfe55d0ca9 method=POST clientProtocol=http/1.1 upstreamProtocol=h2 status=200 contentType=image/png bytesIn=0 bytesOut=6303 cache=miss decision=unknown reason=encoded_image_unsupported source=error probability=-1.0 basis=none decodeMs=0.000 inferenceMs=0.000 localDecisionMs=0.000  requestToDeliveryMs=54.213 upstreamHeadersMs=52.562 sanitizeMs=0.068 downstreamWriteMs=0.495
09-08 01:22:16.409  3095  4419 I ChromePhotosDataPlane: origin=real hostClass=network hostHash=73a1220668a1b571 method=GET clientProtocol=http/1.1 upstreamProtocol=h2 status=200 contentType=image/png bytesIn=12404 bytesOut=6303 cache=miss decision=block reason=model_filter source=engine probability=0.9749731 basis=FullStrong decodeMs=12.894 inferenceMs=145.207 localDecisionMs=303.180  requestToDeliveryMs=1193.711 upstreamHeadersMs=203.724 sanitizeMs=980.844 downstreamWriteMs=0.761
09-08 01:22:16.520  3095  4315 I ChromePhotosDataPlane: origin=real hostClass=network hostHash=191347bfe55d0ca9 method=GET clientProtocol=http/1.1 upstreamProtocol=h2 status=200 contentType=text/css bytesOut=2216 transfer=fixed upstreamHeadersMs=50.782 downstreamWriteMs=1.296
09-08 01:22:16.550  3095  4590 I ChromePhotosDataPlane: origin=real hostClass=network hostHash=191347bfe55d0ca9 method=GET clientProtocol=http/1.1 upstreamProtocol=h2 status=200 contentType=text/javascript bytesOut=36474 transfer=fixed upstreamHeadersMs=65.232 downstreamWriteMs=12.310
09-08 01:22:16.552  3095  4659 I ChromePhotosDataPlane: origin=real hostClass=network hostHash=191347bfe55d0ca9 method=GET clientProtocol=http/1.1 upstreamProtocol=h2 status=200 contentType=text/javascript bytesOut=14499 transfer=fixed upstreamHeadersMs=64.068 downstreamWriteMs=0.490
09-08 01:22:16.554  3095  4621 I ChromePhotosDataPlane: origin=real hostClass=network hostHash=11f22eead42a856b method=GET clientProtocol=http/1.1 upstreamProtocol=h2 status=200 contentType=image/jpeg bytesIn=578 bytesOut=578 cache=miss decision=safe reason=model_allow source=engine probability=0.028985202 basis=None decodeMs=2.604 inferenceMs=140.825 localDecisionMs=302.228  requestToDeliveryMs=706.888 upstreamHeadersMs=21.923 sanitizeMs=682.502 downstreamWriteMs=0.476
09-08 01:22:16.562  3095  4268 I ChromePhotosDataPlane: origin=real hostClass=network hostHash=191347bfe55d0ca9 method=GET clientProtocol=http/1.1 upstreamProtocol=h2 status=200 contentType=text/javascript bytesOut=2803 transfer=fixed upstreamHeadersMs=69.702 downstreamWriteMs=2.523
09-08 01:22:16.606  3095  4434 I ChromePhotosDataPlane: origin=real hostClass=network hostHash=191347bfe55d0ca9 method=GET clientProtocol=http/1.1 upstreamProtocol=h2 status=200 contentType=application/json bytesOut=6282 transfer=fixed upstreamHeadersMs=96.311 downstreamWriteMs=1.088
09-08 01:22:16.697  3095  4588 I ChromePhotosDataPlane: origin=real hostClass=network hostHash=11f22eead42a856b method=GET clientProtocol=http/1.1 upstreamProtocol=h2 status=200 contentType=image/png bytesIn=951 bytesOut=951 cache=miss decision=safe reason=model_allow source=engine probability=0.014952064 basis=None decodeMs=2.601 inferenceMs=140.926 localDecisionMs=285.983  requestToDeliveryMs=846.715 upstreamHeadersMs=39.335 sanitizeMs=802.099 downstreamWriteMs=1.083
09-08 01:22:16.844  3095  4599 I ChromePhotosDataPlane: origin=real hostClass=network hostHash=11f22eead42a856b method=GET clientProtocol=http/1.1 upstreamProtocol=h2 status=200 contentType=image/png bytesIn=1139 bytesOut=1139 cache=miss decision=safe reason=model_allow source=engine probability=0.032001555 basis=None decodeMs=2.534 inferenceMs=145.338 localDecisionMs=287.807  requestToDeliveryMs=992.360 upstreamHeadersMs=38.197 sanitizeMs=946.913 downstreamWriteMs=0.434
09-08 01:22:16.915  3095  4434 I ChromePhotosDataPlane: origin=real hostClass=network hostHash=191347bfe55d0ca9 method=GET clientProtocol=http/1.1 upstreamProtocol=h2 status=200 contentType=text/javascript bytesOut=3095 transfer=fixed upstreamHeadersMs=52.757 downstreamWriteMs=2.125
09-08 01:22:16.959  3095  4418 I ChromePhotosDataPlane: phase=worker_ready correlationId=c401 admissionWaitMs=10.755
09-08 01:22:16.999  3095  4616 I ChromePhotosDataPlane: origin=real hostClass=network hostHash=11f22eead42a856b method=GET clientProtocol=http/1.1 upstreamProtocol=h2 status=200 contentType=image/jpeg bytesIn=721 bytesOut=721 cache=miss decision=safe reason=model_allow source=engine probability=0.051239282 basis=None decodeMs=3.224 inferenceMs=148.039 localDecisionMs=301.489  requestToDeliveryMs=992.363 upstreamHeadersMs=26.367 sanitizeMs=964.455 downstreamWriteMs=0.401
09-08 01:22:17.051  3095  4329 I ChromePhotosDataPlane: phase=worker_ready correlationId=c402 admissionWaitMs=0.622
09-08 01:22:17.119  3095  4434 I ChromePhotosDataPlane: origin=real hostClass=network hostHash=191347bfe55d0ca9 method=GET clientProtocol=http/1.1 upstreamProtocol=h2 status=200 contentType=text/javascript bytesOut=17949 transfer=fixed upstreamHeadersMs=55.145 downstreamWriteMs=1.570
09-08 01:22:17.143  3095  4328 I ChromePhotosDataPlane: origin=real hostClass=network hostHash=a07e840be85c9b23 method=GET clientProtocol=http/1.1 upstreamProtocol=h2 status=200 contentType=image/png bytesIn=7682 bytesOut=6303 cache=miss decision=block reason=model_filter source=engine probability=0.9896546 basis=FullStrong decodeMs=5.756 inferenceMs=137.713 localDecisionMs=286.247  requestToDeliveryMs=1237.052 upstreamHeadersMs=176.071 sanitizeMs=1059.012 downstreamWriteMs=0.957
09-08 01:22:17.235  3095  4434 I ChromePhotosDataPlane: origin=real hostClass=network hostHash=191347bfe55d0ca9 method=GET clientProtocol=http/1.1 upstreamProtocol=h2 status=200 contentType=text/javascript bytesOut=10875 transfer=fixed upstreamHeadersMs=60.530 downstreamWriteMs=3.083
09-08 01:22:17.283  3095  4601 I ChromePhotosDataPlane: origin=real hostClass=network hostHash=11f22eead42a856b method=GET clientProtocol=http/1.1 upstreamProtocol=h2 status=200 contentType=image/png bytesIn=970 bytesOut=970 cache=miss decision=safe reason=model_allow source=engine probability=0.015007108 basis=None decodeMs=2.465 inferenceMs=136.100 localDecisionMs=274.862  requestToDeliveryMs=1137.163 upstreamHeadersMs=24.413 sanitizeMs=1110.558 downstreamWriteMs=0.711
09-08 01:22:17.328  3095  4659 I ChromePhotosDataPlane: origin=real hostClass=network hostHash=191347bfe55d0ca9 method=GET clientProtocol=http/1.1 upstreamProtocol=h2 status=200 contentType=application/json bytesOut=17 transfer=chunked upstreamHeadersMs=71.976 downstreamWriteMs=11.328
09-08 01:22:17.338  3095  4434 I ChromePhotosDataPlane: origin=real hostClass=network hostHash=191347bfe55d0ca9 method=GET clientProtocol=http/1.1 upstreamProtocol=h2 status=200 contentType=text/javascript bytesOut=367 transfer=fixed upstreamHeadersMs=54.388 downstreamWriteMs=1.526
09-08 01:22:17.358  3095  4314 I ChromePhotosDataPlane: phase=worker_ready correlationId=c403 admissionWaitMs=0.215
09-08 01:22:17.424  3095  4373 I ChromePhotosDataPlane: origin=real hostClass=network hostHash=a07e840be85c9b23 method=GET clientProtocol=http/1.1 upstreamProtocol=h2 status=200 contentType=image/png bytesIn=8942 bytesOut=6303 cache=miss decision=block reason=model_filter source=engine probability=0.9948453 basis=FullStrong decodeMs=5.129 inferenceMs=135.956 localDecisionMs=274.372  requestToDeliveryMs=1118.206 upstreamHeadersMs=310.532 sanitizeMs=805.268 downstreamWriteMs=0.908
09-08 01:22:17.438  3095  4434 I ChromePhotosDataPlane: origin=real hostClass=network hostHash=191347bfe55d0ca9 method=GET clientProtocol=http/1.1 upstreamProtocol=h2 status=200 contentType=text/javascript bytesOut=236 transfer=fixed upstreamHeadersMs=52.344 downstreamWriteMs=1.449
09-08 01:22:17.482  3095  4165 I ChromePhotosDataPlane: phase=worker_ready correlationId=c404 admissionWaitMs=2.456
09-08 01:22:17.561  3095  4312 I ChromePhotosDataPlane: origin=real hostClass=network hostHash=73a1220668a1b571 method=GET clientProtocol=http/1.1 upstreamProtocol=h2 status=200 contentType=image/png bytesIn=6118 bytesOut=6303 cache=miss decision=block reason=model_filter source=engine probability=0.59115714 basis=FullThreshold decodeMs=3.495 inferenceMs=134.220 localDecisionMs=277.326  requestToDeliveryMs=934.407 upstreamHeadersMs=48.995 sanitizeMs=881.141 downstreamWriteMs=0.743
09-08 01:22:17.584  3095  4434 I ChromePhotosDataPlane: origin=real hostClass=network hostHash=191347bfe55d0ca9 method=GET clientProtocol=http/1.1 upstreamProtocol=h2 status=200 contentType=text/javascript bytesOut=522 transfer=fixed upstreamHeadersMs=56.029 downstreamWriteMs=10.673
09-08 01:22:17.630  3095  4213 I ChromePhotosDataPlane: phase=worker_ready correlationId=c405 admissionWaitMs=0.228
09-08 01:22:17.717  3095  4329 I ChromePhotosDataPlane: phase=tls_ready correlationId=c402 hostClass=network hostHash=a07e840be85c9b23 clientProtocol=http/1.1 ca=ff56b2f4265f0377
09-08 01:22:17.721  3095  4418 I ChromePhotosDataPlane: phase=tls_ready correlationId=c401 hostClass=network hostHash=8276259f415f9299 clientProtocol=http/1.1 ca=ff56b2f4265f0377
09-08 01:22:17.728  3095  4428 I ChromePhotosDataPlane: origin=real hostClass=network hostHash=73a1220668a1b571 method=GET clientProtocol=http/1.1 upstreamProtocol=h2 status=200 contentType=image/png bytesIn=15064 bytesOut=6303 cache=miss decision=block reason=model_filter source=engine probability=0.98784155 basis=FullStrong decodeMs=6.233 inferenceMs=158.625 localDecisionMs=300.946  requestToDeliveryMs=1023.182 upstreamHeadersMs=76.665 sanitizeMs=944.124 downstreamWriteMs=1.136
09-08 01:22:17.873  3095  4419 I ChromePhotosDataPlane: origin=real hostClass=network hostHash=73a1220668a1b571 method=GET clientProtocol=http/1.1 upstreamProtocol=h2 status=200 contentType=image/png bytesIn=19524 bytesOut=6303 cache=miss decision=block reason=model_filter source=engine probability=0.9528828 basis=FullStrong decodeMs=6.304 inferenceMs=138.534 localDecisionMs=277.559  requestToDeliveryMs=1456.096 upstreamHeadersMs=437.052 sanitizeMs=1016.278 downstreamWriteMs=0.815
09-08 01:22:17.918  3095  4583 I ChromePhotosDataPlane: phase=worker_ready correlationId=c406 admissionWaitMs=0.633
09-08 01:22:18.003  3095  4434 I ChromePhotosDataPlane: origin=real hostClass=network hostHash=191347bfe55d0ca9 method=GET clientProtocol=http/1.1 upstreamProtocol=h2 status=200 contentType=application/json bytesOut=168 transfer=fixed upstreamHeadersMs=48.118 downstreamWriteMs=3.249
09-08 01:22:18.011  3095  4328 I ChromePhotosDataPlane: origin=real hostClass=network hostHash=a07e840be85c9b23 method=GET clientProtocol=http/1.1 upstreamProtocol=h2 status=200 contentType=image/png bytesIn=11158 bytesOut=6303 cache=miss decision=block reason=model_filter source=engine probability=0.9873843 basis=FullStrong decodeMs=5.680 inferenceMs=133.258 localDecisionMs=266.809  requestToDeliveryMs=820.007 upstreamHeadersMs=68.168 sanitizeMs=749.915 downstreamWriteMs=0.431
09-08 01:22:18.033  3095  4659 I ChromePhotosDataPlane: origin=real hostClass=network hostHash=191347bfe55d0ca9 method=GET clientProtocol=http/1.1 upstreamProtocol=h2 status=200 contentType=application/json bytesOut=39 transfer=fixed upstreamHeadersMs=32.834 downstreamWriteMs=1.656
09-08 01:22:18.154  3095  4652 I ChromePhotosDataPlane: origin=real hostClass=network hostHash=73a1220668a1b571 method=GET clientProtocol=http/1.1 upstreamProtocol=h2 status=200 contentType=image/png bytesIn=21124 bytesOut=6303 cache=miss decision=block reason=model_filter source=engine probability=0.9845915 basis=FullStrong decodeMs=6.538 inferenceMs=135.835 localDecisionMs=272.080  requestToDeliveryMs=785.318 upstreamHeadersMs=24.614 sanitizeMs=758.348 downstreamWriteMs=0.564
09-08 01:22:18.193  3095  4314 I ChromePhotosDataPlane: phase=tls_ready correlationId=c403 hostClass=network hostHash=86c190c2d7dd6548 clientProtocol=http/1.1 ca=ff56b2f4265f0377
09-08 01:22:18.195  3095  4213 I ChromePhotosDataPlane: phase=tls_ready correlationId=c405 hostClass=network hostHash=86c190c2d7dd6548 clientProtocol=http/1.1 ca=ff56b2f4265f0377
09-08 01:22:18.196  3095  4165 I ChromePhotosDataPlane: phase=tls_ready correlationId=c404 hostClass=network hostHash=86c190c2d7dd6548 clientProtocol=http/1.1 ca=ff56b2f4265f0377
09-08 01:22:18.197  3095  4583 I ChromePhotosDataPlane: phase=tls_ready correlationId=c406 hostClass=network hostHash=8276259f415f9299 clientProtocol=http/1.1 ca=ff56b2f4265f0377
09-08 01:22:18.266  3095  4659 I ChromePhotosDataPlane: origin=real hostClass=network hostHash=191347bfe55d0ca9 method=GET clientProtocol=http/1.1 upstreamProtocol=h2 status=200 contentType=application/json bytesOut=976 transfer=fixed upstreamHeadersMs=77.613 downstreamWriteMs=0.887
09-08 01:22:18.302  3095  4373 I ChromePhotosDataPlane: origin=real hostClass=network hostHash=a07e840be85c9b23 method=GET clientProtocol=http/1.1 upstreamProtocol=h2 status=200 contentType=image/png bytesIn=18876 bytesOut=6303 cache=miss decision=block reason=model_filter source=engine probability=0.4986769 basis=FullThreshold decodeMs=6.345 inferenceMs=141.010 localDecisionMs=272.038  requestToDeliveryMs=566.264 upstreamHeadersMs=185.273 sanitizeMs=378.339 downstreamWriteMs=0.532
09-08 01:22:18.445  3095  4418 I ChromePhotosDataPlane: origin=real hostClass=network hostHash=8276259f415f9299 method=GET clientProtocol=http/1.1 upstreamProtocol=h2 status=200 contentType=image/png bytesIn=25068 bytesOut=6303 cache=miss decision=block reason=model_filter source=engine probability=0.92502344 basis=FullThreshold decodeMs=7.349 inferenceMs=135.170 localDecisionMs=284.525  requestToDeliveryMs=721.364 upstreamHeadersMs=230.365 sanitizeMs=488.706 downstreamWriteMs=0.569
09-08 01:22:18.584  3095  4328 I ChromePhotosDataPlane: origin=real hostClass=network hostHash=a07e840be85c9b23 method=GET clientProtocol=http/1.1 upstreamProtocol=h2 status=200 contentType=image/png bytesIn=17712 bytesOut=6303 cache=miss decision=block reason=model_filter source=engine probability=0.9835211 basis=FullStrong decodeMs=6.056 inferenceMs=132.936 localDecisionMs=274.187  requestToDeliveryMs=526.079 upstreamHeadersMs=48.549 sanitizeMs=475.269 downstreamWriteMs=0.417
09-08 01:22:18.722  3095  4652 I ChromePhotosDataPlane: origin=real hostClass=network hostHash=73a1220668a1b571 method=GET clientProtocol=http/1.1 upstreamProtocol=h2 status=200 contentType=image/png bytesIn=6168 bytesOut=6303 cache=miss decision=block reason=model_filter source=engine probability=0.9928605 basis=FullStrong decodeMs=4.002 inferenceMs=133.976 localDecisionMs=274.173  requestToDeliveryMs=557.870 upstreamHeadersMs=65.853 sanitizeMs=490.482 downstreamWriteMs=0.451
09-08 01:22:18.770  3095  4269 I ChromePhotosDataPlane: phase=worker_ready correlationId=c407 admissionWaitMs=0.254
09-08 01:22:18.786  3095  4269 I ChromePhotosDataPlane: phase=tls_ready correlationId=c407 hostClass=network hostHash=86c190c2d7dd6548 clientProtocol=http/1.1 ca=ff56b2f4265f0377
09-08 01:22:18.863  3095  4583 I ChromePhotosDataPlane: origin=real hostClass=network hostHash=8276259f415f9299 method=GET clientProtocol=http/1.1 upstreamProtocol=h2 status=200 contentType=image/webp bytesIn=30428 bytesOut=30428 cache=miss decision=safe reason=model_allow source=engine probability=0.010276616 basis=None decodeMs=7.393 inferenceMs=132.099 localDecisionMs=270.643  requestToDeliveryMs=656.197 upstreamHeadersMs=52.876 sanitizeMs=600.187 downstreamWriteMs=0.581
09-08 01:22:19.004  3095  4165 I ChromePhotosDataPlane: origin=real hostClass=network hostHash=86c190c2d7dd6548 method=GET clientProtocol=http/1.1 upstreamProtocol=h2 status=200 contentType=image/png bytesIn=22524 bytesOut=6303 cache=miss decision=block reason=model_filter source=engine probability=0.967218 basis=FullStrong decodeMs=6.424 inferenceMs=134.384 localDecisionMs=276.419  requestToDeliveryMs=800.635 upstreamHeadersMs=103.835 sanitizeMs=693.660 downstreamWriteMs=0.430
09-08 01:22:19.136  3095  4148 I ChromePhotosDataPlane: phase=worker_ready correlationId=c408 admissionWaitMs=0.225
09-08 01:22:19.156  3095  4213 I ChromePhotosDataPlane: origin=real hostClass=network hostHash=86c190c2d7dd6548 method=GET clientProtocol=http/1.1 upstreamProtocol=h2 status=200 contentType=image/png bytesIn=10458 bytesOut=6303 cache=miss decision=block reason=model_filter source=engine probability=0.95592004 basis=FullStrong decodeMs=5.495 inferenceMs=146.870 localDecisionMs=289.078  requestToDeliveryMs=952.028 upstreamHeadersMs=103.654 sanitizeMs=844.126 downstreamWriteMs=0.430
09-08 01:22:19.180  3095  4148 I ChromePhotosDataPlane: phase=tls_ready correlationId=c408 hostClass=network hostHash=80255870a6218fe0 clientProtocol=http/1.1 ca=ff56b2f4265f0377
09-08 01:22:19.193  3095  4659 I ChromePhotosDataPlane: origin=real hostClass=network hostHash=191347bfe55d0ca9 method=GET clientProtocol=http/1.1 upstreamProtocol=h2 status=302 contentType= bytesIn=0 bytesOut=0 cache=miss decision=passthrough  requestToDeliveryMs=64.050 upstreamHeadersMs=59.159 sanitizeMs=0.394 downstreamWriteMs=0.536
09-08 01:22:19.222  3095  4455 I ChromePhotosDataPlane: phase=worker_ready correlationId=c409 admissionWaitMs=0.298
09-08 01:22:19.277  3095  4455 I ChromePhotosDataPlane: phase=tls_ready correlationId=c409 hostClass=network hostHash=92c4651bd627ffee clientProtocol=http/1.1 ca=ff56b2f4265f0377
09-08 01:22:19.296  3095  4663 I ChromePhotosDataPlane: origin=real hostClass=network hostHash=531c0c97f236d51c method=GET clientProtocol=http/1.1 upstreamProtocol=h2 status=204 contentType=text/html bytesOut=0 transfer=fixed upstreamHeadersMs=190.296 downstreamWriteMs=0.662
09-08 01:22:19.311  3095  4442 I ChromePhotosDataPlane: phase=worker_ready correlationId=c410 admissionWaitMs=0.271
09-08 01:22:19.312  3095  4373 I ChromePhotosDataPlane: origin=real hostClass=network hostHash=a07e840be85c9b23 method=GET clientProtocol=http/1.1 upstreamProtocol=h2 status=200 contentType=image/png bytesIn=15328 bytesOut=6303 cache=miss decision=block reason=model_filter source=engine probability=0.95324785 basis=FullStrong decodeMs=5.704 inferenceMs=148.006 localDecisionMs=302.421  requestToDeliveryMs=995.718 upstreamHeadersMs=70.582 sanitizeMs=921.504 downstreamWriteMs=0.765
09-08 01:22:19.372  3095  4442 I ChromePhotosDataPlane: phase=tls_ready correlationId=c410 hostClass=network hostHash=8276259f415f9299 clientProtocol=http/1.1 ca=ff56b2f4265f0377
09-08 01:22:19.458  3095  4314 I ChromePhotosDataPlane: origin=real hostClass=network hostHash=86c190c2d7dd6548 method=GET clientProtocol=http/1.1 upstreamProtocol=h2 status=200 contentType=image/png bytesIn=10552 bytesOut=6303 cache=miss decision=block reason=model_filter source=engine probability=0.9865645 basis=FullStrong decodeMs=5.835 inferenceMs=141.033 localDecisionMs=295.120  requestToDeliveryMs=1258.458 upstreamHeadersMs=198.474 sanitizeMs=1058.460 downstreamWriteMs=0.492
09-08 01:22:19.597  3095  4329 I ChromePhotosDataPlane: origin=real hostClass=network hostHash=a07e840be85c9b23 method=GET clientProtocol=http/1.1 upstreamProtocol=h2 status=200 contentType=image/png bytesIn=26488 bytesOut=6303 cache=miss decision=block reason=model_filter source=engine probability=0.9052925 basis=FullThreshold decodeMs=7.066 inferenceMs=131.853 localDecisionMs=261.432  requestToDeliveryMs=1109.664 upstreamHeadersMs=22.068 sanitizeMs=1086.264 downstreamWriteMs=0.440
09-08 01:22:19.640  3095  4310 I ChromePhotosDataPlane: phase=worker_ready correlationId=c411 admissionWaitMs=0.319
09-08 01:22:19.662  3095  4310 I ChromePhotosDataPlane: phase=tls_ready correlationId=c411 hostClass=network hostHash=8276259f415f9299 clientProtocol=http/1.1 ca=ff56b2f4265f0377
09-08 01:22:19.736  3095  4418 I ChromePhotosDataPlane: origin=real hostClass=network hostHash=8276259f415f9299 method=GET clientProtocol=http/1.1 upstreamProtocol=h2 status=200 contentType=image/png bytesIn=13818 bytesOut=6303 cache=miss decision=block reason=model_filter source=engine probability=0.9467448 basis=FullThreshold decodeMs=5.676 inferenceMs=132.494 localDecisionMs=273.968  requestToDeliveryMs=1103.274 upstreamHeadersMs=25.486 sanitizeMs=1076.235 downstreamWriteMs=0.487
09-08 01:22:19.877  3095  4269 I ChromePhotosDataPlane: origin=real hostClass=network hostHash=86c190c2d7dd6548 method=GET clientProtocol=http/1.1 upstreamProtocol=h2 status=200 contentType=image/webp bytesIn=13328 bytesOut=13328 cache=miss decision=safe reason=model_allow source=engine probability=0.033785105 basis=None decodeMs=5.658 inferenceMs=131.422 localDecisionMs=272.620  requestToDeliveryMs=1089.989 upstreamHeadersMs=23.167 sanitizeMs=1061.895 downstreamWriteMs=2.162
09-08 01:22:20.015  3095  4583 I ChromePhotosDataPlane: origin=real hostClass=network hostHash=8276259f415f9299 method=GET clientProtocol=http/1.1 upstreamProtocol=h2 status=200 contentType=image/png bytesIn=13758 bytesOut=6303 cache=miss decision=block reason=model_filter source=engine probability=0.9529897 basis=FullStrong decodeMs=5.816 inferenceMs=131.519 localDecisionMs=255.770  requestToDeliveryMs=968.104 upstreamHeadersMs=30.297 sanitizeMs=933.228 downstreamWriteMs=2.004
09-08 01:22:20.157  3095  4328 I ChromePhotosDataPlane: origin=real hostClass=network hostHash=a07e840be85c9b23 method=GET clientProtocol=http/1.1 upstreamProtocol=h2 status=200 contentType=image/png bytesIn=8094 bytesOut=6303 cache=miss decision=block reason=model_filter source=engine probability=0.81252694 basis=FullThreshold decodeMs=4.759 inferenceMs=137.837 localDecisionMs=274.576  requestToDeliveryMs=1251.773 upstreamHeadersMs=207.586 sanitizeMs=1040.242 downstreamWriteMs=1.865
09-08 01:22:20.299  3095  4652 I ChromePhotosDataPlane: origin=real hostClass=network hostHash=73a1220668a1b571 method=GET clientProtocol=http/1.1 upstreamProtocol=h2 status=200 contentType=image/webp bytesIn=30100 bytesOut=30100 cache=miss decision=safe reason=model_allow source=engine probability=0.17903933 basis=None decodeMs=7.346 inferenceMs=131.657 localDecisionMs=252.498  requestToDeliveryMs=940.462 upstreamHeadersMs=27.046 sanitizeMs=905.979 downstreamWriteMs=3.041
09-08 01:22:20.436  3095  4442 I ChromePhotosDataPlane: origin=real hostClass=network hostHash=8276259f415f9299 method=GET clientProtocol=http/1.1 upstreamProtocol=h2 status=200 contentType=image/png bytesIn=8502 bytesOut=6303 cache=miss decision=block reason=model_filter source=engine probability=0.9823858 basis=FullStrong decodeMs=5.044 inferenceMs=133.882 localDecisionMs=269.028  requestToDeliveryMs=1061.003 upstreamHeadersMs=195.434 sanitizeMs=860.357 downstreamWriteMs=1.745
09-08 01:22:20.590  3095  4310 I ChromePhotosDataPlane: origin=real hostClass=network hostHash=8276259f415f9299 method=GET clientProtocol=http/1.1 upstreamProtocol=h2 status=200 contentType=image/webp bytesIn=10578 bytesOut=10578 cache=miss decision=safe reason=model_allow source=engine probability=0.037710577 basis=None decodeMs=5.419 inferenceMs=137.164 localDecisionMs=280.318  requestToDeliveryMs=927.090 upstreamHeadersMs=26.322 sanitizeMs=885.907 downstreamWriteMs=2.755
09-08 01:22:20.603  3095  4455 I ChromePhotosDataPlane: phase=media_shield_document origin=real hostClass=network hostHash=92c4651bd627ffee result=transformed documentSequence=28 navigationSequence=14 token=230defa0b5b5 bytesOut=378418 upstreamHeadersMs=1154.598 documentDecisionMs=93.330 downstreamWriteMs=22.924
09-08 01:22:20.627  3095  4589 I ChromePhotosDataPlane: phase=worker_ready correlationId=c412 admissionWaitMs=0.692
09-08 01:22:20.662  3095  4589 I ChromePhotosDataPlane: phase=tls_ready correlationId=c412 hostClass=network hostHash=a07e840be85c9b23 clientProtocol=http/1.1 ca=ff56b2f4265f0377
09-08 01:22:20.733  3095  4373 I ChromePhotosDataPlane: origin=real hostClass=network hostHash=a07e840be85c9b23 method=GET clientProtocol=http/1.1 upstreamProtocol=h2 status=200 contentType=image/png bytesIn=12346 bytesOut=6303 cache=miss decision=block reason=model_filter source=engine probability=0.9909519 basis=FullStrong decodeMs=6.093 inferenceMs=138.610 localDecisionMs=272.101  requestToDeliveryMs=1230.461 upstreamHeadersMs=349.112 sanitizeMs=876.846 downstreamWriteMs=2.007
09-08 01:22:20.890  3095  4269 I ChromePhotosDataPlane: origin=real hostClass=network hostHash=86c190c2d7dd6548 method=GET clientProtocol=http/1.1 upstreamProtocol=h2 status=200 contentType=image/png bytesIn=14152 bytesOut=6303 cache=miss decision=block reason=model_filter source=engine probability=0.9823787 basis=FullStrong decodeMs=5.766 inferenceMs=136.088 localDecisionMs=272.793  requestToDeliveryMs=971.363 upstreamHeadersMs=61.416 sanitizeMs=890.202 downstreamWriteMs=13.464
09-08 01:22:20.971  3095  4653 I ChromePhotosDataPlane: phase=worker_ready correlationId=c413 admissionWaitMs=0.567
09-08 01:22:20.988  3095  4662 I ChromePhotosDataPlane: phase=worker_ready correlationId=c414 admissionWaitMs=0.296
09-08 01:22:20.992  3095  4417 I ChromePhotosDataPlane: phase=worker_ready correlationId=c415 admissionWaitMs=0.698
09-08 01:22:20.996  3095  4570 I ChromePhotosDataPlane: phase=worker_ready correlationId=c416 admissionWaitMs=0.649
09-08 01:22:21.004  3095  4408 I ChromePhotosDataPlane: phase=worker_ready correlationId=c417 admissionWaitMs=0.453
09-08 01:22:21.013  3095  4512 I ChromePhotosDataPlane: phase=worker_ready correlationId=c418 admissionWaitMs=0.249
09-08 01:22:21.019  3095  4455 I ChromePhotosDataPlane: origin=real hostClass=network hostHash=92c4651bd627ffee method=GET clientProtocol=http/1.1 upstreamProtocol=h2 status=200 contentType=font/woff2 bytesOut=7740 transfer=fixed upstreamHeadersMs=31.006 downstreamWriteMs=1.364
09-08 01:22:21.031  3095  4327 I ChromePhotosDataPlane: phase=worker_ready correlationId=c419 admissionWaitMs=0.372
09-08 01:22:21.037  3095  4374 I ChromePhotosDataPlane: phase=worker_ready correlationId=c420 admissionWaitMs=0.481
09-08 01:22:21.037  3095  4419 I ChromePhotosDataPlane: phase=client_disconnect direction=downstream_write correlationId=c361-r8
09-08 01:22:21.093  3095  4639 I ChromePhotosDataPlane: phase=worker_ready correlationId=c421 admissionWaitMs=0.349
09-08 01:22:21.105  3095  4591 I ChromePhotosDataPlane: phase=worker_ready correlationId=c422 admissionWaitMs=0.399
09-08 01:22:21.114  3095  4659 I ChromePhotosDataPlane: origin=real hostClass=network hostHash=191347bfe55d0ca9 method=POST clientProtocol=http/1.1 upstreamProtocol=h2 status=204 contentType=text/html bytesOut=0 transfer=fixed upstreamHeadersMs=61.574 downstreamWriteMs=0.712
09-08 01:22:21.119  3095  4455 I ChromePhotosDataPlane: phase=media_shield_ready origin=same_origin result=204 bytesOut=0
09-08 01:22:21.135  3095  4407 I ChromePhotosDataPlane: phase=worker_ready correlationId=c423 admissionWaitMs=0.327
09-08 01:22:21.135  3095  4434 I ChromePhotosDataPlane: origin=real hostClass=network hostHash=191347bfe55d0ca9 method=POST clientProtocol=http/1.1 upstreamProtocol=h2 status=204 contentType=text/html bytesOut=0 transfer=fixed upstreamHeadersMs=71.746 downstreamWriteMs=0.550
09-08 01:22:21.135  3095  4590 I ChromePhotosDataPlane: origin=real hostClass=network hostHash=191347bfe55d0ca9 method=POST clientProtocol=http/1.1 upstreamProtocol=h2 status=204 contentType=text/html bytesOut=0 transfer=fixed upstreamHeadersMs=61.052 downstreamWriteMs=0.488
09-08 01:22:21.159  3095  4315 I ChromePhotosDataPlane: origin=real hostClass=network hostHash=191347bfe55d0ca9 method=POST clientProtocol=http/1.1 upstreamProtocol=h2 status=204 contentType=text/html bytesOut=0 transfer=fixed upstreamHeadersMs=78.616 downstreamWriteMs=0.692
09-08 01:22:21.159  3095  4268 I ChromePhotosDataPlane: origin=real hostClass=network hostHash=191347bfe55d0ca9 method=POST clientProtocol=http/1.1 upstreamProtocol=h2 status=204 contentType=text/html bytesOut=0 transfer=fixed upstreamHeadersMs=91.444 downstreamWriteMs=0.652
09-08 01:22:21.189  3095  4329 I ChromePhotosDataPlane: phase=client_disconnect direction=downstream_write correlationId=c402-r2
09-08 01:22:21.215  3095  4455 I ChromePhotosDataPlane: phase=media_shield_ready origin=same_origin result=204 bytesOut=0
09-08 01:22:21.216  3095  4659 I ChromePhotosDataPlane: origin=real hostClass=network hostHash=191347bfe55d0ca9 method=POST clientProtocol=http/1.1 upstreamProtocol=h2 status=204 contentType=text/html bytesOut=0 transfer=fixed upstreamHeadersMs=86.000 downstreamWriteMs=0.451
09-08 01:22:21.228  3095  4590 I ChromePhotosDataPlane: origin=real hostClass=network hostHash=191347bfe55d0ca9 method=POST clientProtocol=http/1.1 upstreamProtocol=h2 status=204 contentType=text/html bytesOut=0 transfer=fixed upstreamHeadersMs=77.817 downstreamWriteMs=0.423
09-08 01:22:21.229  3095  4661 I ChromePhotosDataPlane: phase=worker_ready correlationId=c424 admissionWaitMs=0.338
09-08 01:22:21.243  3095  4434 I ChromePhotosDataPlane: origin=real hostClass=network hostHash=191347bfe55d0ca9 method=POST clientProtocol=http/1.1 upstreamProtocol=h2 status=204 contentType=text/html bytesOut=0 transfer=fixed upstreamHeadersMs=84.379 downstreamWriteMs=0.406
09-08 01:22:21.243  3095  4668 I ChromePhotosDataPlane: origin=real hostClass=network hostHash=8e08d6d89d17a981 method=POST clientProtocol=http/1.1 upstreamProtocol=h2 status=200 contentType=image/png bytesIn=0 bytesOut=6303 cache=miss decision=unknown reason=encoded_image_unsupported source=error probability=-1.0 basis=none decodeMs=0.000 inferenceMs=0.000 localDecisionMs=0.000  requestToDeliveryMs=182.270 upstreamHeadersMs=177.056 sanitizeMs=0.191 downstreamWriteMs=1.202
09-08 01:22:21.245  3095  4282 I ChromePhotosDataPlane: origin=real hostClass=network hostHash=8e08d6d89d17a981 method=POST clientProtocol=http/1.1 upstreamProtocol=h2 status=200 contentType=image/png bytesIn=0 bytesOut=6303 cache=miss decision=unknown reason=encoded_image_unsupported source=error probability=-1.0 basis=none decodeMs=0.000 inferenceMs=0.000 localDecisionMs=0.000  requestToDeliveryMs=173.748 upstreamHeadersMs=169.454 sanitizeMs=0.134 downstreamWriteMs=1.131
09-08 01:22:21.249  3095  4268 I ChromePhotosDataPlane: origin=real hostClass=network hostHash=191347bfe55d0ca9 method=POST clientProtocol=http/1.1 upstreamProtocol=h2 status=204 contentType=text/html bytesOut=0 transfer=fixed upstreamHeadersMs=81.620 downstreamWriteMs=0.967
09-08 01:22:21.326  3095  4314 I ChromePhotosDataPlane: phase=client_disconnect direction=downstream_write correlationId=c403-r2
09-08 01:22:21.328  3095  4653 I ChromePhotosDataPlane: phase=tls_ready correlationId=c413 hostClass=network hostHash=531c0c97f236d51c clientProtocol=http/1.1 ca=ff56b2f4265f0377
09-08 01:22:21.332  3095  4417 I ChromePhotosDataPlane: phase=tls_ready correlationId=c415 hostClass=network hostHash=92c4651bd627ffee clientProtocol=http/1.1 ca=ff56b2f4265f0377
09-08 01:22:21.334  3095  4455 I ChromePhotosDataPlane: phase=media_shield_ready origin=same_origin result=204 bytesOut=0
09-08 01:22:21.342  3095  4512 I ChromePhotosDataPlane: phase=tls_ready correlationId=c418 hostClass=network hostHash=92c4651bd627ffee clientProtocol=http/1.1 ca=ff56b2f4265f0377
09-08 01:22:21.345  3095  4662 I ChromePhotosDataPlane: phase=tls_ready correlationId=c414 hostClass=network hostHash=92c4651bd627ffee clientProtocol=http/1.1 ca=ff56b2f4265f0377
09-08 01:22:21.346  3095  4408 I ChromePhotosDataPlane: phase=tls_ready correlationId=c417 hostClass=network hostHash=92c4651bd627ffee clientProtocol=http/1.1 ca=ff56b2f4265f0377
09-08 01:22:21.348  3095  4570 I ChromePhotosDataPlane: phase=tls_ready correlationId=c416 hostClass=network hostHash=92c4651bd627ffee clientProtocol=http/1.1 ca=ff56b2f4265f0377
09-08 01:22:21.414  3095  4408 I ChromePhotosDataPlane: origin=real hostClass=network hostHash=92c4651bd627ffee method=GET clientProtocol=http/1.1 upstreamProtocol=h2 status=200 contentType=font/woff2 bytesOut=7900 transfer=fixed upstreamHeadersMs=55.946 downstreamWriteMs=0.983
09-08 01:22:21.416  3095  4570 I ChromePhotosDataPlane: origin=real hostClass=network hostHash=92c4651bd627ffee method=GET clientProtocol=http/1.1 upstreamProtocol=h2 status=200 contentType=font/woff2 bytesOut=7992 transfer=fixed upstreamHeadersMs=50.099 downstreamWriteMs=2.559
09-08 01:22:21.426  3095  4662 I ChromePhotosDataPlane: origin=real hostClass=network hostHash=92c4651bd627ffee method=GET clientProtocol=http/1.1 upstreamProtocol=h2 status=200 contentType=font/woff2 bytesOut=7844 transfer=fixed upstreamHeadersMs=54.218 downstreamWriteMs=7.231
09-08 01:22:21.466  3095  4328 I ChromePhotosDataPlane: phase=client_disconnect direction=downstream_write correlationId=c399-r5
09-08 01:22:21.520  3095  4653 I ChromePhotosDataPlane: origin=real hostClass=network hostHash=531c0c97f236d51c method=POST clientProtocol=http/1.1 upstreamProtocol=h2 status=204 contentType=text/css bytesOut=0 transfer=fixed upstreamHeadersMs=154.363 downstreamWriteMs=0.609
09-08 01:22:21.611  3095  4600 I ChromePhotosDataPlane: phase=worker_ready correlationId=c425 admissionWaitMs=0.286
09-08 01:22:21.620  3095  4589 I ChromePhotosDataPlane: phase=client_disconnect direction=downstream_write correlationId=c412-r1
09-08 01:22:21.621  3095  4589 I ChromePhotosDataPlane: phase=worker_ready correlationId=c426 admissionWaitMs=3.506
09-08 01:22:21.731  3095  4374 I ChromePhotosDataPlane: phase=tls_ready correlationId=c420 hostClass=network hostHash=d15afad5fd0ce8bf clientProtocol=http/1.1 ca=ff56b2f4265f0377
09-08 01:22:21.732  3095  4407 I ChromePhotosDataPlane: phase=tls_ready correlationId=c423 hostClass=network hostHash=92c4651bd627ffee clientProtocol=http/1.1 ca=ff56b2f4265f0377
09-08 01:22:21.741  3095  4661 I ChromePhotosDataPlane: phase=tls_ready correlationId=c424 hostClass=network hostHash=92c4651bd627ffee clientProtocol=http/1.1 ca=ff56b2f4265f0377
09-08 01:22:21.747  3095  4639 I ChromePhotosDataPlane: phase=tls_ready correlationId=c421 hostClass=network hostHash=92c4651bd627ffee clientProtocol=http/1.1 ca=ff56b2f4265f0377
09-08 01:22:21.762  3095  4213 I ChromePhotosDataPlane: phase=client_disconnect direction=downstream_write correlationId=c405-r2
09-08 01:22:21.764  3095  4382 I ChromePhotosDataPlane: phase=worker_ready correlationId=c427 admissionWaitMs=0.377
09-08 01:22:21.773  3095  4663 I ChromePhotosDataPlane: phase=worker_ready correlationId=c428 admissionWaitMs=0.481
09-08 01:22:21.793  3095  4419 I ChromePhotosDataPlane: phase=worker_ready correlationId=c429 admissionWaitMs=0.428
09-08 01:22:21.879  3095  4374 I ChromePhotosDataPlane: origin=real hostClass=network hostHash=d15afad5fd0ce8bf method=GET clientProtocol=http/1.1 upstreamProtocol=h2 status=200 contentType=text/javascript bytesOut=10125 transfer=chunked upstreamHeadersMs=140.566 downstreamWriteMs=4.911
09-08 01:22:21.928  3095  4310 I ChromePhotosDataPlane: phase=client_disconnect direction=downstream_write correlationId=c411-r2
09-08 01:22:22.005  3095  4329 I ChromePhotosDataPlane: phase=worker_ready correlationId=c430 admissionWaitMs=0.262
09-08 01:22:22.338  3095  4327 I ChromePhotosDataPlane: phase=tls_ready correlationId=c419 hostClass=network hostHash=99612d13068c029c clientProtocol=http/1.1 ca=ff56b2f4265f0377
09-08 01:22:22.461  3095  4570 I ChromePhotosDataPlane: origin=real hostClass=network hostHash=92c4651bd627ffee method=GET clientProtocol=http/1.1 upstreamProtocol=h2 status=200 contentType=image/jpeg bytesIn=8045 bytesOut=8045 cache=miss decision=safe reason=model_allow source=engine probability=0.05515963 basis=None decodeMs=7.006 inferenceMs=529.803 localDecisionMs=610.103  requestToDeliveryMs=656.366 upstreamHeadersMs=36.976 sanitizeMs=611.804 downstreamWriteMs=2.604
09-08 01:22:22.665  3095  4327 I ChromePhotosDataPlane: origin=real hostClass=network hostHash=99612d13068c029c method=GET clientProtocol=http/1.1 upstreamProtocol=h2 status=200 contentType=image/png bytesIn=42968 bytesOut=6303 cache=miss decision=block reason=model_filter source=engine probability=0.41604918 basis=FullThreshold decodeMs=11.149 inferenceMs=131.677 localDecisionMs=143.495  requestToDeliveryMs=326.377 upstreamHeadersMs=127.080 sanitizeMs=196.518 downstreamWriteMs=1.015
09-08 01:22:22.748  3095  4419 I ChromePhotosDataPlane: phase=tls_ready correlationId=c429 hostClass=network hostHash=99612d13068c029c clientProtocol=http/1.1 ca=ff56b2f4265f0377
09-08 01:22:22.753  3095  4591 I ChromePhotosDataPlane: phase=tls_ready correlationId=c422 hostClass=network hostHash=168858a0c190e61e clientProtocol=http/1.1 ca=ff56b2f4265f0377
09-08 01:22:22.753  3095  4600 I ChromePhotosDataPlane: phase=tls_ready correlationId=c425 hostClass=network hostHash=99612d13068c029c clientProtocol=http/1.1 ca=ff56b2f4265f0377
09-08 01:22:22.754  3095  4663 I ChromePhotosDataPlane: phase=tls_ready correlationId=c428 hostClass=network hostHash=99612d13068c029c clientProtocol=http/1.1 ca=ff56b2f4265f0377
09-08 01:22:22.756  3095  4382 I ChromePhotosDataPlane: phase=tls_ready correlationId=c427 hostClass=network hostHash=99612d13068c029c clientProtocol=http/1.1 ca=ff56b2f4265f0377
09-08 01:22:22.759  3095  4589 I ChromePhotosDataPlane: phase=tls_ready correlationId=c426 hostClass=network hostHash=99612d13068c029c clientProtocol=http/1.1 ca=ff56b2f4265f0377
09-08 01:22:22.925  3095  4327 I ChromePhotosDataPlane: origin=real hostClass=network hostHash=99612d13068c029c method=GET clientProtocol=http/1.1 upstreamProtocol=h2 status=200 contentType=image/webp bytesIn=8690 bytesOut=8690 cache=miss decision=safe reason=model_allow source=engine probability=0.05265549 basis=None decodeMs=9.834 inferenceMs=164.916 localDecisionMs=175.556  requestToDeliveryMs=219.856 upstreamHeadersMs=35.227 sanitizeMs=181.256 downstreamWriteMs=0.477
09-08 01:22:23.079  3095  4419 I ChromePhotosDataPlane: origin=real hostClass=network hostHash=99612d13068c029c method=GET clientProtocol=http/1.1 upstreamProtocol=h2 status=200 contentType=image/webp bytesIn=39268 bytesOut=39268 cache=miss decision=safe reason=model_allow source=engine probability=0.018220723 basis=None decodeMs=12.207 inferenceMs=135.649 localDecisionMs=268.971  requestToDeliveryMs=330.318 upstreamHeadersMs=33.622 sanitizeMs=293.052 downstreamWriteMs=1.573
09-08 01:22:23.117  3095  4329 I ChromePhotosDataPlane: phase=tls_ready correlationId=c430 hostClass=network hostHash=abf8fbf760ef2a86 clientProtocol=http/1.1 ca=ff56b2f4265f0377
09-08 01:22:23.219  3095  4600 I ChromePhotosDataPlane: origin=real hostClass=network hostHash=99612d13068c029c method=GET clientProtocol=http/1.1 upstreamProtocol=h2 status=200 contentType=image/webp bytesIn=8288 bytesOut=8288 cache=miss decision=safe reason=model_allow source=engine probability=0.12045711 basis=None decodeMs=4.210 inferenceMs=135.860 localDecisionMs=289.857  requestToDeliveryMs=458.759 upstreamHeadersMs=50.018 sanitizeMs=405.496 downstreamWriteMs=1.493
09-08 01:22:23.359  3095  4663 I ChromePhotosDataPlane: origin=real hostClass=network hostHash=99612d13068c029c method=GET clientProtocol=http/1.1 upstreamProtocol=h2 status=200 contentType=image/webp bytesIn=7986 bytesOut=7986 cache=miss decision=safe reason=model_allow source=engine probability=0.26995784 basis=None decodeMs=4.036 inferenceMs=136.944 localDecisionMs=273.974  requestToDeliveryMs=593.848 upstreamHeadersMs=48.302 sanitizeMs=543.598 downstreamWriteMs=0.439
09-08 01:22:23.451  3095  4570 I ChromePhotosDataPlane: origin=real hostClass=network hostHash=92c4651bd627ffee method=GET clientProtocol=http/1.1 upstreamProtocol=h2 status=200 contentType=text/javascript bytesOut=8273 transfer=chunked upstreamHeadersMs=30.526 downstreamWriteMs=14.460
09-08 01:22:23.452  3095  4329 I ChromePhotosDataPlane: origin=real hostClass=network hostHash=abf8fbf760ef2a86 method=GET clientProtocol=http/1.1 upstreamProtocol=h2 status=200 contentType=image/png bytesIn=0 bytesOut=6303 cache=miss decision=unknown reason=encoded_image_unsupported source=error probability=-1.0 basis=none decodeMs=0.000 inferenceMs=0.000 localDecisionMs=0.000  requestToDeliveryMs=334.343 upstreamHeadersMs=330.258 sanitizeMs=0.330 downstreamWriteMs=1.669
09-08 01:22:23.469  3095  4512 I ChromePhotosDataPlane: origin=real hostClass=network hostHash=92c4651bd627ffee method=GET clientProtocol=http/1.1 upstreamProtocol=h2 status=200 contentType=text/javascript bytesOut=9926 transfer=chunked upstreamHeadersMs=58.070 downstreamWriteMs=3.345
09-08 01:22:23.503  3095  4382 I ChromePhotosDataPlane: origin=real hostClass=network hostHash=99612d13068c029c method=GET clientProtocol=http/1.1 upstreamProtocol=h2 status=200 contentType=image/png bytesIn=13840 bytesOut=6303 cache=miss decision=block reason=model_filter source=engine probability=0.8057872 basis=FullThreshold decodeMs=4.621 inferenceMs=137.368 localDecisionMs=280.520  requestToDeliveryMs=733.149 upstreamHeadersMs=44.523 sanitizeMs=685.611 downstreamWriteMs=1.203
09-08 01:22:23.518  3095  4570 I ChromePhotosDataPlane: origin=real hostClass=network hostHash=92c4651bd627ffee method=GET clientProtocol=http/1.1 upstreamProtocol=h2 status=200 contentType=text/javascript bytesOut=72390 transfer=chunked upstreamHeadersMs=37.583 downstreamWriteMs=8.068
09-08 01:22:23.545  3095  4512 I ChromePhotosDataPlane: origin=real hostClass=network hostHash=92c4651bd627ffee method=GET clientProtocol=http/1.1 upstreamProtocol=h2 status=200 contentType=text/javascript bytesOut=41551 transfer=chunked upstreamHeadersMs=60.426 downstreamWriteMs=4.992
09-08 01:22:23.587  3095  4662 I ChromePhotosDataPlane: origin=real hostClass=network hostHash=92c4651bd627ffee method=GET clientProtocol=http/1.1 upstreamProtocol=h2 status=200 contentType=text/javascript bytesOut=4363 transfer=chunked upstreamHeadersMs=30.100 downstreamWriteMs=0.535
09-08 01:22:23.631  3095  4455 I ChromePhotosDataPlane: origin=real hostClass=network hostHash=92c4651bd627ffee method=GET clientProtocol=http/1.1 upstreamProtocol=h2 status=200 contentType=text/javascript bytesOut=8568 transfer=chunked upstreamHeadersMs=61.464 downstreamWriteMs=4.191
09-08 01:22:23.635  3095  4408 I ChromePhotosDataPlane: origin=real hostClass=network hostHash=92c4651bd627ffee method=GET clientProtocol=http/1.1 upstreamProtocol=h2 status=200 contentType=text/javascript bytesOut=11047 transfer=chunked upstreamHeadersMs=63.347 downstreamWriteMs=4.988
09-08 01:22:23.637  3095  4570 I ChromePhotosDataPlane: origin=real hostClass=network hostHash=92c4651bd627ffee method=GET clientProtocol=http/1.1 upstreamProtocol=h2 status=200 contentType=text/javascript bytesOut=8274 transfer=chunked upstreamHeadersMs=66.157 downstreamWriteMs=2.686
09-08 01:22:23.650  3095  4600 I ChromePhotosDataPlane: origin=real hostClass=network hostHash=99612d13068c029c method=GET clientProtocol=http/1.1 upstreamProtocol=h2 status=200 contentType=image/png bytesIn=14962 bytesOut=6303 cache=miss decision=block reason=model_filter source=engine probability=0.685114 basis=FullThreshold decodeMs=9.547 inferenceMs=136.638 localDecisionMs=284.449  requestToDeliveryMs=383.764 upstreamHeadersMs=31.893 sanitizeMs=349.062 downstreamWriteMs=0.910
09-08 01:22:23.656  3095  4512 I ChromePhotosDataPlane: origin=real hostClass=network hostHash=92c4651bd627ffee method=GET clientProtocol=http/1.1 upstreamProtocol=h2 status=200 contentType=text/javascript bytesOut=13554 transfer=chunked upstreamHeadersMs=62.396 downstreamWriteMs=0.581
09-08 01:22:23.657  3095  4662 I ChromePhotosDataPlane: origin=real hostClass=network hostHash=92c4651bd627ffee method=GET clientProtocol=http/1.1 upstreamProtocol=h2 status=200 contentType=text/javascript bytesOut=3451 transfer=chunked upstreamHeadersMs=56.781 downstreamWriteMs=0.696
09-08 01:22:23.683  3095  4455 I ChromePhotosDataPlane: origin=real hostClass=network hostHash=92c4651bd627ffee method=GET clientProtocol=http/1.1 upstreamProtocol=h2 status=200 contentType=text/javascript bytesOut=17367 transfer=chunked upstreamHeadersMs=33.126 downstreamWriteMs=1.803
09-08 01:22:23.686  3095  4408 I ChromePhotosDataPlane: origin=real hostClass=network hostHash=92c4651bd627ffee method=GET clientProtocol=http/1.1 upstreamProtocol=h2 status=200 contentType=text/javascript bytesOut=8097 transfer=chunked upstreamHeadersMs=32.146 downstreamWriteMs=1.266
09-08 01:22:23.715  3095  4570 I ChromePhotosDataPlane: origin=real hostClass=network hostHash=92c4651bd627ffee method=GET clientProtocol=http/1.1 upstreamProtocol=h2 status=200 contentType=text/javascript bytesOut=9877 transfer=chunked upstreamHeadersMs=26.930 downstreamWriteMs=3.572
09-08 01:22:23.742  3095  4314 I ChromePhotosDataPlane: phase=worker_ready correlationId=c431 admissionWaitMs=0.676
09-08 01:22:23.810  3095  4419 I ChromePhotosDataPlane: origin=real hostClass=network hostHash=99612d13068c029c method=GET clientProtocol=http/1.1 upstreamProtocol=h2 status=200 contentType=image/webp bytesIn=9480 bytesOut=9480 cache=miss decision=safe reason=model_allow source=engine probability=0.21780336 basis=None decodeMs=9.096 inferenceMs=150.747 localDecisionMs=299.982  requestToDeliveryMs=541.992 upstreamHeadersMs=54.709 sanitizeMs=484.271 downstreamWriteMs=1.318
09-08 01:22:23.957  3095  4663 I ChromePhotosDataPlane: origin=real hostClass=network hostHash=99612d13068c029c method=GET clientProtocol=http/1.1 upstreamProtocol=h2 status=200 contentType=image/webp bytesIn=12040 bytesOut=12040 cache=miss decision=safe reason=model_allow source=engine probability=0.06445417 basis=None decodeMs=10.328 inferenceMs=136.241 localDecisionMs=299.021  requestToDeliveryMs=553.360 upstreamHeadersMs=31.858 sanitizeMs=518.768 downstreamWriteMs=0.838
09-08 01:22:24.104  3095  4314 I ChromePhotosDataPlane: phase=tls_ready correlationId=c431 hostClass=network hostHash=a599aeb3c7c1dfa5 clientProtocol=http/1.1 ca=ff56b2f4265f0377
09-08 01:22:24.121  3095  4600 I ChromePhotosDataPlane: origin=real hostClass=network hostHash=99612d13068c029c method=GET clientProtocol=http/1.1 upstreamProtocol=h2 status=200 contentType=image/webp bytesIn=29646 bytesOut=29646 cache=miss decision=safe reason=model_allow source=engine probability=0.05165276 basis=None decodeMs=10.810 inferenceMs=149.378 localDecisionMs=292.783  requestToDeliveryMs=428.997 upstreamHeadersMs=29.872 sanitizeMs=392.995 downstreamWriteMs=3.860
09-08 01:22:24.272  3095  4382 I ChromePhotosDataPlane: origin=real hostClass=network hostHash=99612d13068c029c method=GET clientProtocol=http/1.1 upstreamProtocol=h2 status=200 contentType=image/webp bytesIn=9570 bytesOut=9570 cache=miss decision=safe reason=model_allow source=engine probability=0.12422106 basis=None decodeMs=9.286 inferenceMs=144.102 localDecisionMs=309.417  requestToDeliveryMs=565.140 upstreamHeadersMs=53.815 sanitizeMs=508.674 downstreamWriteMs=0.688
09-08 01:22:24.422  3095  4314 I ChromePhotosDataPlane: origin=real hostClass=network hostHash=a599aeb3c7c1dfa5 method=GET clientProtocol=http/1.1 upstreamProtocol=h2 status=200 contentType=application/javascript bytesOut=171790 transfer=fixed upstreamHeadersMs=183.291 downstreamWriteMs=131.079
09-08 01:22:24.453  3095  4327 I ChromePhotosDataPlane: origin=real hostClass=network hostHash=99612d13068c029c method=GET clientProtocol=http/1.1 upstreamProtocol=h2 status=200 contentType=image/webp bytesIn=48902 bytesOut=48902 cache=miss decision=safe reason=model_allow source=engine probability=0.01816991 basis=None decodeMs=13.447 inferenceMs=147.572 localDecisionMs=287.984  requestToDeliveryMs=742.286 upstreamHeadersMs=52.000 sanitizeMs=668.990 downstreamWriteMs=14.514
09-08 01:22:24.474  3095  4570 I ChromePhotosDataPlane: origin=real hostClass=network hostHash=92c4651bd627ffee method=GET clientProtocol=http/1.1 upstreamProtocol=h2 status=200 contentType=application/json bytesOut=67 transfer=chunked upstreamHeadersMs=270.575 downstreamWriteMs=2.555
09-08 01:22:24.514  3095  4455 I ChromePhotosDataPlane: origin=real hostClass=network hostHash=92c4651bd627ffee method=GET clientProtocol=http/1.1 upstreamProtocol=h2 status=200 contentType=application/json bytesOut=42 transfer=chunked upstreamHeadersMs=302.681 downstreamWriteMs=2.466
09-08 01:22:24.575  3095  4408 I ChromePhotosDataPlane: origin=real hostClass=network hostHash=92c4651bd627ffee method=GET clientProtocol=http/1.1 upstreamProtocol=h2 status=200 contentType=application/json bytesOut=365 transfer=chunked upstreamHeadersMs=372.052 downstreamWriteMs=2.039
09-08 01:22:24.689  3095  4589 I ChromePhotosDataPlane: origin=real hostClass=network hostHash=99612d13068c029c method=GET clientProtocol=http/1.1 upstreamProtocol=h2 status=200 contentType=image/webp bytesIn=23632 bytesOut=23632 cache=miss decision=safe reason=model_allow source=engine probability=0.018871725 basis=None decodeMs=10.952 inferenceMs=222.189 localDecisionMs=378.972  requestToDeliveryMs=959.287 upstreamHeadersMs=52.734 sanitizeMs=883.506 downstreamWriteMs=2.011
09-08 01:22:24.859  3095  4419 I ChromePhotosDataPlane: origin=real hostClass=network hostHash=99612d13068c029c method=GET clientProtocol=http/1.1 upstreamProtocol=h2 status=200 contentType=image/webp bytesIn=7432 bytesOut=7432 cache=miss decision=safe reason=model_allow source=engine probability=0.008881152 basis=None decodeMs=13.313 inferenceMs=178.361 localDecisionMs=414.777  requestToDeliveryMs=1039.486 upstreamHeadersMs=29.167 sanitizeMs=1006.850 downstreamWriteMs=0.943
09-08 01:22:24.901  3095  4455 I ChromePhotosDataPlane: origin=real hostClass=network hostHash=92c4651bd627ffee method=GET clientProtocol=http/1.1 upstreamProtocol=h2 status=200 contentType=application/json bytesOut=42 transfer=chunked upstreamHeadersMs=306.323 downstreamWriteMs=0.639
09-08 01:22:24.925  3095  4408 I ChromePhotosDataPlane: origin=real hostClass=network hostHash=92c4651bd627ffee method=GET clientProtocol=http/1.1 upstreamProtocol=h2 status=200 contentType=application/json bytesOut=365 transfer=chunked upstreamHeadersMs=322.624 downstreamWriteMs=1.098
09-08 01:22:25.010  3095  4663 I ChromePhotosDataPlane: origin=real hostClass=network hostHash=99612d13068c029c method=GET clientProtocol=http/1.1 upstreamProtocol=h2 status=200 contentType=image/webp bytesIn=25162 bytesOut=25162 cache=miss decision=safe reason=model_allow source=engine probability=0.05949378 basis=None decodeMs=10.638 inferenceMs=140.684 localDecisionMs=278.007  requestToDeliveryMs=1007.525 upstreamHeadersMs=46.529 sanitizeMs=959.077 downstreamWriteMs=0.635
09-08 01:22:25.172  3095  4600 I ChromePhotosDataPlane: origin=real hostClass=network hostHash=99612d13068c029c method=GET clientProtocol=http/1.1 upstreamProtocol=h2 status=200 contentType=image/webp bytesIn=40908 bytesOut=40908 cache=miss decision=safe reason=model_allow source=engine probability=0.07178828 basis=None decodeMs=12.179 inferenceMs=149.258 localDecisionMs=300.369  requestToDeliveryMs=1014.582 upstreamHeadersMs=33.576 sanitizeMs=979.029 downstreamWriteMs=0.677
09-08 01:22:25.205  3095  4455 I ChromePhotosDataPlane: origin=real hostClass=network hostHash=92c4651bd627ffee method=GET clientProtocol=http/1.1 upstreamProtocol=h2 status=304 contentType= bytesOut=0 transfer=fixed upstreamHeadersMs=258.554 downstreamWriteMs=0.387
09-08 01:22:25.272  3095  4328 I ChromePhotosDataPlane: phase=worker_ready correlationId=c432 admissionWaitMs=0.396
09-08 01:22:25.293  3095  4164 I ChromePhotosDataPlane: phase=worker_ready correlationId=c433 admissionWaitMs=0.322
09-08 01:22:25.321  3095  4213 I ChromePhotosDataPlane: phase=worker_ready correlationId=c434 admissionWaitMs=0.230
09-08 01:22:25.334  3095  4310 I ChromePhotosDataPlane: phase=worker_ready correlationId=c435 admissionWaitMs=3.643
09-08 01:22:25.355  3095  4381 I ChromePhotosDataPlane: phase=worker_ready correlationId=c436 admissionWaitMs=0.173
09-08 01:22:25.371  3095  4642 I ChromePhotosDataPlane: phase=worker_ready correlationId=c437 admissionWaitMs=0.184
09-08 01:22:25.400  3095  4314 I ChromePhotosDataPlane: origin=real hostClass=network hostHash=a599aeb3c7c1dfa5 method=GET clientProtocol=http/1.1 upstreamProtocol=h2 status=200 contentType=application/javascript bytesOut=185144 transfer=fixed upstreamHeadersMs=52.920 downstreamWriteMs=98.839
09-08 01:22:25.511  3095  4455 I ChromePhotosDataPlane: origin=real hostClass=network hostHash=92c4651bd627ffee method=GET clientProtocol=http/1.1 upstreamProtocol=h2 status=304 contentType= bytesOut=0 transfer=fixed upstreamHeadersMs=267.113 downstreamWriteMs=0.750
09-08 01:22:25.704  3095  4328 I ChromePhotosDataPlane: phase=tls_ready correlationId=c432 hostClass=network hostHash=a2a6d789aa872a52 clientProtocol=http/1.1 ca=ff56b2f4265f0377
09-08 01:22:25.878  3095  4328 I ChromePhotosDataPlane: origin=real hostClass=network hostHash=a2a6d789aa872a52 method=GET clientProtocol=http/1.1 upstreamProtocol=h2 status=200 contentType=application/javascript bytesOut=6650 transfer=chunked upstreamHeadersMs=168.337 downstreamWriteMs=3.125
09-08 01:22:25.927  3095  4382 I ChromePhotosDataPlane: origin=real hostClass=network hostHash=99612d13068c029c method=GET clientProtocol=http/1.1 upstreamProtocol=h2 status=200 contentType=image/png bytesIn=12596 bytesOut=6303 cache=miss decision=block reason=model_filter source=engine probability=0.90037996 basis=UncertainRegional decodeMs=4.750 inferenceMs=706.530 localDecisionMs=910.269  requestToDeliveryMs=1360.225 upstreamHeadersMs=26.906 sanitizeMs=1316.667 downstreamWriteMs=1.513
09-08 01:22:26.080  3095  4327 I ChromePhotosDataPlane: origin=real hostClass=network hostHash=99612d13068c029c method=GET clientProtocol=http/1.1 upstreamProtocol=h2 status=200 contentType=image/webp bytesIn=7302 bytesOut=7302 cache=miss decision=safe reason=model_allow source=engine probability=0.015817523 basis=None decodeMs=3.976 inferenceMs=146.552 localDecisionMs=896.001  requestToDeliveryMs=1514.693 upstreamHeadersMs=64.344 sanitizeMs=1427.636 downstreamWriteMs=2.296
09-08 01:22:26.331  3095  4164 I ChromePhotosDataPlane: phase=tls_ready correlationId=c433 hostClass=network hostHash=38b36076ca933259 clientProtocol=http/1.1 ca=ff56b2f4265f0377
09-08 01:22:26.581  3095  4164 I ChromePhotosDataPlane: origin=real hostClass=network hostHash=38b36076ca933259 method=GET clientProtocol=http/1.1 upstreamProtocol=http/1.1 status=200 contentType=application/x-javascript bytesOut=586 transfer=fixed upstreamHeadersMs=246.656 downstreamWriteMs=0.406
09-08 01:22:26.584  3095  4213 I ChromePhotosDataPlane: phase=tls_ready correlationId=c434 hostClass=network hostHash=d84a36a05e56cc9d clientProtocol=http/1.1 ca=ff56b2f4265f0377
09-08 01:22:26.604  3095  4192 I ChromePhotosDataPlane: origin=real hostClass=network hostHash=816c1c4228e457b0 method=POST clientProtocol=http/1.1 upstreamProtocol=h2 status=200 contentType=application/javascript bytesOut=0 transfer=fixed upstreamHeadersMs=261.845 downstreamWriteMs=0.365
09-08 01:22:26.748  3095  4213 I ChromePhotosDataPlane: origin=real hostClass=network hostHash=d84a36a05e56cc9d method=GET clientProtocol=http/1.1 upstreamProtocol=h2 status=200 contentType=application/x-javascript bytesOut=108637 transfer=fixed upstreamHeadersMs=103.533 downstreamWriteMs=59.612
09-08 01:22:26.878  3095  4642 I ChromePhotosDataPlane: phase=tls_ready correlationId=c437 hostClass=network hostHash=531c0c97f236d51c clientProtocol=http/1.1 ca=ff56b2f4265f0377
09-08 01:22:27.025  3095  4213 I ChromePhotosDataPlane: origin=real hostClass=network hostHash=d84a36a05e56cc9d method=GET clientProtocol=http/1.1 upstreamProtocol=h2 status=200 contentType=application/x-javascript bytesOut=70281 transfer=fixed upstreamHeadersMs=33.822 downstreamWriteMs=19.597
09-08 01:22:27.025  3095  4642 I ChromePhotosDataPlane: origin=real hostClass=network hostHash=531c0c97f236d51c method=GET clientProtocol=http/1.1 upstreamProtocol=h2 status=200 contentType=text/html bytesOut=0 transfer=fixed upstreamHeadersMs=144.722 downstreamWriteMs=0.358
09-08 01:22:27.031  3095  4642 I ChromePhotosDataPlane: phase=worker_ready correlationId=c438 admissionWaitMs=1628.219
09-08 01:22:27.319  3095  4381 I ChromePhotosDataPlane: phase=tls_ready correlationId=c436 hostClass=network hostHash=191347bfe55d0ca9 clientProtocol=http/1.1 ca=ff56b2f4265f0377
09-08 01:22:27.488  3095  4381 I ChromePhotosDataPlane: origin=real hostClass=network hostHash=191347bfe55d0ca9 method=POST clientProtocol=http/1.1 upstreamProtocol=h2 status=200 contentType=text/plain bytesOut=0 transfer=fixed upstreamHeadersMs=160.863 downstreamWriteMs=0.274
09-08 01:22:27.495  3095  4381 I ChromePhotosDataPlane: phase=worker_ready correlationId=c439 admissionWaitMs=2087.554
09-08 01:22:27.511  3095  4381 W ChromePhotosDataPlane: phase=connection_failed correlationId=c439 error=UnknownHostException
09-08 01:22:27.511  3095  4381 I ChromePhotosDataPlane: phase=worker_ready correlationId=c440 admissionWaitMs=1484.855
09-08 01:22:27.754  3095  4310 I ChromePhotosDataPlane: phase=tls_ready correlationId=c435 hostClass=network hostHash=7f649a3d5b9f2420 clientProtocol=http/1.1 ca=ff56b2f4265f0377
09-08 01:22:27.754  3095  4233 I ChromePhotosDataPlane: phase=worker_ready correlationId=c441 admissionWaitMs=1722.518
09-08 01:22:28.125  3095  4642 I ChromePhotosDataPlane: phase=tls_ready correlationId=c438 hostClass=network hostHash=ee8cdc867bba487e clientProtocol=http/1.1 ca=ff56b2f4265f0377
09-08 01:22:28.271  3095  4642 I ChromePhotosDataPlane: origin=real hostClass=network hostHash=ee8cdc867bba487e method=POST clientProtocol=http/1.1 upstreamProtocol=h2 status=204 contentType=text/html bytesOut=0 transfer=fixed upstreamHeadersMs=144.001 downstreamWriteMs=0.216
09-08 01:22:28.274  3095  4642 I ChromePhotosDataPlane: phase=worker_ready correlationId=c442 admissionWaitMs=2202.914
09-08 01:22:28.389  3095  4310 I ChromePhotosDataPlane: origin=real hostClass=network hostHash=7f649a3d5b9f2420 method=GET clientProtocol=http/1.1 upstreamProtocol=h2 status=304 contentType= bytesOut=0 transfer=fixed upstreamHeadersMs=633.170 downstreamWriteMs=0.278
09-08 01:22:28.650  3095  4192 I ChromePhotosDataPlane: origin=real hostClass=network hostHash=816c1c4228e457b0 method=POST clientProtocol=http/1.1 upstreamProtocol=h2 status=200 contentType=application/javascript bytesOut=0 transfer=fixed upstreamHeadersMs=246.825 downstreamWriteMs=0.375
09-08 01:22:28.827  3095  4381 I ChromePhotosDataPlane: phase=tls_ready correlationId=c440 hostClass=network hostHash=505bd18b6650e44b clientProtocol=http/1.1 ca=ff56b2f4265f0377
09-08 01:22:28.987  3095  4381 I ChromePhotosDataPlane: origin=real hostClass=network hostHash=505bd18b6650e44b method=POST clientProtocol=http/1.1 upstreamProtocol=h2 status=204 contentType=text/plain bytesOut=0 transfer=fixed upstreamHeadersMs=156.994 downstreamWriteMs=0.306
09-08 01:22:28.993  3095  4381 I ChromePhotosDataPlane: phase=worker_ready correlationId=c443 admissionWaitMs=2357.174
09-08 01:22:29.182  3095  4233 I ChromePhotosDataPlane: phase=tls_ready correlationId=c441 hostClass=network hostHash=f866b7a904344e57 clientProtocol=http/1.1 ca=ff56b2f4265f0377
09-08 01:22:29.365  3095  4233 I ChromePhotosDataPlane: origin=real hostClass=network hostHash=f866b7a904344e57 method=POST clientProtocol=http/1.1 upstreamProtocol=h2 status=204 contentType=text/plain bytesOut=0 transfer=fixed upstreamHeadersMs=180.944 downstreamWriteMs=0.286
09-08 01:22:29.374  3095  4233 I ChromePhotosDataPlane: phase=worker_ready correlationId=c444 admissionWaitMs=2154.915
09-08 01:22:29.691  3095  4441 I ChromePhotosDataPlane: phase=worker_ready correlationId=c445 admissionWaitMs=1277.837
09-08 01:22:29.870  3095  4642 I ChromePhotosDataPlane: phase=tls_ready correlationId=c442 hostClass=network hostHash=7ffe8698ca81d914 clientProtocol=http/1.1 ca=ff56b2f4265f0377
09-08 01:22:30.044  3095  4642 I ChromePhotosDataPlane: origin=real hostClass=network hostHash=7ffe8698ca81d914 method=GET clientProtocol=http/1.1 upstreamProtocol=h2 status=200 contentType=image/png bytesIn=42 bytesOut=6303 cache=miss decision=unknown reason=unsupported_gif source=error probability=-1.0 basis=none decodeMs=0.000 inferenceMs=0.000 localDecisionMs=0.000  requestToDeliveryMs=173.189 upstreamHeadersMs=171.533 sanitizeMs=0.378 downstreamWriteMs=0.498
09-08 01:22:30.160  3095  4381 I ChromePhotosDataPlane: phase=tls_ready correlationId=c443 hostClass=network hostHash=976ad02ea24aca2b clientProtocol=http/1.1 ca=ff56b2f4265f0377
09-08 01:22:30.434  3095  4381 I ChromePhotosDataPlane: origin=real hostClass=network hostHash=976ad02ea24aca2b method=GET clientProtocol=http/1.1 upstreamProtocol=h2 status=304 contentType= bytesOut=0 transfer=fixed upstreamHeadersMs=270.977 downstreamWriteMs=0.285
09-08 01:22:30.638  3095  4378 I ChromePhotosDataPlane: phase=worker_ready correlationId=c446 admissionWaitMs=1212.429
09-08 01:22:30.657  3095  4379 I ChromePhotosDataPlane: phase=worker_ready correlationId=c447 admissionWaitMs=62.323
09-08 01:22:30.775  3095  4233 I ChromePhotosDataPlane: phase=tls_ready correlationId=c444 hostClass=network hostHash=3e723b591bdb95ce clientProtocol=http/1.1 ca=ff56b2f4265f0377
09-08 01:22:30.904  3095  4233 I ChromePhotosDataPlane: origin=real hostClass=network hostHash=3e723b591bdb95ce method=GET clientProtocol=http/1.1 upstreamProtocol=h2 status=200 contentType=image/png bytesIn=0 bytesOut=6303 cache=miss decision=unknown reason=image_format_unknown source=error probability=-1.0 basis=none decodeMs=0.000 inferenceMs=0.000 localDecisionMs=0.000  requestToDeliveryMs=126.835 upstreamHeadersMs=125.148 sanitizeMs=0.320 downstreamWriteMs=0.416
09-08 01:22:31.106  3095  4441 I ChromePhotosDataPlane: phase=tls_ready correlationId=c445 hostClass=network hostHash=78e0cd4c95c30774 clientProtocol=http/1.1 ca=ff56b2f4265f0377
09-08 01:22:31.383  3095  4378 I ChromePhotosDataPlane: phase=tls_ready correlationId=c446 hostClass=network hostHash=ff0536b7412c578d clientProtocol=http/1.1 ca=ff56b2f4265f0377
09-08 01:22:31.619  3095  4379 I ChromePhotosDataPlane: phase=tls_ready correlationId=c447 hostClass=network hostHash=7d3489b54d9d6982 clientProtocol=http/1.1 ca=ff56b2f4265f0377
09-08 01:22:31.890  3095  4441 I ChromePhotosDataPlane: origin=real hostClass=network hostHash=78e0cd4c95c30774 method=GET clientProtocol=http/1.1 upstreamProtocol=h2 status=200 contentType=application/javascript bytesOut=27994 transfer=chunked upstreamHeadersMs=747.842 downstreamWriteMs=32.765
09-08 01:22:31.991  3095  4383 I ChromePhotosDataPlane: phase=worker_ready correlationId=c448 admissionWaitMs=0.345
09-08 01:22:32.085  3095  4408 I ChromePhotosDataPlane: origin=real hostClass=network hostHash=92c4651bd627ffee method=POST clientProtocol=http/1.1 upstreamProtocol=h2 status=204 contentType=text/plain bytesOut=0 transfer=fixed upstreamHeadersMs=125.485 downstreamWriteMs=0.283
09-08 01:22:32.132  3095  4378 I ChromePhotosDataPlane: origin=real hostClass=network hostHash=ff0536b7412c578d method=OPTIONS clientProtocol=http/1.1 upstreamProtocol=h2 status=200 contentType=application/json bytesOut=0 transfer=fixed upstreamHeadersMs=747.888 downstreamWriteMs=0.311
09-08 01:22:32.274  3095  4570 I ChromePhotosDataPlane: origin=real hostClass=network hostHash=92c4651bd627ffee method=GET clientProtocol=http/1.1 upstreamProtocol=h2 status=200 contentType=image/png bytesIn=5313 bytesOut=5313 cache=miss decision=safe reason=model_allow source=engine probability=0.0126879215 basis=None decodeMs=12.137 inferenceMs=140.563 localDecisionMs=153.461  requestToDeliveryMs=275.853 upstreamHeadersMs=115.428 sanitizeMs=154.377 downstreamWriteMs=1.390
09-08 01:22:32.301  3095  4379 I ChromePhotosDataPlane: origin=real hostClass=network hostHash=7d3489b54d9d6982 method=POST clientProtocol=http/1.1 upstreamProtocol=http/1.1 status=204 contentType= bytesOut=0 transfer=fixed upstreamHeadersMs=679.091 downstreamWriteMs=0.727
09-08 01:22:32.306  3095  4383 I ChromePhotosDataPlane: phase=tls_ready correlationId=c448 hostClass=network hostHash=76d584ec3fe32f68 clientProtocol=http/1.1 ca=ff56b2f4265f0377
09-08 01:22:32.418  3095  4455 I ChromePhotosDataPlane: origin=real hostClass=network hostHash=92c4651bd627ffee method=GET clientProtocol=http/1.1 upstreamProtocol=h2 status=200 contentType=image/png bytesIn=1297 bytesOut=1297 cache=miss decision=safe reason=model_allow source=engine probability=0.019420981 basis=None decodeMs=2.863 inferenceMs=142.800 localDecisionMs=263.970  requestToDeliveryMs=423.922 upstreamHeadersMs=154.650 sanitizeMs=264.425 downstreamWriteMs=0.621
09-08 01:22:32.576  3095  4378 I ChromePhotosDataPlane: origin=real hostClass=network hostHash=ff0536b7412c578d method=POST clientProtocol=http/1.1 upstreamProtocol=h2 status=200 contentType=application/json bytesOut=86 transfer=fixed upstreamHeadersMs=433.157 downstreamWriteMs=0.703
09-08 01:22:33.393  3095  4383 I ChromePhotosDataPlane: origin=real hostClass=network hostHash=76d584ec3fe32f68 method=POST clientProtocol=http/1.1 upstreamProtocol=h2 status=200 contentType=application/json bytesOut=87 transfer=chunked upstreamHeadersMs=1084.989 downstreamWriteMs=1.014
09-08 01:22:33.464  3095  4560 I ChromePhotosDataPlane: phase=worker_ready correlationId=c449 admissionWaitMs=0.450
09-08 01:22:33.474  3095  4306 I ChromePhotosDataPlane: phase=worker_ready correlationId=c450 admissionWaitMs=0.167
09-08 01:22:33.479  3095  4537 I ChromePhotosDataPlane: phase=worker_ready correlationId=c451 admissionWaitMs=0.153
09-08 01:22:33.489  3095  4307 I ChromePhotosDataPlane: phase=worker_ready correlationId=c452 admissionWaitMs=0.101
09-08 01:22:33.497  3095  4560 I ChromePhotosDataPlane: phase=tls_ready correlationId=c449 hostClass=network hostHash=76d584ec3fe32f68 clientProtocol=http/1.1 ca=ff56b2f4265f0377
09-08 01:22:33.501  3095  4306 I ChromePhotosDataPlane: phase=tls_ready correlationId=c450 hostClass=network hostHash=76d584ec3fe32f68 clientProtocol=http/1.1 ca=ff56b2f4265f0377
09-08 01:22:33.516  3095  4307 I ChromePhotosDataPlane: phase=tls_ready correlationId=c452 hostClass=network hostHash=76d584ec3fe32f68 clientProtocol=http/1.1 ca=ff56b2f4265f0377
09-08 01:22:33.802  3095  4537 I ChromePhotosDataPlane: phase=tls_ready correlationId=c451 hostClass=network hostHash=e8dd41ac4d341d5b clientProtocol=http/1.1 ca=ff56b2f4265f0377
09-08 01:22:33.802  3095  4560 I ChromePhotosDataPlane: origin=real hostClass=network hostHash=76d584ec3fe32f68 method=POST clientProtocol=http/1.1 upstreamProtocol=h2 status=200 contentType=application/json bytesOut=226 transfer=chunked upstreamHeadersMs=303.301 downstreamWriteMs=0.427
09-08 01:22:33.847  3095  4326 I ChromePhotosDataPlane: phase=worker_ready correlationId=c453 admissionWaitMs=0.304
09-08 01:22:33.990  3095  4307 I ChromePhotosDataPlane: origin=real hostClass=network hostHash=76d584ec3fe32f68 method=POST clientProtocol=http/1.1 upstreamProtocol=h2 status=200 contentType=application/json bytesOut=37 transfer=chunked upstreamHeadersMs=471.358 downstreamWriteMs=0.442
09-08 01:22:34.044  3095  4306 I ChromePhotosDataPlane: origin=real hostClass=network hostHash=76d584ec3fe32f68 method=POST clientProtocol=http/1.1 upstreamProtocol=h2 status=200 contentType=application/json bytesOut=809 transfer=chunked upstreamHeadersMs=540.756 downstreamWriteMs=0.478
09-08 01:22:34.310  3095  4306 I ChromePhotosDataPlane: origin=real hostClass=network hostHash=76d584ec3fe32f68 method=OPTIONS clientProtocol=http/1.1 upstreamProtocol=h2 status=200 contentType=text/html bytesOut=20 transfer=chunked upstreamHeadersMs=204.750 downstreamWriteMs=0.406
09-08 01:22:34.331  3095  3095 I ChromePhotosDataPlane: phase=status statusSequence=6 lifecycle=PresentationReady active=true ready=true connections=453 requests=1193 safe=300 blocked=64 unknown=118 passthrough=610 cacheHits=14 cacheMisses=384 failures=9 clientDisconnects=15 bytesIn=32507662 bytesOut=34452325 streamed=471 proxyQueueRejects=0 proxyActivePeak=64 proxyP50Ms=179.332 proxyP95Ms=1221.627 proxyP99Ms=1515.050 upstreamSockets=335 protectSuccess=335 protectFailure=0 web11a=not_run web11b=not_run modelLoadMs=409.920 engineCalls=359 dedupeHits=2 decisionCacheConfig=64 decisionConcurrencyConfig=1 decisionQueueConfig=2 decisionTimeoutMs=5000 engineCallsPerRequest=0.9573333333333334 inferencePeak=1 inFlightPeak=2 queuePeak=1 queueRejects=0 timeouts=0 inferenceP50Ms=139.664739 inferenceP95Ms=593.728125 inferenceP99Ms=732.626042 decisionP50Ms=283.129688 decisionP95Ms=1129.662603 decisionP99Ms=1372.257447 cacheHitP50Ms=0.043334 cacheHitP95Ms=0.063073 cacheEntries=64 cacheEvictions=295 preprocessP50Ms=4.97625 preprocessP95Ms=20.83776 preprocessP99Ms=73.307969 preparedCount1=311 preparedCount4=45 preparedCount5=3 preparedCountOther=0 decisionBasis=FullStrong:28,FullThreshold:39,None:290,UncertainRegional:2 imageCandidates=490 imagePrefixPeeks=55 imageMagicCandidates=0 imageBodyAdmissionPeak=2 imageBodyAdmissionRejects=0 networkVisualCandidates=475 networkVisualReplaced=0 networkVisualRawDelivered=0 networkVisualSafeRawDelivered=300 networkVisualBlockedReplaced=64 networkVisualUnknownReplaced=0 networkVisualUnsupportedReplaced=100 networkVisualRawBlockedDelivered=0 networkVisualRawUnknownDelivered=0 networkVisualCacheHit=14 networkVisualInference=348 mediaDocumentsTransformed=28 mediaDocumentsFailClosed=6 documentTransformOutstanding=0 readyTokensOutstanding=28 uiSvgRegistered=14 uiSvgRegistryBytes=7010 uiSvgCssRewritten=1 uiSvgCssRejected=0 uiSvgNetworkAccepted=34 uiSvgNetworkRejected=18 uiSvgAssetServed=6 uiSvgAssetRejected=0 h18=REPORT=not_run,EVENT_SEQUENCE=0,COMPAT_DOCS=0,STRICT_DOCS=0,STYLE_REQ=0,SCRIPT_REQ=0,DATA_REQ=0,NETWORK_REQ=0,REPORTS=0,LAST_DOC=none,NETWORK_SHA=ee17e3f62edde61823ce35732ea168f4f5986bff347ccfac063eca7f4009ee1b,AUDIT_SHA=74d4467bbf6833db4eeab998495b7dfc50db3b1f04f407704b839ad3f4b25582 h19=REPORT=not_run,DOCUMENTS=0,FRAMES=0,SCRIPTS=0,FIRST_ORIGINAL_SCRIPTS=0,STYLES=0,WORKERS=0,SERVICE_WORKERS=0,FRAME_REPORTS=0,FRAME_REPORT_REJECTS=0,FRAME_REPORT=not_run,FRAME_REPORT_SHA=not_run,FRAME_CHALLENGE_SHA=not_run,FRAME_GENERATION=0,FRAME_ACCEPTED_CHALLENGE_SHA=not_run,FRAME_REPORT_BINDING_SHA=not_run,SAME_URL_BODIES=0,REPORTS=0,SW_BOUNDARY={INSTALL_DOCS=0,WORKER_SCRIPTS=0,WORKER_PROBE_SCRIPTS=0,PROBE_DOCS=0,CLEANUP_DOCS=0,REPORTS_ACCEPTED=0,REPORTS_REJECTED=0,CONTROLLER_PRESENT=0,CONTROLLER_MISSING=0,NAV_FETCHES=0,SELF_READY_FETCHES=0,SELF_READY_PASS_THROUGH=0,SELF_READY_SYNTHETIC=0,NAV_SYNTHETIC=0,RESET_BASELINE_CLEAN=0,RESET_BASELINE_DIRTY=0,REGISTER_BLOCKED=0,REGISTER_SUCCEEDED=0,WORKER_REGISTER_BLOCKED=0,WORKER_REGISTER_SUCCEEDED=0,WORKER_REGISTER_UNSUPPORTED=0,WORKER_REGISTER_ERROR=0,LAST_CASE=none,LAST_EVENT=none,LAST_VALUE=none},UI_SVG={INLINE_ORIGINAL:PASS,INLINE_CLICK:PASS,SPRITE_ORIGINAL:PASS,UNSAFE_SPRITE_FAIL_CLOSED:PASS,STATIC_CSS:PASS,EXTERNAL_CSS:PASS,STYLE_ATTRIBUTE:PASS,DATA_IMAGE:PASS,FAVICON:PASS,PROTECTED_HEAD_RETENTION:PASS,NETWORK_SVG:PASS,UNSAFE_NETWORK_FAIL_CLOSED:PASS,DYNAMIC_CSS:PASS,RASTER_FAIL_CLOSED:PASS,UNSAFE_INLINE_FAIL_CLOSED:PASS} quicAttempts=0 directTcpAttempts=0 bootstrapResetGeneration=2 bootstrapCompleteGeneration=2 bootstrapResetCount=3 chromeSuspended=false guardSession=528 guardHeartbeatSequence=670 audit17State=0 audit17Navigation=0 audit17Events=499 audit17Dropped=0
09-08 01:22:34.331  3095  3095 I ChromeMediaShieldStatus: v=1 seq=6 kind=network mode=selective candidates=475 replaced=0 rawDelivered=0 safeRaw=300 blockedReplaced=64 unknownReplaced=0 unsupportedReplaced=100 rawBlocked=0 rawUnknown=0 cacheHit=14 decisionEngine=348 engineCalls=359
09-08 01:22:34.331  3095  3095 I ChromeMediaShieldStatus: v=1 seq=6 kind=document transformed=28 failClosed=6 outstanding=0 issued=28 claims=13 documentSequence=28 navigationSequence=14 readyRequests=40 readyPreflights=0 readyAccepted=13 readyRejected=0 parserBarrierRequests=0 parserBarrierReady=0 parserBarrierFailClosed=0 selfShield=true selfReadyRequests=13 selfReadyAccepted=13 selfReadyRejected=0 selfReadyRejectReason=none selfShieldReleaseCompleted=13 selfShieldParserContinued=13 selfShieldOriginalScriptStarted=0 selfShieldTraceRejected=0 selfShieldTraceOutstanding=2 bootstrapDiagnosticAccepted=0 bootstrapDiagnosticRejected=0 bootstrapDiagnosticRejectReason=none bootstrapDiagnosticStage=none bootstrapDiagnosticReason=none bootstrapDiagnosticOutstanding=0
09-08 01:22:34.331  3095  3095 I ChromeMediaShieldStatus: v=1 seq=6 kind=renderer reports=1 rejected=0 globalCallbacks=206 globalRecords=1679 childRecords=1533 attributeRecords=146 maxRecords=408 scanCalls=3912 scanRoot=2 scanNodes=6029 maxScanNodes=108 scanMicros=198561 maxScanMicros=37099 observerChildScans=1292 observerAttributeScans=0 guardedScans=2109 markupScans=460 shadowScans=49 initialScans=2 otherScans=0 sanitizeElement=13053 sanitizeContainer=5081 img=813 source=0 svg=417 iframe=34 canvas=4 video=0 safeIcon=417 lockIcon=51 geometryWrites=0 svgRecords=0 shadowRoots=3 shadowObservers=3 shadowCallbacks=6 shadowRecords=57 shadowScanCalls=49 ensureStyle=207 ensureCurtain=209 internalMutations=0
09-08 01:22:34.332  3095  3095 I ChromeMediaShieldStatus: v=1 seq=6 kind=rendererApis callScan=createElement=1903/0 createElementNS=54/0 appendChild=2026/2026 insertBefore=81/81 replaceChild=0/0 append=0/0 prepend=2/2 replaceChildren=0/0 before=0/0 after=0/0 replaceWith=0/0 adjacentElement=0/0 moveBefore=0/0 rangeInsert=0/0 rangeSurround=0/0 adoptNode=0/0 cloneNode=0/0 importNode=0/0 safeMarkup=230/230 innerHTML=230/230 outerHTML=0/0 insertAdjacentHTML=0/0 setHTML=0/0 shadowInnerHTML=0/0 execCommandInsertHTML=0/0 mappedTextContent=0/0
09-08 01:22:34.332  3095  3095 I ChromeMediaShieldStatus: v=1 seq=6 kind=rendererFamilies roots=element/fragment/text/other factory:calls=1957,scans=0,direct=1957,roots=1957/0/0/0,nodes=0,micros=22203,maxMicros=500 domGuard:calls=2109,scans=2109,direct=2085,roots=3934/0/249/11,nodes=3273,micros=88837,maxMicros=9199 markup:calls=460,scans=460,direct=0,roots=230/230/0/0,nodes=231,micros=5780,maxMicros=100
09-08 01:22:34.332  3095  3095 I ChromeMediaShieldStatus: v=1 seq=6 kind=uiSvg registered=14 registryBytes=7010 cssRewritten=1 cssRejected=0 networkAccepted=34 networkRejected=18 assetServed=6 assetRejected=0
09-08 01:22:34.332  3095  3095 I ChromeMediaShieldStatus: v=1 seq=6 kind=health failures=9 clientDisconnects=15 proxyQueueRejects=0 protectFailure=0 quicAttempts=0 directTcpAttempts=0 active=true ready=true
09-08 01:22:34.332  3095  3095 I ChromeMediaShieldStatus: v=1 seq=6 kind=fixture report=REPORT=not_run,DOCUMENTS=0,FRAMES=0,SCRIPTS=0,FIRST_ORIGINAL_SCRIPTS=0,STYLES=0,WORKERS=0,SERVICE_WORKERS=0,FRAME_REPORTS=0,FRAME_REPORT_REJECTS=0,FRAME_REPORT=not_run,FRAME_REPORT_SHA=not_run,FRAME_CHALLENGE_SHA=not_run,FRAME_GENERATION=0,FRAME_ACCEPTED_CHALLENGE_SHA=not_run,FRAME_REPORT_BINDING_SHA=not_run,SAME_URL_BODIES=0,REPORTS=0,SW_BOUNDARY={INSTALL_DOCS=0,WORKER_SCRIPTS=0,WORKER_PROBE_SCRIPTS=0,PROBE_DOCS=0,CLEANUP_DOCS=0,REPORTS_ACCEPTED=0,REPORTS_REJECTED=0,CONTROLLER_PRESENT=0,CONTROLLER_MISSING=0,NAV_FETCHES=0,SELF_READY_FETCHES=0,SELF_READY_PASS_THROUGH=0,SELF_READY_SYNTHETIC=0,NAV_SYNTHETIC=0,RESET_BASELINE_CLEAN=0,RESET_BASELINE_DIRTY=0,REGISTER_BLOCKED=0,REGISTER_SUCCEEDED=0,WORKER_REGISTER_BLOCKED=0,WORKER_REGISTER_SUCCEEDED=0,WORKER_REGISTER_UNSUPPORTED=0,WORKER_REGISTER_ERROR=0,LAST_CASE=none,LAST_EVENT=none,LAST_VALUE=none},UI_SVG={INLINE_ORIGINAL:PASS,INLINE_CLICK:PASS,SPRITE_ORIGINAL:PASS,UNSAFE_SPRITE_FAIL_CLOSED:PASS,STATIC_CSS:PASS,EXTERNAL_CSS:PASS,STYLE_ATTRIBUTE:PASS,DATA_IMAGE:PASS,FAVICON:PASS,PROTECTED_HEAD_RETENTION:PASS,NETWORK_SVG:PASS,UNSAFE_NETWORK_FAIL_CLOSED:PASS,DYNAMIC_CSS:PASS,RASTER_FAIL_CLOSED:PASS,UNSAFE_INLINE_FAIL_CLOSED:PASS}
09-08 01:22:34.516  3095  4307 I ChromePhotosDataPlane: origin=real hostClass=network hostHash=76d584ec3fe32f68 method=OPTIONS clientProtocol=http/1.1 upstreamProtocol=h2 status=200 contentType=text/html bytesOut=20 transfer=chunked upstreamHeadersMs=400.816 downstreamWriteMs=0.570
09-08 01:22:34.527  3095  4326 I ChromePhotosDataPlane: phase=tls_ready correlationId=c453 hostClass=network hostHash=711a80b9990ed6fb clientProtocol=http/1.1 ca=ff56b2f4265f0377
09-08 01:22:34.723  3095  4560 I ChromePhotosDataPlane: origin=real hostClass=network hostHash=76d584ec3fe32f68 method=GET clientProtocol=http/1.1 upstreamProtocol=h2 status=200 contentType=application/json bytesOut=36 transfer=chunked upstreamHeadersMs=401.904 downstreamWriteMs=0.786
09-08 01:22:34.784  3095  4537 I ChromePhotosDataPlane: origin=real hostClass=network hostHash=e8dd41ac4d341d5b method=POST clientProtocol=http/1.1 upstreamProtocol=h2 status=200 contentType= bytesOut=0 transfer=fixed upstreamHeadersMs=979.039 downstreamWriteMs=0.393
09-08 01:22:34.911  3095  4307 I ChromePhotosDataPlane: origin=real hostClass=network hostHash=76d584ec3fe32f68 method=GET clientProtocol=http/1.1 upstreamProtocol=h2 status=200 contentType=application/json bytesOut=36 transfer=chunked upstreamHeadersMs=389.190 downstreamWriteMs=0.493
09-08 01:22:35.543  3095  4326 I ChromePhotosDataPlane: origin=real hostClass=network hostHash=711a80b9990ed6fb method=OPTIONS clientProtocol=http/1.1 upstreamProtocol=h2 status=200 contentType= bytesOut=0 transfer=fixed upstreamHeadersMs=1013.830 downstreamWriteMs=0.332
09-08 01:22:35.547  3095  4399 I ChromePhotosDataPlane: phase=worker_ready correlationId=c454 admissionWaitMs=0.225
09-08 01:22:35.559  3095  4399 I ChromePhotosDataPlane: phase=tls_ready correlationId=c454 hostClass=network hostHash=711a80b9990ed6fb clientProtocol=http/1.1 ca=ff56b2f4265f0377
09-08 01:22:35.849  3095  4399 I ChromePhotosDataPlane: origin=real hostClass=network hostHash=711a80b9990ed6fb method=GET clientProtocol=http/1.1 upstreamProtocol=h2 status=200 contentType=text/html bytesOut=862 transfer=fixed upstreamHeadersMs=287.724 downstreamWriteMs=0.422
09-08 01:23:02.597  3095  4440 I ChromePhotosDataPlane: phase=worker_ready correlationId=c455 admissionWaitMs=0.331
09-08 01:23:02.866  3095  4440 I ChromePhotosDataPlane: phase=tls_ready correlationId=c455 hostClass=network hostHash=505bd18b6650e44b clientProtocol=http/1.1 ca=ff56b2f4265f0377
09-08 01:23:03.032  3095  4440 I ChromePhotosDataPlane: origin=real hostClass=network hostHash=505bd18b6650e44b method=POST clientProtocol=http/1.1 upstreamProtocol=h2 status=204 contentType=text/plain bytesOut=0 transfer=fixed upstreamHeadersMs=158.850 downstreamWriteMs=1.233
09-08 01:23:31.505  3095  4320 I ChromePhotosDataPlane: phase=worker_ready correlationId=c456 admissionWaitMs=1.125
09-08 01:23:31.607  3095  4320 I ChromePhotosDataPlane: phase=tls_ready correlationId=c456 hostClass=network hostHash=7d3489b54d9d6982 clientProtocol=http/1.1 ca=ff56b2f4265f0377
09-08 01:23:32.442  3095  4320 I ChromePhotosDataPlane: origin=real hostClass=network hostHash=7d3489b54d9d6982 method=POST clientProtocol=http/1.1 upstreamProtocol=http/1.1 status=204 contentType= bytesOut=0 transfer=fixed upstreamHeadersMs=827.621 downstreamWriteMs=1.345
09-08 01:23:32.455  3095  4571 I ChromePhotosDataPlane: phase=worker_ready correlationId=c457 admissionWaitMs=0.531
09-08 01:23:32.464  3095  4640 I ChromePhotosDataPlane: phase=worker_ready correlationId=c458 admissionWaitMs=0.512
09-08 01:23:32.471  3095  4621 I ChromePhotosDataPlane: phase=worker_ready correlationId=c459 admissionWaitMs=0.332
09-08 01:23:32.476  3095  4588 I ChromePhotosDataPlane: phase=worker_ready correlationId=c460 admissionWaitMs=0.577
09-08 01:23:32.786  3095  4599 I ChromePhotosDataPlane: phase=worker_ready correlationId=c461 admissionWaitMs=0.442
09-08 01:23:32.793  3095  4616 I ChromePhotosDataPlane: phase=worker_ready correlationId=c462 admissionWaitMs=0.396
09-08 01:23:32.806  3095  4621 I ChromePhotosDataPlane: phase=tls_ready correlationId=c459 hostClass=network hostHash=816c1c4228e457b0 clientProtocol=http/1.1 ca=ff56b2f4265f0377
09-08 01:23:32.810  3095  4571 I ChromePhotosDataPlane: phase=tls_ready correlationId=c457 hostClass=network hostHash=816c1c4228e457b0 clientProtocol=http/1.1 ca=ff56b2f4265f0377
09-08 01:23:33.042  3095  4588 I ChromePhotosDataPlane: phase=tls_ready correlationId=c460 hostClass=network hostHash=d4c9d9027326271a clientProtocol=http/1.1 ca=ff56b2f4265f0377
09-08 01:23:33.060  3095  4599 I ChromePhotosDataPlane: phase=tls_ready correlationId=c461 hostClass=network hostHash=816c1c4228e457b0 clientProtocol=http/1.1 ca=ff56b2f4265f0377
09-08 01:23:33.063  3095  4640 I ChromePhotosDataPlane: phase=tls_ready correlationId=c458 hostClass=network hostHash=816c1c4228e457b0 clientProtocol=http/1.1 ca=ff56b2f4265f0377
09-08 01:23:33.066  3095  4616 I ChromePhotosDataPlane: phase=tls_ready correlationId=c462 hostClass=network hostHash=816c1c4228e457b0 clientProtocol=http/1.1 ca=ff56b2f4265f0377
09-08 01:23:33.074  3095  4621 I ChromePhotosDataPlane: origin=real hostClass=network hostHash=816c1c4228e457b0 method=POST clientProtocol=http/1.1 upstreamProtocol=h2 status=200 contentType=application/javascript bytesOut=0 transfer=fixed upstreamHeadersMs=266.244 downstreamWriteMs=0.623
09-08 01:23:33.075  3095  4571 I ChromePhotosDataPlane: origin=real hostClass=network hostHash=816c1c4228e457b0 method=POST clientProtocol=http/1.1 upstreamProtocol=h2 status=200 contentType=application/javascript bytesOut=0 transfer=fixed upstreamHeadersMs=261.979 downstreamWriteMs=0.433
09-08 01:23:33.228  3095  4599 I ChromePhotosDataPlane: origin=real hostClass=network hostHash=816c1c4228e457b0 method=POST clientProtocol=http/1.1 upstreamProtocol=h2 status=200 contentType=application/javascript bytesOut=0 transfer=fixed upstreamHeadersMs=156.212 downstreamWriteMs=1.386
09-08 01:23:33.238  3095  4640 I ChromePhotosDataPlane: origin=real hostClass=network hostHash=816c1c4228e457b0 method=POST clientProtocol=http/1.1 upstreamProtocol=h2 status=200 contentType=application/javascript bytesOut=0 transfer=fixed upstreamHeadersMs=165.766 downstreamWriteMs=1.163
09-08 01:23:33.258  3095  4616 I ChromePhotosDataPlane: origin=real hostClass=network hostHash=816c1c4228e457b0 method=POST clientProtocol=http/1.1 upstreamProtocol=h2 status=200 contentType=application/javascript bytesOut=0 transfer=fixed upstreamHeadersMs=173.222 downstreamWriteMs=6.690
09-08 01:23:33.337  3095  4588 I ChromePhotosDataPlane: origin=real hostClass=network hostHash=d4c9d9027326271a method=POST clientProtocol=http/1.1 upstreamProtocol=h2 status=200 contentType=application/javascript bytesOut=0 transfer=fixed upstreamHeadersMs=288.586 downstreamWriteMs=1.724
09-08 01:23:34.354  3095  3095 I ChromePhotosDataPlane: phase=status statusSequence=7 lifecycle=PresentationReady active=true ready=true connections=462 requests=1207 safe=300 blocked=64 unknown=118 passthrough=624 cacheHits=14 cacheMisses=384 failures=9 clientDisconnects=15 bytesIn=32508616 bytesOut=34453279 streamed=485 proxyQueueRejects=0 proxyActivePeak=64 proxyP50Ms=174.739 proxyP95Ms=1197.348 proxyP99Ms=1422.549 upstreamSockets=341 protectSuccess=341 protectFailure=0 web11a=not_run web11b=not_run modelLoadMs=409.920 engineCalls=359 dedupeHits=2 decisionCacheConfig=64 decisionConcurrencyConfig=1 decisionQueueConfig=2 decisionTimeoutMs=5000 engineCallsPerRequest=0.9573333333333334 inferencePeak=1 inFlightPeak=2 queuePeak=1 queueRejects=0 timeouts=0 inferenceP50Ms=139.664739 inferenceP95Ms=593.728125 inferenceP99Ms=732.626042 decisionP50Ms=283.129688 decisionP95Ms=1129.662603 decisionP99Ms=1372.257447 cacheHitP50Ms=0.043334 cacheHitP95Ms=0.063073 cacheEntries=64 cacheEvictions=295 preprocessP50Ms=4.97625 preprocessP95Ms=20.83776 preprocessP99Ms=73.307969 preparedCount1=311 preparedCount4=45 preparedCount5=3 preparedCountOther=0 decisionBasis=FullStrong:28,FullThreshold:39,None:290,UncertainRegional:2 imageCandidates=490 imagePrefixPeeks=57 imageMagicCandidates=0 imageBodyAdmissionPeak=2 imageBodyAdmissionRejects=0 networkVisualCandidates=475 networkVisualReplaced=0 networkVisualRawDelivered=0 networkVisualSafeRawDelivered=300 networkVisualBlockedReplaced=64 networkVisualUnknownReplaced=0 networkVisualUnsupportedReplaced=100 networkVisualRawBlockedDelivered=0 networkVisualRawUnknownDelivered=0 networkVisualCacheHit=14 networkVisualInference=348 mediaDocumentsTransformed=28 mediaDocumentsFailClosed=6 documentTransformOutstanding=0 readyTokensOutstanding=28 uiSvgRegistered=14 uiSvgRegistryBytes=7010 uiSvgCssRewritten=1 uiSvgCssRejected=0 uiSvgNetworkAccepted=34 uiSvgNetworkRejected=18 uiSvgAssetServed=6 uiSvgAssetRejected=0 h18=REPORT=not_run,EVENT_SEQUENCE=0,COMPAT_DOCS=0,STRICT_DOCS=0,STYLE_REQ=0,SCRIPT_REQ=0,DATA_REQ=0,NETWORK_REQ=0,REPORTS=0,LAST_DOC=none,NETWORK_SHA=ee17e3f62edde61823ce35732ea168f4f5986bff347ccfac063eca7f4009ee1b,AUDIT_SHA=74d4467bbf6833db4eeab998495b7dfc50db3b1f04f407704b839ad3f4b25582 h19=REPORT=not_run,DOCUMENTS=0,FRAMES=0,SCRIPTS=0,FIRST_ORIGINAL_SCRIPTS=0,STYLES=0,WORKERS=0,SERVICE_WORKERS=0,FRAME_REPORTS=0,FRAME_REPORT_REJECTS=0,FRAME_REPORT=not_run,FRAME_REPORT_SHA=not_run,FRAME_CHALLENGE_SHA=not_run,FRAME_GENERATION=0,FRAME_ACCEPTED_CHALLENGE_SHA=not_run,FRAME_REPORT_BINDING_SHA=not_run,SAME_URL_BODIES=0,REPORTS=0,SW_BOUNDARY={INSTALL_DOCS=0,WORKER_SCRIPTS=0,WORKER_PROBE_SCRIPTS=0,PROBE_DOCS=0,CLEANUP_DOCS=0,REPORTS_ACCEPTED=0,REPORTS_REJECTED=0,CONTROLLER_PRESENT=0,CONTROLLER_MISSING=0,NAV_FETCHES=0,SELF_READY_FETCHES=0,SELF_READY_PASS_THROUGH=0,SELF_READY_SYNTHETIC=0,NAV_SYNTHETIC=0,RESET_BASELINE_CLEAN=0,RESET_BASELINE_DIRTY=0,REGISTER_BLOCKED=0,REGISTER_SUCCEEDED=0,WORKER_REGISTER_BLOCKED=0,WORKER_REGISTER_SUCCEEDED=0,WORKER_REGISTER_UNSUPPORTED=0,WORKER_REGISTER_ERROR=0,LAST_CASE=none,LAST_EVENT=none,LAST_VALUE=none},UI_SVG={INLINE_ORIGINAL:PASS,INLINE_CLICK:PASS,SPRITE_ORIGINAL:PASS,UNSAFE_SPRITE_FAIL_CLOSED:PASS,STATIC_CSS:PASS,EXTERNAL_CSS:PASS,STYLE_ATTRIBUTE:PASS,DATA_IMAGE:PASS,FAVICON:PASS,PROTECTED_HEAD_RETENTION:PASS,NETWORK_SVG:PASS,UNSAFE_NETWORK_FAIL_CLOSED:PASS,DYNAMIC_CSS:PASS,RASTER_FAIL_CLOSED:PASS,UNSAFE_INLINE_FAIL_CLOSED:PASS} quicAttempts=0 directTcpAttempts=0 bootstrapResetGeneration=2 bootstrapCompleteGeneration=2 bootstrapResetCount=3 chromeSuspended=false guardSession=528 guardHeartbeatSequence=779 audit17State=0 audit17Navigation=0 audit17Events=499 audit17Dropped=0
09-08 01:23:34.354  3095  3095 I ChromeMediaShieldStatus: v=1 seq=7 kind=network mode=selective candidates=475 replaced=0 rawDelivered=0 safeRaw=300 blockedReplaced=64 unknownReplaced=0 unsupportedReplaced=100 rawBlocked=0 rawUnknown=0 cacheHit=14 decisionEngine=348 engineCalls=359
09-08 01:23:34.354  3095  3095 I ChromeMediaShieldStatus: v=1 seq=7 kind=document transformed=28 failClosed=6 outstanding=0 issued=28 claims=13 documentSequence=28 navigationSequence=14 readyRequests=40 readyPreflights=0 readyAccepted=13 readyRejected=0 parserBarrierRequests=0 parserBarrierReady=0 parserBarrierFailClosed=0 selfShield=true selfReadyRequests=13 selfReadyAccepted=13 selfReadyRejected=0 selfReadyRejectReason=none selfShieldReleaseCompleted=13 selfShieldParserContinued=13 selfShieldOriginalScriptStarted=0 selfShieldTraceRejected=0 selfShieldTraceOutstanding=2 bootstrapDiagnosticAccepted=0 bootstrapDiagnosticRejected=0 bootstrapDiagnosticRejectReason=none bootstrapDiagnosticStage=none bootstrapDiagnosticReason=none bootstrapDiagnosticOutstanding=0
09-08 01:23:34.355  3095  3095 I ChromeMediaShieldStatus: v=1 seq=7 kind=renderer reports=1 rejected=0 globalCallbacks=206 globalRecords=1679 childRecords=1533 attributeRecords=146 maxRecords=408 scanCalls=3912 scanRoot=2 scanNodes=6029 maxScanNodes=108 scanMicros=198561 maxScanMicros=37099 observerChildScans=1292 observerAttributeScans=0 guardedScans=2109 markupScans=460 shadowScans=49 initialScans=2 otherScans=0 sanitizeElement=13053 sanitizeContainer=5081 img=813 source=0 svg=417 iframe=34 canvas=4 video=0 safeIcon=417 lockIcon=51 geometryWrites=0 svgRecords=0 shadowRoots=3 shadowObservers=3 shadowCallbacks=6 shadowRecords=57 shadowScanCalls=49 ensureStyle=207 ensureCurtain=209 internalMutations=0
09-08 01:23:34.355  3095  3095 I ChromeMediaShieldStatus: v=1 seq=7 kind=rendererApis callScan=createElement=1903/0 createElementNS=54/0 appendChild=2026/2026 insertBefore=81/81 replaceChild=0/0 append=0/0 prepend=2/2 replaceChildren=0/0 before=0/0 after=0/0 replaceWith=0/0 adjacentElement=0/0 moveBefore=0/0 rangeInsert=0/0 rangeSurround=0/0 adoptNode=0/0 cloneNode=0/0 importNode=0/0 safeMarkup=230/230 innerHTML=230/230 outerHTML=0/0 insertAdjacentHTML=0/0 setHTML=0/0 shadowInnerHTML=0/0 execCommandInsertHTML=0/0 mappedTextContent=0/0
09-08 01:23:34.355  3095  3095 I ChromeMediaShieldStatus: v=1 seq=7 kind=rendererFamilies roots=element/fragment/text/other factory:calls=1957,scans=0,direct=1957,roots=1957/0/0/0,nodes=0,micros=22203,maxMicros=500 domGuard:calls=2109,scans=2109,direct=2085,roots=3934/0/249/11,nodes=3273,micros=88837,maxMicros=9199 markup:calls=460,scans=460,direct=0,roots=230/230/0/0,nodes=231,micros=5780,maxMicros=100
09-08 01:23:34.355  3095  3095 I ChromeMediaShieldStatus: v=1 seq=7 kind=uiSvg registered=14 registryBytes=7010 cssRewritten=1 cssRejected=0 networkAccepted=34 networkRejected=18 assetServed=6 assetRejected=0
09-08 01:23:34.355  3095  3095 I ChromeMediaShieldStatus: v=1 seq=7 kind=health failures=9 clientDisconnects=15 proxyQueueRejects=0 protectFailure=0 quicAttempts=0 directTcpAttempts=0 active=true ready=true
09-08 01:23:34.355  3095  3095 I ChromeMediaShieldStatus: v=1 seq=7 kind=fixture report=REPORT=not_run,DOCUMENTS=0,FRAMES=0,SCRIPTS=0,FIRST_ORIGINAL_SCRIPTS=0,STYLES=0,WORKERS=0,SERVICE_WORKERS=0,FRAME_REPORTS=0,FRAME_REPORT_REJECTS=0,FRAME_REPORT=not_run,FRAME_REPORT_SHA=not_run,FRAME_CHALLENGE_SHA=not_run,FRAME_GENERATION=0,FRAME_ACCEPTED_CHALLENGE_SHA=not_run,FRAME_REPORT_BINDING_SHA=not_run,SAME_URL_BODIES=0,REPORTS=0,SW_BOUNDARY={INSTALL_DOCS=0,WORKER_SCRIPTS=0,WORKER_PROBE_SCRIPTS=0,PROBE_DOCS=0,CLEANUP_DOCS=0,REPORTS_ACCEPTED=0,REPORTS_REJECTED=0,CONTROLLER_PRESENT=0,CONTROLLER_MISSING=0,NAV_FETCHES=0,SELF_READY_FETCHES=0,SELF_READY_PASS_THROUGH=0,SELF_READY_SYNTHETIC=0,NAV_SYNTHETIC=0,RESET_BASELINE_CLEAN=0,RESET_BASELINE_DIRTY=0,REGISTER_BLOCKED=0,REGISTER_SUCCEEDED=0,WORKER_REGISTER_BLOCKED=0,WORKER_REGISTER_SUCCEEDED=0,WORKER_REGISTER_UNSUPPORTED=0,WORKER_REGISTER_ERROR=0,LAST_CASE=none,LAST_EVENT=none,LAST_VALUE=none},UI_SVG={INLINE_ORIGINAL:PASS,INLINE_CLICK:PASS,SPRITE_ORIGINAL:PASS,UNSAFE_SPRITE_FAIL_CLOSED:PASS,STATIC_CSS:PASS,EXTERNAL_CSS:PASS,STYLE_ATTRIBUTE:PASS,DATA_IMAGE:PASS,FAVICON:PASS,PROTECTED_HEAD_RETENTION:PASS,NETWORK_SVG:PASS,UNSAFE_NETWORK_FAIL_CLOSED:PASS,DYNAMIC_CSS:PASS,RASTER_FAIL_CLOSED:PASS,UNSAFE_INLINE_FAIL_CLOSED:PASS}
09-08 01:23:57.012  3095  4601 I ChromePhotosDataPlane: phase=worker_ready correlationId=c463 admissionWaitMs=0.292
09-08 01:23:57.480  3095  4601 I ChromePhotosDataPlane: phase=tls_ready correlationId=c463 hostClass=network hostHash=abf8fbf760ef2a86 clientProtocol=http/1.1 ca=ff56b2f4265f0377
09-08 01:23:57.882  3095  4601 I ChromePhotosDataPlane: origin=real hostClass=network hostHash=abf8fbf760ef2a86 method=GET clientProtocol=http/1.1 upstreamProtocol=h2 status=200 contentType=image/png bytesIn=0 bytesOut=6303 cache=miss decision=unknown reason=encoded_image_unsupported source=error probability=-1.0 basis=none decodeMs=0.000 inferenceMs=0.000 localDecisionMs=0.000  requestToDeliveryMs=400.802 upstreamHeadersMs=398.587 sanitizeMs=0.105 downstreamWriteMs=0.979
09-08 01:24:32.500  3095  4312 I ChromePhotosDataPlane: phase=worker_ready correlationId=c464 admissionWaitMs=0.698
09-08 01:24:32.642  3095  4312 I ChromePhotosDataPlane: phase=tls_ready correlationId=c464 hostClass=network hostHash=7d3489b54d9d6982 clientProtocol=http/1.1 ca=ff56b2f4265f0377
09-08 01:24:33.687  3095  4312 I ChromePhotosDataPlane: origin=real hostClass=network hostHash=7d3489b54d9d6982 method=POST clientProtocol=http/1.1 upstreamProtocol=http/1.1 status=204 contentType= bytesOut=0 transfer=fixed upstreamHeadersMs=1030.927 downstreamWriteMs=7.922
09-08 01:24:33.697  3095  4428 I ChromePhotosDataPlane: phase=worker_ready correlationId=c465 admissionWaitMs=0.922
09-08 01:24:33.705  3095  4165 I ChromePhotosDataPlane: phase=worker_ready correlationId=c466 admissionWaitMs=0.503
09-08 01:24:33.733  3095  4428 I ChromePhotosDataPlane: phase=tls_ready correlationId=c465 hostClass=network hostHash=816c1c4228e457b0 clientProtocol=http/1.1 ca=ff56b2f4265f0377
09-08 01:24:33.739  3095  4165 I ChromePhotosDataPlane: phase=tls_ready correlationId=c466 hostClass=network hostHash=d4c9d9027326271a clientProtocol=http/1.1 ca=ff56b2f4265f0377
09-08 01:24:33.917  3095  4428 I ChromePhotosDataPlane: origin=real hostClass=network hostHash=816c1c4228e457b0 method=POST clientProtocol=http/1.1 upstreamProtocol=h2 status=200 contentType=application/javascript bytesOut=0 transfer=fixed upstreamHeadersMs=179.675 downstreamWriteMs=0.851
09-08 01:24:33.922  3095  4165 I ChromePhotosDataPlane: origin=real hostClass=network hostHash=d4c9d9027326271a method=POST clientProtocol=http/1.1 upstreamProtocol=h2 status=200 contentType=application/javascript bytesOut=0 transfer=fixed upstreamHeadersMs=177.064 downstreamWriteMs=1.693
09-08 01:24:34.396  3095  3095 I ChromePhotosDataPlane: phase=status statusSequence=8 lifecycle=PresentationReady active=true ready=true connections=466 requests=1211 safe=300 blocked=64 unknown=119 passthrough=627 cacheHits=14 cacheMisses=384 failures=9 clientDisconnects=15 bytesIn=32508616 bytesOut=34459582 streamed=488 proxyQueueRejects=0 proxyActivePeak=64 proxyP50Ms=174.739 proxyP95Ms=1197.131 proxyP99Ms=1422.549 upstreamSockets=343 protectSuccess=343 protectFailure=0 web11a=not_run web11b=not_run modelLoadMs=409.920 engineCalls=359 dedupeHits=2 decisionCacheConfig=64 decisionConcurrencyConfig=1 decisionQueueConfig=2 decisionTimeoutMs=5000 engineCallsPerRequest=0.9573333333333334 inferencePeak=1 inFlightPeak=2 queuePeak=1 queueRejects=0 timeouts=0 inferenceP50Ms=139.664739 inferenceP95Ms=593.728125 inferenceP99Ms=732.626042 decisionP50Ms=283.129688 decisionP95Ms=1129.662603 decisionP99Ms=1372.257447 cacheHitP50Ms=0.043334 cacheHitP95Ms=0.063073 cacheEntries=64 cacheEvictions=295 preprocessP50Ms=4.97625 preprocessP95Ms=20.83776 preprocessP99Ms=73.307969 preparedCount1=311 preparedCount4=45 preparedCount5=3 preparedCountOther=0 decisionBasis=FullStrong:28,FullThreshold:39,None:290,UncertainRegional:2 imageCandidates=491 imagePrefixPeeks=57 imageMagicCandidates=0 imageBodyAdmissionPeak=2 imageBodyAdmissionRejects=0 networkVisualCandidates=476 networkVisualReplaced=0 networkVisualRawDelivered=0 networkVisualSafeRawDelivered=300 networkVisualBlockedReplaced=64 networkVisualUnknownReplaced=0 networkVisualUnsupportedReplaced=101 networkVisualRawBlockedDelivered=0 networkVisualRawUnknownDelivered=0 networkVisualCacheHit=14 networkVisualInference=348 mediaDocumentsTransformed=28 mediaDocumentsFailClosed=6 documentTransformOutstanding=0 readyTokensOutstanding=28 uiSvgRegistered=14 uiSvgRegistryBytes=7010 uiSvgCssRewritten=1 uiSvgCssRejected=0 uiSvgNetworkAccepted=34 uiSvgNetworkRejected=18 uiSvgAssetServed=6 uiSvgAssetRejected=0 h18=REPORT=not_run,EVENT_SEQUENCE=0,COMPAT_DOCS=0,STRICT_DOCS=0,STYLE_REQ=0,SCRIPT_REQ=0,DATA_REQ=0,NETWORK_REQ=0,REPORTS=0,LAST_DOC=none,NETWORK_SHA=ee17e3f62edde61823ce35732ea168f4f5986bff347ccfac063eca7f4009ee1b,AUDIT_SHA=74d4467bbf6833db4eeab998495b7dfc50db3b1f04f407704b839ad3f4b25582 h19=REPORT=not_run,DOCUMENTS=0,FRAMES=0,SCRIPTS=0,FIRST_ORIGINAL_SCRIPTS=0,STYLES=0,WORKERS=0,SERVICE_WORKERS=0,FRAME_REPORTS=0,FRAME_REPORT_REJECTS=0,FRAME_REPORT=not_run,FRAME_REPORT_SHA=not_run,FRAME_CHALLENGE_SHA=not_run,FRAME_GENERATION=0,FRAME_ACCEPTED_CHALLENGE_SHA=not_run,FRAME_REPORT_BINDING_SHA=not_run,SAME_URL_BODIES=0,REPORTS=0,SW_BOUNDARY={INSTALL_DOCS=0,WORKER_SCRIPTS=0,WORKER_PROBE_SCRIPTS=0,PROBE_DOCS=0,CLEANUP_DOCS=0,REPORTS_ACCEPTED=0,REPORTS_REJECTED=0,CONTROLLER_PRESENT=0,CONTROLLER_MISSING=0,NAV_FETCHES=0,SELF_READY_FETCHES=0,SELF_READY_PASS_THROUGH=0,SELF_READY_SYNTHETIC=0,NAV_SYNTHETIC=0,RESET_BASELINE_CLEAN=0,RESET_BASELINE_DIRTY=0,REGISTER_BLOCKED=0,REGISTER_SUCCEEDED=0,WORKER_REGISTER_BLOCKED=0,WORKER_REGISTER_SUCCEEDED=0,WORKER_REGISTER_UNSUPPORTED=0,WORKER_REGISTER_ERROR=0,LAST_CASE=none,LAST_EVENT=none,LAST_VALUE=none},UI_SVG={INLINE_ORIGINAL:PASS,INLINE_CLICK:PASS,SPRITE_ORIGINAL:PASS,UNSAFE_SPRITE_FAIL_CLOSED:PASS,STATIC_CSS:PASS,EXTERNAL_CSS:PASS,STYLE_ATTRIBUTE:PASS,DATA_IMAGE:PASS,FAVICON:PASS,PROTECTED_HEAD_RETENTION:PASS,NETWORK_SVG:PASS,UNSAFE_NETWORK_FAIL_CLOSED:PASS,DYNAMIC_CSS:PASS,RASTER_FAIL_CLOSED:PASS,UNSAFE_INLINE_FAIL_CLOSED:PASS} quicAttempts=0 directTcpAttempts=0 bootstrapResetGeneration=2 bootstrapCompleteGeneration=2 bootstrapResetCount=3 chromeSuspended=false guardSession=528 guardHeartbeatSequence=887 audit17State=0 audit17Navigation=0 audit17Events=500 audit17Dropped=0
09-08 01:24:34.396  3095  3095 I ChromeMediaShieldStatus: v=1 seq=8 kind=network mode=selective candidates=476 replaced=0 rawDelivered=0 safeRaw=300 blockedReplaced=64 unknownReplaced=0 unsupportedReplaced=101 rawBlocked=0 rawUnknown=0 cacheHit=14 decisionEngine=348 engineCalls=359
09-08 01:24:34.396  3095  3095 I ChromeMediaShieldStatus: v=1 seq=8 kind=document transformed=28 failClosed=6 outstanding=0 issued=28 claims=13 documentSequence=28 navigationSequence=14 readyRequests=40 readyPreflights=0 readyAccepted=13 readyRejected=0 parserBarrierRequests=0 parserBarrierReady=0 parserBarrierFailClosed=0 selfShield=true selfReadyRequests=13 selfReadyAccepted=13 selfReadyRejected=0 selfReadyRejectReason=none selfShieldReleaseCompleted=13 selfShieldParserContinued=13 selfShieldOriginalScriptStarted=0 selfShieldTraceRejected=0 selfShieldTraceOutstanding=2 bootstrapDiagnosticAccepted=0 bootstrapDiagnosticRejected=0 bootstrapDiagnosticRejectReason=none bootstrapDiagnosticStage=none bootstrapDiagnosticReason=none bootstrapDiagnosticOutstanding=0
09-08 01:24:34.396  3095  3095 I ChromeMediaShieldStatus: v=1 seq=8 kind=renderer reports=1 rejected=0 globalCallbacks=206 globalRecords=1679 childRecords=1533 attributeRecords=146 maxRecords=408 scanCalls=3912 scanRoot=2 scanNodes=6029 maxScanNodes=108 scanMicros=198561 maxScanMicros=37099 observerChildScans=1292 observerAttributeScans=0 guardedScans=2109 markupScans=460 shadowScans=49 initialScans=2 otherScans=0 sanitizeElement=13053 sanitizeContainer=5081 img=813 source=0 svg=417 iframe=34 canvas=4 video=0 safeIcon=417 lockIcon=51 geometryWrites=0 svgRecords=0 shadowRoots=3 shadowObservers=3 shadowCallbacks=6 shadowRecords=57 shadowScanCalls=49 ensureStyle=207 ensureCurtain=209 internalMutations=0
09-08 01:24:34.396  3095  3095 I ChromeMediaShieldStatus: v=1 seq=8 kind=rendererApis callScan=createElement=1903/0 createElementNS=54/0 appendChild=2026/2026 insertBefore=81/81 replaceChild=0/0 append=0/0 prepend=2/2 replaceChildren=0/0 before=0/0 after=0/0 replaceWith=0/0 adjacentElement=0/0 moveBefore=0/0 rangeInsert=0/0 rangeSurround=0/0 adoptNode=0/0 cloneNode=0/0 importNode=0/0 safeMarkup=230/230 innerHTML=230/230 outerHTML=0/0 insertAdjacentHTML=0/0 setHTML=0/0 shadowInnerHTML=0/0 execCommandInsertHTML=0/0 mappedTextContent=0/0
09-08 01:24:34.396  3095  3095 I ChromeMediaShieldStatus: v=1 seq=8 kind=rendererFamilies roots=element/fragment/text/other factory:calls=1957,scans=0,direct=1957,roots=1957/0/0/0,nodes=0,micros=22203,maxMicros=500 domGuard:calls=2109,scans=2109,direct=2085,roots=3934/0/249/11,nodes=3273,micros=88837,maxMicros=9199 markup:calls=460,scans=460,direct=0,roots=230/230/0/0,nodes=231,micros=5780,maxMicros=100
09-08 01:24:34.396  3095  3095 I ChromeMediaShieldStatus: v=1 seq=8 kind=uiSvg registered=14 registryBytes=7010 cssRewritten=1 cssRejected=0 networkAccepted=34 networkRejected=18 assetServed=6 assetRejected=0
09-08 01:24:34.396  3095  3095 I ChromeMediaShieldStatus: v=1 seq=8 kind=health failures=9 clientDisconnects=15 proxyQueueRejects=0 protectFailure=0 quicAttempts=0 directTcpAttempts=0 active=true ready=true
09-08 01:24:34.396  3095  3095 I ChromeMediaShieldStatus: v=1 seq=8 kind=fixture report=REPORT=not_run,DOCUMENTS=0,FRAMES=0,SCRIPTS=0,FIRST_ORIGINAL_SCRIPTS=0,STYLES=0,WORKERS=0,SERVICE_WORKERS=0,FRAME_REPORTS=0,FRAME_REPORT_REJECTS=0,FRAME_REPORT=not_run,FRAME_REPORT_SHA=not_run,FRAME_CHALLENGE_SHA=not_run,FRAME_GENERATION=0,FRAME_ACCEPTED_CHALLENGE_SHA=not_run,FRAME_REPORT_BINDING_SHA=not_run,SAME_URL_BODIES=0,REPORTS=0,SW_BOUNDARY={INSTALL_DOCS=0,WORKER_SCRIPTS=0,WORKER_PROBE_SCRIPTS=0,PROBE_DOCS=0,CLEANUP_DOCS=0,REPORTS_ACCEPTED=0,REPORTS_REJECTED=0,CONTROLLER_PRESENT=0,CONTROLLER_MISSING=0,NAV_FETCHES=0,SELF_READY_FETCHES=0,SELF_READY_PASS_THROUGH=0,SELF_READY_SYNTHETIC=0,NAV_SYNTHETIC=0,RESET_BASELINE_CLEAN=0,RESET_BASELINE_DIRTY=0,REGISTER_BLOCKED=0,REGISTER_SUCCEEDED=0,WORKER_REGISTER_BLOCKED=0,WORKER_REGISTER_SUCCEEDED=0,WORKER_REGISTER_UNSUPPORTED=0,WORKER_REGISTER_ERROR=0,LAST_CASE=none,LAST_EVENT=none,LAST_VALUE=none},UI_SVG={INLINE_ORIGINAL:PASS,INLINE_CLICK:PASS,SPRITE_ORIGINAL:PASS,UNSAFE_SPRITE_FAIL_CLOSED:PASS,STATIC_CSS:PASS,EXTERNAL_CSS:PASS,STYLE_ATTRIBUTE:PASS,DATA_IMAGE:PASS,FAVICON:PASS,PROTECTED_HEAD_RETENTION:PASS,NETWORK_SVG:PASS,UNSAFE_NETWORK_FAIL_CLOSED:PASS,DYNAMIC_CSS:PASS,RASTER_FAIL_CLOSED:PASS,UNSAFE_INLINE_FAIL_CLOSED:PASS}
09-08 01:24:54.723  3095  4148 I ChromePhotosDataPlane: phase=worker_ready correlationId=c467 admissionWaitMs=0.384
09-08 01:24:55.165  3095  4148 I ChromePhotosDataPlane: phase=tls_ready correlationId=c467 hostClass=network hostHash=92c4651bd627ffee clientProtocol=http/1.1 ca=ff56b2f4265f0377
09-08 01:24:56.045  3095  4148 I ChromePhotosDataPlane: origin=real hostClass=network hostHash=92c4651bd627ffee method=GET clientProtocol=http/1.1 upstreamProtocol=h2 status=200 contentType=text/x-component bytesOut=7047 transfer=chunked upstreamHeadersMs=875.620 downstreamWriteMs=1.696
09-08 01:24:56.106  3095  4418 I ChromePhotosDataPlane: phase=worker_ready correlationId=c468 admissionWaitMs=0.236
09-08 01:24:56.122  3095  4418 I ChromePhotosDataPlane: phase=tls_ready correlationId=c468 hostClass=network hostHash=92c4651bd627ffee clientProtocol=http/1.1 ca=ff56b2f4265f0377
09-08 01:24:56.157  3095  4418 I ChromePhotosDataPlane: origin=real hostClass=network hostHash=92c4651bd627ffee method=GET clientProtocol=http/1.1 upstreamProtocol=h2 status=200 contentType=text/javascript bytesOut=2235 transfer=chunked upstreamHeadersMs=31.602 downstreamWriteMs=0.521
09-08 01:24:56.281  3095  4583 I ChromePhotosDataPlane: phase=worker_ready correlationId=c469 admissionWaitMs=15.803
09-08 01:24:56.287  3095  4652 I ChromePhotosDataPlane: phase=worker_ready correlationId=c470 admissionWaitMs=0.423
09-08 01:24:56.454  3095  4148 I ChromePhotosDataPlane: origin=real hostClass=network hostHash=92c4651bd627ffee method=POST clientProtocol=http/1.1 upstreamProtocol=h2 status=204 contentType=text/plain bytesOut=0 transfer=fixed upstreamHeadersMs=29.298 downstreamWriteMs=0.821
09-08 01:24:56.478  3095  4418 I ChromePhotosDataPlane: origin=real hostClass=network hostHash=92c4651bd627ffee method=POST clientProtocol=http/1.1 upstreamProtocol=h2 status=204 contentType=text/plain bytesOut=0 transfer=fixed upstreamHeadersMs=49.694 downstreamWriteMs=0.811
09-08 01:24:56.616  3095  4442 I ChromePhotosDataPlane: phase=worker_ready correlationId=c471 admissionWaitMs=0.738
09-08 01:24:56.819  3095  4652 I ChromePhotosDataPlane: phase=tls_ready correlationId=c470 hostClass=network hostHash=3e723b591bdb95ce clientProtocol=http/1.1 ca=ff56b2f4265f0377
09-08 01:24:56.829  3095  4442 I ChromePhotosDataPlane: phase=tls_ready correlationId=c471 hostClass=network hostHash=7d3489b54d9d6982 clientProtocol=http/1.1 ca=ff56b2f4265f0377
09-08 01:24:56.831  3095  4583 I ChromePhotosDataPlane: phase=tls_ready correlationId=c469 hostClass=network hostHash=7d3489b54d9d6982 clientProtocol=http/1.1 ca=ff56b2f4265f0377
09-08 01:24:56.928  3095  4652 I ChromePhotosDataPlane: origin=real hostClass=network hostHash=3e723b591bdb95ce method=GET clientProtocol=http/1.1 upstreamProtocol=h2 status=200 contentType=image/png bytesIn=0 bytesOut=6303 cache=miss decision=unknown reason=image_format_unknown source=error probability=-1.0 basis=none decodeMs=0.000 inferenceMs=0.000 localDecisionMs=0.000  requestToDeliveryMs=108.009 upstreamHeadersMs=103.795 sanitizeMs=1.163 downstreamWriteMs=1.247
09-08 01:24:57.300  3095  4373 I ChromePhotosDataPlane: phase=worker_ready correlationId=c472 admissionWaitMs=0.245
09-08 01:24:57.309  3095  4269 I ChromePhotosDataPlane: phase=worker_ready correlationId=c473 admissionWaitMs=0.378
09-08 01:24:57.329  3095  4373 I ChromePhotosDataPlane: phase=tls_ready correlationId=c472 hostClass=network hostHash=505bd18b6650e44b clientProtocol=http/1.1 ca=ff56b2f4265f0377
09-08 01:24:57.465  3095  4315 I ChromePhotosDataPlane: phase=worker_ready correlationId=c474 admissionWaitMs=0.583
09-08 01:24:57.508  3095  4373 I ChromePhotosDataPlane: origin=real hostClass=network hostHash=505bd18b6650e44b method=POST clientProtocol=http/1.1 upstreamProtocol=h2 status=204 contentType=text/plain bytesOut=0 transfer=fixed upstreamHeadersMs=173.482 downstreamWriteMs=1.055
09-08 01:24:57.635  3095  4442 I ChromePhotosDataPlane: origin=real hostClass=network hostHash=7d3489b54d9d6982 method=POST clientProtocol=http/1.1 upstreamProtocol=http/1.1 status=204 contentType= bytesOut=0 transfer=fixed upstreamHeadersMs=798.144 downstreamWriteMs=1.230
09-08 01:24:57.635  3095  4583 I ChromePhotosDataPlane: origin=real hostClass=network hostHash=7d3489b54d9d6982 method=POST clientProtocol=http/1.1 upstreamProtocol=http/1.1 status=204 contentType= bytesOut=0 transfer=fixed upstreamHeadersMs=796.902 downstreamWriteMs=0.814
09-08 01:24:57.820  3095  4269 I ChromePhotosDataPlane: phase=tls_ready correlationId=c473 hostClass=network hostHash=7ffe8698ca81d914 clientProtocol=http/1.1 ca=ff56b2f4265f0377
09-08 01:24:58.010  3095  4269 I ChromePhotosDataPlane: origin=real hostClass=network hostHash=7ffe8698ca81d914 method=GET clientProtocol=http/1.1 upstreamProtocol=h2 status=200 contentType=image/png bytesIn=42 bytesOut=6303 cache=miss decision=unknown reason=unsupported_gif source=error probability=-1.0 basis=none decodeMs=0.000 inferenceMs=0.000 localDecisionMs=0.000  requestToDeliveryMs=187.852 upstreamHeadersMs=182.764 sanitizeMs=1.348 downstreamWriteMs=1.626
09-08 01:24:58.099  3095  4659 I ChromePhotosDataPlane: phase=worker_ready correlationId=c475 admissionWaitMs=0.282
09-08 01:24:58.106  3095  4590 I ChromePhotosDataPlane: phase=worker_ready correlationId=c476 admissionWaitMs=4.916
09-08 01:24:58.106  3095  4282 I ChromePhotosDataPlane: phase=worker_ready correlationId=c477 admissionWaitMs=3.702
09-08 01:24:58.106  3095  4668 I ChromePhotosDataPlane: phase=worker_ready correlationId=c478 admissionWaitMs=2.170
09-08 01:24:58.260  3095  4315 I ChromePhotosDataPlane: phase=tls_ready correlationId=c474 hostClass=network hostHash=ff0536b7412c578d clientProtocol=http/1.1 ca=ff56b2f4265f0377
09-08 01:24:58.743  3095  4590 I ChromePhotosDataPlane: phase=tls_ready correlationId=c476 hostClass=network hostHash=e8dd41ac4d341d5b clientProtocol=http/1.1 ca=ff56b2f4265f0377
09-08 01:24:59.094  3095  4315 I ChromePhotosDataPlane: origin=real hostClass=network hostHash=ff0536b7412c578d method=OPTIONS clientProtocol=http/1.1 upstreamProtocol=h2 status=200 contentType=application/json bytesOut=0 transfer=fixed upstreamHeadersMs=829.398 downstreamWriteMs=1.002
09-08 01:24:59.244  3095  4282 I ChromePhotosDataPlane: phase=tls_ready correlationId=c477 hostClass=network hostHash=76d584ec3fe32f68 clientProtocol=http/1.1 ca=ff56b2f4265f0377
09-08 01:24:59.260  3095  4659 I ChromePhotosDataPlane: phase=tls_ready correlationId=c475 hostClass=network hostHash=76d584ec3fe32f68 clientProtocol=http/1.1 ca=ff56b2f4265f0377
09-08 01:24:59.264  3095  4668 I ChromePhotosDataPlane: phase=tls_ready correlationId=c478 hostClass=network hostHash=76d584ec3fe32f68 clientProtocol=http/1.1 ca=ff56b2f4265f0377
09-08 01:24:59.497  3095  4315 I ChromePhotosDataPlane: origin=real hostClass=network hostHash=ff0536b7412c578d method=POST clientProtocol=http/1.1 upstreamProtocol=h2 status=200 contentType=application/json bytesOut=86 transfer=fixed upstreamHeadersMs=388.486 downstreamWriteMs=2.083
09-08 01:24:59.705  3095  4590 I ChromePhotosDataPlane: origin=real hostClass=network hostHash=e8dd41ac4d341d5b method=POST clientProtocol=http/1.1 upstreamProtocol=h2 status=200 contentType= bytesOut=0 transfer=fixed upstreamHeadersMs=956.296 downstreamWriteMs=0.749
09-08 01:25:00.449  3095  4282 I ChromePhotosDataPlane: origin=real hostClass=network hostHash=76d584ec3fe32f68 method=GET clientProtocol=http/1.1 upstreamProtocol=h2 status=200 contentType=application/json bytesOut=22 transfer=chunked upstreamHeadersMs=1202.799 downstreamWriteMs=0.854
09-08 01:25:00.456  3095  4668 I ChromePhotosDataPlane: origin=real hostClass=network hostHash=76d584ec3fe32f68 method=GET clientProtocol=http/1.1 upstreamProtocol=h2 status=200 contentType=application/json bytesOut=22 transfer=chunked upstreamHeadersMs=1180.213 downstreamWriteMs=2.049
09-08 01:25:00.457  3095  4659 I ChromePhotosDataPlane: origin=real hostClass=network hostHash=76d584ec3fe32f68 method=GET clientProtocol=http/1.1 upstreamProtocol=h2 status=200 contentType=application/json bytesOut=22 transfer=chunked upstreamHeadersMs=1178.485 downstreamWriteMs=3.815
09-08 01:25:35.232  3095  3095 I ChromePhotosDataPlane: phase=status statusSequence=9 lifecycle=PresentationReady active=true ready=true connections=478 requests=1227 safe=300 blocked=64 unknown=121 passthrough=641 cacheHits=14 cacheMisses=384 failures=9 clientDisconnects=15 bytesIn=32552896 bytesOut=34516426 streamed=501 proxyQueueRejects=0 proxyActivePeak=64 proxyP50Ms=171.557 proxyP95Ms=1189.773 proxyP99Ms=1422.549 upstreamSockets=354 protectSuccess=354 protectFailure=0 web11a=not_run web11b=not_run modelLoadMs=409.920 engineCalls=359 dedupeHits=2 decisionCacheConfig=64 decisionConcurrencyConfig=1 decisionQueueConfig=2 decisionTimeoutMs=5000 engineCallsPerRequest=0.9573333333333334 inferencePeak=1 inFlightPeak=2 queuePeak=1 queueRejects=0 timeouts=0 inferenceP50Ms=139.664739 inferenceP95Ms=593.728125 inferenceP99Ms=732.626042 decisionP50Ms=283.129688 decisionP95Ms=1129.662603 decisionP99Ms=1372.257447 cacheHitP50Ms=0.043334 cacheHitP95Ms=0.063073 cacheEntries=64 cacheEvictions=295 preprocessP50Ms=4.97625 preprocessP95Ms=20.83776 preprocessP99Ms=73.307969 preparedCount1=311 preparedCount4=45 preparedCount5=3 preparedCountOther=0 decisionBasis=FullStrong:28,FullThreshold:39,None:290,UncertainRegional:2 imageCandidates=493 imagePrefixPeeks=58 imageMagicCandidates=0 imageBodyAdmissionPeak=2 imageBodyAdmissionRejects=0 networkVisualCandidates=478 networkVisualReplaced=0 networkVisualRawDelivered=0 networkVisualSafeRawDelivered=300 networkVisualBlockedReplaced=64 networkVisualUnknownReplaced=0 networkVisualUnsupportedReplaced=103 networkVisualRawBlockedDelivered=0 networkVisualRawUnknownDelivered=0 networkVisualCacheHit=14 networkVisualInference=348 mediaDocumentsTransformed=28 mediaDocumentsFailClosed=6 documentTransformOutstanding=0 readyTokensOutstanding=28 uiSvgRegistered=14 uiSvgRegistryBytes=7010 uiSvgCssRewritten=1 uiSvgCssRejected=0 uiSvgNetworkAccepted=34 uiSvgNetworkRejected=18 uiSvgAssetServed=6 uiSvgAssetRejected=0 h18=REPORT=not_run,EVENT_SEQUENCE=0,COMPAT_DOCS=0,STRICT_DOCS=0,STYLE_REQ=0,SCRIPT_REQ=0,DATA_REQ=0,NETWORK_REQ=0,REPORTS=0,LAST_DOC=none,NETWORK_SHA=ee17e3f62edde61823ce35732ea168f4f5986bff347ccfac063eca7f4009ee1b,AUDIT_SHA=74d4467bbf6833db4eeab998495b7dfc50db3b1f04f407704b839ad3f4b25582 h19=REPORT=not_run,DOCUMENTS=0,FRAMES=0,SCRIPTS=0,FIRST_ORIGINAL_SCRIPTS=0,STYLES=0,WORKERS=0,SERVICE_WORKERS=0,FRAME_REPORTS=0,FRAME_REPORT_REJECTS=0,FRAME_REPORT=not_run,FRAME_REPORT_SHA=not_run,FRAME_CHALLENGE_SHA=not_run,FRAME_GENERATION=0,FRAME_ACCEPTED_CHALLENGE_SHA=not_run,FRAME_REPORT_BINDING_SHA=not_run,SAME_URL_BODIES=0,REPORTS=0,SW_BOUNDARY={INSTALL_DOCS=0,WORKER_SCRIPTS=0,WORKER_PROBE_SCRIPTS=0,PROBE_DOCS=0,CLEANUP_DOCS=0,REPORTS_ACCEPTED=0,REPORTS_REJECTED=0,CONTROLLER_PRESENT=0,CONTROLLER_MISSING=0,NAV_FETCHES=0,SELF_READY_FETCHES=0,SELF_READY_PASS_THROUGH=0,SELF_READY_SYNTHETIC=0,NAV_SYNTHETIC=0,RESET_BASELINE_CLEAN=0,RESET_BASELINE_DIRTY=0,REGISTER_BLOCKED=0,REGISTER_SUCCEEDED=0,WORKER_REGISTER_BLOCKED=0,WORKER_REGISTER_SUCCEEDED=0,WORKER_REGISTER_UNSUPPORTED=0,WORKER_REGISTER_ERROR=0,LAST_CASE=none,LAST_EVENT=none,LAST_VALUE=none},UI_SVG={INLINE_ORIGINAL:PASS,INLINE_CLICK:PASS,SPRITE_ORIGINAL:PASS,UNSAFE_SPRITE_FAIL_CLOSED:PASS,STATIC_CSS:PASS,EXTERNAL_CSS:PASS,STYLE_ATTRIBUTE:PASS,DATA_IMAGE:PASS,FAVICON:PASS,PROTECTED_HEAD_RETENTION:PASS,NETWORK_SVG:PASS,UNSAFE_NETWORK_FAIL_CLOSED:PASS,DYNAMIC_CSS:PASS,RASTER_FAIL_CLOSED:PASS,UNSAFE_INLINE_FAIL_CLOSED:PASS} quicAttempts=0 directTcpAttempts=0 bootstrapResetGeneration=2 bootstrapCompleteGeneration=2 bootstrapResetCount=3 chromeSuspended=false guardSession=528 guardHeartbeatSequence=997 audit17State=0 audit17Navigation=0 audit17Events=502 audit17Dropped=0
09-08 01:25:35.233  3095  3095 I ChromeMediaShieldStatus: v=1 seq=9 kind=network mode=selective candidates=478 replaced=0 rawDelivered=0 safeRaw=300 blockedReplaced=64 unknownReplaced=0 unsupportedReplaced=103 rawBlocked=0 rawUnknown=0 cacheHit=14 decisionEngine=348 engineCalls=359
09-08 01:25:35.233  3095  3095 I ChromeMediaShieldStatus: v=1 seq=9 kind=document transformed=28 failClosed=6 outstanding=0 issued=28 claims=13 documentSequence=28 navigationSequence=14 readyRequests=40 readyPreflights=0 readyAccepted=13 readyRejected=0 parserBarrierRequests=0 parserBarrierReady=0 parserBarrierFailClosed=0 selfShield=true selfReadyRequests=13 selfReadyAccepted=13 selfReadyRejected=0 selfReadyRejectReason=none selfShieldReleaseCompleted=13 selfShieldParserContinued=13 selfShieldOriginalScriptStarted=0 selfShieldTraceRejected=0 selfShieldTraceOutstanding=2 bootstrapDiagnosticAccepted=0 bootstrapDiagnosticRejected=0 bootstrapDiagnosticRejectReason=none bootstrapDiagnosticStage=none bootstrapDiagnosticReason=none bootstrapDiagnosticOutstanding=0
09-08 01:25:35.233  3095  3095 I ChromeMediaShieldStatus: v=1 seq=9 kind=renderer reports=1 rejected=0 globalCallbacks=206 globalRecords=1679 childRecords=1533 attributeRecords=146 maxRecords=408 scanCalls=3912 scanRoot=2 scanNodes=6029 maxScanNodes=108 scanMicros=198561 maxScanMicros=37099 observerChildScans=1292 observerAttributeScans=0 guardedScans=2109 markupScans=460 shadowScans=49 initialScans=2 otherScans=0 sanitizeElement=13053 sanitizeContainer=5081 img=813 source=0 svg=417 iframe=34 canvas=4 video=0 safeIcon=417 lockIcon=51 geometryWrites=0 svgRecords=0 shadowRoots=3 shadowObservers=3 shadowCallbacks=6 shadowRecords=57 shadowScanCalls=49 ensureStyle=207 ensureCurtain=209 internalMutations=0
09-08 01:25:35.233  3095  3095 I ChromeMediaShieldStatus: v=1 seq=9 kind=rendererApis callScan=createElement=1903/0 createElementNS=54/0 appendChild=2026/2026 insertBefore=81/81 replaceChild=0/0 append=0/0 prepend=2/2 replaceChildren=0/0 before=0/0 after=0/0 replaceWith=0/0 adjacentElement=0/0 moveBefore=0/0 rangeInsert=0/0 rangeSurround=0/0 adoptNode=0/0 cloneNode=0/0 importNode=0/0 safeMarkup=230/230 innerHTML=230/230 outerHTML=0/0 insertAdjacentHTML=0/0 setHTML=0/0 shadowInnerHTML=0/0 execCommandInsertHTML=0/0 mappedTextContent=0/0
09-08 01:25:35.234  3095  3095 I ChromeMediaShieldStatus: v=1 seq=9 kind=rendererFamilies roots=element/fragment/text/other factory:calls=1957,scans=0,direct=1957,roots=1957/0/0/0,nodes=0,micros=22203,maxMicros=500 domGuard:calls=2109,scans=2109,direct=2085,roots=3934/0/249/11,nodes=3273,micros=88837,maxMicros=9199 markup:calls=460,scans=460,direct=0,roots=230/230/0/0,nodes=231,micros=5780,maxMicros=100
09-08 01:25:35.234  3095  3095 I ChromeMediaShieldStatus: v=1 seq=9 kind=uiSvg registered=14 registryBytes=7010 cssRewritten=1 cssRejected=0 networkAccepted=34 networkRejected=18 assetServed=6 assetRejected=0
09-08 01:25:35.234  3095  3095 I ChromeMediaShieldStatus: v=1 seq=9 kind=health failures=9 clientDisconnects=15 proxyQueueRejects=0 protectFailure=0 quicAttempts=0 directTcpAttempts=0 active=true ready=true
09-08 01:25:35.234  3095  3095 I ChromeMediaShieldStatus: v=1 seq=9 kind=fixture report=REPORT=not_run,DOCUMENTS=0,FRAMES=0,SCRIPTS=0,FIRST_ORIGINAL_SCRIPTS=0,STYLES=0,WORKERS=0,SERVICE_WORKERS=0,FRAME_REPORTS=0,FRAME_REPORT_REJECTS=0,FRAME_REPORT=not_run,FRAME_REPORT_SHA=not_run,FRAME_CHALLENGE_SHA=not_run,FRAME_GENERATION=0,FRAME_ACCEPTED_CHALLENGE_SHA=not_run,FRAME_REPORT_BINDING_SHA=not_run,SAME_URL_BODIES=0,REPORTS=0,SW_BOUNDARY={INSTALL_DOCS=0,WORKER_SCRIPTS=0,WORKER_PROBE_SCRIPTS=0,PROBE_DOCS=0,CLEANUP_DOCS=0,REPORTS_ACCEPTED=0,REPORTS_REJECTED=0,CONTROLLER_PRESENT=0,CONTROLLER_MISSING=0,NAV_FETCHES=0,SELF_READY_FETCHES=0,SELF_READY_PASS_THROUGH=0,SELF_READY_SYNTHETIC=0,NAV_SYNTHETIC=0,RESET_BASELINE_CLEAN=0,RESET_BASELINE_DIRTY=0,REGISTER_BLOCKED=0,REGISTER_SUCCEEDED=0,WORKER_REGISTER_BLOCKED=0,WORKER_REGISTER_SUCCEEDED=0,WORKER_REGISTER_UNSUPPORTED=0,WORKER_REGISTER_ERROR=0,LAST_CASE=none,LAST_EVENT=none,LAST_VALUE=none},UI_SVG={INLINE_ORIGINAL:PASS,INLINE_CLICK:PASS,SPRITE_ORIGINAL:PASS,UNSAFE_SPRITE_FAIL_CLOSED:PASS,STATIC_CSS:PASS,EXTERNAL_CSS:PASS,STYLE_ATTRIBUTE:PASS,DATA_IMAGE:PASS,FAVICON:PASS,PROTECTED_HEAD_RETENTION:PASS,NETWORK_SVG:PASS,UNSAFE_NETWORK_FAIL_CLOSED:PASS,DYNAMIC_CSS:PASS,RASTER_FAIL_CLOSED:PASS,UNSAFE_INLINE_FAIL_CLOSED:PASS}
09-08 01:25:57.550  3095  4434 I ChromePhotosDataPlane: phase=worker_ready correlationId=c479 admissionWaitMs=1.106
09-08 01:25:57.616  3095  4434 I ChromePhotosDataPlane: phase=tls_ready correlationId=c479 hostClass=network hostHash=7d3489b54d9d6982 clientProtocol=http/1.1 ca=ff56b2f4265f0377
09-08 01:25:58.571  3095  4434 I ChromePhotosDataPlane: origin=real hostClass=network hostHash=7d3489b54d9d6982 method=POST clientProtocol=http/1.1 upstreamProtocol=http/1.1 status=204 contentType= bytesOut=0 transfer=fixed upstreamHeadersMs=945.546 downstreamWriteMs=1.612
09-08 01:25:58.590  3095  4268 I ChromePhotosDataPlane: phase=worker_ready correlationId=c480 admissionWaitMs=0.809
09-08 01:25:59.162  3095  4268 I ChromePhotosDataPlane: phase=tls_ready correlationId=c480 hostClass=network hostHash=816c1c4228e457b0 clientProtocol=http/1.1 ca=ff56b2f4265f0377
09-08 01:25:59.465  3095  4268 I ChromePhotosDataPlane: origin=real hostClass=network hostHash=816c1c4228e457b0 method=POST clientProtocol=http/1.1 upstreamProtocol=h2 status=200 contentType=application/javascript bytesOut=0 transfer=fixed upstreamHeadersMs=297.489 downstreamWriteMs=1.774
09-08 01:26:34.446  3095  3095 I ChromePhotosDataPlane: phase=status statusSequence=10 lifecycle=PresentationReady active=true ready=true connections=480 requests=1229 safe=300 blocked=64 unknown=121 passthrough=643 cacheHits=14 cacheMisses=384 failures=9 clientDisconnects=15 bytesIn=32552896 bytesOut=34516426 streamed=503 proxyQueueRejects=0 proxyActivePeak=64 proxyP50Ms=171.557 proxyP95Ms=1189.773 proxyP99Ms=1422.549 upstreamSockets=356 protectSuccess=356 protectFailure=0 web11a=not_run web11b=not_run modelLoadMs=409.920 engineCalls=359 dedupeHits=2 decisionCacheConfig=64 decisionConcurrencyConfig=1 decisionQueueConfig=2 decisionTimeoutMs=5000 engineCallsPerRequest=0.9573333333333334 inferencePeak=1 inFlightPeak=2 queuePeak=1 queueRejects=0 timeouts=0 inferenceP50Ms=139.664739 inferenceP95Ms=593.728125 inferenceP99Ms=732.626042 decisionP50Ms=283.129688 decisionP95Ms=1129.662603 decisionP99Ms=1372.257447 cacheHitP50Ms=0.043334 cacheHitP95Ms=0.063073 cacheEntries=64 cacheEvictions=295 preprocessP50Ms=4.97625 preprocessP95Ms=20.83776 preprocessP99Ms=73.307969 preparedCount1=311 preparedCount4=45 preparedCount5=3 preparedCountOther=0 decisionBasis=FullStrong:28,FullThreshold:39,None:290,UncertainRegional:2 imageCandidates=493 imagePrefixPeeks=58 imageMagicCandidates=0 imageBodyAdmissionPeak=2 imageBodyAdmissionRejects=0 networkVisualCandidates=478 networkVisualReplaced=0 networkVisualRawDelivered=0 networkVisualSafeRawDelivered=300 networkVisualBlockedReplaced=64 networkVisualUnknownReplaced=0 networkVisualUnsupportedReplaced=103 networkVisualRawBlockedDelivered=0 networkVisualRawUnknownDelivered=0 networkVisualCacheHit=14 networkVisualInference=348 mediaDocumentsTransformed=28 mediaDocumentsFailClosed=6 documentTransformOutstanding=0 readyTokensOutstanding=28 uiSvgRegistered=14 uiSvgRegistryBytes=7010 uiSvgCssRewritten=1 uiSvgCssRejected=0 uiSvgNetworkAccepted=34 uiSvgNetworkRejected=18 uiSvgAssetServed=6 uiSvgAssetRejected=0 h18=REPORT=not_run,EVENT_SEQUENCE=0,COMPAT_DOCS=0,STRICT_DOCS=0,STYLE_REQ=0,SCRIPT_REQ=0,DATA_REQ=0,NETWORK_REQ=0,REPORTS=0,LAST_DOC=none,NETWORK_SHA=ee17e3f62edde61823ce35732ea168f4f5986bff347ccfac063eca7f4009ee1b,AUDIT_SHA=74d4467bbf6833db4eeab998495b7dfc50db3b1f04f407704b839ad3f4b25582 h19=REPORT=not_run,DOCUMENTS=0,FRAMES=0,SCRIPTS=0,FIRST_ORIGINAL_SCRIPTS=0,STYLES=0,WORKERS=0,SERVICE_WORKERS=0,FRAME_REPORTS=0,FRAME_REPORT_REJECTS=0,FRAME_REPORT=not_run,FRAME_REPORT_SHA=not_run,FRAME_CHALLENGE_SHA=not_run,FRAME_GENERATION=0,FRAME_ACCEPTED_CHALLENGE_SHA=not_run,FRAME_REPORT_BINDING_SHA=not_run,SAME_URL_BODIES=0,REPORTS=0,SW_BOUNDARY={INSTALL_DOCS=0,WORKER_SCRIPTS=0,WORKER_PROBE_SCRIPTS=0,PROBE_DOCS=0,CLEANUP_DOCS=0,REPORTS_ACCEPTED=0,REPORTS_REJECTED=0,CONTROLLER_PRESENT=0,CONTROLLER_MISSING=0,NAV_FETCHES=0,SELF_READY_FETCHES=0,SELF_READY_PASS_THROUGH=0,SELF_READY_SYNTHETIC=0,NAV_SYNTHETIC=0,RESET_BASELINE_CLEAN=0,RESET_BASELINE_DIRTY=0,REGISTER_BLOCKED=0,REGISTER_SUCCEEDED=0,WORKER_REGISTER_BLOCKED=0,WORKER_REGISTER_SUCCEEDED=0,WORKER_REGISTER_UNSUPPORTED=0,WORKER_REGISTER_ERROR=0,LAST_CASE=none,LAST_EVENT=none,LAST_VALUE=none},UI_SVG={INLINE_ORIGINAL:PASS,INLINE_CLICK:PASS,SPRITE_ORIGINAL:PASS,UNSAFE_SPRITE_FAIL_CLOSED:PASS,STATIC_CSS:PASS,EXTERNAL_CSS:PASS,STYLE_ATTRIBUTE:PASS,DATA_IMAGE:PASS,FAVICON:PASS,PROTECTED_HEAD_RETENTION:PASS,NETWORK_SVG:PASS,UNSAFE_NETWORK_FAIL_CLOSED:PASS,DYNAMIC_CSS:PASS,RASTER_FAIL_CLOSED:PASS,UNSAFE_INLINE_FAIL_CLOSED:PASS} quicAttempts=0 directTcpAttempts=0 bootstrapResetGeneration=2 bootstrapCompleteGeneration=2 bootstrapResetCount=3 chromeSuspended=false guardSession=528 guardHeartbeatSequence=1104 audit17State=0 audit17Navigation=0 audit17Events=502 audit17Dropped=0
09-08 01:26:34.446  3095  3095 I ChromeMediaShieldStatus: v=1 seq=10 kind=network mode=selective candidates=478 replaced=0 rawDelivered=0 safeRaw=300 blockedReplaced=64 unknownReplaced=0 unsupportedReplaced=103 rawBlocked=0 rawUnknown=0 cacheHit=14 decisionEngine=348 engineCalls=359
09-08 01:26:34.446  3095  3095 I ChromeMediaShieldStatus: v=1 seq=10 kind=document transformed=28 failClosed=6 outstanding=0 issued=28 claims=13 documentSequence=28 navigationSequence=14 readyRequests=40 readyPreflights=0 readyAccepted=13 readyRejected=0 parserBarrierRequests=0 parserBarrierReady=0 parserBarrierFailClosed=0 selfShield=true selfReadyRequests=13 selfReadyAccepted=13 selfReadyRejected=0 selfReadyRejectReason=none selfShieldReleaseCompleted=13 selfShieldParserContinued=13 selfShieldOriginalScriptStarted=0 selfShieldTraceRejected=0 selfShieldTraceOutstanding=2 bootstrapDiagnosticAccepted=0 bootstrapDiagnosticRejected=0 bootstrapDiagnosticRejectReason=none bootstrapDiagnosticStage=none bootstrapDiagnosticReason=none bootstrapDiagnosticOutstanding=0
09-08 01:26:34.446  3095  3095 I ChromeMediaShieldStatus: v=1 seq=10 kind=renderer reports=1 rejected=0 globalCallbacks=206 globalRecords=1679 childRecords=1533 attributeRecords=146 maxRecords=408 scanCalls=3912 scanRoot=2 scanNodes=6029 maxScanNodes=108 scanMicros=198561 maxScanMicros=37099 observerChildScans=1292 observerAttributeScans=0 guardedScans=2109 markupScans=460 shadowScans=49 initialScans=2 otherScans=0 sanitizeElement=13053 sanitizeContainer=5081 img=813 source=0 svg=417 iframe=34 canvas=4 video=0 safeIcon=417 lockIcon=51 geometryWrites=0 svgRecords=0 shadowRoots=3 shadowObservers=3 shadowCallbacks=6 shadowRecords=57 shadowScanCalls=49 ensureStyle=207 ensureCurtain=209 internalMutations=0
09-08 01:26:34.446  3095  3095 I ChromeMediaShieldStatus: v=1 seq=10 kind=rendererApis callScan=createElement=1903/0 createElementNS=54/0 appendChild=2026/2026 insertBefore=81/81 replaceChild=0/0 append=0/0 prepend=2/2 replaceChildren=0/0 before=0/0 after=0/0 replaceWith=0/0 adjacentElement=0/0 moveBefore=0/0 rangeInsert=0/0 rangeSurround=0/0 adoptNode=0/0 cloneNode=0/0 importNode=0/0 safeMarkup=230/230 innerHTML=230/230 outerHTML=0/0 insertAdjacentHTML=0/0 setHTML=0/0 shadowInnerHTML=0/0 execCommandInsertHTML=0/0 mappedTextContent=0/0
09-08 01:26:34.447  3095  3095 I ChromeMediaShieldStatus: v=1 seq=10 kind=rendererFamilies roots=element/fragment/text/other factory:calls=1957,scans=0,direct=1957,roots=1957/0/0/0,nodes=0,micros=22203,maxMicros=500 domGuard:calls=2109,scans=2109,direct=2085,roots=3934/0/249/11,nodes=3273,micros=88837,maxMicros=9199 markup:calls=460,scans=460,direct=0,roots=230/230/0/0,nodes=231,micros=5780,maxMicros=100
09-08 01:26:34.447  3095  3095 I ChromeMediaShieldStatus: v=1 seq=10 kind=uiSvg registered=14 registryBytes=7010 cssRewritten=1 cssRejected=0 networkAccepted=34 networkRejected=18 assetServed=6 assetRejected=0
09-08 01:26:34.447  3095  3095 I ChromeMediaShieldStatus: v=1 seq=10 kind=health failures=9 clientDisconnects=15 proxyQueueRejects=0 protectFailure=0 quicAttempts=0 directTcpAttempts=0 active=true ready=true
09-08 01:26:34.447  3095  3095 I ChromeMediaShieldStatus: v=1 seq=10 kind=fixture report=REPORT=not_run,DOCUMENTS=0,FRAMES=0,SCRIPTS=0,FIRST_ORIGINAL_SCRIPTS=0,STYLES=0,WORKERS=0,SERVICE_WORKERS=0,FRAME_REPORTS=0,FRAME_REPORT_REJECTS=0,FRAME_REPORT=not_run,FRAME_REPORT_SHA=not_run,FRAME_CHALLENGE_SHA=not_run,FRAME_GENERATION=0,FRAME_ACCEPTED_CHALLENGE_SHA=not_run,FRAME_REPORT_BINDING_SHA=not_run,SAME_URL_BODIES=0,REPORTS=0,SW_BOUNDARY={INSTALL_DOCS=0,WORKER_SCRIPTS=0,WORKER_PROBE_SCRIPTS=0,PROBE_DOCS=0,CLEANUP_DOCS=0,REPORTS_ACCEPTED=0,REPORTS_REJECTED=0,CONTROLLER_PRESENT=0,CONTROLLER_MISSING=0,NAV_FETCHES=0,SELF_READY_FETCHES=0,SELF_READY_PASS_THROUGH=0,SELF_READY_SYNTHETIC=0,NAV_SYNTHETIC=0,RESET_BASELINE_CLEAN=0,RESET_BASELINE_DIRTY=0,REGISTER_BLOCKED=0,REGISTER_SUCCEEDED=0,WORKER_REGISTER_BLOCKED=0,WORKER_REGISTER_SUCCEEDED=0,WORKER_REGISTER_UNSUPPORTED=0,WORKER_REGISTER_ERROR=0,LAST_CASE=none,LAST_EVENT=none,LAST_VALUE=none},UI_SVG={INLINE_ORIGINAL:PASS,INLINE_CLICK:PASS,SPRITE_ORIGINAL:PASS,UNSAFE_SPRITE_FAIL_CLOSED:PASS,STATIC_CSS:PASS,EXTERNAL_CSS:PASS,STYLE_ATTRIBUTE:PASS,DATA_IMAGE:PASS,FAVICON:PASS,PROTECTED_HEAD_RETENTION:PASS,NETWORK_SVG:PASS,UNSAFE_NETWORK_FAIL_CLOSED:PASS,DYNAMIC_CSS:PASS,RASTER_FAIL_CLOSED:PASS,UNSAFE_INLINE_FAIL_CLOSED:PASS}
09-08 01:26:58.554  3095  4417 I ChromePhotosDataPlane: phase=worker_ready correlationId=c481 admissionWaitMs=1.087
09-08 01:26:58.660  3095  4417 I ChromePhotosDataPlane: phase=tls_ready correlationId=c481 hostClass=network hostHash=7d3489b54d9d6982 clientProtocol=http/1.1 ca=ff56b2f4265f0377
09-08 01:26:59.600  3095  4417 I ChromePhotosDataPlane: origin=real hostClass=network hostHash=7d3489b54d9d6982 method=POST clientProtocol=http/1.1 upstreamProtocol=http/1.1 status=204 contentType= bytesOut=0 transfer=fixed upstreamHeadersMs=931.700 downstreamWriteMs=1.182
09-08 01:27:34.540  3095  3095 I ChromePhotosDataPlane: phase=status statusSequence=11 lifecycle=PresentationReady active=true ready=true connections=481 requests=1230 safe=300 blocked=64 unknown=121 passthrough=644 cacheHits=14 cacheMisses=384 failures=9 clientDisconnects=15 bytesIn=32552896 bytesOut=34516426 streamed=504 proxyQueueRejects=0 proxyActivePeak=64 proxyP50Ms=171.557 proxyP95Ms=1189.773 proxyP99Ms=1422.549 upstreamSockets=357 protectSuccess=357 protectFailure=0 web11a=not_run web11b=not_run modelLoadMs=409.920 engineCalls=359 dedupeHits=2 decisionCacheConfig=64 decisionConcurrencyConfig=1 decisionQueueConfig=2 decisionTimeoutMs=5000 engineCallsPerRequest=0.9573333333333334 inferencePeak=1 inFlightPeak=2 queuePeak=1 queueRejects=0 timeouts=0 inferenceP50Ms=139.664739 inferenceP95Ms=593.728125 inferenceP99Ms=732.626042 decisionP50Ms=283.129688 decisionP95Ms=1129.662603 decisionP99Ms=1372.257447 cacheHitP50Ms=0.043334 cacheHitP95Ms=0.063073 cacheEntries=64 cacheEvictions=295 preprocessP50Ms=4.97625 preprocessP95Ms=20.83776 preprocessP99Ms=73.307969 preparedCount1=311 preparedCount4=45 preparedCount5=3 preparedCountOther=0 decisionBasis=FullStrong:28,FullThreshold:39,None:290,UncertainRegional:2 imageCandidates=493 imagePrefixPeeks=58 imageMagicCandidates=0 imageBodyAdmissionPeak=2 imageBodyAdmissionRejects=0 networkVisualCandidates=478 networkVisualReplaced=0 networkVisualRawDelivered=0 networkVisualSafeRawDelivered=300 networkVisualBlockedReplaced=64 networkVisualUnknownReplaced=0 networkVisualUnsupportedReplaced=103 networkVisualRawBlockedDelivered=0 networkVisualRawUnknownDelivered=0 networkVisualCacheHit=14 networkVisualInference=348 mediaDocumentsTransformed=28 mediaDocumentsFailClosed=6 documentTransformOutstanding=0 readyTokensOutstanding=28 uiSvgRegistered=14 uiSvgRegistryBytes=7010 uiSvgCssRewritten=1 uiSvgCssRejected=0 uiSvgNetworkAccepted=34 uiSvgNetworkRejected=18 uiSvgAssetServed=6 uiSvgAssetRejected=0 h18=REPORT=not_run,EVENT_SEQUENCE=0,COMPAT_DOCS=0,STRICT_DOCS=0,STYLE_REQ=0,SCRIPT_REQ=0,DATA_REQ=0,NETWORK_REQ=0,REPORTS=0,LAST_DOC=none,NETWORK_SHA=ee17e3f62edde61823ce35732ea168f4f5986bff347ccfac063eca7f4009ee1b,AUDIT_SHA=74d4467bbf6833db4eeab998495b7dfc50db3b1f04f407704b839ad3f4b25582 h19=REPORT=not_run,DOCUMENTS=0,FRAMES=0,SCRIPTS=0,FIRST_ORIGINAL_SCRIPTS=0,STYLES=0,WORKERS=0,SERVICE_WORKERS=0,FRAME_REPORTS=0,FRAME_REPORT_REJECTS=0,FRAME_REPORT=not_run,FRAME_REPORT_SHA=not_run,FRAME_CHALLENGE_SHA=not_run,FRAME_GENERATION=0,FRAME_ACCEPTED_CHALLENGE_SHA=not_run,FRAME_REPORT_BINDING_SHA=not_run,SAME_URL_BODIES=0,REPORTS=0,SW_BOUNDARY={INSTALL_DOCS=0,WORKER_SCRIPTS=0,WORKER_PROBE_SCRIPTS=0,PROBE_DOCS=0,CLEANUP_DOCS=0,REPORTS_ACCEPTED=0,REPORTS_REJECTED=0,CONTROLLER_PRESENT=0,CONTROLLER_MISSING=0,NAV_FETCHES=0,SELF_READY_FETCHES=0,SELF_READY_PASS_THROUGH=0,SELF_READY_SYNTHETIC=0,NAV_SYNTHETIC=0,RESET_BASELINE_CLEAN=0,RESET_BASELINE_DIRTY=0,REGISTER_BLOCKED=0,REGISTER_SUCCEEDED=0,WORKER_REGISTER_BLOCKED=0,WORKER_REGISTER_SUCCEEDED=0,WORKER_REGISTER_UNSUPPORTED=0,WORKER_REGISTER_ERROR=0,LAST_CASE=none,LAST_EVENT=none,LAST_VALUE=none},UI_SVG={INLINE_ORIGINAL:PASS,INLINE_CLICK:PASS,SPRITE_ORIGINAL:PASS,UNSAFE_SPRITE_FAIL_CLOSED:PASS,STATIC_CSS:PASS,EXTERNAL_CSS:PASS,STYLE_ATTRIBUTE:PASS,DATA_IMAGE:PASS,FAVICON:PASS,PROTECTED_HEAD_RETENTION:PASS,NETWORK_SVG:PASS,UNSAFE_NETWORK_FAIL_CLOSED:PASS,DYNAMIC_CSS:PASS,RASTER_FAIL_CLOSED:PASS,UNSAFE_INLINE_FAIL_CLOSED:PASS} quicAttempts=0 directTcpAttempts=0 bootstrapResetGeneration=2 bootstrapCompleteGeneration=2 bootstrapResetCount=3 chromeSuspended=false guardSession=528 guardHeartbeatSequence=1212 audit17State=0 audit17Navigation=0 audit17Events=502 audit17Dropped=0
09-08 01:27:34.540  3095  3095 I ChromeMediaShieldStatus: v=1 seq=11 kind=network mode=selective candidates=478 replaced=0 rawDelivered=0 safeRaw=300 blockedReplaced=64 unknownReplaced=0 unsupportedReplaced=103 rawBlocked=0 rawUnknown=0 cacheHit=14 decisionEngine=348 engineCalls=359
09-08 01:27:34.540  3095  3095 I ChromeMediaShieldStatus: v=1 seq=11 kind=document transformed=28 failClosed=6 outstanding=0 issued=28 claims=13 documentSequence=28 navigationSequence=14 readyRequests=40 readyPreflights=0 readyAccepted=13 readyRejected=0 parserBarrierRequests=0 parserBarrierReady=0 parserBarrierFailClosed=0 selfShield=true selfReadyRequests=13 selfReadyAccepted=13 selfReadyRejected=0 selfReadyRejectReason=none selfShieldReleaseCompleted=13 selfShieldParserContinued=13 selfShieldOriginalScriptStarted=0 selfShieldTraceRejected=0 selfShieldTraceOutstanding=2 bootstrapDiagnosticAccepted=0 bootstrapDiagnosticRejected=0 bootstrapDiagnosticRejectReason=none bootstrapDiagnosticStage=none bootstrapDiagnosticReason=none bootstrapDiagnosticOutstanding=0
09-08 01:27:34.540  3095  3095 I ChromeMediaShieldStatus: v=1 seq=11 kind=renderer reports=1 rejected=0 globalCallbacks=206 globalRecords=1679 childRecords=1533 attributeRecords=146 maxRecords=408 scanCalls=3912 scanRoot=2 scanNodes=6029 maxScanNodes=108 scanMicros=198561 maxScanMicros=37099 observerChildScans=1292 observerAttributeScans=0 guardedScans=2109 markupScans=460 shadowScans=49 initialScans=2 otherScans=0 sanitizeElement=13053 sanitizeContainer=5081 img=813 source=0 svg=417 iframe=34 canvas=4 video=0 safeIcon=417 lockIcon=51 geometryWrites=0 svgRecords=0 shadowRoots=3 shadowObservers=3 shadowCallbacks=6 shadowRecords=57 shadowScanCalls=49 ensureStyle=207 ensureCurtain=209 internalMutations=0
09-08 01:27:34.540  3095  3095 I ChromeMediaShieldStatus: v=1 seq=11 kind=rendererApis callScan=createElement=1903/0 createElementNS=54/0 appendChild=2026/2026 insertBefore=81/81 replaceChild=0/0 append=0/0 prepend=2/2 replaceChildren=0/0 before=0/0 after=0/0 replaceWith=0/0 adjacentElement=0/0 moveBefore=0/0 rangeInsert=0/0 rangeSurround=0/0 adoptNode=0/0 cloneNode=0/0 importNode=0/0 safeMarkup=230/230 innerHTML=230/230 outerHTML=0/0 insertAdjacentHTML=0/0 setHTML=0/0 shadowInnerHTML=0/0 execCommandInsertHTML=0/0 mappedTextContent=0/0
09-08 01:27:34.541  3095  3095 I ChromeMediaShieldStatus: v=1 seq=11 kind=rendererFamilies roots=element/fragment/text/other factory:calls=1957,scans=0,direct=1957,roots=1957/0/0/0,nodes=0,micros=22203,maxMicros=500 domGuard:calls=2109,scans=2109,direct=2085,roots=3934/0/249/11,nodes=3273,micros=88837,maxMicros=9199 markup:calls=460,scans=460,direct=0,roots=230/230/0/0,nodes=231,micros=5780,maxMicros=100
09-08 01:27:34.541  3095  3095 I ChromeMediaShieldStatus: v=1 seq=11 kind=uiSvg registered=14 registryBytes=7010 cssRewritten=1 cssRejected=0 networkAccepted=34 networkRejected=18 assetServed=6 assetRejected=0
09-08 01:27:34.541  3095  3095 I ChromeMediaShieldStatus: v=1 seq=11 kind=health failures=9 clientDisconnects=15 proxyQueueRejects=0 protectFailure=0 quicAttempts=0 directTcpAttempts=0 active=true ready=true
09-08 01:27:34.541  3095  3095 I ChromeMediaShieldStatus: v=1 seq=11 kind=fixture report=REPORT=not_run,DOCUMENTS=0,FRAMES=0,SCRIPTS=0,FIRST_ORIGINAL_SCRIPTS=0,STYLES=0,WORKERS=0,SERVICE_WORKERS=0,FRAME_REPORTS=0,FRAME_REPORT_REJECTS=0,FRAME_REPORT=not_run,FRAME_REPORT_SHA=not_run,FRAME_CHALLENGE_SHA=not_run,FRAME_GENERATION=0,FRAME_ACCEPTED_CHALLENGE_SHA=not_run,FRAME_REPORT_BINDING_SHA=not_run,SAME_URL_BODIES=0,REPORTS=0,SW_BOUNDARY={INSTALL_DOCS=0,WORKER_SCRIPTS=0,WORKER_PROBE_SCRIPTS=0,PROBE_DOCS=0,CLEANUP_DOCS=0,REPORTS_ACCEPTED=0,REPORTS_REJECTED=0,CONTROLLER_PRESENT=0,CONTROLLER_MISSING=0,NAV_FETCHES=0,SELF_READY_FETCHES=0,SELF_READY_PASS_THROUGH=0,SELF_READY_SYNTHETIC=0,NAV_SYNTHETIC=0,RESET_BASELINE_CLEAN=0,RESET_BASELINE_DIRTY=0,REGISTER_BLOCKED=0,REGISTER_SUCCEEDED=0,WORKER_REGISTER_BLOCKED=0,WORKER_REGISTER_SUCCEEDED=0,WORKER_REGISTER_UNSUPPORTED=0,WORKER_REGISTER_ERROR=0,LAST_CASE=none,LAST_EVENT=none,LAST_VALUE=none},UI_SVG={INLINE_ORIGINAL:PASS,INLINE_CLICK:PASS,SPRITE_ORIGINAL:PASS,UNSAFE_SPRITE_FAIL_CLOSED:PASS,STATIC_CSS:PASS,EXTERNAL_CSS:PASS,STYLE_ATTRIBUTE:PASS,DATA_IMAGE:PASS,FAVICON:PASS,PROTECTED_HEAD_RETENTION:PASS,NETWORK_SVG:PASS,UNSAFE_NETWORK_FAIL_CLOSED:PASS,DYNAMIC_CSS:PASS,RASTER_FAIL_CLOSED:PASS,UNSAFE_INLINE_FAIL_CLOSED:PASS}
09-08 01:27:59.538  3095  4653 I ChromePhotosDataPlane: phase=worker_ready correlationId=c482 admissionWaitMs=0.511
09-08 01:27:59.640  3095  4653 I ChromePhotosDataPlane: phase=tls_ready correlationId=c482 hostClass=network hostHash=7d3489b54d9d6982 clientProtocol=http/1.1 ca=ff56b2f4265f0377
09-08 01:28:00.410  3095  4653 I ChromePhotosDataPlane: origin=real hostClass=network hostHash=7d3489b54d9d6982 method=POST clientProtocol=http/1.1 upstreamProtocol=http/1.1 status=204 contentType= bytesOut=0 transfer=fixed upstreamHeadersMs=762.394 downstreamWriteMs=1.262
09-08 01:28:34.495  3095  3095 I ChromePhotosDataPlane: phase=status statusSequence=12 lifecycle=PresentationReady active=true ready=true connections=482 requests=1231 safe=300 blocked=64 unknown=121 passthrough=645 cacheHits=14 cacheMisses=384 failures=9 clientDisconnects=15 bytesIn=32552896 bytesOut=34516426 streamed=505 proxyQueueRejects=0 proxyActivePeak=64 proxyP50Ms=171.557 proxyP95Ms=1189.773 proxyP99Ms=1422.549 upstreamSockets=358 protectSuccess=358 protectFailure=0 web11a=not_run web11b=not_run modelLoadMs=409.920 engineCalls=359 dedupeHits=2 decisionCacheConfig=64 decisionConcurrencyConfig=1 decisionQueueConfig=2 decisionTimeoutMs=5000 engineCallsPerRequest=0.9573333333333334 inferencePeak=1 inFlightPeak=2 queuePeak=1 queueRejects=0 timeouts=0 inferenceP50Ms=139.664739 inferenceP95Ms=593.728125 inferenceP99Ms=732.626042 decisionP50Ms=283.129688 decisionP95Ms=1129.662603 decisionP99Ms=1372.257447 cacheHitP50Ms=0.043334 cacheHitP95Ms=0.063073 cacheEntries=64 cacheEvictions=295 preprocessP50Ms=4.97625 preprocessP95Ms=20.83776 preprocessP99Ms=73.307969 preparedCount1=311 preparedCount4=45 preparedCount5=3 preparedCountOther=0 decisionBasis=FullStrong:28,FullThreshold:39,None:290,UncertainRegional:2 imageCandidates=493 imagePrefixPeeks=58 imageMagicCandidates=0 imageBodyAdmissionPeak=2 imageBodyAdmissionRejects=0 networkVisualCandidates=478 networkVisualReplaced=0 networkVisualRawDelivered=0 networkVisualSafeRawDelivered=300 networkVisualBlockedReplaced=64 networkVisualUnknownReplaced=0 networkVisualUnsupportedReplaced=103 networkVisualRawBlockedDelivered=0 networkVisualRawUnknownDelivered=0 networkVisualCacheHit=14 networkVisualInference=348 mediaDocumentsTransformed=28 mediaDocumentsFailClosed=6 documentTransformOutstanding=0 readyTokensOutstanding=28 uiSvgRegistered=14 uiSvgRegistryBytes=7010 uiSvgCssRewritten=1 uiSvgCssRejected=0 uiSvgNetworkAccepted=34 uiSvgNetworkRejected=18 uiSvgAssetServed=6 uiSvgAssetRejected=0 h18=REPORT=not_run,EVENT_SEQUENCE=0,COMPAT_DOCS=0,STRICT_DOCS=0,STYLE_REQ=0,SCRIPT_REQ=0,DATA_REQ=0,NETWORK_REQ=0,REPORTS=0,LAST_DOC=none,NETWORK_SHA=ee17e3f62edde61823ce35732ea168f4f5986bff347ccfac063eca7f4009ee1b,AUDIT_SHA=74d4467bbf6833db4eeab998495b7dfc50db3b1f04f407704b839ad3f4b25582 h19=REPORT=not_run,DOCUMENTS=0,FRAMES=0,SCRIPTS=0,FIRST_ORIGINAL_SCRIPTS=0,STYLES=0,WORKERS=0,SERVICE_WORKERS=0,FRAME_REPORTS=0,FRAME_REPORT_REJECTS=0,FRAME_REPORT=not_run,FRAME_REPORT_SHA=not_run,FRAME_CHALLENGE_SHA=not_run,FRAME_GENERATION=0,FRAME_ACCEPTED_CHALLENGE_SHA=not_run,FRAME_REPORT_BINDING_SHA=not_run,SAME_URL_BODIES=0,REPORTS=0,SW_BOUNDARY={INSTALL_DOCS=0,WORKER_SCRIPTS=0,WORKER_PROBE_SCRIPTS=0,PROBE_DOCS=0,CLEANUP_DOCS=0,REPORTS_ACCEPTED=0,REPORTS_REJECTED=0,CONTROLLER_PRESENT=0,CONTROLLER_MISSING=0,NAV_FETCHES=0,SELF_READY_FETCHES=0,SELF_READY_PASS_THROUGH=0,SELF_READY_SYNTHETIC=0,NAV_SYNTHETIC=0,RESET_BASELINE_CLEAN=0,RESET_BASELINE_DIRTY=0,REGISTER_BLOCKED=0,REGISTER_SUCCEEDED=0,WORKER_REGISTER_BLOCKED=0,WORKER_REGISTER_SUCCEEDED=0,WORKER_REGISTER_UNSUPPORTED=0,WORKER_REGISTER_ERROR=0,LAST_CASE=none,LAST_EVENT=none,LAST_VALUE=none},UI_SVG={INLINE_ORIGINAL:PASS,INLINE_CLICK:PASS,SPRITE_ORIGINAL:PASS,UNSAFE_SPRITE_FAIL_CLOSED:PASS,STATIC_CSS:PASS,EXTERNAL_CSS:PASS,STYLE_ATTRIBUTE:PASS,DATA_IMAGE:PASS,FAVICON:PASS,PROTECTED_HEAD_RETENTION:PASS,NETWORK_SVG:PASS,UNSAFE_NETWORK_FAIL_CLOSED:PASS,DYNAMIC_CSS:PASS,RASTER_FAIL_CLOSED:PASS,UNSAFE_INLINE_FAIL_CLOSED:PASS} quicAttempts=0 directTcpAttempts=0 bootstrapResetGeneration=2 bootstrapCompleteGeneration=2 bootstrapResetCount=3 chromeSuspended=false guardSession=528 guardHeartbeatSequence=1320 audit17State=0 audit17Navigation=0 audit17Events=502 audit17Dropped=0
09-08 01:28:34.495  3095  3095 I ChromeMediaShieldStatus: v=1 seq=12 kind=network mode=selective candidates=478 replaced=0 rawDelivered=0 safeRaw=300 blockedReplaced=64 unknownReplaced=0 unsupportedReplaced=103 rawBlocked=0 rawUnknown=0 cacheHit=14 decisionEngine=348 engineCalls=359
09-08 01:28:34.495  3095  3095 I ChromeMediaShieldStatus: v=1 seq=12 kind=document transformed=28 failClosed=6 outstanding=0 issued=28 claims=13 documentSequence=28 navigationSequence=14 readyRequests=40 readyPreflights=0 readyAccepted=13 readyRejected=0 parserBarrierRequests=0 parserBarrierReady=0 parserBarrierFailClosed=0 selfShield=true selfReadyRequests=13 selfReadyAccepted=13 selfReadyRejected=0 selfReadyRejectReason=none selfShieldReleaseCompleted=13 selfShieldParserContinued=13 selfShieldOriginalScriptStarted=0 selfShieldTraceRejected=0 selfShieldTraceOutstanding=2 bootstrapDiagnosticAccepted=0 bootstrapDiagnosticRejected=0 bootstrapDiagnosticRejectReason=none bootstrapDiagnosticStage=none bootstrapDiagnosticReason=none bootstrapDiagnosticOutstanding=0
09-08 01:28:34.495  3095  3095 I ChromeMediaShieldStatus: v=1 seq=12 kind=renderer reports=1 rejected=0 globalCallbacks=206 globalRecords=1679 childRecords=1533 attributeRecords=146 maxRecords=408 scanCalls=3912 scanRoot=2 scanNodes=6029 maxScanNodes=108 scanMicros=198561 maxScanMicros=37099 observerChildScans=1292 observerAttributeScans=0 guardedScans=2109 markupScans=460 shadowScans=49 initialScans=2 otherScans=0 sanitizeElement=13053 sanitizeContainer=5081 img=813 source=0 svg=417 iframe=34 canvas=4 video=0 safeIcon=417 lockIcon=51 geometryWrites=0 svgRecords=0 shadowRoots=3 shadowObservers=3 shadowCallbacks=6 shadowRecords=57 shadowScanCalls=49 ensureStyle=207 ensureCurtain=209 internalMutations=0
09-08 01:28:34.495  3095  3095 I ChromeMediaShieldStatus: v=1 seq=12 kind=rendererApis callScan=createElement=1903/0 createElementNS=54/0 appendChild=2026/2026 insertBefore=81/81 replaceChild=0/0 append=0/0 prepend=2/2 replaceChildren=0/0 before=0/0 after=0/0 replaceWith=0/0 adjacentElement=0/0 moveBefore=0/0 rangeInsert=0/0 rangeSurround=0/0 adoptNode=0/0 cloneNode=0/0 importNode=0/0 safeMarkup=230/230 innerHTML=230/230 outerHTML=0/0 insertAdjacentHTML=0/0 setHTML=0/0 shadowInnerHTML=0/0 execCommandInsertHTML=0/0 mappedTextContent=0/0
09-08 01:28:34.495  3095  3095 I ChromeMediaShieldStatus: v=1 seq=12 kind=rendererFamilies roots=element/fragment/text/other factory:calls=1957,scans=0,direct=1957,roots=1957/0/0/0,nodes=0,micros=22203,maxMicros=500 domGuard:calls=2109,scans=2109,direct=2085,roots=3934/0/249/11,nodes=3273,micros=88837,maxMicros=9199 markup:calls=460,scans=460,direct=0,roots=230/230/0/0,nodes=231,micros=5780,maxMicros=100
09-08 01:28:34.496  3095  3095 I ChromeMediaShieldStatus: v=1 seq=12 kind=uiSvg registered=14 registryBytes=7010 cssRewritten=1 cssRejected=0 networkAccepted=34 networkRejected=18 assetServed=6 assetRejected=0
09-08 01:28:34.496  3095  3095 I ChromeMediaShieldStatus: v=1 seq=12 kind=health failures=9 clientDisconnects=15 proxyQueueRejects=0 protectFailure=0 quicAttempts=0 directTcpAttempts=0 active=true ready=true
09-08 01:28:34.496  3095  3095 I ChromeMediaShieldStatus: v=1 seq=12 kind=fixture report=REPORT=not_run,DOCUMENTS=0,FRAMES=0,SCRIPTS=0,FIRST_ORIGINAL_SCRIPTS=0,STYLES=0,WORKERS=0,SERVICE_WORKERS=0,FRAME_REPORTS=0,FRAME_REPORT_REJECTS=0,FRAME_REPORT=not_run,FRAME_REPORT_SHA=not_run,FRAME_CHALLENGE_SHA=not_run,FRAME_GENERATION=0,FRAME_ACCEPTED_CHALLENGE_SHA=not_run,FRAME_REPORT_BINDING_SHA=not_run,SAME_URL_BODIES=0,REPORTS=0,SW_BOUNDARY={INSTALL_DOCS=0,WORKER_SCRIPTS=0,WORKER_PROBE_SCRIPTS=0,PROBE_DOCS=0,CLEANUP_DOCS=0,REPORTS_ACCEPTED=0,REPORTS_REJECTED=0,CONTROLLER_PRESENT=0,CONTROLLER_MISSING=0,NAV_FETCHES=0,SELF_READY_FETCHES=0,SELF_READY_PASS_THROUGH=0,SELF_READY_SYNTHETIC=0,NAV_SYNTHETIC=0,RESET_BASELINE_CLEAN=0,RESET_BASELINE_DIRTY=0,REGISTER_BLOCKED=0,REGISTER_SUCCEEDED=0,WORKER_REGISTER_BLOCKED=0,WORKER_REGISTER_SUCCEEDED=0,WORKER_REGISTER_UNSUPPORTED=0,WORKER_REGISTER_ERROR=0,LAST_CASE=none,LAST_EVENT=none,LAST_VALUE=none},UI_SVG={INLINE_ORIGINAL:PASS,INLINE_CLICK:PASS,SPRITE_ORIGINAL:PASS,UNSAFE_SPRITE_FAIL_CLOSED:PASS,STATIC_CSS:PASS,EXTERNAL_CSS:PASS,STYLE_ATTRIBUTE:PASS,DATA_IMAGE:PASS,FAVICON:PASS,PROTECTED_HEAD_RETENTION:PASS,NETWORK_SVG:PASS,UNSAFE_NETWORK_FAIL_CLOSED:PASS,DYNAMIC_CSS:PASS,RASTER_FAIL_CLOSED:PASS,UNSAFE_INLINE_FAIL_CLOSED:PASS}
09-08 01:29:00.551  3095  4639 I ChromePhotosDataPlane: phase=worker_ready correlationId=c483 admissionWaitMs=0.982
09-08 01:29:00.658  3095  4639 I ChromePhotosDataPlane: phase=tls_ready correlationId=c483 hostClass=network hostHash=7d3489b54d9d6982 clientProtocol=http/1.1 ca=ff56b2f4265f0377
09-08 01:29:01.723  3095  4639 I ChromePhotosDataPlane: origin=real hostClass=network hostHash=7d3489b54d9d6982 method=POST clientProtocol=http/1.1 upstreamProtocol=http/1.1 status=204 contentType= bytesOut=0 transfer=fixed upstreamHeadersMs=1059.772 downstreamWriteMs=1.546
09-08 01:29:33.992  3095  3095 I ChromePhotosDataPlane: phase=status statusSequence=13 lifecycle=PresentationReady active=true ready=true connections=483 requests=1232 safe=300 blocked=64 unknown=121 passthrough=646 cacheHits=14 cacheMisses=384 failures=9 clientDisconnects=15 bytesIn=32552896 bytesOut=34516426 streamed=506 proxyQueueRejects=0 proxyActivePeak=64 proxyP50Ms=171.557 proxyP95Ms=1189.773 proxyP99Ms=1422.549 upstreamSockets=359 protectSuccess=359 protectFailure=0 web11a=not_run web11b=not_run modelLoadMs=409.920 engineCalls=359 dedupeHits=2 decisionCacheConfig=64 decisionConcurrencyConfig=1 decisionQueueConfig=2 decisionTimeoutMs=5000 engineCallsPerRequest=0.9573333333333334 inferencePeak=1 inFlightPeak=2 queuePeak=1 queueRejects=0 timeouts=0 inferenceP50Ms=139.664739 inferenceP95Ms=593.728125 inferenceP99Ms=732.626042 decisionP50Ms=283.129688 decisionP95Ms=1129.662603 decisionP99Ms=1372.257447 cacheHitP50Ms=0.043334 cacheHitP95Ms=0.063073 cacheEntries=64 cacheEvictions=295 preprocessP50Ms=4.97625 preprocessP95Ms=20.83776 preprocessP99Ms=73.307969 preparedCount1=311 preparedCount4=45 preparedCount5=3 preparedCountOther=0 decisionBasis=FullStrong:28,FullThreshold:39,None:290,UncertainRegional:2 imageCandidates=493 imagePrefixPeeks=58 imageMagicCandidates=0 imageBodyAdmissionPeak=2 imageBodyAdmissionRejects=0 networkVisualCandidates=478 networkVisualReplaced=0 networkVisualRawDelivered=0 networkVisualSafeRawDelivered=300 networkVisualBlockedReplaced=64 networkVisualUnknownReplaced=0 networkVisualUnsupportedReplaced=103 networkVisualRawBlockedDelivered=0 networkVisualRawUnknownDelivered=0 networkVisualCacheHit=14 networkVisualInference=348 mediaDocumentsTransformed=28 mediaDocumentsFailClosed=6 documentTransformOutstanding=0 readyTokensOutstanding=28 uiSvgRegistered=14 uiSvgRegistryBytes=7010 uiSvgCssRewritten=1 uiSvgCssRejected=0 uiSvgNetworkAccepted=34 uiSvgNetworkRejected=18 uiSvgAssetServed=6 uiSvgAssetRejected=0 h18=REPORT=not_run,EVENT_SEQUENCE=0,COMPAT_DOCS=0,STRICT_DOCS=0,STYLE_REQ=0,SCRIPT_REQ=0,DATA_REQ=0,NETWORK_REQ=0,REPORTS=0,LAST_DOC=none,NETWORK_SHA=ee17e3f62edde61823ce35732ea168f4f5986bff347ccfac063eca7f4009ee1b,AUDIT_SHA=74d4467bbf6833db4eeab998495b7dfc50db3b1f04f407704b839ad3f4b25582 h19=REPORT=not_run,DOCUMENTS=0,FRAMES=0,SCRIPTS=0,FIRST_ORIGINAL_SCRIPTS=0,STYLES=0,WORKERS=0,SERVICE_WORKERS=0,FRAME_REPORTS=0,FRAME_REPORT_REJECTS=0,FRAME_REPORT=not_run,FRAME_REPORT_SHA=not_run,FRAME_CHALLENGE_SHA=not_run,FRAME_GENERATION=0,FRAME_ACCEPTED_CHALLENGE_SHA=not_run,FRAME_REPORT_BINDING_SHA=not_run,SAME_URL_BODIES=0,REPORTS=0,SW_BOUNDARY={INSTALL_DOCS=0,WORKER_SCRIPTS=0,WORKER_PROBE_SCRIPTS=0,PROBE_DOCS=0,CLEANUP_DOCS=0,REPORTS_ACCEPTED=0,REPORTS_REJECTED=0,CONTROLLER_PRESENT=0,CONTROLLER_MISSING=0,NAV_FETCHES=0,SELF_READY_FETCHES=0,SELF_READY_PASS_THROUGH=0,SELF_READY_SYNTHETIC=0,NAV_SYNTHETIC=0,RESET_BASELINE_CLEAN=0,RESET_BASELINE_DIRTY=0,REGISTER_BLOCKED=0,REGISTER_SUCCEEDED=0,WORKER_REGISTER_BLOCKED=0,WORKER_REGISTER_SUCCEEDED=0,WORKER_REGISTER_UNSUPPORTED=0,WORKER_REGISTER_ERROR=0,LAST_CASE=none,LAST_EVENT=none,LAST_VALUE=none},UI_SVG={INLINE_ORIGINAL:PASS,INLINE_CLICK:PASS,SPRITE_ORIGINAL:PASS,UNSAFE_SPRITE_FAIL_CLOSED:PASS,STATIC_CSS:PASS,EXTERNAL_CSS:PASS,STYLE_ATTRIBUTE:PASS,DATA_IMAGE:PASS,FAVICON:PASS,PROTECTED_HEAD_RETENTION:PASS,NETWORK_SVG:PASS,UNSAFE_NETWORK_FAIL_CLOSED:PASS,DYNAMIC_CSS:PASS,RASTER_FAIL_CLOSED:PASS,UNSAFE_INLINE_FAIL_CLOSED:PASS} quicAttempts=0 directTcpAttempts=0 bootstrapResetGeneration=2 bootstrapCompleteGeneration=2 bootstrapResetCount=3 chromeSuspended=false guardSession=528 guardHeartbeatSequence=1428 audit17State=0 audit17Navigation=0 audit17Events=502 audit17Dropped=0
09-08 01:29:33.992  3095  3095 I ChromeMediaShieldStatus: v=1 seq=13 kind=network mode=selective candidates=478 replaced=0 rawDelivered=0 safeRaw=300 blockedReplaced=64 unknownReplaced=0 unsupportedReplaced=103 rawBlocked=0 rawUnknown=0 cacheHit=14 decisionEngine=348 engineCalls=359
09-08 01:29:33.992  3095  3095 I ChromeMediaShieldStatus: v=1 seq=13 kind=document transformed=28 failClosed=6 outstanding=0 issued=28 claims=13 documentSequence=28 navigationSequence=14 readyRequests=40 readyPreflights=0 readyAccepted=13 readyRejected=0 parserBarrierRequests=0 parserBarrierReady=0 parserBarrierFailClosed=0 selfShield=true selfReadyRequests=13 selfReadyAccepted=13 selfReadyRejected=0 selfReadyRejectReason=none selfShieldReleaseCompleted=13 selfShieldParserContinued=13 selfShieldOriginalScriptStarted=0 selfShieldTraceRejected=0 selfShieldTraceOutstanding=2 bootstrapDiagnosticAccepted=0 bootstrapDiagnosticRejected=0 bootstrapDiagnosticRejectReason=none bootstrapDiagnosticStage=none bootstrapDiagnosticReason=none bootstrapDiagnosticOutstanding=0
09-08 01:29:33.992  3095  3095 I ChromeMediaShieldStatus: v=1 seq=13 kind=renderer reports=1 rejected=0 globalCallbacks=206 globalRecords=1679 childRecords=1533 attributeRecords=146 maxRecords=408 scanCalls=3912 scanRoot=2 scanNodes=6029 maxScanNodes=108 scanMicros=198561 maxScanMicros=37099 observerChildScans=1292 observerAttributeScans=0 guardedScans=2109 markupScans=460 shadowScans=49 initialScans=2 otherScans=0 sanitizeElement=13053 sanitizeContainer=5081 img=813 source=0 svg=417 iframe=34 canvas=4 video=0 safeIcon=417 lockIcon=51 geometryWrites=0 svgRecords=0 shadowRoots=3 shadowObservers=3 shadowCallbacks=6 shadowRecords=57 shadowScanCalls=49 ensureStyle=207 ensureCurtain=209 internalMutations=0
09-08 01:29:33.993  3095  3095 I ChromeMediaShieldStatus: v=1 seq=13 kind=rendererApis callScan=createElement=1903/0 createElementNS=54/0 appendChild=2026/2026 insertBefore=81/81 replaceChild=0/0 append=0/0 prepend=2/2 replaceChildren=0/0 before=0/0 after=0/0 replaceWith=0/0 adjacentElement=0/0 moveBefore=0/0 rangeInsert=0/0 rangeSurround=0/0 adoptNode=0/0 cloneNode=0/0 importNode=0/0 safeMarkup=230/230 innerHTML=230/230 outerHTML=0/0 insertAdjacentHTML=0/0 setHTML=0/0 shadowInnerHTML=0/0 execCommandInsertHTML=0/0 mappedTextContent=0/0
09-08 01:29:33.993  3095  3095 I ChromeMediaShieldStatus: v=1 seq=13 kind=rendererFamilies roots=element/fragment/text/other factory:calls=1957,scans=0,direct=1957,roots=1957/0/0/0,nodes=0,micros=22203,maxMicros=500 domGuard:calls=2109,scans=2109,direct=2085,roots=3934/0/249/11,nodes=3273,micros=88837,maxMicros=9199 markup:calls=460,scans=460,direct=0,roots=230/230/0/0,nodes=231,micros=5780,maxMicros=100
09-08 01:29:33.993  3095  3095 I ChromeMediaShieldStatus: v=1 seq=13 kind=uiSvg registered=14 registryBytes=7010 cssRewritten=1 cssRejected=0 networkAccepted=34 networkRejected=18 assetServed=6 assetRejected=0
09-08 01:29:33.993  3095  3095 I ChromeMediaShieldStatus: v=1 seq=13 kind=health failures=9 clientDisconnects=15 proxyQueueRejects=0 protectFailure=0 quicAttempts=0 directTcpAttempts=0 active=true ready=true
09-08 01:29:33.993  3095  3095 I ChromeMediaShieldStatus: v=1 seq=13 kind=fixture report=REPORT=not_run,DOCUMENTS=0,FRAMES=0,SCRIPTS=0,FIRST_ORIGINAL_SCRIPTS=0,STYLES=0,WORKERS=0,SERVICE_WORKERS=0,FRAME_REPORTS=0,FRAME_REPORT_REJECTS=0,FRAME_REPORT=not_run,FRAME_REPORT_SHA=not_run,FRAME_CHALLENGE_SHA=not_run,FRAME_GENERATION=0,FRAME_ACCEPTED_CHALLENGE_SHA=not_run,FRAME_REPORT_BINDING_SHA=not_run,SAME_URL_BODIES=0,REPORTS=0,SW_BOUNDARY={INSTALL_DOCS=0,WORKER_SCRIPTS=0,WORKER_PROBE_SCRIPTS=0,PROBE_DOCS=0,CLEANUP_DOCS=0,REPORTS_ACCEPTED=0,REPORTS_REJECTED=0,CONTROLLER_PRESENT=0,CONTROLLER_MISSING=0,NAV_FETCHES=0,SELF_READY_FETCHES=0,SELF_READY_PASS_THROUGH=0,SELF_READY_SYNTHETIC=0,NAV_SYNTHETIC=0,RESET_BASELINE_CLEAN=0,RESET_BASELINE_DIRTY=0,REGISTER_BLOCKED=0,REGISTER_SUCCEEDED=0,WORKER_REGISTER_BLOCKED=0,WORKER_REGISTER_SUCCEEDED=0,WORKER_REGISTER_UNSUPPORTED=0,WORKER_REGISTER_ERROR=0,LAST_CASE=none,LAST_EVENT=none,LAST_VALUE=none},UI_SVG={INLINE_ORIGINAL:PASS,INLINE_CLICK:PASS,SPRITE_ORIGINAL:PASS,UNSAFE_SPRITE_FAIL_CLOSED:PASS,STATIC_CSS:PASS,EXTERNAL_CSS:PASS,STYLE_ATTRIBUTE:PASS,DATA_IMAGE:PASS,FAVICON:PASS,PROTECTED_HEAD_RETENTION:PASS,NETWORK_SVG:PASS,UNSAFE_NETWORK_FAIL_CLOSED:PASS,DYNAMIC_CSS:PASS,RASTER_FAIL_CLOSED:PASS,UNSAFE_INLINE_FAIL_CLOSED:PASS}
09-08 01:29:56.057  3095  4407 I ChromePhotosDataPlane: phase=worker_ready correlationId=c484 admissionWaitMs=0.482
09-08 01:29:56.137  3095  4407 I ChromePhotosDataPlane: phase=tls_ready correlationId=c484 hostClass=network hostHash=7d3489b54d9d6982 clientProtocol=http/1.1 ca=ff56b2f4265f0377
09-08 01:29:57.056  3095  4407 I ChromePhotosDataPlane: origin=real hostClass=network hostHash=7d3489b54d9d6982 method=POST clientProtocol=http/1.1 upstreamProtocol=http/1.1 status=204 contentType= bytesOut=0 transfer=fixed upstreamHeadersMs=913.084 downstreamWriteMs=1.220
09-08 01:30:34.323  3095  3095 I ChromePhotosDataPlane: phase=status statusSequence=14 lifecycle=PresentationReady active=true ready=true connections=484 requests=1233 safe=300 blocked=64 unknown=121 passthrough=647 cacheHits=14 cacheMisses=384 failures=9 clientDisconnects=15 bytesIn=32552896 bytesOut=34516426 streamed=507 proxyQueueRejects=0 proxyActivePeak=64 proxyP50Ms=171.557 proxyP95Ms=1189.773 proxyP99Ms=1422.549 upstreamSockets=360 protectSuccess=360 protectFailure=0 web11a=not_run web11b=not_run modelLoadMs=409.920 engineCalls=359 dedupeHits=2 decisionCacheConfig=64 decisionConcurrencyConfig=1 decisionQueueConfig=2 decisionTimeoutMs=5000 engineCallsPerRequest=0.9573333333333334 inferencePeak=1 inFlightPeak=2 queuePeak=1 queueRejects=0 timeouts=0 inferenceP50Ms=139.664739 inferenceP95Ms=593.728125 inferenceP99Ms=732.626042 decisionP50Ms=283.129688 decisionP95Ms=1129.662603 decisionP99Ms=1372.257447 cacheHitP50Ms=0.043334 cacheHitP95Ms=0.063073 cacheEntries=64 cacheEvictions=295 preprocessP50Ms=4.97625 preprocessP95Ms=20.83776 preprocessP99Ms=73.307969 preparedCount1=311 preparedCount4=45 preparedCount5=3 preparedCountOther=0 decisionBasis=FullStrong:28,FullThreshold:39,None:290,UncertainRegional:2 imageCandidates=493 imagePrefixPeeks=58 imageMagicCandidates=0 imageBodyAdmissionPeak=2 imageBodyAdmissionRejects=0 networkVisualCandidates=478 networkVisualReplaced=0 networkVisualRawDelivered=0 networkVisualSafeRawDelivered=300 networkVisualBlockedReplaced=64 networkVisualUnknownReplaced=0 networkVisualUnsupportedReplaced=103 networkVisualRawBlockedDelivered=0 networkVisualRawUnknownDelivered=0 networkVisualCacheHit=14 networkVisualInference=348 mediaDocumentsTransformed=28 mediaDocumentsFailClosed=6 documentTransformOutstanding=0 readyTokensOutstanding=28 uiSvgRegistered=14 uiSvgRegistryBytes=7010 uiSvgCssRewritten=1 uiSvgCssRejected=0 uiSvgNetworkAccepted=34 uiSvgNetworkRejected=18 uiSvgAssetServed=6 uiSvgAssetRejected=0 h18=REPORT=not_run,EVENT_SEQUENCE=0,COMPAT_DOCS=0,STRICT_DOCS=0,STYLE_REQ=0,SCRIPT_REQ=0,DATA_REQ=0,NETWORK_REQ=0,REPORTS=0,LAST_DOC=none,NETWORK_SHA=ee17e3f62edde61823ce35732ea168f4f5986bff347ccfac063eca7f4009ee1b,AUDIT_SHA=74d4467bbf6833db4eeab998495b7dfc50db3b1f04f407704b839ad3f4b25582 h19=REPORT=not_run,DOCUMENTS=0,FRAMES=0,SCRIPTS=0,FIRST_ORIGINAL_SCRIPTS=0,STYLES=0,WORKERS=0,SERVICE_WORKERS=0,FRAME_REPORTS=0,FRAME_REPORT_REJECTS=0,FRAME_REPORT=not_run,FRAME_REPORT_SHA=not_run,FRAME_CHALLENGE_SHA=not_run,FRAME_GENERATION=0,FRAME_ACCEPTED_CHALLENGE_SHA=not_run,FRAME_REPORT_BINDING_SHA=not_run,SAME_URL_BODIES=0,REPORTS=0,SW_BOUNDARY={INSTALL_DOCS=0,WORKER_SCRIPTS=0,WORKER_PROBE_SCRIPTS=0,PROBE_DOCS=0,CLEANUP_DOCS=0,REPORTS_ACCEPTED=0,REPORTS_REJECTED=0,CONTROLLER_PRESENT=0,CONTROLLER_MISSING=0,NAV_FETCHES=0,SELF_READY_FETCHES=0,SELF_READY_PASS_THROUGH=0,SELF_READY_SYNTHETIC=0,NAV_SYNTHETIC=0,RESET_BASELINE_CLEAN=0,RESET_BASELINE_DIRTY=0,REGISTER_BLOCKED=0,REGISTER_SUCCEEDED=0,WORKER_REGISTER_BLOCKED=0,WORKER_REGISTER_SUCCEEDED=0,WORKER_REGISTER_UNSUPPORTED=0,WORKER_REGISTER_ERROR=0,LAST_CASE=none,LAST_EVENT=none,LAST_VALUE=none},UI_SVG={INLINE_ORIGINAL:PASS,INLINE_CLICK:PASS,SPRITE_ORIGINAL:PASS,UNSAFE_SPRITE_FAIL_CLOSED:PASS,STATIC_CSS:PASS,EXTERNAL_CSS:PASS,STYLE_ATTRIBUTE:PASS,DATA_IMAGE:PASS,FAVICON:PASS,PROTECTED_HEAD_RETENTION:PASS,NETWORK_SVG:PASS,UNSAFE_NETWORK_FAIL_CLOSED:PASS,DYNAMIC_CSS:PASS,RASTER_FAIL_CLOSED:PASS,UNSAFE_INLINE_FAIL_CLOSED:PASS} quicAttempts=0 directTcpAttempts=0 bootstrapResetGeneration=2 bootstrapCompleteGeneration=2 bootstrapResetCount=3 chromeSuspended=false guardSession=528 guardHeartbeatSequence=1537 audit17State=0 audit17Navigation=0 audit17Events=502 audit17Dropped=0
09-08 01:30:34.323  3095  3095 I ChromeMediaShieldStatus: v=1 seq=14 kind=network mode=selective candidates=478 replaced=0 rawDelivered=0 safeRaw=300 blockedReplaced=64 unknownReplaced=0 unsupportedReplaced=103 rawBlocked=0 rawUnknown=0 cacheHit=14 decisionEngine=348 engineCalls=359
09-08 01:30:34.323  3095  3095 I ChromeMediaShieldStatus: v=1 seq=14 kind=document transformed=28 failClosed=6 outstanding=0 issued=28 claims=13 documentSequence=28 navigationSequence=14 readyRequests=40 readyPreflights=0 readyAccepted=13 readyRejected=0 parserBarrierRequests=0 parserBarrierReady=0 parserBarrierFailClosed=0 selfShield=true selfReadyRequests=13 selfReadyAccepted=13 selfReadyRejected=0 selfReadyRejectReason=none selfShieldReleaseCompleted=13 selfShieldParserContinued=13 selfShieldOriginalScriptStarted=0 selfShieldTraceRejected=0 selfShieldTraceOutstanding=2 bootstrapDiagnosticAccepted=0 bootstrapDiagnosticRejected=0 bootstrapDiagnosticRejectReason=none bootstrapDiagnosticStage=none bootstrapDiagnosticReason=none bootstrapDiagnosticOutstanding=0
09-08 01:30:34.323  3095  3095 I ChromeMediaShieldStatus: v=1 seq=14 kind=renderer reports=1 rejected=0 globalCallbacks=206 globalRecords=1679 childRecords=1533 attributeRecords=146 maxRecords=408 scanCalls=3912 scanRoot=2 scanNodes=6029 maxScanNodes=108 scanMicros=198561 maxScanMicros=37099 observerChildScans=1292 observerAttributeScans=0 guardedScans=2109 markupScans=460 shadowScans=49 initialScans=2 otherScans=0 sanitizeElement=13053 sanitizeContainer=5081 img=813 source=0 svg=417 iframe=34 canvas=4 video=0 safeIcon=417 lockIcon=51 geometryWrites=0 svgRecords=0 shadowRoots=3 shadowObservers=3 shadowCallbacks=6 shadowRecords=57 shadowScanCalls=49 ensureStyle=207 ensureCurtain=209 internalMutations=0
09-08 01:30:34.323  3095  3095 I ChromeMediaShieldStatus: v=1 seq=14 kind=rendererApis callScan=createElement=1903/0 createElementNS=54/0 appendChild=2026/2026 insertBefore=81/81 replaceChild=0/0 append=0/0 prepend=2/2 replaceChildren=0/0 before=0/0 after=0/0 replaceWith=0/0 adjacentElement=0/0 moveBefore=0/0 rangeInsert=0/0 rangeSurround=0/0 adoptNode=0/0 cloneNode=0/0 importNode=0/0 safeMarkup=230/230 innerHTML=230/230 outerHTML=0/0 insertAdjacentHTML=0/0 setHTML=0/0 shadowInnerHTML=0/0 execCommandInsertHTML=0/0 mappedTextContent=0/0
09-08 01:30:34.323  3095  3095 I ChromeMediaShieldStatus: v=1 seq=14 kind=rendererFamilies roots=element/fragment/text/other factory:calls=1957,scans=0,direct=1957,roots=1957/0/0/0,nodes=0,micros=22203,maxMicros=500 domGuard:calls=2109,scans=2109,direct=2085,roots=3934/0/249/11,nodes=3273,micros=88837,maxMicros=9199 markup:calls=460,scans=460,direct=0,roots=230/230/0/0,nodes=231,micros=5780,maxMicros=100
09-08 01:30:34.324  3095  3095 I ChromeMediaShieldStatus: v=1 seq=14 kind=uiSvg registered=14 registryBytes=7010 cssRewritten=1 cssRejected=0 networkAccepted=34 networkRejected=18 assetServed=6 assetRejected=0
09-08 01:30:34.324  3095  3095 I ChromeMediaShieldStatus: v=1 seq=14 kind=health failures=9 clientDisconnects=15 proxyQueueRejects=0 protectFailure=0 quicAttempts=0 directTcpAttempts=0 active=true ready=true
09-08 01:30:34.324  3095  3095 I ChromeMediaShieldStatus: v=1 seq=14 kind=fixture report=REPORT=not_run,DOCUMENTS=0,FRAMES=0,SCRIPTS=0,FIRST_ORIGINAL_SCRIPTS=0,STYLES=0,WORKERS=0,SERVICE_WORKERS=0,FRAME_REPORTS=0,FRAME_REPORT_REJECTS=0,FRAME_REPORT=not_run,FRAME_REPORT_SHA=not_run,FRAME_CHALLENGE_SHA=not_run,FRAME_GENERATION=0,FRAME_ACCEPTED_CHALLENGE_SHA=not_run,FRAME_REPORT_BINDING_SHA=not_run,SAME_URL_BODIES=0,REPORTS=0,SW_BOUNDARY={INSTALL_DOCS=0,WORKER_SCRIPTS=0,WORKER_PROBE_SCRIPTS=0,PROBE_DOCS=0,CLEANUP_DOCS=0,REPORTS_ACCEPTED=0,REPORTS_REJECTED=0,CONTROLLER_PRESENT=0,CONTROLLER_MISSING=0,NAV_FETCHES=0,SELF_READY_FETCHES=0,SELF_READY_PASS_THROUGH=0,SELF_READY_SYNTHETIC=0,NAV_SYNTHETIC=0,RESET_BASELINE_CLEAN=0,RESET_BASELINE_DIRTY=0,REGISTER_BLOCKED=0,REGISTER_SUCCEEDED=0,WORKER_REGISTER_BLOCKED=0,WORKER_REGISTER_SUCCEEDED=0,WORKER_REGISTER_UNSUPPORTED=0,WORKER_REGISTER_ERROR=0,LAST_CASE=none,LAST_EVENT=none,LAST_VALUE=none},UI_SVG={INLINE_ORIGINAL:PASS,INLINE_CLICK:PASS,SPRITE_ORIGINAL:PASS,UNSAFE_SPRITE_FAIL_CLOSED:PASS,STATIC_CSS:PASS,EXTERNAL_CSS:PASS,STYLE_ATTRIBUTE:PASS,DATA_IMAGE:PASS,FAVICON:PASS,PROTECTED_HEAD_RETENTION:PASS,NETWORK_SVG:PASS,UNSAFE_NETWORK_FAIL_CLOSED:PASS,DYNAMIC_CSS:PASS,RASTER_FAIL_CLOSED:PASS,UNSAFE_INLINE_FAIL_CLOSED:PASS}
09-08 01:31:34.067  3095  3095 I ChromePhotosDataPlane: phase=status statusSequence=15 lifecycle=PresentationReady active=true ready=true connections=484 requests=1233 safe=300 blocked=64 unknown=121 passthrough=647 cacheHits=14 cacheMisses=384 failures=9 clientDisconnects=15 bytesIn=32552896 bytesOut=34516426 streamed=507 proxyQueueRejects=0 proxyActivePeak=64 proxyP50Ms=171.557 proxyP95Ms=1189.773 proxyP99Ms=1422.549 upstreamSockets=360 protectSuccess=360 protectFailure=0 web11a=not_run web11b=not_run modelLoadMs=409.920 engineCalls=359 dedupeHits=2 decisionCacheConfig=64 decisionConcurrencyConfig=1 decisionQueueConfig=2 decisionTimeoutMs=5000 engineCallsPerRequest=0.9573333333333334 inferencePeak=1 inFlightPeak=2 queuePeak=1 queueRejects=0 timeouts=0 inferenceP50Ms=139.664739 inferenceP95Ms=593.728125 inferenceP99Ms=732.626042 decisionP50Ms=283.129688 decisionP95Ms=1129.662603 decisionP99Ms=1372.257447 cacheHitP50Ms=0.043334 cacheHitP95Ms=0.063073 cacheEntries=64 cacheEvictions=295 preprocessP50Ms=4.97625 preprocessP95Ms=20.83776 preprocessP99Ms=73.307969 preparedCount1=311 preparedCount4=45 preparedCount5=3 preparedCountOther=0 decisionBasis=FullStrong:28,FullThreshold:39,None:290,UncertainRegional:2 imageCandidates=493 imagePrefixPeeks=58 imageMagicCandidates=0 imageBodyAdmissionPeak=2 imageBodyAdmissionRejects=0 networkVisualCandidates=478 networkVisualReplaced=0 networkVisualRawDelivered=0 networkVisualSafeRawDelivered=300 networkVisualBlockedReplaced=64 networkVisualUnknownReplaced=0 networkVisualUnsupportedReplaced=103 networkVisualRawBlockedDelivered=0 networkVisualRawUnknownDelivered=0 networkVisualCacheHit=14 networkVisualInference=348 mediaDocumentsTransformed=28 mediaDocumentsFailClosed=6 documentTransformOutstanding=0 readyTokensOutstanding=28 uiSvgRegistered=14 uiSvgRegistryBytes=7010 uiSvgCssRewritten=1 uiSvgCssRejected=0 uiSvgNetworkAccepted=34 uiSvgNetworkRejected=18 uiSvgAssetServed=6 uiSvgAssetRejected=0 h18=REPORT=not_run,EVENT_SEQUENCE=0,COMPAT_DOCS=0,STRICT_DOCS=0,STYLE_REQ=0,SCRIPT_REQ=0,DATA_REQ=0,NETWORK_REQ=0,REPORTS=0,LAST_DOC=none,NETWORK_SHA=ee17e3f62edde61823ce35732ea168f4f5986bff347ccfac063eca7f4009ee1b,AUDIT_SHA=74d4467bbf6833db4eeab998495b7dfc50db3b1f04f407704b839ad3f4b25582 h19=REPORT=not_run,DOCUMENTS=0,FRAMES=0,SCRIPTS=0,FIRST_ORIGINAL_SCRIPTS=0,STYLES=0,WORKERS=0,SERVICE_WORKERS=0,FRAME_REPORTS=0,FRAME_REPORT_REJECTS=0,FRAME_REPORT=not_run,FRAME_REPORT_SHA=not_run,FRAME_CHALLENGE_SHA=not_run,FRAME_GENERATION=0,FRAME_ACCEPTED_CHALLENGE_SHA=not_run,FRAME_REPORT_BINDING_SHA=not_run,SAME_URL_BODIES=0,REPORTS=0,SW_BOUNDARY={INSTALL_DOCS=0,WORKER_SCRIPTS=0,WORKER_PROBE_SCRIPTS=0,PROBE_DOCS=0,CLEANUP_DOCS=0,REPORTS_ACCEPTED=0,REPORTS_REJECTED=0,CONTROLLER_PRESENT=0,CONTROLLER_MISSING=0,NAV_FETCHES=0,SELF_READY_FETCHES=0,SELF_READY_PASS_THROUGH=0,SELF_READY_SYNTHETIC=0,NAV_SYNTHETIC=0,RESET_BASELINE_CLEAN=0,RESET_BASELINE_DIRTY=0,REGISTER_BLOCKED=0,REGISTER_SUCCEEDED=0,WORKER_REGISTER_BLOCKED=0,WORKER_REGISTER_SUCCEEDED=0,WORKER_REGISTER_UNSUPPORTED=0,WORKER_REGISTER_ERROR=0,LAST_CASE=none,LAST_EVENT=none,LAST_VALUE=none},UI_SVG={INLINE_ORIGINAL:PASS,INLINE_CLICK:PASS,SPRITE_ORIGINAL:PASS,UNSAFE_SPRITE_FAIL_CLOSED:PASS,STATIC_CSS:PASS,EXTERNAL_CSS:PASS,STYLE_ATTRIBUTE:PASS,DATA_IMAGE:PASS,FAVICON:PASS,PROTECTED_HEAD_RETENTION:PASS,NETWORK_SVG:PASS,UNSAFE_NETWORK_FAIL_CLOSED:PASS,DYNAMIC_CSS:PASS,RASTER_FAIL_CLOSED:PASS,UNSAFE_INLINE_FAIL_CLOSED:PASS} quicAttempts=0 directTcpAttempts=0 bootstrapResetGeneration=2 bootstrapCompleteGeneration=2 bootstrapResetCount=3 chromeSuspended=false guardSession=528 guardHeartbeatSequence=1644 audit17State=0 audit17Navigation=0 audit17Events=502 audit17Dropped=0
09-08 01:31:34.067  3095  3095 I ChromeMediaShieldStatus: v=1 seq=15 kind=network mode=selective candidates=478 replaced=0 rawDelivered=0 safeRaw=300 blockedReplaced=64 unknownReplaced=0 unsupportedReplaced=103 rawBlocked=0 rawUnknown=0 cacheHit=14 decisionEngine=348 engineCalls=359
09-08 01:31:34.067  3095  3095 I ChromeMediaShieldStatus: v=1 seq=15 kind=document transformed=28 failClosed=6 outstanding=0 issued=28 claims=13 documentSequence=28 navigationSequence=14 readyRequests=40 readyPreflights=0 readyAccepted=13 readyRejected=0 parserBarrierRequests=0 parserBarrierReady=0 parserBarrierFailClosed=0 selfShield=true selfReadyRequests=13 selfReadyAccepted=13 selfReadyRejected=0 selfReadyRejectReason=none selfShieldReleaseCompleted=13 selfShieldParserContinued=13 selfShieldOriginalScriptStarted=0 selfShieldTraceRejected=0 selfShieldTraceOutstanding=2 bootstrapDiagnosticAccepted=0 bootstrapDiagnosticRejected=0 bootstrapDiagnosticRejectReason=none bootstrapDiagnosticStage=none bootstrapDiagnosticReason=none bootstrapDiagnosticOutstanding=0
09-08 01:31:34.067  3095  3095 I ChromeMediaShieldStatus: v=1 seq=15 kind=renderer reports=1 rejected=0 globalCallbacks=206 globalRecords=1679 childRecords=1533 attributeRecords=146 maxRecords=408 scanCalls=3912 scanRoot=2 scanNodes=6029 maxScanNodes=108 scanMicros=198561 maxScanMicros=37099 observerChildScans=1292 observerAttributeScans=0 guardedScans=2109 markupScans=460 shadowScans=49 initialScans=2 otherScans=0 sanitizeElement=13053 sanitizeContainer=5081 img=813 source=0 svg=417 iframe=34 canvas=4 video=0 safeIcon=417 lockIcon=51 geometryWrites=0 svgRecords=0 shadowRoots=3 shadowObservers=3 shadowCallbacks=6 shadowRecords=57 shadowScanCalls=49 ensureStyle=207 ensureCurtain=209 internalMutations=0
09-08 01:31:34.067  3095  3095 I ChromeMediaShieldStatus: v=1 seq=15 kind=rendererApis callScan=createElement=1903/0 createElementNS=54/0 appendChild=2026/2026 insertBefore=81/81 replaceChild=0/0 append=0/0 prepend=2/2 replaceChildren=0/0 before=0/0 after=0/0 replaceWith=0/0 adjacentElement=0/0 moveBefore=0/0 rangeInsert=0/0 rangeSurround=0/0 adoptNode=0/0 cloneNode=0/0 importNode=0/0 safeMarkup=230/230 innerHTML=230/230 outerHTML=0/0 insertAdjacentHTML=0/0 setHTML=0/0 shadowInnerHTML=0/0 execCommandInsertHTML=0/0 mappedTextContent=0/0
09-08 01:31:34.067  3095  3095 I ChromeMediaShieldStatus: v=1 seq=15 kind=rendererFamilies roots=element/fragment/text/other factory:calls=1957,scans=0,direct=1957,roots=1957/0/0/0,nodes=0,micros=22203,maxMicros=500 domGuard:calls=2109,scans=2109,direct=2085,roots=3934/0/249/11,nodes=3273,micros=88837,maxMicros=9199 markup:calls=460,scans=460,direct=0,roots=230/230/0/0,nodes=231,micros=5780,maxMicros=100
09-08 01:31:34.067  3095  3095 I ChromeMediaShieldStatus: v=1 seq=15 kind=uiSvg registered=14 registryBytes=7010 cssRewritten=1 cssRejected=0 networkAccepted=34 networkRejected=18 assetServed=6 assetRejected=0
09-08 01:31:34.067  3095  3095 I ChromeMediaShieldStatus: v=1 seq=15 kind=health failures=9 clientDisconnects=15 proxyQueueRejects=0 protectFailure=0 quicAttempts=0 directTcpAttempts=0 active=true ready=true
09-08 01:31:34.067  3095  3095 I ChromeMediaShieldStatus: v=1 seq=15 kind=fixture report=REPORT=not_run,DOCUMENTS=0,FRAMES=0,SCRIPTS=0,FIRST_ORIGINAL_SCRIPTS=0,STYLES=0,WORKERS=0,SERVICE_WORKERS=0,FRAME_REPORTS=0,FRAME_REPORT_REJECTS=0,FRAME_REPORT=not_run,FRAME_REPORT_SHA=not_run,FRAME_CHALLENGE_SHA=not_run,FRAME_GENERATION=0,FRAME_ACCEPTED_CHALLENGE_SHA=not_run,FRAME_REPORT_BINDING_SHA=not_run,SAME_URL_BODIES=0,REPORTS=0,SW_BOUNDARY={INSTALL_DOCS=0,WORKER_SCRIPTS=0,WORKER_PROBE_SCRIPTS=0,PROBE_DOCS=0,CLEANUP_DOCS=0,REPORTS_ACCEPTED=0,REPORTS_REJECTED=0,CONTROLLER_PRESENT=0,CONTROLLER_MISSING=0,NAV_FETCHES=0,SELF_READY_FETCHES=0,SELF_READY_PASS_THROUGH=0,SELF_READY_SYNTHETIC=0,NAV_SYNTHETIC=0,RESET_BASELINE_CLEAN=0,RESET_BASELINE_DIRTY=0,REGISTER_BLOCKED=0,REGISTER_SUCCEEDED=0,WORKER_REGISTER_BLOCKED=0,WORKER_REGISTER_SUCCEEDED=0,WORKER_REGISTER_UNSUPPORTED=0,WORKER_REGISTER_ERROR=0,LAST_CASE=none,LAST_EVENT=none,LAST_VALUE=none},UI_SVG={INLINE_ORIGINAL:PASS,INLINE_CLICK:PASS,SPRITE_ORIGINAL:PASS,UNSAFE_SPRITE_FAIL_CLOSED:PASS,STATIC_CSS:PASS,EXTERNAL_CSS:PASS,STYLE_ATTRIBUTE:PASS,DATA_IMAGE:PASS,FAVICON:PASS,PROTECTED_HEAD_RETENTION:PASS,NETWORK_SVG:PASS,UNSAFE_NETWORK_FAIL_CLOSED:PASS,DYNAMIC_CSS:PASS,RASTER_FAIL_CLOSED:PASS,UNSAFE_INLINE_FAIL_CLOSED:PASS}
09-08 01:32:34.226  3095  3095 I ChromePhotosDataPlane: phase=status statusSequence=16 lifecycle=PresentationReady active=true ready=true connections=484 requests=1233 safe=300 blocked=64 unknown=121 passthrough=647 cacheHits=14 cacheMisses=384 failures=9 clientDisconnects=15 bytesIn=32552896 bytesOut=34516426 streamed=507 proxyQueueRejects=0 proxyActivePeak=64 proxyP50Ms=171.557 proxyP95Ms=1189.773 proxyP99Ms=1422.549 upstreamSockets=360 protectSuccess=360 protectFailure=0 web11a=not_run web11b=not_run modelLoadMs=409.920 engineCalls=359 dedupeHits=2 decisionCacheConfig=64 decisionConcurrencyConfig=1 decisionQueueConfig=2 decisionTimeoutMs=5000 engineCallsPerRequest=0.9573333333333334 inferencePeak=1 inFlightPeak=2 queuePeak=1 queueRejects=0 timeouts=0 inferenceP50Ms=139.664739 inferenceP95Ms=593.728125 inferenceP99Ms=732.626042 decisionP50Ms=283.129688 decisionP95Ms=1129.662603 decisionP99Ms=1372.257447 cacheHitP50Ms=0.043334 cacheHitP95Ms=0.063073 cacheEntries=64 cacheEvictions=295 preprocessP50Ms=4.97625 preprocessP95Ms=20.83776 preprocessP99Ms=73.307969 preparedCount1=311 preparedCount4=45 preparedCount5=3 preparedCountOther=0 decisionBasis=FullStrong:28,FullThreshold:39,None:290,UncertainRegional:2 imageCandidates=493 imagePrefixPeeks=58 imageMagicCandidates=0 imageBodyAdmissionPeak=2 imageBodyAdmissionRejects=0 networkVisualCandidates=478 networkVisualReplaced=0 networkVisualRawDelivered=0 networkVisualSafeRawDelivered=300 networkVisualBlockedReplaced=64 networkVisualUnknownReplaced=0 networkVisualUnsupportedReplaced=103 networkVisualRawBlockedDelivered=0 networkVisualRawUnknownDelivered=0 networkVisualCacheHit=14 networkVisualInference=348 mediaDocumentsTransformed=28 mediaDocumentsFailClosed=6 documentTransformOutstanding=0 readyTokensOutstanding=28 uiSvgRegistered=14 uiSvgRegistryBytes=7010 uiSvgCssRewritten=1 uiSvgCssRejected=0 uiSvgNetworkAccepted=34 uiSvgNetworkRejected=18 uiSvgAssetServed=6 uiSvgAssetRejected=0 h18=REPORT=not_run,EVENT_SEQUENCE=0,COMPAT_DOCS=0,STRICT_DOCS=0,STYLE_REQ=0,SCRIPT_REQ=0,DATA_REQ=0,NETWORK_REQ=0,REPORTS=0,LAST_DOC=none,NETWORK_SHA=ee17e3f62edde61823ce35732ea168f4f5986bff347ccfac063eca7f4009ee1b,AUDIT_SHA=74d4467bbf6833db4eeab998495b7dfc50db3b1f04f407704b839ad3f4b25582 h19=REPORT=not_run,DOCUMENTS=0,FRAMES=0,SCRIPTS=0,FIRST_ORIGINAL_SCRIPTS=0,STYLES=0,WORKERS=0,SERVICE_WORKERS=0,FRAME_REPORTS=0,FRAME_REPORT_REJECTS=0,FRAME_REPORT=not_run,FRAME_REPORT_SHA=not_run,FRAME_CHALLENGE_SHA=not_run,FRAME_GENERATION=0,FRAME_ACCEPTED_CHALLENGE_SHA=not_run,FRAME_REPORT_BINDING_SHA=not_run,SAME_URL_BODIES=0,REPORTS=0,SW_BOUNDARY={INSTALL_DOCS=0,WORKER_SCRIPTS=0,WORKER_PROBE_SCRIPTS=0,PROBE_DOCS=0,CLEANUP_DOCS=0,REPORTS_ACCEPTED=0,REPORTS_REJECTED=0,CONTROLLER_PRESENT=0,CONTROLLER_MISSING=0,NAV_FETCHES=0,SELF_READY_FETCHES=0,SELF_READY_PASS_THROUGH=0,SELF_READY_SYNTHETIC=0,NAV_SYNTHETIC=0,RESET_BASELINE_CLEAN=0,RESET_BASELINE_DIRTY=0,REGISTER_BLOCKED=0,REGISTER_SUCCEEDED=0,WORKER_REGISTER_BLOCKED=0,WORKER_REGISTER_SUCCEEDED=0,WORKER_REGISTER_UNSUPPORTED=0,WORKER_REGISTER_ERROR=0,LAST_CASE=none,LAST_EVENT=none,LAST_VALUE=none},UI_SVG={INLINE_ORIGINAL:PASS,INLINE_CLICK:PASS,SPRITE_ORIGINAL:PASS,UNSAFE_SPRITE_FAIL_CLOSED:PASS,STATIC_CSS:PASS,EXTERNAL_CSS:PASS,STYLE_ATTRIBUTE:PASS,DATA_IMAGE:PASS,FAVICON:PASS,PROTECTED_HEAD_RETENTION:PASS,NETWORK_SVG:PASS,UNSAFE_NETWORK_FAIL_CLOSED:PASS,DYNAMIC_CSS:PASS,RASTER_FAIL_CLOSED:PASS,UNSAFE_INLINE_FAIL_CLOSED:PASS} quicAttempts=0 directTcpAttempts=0 bootstrapResetGeneration=2 bootstrapCompleteGeneration=2 bootstrapResetCount=3 chromeSuspended=false guardSession=528 guardHeartbeatSequence=1752 audit17State=0 audit17Navigation=0 audit17Events=502 audit17Dropped=0
09-08 01:32:34.226  3095  3095 I ChromeMediaShieldStatus: v=1 seq=16 kind=network mode=selective candidates=478 replaced=0 rawDelivered=0 safeRaw=300 blockedReplaced=64 unknownReplaced=0 unsupportedReplaced=103 rawBlocked=0 rawUnknown=0 cacheHit=14 decisionEngine=348 engineCalls=359
09-08 01:32:34.226  3095  3095 I ChromeMediaShieldStatus: v=1 seq=16 kind=document transformed=28 failClosed=6 outstanding=0 issued=28 claims=13 documentSequence=28 navigationSequence=14 readyRequests=40 readyPreflights=0 readyAccepted=13 readyRejected=0 parserBarrierRequests=0 parserBarrierReady=0 parserBarrierFailClosed=0 selfShield=true selfReadyRequests=13 selfReadyAccepted=13 selfReadyRejected=0 selfReadyRejectReason=none selfShieldReleaseCompleted=13 selfShieldParserContinued=13 selfShieldOriginalScriptStarted=0 selfShieldTraceRejected=0 selfShieldTraceOutstanding=2 bootstrapDiagnosticAccepted=0 bootstrapDiagnosticRejected=0 bootstrapDiagnosticRejectReason=none bootstrapDiagnosticStage=none bootstrapDiagnosticReason=none bootstrapDiagnosticOutstanding=0
09-08 01:32:34.226  3095  3095 I ChromeMediaShieldStatus: v=1 seq=16 kind=renderer reports=1 rejected=0 globalCallbacks=206 globalRecords=1679 childRecords=1533 attributeRecords=146 maxRecords=408 scanCalls=3912 scanRoot=2 scanNodes=6029 maxScanNodes=108 scanMicros=198561 maxScanMicros=37099 observerChildScans=1292 observerAttributeScans=0 guardedScans=2109 markupScans=460 shadowScans=49 initialScans=2 otherScans=0 sanitizeElement=13053 sanitizeContainer=5081 img=813 source=0 svg=417 iframe=34 canvas=4 video=0 safeIcon=417 lockIcon=51 geometryWrites=0 svgRecords=0 shadowRoots=3 shadowObservers=3 shadowCallbacks=6 shadowRecords=57 shadowScanCalls=49 ensureStyle=207 ensureCurtain=209 internalMutations=0
09-08 01:32:34.226  3095  3095 I ChromeMediaShieldStatus: v=1 seq=16 kind=rendererApis callScan=createElement=1903/0 createElementNS=54/0 appendChild=2026/2026 insertBefore=81/81 replaceChild=0/0 append=0/0 prepend=2/2 replaceChildren=0/0 before=0/0 after=0/0 replaceWith=0/0 adjacentElement=0/0 moveBefore=0/0 rangeInsert=0/0 rangeSurround=0/0 adoptNode=0/0 cloneNode=0/0 importNode=0/0 safeMarkup=230/230 innerHTML=230/230 outerHTML=0/0 insertAdjacentHTML=0/0 setHTML=0/0 shadowInnerHTML=0/0 execCommandInsertHTML=0/0 mappedTextContent=0/0
09-08 01:32:34.226  3095  3095 I ChromeMediaShieldStatus: v=1 seq=16 kind=rendererFamilies roots=element/fragment/text/other factory:calls=1957,scans=0,direct=1957,roots=1957/0/0/0,nodes=0,micros=22203,maxMicros=500 domGuard:calls=2109,scans=2109,direct=2085,roots=3934/0/249/11,nodes=3273,micros=88837,maxMicros=9199 markup:calls=460,scans=460,direct=0,roots=230/230/0/0,nodes=231,micros=5780,maxMicros=100
09-08 01:32:34.226  3095  3095 I ChromeMediaShieldStatus: v=1 seq=16 kind=uiSvg registered=14 registryBytes=7010 cssRewritten=1 cssRejected=0 networkAccepted=34 networkRejected=18 assetServed=6 assetRejected=0
09-08 01:32:34.226  3095  3095 I ChromeMediaShieldStatus: v=1 seq=16 kind=health failures=9 clientDisconnects=15 proxyQueueRejects=0 protectFailure=0 quicAttempts=0 directTcpAttempts=0 active=true ready=true
09-08 01:32:34.227  3095  3095 I ChromeMediaShieldStatus: v=1 seq=16 kind=fixture report=REPORT=not_run,DOCUMENTS=0,FRAMES=0,SCRIPTS=0,FIRST_ORIGINAL_SCRIPTS=0,STYLES=0,WORKERS=0,SERVICE_WORKERS=0,FRAME_REPORTS=0,FRAME_REPORT_REJECTS=0,FRAME_REPORT=not_run,FRAME_REPORT_SHA=not_run,FRAME_CHALLENGE_SHA=not_run,FRAME_GENERATION=0,FRAME_ACCEPTED_CHALLENGE_SHA=not_run,FRAME_REPORT_BINDING_SHA=not_run,SAME_URL_BODIES=0,REPORTS=0,SW_BOUNDARY={INSTALL_DOCS=0,WORKER_SCRIPTS=0,WORKER_PROBE_SCRIPTS=0,PROBE_DOCS=0,CLEANUP_DOCS=0,REPORTS_ACCEPTED=0,REPORTS_REJECTED=0,CONTROLLER_PRESENT=0,CONTROLLER_MISSING=0,NAV_FETCHES=0,SELF_READY_FETCHES=0,SELF_READY_PASS_THROUGH=0,SELF_READY_SYNTHETIC=0,NAV_SYNTHETIC=0,RESET_BASELINE_CLEAN=0,RESET_BASELINE_DIRTY=0,REGISTER_BLOCKED=0,REGISTER_SUCCEEDED=0,WORKER_REGISTER_BLOCKED=0,WORKER_REGISTER_SUCCEEDED=0,WORKER_REGISTER_UNSUPPORTED=0,WORKER_REGISTER_ERROR=0,LAST_CASE=none,LAST_EVENT=none,LAST_VALUE=none},UI_SVG={INLINE_ORIGINAL:PASS,INLINE_CLICK:PASS,SPRITE_ORIGINAL:PASS,UNSAFE_SPRITE_FAIL_CLOSED:PASS,STATIC_CSS:PASS,EXTERNAL_CSS:PASS,STYLE_ATTRIBUTE:PASS,DATA_IMAGE:PASS,FAVICON:PASS,PROTECTED_HEAD_RETENTION:PASS,NETWORK_SVG:PASS,UNSAFE_NETWORK_FAIL_CLOSED:PASS,DYNAMIC_CSS:PASS,RASTER_FAIL_CLOSED:PASS,UNSAFE_INLINE_FAIL_CLOSED:PASS}
09-08 01:33:33.941  3095  3095 I ChromePhotosDataPlane: phase=status statusSequence=17 lifecycle=PresentationReady active=true ready=true connections=484 requests=1233 safe=300 blocked=64 unknown=121 passthrough=647 cacheHits=14 cacheMisses=384 failures=9 clientDisconnects=15 bytesIn=32552896 bytesOut=34516426 streamed=507 proxyQueueRejects=0 proxyActivePeak=64 proxyP50Ms=171.557 proxyP95Ms=1189.773 proxyP99Ms=1422.549 upstreamSockets=360 protectSuccess=360 protectFailure=0 web11a=not_run web11b=not_run modelLoadMs=409.920 engineCalls=359 dedupeHits=2 decisionCacheConfig=64 decisionConcurrencyConfig=1 decisionQueueConfig=2 decisionTimeoutMs=5000 engineCallsPerRequest=0.9573333333333334 inferencePeak=1 inFlightPeak=2 queuePeak=1 queueRejects=0 timeouts=0 inferenceP50Ms=139.664739 inferenceP95Ms=593.728125 inferenceP99Ms=732.626042 decisionP50Ms=283.129688 decisionP95Ms=1129.662603 decisionP99Ms=1372.257447 cacheHitP50Ms=0.043334 cacheHitP95Ms=0.063073 cacheEntries=64 cacheEvictions=295 preprocessP50Ms=4.97625 preprocessP95Ms=20.83776 preprocessP99Ms=73.307969 preparedCount1=311 preparedCount4=45 preparedCount5=3 preparedCountOther=0 decisionBasis=FullStrong:28,FullThreshold:39,None:290,UncertainRegional:2 imageCandidates=493 imagePrefixPeeks=58 imageMagicCandidates=0 imageBodyAdmissionPeak=2 imageBodyAdmissionRejects=0 networkVisualCandidates=478 networkVisualReplaced=0 networkVisualRawDelivered=0 networkVisualSafeRawDelivered=300 networkVisualBlockedReplaced=64 networkVisualUnknownReplaced=0 networkVisualUnsupportedReplaced=103 networkVisualRawBlockedDelivered=0 networkVisualRawUnknownDelivered=0 networkVisualCacheHit=14 networkVisualInference=348 mediaDocumentsTransformed=28 mediaDocumentsFailClosed=6 documentTransformOutstanding=0 readyTokensOutstanding=28 uiSvgRegistered=14 uiSvgRegistryBytes=7010 uiSvgCssRewritten=1 uiSvgCssRejected=0 uiSvgNetworkAccepted=34 uiSvgNetworkRejected=18 uiSvgAssetServed=6 uiSvgAssetRejected=0 h18=REPORT=not_run,EVENT_SEQUENCE=0,COMPAT_DOCS=0,STRICT_DOCS=0,STYLE_REQ=0,SCRIPT_REQ=0,DATA_REQ=0,NETWORK_REQ=0,REPORTS=0,LAST_DOC=none,NETWORK_SHA=ee17e3f62edde61823ce35732ea168f4f5986bff347ccfac063eca7f4009ee1b,AUDIT_SHA=74d4467bbf6833db4eeab998495b7dfc50db3b1f04f407704b839ad3f4b25582 h19=REPORT=not_run,DOCUMENTS=0,FRAMES=0,SCRIPTS=0,FIRST_ORIGINAL_SCRIPTS=0,STYLES=0,WORKERS=0,SERVICE_WORKERS=0,FRAME_REPORTS=0,FRAME_REPORT_REJECTS=0,FRAME_REPORT=not_run,FRAME_REPORT_SHA=not_run,FRAME_CHALLENGE_SHA=not_run,FRAME_GENERATION=0,FRAME_ACCEPTED_CHALLENGE_SHA=not_run,FRAME_REPORT_BINDING_SHA=not_run,SAME_URL_BODIES=0,REPORTS=0,SW_BOUNDARY={INSTALL_DOCS=0,WORKER_SCRIPTS=0,WORKER_PROBE_SCRIPTS=0,PROBE_DOCS=0,CLEANUP_DOCS=0,REPORTS_ACCEPTED=0,REPORTS_REJECTED=0,CONTROLLER_PRESENT=0,CONTROLLER_MISSING=0,NAV_FETCHES=0,SELF_READY_FETCHES=0,SELF_READY_PASS_THROUGH=0,SELF_READY_SYNTHETIC=0,NAV_SYNTHETIC=0,RESET_BASELINE_CLEAN=0,RESET_BASELINE_DIRTY=0,REGISTER_BLOCKED=0,REGISTER_SUCCEEDED=0,WORKER_REGISTER_BLOCKED=0,WORKER_REGISTER_SUCCEEDED=0,WORKER_REGISTER_UNSUPPORTED=0,WORKER_REGISTER_ERROR=0,LAST_CASE=none,LAST_EVENT=none,LAST_VALUE=none},UI_SVG={INLINE_ORIGINAL:PASS,INLINE_CLICK:PASS,SPRITE_ORIGINAL:PASS,UNSAFE_SPRITE_FAIL_CLOSED:PASS,STATIC_CSS:PASS,EXTERNAL_CSS:PASS,STYLE_ATTRIBUTE:PASS,DATA_IMAGE:PASS,FAVICON:PASS,PROTECTED_HEAD_RETENTION:PASS,NETWORK_SVG:PASS,UNSAFE_NETWORK_FAIL_CLOSED:PASS,DYNAMIC_CSS:PASS,RASTER_FAIL_CLOSED:PASS,UNSAFE_INLINE_FAIL_CLOSED:PASS} quicAttempts=0 directTcpAttempts=0 bootstrapResetGeneration=2 bootstrapCompleteGeneration=2 bootstrapResetCount=3 chromeSuspended=false guardSession=528 guardHeartbeatSequence=1859 audit17State=0 audit17Navigation=0 audit17Events=502 audit17Dropped=0
09-08 01:33:33.941  3095  3095 I ChromeMediaShieldStatus: v=1 seq=17 kind=network mode=selective candidates=478 replaced=0 rawDelivered=0 safeRaw=300 blockedReplaced=64 unknownReplaced=0 unsupportedReplaced=103 rawBlocked=0 rawUnknown=0 cacheHit=14 decisionEngine=348 engineCalls=359
09-08 01:33:33.941  3095  3095 I ChromeMediaShieldStatus: v=1 seq=17 kind=document transformed=28 failClosed=6 outstanding=0 issued=28 claims=13 documentSequence=28 navigationSequence=14 readyRequests=40 readyPreflights=0 readyAccepted=13 readyRejected=0 parserBarrierRequests=0 parserBarrierReady=0 parserBarrierFailClosed=0 selfShield=true selfReadyRequests=13 selfReadyAccepted=13 selfReadyRejected=0 selfReadyRejectReason=none selfShieldReleaseCompleted=13 selfShieldParserContinued=13 selfShieldOriginalScriptStarted=0 selfShieldTraceRejected=0 selfShieldTraceOutstanding=2 bootstrapDiagnosticAccepted=0 bootstrapDiagnosticRejected=0 bootstrapDiagnosticRejectReason=none bootstrapDiagnosticStage=none bootstrapDiagnosticReason=none bootstrapDiagnosticOutstanding=0
09-08 01:33:33.941  3095  3095 I ChromeMediaShieldStatus: v=1 seq=17 kind=renderer reports=1 rejected=0 globalCallbacks=206 globalRecords=1679 childRecords=1533 attributeRecords=146 maxRecords=408 scanCalls=3912 scanRoot=2 scanNodes=6029 maxScanNodes=108 scanMicros=198561 maxScanMicros=37099 observerChildScans=1292 observerAttributeScans=0 guardedScans=2109 markupScans=460 shadowScans=49 initialScans=2 otherScans=0 sanitizeElement=13053 sanitizeContainer=5081 img=813 source=0 svg=417 iframe=34 canvas=4 video=0 safeIcon=417 lockIcon=51 geometryWrites=0 svgRecords=0 shadowRoots=3 shadowObservers=3 shadowCallbacks=6 shadowRecords=57 shadowScanCalls=49 ensureStyle=207 ensureCurtain=209 internalMutations=0
09-08 01:33:33.942  3095  3095 I ChromeMediaShieldStatus: v=1 seq=17 kind=rendererApis callScan=createElement=1903/0 createElementNS=54/0 appendChild=2026/2026 insertBefore=81/81 replaceChild=0/0 append=0/0 prepend=2/2 replaceChildren=0/0 before=0/0 after=0/0 replaceWith=0/0 adjacentElement=0/0 moveBefore=0/0 rangeInsert=0/0 rangeSurround=0/0 adoptNode=0/0 cloneNode=0/0 importNode=0/0 safeMarkup=230/230 innerHTML=230/230 outerHTML=0/0 insertAdjacentHTML=0/0 setHTML=0/0 shadowInnerHTML=0/0 execCommandInsertHTML=0/0 mappedTextContent=0/0
09-08 01:33:33.942  3095  3095 I ChromeMediaShieldStatus: v=1 seq=17 kind=rendererFamilies roots=element/fragment/text/other factory:calls=1957,scans=0,direct=1957,roots=1957/0/0/0,nodes=0,micros=22203,maxMicros=500 domGuard:calls=2109,scans=2109,direct=2085,roots=3934/0/249/11,nodes=3273,micros=88837,maxMicros=9199 markup:calls=460,scans=460,direct=0,roots=230/230/0/0,nodes=231,micros=5780,maxMicros=100
09-08 01:33:33.943  3095  3095 I ChromeMediaShieldStatus: v=1 seq=17 kind=uiSvg registered=14 registryBytes=7010 cssRewritten=1 cssRejected=0 networkAccepted=34 networkRejected=18 assetServed=6 assetRejected=0
09-08 01:33:33.943  3095  3095 I ChromeMediaShieldStatus: v=1 seq=17 kind=health failures=9 clientDisconnects=15 proxyQueueRejects=0 protectFailure=0 quicAttempts=0 directTcpAttempts=0 active=true ready=true
09-08 01:33:33.943  3095  3095 I ChromeMediaShieldStatus: v=1 seq=17 kind=fixture report=REPORT=not_run,DOCUMENTS=0,FRAMES=0,SCRIPTS=0,FIRST_ORIGINAL_SCRIPTS=0,STYLES=0,WORKERS=0,SERVICE_WORKERS=0,FRAME_REPORTS=0,FRAME_REPORT_REJECTS=0,FRAME_REPORT=not_run,FRAME_REPORT_SHA=not_run,FRAME_CHALLENGE_SHA=not_run,FRAME_GENERATION=0,FRAME_ACCEPTED_CHALLENGE_SHA=not_run,FRAME_REPORT_BINDING_SHA=not_run,SAME_URL_BODIES=0,REPORTS=0,SW_BOUNDARY={INSTALL_DOCS=0,WORKER_SCRIPTS=0,WORKER_PROBE_SCRIPTS=0,PROBE_DOCS=0,CLEANUP_DOCS=0,REPORTS_ACCEPTED=0,REPORTS_REJECTED=0,CONTROLLER_PRESENT=0,CONTROLLER_MISSING=0,NAV_FETCHES=0,SELF_READY_FETCHES=0,SELF_READY_PASS_THROUGH=0,SELF_READY_SYNTHETIC=0,NAV_SYNTHETIC=0,RESET_BASELINE_CLEAN=0,RESET_BASELINE_DIRTY=0,REGISTER_BLOCKED=0,REGISTER_SUCCEEDED=0,WORKER_REGISTER_BLOCKED=0,WORKER_REGISTER_SUCCEEDED=0,WORKER_REGISTER_UNSUPPORTED=0,WORKER_REGISTER_ERROR=0,LAST_CASE=none,LAST_EVENT=none,LAST_VALUE=none},UI_SVG={INLINE_ORIGINAL:PASS,INLINE_CLICK:PASS,SPRITE_ORIGINAL:PASS,UNSAFE_SPRITE_FAIL_CLOSED:PASS,STATIC_CSS:PASS,EXTERNAL_CSS:PASS,STYLE_ATTRIBUTE:PASS,DATA_IMAGE:PASS,FAVICON:PASS,PROTECTED_HEAD_RETENTION:PASS,NETWORK_SVG:PASS,UNSAFE_NETWORK_FAIL_CLOSED:PASS,DYNAMIC_CSS:PASS,RASTER_FAIL_CLOSED:PASS,UNSAFE_INLINE_FAIL_CLOSED:PASS}
09-08 01:34:33.990  3095  3095 I ChromePhotosDataPlane: phase=status statusSequence=18 lifecycle=PresentationReady active=true ready=true connections=484 requests=1233 safe=300 blocked=64 unknown=121 passthrough=647 cacheHits=14 cacheMisses=384 failures=9 clientDisconnects=15 bytesIn=32552896 bytesOut=34516426 streamed=507 proxyQueueRejects=0 proxyActivePeak=64 proxyP50Ms=171.557 proxyP95Ms=1189.773 proxyP99Ms=1422.549 upstreamSockets=360 protectSuccess=360 protectFailure=0 web11a=not_run web11b=not_run modelLoadMs=409.920 engineCalls=359 dedupeHits=2 decisionCacheConfig=64 decisionConcurrencyConfig=1 decisionQueueConfig=2 decisionTimeoutMs=5000 engineCallsPerRequest=0.9573333333333334 inferencePeak=1 inFlightPeak=2 queuePeak=1 queueRejects=0 timeouts=0 inferenceP50Ms=139.664739 inferenceP95Ms=593.728125 inferenceP99Ms=732.626042 decisionP50Ms=283.129688 decisionP95Ms=1129.662603 decisionP99Ms=1372.257447 cacheHitP50Ms=0.043334 cacheHitP95Ms=0.063073 cacheEntries=64 cacheEvictions=295 preprocessP50Ms=4.97625 preprocessP95Ms=20.83776 preprocessP99Ms=73.307969 preparedCount1=311 preparedCount4=45 preparedCount5=3 preparedCountOther=0 decisionBasis=FullStrong:28,FullThreshold:39,None:290,UncertainRegional:2 imageCandidates=493 imagePrefixPeeks=58 imageMagicCandidates=0 imageBodyAdmissionPeak=2 imageBodyAdmissionRejects=0 networkVisualCandidates=478 networkVisualReplaced=0 networkVisualRawDelivered=0 networkVisualSafeRawDelivered=300 networkVisualBlockedReplaced=64 networkVisualUnknownReplaced=0 networkVisualUnsupportedReplaced=103 networkVisualRawBlockedDelivered=0 networkVisualRawUnknownDelivered=0 networkVisualCacheHit=14 networkVisualInference=348 mediaDocumentsTransformed=28 mediaDocumentsFailClosed=6 documentTransformOutstanding=0 readyTokensOutstanding=28 uiSvgRegistered=14 uiSvgRegistryBytes=7010 uiSvgCssRewritten=1 uiSvgCssRejected=0 uiSvgNetworkAccepted=34 uiSvgNetworkRejected=18 uiSvgAssetServed=6 uiSvgAssetRejected=0 h18=REPORT=not_run,EVENT_SEQUENCE=0,COMPAT_DOCS=0,STRICT_DOCS=0,STYLE_REQ=0,SCRIPT_REQ=0,DATA_REQ=0,NETWORK_REQ=0,REPORTS=0,LAST_DOC=none,NETWORK_SHA=ee17e3f62edde61823ce35732ea168f4f5986bff347ccfac063eca7f4009ee1b,AUDIT_SHA=74d4467bbf6833db4eeab998495b7dfc50db3b1f04f407704b839ad3f4b25582 h19=REPORT=not_run,DOCUMENTS=0,FRAMES=0,SCRIPTS=0,FIRST_ORIGINAL_SCRIPTS=0,STYLES=0,WORKERS=0,SERVICE_WORKERS=0,FRAME_REPORTS=0,FRAME_REPORT_REJECTS=0,FRAME_REPORT=not_run,FRAME_REPORT_SHA=not_run,FRAME_CHALLENGE_SHA=not_run,FRAME_GENERATION=0,FRAME_ACCEPTED_CHALLENGE_SHA=not_run,FRAME_REPORT_BINDING_SHA=not_run,SAME_URL_BODIES=0,REPORTS=0,SW_BOUNDARY={INSTALL_DOCS=0,WORKER_SCRIPTS=0,WORKER_PROBE_SCRIPTS=0,PROBE_DOCS=0,CLEANUP_DOCS=0,REPORTS_ACCEPTED=0,REPORTS_REJECTED=0,CONTROLLER_PRESENT=0,CONTROLLER_MISSING=0,NAV_FETCHES=0,SELF_READY_FETCHES=0,SELF_READY_PASS_THROUGH=0,SELF_READY_SYNTHETIC=0,NAV_SYNTHETIC=0,RESET_BASELINE_CLEAN=0,RESET_BASELINE_DIRTY=0,REGISTER_BLOCKED=0,REGISTER_SUCCEEDED=0,WORKER_REGISTER_BLOCKED=0,WORKER_REGISTER_SUCCEEDED=0,WORKER_REGISTER_UNSUPPORTED=0,WORKER_REGISTER_ERROR=0,LAST_CASE=none,LAST_EVENT=none,LAST_VALUE=none},UI_SVG={INLINE_ORIGINAL:PASS,INLINE_CLICK:PASS,SPRITE_ORIGINAL:PASS,UNSAFE_SPRITE_FAIL_CLOSED:PASS,STATIC_CSS:PASS,EXTERNAL_CSS:PASS,STYLE_ATTRIBUTE:PASS,DATA_IMAGE:PASS,FAVICON:PASS,PROTECTED_HEAD_RETENTION:PASS,NETWORK_SVG:PASS,UNSAFE_NETWORK_FAIL_CLOSED:PASS,DYNAMIC_CSS:PASS,RASTER_FAIL_CLOSED:PASS,UNSAFE_INLINE_FAIL_CLOSED:PASS} quicAttempts=0 directTcpAttempts=0 bootstrapResetGeneration=2 bootstrapCompleteGeneration=2 bootstrapResetCount=3 chromeSuspended=false guardSession=528 guardHeartbeatSequence=1967 audit17State=0 audit17Navigation=0 audit17Events=502 audit17Dropped=0
09-08 01:34:33.990  3095  3095 I ChromeMediaShieldStatus: v=1 seq=18 kind=network mode=selective candidates=478 replaced=0 rawDelivered=0 safeRaw=300 blockedReplaced=64 unknownReplaced=0 unsupportedReplaced=103 rawBlocked=0 rawUnknown=0 cacheHit=14 decisionEngine=348 engineCalls=359
09-08 01:34:33.990  3095  3095 I ChromeMediaShieldStatus: v=1 seq=18 kind=document transformed=28 failClosed=6 outstanding=0 issued=28 claims=13 documentSequence=28 navigationSequence=14 readyRequests=40 readyPreflights=0 readyAccepted=13 readyRejected=0 parserBarrierRequests=0 parserBarrierReady=0 parserBarrierFailClosed=0 selfShield=true selfReadyRequests=13 selfReadyAccepted=13 selfReadyRejected=0 selfReadyRejectReason=none selfShieldReleaseCompleted=13 selfShieldParserContinued=13 selfShieldOriginalScriptStarted=0 selfShieldTraceRejected=0 selfShieldTraceOutstanding=2 bootstrapDiagnosticAccepted=0 bootstrapDiagnosticRejected=0 bootstrapDiagnosticRejectReason=none bootstrapDiagnosticStage=none bootstrapDiagnosticReason=none bootstrapDiagnosticOutstanding=0
09-08 01:34:33.991  3095  3095 I ChromeMediaShieldStatus: v=1 seq=18 kind=renderer reports=1 rejected=0 globalCallbacks=206 globalRecords=1679 childRecords=1533 attributeRecords=146 maxRecords=408 scanCalls=3912 scanRoot=2 scanNodes=6029 maxScanNodes=108 scanMicros=198561 maxScanMicros=37099 observerChildScans=1292 observerAttributeScans=0 guardedScans=2109 markupScans=460 shadowScans=49 initialScans=2 otherScans=0 sanitizeElement=13053 sanitizeContainer=5081 img=813 source=0 svg=417 iframe=34 canvas=4 video=0 safeIcon=417 lockIcon=51 geometryWrites=0 svgRecords=0 shadowRoots=3 shadowObservers=3 shadowCallbacks=6 shadowRecords=57 shadowScanCalls=49 ensureStyle=207 ensureCurtain=209 internalMutations=0
09-08 01:34:33.991  3095  3095 I ChromeMediaShieldStatus: v=1 seq=18 kind=rendererApis callScan=createElement=1903/0 createElementNS=54/0 appendChild=2026/2026 insertBefore=81/81 replaceChild=0/0 append=0/0 prepend=2/2 replaceChildren=0/0 before=0/0 after=0/0 replaceWith=0/0 adjacentElement=0/0 moveBefore=0/0 rangeInsert=0/0 rangeSurround=0/0 adoptNode=0/0 cloneNode=0/0 importNode=0/0 safeMarkup=230/230 innerHTML=230/230 outerHTML=0/0 insertAdjacentHTML=0/0 setHTML=0/0 shadowInnerHTML=0/0 execCommandInsertHTML=0/0 mappedTextContent=0/0
09-08 01:34:33.991  3095  3095 I ChromeMediaShieldStatus: v=1 seq=18 kind=rendererFamilies roots=element/fragment/text/other factory:calls=1957,scans=0,direct=1957,roots=1957/0/0/0,nodes=0,micros=22203,maxMicros=500 domGuard:calls=2109,scans=2109,direct=2085,roots=3934/0/249/11,nodes=3273,micros=88837,maxMicros=9199 markup:calls=460,scans=460,direct=0,roots=230/230/0/0,nodes=231,micros=5780,maxMicros=100
09-08 01:34:33.991  3095  3095 I ChromeMediaShieldStatus: v=1 seq=18 kind=uiSvg registered=14 registryBytes=7010 cssRewritten=1 cssRejected=0 networkAccepted=34 networkRejected=18 assetServed=6 assetRejected=0
09-08 01:34:33.991  3095  3095 I ChromeMediaShieldStatus: v=1 seq=18 kind=health failures=9 clientDisconnects=15 proxyQueueRejects=0 protectFailure=0 quicAttempts=0 directTcpAttempts=0 active=true ready=true
09-08 01:34:33.991  3095  3095 I ChromeMediaShieldStatus: v=1 seq=18 kind=fixture report=REPORT=not_run,DOCUMENTS=0,FRAMES=0,SCRIPTS=0,FIRST_ORIGINAL_SCRIPTS=0,STYLES=0,WORKERS=0,SERVICE_WORKERS=0,FRAME_REPORTS=0,FRAME_REPORT_REJECTS=0,FRAME_REPORT=not_run,FRAME_REPORT_SHA=not_run,FRAME_CHALLENGE_SHA=not_run,FRAME_GENERATION=0,FRAME_ACCEPTED_CHALLENGE_SHA=not_run,FRAME_REPORT_BINDING_SHA=not_run,SAME_URL_BODIES=0,REPORTS=0,SW_BOUNDARY={INSTALL_DOCS=0,WORKER_SCRIPTS=0,WORKER_PROBE_SCRIPTS=0,PROBE_DOCS=0,CLEANUP_DOCS=0,REPORTS_ACCEPTED=0,REPORTS_REJECTED=0,CONTROLLER_PRESENT=0,CONTROLLER_MISSING=0,NAV_FETCHES=0,SELF_READY_FETCHES=0,SELF_READY_PASS_THROUGH=0,SELF_READY_SYNTHETIC=0,NAV_SYNTHETIC=0,RESET_BASELINE_CLEAN=0,RESET_BASELINE_DIRTY=0,REGISTER_BLOCKED=0,REGISTER_SUCCEEDED=0,WORKER_REGISTER_BLOCKED=0,WORKER_REGISTER_SUCCEEDED=0,WORKER_REGISTER_UNSUPPORTED=0,WORKER_REGISTER_ERROR=0,LAST_CASE=none,LAST_EVENT=none,LAST_VALUE=none},UI_SVG={INLINE_ORIGINAL:PASS,INLINE_CLICK:PASS,SPRITE_ORIGINAL:PASS,UNSAFE_SPRITE_FAIL_CLOSED:PASS,STATIC_CSS:PASS,EXTERNAL_CSS:PASS,STYLE_ATTRIBUTE:PASS,DATA_IMAGE:PASS,FAVICON:PASS,PROTECTED_HEAD_RETENTION:PASS,NETWORK_SVG:PASS,UNSAFE_NETWORK_FAIL_CLOSED:PASS,DYNAMIC_CSS:PASS,RASTER_FAIL_CLOSED:PASS,UNSAFE_INLINE_FAIL_CLOSED:PASS}
09-08 01:35:10.828  3095  4661 I ChromePhotosDataPlane: phase=worker_ready correlationId=c485 admissionWaitMs=0.425
09-08 01:35:11.122  3095  4374 I ChromePhotosDataPlane: phase=worker_ready correlationId=c486 admissionWaitMs=1.058
09-08 01:35:11.281  3095  4661 I ChromePhotosDataPlane: phase=tls_ready correlationId=c485 hostClass=network hostHash=b37d6661baab456a clientProtocol=http/1.1 ca=ff56b2f4265f0377
09-08 01:35:11.518  3095  4374 I ChromePhotosDataPlane: phase=tls_ready correlationId=c486 hostClass=network hostHash=92c4651bd627ffee clientProtocol=http/1.1 ca=ff56b2f4265f0377
09-08 01:35:11.523  3095  4374 I ChromePhotosDataPlane: phase=media_shield_ready origin=same_origin result=204 bytesOut=0
09-08 01:35:11.613  3095  4661 I ChromePhotosDataPlane: origin=real hostClass=network hostHash=b37d6661baab456a method=POST clientProtocol=http/1.1 upstreamProtocol=h2 status=200 contentType=application/json bytesOut=231 transfer=fixed upstreamHeadersMs=329.916 downstreamWriteMs=0.558
09-08 01:35:11.693  3095  4374 I ChromePhotosDataPlane: origin=real hostClass=network hostHash=92c4651bd627ffee method=POST clientProtocol=http/1.1 upstreamProtocol=h2 status=204 contentType=text/plain bytesOut=0 transfer=fixed upstreamHeadersMs=123.703 downstreamWriteMs=0.662
09-08 01:35:34.453  3095  3095 I ChromePhotosDataPlane: phase=status statusSequence=19 lifecycle=PresentationReady active=true ready=true connections=486 requests=1236 safe=300 blocked=64 unknown=121 passthrough=649 cacheHits=14 cacheMisses=384 failures=9 clientDisconnects=15 bytesIn=32553127 bytesOut=34516657 streamed=509 proxyQueueRejects=0 proxyActivePeak=64 proxyP50Ms=170.712 proxyP95Ms=1189.773 proxyP99Ms=1422.549 upstreamSockets=362 protectSuccess=362 protectFailure=0 web11a=not_run web11b=not_run modelLoadMs=409.920 engineCalls=359 dedupeHits=2 decisionCacheConfig=64 decisionConcurrencyConfig=1 decisionQueueConfig=2 decisionTimeoutMs=5000 engineCallsPerRequest=0.9573333333333334 inferencePeak=1 inFlightPeak=2 queuePeak=1 queueRejects=0 timeouts=0 inferenceP50Ms=139.664739 inferenceP95Ms=593.728125 inferenceP99Ms=732.626042 decisionP50Ms=283.129688 decisionP95Ms=1129.662603 decisionP99Ms=1372.257447 cacheHitP50Ms=0.043334 cacheHitP95Ms=0.063073 cacheEntries=64 cacheEvictions=295 preprocessP50Ms=4.97625 preprocessP95Ms=20.83776 preprocessP99Ms=73.307969 preparedCount1=311 preparedCount4=45 preparedCount5=3 preparedCountOther=0 decisionBasis=FullStrong:28,FullThreshold:39,None:290,UncertainRegional:2 imageCandidates=493 imagePrefixPeeks=58 imageMagicCandidates=0 imageBodyAdmissionPeak=2 imageBodyAdmissionRejects=0 networkVisualCandidates=478 networkVisualReplaced=0 networkVisualRawDelivered=0 networkVisualSafeRawDelivered=300 networkVisualBlockedReplaced=64 networkVisualUnknownReplaced=0 networkVisualUnsupportedReplaced=103 networkVisualRawBlockedDelivered=0 networkVisualRawUnknownDelivered=0 networkVisualCacheHit=14 networkVisualInference=348 mediaDocumentsTransformed=28 mediaDocumentsFailClosed=6 documentTransformOutstanding=0 readyTokensOutstanding=28 uiSvgRegistered=14 uiSvgRegistryBytes=7010 uiSvgCssRewritten=1 uiSvgCssRejected=0 uiSvgNetworkAccepted=34 uiSvgNetworkRejected=18 uiSvgAssetServed=6 uiSvgAssetRejected=0 h18=REPORT=not_run,EVENT_SEQUENCE=0,COMPAT_DOCS=0,STRICT_DOCS=0,STYLE_REQ=0,SCRIPT_REQ=0,DATA_REQ=0,NETWORK_REQ=0,REPORTS=0,LAST_DOC=none,NETWORK_SHA=ee17e3f62edde61823ce35732ea168f4f5986bff347ccfac063eca7f4009ee1b,AUDIT_SHA=74d4467bbf6833db4eeab998495b7dfc50db3b1f04f407704b839ad3f4b25582 h19=REPORT=not_run,DOCUMENTS=0,FRAMES=0,SCRIPTS=0,FIRST_ORIGINAL_SCRIPTS=0,STYLES=0,WORKERS=0,SERVICE_WORKERS=0,FRAME_REPORTS=0,FRAME_REPORT_REJECTS=0,FRAME_REPORT=not_run,FRAME_REPORT_SHA=not_run,FRAME_CHALLENGE_SHA=not_run,FRAME_GENERATION=0,FRAME_ACCEPTED_CHALLENGE_SHA=not_run,FRAME_REPORT_BINDING_SHA=not_run,SAME_URL_BODIES=0,REPORTS=0,SW_BOUNDARY={INSTALL_DOCS=0,WORKER_SCRIPTS=0,WORKER_PROBE_SCRIPTS=0,PROBE_DOCS=0,CLEANUP_DOCS=0,REPORTS_ACCEPTED=0,REPORTS_REJECTED=0,CONTROLLER_PRESENT=0,CONTROLLER_MISSING=0,NAV_FETCHES=0,SELF_READY_FETCHES=0,SELF_READY_PASS_THROUGH=0,SELF_READY_SYNTHETIC=0,NAV_SYNTHETIC=0,RESET_BASELINE_CLEAN=0,RESET_BASELINE_DIRTY=0,REGISTER_BLOCKED=0,REGISTER_SUCCEEDED=0,WORKER_REGISTER_BLOCKED=0,WORKER_REGISTER_SUCCEEDED=0,WORKER_REGISTER_UNSUPPORTED=0,WORKER_REGISTER_ERROR=0,LAST_CASE=none,LAST_EVENT=none,LAST_VALUE=none},UI_SVG={INLINE_ORIGINAL:PASS,INLINE_CLICK:PASS,SPRITE_ORIGINAL:PASS,UNSAFE_SPRITE_FAIL_CLOSED:PASS,STATIC_CSS:PASS,EXTERNAL_CSS:PASS,STYLE_ATTRIBUTE:PASS,DATA_IMAGE:PASS,FAVICON:PASS,PROTECTED_HEAD_RETENTION:PASS,NETWORK_SVG:PASS,UNSAFE_NETWORK_FAIL_CLOSED:PASS,DYNAMIC_CSS:PASS,RASTER_FAIL_CLOSED:PASS,UNSAFE_INLINE_FAIL_CLOSED:PASS} quicAttempts=0 directTcpAttempts=0 bootstrapResetGeneration=2 bootstrapCompleteGeneration=2 bootstrapResetCount=3 chromeSuspended=false guardSession=528 guardHeartbeatSequence=2076 audit17State=0 audit17Navigation=0 audit17Events=502 audit17Dropped=0
09-08 01:35:34.453  3095  3095 I ChromeMediaShieldStatus: v=1 seq=19 kind=network mode=selective candidates=478 replaced=0 rawDelivered=0 safeRaw=300 blockedReplaced=64 unknownReplaced=0 unsupportedReplaced=103 rawBlocked=0 rawUnknown=0 cacheHit=14 decisionEngine=348 engineCalls=359
09-08 01:35:34.454  3095  3095 I ChromeMediaShieldStatus: v=1 seq=19 kind=document transformed=28 failClosed=6 outstanding=0 issued=28 claims=13 documentSequence=28 navigationSequence=14 readyRequests=41 readyPreflights=0 readyAccepted=13 readyRejected=0 parserBarrierRequests=0 parserBarrierReady=0 parserBarrierFailClosed=0 selfShield=true selfReadyRequests=13 selfReadyAccepted=13 selfReadyRejected=0 selfReadyRejectReason=none selfShieldReleaseCompleted=13 selfShieldParserContinued=13 selfShieldOriginalScriptStarted=0 selfShieldTraceRejected=0 selfShieldTraceOutstanding=2 bootstrapDiagnosticAccepted=0 bootstrapDiagnosticRejected=0 bootstrapDiagnosticRejectReason=none bootstrapDiagnosticStage=none bootstrapDiagnosticReason=none bootstrapDiagnosticOutstanding=0
09-08 01:35:34.454  3095  3095 I ChromeMediaShieldStatus: v=1 seq=19 kind=renderer reports=2 rejected=0 globalCallbacks=354 globalRecords=3115 childRecords=2808 attributeRecords=307 maxRecords=595 scanCalls=5240 scanRoot=4 scanNodes=7706 maxScanNodes=108 scanMicros=337008 maxScanMicros=37099 observerChildScans=2538 observerAttributeScans=0 guardedScans=2172 markupScans=474 shadowScans=52 initialScans=4 otherScans=0 sanitizeElement=15694 sanitizeContainer=5779 img=1120 source=6 svg=754 iframe=44 canvas=4 video=0 safeIcon=754 lockIcon=388 geometryWrites=0 svgRecords=104 shadowRoots=4 shadowObservers=4 shadowCallbacks=8 shadowRecords=59 shadowScanCalls=52 ensureStyle=356 ensureCurtain=360 internalMutations=0
09-08 01:35:34.454  3095  3095 I ChromeMediaShieldStatus: v=1 seq=19 kind=rendererApis callScan=createElement=2164/0 createElementNS=54/0 appendChild=2061/2061 insertBefore=109/109 replaceChild=0/0 append=0/0 prepend=2/2 replaceChildren=0/0 before=0/0 after=0/0 replaceWith=0/0 adjacentElement=0/0 moveBefore=0/0 rangeInsert=0/0 rangeSurround=0/0 adoptNode=0/0 cloneNode=0/0 importNode=0/0 safeMarkup=237/237 innerHTML=237/237 outerHTML=0/0 insertAdjacentHTML=0/0 setHTML=0/0 shadowInnerHTML=0/0 execCommandInsertHTML=0/0 mappedTextContent=0/0
09-08 01:35:34.454  3095  3095 I ChromeMediaShieldStatus: v=1 seq=19 kind=rendererFamilies roots=element/fragment/text/other factory:calls=2218,scans=0,direct=2218,roots=2218/0/0/0,nodes=0,micros=25795,maxMicros=500 domGuard:calls=2172,scans=2172,direct=2147,roots=4051/0/257/11,nodes=3334,micros=95726,maxMicros=9199 markup:calls=474,scans=474,direct=0,roots=237/237/0/0,nodes=239,micros=6178,maxMicros=199
09-08 01:35:34.454  3095  3095 I ChromeMediaShieldStatus: v=1 seq=19 kind=uiSvg registered=14 registryBytes=7010 cssRewritten=1 cssRejected=0 networkAccepted=34 networkRejected=18 assetServed=6 assetRejected=0
09-08 01:35:34.454  3095  3095 I ChromeMediaShieldStatus: v=1 seq=19 kind=health failures=9 clientDisconnects=15 proxyQueueRejects=0 protectFailure=0 quicAttempts=0 directTcpAttempts=0 active=true ready=true
09-08 01:35:34.454  3095  3095 I ChromeMediaShieldStatus: v=1 seq=19 kind=fixture report=REPORT=not_run,DOCUMENTS=0,FRAMES=0,SCRIPTS=0,FIRST_ORIGINAL_SCRIPTS=0,STYLES=0,WORKERS=0,SERVICE_WORKERS=0,FRAME_REPORTS=0,FRAME_REPORT_REJECTS=0,FRAME_REPORT=not_run,FRAME_REPORT_SHA=not_run,FRAME_CHALLENGE_SHA=not_run,FRAME_GENERATION=0,FRAME_ACCEPTED_CHALLENGE_SHA=not_run,FRAME_REPORT_BINDING_SHA=not_run,SAME_URL_BODIES=0,REPORTS=0,SW_BOUNDARY={INSTALL_DOCS=0,WORKER_SCRIPTS=0,WORKER_PROBE_SCRIPTS=0,PROBE_DOCS=0,CLEANUP_DOCS=0,REPORTS_ACCEPTED=0,REPORTS_REJECTED=0,CONTROLLER_PRESENT=0,CONTROLLER_MISSING=0,NAV_FETCHES=0,SELF_READY_FETCHES=0,SELF_READY_PASS_THROUGH=0,SELF_READY_SYNTHETIC=0,NAV_SYNTHETIC=0,RESET_BASELINE_CLEAN=0,RESET_BASELINE_DIRTY=0,REGISTER_BLOCKED=0,REGISTER_SUCCEEDED=0,WORKER_REGISTER_BLOCKED=0,WORKER_REGISTER_SUCCEEDED=0,WORKER_REGISTER_UNSUPPORTED=0,WORKER_REGISTER_ERROR=0,LAST_CASE=none,LAST_EVENT=none,LAST_VALUE=none},UI_SVG={INLINE_ORIGINAL:PASS,INLINE_CLICK:PASS,SPRITE_ORIGINAL:PASS,UNSAFE_SPRITE_FAIL_CLOSED:PASS,STATIC_CSS:PASS,EXTERNAL_CSS:PASS,STYLE_ATTRIBUTE:PASS,DATA_IMAGE:PASS,FAVICON:PASS,PROTECTED_HEAD_RETENTION:PASS,NETWORK_SVG:PASS,UNSAFE_NETWORK_FAIL_CLOSED:PASS,DYNAMIC_CSS:PASS,RASTER_FAIL_CLOSED:PASS,UNSAFE_INLINE_FAIL_CLOSED:PASS}
09-08 01:36:33.993  3095  3095 I ChromePhotosDataPlane: phase=status statusSequence=20 lifecycle=PresentationReady active=true ready=true connections=486 requests=1236 safe=300 blocked=64 unknown=121 passthrough=649 cacheHits=14 cacheMisses=384 failures=9 clientDisconnects=15 bytesIn=32553127 bytesOut=34516657 streamed=509 proxyQueueRejects=0 proxyActivePeak=64 proxyP50Ms=170.712 proxyP95Ms=1189.773 proxyP99Ms=1422.549 upstreamSockets=362 protectSuccess=362 protectFailure=0 web11a=not_run web11b=not_run modelLoadMs=409.920 engineCalls=359 dedupeHits=2 decisionCacheConfig=64 decisionConcurrencyConfig=1 decisionQueueConfig=2 decisionTimeoutMs=5000 engineCallsPerRequest=0.9573333333333334 inferencePeak=1 inFlightPeak=2 queuePeak=1 queueRejects=0 timeouts=0 inferenceP50Ms=139.664739 inferenceP95Ms=593.728125 inferenceP99Ms=732.626042 decisionP50Ms=283.129688 decisionP95Ms=1129.662603 decisionP99Ms=1372.257447 cacheHitP50Ms=0.043334 cacheHitP95Ms=0.063073 cacheEntries=64 cacheEvictions=295 preprocessP50Ms=4.97625 preprocessP95Ms=20.83776 preprocessP99Ms=73.307969 preparedCount1=311 preparedCount4=45 preparedCount5=3 preparedCountOther=0 decisionBasis=FullStrong:28,FullThreshold:39,None:290,UncertainRegional:2 imageCandidates=493 imagePrefixPeeks=58 imageMagicCandidates=0 imageBodyAdmissionPeak=2 imageBodyAdmissionRejects=0 networkVisualCandidates=478 networkVisualReplaced=0 networkVisualRawDelivered=0 networkVisualSafeRawDelivered=300 networkVisualBlockedReplaced=64 networkVisualUnknownReplaced=0 networkVisualUnsupportedReplaced=103 networkVisualRawBlockedDelivered=0 networkVisualRawUnknownDelivered=0 networkVisualCacheHit=14 networkVisualInference=348 mediaDocumentsTransformed=28 mediaDocumentsFailClosed=6 documentTransformOutstanding=0 readyTokensOutstanding=28 uiSvgRegistered=14 uiSvgRegistryBytes=7010 uiSvgCssRewritten=1 uiSvgCssRejected=0 uiSvgNetworkAccepted=34 uiSvgNetworkRejected=18 uiSvgAssetServed=6 uiSvgAssetRejected=0 h18=REPORT=not_run,EVENT_SEQUENCE=0,COMPAT_DOCS=0,STRICT_DOCS=0,STYLE_REQ=0,SCRIPT_REQ=0,DATA_REQ=0,NETWORK_REQ=0,REPORTS=0,LAST_DOC=none,NETWORK_SHA=ee17e3f62edde61823ce35732ea168f4f5986bff347ccfac063eca7f4009ee1b,AUDIT_SHA=74d4467bbf6833db4eeab998495b7dfc50db3b1f04f407704b839ad3f4b25582 h19=REPORT=not_run,DOCUMENTS=0,FRAMES=0,SCRIPTS=0,FIRST_ORIGINAL_SCRIPTS=0,STYLES=0,WORKERS=0,SERVICE_WORKERS=0,FRAME_REPORTS=0,FRAME_REPORT_REJECTS=0,FRAME_REPORT=not_run,FRAME_REPORT_SHA=not_run,FRAME_CHALLENGE_SHA=not_run,FRAME_GENERATION=0,FRAME_ACCEPTED_CHALLENGE_SHA=not_run,FRAME_REPORT_BINDING_SHA=not_run,SAME_URL_BODIES=0,REPORTS=0,SW_BOUNDARY={INSTALL_DOCS=0,WORKER_SCRIPTS=0,WORKER_PROBE_SCRIPTS=0,PROBE_DOCS=0,CLEANUP_DOCS=0,REPORTS_ACCEPTED=0,REPORTS_REJECTED=0,CONTROLLER_PRESENT=0,CONTROLLER_MISSING=0,NAV_FETCHES=0,SELF_READY_FETCHES=0,SELF_READY_PASS_THROUGH=0,SELF_READY_SYNTHETIC=0,NAV_SYNTHETIC=0,RESET_BASELINE_CLEAN=0,RESET_BASELINE_DIRTY=0,REGISTER_BLOCKED=0,REGISTER_SUCCEEDED=0,WORKER_REGISTER_BLOCKED=0,WORKER_REGISTER_SUCCEEDED=0,WORKER_REGISTER_UNSUPPORTED=0,WORKER_REGISTER_ERROR=0,LAST_CASE=none,LAST_EVENT=none,LAST_VALUE=none},UI_SVG={INLINE_ORIGINAL:PASS,INLINE_CLICK:PASS,SPRITE_ORIGINAL:PASS,UNSAFE_SPRITE_FAIL_CLOSED:PASS,STATIC_CSS:PASS,EXTERNAL_CSS:PASS,STYLE_ATTRIBUTE:PASS,DATA_IMAGE:PASS,FAVICON:PASS,PROTECTED_HEAD_RETENTION:PASS,NETWORK_SVG:PASS,UNSAFE_NETWORK_FAIL_CLOSED:PASS,DYNAMIC_CSS:PASS,RASTER_FAIL_CLOSED:PASS,UNSAFE_INLINE_FAIL_CLOSED:PASS} quicAttempts=0 directTcpAttempts=0 bootstrapResetGeneration=2 bootstrapCompleteGeneration=2 bootstrapResetCount=3 chromeSuspended=false guardSession=528 guardHeartbeatSequence=2181 audit17State=0 audit17Navigation=0 audit17Events=502 audit17Dropped=0
09-08 01:36:33.994  3095  3095 I ChromeMediaShieldStatus: v=1 seq=20 kind=network mode=selective candidates=478 replaced=0 rawDelivered=0 safeRaw=300 blockedReplaced=64 unknownReplaced=0 unsupportedReplaced=103 rawBlocked=0 rawUnknown=0 cacheHit=14 decisionEngine=348 engineCalls=359
09-08 01:36:33.994  3095  3095 I ChromeMediaShieldStatus: v=1 seq=20 kind=document transformed=28 failClosed=6 outstanding=0 issued=28 claims=13 documentSequence=28 navigationSequence=14 readyRequests=41 readyPreflights=0 readyAccepted=13 readyRejected=0 parserBarrierRequests=0 parserBarrierReady=0 parserBarrierFailClosed=0 selfShield=true selfReadyRequests=13 selfReadyAccepted=13 selfReadyRejected=0 selfReadyRejectReason=none selfShieldReleaseCompleted=13 selfShieldParserContinued=13 selfShieldOriginalScriptStarted=0 selfShieldTraceRejected=0 selfShieldTraceOutstanding=2 bootstrapDiagnosticAccepted=0 bootstrapDiagnosticRejected=0 bootstrapDiagnosticRejectReason=none bootstrapDiagnosticStage=none bootstrapDiagnosticReason=none bootstrapDiagnosticOutstanding=0
09-08 01:36:33.994  3095  3095 I ChromeMediaShieldStatus: v=1 seq=20 kind=renderer reports=2 rejected=0 globalCallbacks=354 globalRecords=3115 childRecords=2808 attributeRecords=307 maxRecords=595 scanCalls=5240 scanRoot=4 scanNodes=7706 maxScanNodes=108 scanMicros=337008 maxScanMicros=37099 observerChildScans=2538 observerAttributeScans=0 guardedScans=2172 markupScans=474 shadowScans=52 initialScans=4 otherScans=0 sanitizeElement=15694 sanitizeContainer=5779 img=1120 source=6 svg=754 iframe=44 canvas=4 video=0 safeIcon=754 lockIcon=388 geometryWrites=0 svgRecords=104 shadowRoots=4 shadowObservers=4 shadowCallbacks=8 shadowRecords=59 shadowScanCalls=52 ensureStyle=356 ensureCurtain=360 internalMutations=0
09-08 01:36:33.994  3095  3095 I ChromeMediaShieldStatus: v=1 seq=20 kind=rendererApis callScan=createElement=2164/0 createElementNS=54/0 appendChild=2061/2061 insertBefore=109/109 replaceChild=0/0 append=0/0 prepend=2/2 replaceChildren=0/0 before=0/0 after=0/0 replaceWith=0/0 adjacentElement=0/0 moveBefore=0/0 rangeInsert=0/0 rangeSurround=0/0 adoptNode=0/0 cloneNode=0/0 importNode=0/0 safeMarkup=237/237 innerHTML=237/237 outerHTML=0/0 insertAdjacentHTML=0/0 setHTML=0/0 shadowInnerHTML=0/0 execCommandInsertHTML=0/0 mappedTextContent=0/0
09-08 01:36:33.994  3095  3095 I ChromeMediaShieldStatus: v=1 seq=20 kind=rendererFamilies roots=element/fragment/text/other factory:calls=2218,scans=0,direct=2218,roots=2218/0/0/0,nodes=0,micros=25795,maxMicros=500 domGuard:calls=2172,scans=2172,direct=2147,roots=4051/0/257/11,nodes=3334,micros=95726,maxMicros=9199 markup:calls=474,scans=474,direct=0,roots=237/237/0/0,nodes=239,micros=6178,maxMicros=199
09-08 01:36:33.994  3095  3095 I ChromeMediaShieldStatus: v=1 seq=20 kind=uiSvg registered=14 registryBytes=7010 cssRewritten=1 cssRejected=0 networkAccepted=34 networkRejected=18 assetServed=6 assetRejected=0
09-08 01:36:33.994  3095  3095 I ChromeMediaShieldStatus: v=1 seq=20 kind=health failures=9 clientDisconnects=15 proxyQueueRejects=0 protectFailure=0 quicAttempts=0 directTcpAttempts=0 active=true ready=true
09-08 01:36:33.994  3095  3095 I ChromeMediaShieldStatus: v=1 seq=20 kind=fixture report=REPORT=not_run,DOCUMENTS=0,FRAMES=0,SCRIPTS=0,FIRST_ORIGINAL_SCRIPTS=0,STYLES=0,WORKERS=0,SERVICE_WORKERS=0,FRAME_REPORTS=0,FRAME_REPORT_REJECTS=0,FRAME_REPORT=not_run,FRAME_REPORT_SHA=not_run,FRAME_CHALLENGE_SHA=not_run,FRAME_GENERATION=0,FRAME_ACCEPTED_CHALLENGE_SHA=not_run,FRAME_REPORT_BINDING_SHA=not_run,SAME_URL_BODIES=0,REPORTS=0,SW_BOUNDARY={INSTALL_DOCS=0,WORKER_SCRIPTS=0,WORKER_PROBE_SCRIPTS=0,PROBE_DOCS=0,CLEANUP_DOCS=0,REPORTS_ACCEPTED=0,REPORTS_REJECTED=0,CONTROLLER_PRESENT=0,CONTROLLER_MISSING=0,NAV_FETCHES=0,SELF_READY_FETCHES=0,SELF_READY_PASS_THROUGH=0,SELF_READY_SYNTHETIC=0,NAV_SYNTHETIC=0,RESET_BASELINE_CLEAN=0,RESET_BASELINE_DIRTY=0,REGISTER_BLOCKED=0,REGISTER_SUCCEEDED=0,WORKER_REGISTER_BLOCKED=0,WORKER_REGISTER_SUCCEEDED=0,WORKER_REGISTER_UNSUPPORTED=0,WORKER_REGISTER_ERROR=0,LAST_CASE=none,LAST_EVENT=none,LAST_VALUE=none},UI_SVG={INLINE_ORIGINAL:PASS,INLINE_CLICK:PASS,SPRITE_ORIGINAL:PASS,UNSAFE_SPRITE_FAIL_CLOSED:PASS,STATIC_CSS:PASS,EXTERNAL_CSS:PASS,STYLE_ATTRIBUTE:PASS,DATA_IMAGE:PASS,FAVICON:PASS,PROTECTED_HEAD_RETENTION:PASS,NETWORK_SVG:PASS,UNSAFE_NETWORK_FAIL_CLOSED:PASS,DYNAMIC_CSS:PASS,RASTER_FAIL_CLOSED:PASS,UNSAFE_INLINE_FAIL_CLOSED:PASS}
09-08 01:37:33.908  3095  3095 I ChromePhotosDataPlane: phase=status statusSequence=21 lifecycle=PresentationReady active=true ready=true connections=486 requests=1236 safe=300 blocked=64 unknown=121 passthrough=649 cacheHits=14 cacheMisses=384 failures=9 clientDisconnects=15 bytesIn=32553127 bytesOut=34516657 streamed=509 proxyQueueRejects=0 proxyActivePeak=64 proxyP50Ms=170.712 proxyP95Ms=1189.773 proxyP99Ms=1422.549 upstreamSockets=362 protectSuccess=362 protectFailure=0 web11a=not_run web11b=not_run modelLoadMs=409.920 engineCalls=359 dedupeHits=2 decisionCacheConfig=64 decisionConcurrencyConfig=1 decisionQueueConfig=2 decisionTimeoutMs=5000 engineCallsPerRequest=0.9573333333333334 inferencePeak=1 inFlightPeak=2 queuePeak=1 queueRejects=0 timeouts=0 inferenceP50Ms=139.664739 inferenceP95Ms=593.728125 inferenceP99Ms=732.626042 decisionP50Ms=283.129688 decisionP95Ms=1129.662603 decisionP99Ms=1372.257447 cacheHitP50Ms=0.043334 cacheHitP95Ms=0.063073 cacheEntries=64 cacheEvictions=295 preprocessP50Ms=4.97625 preprocessP95Ms=20.83776 preprocessP99Ms=73.307969 preparedCount1=311 preparedCount4=45 preparedCount5=3 preparedCountOther=0 decisionBasis=FullStrong:28,FullThreshold:39,None:290,UncertainRegional:2 imageCandidates=493 imagePrefixPeeks=58 imageMagicCandidates=0 imageBodyAdmissionPeak=2 imageBodyAdmissionRejects=0 networkVisualCandidates=478 networkVisualReplaced=0 networkVisualRawDelivered=0 networkVisualSafeRawDelivered=300 networkVisualBlockedReplaced=64 networkVisualUnknownReplaced=0 networkVisualUnsupportedReplaced=103 networkVisualRawBlockedDelivered=0 networkVisualRawUnknownDelivered=0 networkVisualCacheHit=14 networkVisualInference=348 mediaDocumentsTransformed=28 mediaDocumentsFailClosed=6 documentTransformOutstanding=0 readyTokensOutstanding=28 uiSvgRegistered=14 uiSvgRegistryBytes=7010 uiSvgCssRewritten=1 uiSvgCssRejected=0 uiSvgNetworkAccepted=34 uiSvgNetworkRejected=18 uiSvgAssetServed=6 uiSvgAssetRejected=0 h18=REPORT=not_run,EVENT_SEQUENCE=0,COMPAT_DOCS=0,STRICT_DOCS=0,STYLE_REQ=0,SCRIPT_REQ=0,DATA_REQ=0,NETWORK_REQ=0,REPORTS=0,LAST_DOC=none,NETWORK_SHA=ee17e3f62edde61823ce35732ea168f4f5986bff347ccfac063eca7f4009ee1b,AUDIT_SHA=74d4467bbf6833db4eeab998495b7dfc50db3b1f04f407704b839ad3f4b25582 h19=REPORT=not_run,DOCUMENTS=0,FRAMES=0,SCRIPTS=0,FIRST_ORIGINAL_SCRIPTS=0,STYLES=0,WORKERS=0,SERVICE_WORKERS=0,FRAME_REPORTS=0,FRAME_REPORT_REJECTS=0,FRAME_REPORT=not_run,FRAME_REPORT_SHA=not_run,FRAME_CHALLENGE_SHA=not_run,FRAME_GENERATION=0,FRAME_ACCEPTED_CHALLENGE_SHA=not_run,FRAME_REPORT_BINDING_SHA=not_run,SAME_URL_BODIES=0,REPORTS=0,SW_BOUNDARY={INSTALL_DOCS=0,WORKER_SCRIPTS=0,WORKER_PROBE_SCRIPTS=0,PROBE_DOCS=0,CLEANUP_DOCS=0,REPORTS_ACCEPTED=0,REPORTS_REJECTED=0,CONTROLLER_PRESENT=0,CONTROLLER_MISSING=0,NAV_FETCHES=0,SELF_READY_FETCHES=0,SELF_READY_PASS_THROUGH=0,SELF_READY_SYNTHETIC=0,NAV_SYNTHETIC=0,RESET_BASELINE_CLEAN=0,RESET_BASELINE_DIRTY=0,REGISTER_BLOCKED=0,REGISTER_SUCCEEDED=0,WORKER_REGISTER_BLOCKED=0,WORKER_REGISTER_SUCCEEDED=0,WORKER_REGISTER_UNSUPPORTED=0,WORKER_REGISTER_ERROR=0,LAST_CASE=none,LAST_EVENT=none,LAST_VALUE=none},UI_SVG={INLINE_ORIGINAL:PASS,INLINE_CLICK:PASS,SPRITE_ORIGINAL:PASS,UNSAFE_SPRITE_FAIL_CLOSED:PASS,STATIC_CSS:PASS,EXTERNAL_CSS:PASS,STYLE_ATTRIBUTE:PASS,DATA_IMAGE:PASS,FAVICON:PASS,PROTECTED_HEAD_RETENTION:PASS,NETWORK_SVG:PASS,UNSAFE_NETWORK_FAIL_CLOSED:PASS,DYNAMIC_CSS:PASS,RASTER_FAIL_CLOSED:PASS,UNSAFE_INLINE_FAIL_CLOSED:PASS} quicAttempts=0 directTcpAttempts=0 bootstrapResetGeneration=2 bootstrapCompleteGeneration=2 bootstrapResetCount=3 chromeSuspended=false guardSession=528 guardHeartbeatSequence=2288 audit17State=0 audit17Navigation=0 audit17Events=502 audit17Dropped=0
09-08 01:37:33.908  3095  3095 I ChromeMediaShieldStatus: v=1 seq=21 kind=network mode=selective candidates=478 replaced=0 rawDelivered=0 safeRaw=300 blockedReplaced=64 unknownReplaced=0 unsupportedReplaced=103 rawBlocked=0 rawUnknown=0 cacheHit=14 decisionEngine=348 engineCalls=359
09-08 01:37:33.909  3095  3095 I ChromeMediaShieldStatus: v=1 seq=21 kind=document transformed=28 failClosed=6 outstanding=0 issued=28 claims=13 documentSequence=28 navigationSequence=14 readyRequests=41 readyPreflights=0 readyAccepted=13 readyRejected=0 parserBarrierRequests=0 parserBarrierReady=0 parserBarrierFailClosed=0 selfShield=true selfReadyRequests=13 selfReadyAccepted=13 selfReadyRejected=0 selfReadyRejectReason=none selfShieldReleaseCompleted=13 selfShieldParserContinued=13 selfShieldOriginalScriptStarted=0 selfShieldTraceRejected=0 selfShieldTraceOutstanding=2 bootstrapDiagnosticAccepted=0 bootstrapDiagnosticRejected=0 bootstrapDiagnosticRejectReason=none bootstrapDiagnosticStage=none bootstrapDiagnosticReason=none bootstrapDiagnosticOutstanding=0
09-08 01:37:33.909  3095  3095 I ChromeMediaShieldStatus: v=1 seq=21 kind=renderer reports=2 rejected=0 globalCallbacks=354 globalRecords=3115 childRecords=2808 attributeRecords=307 maxRecords=595 scanCalls=5240 scanRoot=4 scanNodes=7706 maxScanNodes=108 scanMicros=337008 maxScanMicros=37099 observerChildScans=2538 observerAttributeScans=0 guardedScans=2172 markupScans=474 shadowScans=52 initialScans=4 otherScans=0 sanitizeElement=15694 sanitizeContainer=5779 img=1120 source=6 svg=754 iframe=44 canvas=4 video=0 safeIcon=754 lockIcon=388 geometryWrites=0 svgRecords=104 shadowRoots=4 shadowObservers=4 shadowCallbacks=8 shadowRecords=59 shadowScanCalls=52 ensureStyle=356 ensureCurtain=360 internalMutations=0
09-08 01:37:33.909  3095  3095 I ChromeMediaShieldStatus: v=1 seq=21 kind=rendererApis callScan=createElement=2164/0 createElementNS=54/0 appendChild=2061/2061 insertBefore=109/109 replaceChild=0/0 append=0/0 prepend=2/2 replaceChildren=0/0 before=0/0 after=0/0 replaceWith=0/0 adjacentElement=0/0 moveBefore=0/0 rangeInsert=0/0 rangeSurround=0/0 adoptNode=0/0 cloneNode=0/0 importNode=0/0 safeMarkup=237/237 innerHTML=237/237 outerHTML=0/0 insertAdjacentHTML=0/0 setHTML=0/0 shadowInnerHTML=0/0 execCommandInsertHTML=0/0 mappedTextContent=0/0
09-08 01:37:33.909  3095  3095 I ChromeMediaShieldStatus: v=1 seq=21 kind=rendererFamilies roots=element/fragment/text/other factory:calls=2218,scans=0,direct=2218,roots=2218/0/0/0,nodes=0,micros=25795,maxMicros=500 domGuard:calls=2172,scans=2172,direct=2147,roots=4051/0/257/11,nodes=3334,micros=95726,maxMicros=9199 markup:calls=474,scans=474,direct=0,roots=237/237/0/0,nodes=239,micros=6178,maxMicros=199
09-08 01:37:33.909  3095  3095 I ChromeMediaShieldStatus: v=1 seq=21 kind=uiSvg registered=14 registryBytes=7010 cssRewritten=1 cssRejected=0 networkAccepted=34 networkRejected=18 assetServed=6 assetRejected=0
09-08 01:37:33.909  3095  3095 I ChromeMediaShieldStatus: v=1 seq=21 kind=health failures=9 clientDisconnects=15 proxyQueueRejects=0 protectFailure=0 quicAttempts=0 directTcpAttempts=0 active=true ready=true
09-08 01:37:33.909  3095  3095 I ChromeMediaShieldStatus: v=1 seq=21 kind=fixture report=REPORT=not_run,DOCUMENTS=0,FRAMES=0,SCRIPTS=0,FIRST_ORIGINAL_SCRIPTS=0,STYLES=0,WORKERS=0,SERVICE_WORKERS=0,FRAME_REPORTS=0,FRAME_REPORT_REJECTS=0,FRAME_REPORT=not_run,FRAME_REPORT_SHA=not_run,FRAME_CHALLENGE_SHA=not_run,FRAME_GENERATION=0,FRAME_ACCEPTED_CHALLENGE_SHA=not_run,FRAME_REPORT_BINDING_SHA=not_run,SAME_URL_BODIES=0,REPORTS=0,SW_BOUNDARY={INSTALL_DOCS=0,WORKER_SCRIPTS=0,WORKER_PROBE_SCRIPTS=0,PROBE_DOCS=0,CLEANUP_DOCS=0,REPORTS_ACCEPTED=0,REPORTS_REJECTED=0,CONTROLLER_PRESENT=0,CONTROLLER_MISSING=0,NAV_FETCHES=0,SELF_READY_FETCHES=0,SELF_READY_PASS_THROUGH=0,SELF_READY_SYNTHETIC=0,NAV_SYNTHETIC=0,RESET_BASELINE_CLEAN=0,RESET_BASELINE_DIRTY=0,REGISTER_BLOCKED=0,REGISTER_SUCCEEDED=0,WORKER_REGISTER_BLOCKED=0,WORKER_REGISTER_SUCCEEDED=0,WORKER_REGISTER_UNSUPPORTED=0,WORKER_REGISTER_ERROR=0,LAST_CASE=none,LAST_EVENT=none,LAST_VALUE=none},UI_SVG={INLINE_ORIGINAL:PASS,INLINE_CLICK:PASS,SPRITE_ORIGINAL:PASS,UNSAFE_SPRITE_FAIL_CLOSED:PASS,STATIC_CSS:PASS,EXTERNAL_CSS:PASS,STYLE_ATTRIBUTE:PASS,DATA_IMAGE:PASS,FAVICON:PASS,PROTECTED_HEAD_RETENTION:PASS,NETWORK_SVG:PASS,UNSAFE_NETWORK_FAIL_CLOSED:PASS,DYNAMIC_CSS:PASS,RASTER_FAIL_CLOSED:PASS,UNSAFE_INLINE_FAIL_CLOSED:PASS}
09-08 01:38:34.607  3095  3095 I ChromePhotosDataPlane: phase=status statusSequence=22 lifecycle=PresentationReady active=true ready=true connections=486 requests=1236 safe=300 blocked=64 unknown=121 passthrough=649 cacheHits=14 cacheMisses=384 failures=9 clientDisconnects=15 bytesIn=32553127 bytesOut=34516657 streamed=509 proxyQueueRejects=0 proxyActivePeak=64 proxyP50Ms=170.712 proxyP95Ms=1189.773 proxyP99Ms=1422.549 upstreamSockets=362 protectSuccess=362 protectFailure=0 web11a=not_run web11b=not_run modelLoadMs=409.920 engineCalls=359 dedupeHits=2 decisionCacheConfig=64 decisionConcurrencyConfig=1 decisionQueueConfig=2 decisionTimeoutMs=5000 engineCallsPerRequest=0.9573333333333334 inferencePeak=1 inFlightPeak=2 queuePeak=1 queueRejects=0 timeouts=0 inferenceP50Ms=139.664739 inferenceP95Ms=593.728125 inferenceP99Ms=732.626042 decisionP50Ms=283.129688 decisionP95Ms=1129.662603 decisionP99Ms=1372.257447 cacheHitP50Ms=0.043334 cacheHitP95Ms=0.063073 cacheEntries=64 cacheEvictions=295 preprocessP50Ms=4.97625 preprocessP95Ms=20.83776 preprocessP99Ms=73.307969 preparedCount1=311 preparedCount4=45 preparedCount5=3 preparedCountOther=0 decisionBasis=FullStrong:28,FullThreshold:39,None:290,UncertainRegional:2 imageCandidates=493 imagePrefixPeeks=58 imageMagicCandidates=0 imageBodyAdmissionPeak=2 imageBodyAdmissionRejects=0 networkVisualCandidates=478 networkVisualReplaced=0 networkVisualRawDelivered=0 networkVisualSafeRawDelivered=300 networkVisualBlockedReplaced=64 networkVisualUnknownReplaced=0 networkVisualUnsupportedReplaced=103 networkVisualRawBlockedDelivered=0 networkVisualRawUnknownDelivered=0 networkVisualCacheHit=14 networkVisualInference=348 mediaDocumentsTransformed=28 mediaDocumentsFailClosed=6 documentTransformOutstanding=0 readyTokensOutstanding=28 uiSvgRegistered=14 uiSvgRegistryBytes=7010 uiSvgCssRewritten=1 uiSvgCssRejected=0 uiSvgNetworkAccepted=34 uiSvgNetworkRejected=18 uiSvgAssetServed=6 uiSvgAssetRejected=0 h18=REPORT=not_run,EVENT_SEQUENCE=0,COMPAT_DOCS=0,STRICT_DOCS=0,STYLE_REQ=0,SCRIPT_REQ=0,DATA_REQ=0,NETWORK_REQ=0,REPORTS=0,LAST_DOC=none,NETWORK_SHA=ee17e3f62edde61823ce35732ea168f4f5986bff347ccfac063eca7f4009ee1b,AUDIT_SHA=74d4467bbf6833db4eeab998495b7dfc50db3b1f04f407704b839ad3f4b25582 h19=REPORT=not_run,DOCUMENTS=0,FRAMES=0,SCRIPTS=0,FIRST_ORIGINAL_SCRIPTS=0,STYLES=0,WORKERS=0,SERVICE_WORKERS=0,FRAME_REPORTS=0,FRAME_REPORT_REJECTS=0,FRAME_REPORT=not_run,FRAME_REPORT_SHA=not_run,FRAME_CHALLENGE_SHA=not_run,FRAME_GENERATION=0,FRAME_ACCEPTED_CHALLENGE_SHA=not_run,FRAME_REPORT_BINDING_SHA=not_run,SAME_URL_BODIES=0,REPORTS=0,SW_BOUNDARY={INSTALL_DOCS=0,WORKER_SCRIPTS=0,WORKER_PROBE_SCRIPTS=0,PROBE_DOCS=0,CLEANUP_DOCS=0,REPORTS_ACCEPTED=0,REPORTS_REJECTED=0,CONTROLLER_PRESENT=0,CONTROLLER_MISSING=0,NAV_FETCHES=0,SELF_READY_FETCHES=0,SELF_READY_PASS_THROUGH=0,SELF_READY_SYNTHETIC=0,NAV_SYNTHETIC=0,RESET_BASELINE_CLEAN=0,RESET_BASELINE_DIRTY=0,REGISTER_BLOCKED=0,REGISTER_SUCCEEDED=0,WORKER_REGISTER_BLOCKED=0,WORKER_REGISTER_SUCCEEDED=0,WORKER_REGISTER_UNSUPPORTED=0,WORKER_REGISTER_ERROR=0,LAST_CASE=none,LAST_EVENT=none,LAST_VALUE=none},UI_SVG={INLINE_ORIGINAL:PASS,INLINE_CLICK:PASS,SPRITE_ORIGINAL:PASS,UNSAFE_SPRITE_FAIL_CLOSED:PASS,STATIC_CSS:PASS,EXTERNAL_CSS:PASS,STYLE_ATTRIBUTE:PASS,DATA_IMAGE:PASS,FAVICON:PASS,PROTECTED_HEAD_RETENTION:PASS,NETWORK_SVG:PASS,UNSAFE_NETWORK_FAIL_CLOSED:PASS,DYNAMIC_CSS:PASS,RASTER_FAIL_CLOSED:PASS,UNSAFE_INLINE_FAIL_CLOSED:PASS} quicAttempts=0 directTcpAttempts=0 bootstrapResetGeneration=2 bootstrapCompleteGeneration=2 bootstrapResetCount=3 chromeSuspended=false guardSession=528 guardHeartbeatSequence=2397 audit17State=0 audit17Navigation=0 audit17Events=502 audit17Dropped=0
09-08 01:38:34.607  3095  3095 I ChromeMediaShieldStatus: v=1 seq=22 kind=network mode=selective candidates=478 replaced=0 rawDelivered=0 safeRaw=300 blockedReplaced=64 unknownReplaced=0 unsupportedReplaced=103 rawBlocked=0 rawUnknown=0 cacheHit=14 decisionEngine=348 engineCalls=359
09-08 01:38:34.607  3095  3095 I ChromeMediaShieldStatus: v=1 seq=22 kind=document transformed=28 failClosed=6 outstanding=0 issued=28 claims=13 documentSequence=28 navigationSequence=14 readyRequests=41 readyPreflights=0 readyAccepted=13 readyRejected=0 parserBarrierRequests=0 parserBarrierReady=0 parserBarrierFailClosed=0 selfShield=true selfReadyRequests=13 selfReadyAccepted=13 selfReadyRejected=0 selfReadyRejectReason=none selfShieldReleaseCompleted=13 selfShieldParserContinued=13 selfShieldOriginalScriptStarted=0 selfShieldTraceRejected=0 selfShieldTraceOutstanding=2 bootstrapDiagnosticAccepted=0 bootstrapDiagnosticRejected=0 bootstrapDiagnosticRejectReason=none bootstrapDiagnosticStage=none bootstrapDiagnosticReason=none bootstrapDiagnosticOutstanding=0
09-08 01:38:34.607  3095  3095 I ChromeMediaShieldStatus: v=1 seq=22 kind=renderer reports=2 rejected=0 globalCallbacks=354 globalRecords=3115 childRecords=2808 attributeRecords=307 maxRecords=595 scanCalls=5240 scanRoot=4 scanNodes=7706 maxScanNodes=108 scanMicros=337008 maxScanMicros=37099 observerChildScans=2538 observerAttributeScans=0 guardedScans=2172 markupScans=474 shadowScans=52 initialScans=4 otherScans=0 sanitizeElement=15694 sanitizeContainer=5779 img=1120 source=6 svg=754 iframe=44 canvas=4 video=0 safeIcon=754 lockIcon=388 geometryWrites=0 svgRecords=104 shadowRoots=4 shadowObservers=4 shadowCallbacks=8 shadowRecords=59 shadowScanCalls=52 ensureStyle=356 ensureCurtain=360 internalMutations=0
09-08 01:38:34.607  3095  3095 I ChromeMediaShieldStatus: v=1 seq=22 kind=rendererApis callScan=createElement=2164/0 createElementNS=54/0 appendChild=2061/2061 insertBefore=109/109 replaceChild=0/0 append=0/0 prepend=2/2 replaceChildren=0/0 before=0/0 after=0/0 replaceWith=0/0 adjacentElement=0/0 moveBefore=0/0 rangeInsert=0/0 rangeSurround=0/0 adoptNode=0/0 cloneNode=0/0 importNode=0/0 safeMarkup=237/237 innerHTML=237/237 outerHTML=0/0 insertAdjacentHTML=0/0 setHTML=0/0 shadowInnerHTML=0/0 execCommandInsertHTML=0/0 mappedTextContent=0/0
09-08 01:38:34.607  3095  3095 I ChromeMediaShieldStatus: v=1 seq=22 kind=rendererFamilies roots=element/fragment/text/other factory:calls=2218,scans=0,direct=2218,roots=2218/0/0/0,nodes=0,micros=25795,maxMicros=500 domGuard:calls=2172,scans=2172,direct=2147,roots=4051/0/257/11,nodes=3334,micros=95726,maxMicros=9199 markup:calls=474,scans=474,direct=0,roots=237/237/0/0,nodes=239,micros=6178,maxMicros=199
09-08 01:38:34.607  3095  3095 I ChromeMediaShieldStatus: v=1 seq=22 kind=uiSvg registered=14 registryBytes=7010 cssRewritten=1 cssRejected=0 networkAccepted=34 networkRejected=18 assetServed=6 assetRejected=0
09-08 01:38:34.607  3095  3095 I ChromeMediaShieldStatus: v=1 seq=22 kind=health failures=9 clientDisconnects=15 proxyQueueRejects=0 protectFailure=0 quicAttempts=0 directTcpAttempts=0 active=true ready=true
09-08 01:38:34.607  3095  3095 I ChromeMediaShieldStatus: v=1 seq=22 kind=fixture report=REPORT=not_run,DOCUMENTS=0,FRAMES=0,SCRIPTS=0,FIRST_ORIGINAL_SCRIPTS=0,STYLES=0,WORKERS=0,SERVICE_WORKERS=0,FRAME_REPORTS=0,FRAME_REPORT_REJECTS=0,FRAME_REPORT=not_run,FRAME_REPORT_SHA=not_run,FRAME_CHALLENGE_SHA=not_run,FRAME_GENERATION=0,FRAME_ACCEPTED_CHALLENGE_SHA=not_run,FRAME_REPORT_BINDING_SHA=not_run,SAME_URL_BODIES=0,REPORTS=0,SW_BOUNDARY={INSTALL_DOCS=0,WORKER_SCRIPTS=0,WORKER_PROBE_SCRIPTS=0,PROBE_DOCS=0,CLEANUP_DOCS=0,REPORTS_ACCEPTED=0,REPORTS_REJECTED=0,CONTROLLER_PRESENT=0,CONTROLLER_MISSING=0,NAV_FETCHES=0,SELF_READY_FETCHES=0,SELF_READY_PASS_THROUGH=0,SELF_READY_SYNTHETIC=0,NAV_SYNTHETIC=0,RESET_BASELINE_CLEAN=0,RESET_BASELINE_DIRTY=0,REGISTER_BLOCKED=0,REGISTER_SUCCEEDED=0,WORKER_REGISTER_BLOCKED=0,WORKER_REGISTER_SUCCEEDED=0,WORKER_REGISTER_UNSUPPORTED=0,WORKER_REGISTER_ERROR=0,LAST_CASE=none,LAST_EVENT=none,LAST_VALUE=none},UI_SVG={INLINE_ORIGINAL:PASS,INLINE_CLICK:PASS,SPRITE_ORIGINAL:PASS,UNSAFE_SPRITE_FAIL_CLOSED:PASS,STATIC_CSS:PASS,EXTERNAL_CSS:PASS,STYLE_ATTRIBUTE:PASS,DATA_IMAGE:PASS,FAVICON:PASS,PROTECTED_HEAD_RETENTION:PASS,NETWORK_SVG:PASS,UNSAFE_NETWORK_FAIL_CLOSED:PASS,DYNAMIC_CSS:PASS,RASTER_FAIL_CLOSED:PASS,UNSAFE_INLINE_FAIL_CLOSED:PASS}
09-08 01:39:33.807  3095  3095 I ChromePhotosDataPlane: phase=status statusSequence=23 lifecycle=PresentationReady active=true ready=true connections=486 requests=1236 safe=300 blocked=64 unknown=121 passthrough=649 cacheHits=14 cacheMisses=384 failures=9 clientDisconnects=15 bytesIn=32553127 bytesOut=34516657 streamed=509 proxyQueueRejects=0 proxyActivePeak=64 proxyP50Ms=170.712 proxyP95Ms=1189.773 proxyP99Ms=1422.549 upstreamSockets=362 protectSuccess=362 protectFailure=0 web11a=not_run web11b=not_run modelLoadMs=409.920 engineCalls=359 dedupeHits=2 decisionCacheConfig=64 decisionConcurrencyConfig=1 decisionQueueConfig=2 decisionTimeoutMs=5000 engineCallsPerRequest=0.9573333333333334 inferencePeak=1 inFlightPeak=2 queuePeak=1 queueRejects=0 timeouts=0 inferenceP50Ms=139.664739 inferenceP95Ms=593.728125 inferenceP99Ms=732.626042 decisionP50Ms=283.129688 decisionP95Ms=1129.662603 decisionP99Ms=1372.257447 cacheHitP50Ms=0.043334 cacheHitP95Ms=0.063073 cacheEntries=64 cacheEvictions=295 preprocessP50Ms=4.97625 preprocessP95Ms=20.83776 preprocessP99Ms=73.307969 preparedCount1=311 preparedCount4=45 preparedCount5=3 preparedCountOther=0 decisionBasis=FullStrong:28,FullThreshold:39,None:290,UncertainRegional:2 imageCandidates=493 imagePrefixPeeks=58 imageMagicCandidates=0 imageBodyAdmissionPeak=2 imageBodyAdmissionRejects=0 networkVisualCandidates=478 networkVisualReplaced=0 networkVisualRawDelivered=0 networkVisualSafeRawDelivered=300 networkVisualBlockedReplaced=64 networkVisualUnknownReplaced=0 networkVisualUnsupportedReplaced=103 networkVisualRawBlockedDelivered=0 networkVisualRawUnknownDelivered=0 networkVisualCacheHit=14 networkVisualInference=348 mediaDocumentsTransformed=28 mediaDocumentsFailClosed=6 documentTransformOutstanding=0 readyTokensOutstanding=28 uiSvgRegistered=14 uiSvgRegistryBytes=7010 uiSvgCssRewritten=1 uiSvgCssRejected=0 uiSvgNetworkAccepted=34 uiSvgNetworkRejected=18 uiSvgAssetServed=6 uiSvgAssetRejected=0 h18=REPORT=not_run,EVENT_SEQUENCE=0,COMPAT_DOCS=0,STRICT_DOCS=0,STYLE_REQ=0,SCRIPT_REQ=0,DATA_REQ=0,NETWORK_REQ=0,REPORTS=0,LAST_DOC=none,NETWORK_SHA=ee17e3f62edde61823ce35732ea168f4f5986bff347ccfac063eca7f4009ee1b,AUDIT_SHA=74d4467bbf6833db4eeab998495b7dfc50db3b1f04f407704b839ad3f4b25582 h19=REPORT=not_run,DOCUMENTS=0,FRAMES=0,SCRIPTS=0,FIRST_ORIGINAL_SCRIPTS=0,STYLES=0,WORKERS=0,SERVICE_WORKERS=0,FRAME_REPORTS=0,FRAME_REPORT_REJECTS=0,FRAME_REPORT=not_run,FRAME_REPORT_SHA=not_run,FRAME_CHALLENGE_SHA=not_run,FRAME_GENERATION=0,FRAME_ACCEPTED_CHALLENGE_SHA=not_run,FRAME_REPORT_BINDING_SHA=not_run,SAME_URL_BODIES=0,REPORTS=0,SW_BOUNDARY={INSTALL_DOCS=0,WORKER_SCRIPTS=0,WORKER_PROBE_SCRIPTS=0,PROBE_DOCS=0,CLEANUP_DOCS=0,REPORTS_ACCEPTED=0,REPORTS_REJECTED=0,CONTROLLER_PRESENT=0,CONTROLLER_MISSING=0,NAV_FETCHES=0,SELF_READY_FETCHES=0,SELF_READY_PASS_THROUGH=0,SELF_READY_SYNTHETIC=0,NAV_SYNTHETIC=0,RESET_BASELINE_CLEAN=0,RESET_BASELINE_DIRTY=0,REGISTER_BLOCKED=0,REGISTER_SUCCEEDED=0,WORKER_REGISTER_BLOCKED=0,WORKER_REGISTER_SUCCEEDED=0,WORKER_REGISTER_UNSUPPORTED=0,WORKER_REGISTER_ERROR=0,LAST_CASE=none,LAST_EVENT=none,LAST_VALUE=none},UI_SVG={INLINE_ORIGINAL:PASS,INLINE_CLICK:PASS,SPRITE_ORIGINAL:PASS,UNSAFE_SPRITE_FAIL_CLOSED:PASS,STATIC_CSS:PASS,EXTERNAL_CSS:PASS,STYLE_ATTRIBUTE:PASS,DATA_IMAGE:PASS,FAVICON:PASS,PROTECTED_HEAD_RETENTION:PASS,NETWORK_SVG:PASS,UNSAFE_NETWORK_FAIL_CLOSED:PASS,DYNAMIC_CSS:PASS,RASTER_FAIL_CLOSED:PASS,UNSAFE_INLINE_FAIL_CLOSED:PASS} quicAttempts=0 directTcpAttempts=0 bootstrapResetGeneration=2 bootstrapCompleteGeneration=2 bootstrapResetCount=3 chromeSuspended=false guardSession=528 guardHeartbeatSequence=2502 audit17State=0 audit17Navigation=0 audit17Events=502 audit17Dropped=0
09-08 01:39:33.808  3095  3095 I ChromeMediaShieldStatus: v=1 seq=23 kind=network mode=selective candidates=478 replaced=0 rawDelivered=0 safeRaw=300 blockedReplaced=64 unknownReplaced=0 unsupportedReplaced=103 rawBlocked=0 rawUnknown=0 cacheHit=14 decisionEngine=348 engineCalls=359
09-08 01:39:33.808  3095  3095 I ChromeMediaShieldStatus: v=1 seq=23 kind=document transformed=28 failClosed=6 outstanding=0 issued=28 claims=13 documentSequence=28 navigationSequence=14 readyRequests=41 readyPreflights=0 readyAccepted=13 readyRejected=0 parserBarrierRequests=0 parserBarrierReady=0 parserBarrierFailClosed=0 selfShield=true selfReadyRequests=13 selfReadyAccepted=13 selfReadyRejected=0 selfReadyRejectReason=none selfShieldReleaseCompleted=13 selfShieldParserContinued=13 selfShieldOriginalScriptStarted=0 selfShieldTraceRejected=0 selfShieldTraceOutstanding=2 bootstrapDiagnosticAccepted=0 bootstrapDiagnosticRejected=0 bootstrapDiagnosticRejectReason=none bootstrapDiagnosticStage=none bootstrapDiagnosticReason=none bootstrapDiagnosticOutstanding=0
09-08 01:39:33.808  3095  3095 I ChromeMediaShieldStatus: v=1 seq=23 kind=renderer reports=2 rejected=0 globalCallbacks=354 globalRecords=3115 childRecords=2808 attributeRecords=307 maxRecords=595 scanCalls=5240 scanRoot=4 scanNodes=7706 maxScanNodes=108 scanMicros=337008 maxScanMicros=37099 observerChildScans=2538 observerAttributeScans=0 guardedScans=2172 markupScans=474 shadowScans=52 initialScans=4 otherScans=0 sanitizeElement=15694 sanitizeContainer=5779 img=1120 source=6 svg=754 iframe=44 canvas=4 video=0 safeIcon=754 lockIcon=388 geometryWrites=0 svgRecords=104 shadowRoots=4 shadowObservers=4 shadowCallbacks=8 shadowRecords=59 shadowScanCalls=52 ensureStyle=356 ensureCurtain=360 internalMutations=0
09-08 01:39:33.809  3095  3095 I ChromeMediaShieldStatus: v=1 seq=23 kind=rendererApis callScan=createElement=2164/0 createElementNS=54/0 appendChild=2061/2061 insertBefore=109/109 replaceChild=0/0 append=0/0 prepend=2/2 replaceChildren=0/0 before=0/0 after=0/0 replaceWith=0/0 adjacentElement=0/0 moveBefore=0/0 rangeInsert=0/0 rangeSurround=0/0 adoptNode=0/0 cloneNode=0/0 importNode=0/0 safeMarkup=237/237 innerHTML=237/237 outerHTML=0/0 insertAdjacentHTML=0/0 setHTML=0/0 shadowInnerHTML=0/0 execCommandInsertHTML=0/0 mappedTextContent=0/0
09-08 01:39:33.809  3095  3095 I ChromeMediaShieldStatus: v=1 seq=23 kind=rendererFamilies roots=element/fragment/text/other factory:calls=2218,scans=0,direct=2218,roots=2218/0/0/0,nodes=0,micros=25795,maxMicros=500 domGuard:calls=2172,scans=2172,direct=2147,roots=4051/0/257/11,nodes=3334,micros=95726,maxMicros=9199 markup:calls=474,scans=474,direct=0,roots=237/237/0/0,nodes=239,micros=6178,maxMicros=199
09-08 01:39:33.809  3095  3095 I ChromeMediaShieldStatus: v=1 seq=23 kind=uiSvg registered=14 registryBytes=7010 cssRewritten=1 cssRejected=0 networkAccepted=34 networkRejected=18 assetServed=6 assetRejected=0
09-08 01:39:33.809  3095  3095 I ChromeMediaShieldStatus: v=1 seq=23 kind=health failures=9 clientDisconnects=15 proxyQueueRejects=0 protectFailure=0 quicAttempts=0 directTcpAttempts=0 active=true ready=true
09-08 01:39:33.809  3095  3095 I ChromeMediaShieldStatus: v=1 seq=23 kind=fixture report=REPORT=not_run,DOCUMENTS=0,FRAMES=0,SCRIPTS=0,FIRST_ORIGINAL_SCRIPTS=0,STYLES=0,WORKERS=0,SERVICE_WORKERS=0,FRAME_REPORTS=0,FRAME_REPORT_REJECTS=0,FRAME_REPORT=not_run,FRAME_REPORT_SHA=not_run,FRAME_CHALLENGE_SHA=not_run,FRAME_GENERATION=0,FRAME_ACCEPTED_CHALLENGE_SHA=not_run,FRAME_REPORT_BINDING_SHA=not_run,SAME_URL_BODIES=0,REPORTS=0,SW_BOUNDARY={INSTALL_DOCS=0,WORKER_SCRIPTS=0,WORKER_PROBE_SCRIPTS=0,PROBE_DOCS=0,CLEANUP_DOCS=0,REPORTS_ACCEPTED=0,REPORTS_REJECTED=0,CONTROLLER_PRESENT=0,CONTROLLER_MISSING=0,NAV_FETCHES=0,SELF_READY_FETCHES=0,SELF_READY_PASS_THROUGH=0,SELF_READY_SYNTHETIC=0,NAV_SYNTHETIC=0,RESET_BASELINE_CLEAN=0,RESET_BASELINE_DIRTY=0,REGISTER_BLOCKED=0,REGISTER_SUCCEEDED=0,WORKER_REGISTER_BLOCKED=0,WORKER_REGISTER_SUCCEEDED=0,WORKER_REGISTER_UNSUPPORTED=0,WORKER_REGISTER_ERROR=0,LAST_CASE=none,LAST_EVENT=none,LAST_VALUE=none},UI_SVG={INLINE_ORIGINAL:PASS,INLINE_CLICK:PASS,SPRITE_ORIGINAL:PASS,UNSAFE_SPRITE_FAIL_CLOSED:PASS,STATIC_CSS:PASS,EXTERNAL_CSS:PASS,STYLE_ATTRIBUTE:PASS,DATA_IMAGE:PASS,FAVICON:PASS,PROTECTED_HEAD_RETENTION:PASS,NETWORK_SVG:PASS,UNSAFE_NETWORK_FAIL_CLOSED:PASS,DYNAMIC_CSS:PASS,RASTER_FAIL_CLOSED:PASS,UNSAFE_INLINE_FAIL_CLOSED:PASS}
09-08 01:40:34.552  3095  3095 I ChromePhotosDataPlane: phase=status statusSequence=24 lifecycle=PresentationReady active=true ready=true connections=486 requests=1236 safe=300 blocked=64 unknown=121 passthrough=649 cacheHits=14 cacheMisses=384 failures=9 clientDisconnects=15 bytesIn=32553127 bytesOut=34516657 streamed=509 proxyQueueRejects=0 proxyActivePeak=64 proxyP50Ms=170.712 proxyP95Ms=1189.773 proxyP99Ms=1422.549 upstreamSockets=362 protectSuccess=362 protectFailure=0 web11a=not_run web11b=not_run modelLoadMs=409.920 engineCalls=359 dedupeHits=2 decisionCacheConfig=64 decisionConcurrencyConfig=1 decisionQueueConfig=2 decisionTimeoutMs=5000 engineCallsPerRequest=0.9573333333333334 inferencePeak=1 inFlightPeak=2 queuePeak=1 queueRejects=0 timeouts=0 inferenceP50Ms=139.664739 inferenceP95Ms=593.728125 inferenceP99Ms=732.626042 decisionP50Ms=283.129688 decisionP95Ms=1129.662603 decisionP99Ms=1372.257447 cacheHitP50Ms=0.043334 cacheHitP95Ms=0.063073 cacheEntries=64 cacheEvictions=295 preprocessP50Ms=4.97625 preprocessP95Ms=20.83776 preprocessP99Ms=73.307969 preparedCount1=311 preparedCount4=45 preparedCount5=3 preparedCountOther=0 decisionBasis=FullStrong:28,FullThreshold:39,None:290,UncertainRegional:2 imageCandidates=493 imagePrefixPeeks=58 imageMagicCandidates=0 imageBodyAdmissionPeak=2 imageBodyAdmissionRejects=0 networkVisualCandidates=478 networkVisualReplaced=0 networkVisualRawDelivered=0 networkVisualSafeRawDelivered=300 networkVisualBlockedReplaced=64 networkVisualUnknownReplaced=0 networkVisualUnsupportedReplaced=103 networkVisualRawBlockedDelivered=0 networkVisualRawUnknownDelivered=0 networkVisualCacheHit=14 networkVisualInference=348 mediaDocumentsTransformed=28 mediaDocumentsFailClosed=6 documentTransformOutstanding=0 readyTokensOutstanding=28 uiSvgRegistered=14 uiSvgRegistryBytes=7010 uiSvgCssRewritten=1 uiSvgCssRejected=0 uiSvgNetworkAccepted=34 uiSvgNetworkRejected=18 uiSvgAssetServed=6 uiSvgAssetRejected=0 h18=REPORT=not_run,EVENT_SEQUENCE=0,COMPAT_DOCS=0,STRICT_DOCS=0,STYLE_REQ=0,SCRIPT_REQ=0,DATA_REQ=0,NETWORK_REQ=0,REPORTS=0,LAST_DOC=none,NETWORK_SHA=ee17e3f62edde61823ce35732ea168f4f5986bff347ccfac063eca7f4009ee1b,AUDIT_SHA=74d4467bbf6833db4eeab998495b7dfc50db3b1f04f407704b839ad3f4b25582 h19=REPORT=not_run,DOCUMENTS=0,FRAMES=0,SCRIPTS=0,FIRST_ORIGINAL_SCRIPTS=0,STYLES=0,WORKERS=0,SERVICE_WORKERS=0,FRAME_REPORTS=0,FRAME_REPORT_REJECTS=0,FRAME_REPORT=not_run,FRAME_REPORT_SHA=not_run,FRAME_CHALLENGE_SHA=not_run,FRAME_GENERATION=0,FRAME_ACCEPTED_CHALLENGE_SHA=not_run,FRAME_REPORT_BINDING_SHA=not_run,SAME_URL_BODIES=0,REPORTS=0,SW_BOUNDARY={INSTALL_DOCS=0,WORKER_SCRIPTS=0,WORKER_PROBE_SCRIPTS=0,PROBE_DOCS=0,CLEANUP_DOCS=0,REPORTS_ACCEPTED=0,REPORTS_REJECTED=0,CONTROLLER_PRESENT=0,CONTROLLER_MISSING=0,NAV_FETCHES=0,SELF_READY_FETCHES=0,SELF_READY_PASS_THROUGH=0,SELF_READY_SYNTHETIC=0,NAV_SYNTHETIC=0,RESET_BASELINE_CLEAN=0,RESET_BASELINE_DIRTY=0,REGISTER_BLOCKED=0,REGISTER_SUCCEEDED=0,WORKER_REGISTER_BLOCKED=0,WORKER_REGISTER_SUCCEEDED=0,WORKER_REGISTER_UNSUPPORTED=0,WORKER_REGISTER_ERROR=0,LAST_CASE=none,LAST_EVENT=none,LAST_VALUE=none},UI_SVG={INLINE_ORIGINAL:PASS,INLINE_CLICK:PASS,SPRITE_ORIGINAL:PASS,UNSAFE_SPRITE_FAIL_CLOSED:PASS,STATIC_CSS:PASS,EXTERNAL_CSS:PASS,STYLE_ATTRIBUTE:PASS,DATA_IMAGE:PASS,FAVICON:PASS,PROTECTED_HEAD_RETENTION:PASS,NETWORK_SVG:PASS,UNSAFE_NETWORK_FAIL_CLOSED:PASS,DYNAMIC_CSS:PASS,RASTER_FAIL_CLOSED:PASS,UNSAFE_INLINE_FAIL_CLOSED:PASS} quicAttempts=0 directTcpAttempts=0 bootstrapResetGeneration=2 bootstrapCompleteGeneration=2 bootstrapResetCount=3 chromeSuspended=false guardSession=528 guardHeartbeatSequence=2610 audit17State=0 audit17Navigation=0 audit17Events=502 audit17Dropped=0
09-08 01:40:34.553  3095  3095 I ChromeMediaShieldStatus: v=1 seq=24 kind=network mode=selective candidates=478 replaced=0 rawDelivered=0 safeRaw=300 blockedReplaced=64 unknownReplaced=0 unsupportedReplaced=103 rawBlocked=0 rawUnknown=0 cacheHit=14 decisionEngine=348 engineCalls=359
09-08 01:40:34.553  3095  3095 I ChromeMediaShieldStatus: v=1 seq=24 kind=document transformed=28 failClosed=6 outstanding=0 issued=28 claims=13 documentSequence=28 navigationSequence=14 readyRequests=41 readyPreflights=0 readyAccepted=13 readyRejected=0 parserBarrierRequests=0 parserBarrierReady=0 parserBarrierFailClosed=0 selfShield=true selfReadyRequests=13 selfReadyAccepted=13 selfReadyRejected=0 selfReadyRejectReason=none selfShieldReleaseCompleted=13 selfShieldParserContinued=13 selfShieldOriginalScriptStarted=0 selfShieldTraceRejected=0 selfShieldTraceOutstanding=2 bootstrapDiagnosticAccepted=0 bootstrapDiagnosticRejected=0 bootstrapDiagnosticRejectReason=none bootstrapDiagnosticStage=none bootstrapDiagnosticReason=none bootstrapDiagnosticOutstanding=0
09-08 01:40:34.553  3095  3095 I ChromeMediaShieldStatus: v=1 seq=24 kind=renderer reports=2 rejected=0 globalCallbacks=354 globalRecords=3115 childRecords=2808 attributeRecords=307 maxRecords=595 scanCalls=5240 scanRoot=4 scanNodes=7706 maxScanNodes=108 scanMicros=337008 maxScanMicros=37099 observerChildScans=2538 observerAttributeScans=0 guardedScans=2172 markupScans=474 shadowScans=52 initialScans=4 otherScans=0 sanitizeElement=15694 sanitizeContainer=5779 img=1120 source=6 svg=754 iframe=44 canvas=4 video=0 safeIcon=754 lockIcon=388 geometryWrites=0 svgRecords=104 shadowRoots=4 shadowObservers=4 shadowCallbacks=8 shadowRecords=59 shadowScanCalls=52 ensureStyle=356 ensureCurtain=360 internalMutations=0
09-08 01:40:34.553  3095  3095 I ChromeMediaShieldStatus: v=1 seq=24 kind=rendererApis callScan=createElement=2164/0 createElementNS=54/0 appendChild=2061/2061 insertBefore=109/109 replaceChild=0/0 append=0/0 prepend=2/2 replaceChildren=0/0 before=0/0 after=0/0 replaceWith=0/0 adjacentElement=0/0 moveBefore=0/0 rangeInsert=0/0 rangeSurround=0/0 adoptNode=0/0 cloneNode=0/0 importNode=0/0 safeMarkup=237/237 innerHTML=237/237 outerHTML=0/0 insertAdjacentHTML=0/0 setHTML=0/0 shadowInnerHTML=0/0 execCommandInsertHTML=0/0 mappedTextContent=0/0
09-08 01:40:34.553  3095  3095 I ChromeMediaShieldStatus: v=1 seq=24 kind=rendererFamilies roots=element/fragment/text/other factory:calls=2218,scans=0,direct=2218,roots=2218/0/0/0,nodes=0,micros=25795,maxMicros=500 domGuard:calls=2172,scans=2172,direct=2147,roots=4051/0/257/11,nodes=3334,micros=95726,maxMicros=9199 markup:calls=474,scans=474,direct=0,roots=237/237/0/0,nodes=239,micros=6178,maxMicros=199
09-08 01:40:34.553  3095  3095 I ChromeMediaShieldStatus: v=1 seq=24 kind=uiSvg registered=14 registryBytes=7010 cssRewritten=1 cssRejected=0 networkAccepted=34 networkRejected=18 assetServed=6 assetRejected=0
09-08 01:40:34.553  3095  3095 I ChromeMediaShieldStatus: v=1 seq=24 kind=health failures=9 clientDisconnects=15 proxyQueueRejects=0 protectFailure=0 quicAttempts=0 directTcpAttempts=0 active=true ready=true
09-08 01:40:34.553  3095  3095 I ChromeMediaShieldStatus: v=1 seq=24 kind=fixture report=REPORT=not_run,DOCUMENTS=0,FRAMES=0,SCRIPTS=0,FIRST_ORIGINAL_SCRIPTS=0,STYLES=0,WORKERS=0,SERVICE_WORKERS=0,FRAME_REPORTS=0,FRAME_REPORT_REJECTS=0,FRAME_REPORT=not_run,FRAME_REPORT_SHA=not_run,FRAME_CHALLENGE_SHA=not_run,FRAME_GENERATION=0,FRAME_ACCEPTED_CHALLENGE_SHA=not_run,FRAME_REPORT_BINDING_SHA=not_run,SAME_URL_BODIES=0,REPORTS=0,SW_BOUNDARY={INSTALL_DOCS=0,WORKER_SCRIPTS=0,WORKER_PROBE_SCRIPTS=0,PROBE_DOCS=0,CLEANUP_DOCS=0,REPORTS_ACCEPTED=0,REPORTS_REJECTED=0,CONTROLLER_PRESENT=0,CONTROLLER_MISSING=0,NAV_FETCHES=0,SELF_READY_FETCHES=0,SELF_READY_PASS_THROUGH=0,SELF_READY_SYNTHETIC=0,NAV_SYNTHETIC=0,RESET_BASELINE_CLEAN=0,RESET_BASELINE_DIRTY=0,REGISTER_BLOCKED=0,REGISTER_SUCCEEDED=0,WORKER_REGISTER_BLOCKED=0,WORKER_REGISTER_SUCCEEDED=0,WORKER_REGISTER_UNSUPPORTED=0,WORKER_REGISTER_ERROR=0,LAST_CASE=none,LAST_EVENT=none,LAST_VALUE=none},UI_SVG={INLINE_ORIGINAL:PASS,INLINE_CLICK:PASS,SPRITE_ORIGINAL:PASS,UNSAFE_SPRITE_FAIL_CLOSED:PASS,STATIC_CSS:PASS,EXTERNAL_CSS:PASS,STYLE_ATTRIBUTE:PASS,DATA_IMAGE:PASS,FAVICON:PASS,PROTECTED_HEAD_RETENTION:PASS,NETWORK_SVG:PASS,UNSAFE_NETWORK_FAIL_CLOSED:PASS,DYNAMIC_CSS:PASS,RASTER_FAIL_CLOSED:PASS,UNSAFE_INLINE_FAIL_CLOSED:PASS}
09-08 01:41:34.109  3095  3095 I ChromePhotosDataPlane: phase=status statusSequence=25 lifecycle=PresentationReady active=true ready=true connections=486 requests=1236 safe=300 blocked=64 unknown=121 passthrough=649 cacheHits=14 cacheMisses=384 failures=9 clientDisconnects=15 bytesIn=32553127 bytesOut=34516657 streamed=509 proxyQueueRejects=0 proxyActivePeak=64 proxyP50Ms=170.712 proxyP95Ms=1189.773 proxyP99Ms=1422.549 upstreamSockets=362 protectSuccess=362 protectFailure=0 web11a=not_run web11b=not_run modelLoadMs=409.920 engineCalls=359 dedupeHits=2 decisionCacheConfig=64 decisionConcurrencyConfig=1 decisionQueueConfig=2 decisionTimeoutMs=5000 engineCallsPerRequest=0.9573333333333334 inferencePeak=1 inFlightPeak=2 queuePeak=1 queueRejects=0 timeouts=0 inferenceP50Ms=139.664739 inferenceP95Ms=593.728125 inferenceP99Ms=732.626042 decisionP50Ms=283.129688 decisionP95Ms=1129.662603 decisionP99Ms=1372.257447 cacheHitP50Ms=0.043334 cacheHitP95Ms=0.063073 cacheEntries=64 cacheEvictions=295 preprocessP50Ms=4.97625 preprocessP95Ms=20.83776 preprocessP99Ms=73.307969 preparedCount1=311 preparedCount4=45 preparedCount5=3 preparedCountOther=0 decisionBasis=FullStrong:28,FullThreshold:39,None:290,UncertainRegional:2 imageCandidates=493 imagePrefixPeeks=58 imageMagicCandidates=0 imageBodyAdmissionPeak=2 imageBodyAdmissionRejects=0 networkVisualCandidates=478 networkVisualReplaced=0 networkVisualRawDelivered=0 networkVisualSafeRawDelivered=300 networkVisualBlockedReplaced=64 networkVisualUnknownReplaced=0 networkVisualUnsupportedReplaced=103 networkVisualRawBlockedDelivered=0 networkVisualRawUnknownDelivered=0 networkVisualCacheHit=14 networkVisualInference=348 mediaDocumentsTransformed=28 mediaDocumentsFailClosed=6 documentTransformOutstanding=0 readyTokensOutstanding=28 uiSvgRegistered=14 uiSvgRegistryBytes=7010 uiSvgCssRewritten=1 uiSvgCssRejected=0 uiSvgNetworkAccepted=34 uiSvgNetworkRejected=18 uiSvgAssetServed=6 uiSvgAssetRejected=0 h18=REPORT=not_run,EVENT_SEQUENCE=0,COMPAT_DOCS=0,STRICT_DOCS=0,STYLE_REQ=0,SCRIPT_REQ=0,DATA_REQ=0,NETWORK_REQ=0,REPORTS=0,LAST_DOC=none,NETWORK_SHA=ee17e3f62edde61823ce35732ea168f4f5986bff347ccfac063eca7f4009ee1b,AUDIT_SHA=74d4467bbf6833db4eeab998495b7dfc50db3b1f04f407704b839ad3f4b25582 h19=REPORT=not_run,DOCUMENTS=0,FRAMES=0,SCRIPTS=0,FIRST_ORIGINAL_SCRIPTS=0,STYLES=0,WORKERS=0,SERVICE_WORKERS=0,FRAME_REPORTS=0,FRAME_REPORT_REJECTS=0,FRAME_REPORT=not_run,FRAME_REPORT_SHA=not_run,FRAME_CHALLENGE_SHA=not_run,FRAME_GENERATION=0,FRAME_ACCEPTED_CHALLENGE_SHA=not_run,FRAME_REPORT_BINDING_SHA=not_run,SAME_URL_BODIES=0,REPORTS=0,SW_BOUNDARY={INSTALL_DOCS=0,WORKER_SCRIPTS=0,WORKER_PROBE_SCRIPTS=0,PROBE_DOCS=0,CLEANUP_DOCS=0,REPORTS_ACCEPTED=0,REPORTS_REJECTED=0,CONTROLLER_PRESENT=0,CONTROLLER_MISSING=0,NAV_FETCHES=0,SELF_READY_FETCHES=0,SELF_READY_PASS_THROUGH=0,SELF_READY_SYNTHETIC=0,NAV_SYNTHETIC=0,RESET_BASELINE_CLEAN=0,RESET_BASELINE_DIRTY=0,REGISTER_BLOCKED=0,REGISTER_SUCCEEDED=0,WORKER_REGISTER_BLOCKED=0,WORKER_REGISTER_SUCCEEDED=0,WORKER_REGISTER_UNSUPPORTED=0,WORKER_REGISTER_ERROR=0,LAST_CASE=none,LAST_EVENT=none,LAST_VALUE=none},UI_SVG={INLINE_ORIGINAL:PASS,INLINE_CLICK:PASS,SPRITE_ORIGINAL:PASS,UNSAFE_SPRITE_FAIL_CLOSED:PASS,STATIC_CSS:PASS,EXTERNAL_CSS:PASS,STYLE_ATTRIBUTE:PASS,DATA_IMAGE:PASS,FAVICON:PASS,PROTECTED_HEAD_RETENTION:PASS,NETWORK_SVG:PASS,UNSAFE_NETWORK_FAIL_CLOSED:PASS,DYNAMIC_CSS:PASS,RASTER_FAIL_CLOSED:PASS,UNSAFE_INLINE_FAIL_CLOSED:PASS} quicAttempts=0 directTcpAttempts=0 bootstrapResetGeneration=2 bootstrapCompleteGeneration=2 bootstrapResetCount=3 chromeSuspended=false guardSession=528 guardHeartbeatSequence=2715 audit17State=0 audit17Navigation=0 audit17Events=502 audit17Dropped=0
09-08 01:41:34.110  3095  3095 I ChromeMediaShieldStatus: v=1 seq=25 kind=network mode=selective candidates=478 replaced=0 rawDelivered=0 safeRaw=300 blockedReplaced=64 unknownReplaced=0 unsupportedReplaced=103 rawBlocked=0 rawUnknown=0 cacheHit=14 decisionEngine=348 engineCalls=359
09-08 01:41:34.110  3095  3095 I ChromeMediaShieldStatus: v=1 seq=25 kind=document transformed=28 failClosed=6 outstanding=0 issued=28 claims=13 documentSequence=28 navigationSequence=14 readyRequests=41 readyPreflights=0 readyAccepted=13 readyRejected=0 parserBarrierRequests=0 parserBarrierReady=0 parserBarrierFailClosed=0 selfShield=true selfReadyRequests=13 selfReadyAccepted=13 selfReadyRejected=0 selfReadyRejectReason=none selfShieldReleaseCompleted=13 selfShieldParserContinued=13 selfShieldOriginalScriptStarted=0 selfShieldTraceRejected=0 selfShieldTraceOutstanding=2 bootstrapDiagnosticAccepted=0 bootstrapDiagnosticRejected=0 bootstrapDiagnosticRejectReason=none bootstrapDiagnosticStage=none bootstrapDiagnosticReason=none bootstrapDiagnosticOutstanding=0
09-08 01:41:34.110  3095  3095 I ChromeMediaShieldStatus: v=1 seq=25 kind=renderer reports=2 rejected=0 globalCallbacks=354 globalRecords=3115 childRecords=2808 attributeRecords=307 maxRecords=595 scanCalls=5240 scanRoot=4 scanNodes=7706 maxScanNodes=108 scanMicros=337008 maxScanMicros=37099 observerChildScans=2538 observerAttributeScans=0 guardedScans=2172 markupScans=474 shadowScans=52 initialScans=4 otherScans=0 sanitizeElement=15694 sanitizeContainer=5779 img=1120 source=6 svg=754 iframe=44 canvas=4 video=0 safeIcon=754 lockIcon=388 geometryWrites=0 svgRecords=104 shadowRoots=4 shadowObservers=4 shadowCallbacks=8 shadowRecords=59 shadowScanCalls=52 ensureStyle=356 ensureCurtain=360 internalMutations=0
09-08 01:41:34.110  3095  3095 I ChromeMediaShieldStatus: v=1 seq=25 kind=rendererApis callScan=createElement=2164/0 createElementNS=54/0 appendChild=2061/2061 insertBefore=109/109 replaceChild=0/0 append=0/0 prepend=2/2 replaceChildren=0/0 before=0/0 after=0/0 replaceWith=0/0 adjacentElement=0/0 moveBefore=0/0 rangeInsert=0/0 rangeSurround=0/0 adoptNode=0/0 cloneNode=0/0 importNode=0/0 safeMarkup=237/237 innerHTML=237/237 outerHTML=0/0 insertAdjacentHTML=0/0 setHTML=0/0 shadowInnerHTML=0/0 execCommandInsertHTML=0/0 mappedTextContent=0/0
09-08 01:41:34.110  3095  3095 I ChromeMediaShieldStatus: v=1 seq=25 kind=rendererFamilies roots=element/fragment/text/other factory:calls=2218,scans=0,direct=2218,roots=2218/0/0/0,nodes=0,micros=25795,maxMicros=500 domGuard:calls=2172,scans=2172,direct=2147,roots=4051/0/257/11,nodes=3334,micros=95726,maxMicros=9199 markup:calls=474,scans=474,direct=0,roots=237/237/0/0,nodes=239,micros=6178,maxMicros=199
09-08 01:41:34.110  3095  3095 I ChromeMediaShieldStatus: v=1 seq=25 kind=uiSvg registered=14 registryBytes=7010 cssRewritten=1 cssRejected=0 networkAccepted=34 networkRejected=18 assetServed=6 assetRejected=0
09-08 01:41:34.110  3095  3095 I ChromeMediaShieldStatus: v=1 seq=25 kind=health failures=9 clientDisconnects=15 proxyQueueRejects=0 protectFailure=0 quicAttempts=0 directTcpAttempts=0 active=true ready=true
09-08 01:41:34.110  3095  3095 I ChromeMediaShieldStatus: v=1 seq=25 kind=fixture report=REPORT=not_run,DOCUMENTS=0,FRAMES=0,SCRIPTS=0,FIRST_ORIGINAL_SCRIPTS=0,STYLES=0,WORKERS=0,SERVICE_WORKERS=0,FRAME_REPORTS=0,FRAME_REPORT_REJECTS=0,FRAME_REPORT=not_run,FRAME_REPORT_SHA=not_run,FRAME_CHALLENGE_SHA=not_run,FRAME_GENERATION=0,FRAME_ACCEPTED_CHALLENGE_SHA=not_run,FRAME_REPORT_BINDING_SHA=not_run,SAME_URL_BODIES=0,REPORTS=0,SW_BOUNDARY={INSTALL_DOCS=0,WORKER_SCRIPTS=0,WORKER_PROBE_SCRIPTS=0,PROBE_DOCS=0,CLEANUP_DOCS=0,REPORTS_ACCEPTED=0,REPORTS_REJECTED=0,CONTROLLER_PRESENT=0,CONTROLLER_MISSING=0,NAV_FETCHES=0,SELF_READY_FETCHES=0,SELF_READY_PASS_THROUGH=0,SELF_READY_SYNTHETIC=0,NAV_SYNTHETIC=0,RESET_BASELINE_CLEAN=0,RESET_BASELINE_DIRTY=0,REGISTER_BLOCKED=0,REGISTER_SUCCEEDED=0,WORKER_REGISTER_BLOCKED=0,WORKER_REGISTER_SUCCEEDED=0,WORKER_REGISTER_UNSUPPORTED=0,WORKER_REGISTER_ERROR=0,LAST_CASE=none,LAST_EVENT=none,LAST_VALUE=none},UI_SVG={INLINE_ORIGINAL:PASS,INLINE_CLICK:PASS,SPRITE_ORIGINAL:PASS,UNSAFE_SPRITE_FAIL_CLOSED:PASS,STATIC_CSS:PASS,EXTERNAL_CSS:PASS,STYLE_ATTRIBUTE:PASS,DATA_IMAGE:PASS,FAVICON:PASS,PROTECTED_HEAD_RETENTION:PASS,NETWORK_SVG:PASS,UNSAFE_NETWORK_FAIL_CLOSED:PASS,DYNAMIC_CSS:PASS,RASTER_FAIL_CLOSED:PASS,UNSAFE_INLINE_FAIL_CLOSED:PASS}
09-08 01:42:07.659  3095  3095 I ChromePhotosDataPlane: bootstrap=locked_boot_guard blocked=true
