--------- beginning of main
09-08 10:04:48.563  8375  8375 I ChromePhotosDataPlane: phase=status statusSequence=2 lifecycle=PresentationReady active=true ready=true connections=0 requests=0 safe=0 blocked=0 unknown=0 passthrough=0 cacheHits=0 cacheMisses=0 failures=0 clientDisconnects=0 bytesIn=0 bytesOut=0 streamed=0 proxyQueueRejects=0 proxyActivePeak=0 proxyP50Ms=0.000 proxyP95Ms=0.000 proxyP99Ms=0.000 upstreamSockets=0 protectSuccess=0 protectFailure=0 web11a=not_run web11b=not_run modelLoadMs=555.259 engineCalls=0 dedupeHits=0 decisionCacheConfig=256 decisionConcurrencyConfig=1 decisionQueueConfig=2 decisionTimeoutMs=5000 engineCallsPerRequest=0.0 inferencePeak=0 inFlightPeak=0 queuePeak=0 queueRejects=0 timeouts=0 inferenceP50Ms=0.0 inferenceP95Ms=0.0 inferenceP99Ms=0.0 decisionP50Ms=0.0 decisionP95Ms=0.0 decisionP99Ms=0.0 cacheHitP50Ms=0.0 cacheHitP95Ms=0.0 cacheEntries=0 cacheEvictions=0 preprocessP50Ms=0.0 preprocessP95Ms=0.0 preprocessP99Ms=0.0 preparedCount1=0 preparedCount4=0 preparedCount5=0 preparedCountOther=0 decisionBasis= imageCandidates=0 imagePrefixPeeks=0 imageMagicCandidates=0 imageBodyAdmissionPeak=0 imageBodyAdmissionRejects=0 networkVisualCandidates=0 networkVisualReplaced=0 networkVisualRawDelivered=0 networkVisualSafeRawDelivered=0 networkVisualBlockedReplaced=0 networkVisualUnknownReplaced=0 networkVisualUnsupportedReplaced=0 networkVisualRawBlockedDelivered=0 networkVisualRawUnknownDelivered=0 networkVisualCacheHit=0 networkVisualInference=0 mediaDocumentsTransformed=0 mediaDocumentsFailClosed=0 documentTransformOutstanding=0 readyTokensOutstanding=0 uiSvgRegistered=0 uiSvgRegistryBytes=0 uiSvgCssRewritten=0 uiSvgCssRejected=0 uiSvgNetworkAccepted=0 uiSvgNetworkRejected=0 uiSvgAssetServed=0 uiSvgAssetRejected=0 h18=REPORT=not_run,EVENT_SEQUENCE=0,COMPAT_DOCS=0,STRICT_DOCS=0,STYLE_REQ=0,SCRIPT_REQ=0,DATA_REQ=0,NETWORK_REQ=0,REPORTS=0,LAST_DOC=none,NETWORK_SHA=ee17e3f62edde61823ce35732ea168f4f5986bff347ccfac063eca7f4009ee1b,AUDIT_SHA=74d4467bbf6833db4eeab998495b7dfc50db3b1f04f407704b839ad3f4b25582 h19=REPORT=not_run,DOCUMENTS=0,FRAMES=0,SCRIPTS=0,FIRST_ORIGINAL_SCRIPTS=0,STYLES=0,WORKERS=0,SERVICE_WORKERS=0,FRAME_REPORTS=0,FRAME_REPORT_REJECTS=0,FRAME_REPORT=not_run,FRAME_REPORT_SHA=not_run,FRAME_CHALLENGE_SHA=not_run,FRAME_GENERATION=0,FRAME_ACCEPTED_CHALLENGE_SHA=not_run,FRAME_REPORT_BINDING_SHA=not_run,SAME_URL_BODIES=0,REPORTS=0,SW_BOUNDARY={INSTALL_DOCS=0,WORKER_SCRIPTS=0,WORKER_PROBE_SCRIPTS=0,PROBE_DOCS=0,CLEANUP_DOCS=0,REPORTS_ACCEPTED=0,REPORTS_REJECTED=0,CONTROLLER_PRESENT=0,CONTROLLER_MISSING=0,NAV_FETCHES=0,SELF_READY_FETCHES=0,SELF_READY_PASS_THROUGH=0,SELF_READY_SYNTHETIC=0,NAV_SYNTHETIC=0,RESET_BASELINE_CLEAN=0,RESET_BASELINE_DIRTY=0,REGISTER_BLOCKED=0,REGISTER_SUCCEEDED=0,WORKER_REGISTER_BLOCKED=0,WORKER_REGISTER_SUCCEEDED=0,WORKER_REGISTER_UNSUPPORTED=0,WORKER_REGISTER_ERROR=0,LAST_CASE=none,LAST_EVENT=none,LAST_VALUE=none},UI_SVG={not_run} quicAttempts=0 directTcpAttempts=0 bootstrapResetGeneration=2 bootstrapCompleteGeneration=2 bootstrapResetCount=3 chromeSuspended=false guardSession=555 guardHeartbeatSequence=37 audit17State=0 audit17Navigation=0 audit17Events=0 audit17Dropped=0
09-08 10:04:48.563  8375  8375 I ChromeMediaShieldStatus: v=1 seq=2 kind=network mode=selective candidates=0 replaced=0 rawDelivered=0 safeRaw=0 blockedReplaced=0 unknownReplaced=0 unsupportedReplaced=0 rawBlocked=0 rawUnknown=0 cacheHit=0 decisionEngine=0 engineCalls=0
09-08 10:04:48.563  8375  8375 I ChromeMediaShieldStatus: v=1 seq=2 kind=document transformed=0 failClosed=0 outstanding=0 issued=0 claims=0 documentSequence=0 navigationSequence=0 readyRequests=0 readyPreflights=0 readyAccepted=0 readyRejected=0 parserBarrierRequests=0 parserBarrierReady=0 parserBarrierFailClosed=0 selfShield=true selfReadyRequests=0 selfReadyAccepted=0 selfReadyRejected=0 selfReadyRejectReason=none selfShieldReleaseCompleted=0 selfShieldParserContinued=0 selfShieldOriginalScriptStarted=0 selfShieldTraceRejected=0 selfShieldTraceOutstanding=0 bootstrapDiagnosticAccepted=0 bootstrapDiagnosticRejected=0 bootstrapDiagnosticRejectReason=none bootstrapDiagnosticStage=none bootstrapDiagnosticReason=none bootstrapDiagnosticOutstanding=0
09-08 10:04:48.564  8375  8375 I ChromeMediaShieldStatus: v=1 seq=2 kind=renderer reports=0 rejected=0 globalCallbacks=0 globalRecords=0 childRecords=0 attributeRecords=0 maxRecords=0 scanCalls=0 scanRoot=0 scanNodes=0 maxScanNodes=0 scanMicros=0 maxScanMicros=0 observerChildScans=0 observerAttributeScans=0 guardedScans=0 markupScans=0 shadowScans=0 initialScans=0 otherScans=0 sanitizeElement=0 sanitizeContainer=0 img=0 source=0 svg=0 iframe=0 canvas=0 video=0 safeIcon=0 lockIcon=0 geometryWrites=0 svgRecords=0 shadowRoots=0 shadowObservers=0 shadowCallbacks=0 shadowRecords=0 shadowScanCalls=0 ensureStyle=0 ensureCurtain=0 internalMutations=0
09-08 10:04:48.564  8375  8375 I ChromeMediaShieldStatus: v=1 seq=2 kind=rendererApis callScan=createElement=0/0 createElementNS=0/0 appendChild=0/0 insertBefore=0/0 replaceChild=0/0 append=0/0 prepend=0/0 replaceChildren=0/0 before=0/0 after=0/0 replaceWith=0/0 adjacentElement=0/0 moveBefore=0/0 rangeInsert=0/0 rangeSurround=0/0 adoptNode=0/0 cloneNode=0/0 importNode=0/0 safeMarkup=0/0 innerHTML=0/0 outerHTML=0/0 insertAdjacentHTML=0/0 setHTML=0/0 shadowInnerHTML=0/0 execCommandInsertHTML=0/0 mappedTextContent=0/0
09-08 10:04:48.564  8375  8375 I ChromeMediaShieldStatus: v=1 seq=2 kind=rendererFamilies roots=element/fragment/text/other factory:calls=0,scans=0,direct=0,roots=0/0/0/0,nodes=0,micros=0,maxMicros=0 domGuard:calls=0,scans=0,direct=0,roots=0/0/0/0,nodes=0,micros=0,maxMicros=0 markup:calls=0,scans=0,direct=0,roots=0/0/0/0,nodes=0,micros=0,maxMicros=0
09-08 10:04:48.564  8375  8375 I ChromeMediaShieldStatus: v=1 seq=2 kind=uiSvg registered=0 registryBytes=0 cssRewritten=0 cssRejected=0 networkAccepted=0 networkRejected=0 assetServed=0 assetRejected=0
09-08 10:04:48.564  8375  8375 I ChromeMediaShieldStatus: v=1 seq=2 kind=health failures=0 clientDisconnects=0 proxyQueueRejects=0 protectFailure=0 quicAttempts=0 directTcpAttempts=0 active=true ready=true
09-08 10:04:48.564  8375  8375 I ChromeMediaShieldStatus: v=1 seq=2 kind=fixture report=REPORT=not_run,DOCUMENTS=0,FRAMES=0,SCRIPTS=0,FIRST_ORIGINAL_SCRIPTS=0,STYLES=0,WORKERS=0,SERVICE_WORKERS=0,FRAME_REPORTS=0,FRAME_REPORT_REJECTS=0,FRAME_REPORT=not_run,FRAME_REPORT_SHA=not_run,FRAME_CHALLENGE_SHA=not_run,FRAME_GENERATION=0,FRAME_ACCEPTED_CHALLENGE_SHA=not_run,FRAME_REPORT_BINDING_SHA=not_run,SAME_URL_BODIES=0,REPORTS=0,SW_BOUNDARY={INSTALL_DOCS=0,WORKER_SCRIPTS=0,WORKER_PROBE_SCRIPTS=0,PROBE_DOCS=0,CLEANUP_DOCS=0,REPORTS_ACCEPTED=0,REPORTS_REJECTED=0,CONTROLLER_PRESENT=0,CONTROLLER_MISSING=0,NAV_FETCHES=0,SELF_READY_FETCHES=0,SELF_READY_PASS_THROUGH=0,SELF_READY_SYNTHETIC=0,NAV_SYNTHETIC=0,RESET_BASELINE_CLEAN=0,RESET_BASELINE_DIRTY=0,REGISTER_BLOCKED=0,REGISTER_SUCCEEDED=0,WORKER_REGISTER_BLOCKED=0,WORKER_REGISTER_SUCCEEDED=0,WORKER_REGISTER_UNSUPPORTED=0,WORKER_REGISTER_ERROR=0,LAST_CASE=none,LAST_EVENT=none,LAST_VALUE=none},UI_SVG={not_run}
09-08 10:04:50.977  8375  8807 I ChromePhotosDataPlane: phase=worker_ready correlationId=c1 admissionWaitMs=3.015
09-08 10:04:51.117  8375  8807 I ChromePhotosDataPlane: phase=tls_certificate correlationId=c1 tlsCacheHit=false tlsCacheWaitMs=0.016 tlsCreationMs=59.619
09-08 10:04:51.117  8375  8807 I ChromePhotosDataPlane: phase=tls_material correlationId=c1 tlsMaterialMs=62.530
09-08 10:04:51.351  8375  8843 I ChromePhotosDataPlane: phase=worker_ready correlationId=c2 admissionWaitMs=0.651
09-08 10:04:51.431  8375  8858 I ChromePhotosDataPlane: phase=worker_ready correlationId=c3 admissionWaitMs=3.023
09-08 10:04:51.446  8375  8859 I ChromePhotosDataPlane: phase=worker_ready correlationId=c4 admissionWaitMs=16.166
09-08 10:04:51.446  8375  8860 I ChromePhotosDataPlane: phase=worker_ready correlationId=c5 admissionWaitMs=9.542
09-08 10:04:51.447  8375  8843 I ChromePhotosDataPlane: phase=tls_certificate correlationId=c2 tlsCacheHit=false tlsCacheWaitMs=0.021 tlsCreationMs=37.039
09-08 10:04:51.447  8375  8843 I ChromePhotosDataPlane: phase=tls_material correlationId=c2 tlsMaterialMs=37.510
09-08 10:04:51.451  8375  8861 I ChromePhotosDataPlane: phase=worker_ready correlationId=c6 admissionWaitMs=11.060
09-08 10:04:51.453  8375  8862 I ChromePhotosDataPlane: phase=worker_ready correlationId=c7 admissionWaitMs=10.449
09-08 10:04:51.455  8375  8865 I ChromePhotosDataPlane: phase=worker_ready correlationId=c8 admissionWaitMs=9.047
09-08 10:04:51.460  8375  8868 I ChromePhotosDataPlane: phase=worker_ready correlationId=c9 admissionWaitMs=10.851
09-08 10:04:51.473  8375  8882 I ChromePhotosDataPlane: phase=worker_ready correlationId=c10 admissionWaitMs=3.179
09-08 10:04:51.476  8375  8887 I ChromePhotosDataPlane: phase=worker_ready correlationId=c11 admissionWaitMs=4.584
09-08 10:04:51.521  8375  8858 I ChromePhotosDataPlane: phase=tls_certificate correlationId=c3 tlsCacheHit=false tlsCacheWaitMs=0.043 tlsCreationMs=46.620
09-08 10:04:51.521  8375  8858 I ChromePhotosDataPlane: phase=tls_material correlationId=c3 tlsMaterialMs=47.458
09-08 10:04:51.526  8375  8843 I ChromePhotosDataPlane: phase=tls_ready correlationId=c2 hostClass=network hostHash=f58aed0f48e58f0c clientProtocol=http/1.1 ca=201dea049e16dfd8
09-08 10:04:51.531  8375  8807 I ChromePhotosDataPlane: phase=tls_ready correlationId=c1 hostClass=network hostHash=b9b8e1e6ccc48be3 clientProtocol=http/1.1 ca=201dea049e16dfd8
09-08 10:04:51.540  8375  8858 I ChromePhotosDataPlane: phase=tls_ready correlationId=c3 hostClass=network hostHash=a552b937eecf21c7 clientProtocol=http/1.1 ca=201dea049e16dfd8
09-08 10:04:51.573  8375  8860 I ChromePhotosDataPlane: phase=tls_certificate correlationId=c5 tlsCacheHit=false tlsCacheWaitMs=29.245 tlsCreationMs=51.173
09-08 10:04:51.573  8375  8860 I ChromePhotosDataPlane: phase=tls_material correlationId=c5 tlsMaterialMs=81.087
09-08 10:04:51.615  8375  8862 I ChromePhotosDataPlane: phase=tls_certificate correlationId=c7 tlsCacheHit=false tlsCacheWaitMs=75.534 tlsCreationMs=41.793
09-08 10:04:51.615  8375  8862 I ChromePhotosDataPlane: phase=tls_material correlationId=c7 tlsMaterialMs=117.837
09-08 10:04:51.642  8375  8861 I ChromePhotosDataPlane: phase=tls_certificate correlationId=c6 tlsCacheHit=false tlsCacheWaitMs=117.710 tlsCreationMs=27.545
09-08 10:04:51.643  8375  8861 I ChromePhotosDataPlane: phase=tls_material correlationId=c6 tlsMaterialMs=145.581
09-08 10:04:51.672  8375  8860 I ChromePhotosDataPlane: phase=tls_ready correlationId=c5 hostClass=network hostHash=e2ccecf673591338 clientProtocol=http/1.1 ca=201dea049e16dfd8
09-08 10:04:51.672  8375  8862 I ChromePhotosDataPlane: phase=tls_ready correlationId=c7 hostClass=network hostHash=1c9aae1431eb8709 clientProtocol=http/1.1 ca=201dea049e16dfd8
09-08 10:04:51.675  8375  8859 I ChromePhotosDataPlane: phase=tls_certificate correlationId=c4 tlsCacheHit=false tlsCacheWaitMs=149.238 tlsCreationMs=32.299
09-08 10:04:51.675  8375  8859 I ChromePhotosDataPlane: phase=tls_material correlationId=c4 tlsMaterialMs=182.116
09-08 10:04:51.679  8375  8861 I ChromePhotosDataPlane: phase=tls_ready correlationId=c6 hostClass=network hostHash=d8ecf352ffa86f18 clientProtocol=http/1.1 ca=201dea049e16dfd8
09-08 10:04:51.699  8375  8859 I ChromePhotosDataPlane: phase=tls_ready correlationId=c4 hostClass=network hostHash=191347bfe55d0ca9 clientProtocol=http/1.1 ca=201dea049e16dfd8
09-08 10:04:51.711  8375  8868 I ChromePhotosDataPlane: phase=tls_certificate correlationId=c9 tlsCacheHit=false tlsCacheWaitMs=150.917 tlsCreationMs=35.574
09-08 10:04:51.711  8375  8868 I ChromePhotosDataPlane: phase=tls_material correlationId=c9 tlsMaterialMs=186.987
09-08 10:04:51.728  8375  8868 I ChromePhotosDataPlane: phase=tls_ready correlationId=c9 hostClass=network hostHash=7df7caa0a5579e01 clientProtocol=http/1.1 ca=201dea049e16dfd8
09-08 10:04:51.751  8375  8882 I ChromePhotosDataPlane: phase=tls_certificate correlationId=c10 tlsCacheHit=false tlsCacheWaitMs=179.744 tlsCreationMs=40.067
09-08 10:04:51.751  8375  8882 I ChromePhotosDataPlane: phase=tls_material correlationId=c10 tlsMaterialMs=220.412
09-08 10:04:51.772  8375  8882 I ChromePhotosDataPlane: phase=tls_ready correlationId=c10 hostClass=network hostHash=0a2b1f067e5ed787 clientProtocol=http/1.1 ca=201dea049e16dfd8
09-08 10:04:51.805  8375  8865 I ChromePhotosDataPlane: phase=tls_certificate correlationId=c8 tlsCacheHit=false tlsCacheWaitMs=220.946 tlsCreationMs=52.153
09-08 10:04:51.805  8375  8865 I ChromePhotosDataPlane: phase=tls_material correlationId=c8 tlsMaterialMs=273.579
09-08 10:04:51.820  8375  8865 I ChromePhotosDataPlane: phase=tls_ready correlationId=c8 hostClass=network hostHash=2d0f3c337e640d3a clientProtocol=http/1.1 ca=201dea049e16dfd8
09-08 10:04:51.866  8375  8887 I ChromePhotosDataPlane: phase=tls_certificate correlationId=c11 tlsCacheHit=false tlsCacheWaitMs=274.812 tlsCreationMs=57.380
09-08 10:04:51.866  8375  8887 I ChromePhotosDataPlane: phase=tls_material correlationId=c11 tlsMaterialMs=332.581
09-08 10:04:51.887  8375  8887 I ChromePhotosDataPlane: phase=tls_ready correlationId=c11 hostClass=network hostHash=3e723b591bdb95ce clientProtocol=http/1.1 ca=201dea049e16dfd8
09-08 10:04:52.127  8375  8807 I ChromePhotosDataPlane: origin=real hostClass=network hostHash=b9b8e1e6ccc48be3 method=POST clientProtocol=http/1.1 upstreamProtocol=h2 status=200 contentType=application/vnd.google.octet-stream-compressible bytesOut=577 transfer=chunked upstreamHeadersMs=581.522 downstreamWriteMs=0.980
09-08 10:04:53.542  8375  8858 I ChromePhotosDataPlane: phase=http_idle_closed correlationId=c3
09-08 10:04:53.674  8375  8860 I ChromePhotosDataPlane: phase=http_idle_closed correlationId=c5
09-08 10:04:53.675  8375  8862 I ChromePhotosDataPlane: phase=http_idle_closed correlationId=c7
09-08 10:04:53.681  8375  8861 I ChromePhotosDataPlane: phase=http_idle_closed correlationId=c6
09-08 10:04:53.702  8375  8859 I ChromePhotosDataPlane: phase=http_idle_closed correlationId=c4
09-08 10:04:53.730  8375  8868 I ChromePhotosDataPlane: phase=http_idle_closed correlationId=c9
09-08 10:04:53.775  8375  8882 I ChromePhotosDataPlane: phase=http_idle_closed correlationId=c10
09-08 10:04:53.827  8375  8865 I ChromePhotosDataPlane: phase=http_idle_closed correlationId=c8
09-08 10:04:53.889  8375  8887 I ChromePhotosDataPlane: phase=http_idle_closed correlationId=c11
09-08 10:04:54.129  8375  8807 I ChromePhotosDataPlane: phase=http_idle_closed correlationId=c1
09-08 10:04:54.228  8375  8843 I ChromePhotosDataPlane: phase=media_shield_document origin=real hostClass=network hostHash=f58aed0f48e58f0c result=transformed documentSequence=1 navigationSequence=1 token=9a5c286f4a56 bytesOut=993928 upstreamHeadersMs=1307.366 documentDecisionMs=496.249 downstreamWriteMs=5.381
09-08 10:04:54.332  8375  8971 I ChromePhotosDataPlane: phase=worker_ready correlationId=c12 admissionWaitMs=2.478
09-08 10:04:54.345  8375  8973 I ChromePhotosDataPlane: phase=worker_ready correlationId=c13 admissionWaitMs=0.634
09-08 10:04:54.358  8375  8979 I ChromePhotosDataPlane: phase=worker_ready correlationId=c14 admissionWaitMs=0.498
09-08 10:04:54.363  8375  8973 I ChromePhotosDataPlane: phase=tls_certificate correlationId=c13 tlsCacheHit=true tlsCacheWaitMs=0.016 tlsCreationMs=0.000
09-08 10:04:54.363  8375  8973 I ChromePhotosDataPlane: phase=tls_material correlationId=c13 tlsMaterialMs=0.318
09-08 10:04:54.368  8375  8973 I ChromePhotosDataPlane: phase=tls_ready correlationId=c13 hostClass=network hostHash=7df7caa0a5579e01 clientProtocol=http/1.1 ca=201dea049e16dfd8
09-08 10:04:54.372  8375  8979 I ChromePhotosDataPlane: phase=tls_certificate correlationId=c14 tlsCacheHit=true tlsCacheWaitMs=0.011 tlsCreationMs=0.000
09-08 10:04:54.373  8375  8979 I ChromePhotosDataPlane: phase=tls_material correlationId=c14 tlsMaterialMs=0.317
09-08 10:04:54.386  8375  8979 I ChromePhotosDataPlane: phase=tls_ready correlationId=c14 hostClass=network hostHash=1c9aae1431eb8709 clientProtocol=http/1.1 ca=201dea049e16dfd8
09-08 10:04:54.400  8375  8971 I ChromePhotosDataPlane: phase=tls_certificate correlationId=c12 tlsCacheHit=false tlsCacheWaitMs=0.012 tlsCreationMs=20.280
09-08 10:04:54.400  8375  8971 I ChromePhotosDataPlane: phase=tls_material correlationId=c12 tlsMaterialMs=20.617
09-08 10:04:54.407  8375  8991 I ChromePhotosDataPlane: phase=worker_ready correlationId=c15 admissionWaitMs=1.227
09-08 10:04:54.407  8375  8971 I ChromePhotosDataPlane: phase=tls_ready correlationId=c12 hostClass=network hostHash=fdbc7f1491a89ee6 clientProtocol=http/1.1 ca=201dea049e16dfd8
09-08 10:04:54.410  8375  8991 I ChromePhotosDataPlane: phase=tls_certificate correlationId=c15 tlsCacheHit=true tlsCacheWaitMs=0.009 tlsCreationMs=0.000
09-08 10:04:54.410  8375  8991 I ChromePhotosDataPlane: phase=tls_material correlationId=c15 tlsMaterialMs=0.200
09-08 10:04:54.416  8375  8991 I ChromePhotosDataPlane: phase=tls_ready correlationId=c15 hostClass=network hostHash=fdbc7f1491a89ee6 clientProtocol=http/1.1 ca=201dea049e16dfd8
09-08 10:04:54.451  8375  8843 I ChromePhotosDataPlane: phase=media_shield_ready origin=same_origin result=204 bytesOut=0
09-08 10:04:54.464  8375  8843 I ChromePhotosDataPlane: phase=media_shield_ready origin=same_origin result=204 bytesOut=0
09-08 10:04:54.478  8375  8843 I ChromePhotosDataPlane: phase=media_shield_ready origin=same_origin result=204 bytesOut=0
09-08 10:04:54.609  8375  8995 I ChromePhotosDataPlane: phase=worker_ready correlationId=c16 admissionWaitMs=0.446
09-08 10:04:54.615  8375  8995 I ChromePhotosDataPlane: phase=tls_certificate correlationId=c16 tlsCacheHit=true tlsCacheWaitMs=0.019 tlsCreationMs=0.000
09-08 10:04:54.615  8375  8995 I ChromePhotosDataPlane: phase=tls_material correlationId=c16 tlsMaterialMs=0.280
09-08 10:04:54.625  8375  8995 I ChromePhotosDataPlane: phase=tls_ready correlationId=c16 hostClass=network hostHash=fdbc7f1491a89ee6 clientProtocol=http/1.1 ca=201dea049e16dfd8
09-08 10:04:54.628  8375  8998 I ChromePhotosDataPlane: phase=worker_ready correlationId=c18 admissionWaitMs=0.417
09-08 10:04:54.629  8375  8997 I ChromePhotosDataPlane: phase=worker_ready correlationId=c17 admissionWaitMs=4.032
09-08 10:04:54.637  8375  8997 I ChromePhotosDataPlane: phase=tls_certificate correlationId=c17 tlsCacheHit=true tlsCacheWaitMs=0.012 tlsCreationMs=0.000
09-08 10:04:54.637  8375  8997 I ChromePhotosDataPlane: phase=tls_material correlationId=c17 tlsMaterialMs=0.712
09-08 10:04:54.637  8375  8998 I ChromePhotosDataPlane: phase=tls_certificate correlationId=c18 tlsCacheHit=true tlsCacheWaitMs=0.007 tlsCreationMs=0.000
09-08 10:04:54.637  8375  8998 I ChromePhotosDataPlane: phase=tls_material correlationId=c18 tlsMaterialMs=0.137
09-08 10:04:54.644  8375  8997 I ChromePhotosDataPlane: phase=tls_ready correlationId=c17 hostClass=network hostHash=fdbc7f1491a89ee6 clientProtocol=http/1.1 ca=201dea049e16dfd8
09-08 10:04:54.644  8375  8998 I ChromePhotosDataPlane: phase=tls_ready correlationId=c18 hostClass=network hostHash=fdbc7f1491a89ee6 clientProtocol=http/1.1 ca=201dea049e16dfd8
09-08 10:04:54.839  8375  8979 I ChromePhotosDataPlane: origin=real hostClass=network hostHash=1c9aae1431eb8709 method=GET clientProtocol=http/1.1 upstreamProtocol=h2 status=200 contentType=application/javascript bytesOut=112 transfer=chunked upstreamHeadersMs=241.250 downstreamWriteMs=0.493
09-08 10:04:54.893  8375  9007 I ChromePhotosDataPlane: phase=worker_ready correlationId=c19 admissionWaitMs=0.587
09-08 10:04:54.913  8375  9007 I ChromePhotosDataPlane: phase=tls_certificate correlationId=c19 tlsCacheHit=true tlsCacheWaitMs=0.025 tlsCreationMs=0.000
09-08 10:04:54.913  8375  9007 I ChromePhotosDataPlane: phase=tls_material correlationId=c19 tlsMaterialMs=0.369
09-08 10:04:54.922  8375  9007 I ChromePhotosDataPlane: phase=tls_ready correlationId=c19 hostClass=network hostHash=b9b8e1e6ccc48be3 clientProtocol=http/1.1 ca=201dea049e16dfd8
09-08 10:04:54.975  8375  9017 I ChromePhotosDataPlane: phase=worker_ready correlationId=c20 admissionWaitMs=7.780
09-08 10:04:54.989  8375  9019 I ChromePhotosDataPlane: phase=worker_ready correlationId=c21 admissionWaitMs=17.043
09-08 10:04:54.992  8375  9021 I ChromePhotosDataPlane: phase=worker_ready correlationId=c22 admissionWaitMs=8.964
09-08 10:04:55.000  8375  9019 I ChromePhotosDataPlane: phase=tls_certificate correlationId=c21 tlsCacheHit=true tlsCacheWaitMs=0.015 tlsCreationMs=0.000
09-08 10:04:55.000  8375  9019 I ChromePhotosDataPlane: phase=tls_material correlationId=c21 tlsMaterialMs=0.627
09-08 10:04:55.006  8375  9019 I ChromePhotosDataPlane: phase=tls_ready correlationId=c21 hostClass=network hostHash=fdbc7f1491a89ee6 clientProtocol=http/1.1 ca=201dea049e16dfd8
09-08 10:04:55.037  8375  9017 I ChromePhotosDataPlane: phase=tls_certificate correlationId=c20 tlsCacheHit=false tlsCacheWaitMs=0.012 tlsCreationMs=15.703
09-08 10:04:55.037  8375  9021 I ChromePhotosDataPlane: phase=tls_certificate correlationId=c22 tlsCacheHit=true tlsCacheWaitMs=15.780 tlsCreationMs=0.000
09-08 10:04:55.037  8375  9021 I ChromePhotosDataPlane: phase=tls_material correlationId=c22 tlsMaterialMs=16.061
09-08 10:04:55.037  8375  9017 I ChromePhotosDataPlane: phase=tls_material correlationId=c20 tlsMaterialMs=16.062
09-08 10:04:55.044  8375  9021 I ChromePhotosDataPlane: phase=tls_ready correlationId=c22 hostClass=network hostHash=ee8cdc867bba487e clientProtocol=http/1.1 ca=201dea049e16dfd8
09-08 10:04:55.044  8375  9017 I ChromePhotosDataPlane: phase=tls_ready correlationId=c20 hostClass=network hostHash=ee8cdc867bba487e clientProtocol=http/1.1 ca=201dea049e16dfd8
09-08 10:04:55.188  8375  9007 I ChromePhotosDataPlane: origin=real hostClass=network hostHash=b9b8e1e6ccc48be3 method=POST clientProtocol=http/1.1 upstreamProtocol=h2 status=200 contentType=application/vnd.google.octet-stream-compressible bytesOut=711 transfer=chunked upstreamHeadersMs=260.357 downstreamWriteMs=0.568
09-08 10:04:55.628  8375  9007 I ChromePhotosDataPlane: origin=real hostClass=network hostHash=b9b8e1e6ccc48be3 method=POST clientProtocol=http/1.1 upstreamProtocol=h2 status=200 contentType=application/vnd.google.octet-stream-compressible bytesOut=335 transfer=chunked upstreamHeadersMs=374.011 downstreamWriteMs=1.943
09-08 10:04:55.827  8375  8991 I ChromePhotosDataPlane: origin=real hostClass=network hostHash=fdbc7f1491a89ee6 method=GET clientProtocol=http/1.1 upstreamProtocol=h2 status=200 contentType=image/webp bytesIn=26888 bytesOut=26888 cache=miss decision=safe reason=model_allow source=engine probability=0.01354295 basis=None decodeMs=54.654 inferenceMs=645.505 inferenceQueueMs=0.522 localDecisionMs=705.162  bodyAdmissionMs=0.483 bodyReadMs=16.076 hashMs=0.230 requestToDeliveryMs=1405.598 upstreamHeadersMs=645.213 sanitizeMs=752.003 downstreamWriteMs=1.406
09-08 10:04:55.829  8375  9017 I ChromePhotosDataPlane: origin=real hostClass=network hostHash=ee8cdc867bba487e method=GET clientProtocol=http/1.1 upstreamProtocol=h2 status=200 contentType=image/png bytesIn=42 bytesOut=704 cache=miss decision=unknown reason=unsupported_gif source=error probability=-1.0 basis=none decodeMs=0.000 inferenceMs=0.000 inferenceQueueMs=0.000 localDecisionMs=0.000  bodyAdmissionMs=611.708 bodyReadMs=0.210 requestToDeliveryMs=782.279 upstreamHeadersMs=159.178 sanitizeMs=613.063 downstreamWriteMs=0.868
09-08 10:04:55.831  8375  9021 I ChromePhotosDataPlane: origin=real hostClass=network hostHash=ee8cdc867bba487e method=GET clientProtocol=http/1.1 upstreamProtocol=h2 status=200 contentType=image/png bytesIn=42 bytesOut=704 cache=miss decision=unknown reason=unsupported_gif source=error probability=-1.0 basis=none decodeMs=0.000 inferenceMs=0.000 inferenceQueueMs=0.000 localDecisionMs=0.000  bodyAdmissionMs=589.132 bodyReadMs=0.279 requestToDeliveryMs=784.443 upstreamHeadersMs=184.300 sanitizeMs=590.239 downstreamWriteMs=0.930
09-08 10:04:56.023  8375  9037 I ChromePhotosDataPlane: phase=worker_ready correlationId=c23 admissionWaitMs=1.495
09-08 10:04:56.091  8375  9037 I ChromePhotosDataPlane: phase=tls_certificate correlationId=c23 tlsCacheHit=false tlsCacheWaitMs=0.018 tlsCreationMs=31.133
09-08 10:04:56.091  8375  9037 I ChromePhotosDataPlane: phase=tls_material correlationId=c23 tlsMaterialMs=31.707
09-08 10:04:56.102  8375  9037 I ChromePhotosDataPlane: phase=tls_ready correlationId=c23 hostClass=network hostHash=8d9559743b8b4225 clientProtocol=http/1.1 ca=201dea049e16dfd8
09-08 10:04:56.281  8375  9037 I ChromePhotosDataPlane: origin=real hostClass=network hostHash=8d9559743b8b4225 method=POST clientProtocol=http/1.1 upstreamProtocol=h2 status=204 contentType=image/gif bytesIn=0 bytesOut=0 cache=miss decision=passthrough   requestToDeliveryMs=175.143 upstreamHeadersMs=171.909 sanitizeMs=0.094 downstreamWriteMs=1.127
09-08 10:04:56.370  8375  8973 I ChromePhotosDataPlane: phase=http_idle_closed correlationId=c13
09-08 10:04:56.402  8375  8971 I ChromePhotosDataPlane: origin=real hostClass=network hostHash=fdbc7f1491a89ee6 method=GET clientProtocol=http/1.1 upstreamProtocol=h2 status=200 contentType=image/webp bytesIn=21480 bytesOut=21480 cache=miss decision=safe reason=model_allow source=engine probability=0.019576043 basis=None decodeMs=16.569 inferenceMs=561.445 inferenceQueueMs=578.633 localDecisionMs=1160.439  bodyAdmissionMs=0.015 bodyReadMs=98.496 hashMs=0.573 requestToDeliveryMs=1989.501 upstreamHeadersMs=693.660 sanitizeMs=1293.780 downstreamWriteMs=0.579
09-08 10:04:56.479  8375  8843 I ChromePhotosDataPlane: phase=http_idle_closed correlationId=c2
09-08 10:04:56.843  8375  8979 I ChromePhotosDataPlane: phase=http_idle_closed correlationId=c14
09-08 10:04:56.999  8375  8995 I ChromePhotosDataPlane: origin=real hostClass=network hostHash=fdbc7f1491a89ee6 method=GET clientProtocol=http/1.1 upstreamProtocol=h2 status=200 contentType=image/webp bytesIn=16300 bytesOut=16300 cache=miss decision=safe reason=model_allow source=engine probability=0.26753896 basis=None decodeMs=14.926 inferenceMs=578.724 inferenceQueueMs=567.203 localDecisionMs=1161.807  bodyAdmissionMs=588.444 bodyReadMs=0.318 hashMs=3.178 requestToDeliveryMs=2365.211 upstreamHeadersMs=596.187 sanitizeMs=1760.801 downstreamWriteMs=1.319
09-08 10:04:57.564  8375  8997 I ChromePhotosDataPlane: origin=real hostClass=network hostHash=fdbc7f1491a89ee6 method=GET clientProtocol=http/1.1 upstreamProtocol=h2 status=200 contentType=image/webp bytesIn=25378 bytesOut=25378 cache=miss decision=safe reason=model_allow source=engine probability=0.09926775 basis=None decodeMs=16.018 inferenceMs=545.798 inferenceQueueMs=579.102 localDecisionMs=1142.235  bodyAdmissionMs=1143.574 bodyReadMs=0.597 hashMs=0.493 requestToDeliveryMs=2912.789 upstreamHeadersMs=605.489 sanitizeMs=2300.573 downstreamWriteMs=2.081
09-08 10:04:57.631  8375  9007 I ChromePhotosDataPlane: phase=http_idle_closed correlationId=c19
09-08 10:04:57.834  8375  9021 I ChromePhotosDataPlane: phase=http_idle_closed correlationId=c22
09-08 10:04:57.835  8375  9017 I ChromePhotosDataPlane: phase=http_idle_closed correlationId=c20
09-08 10:04:57.871  8375  9046 I ChromePhotosDataPlane: phase=worker_ready correlationId=c24 admissionWaitMs=1.084
09-08 10:04:57.891  8375  9046 I ChromePhotosDataPlane: phase=tls_certificate correlationId=c24 tlsCacheHit=true tlsCacheWaitMs=0.023 tlsCreationMs=0.000
09-08 10:04:57.891  8375  9046 I ChromePhotosDataPlane: phase=tls_material correlationId=c24 tlsMaterialMs=0.626
09-08 10:04:57.904  8375  9046 I ChromePhotosDataPlane: phase=tls_ready correlationId=c24 hostClass=network hostHash=f58aed0f48e58f0c clientProtocol=http/1.1 ca=201dea049e16dfd8
09-08 10:04:57.906  8375  9052 I ChromePhotosDataPlane: phase=worker_ready correlationId=c25 admissionWaitMs=0.712
09-08 10:04:57.915  8375  9053 I ChromePhotosDataPlane: phase=worker_ready correlationId=c26 admissionWaitMs=6.556
09-08 10:04:57.918  8375  9054 I ChromePhotosDataPlane: phase=worker_ready correlationId=c27 admissionWaitMs=7.175
09-08 10:04:57.920  8375  9055 I ChromePhotosDataPlane: phase=worker_ready correlationId=c28 admissionWaitMs=4.699
09-08 10:04:57.923  8375  9056 I ChromePhotosDataPlane: phase=worker_ready correlationId=c29 admissionWaitMs=5.782
09-08 10:04:57.928  8375  9053 I ChromePhotosDataPlane: phase=tls_certificate correlationId=c26 tlsCacheHit=true tlsCacheWaitMs=0.046 tlsCreationMs=0.000
09-08 10:04:57.928  8375  9053 I ChromePhotosDataPlane: phase=tls_material correlationId=c26 tlsMaterialMs=0.623
09-08 10:04:57.932  8375  9052 I ChromePhotosDataPlane: phase=tls_certificate correlationId=c25 tlsCacheHit=true tlsCacheWaitMs=0.021 tlsCreationMs=0.000
09-08 10:04:57.932  8375  9052 I ChromePhotosDataPlane: phase=tls_material correlationId=c25 tlsMaterialMs=0.593
09-08 10:04:57.948  8375  9055 I ChromePhotosDataPlane: phase=tls_certificate correlationId=c28 tlsCacheHit=true tlsCacheWaitMs=0.029 tlsCreationMs=0.000
09-08 10:04:57.948  8375  9055 I ChromePhotosDataPlane: phase=tls_material correlationId=c28 tlsMaterialMs=10.154
09-08 10:04:57.959  8375  9056 I ChromePhotosDataPlane: phase=tls_certificate correlationId=c29 tlsCacheHit=true tlsCacheWaitMs=0.020 tlsCreationMs=0.000
09-08 10:04:57.959  8375  9056 I ChromePhotosDataPlane: phase=tls_material correlationId=c29 tlsMaterialMs=0.478
09-08 10:04:57.960  8375  9054 I ChromePhotosDataPlane: phase=tls_certificate correlationId=c27 tlsCacheHit=true tlsCacheWaitMs=0.022 tlsCreationMs=0.000
09-08 10:04:57.960  8375  9054 I ChromePhotosDataPlane: phase=tls_material correlationId=c27 tlsMaterialMs=1.970
09-08 10:04:57.969  8375  9052 I ChromePhotosDataPlane: phase=tls_ready correlationId=c25 hostClass=network hostHash=f58aed0f48e58f0c clientProtocol=http/1.1 ca=201dea049e16dfd8
09-08 10:04:57.977  8375  9053 I ChromePhotosDataPlane: phase=tls_ready correlationId=c26 hostClass=network hostHash=f58aed0f48e58f0c clientProtocol=http/1.1 ca=201dea049e16dfd8
09-08 10:04:57.982  8375  9055 I ChromePhotosDataPlane: phase=tls_ready correlationId=c28 hostClass=network hostHash=f58aed0f48e58f0c clientProtocol=http/1.1 ca=201dea049e16dfd8
09-08 10:04:57.994  8375  9056 I ChromePhotosDataPlane: phase=tls_ready correlationId=c29 hostClass=network hostHash=f58aed0f48e58f0c clientProtocol=http/1.1 ca=201dea049e16dfd8
09-08 10:04:58.006  8375  9054 I ChromePhotosDataPlane: phase=tls_ready correlationId=c27 hostClass=network hostHash=f58aed0f48e58f0c clientProtocol=http/1.1 ca=201dea049e16dfd8
09-08 10:04:58.133  8375  9019 I ChromePhotosDataPlane: origin=real hostClass=network hostHash=fdbc7f1491a89ee6 method=GET clientProtocol=http/1.1 upstreamProtocol=h2 status=200 contentType=image/webp bytesIn=17738 bytesOut=17738 cache=miss decision=safe reason=model_allow source=engine probability=0.094395995 basis=None decodeMs=14.588 inferenceMs=554.183 inferenceQueueMs=551.846 localDecisionMs=1121.490  bodyAdmissionMs=1707.475 bodyReadMs=0.573 hashMs=0.619 requestToDeliveryMs=3120.608 upstreamHeadersMs=275.247 sanitizeMs=2839.417 downstreamWriteMs=1.560
09-08 10:04:58.238  8375  9056 I ChromePhotosDataPlane: origin=real hostClass=network hostHash=f58aed0f48e58f0c method=POST clientProtocol=http/1.1 upstreamProtocol=h2 status=200 contentType=application/json bytesOut=94 transfer=chunked upstreamHeadersMs=194.390 downstreamWriteMs=0.676
09-08 10:04:58.247  8375  9055 I ChromePhotosDataPlane: origin=real hostClass=network hostHash=f58aed0f48e58f0c method=POST clientProtocol=http/1.1 upstreamProtocol=h2 status=200 contentType=application/json bytesOut=136 transfer=chunked upstreamHeadersMs=206.227 downstreamWriteMs=1.387
09-08 10:04:58.248  8375  9046 I ChromePhotosDataPlane: origin=real hostClass=network hostHash=f58aed0f48e58f0c method=POST clientProtocol=http/1.1 upstreamProtocol=h2 status=200 contentType=application/json bytesOut=49 transfer=chunked upstreamHeadersMs=264.260 downstreamWriteMs=8.131
09-08 10:04:58.249  8375  9052 I ChromePhotosDataPlane: origin=real hostClass=network hostHash=f58aed0f48e58f0c method=POST clientProtocol=http/1.1 upstreamProtocol=h2 status=200 contentType=application/json bytesOut=832 transfer=chunked upstreamHeadersMs=230.148 downstreamWriteMs=1.448
09-08 10:04:58.283  8375  9037 I ChromePhotosDataPlane: phase=http_idle_closed correlationId=c23
09-08 10:04:58.338  8375  9053 I ChromePhotosDataPlane: origin=real hostClass=network hostHash=f58aed0f48e58f0c method=POST clientProtocol=http/1.1 upstreamProtocol=h2 status=200 contentType=application/json bytesOut=126 transfer=chunked upstreamHeadersMs=299.320 downstreamWriteMs=1.439
09-08 10:04:58.384  8375  9054 I ChromePhotosDataPlane: origin=real hostClass=network hostHash=f58aed0f48e58f0c method=POST clientProtocol=http/1.1 upstreamProtocol=h2 status=200 contentType=application/json bytesOut=33554 transfer=chunked upstreamHeadersMs=319.587 downstreamWriteMs=17.874
09-08 10:04:58.527  8375  9056 I ChromePhotosDataPlane: origin=real hostClass=network hostHash=f58aed0f48e58f0c method=POST clientProtocol=http/1.1 upstreamProtocol=h2 status=200 contentType=application/json bytesOut=92 transfer=chunked upstreamHeadersMs=238.421 downstreamWriteMs=2.106
09-08 10:04:58.532  8375  9046 I ChromePhotosDataPlane: origin=real hostClass=network hostHash=f58aed0f48e58f0c method=POST clientProtocol=http/1.1 upstreamProtocol=h2 status=200 contentType=application/json bytesOut=943 transfer=chunked upstreamHeadersMs=232.897 downstreamWriteMs=1.590
09-08 10:04:58.694  8375  8998 I ChromePhotosDataPlane: origin=real hostClass=network hostHash=fdbc7f1491a89ee6 method=GET clientProtocol=http/1.1 upstreamProtocol=h2 status=200 contentType=image/webp bytesIn=16002 bytesOut=16002 cache=miss decision=safe reason=model_allow source=engine probability=0.06782976 basis=None decodeMs=17.984 inferenceMs=543.247 inferenceQueueMs=562.054 localDecisionMs=1124.468  bodyAdmissionMs=2200.330 bodyReadMs=0.501 hashMs=0.407 requestToDeliveryMs=4044.059 upstreamHeadersMs=707.373 sanitizeMs=3331.676 downstreamWriteMs=1.494
09-08 10:04:58.852  8375  8991 I ChromePhotosDataPlane: origin=real hostClass=network hostHash=fdbc7f1491a89ee6 method=GET clientProtocol=http/1.1 upstreamProtocol=h2 status=200 contentType=image/png bytesIn=6621 bytesOut=6621 cache=miss decision=safe reason=model_allow source=engine probability=0.010038227 basis=None decodeMs=3.184 inferenceMs=154.435 inferenceQueueMs=558.074 localDecisionMs=717.888  bodyAdmissionMs=2056.664 bodyReadMs=0.222 hashMs=0.552 requestToDeliveryMs=2950.185 upstreamHeadersMs=166.832 sanitizeMs=2776.861 downstreamWriteMs=1.561
09-08 10:04:59.004  8375  8971 I ChromePhotosDataPlane: origin=real hostClass=network hostHash=fdbc7f1491a89ee6 method=GET clientProtocol=http/1.1 upstreamProtocol=h2 status=200 contentType=image/png bytesIn=25318 bytesOut=25318 cache=miss decision=safe reason=model_allow source=engine probability=0.02602917 basis=None decodeMs=4.812 inferenceMs=147.109 inferenceQueueMs=149.291 localDecisionMs=302.148  bodyAdmissionMs=2067.249 bodyReadMs=0.595 hashMs=0.719 requestToDeliveryMs=2554.447 upstreamHeadersMs=171.372 sanitizeMs=2377.747 downstreamWriteMs=1.542
09-08 10:04:59.165  8375  8995 I ChromePhotosDataPlane: origin=real hostClass=network hostHash=fdbc7f1491a89ee6 method=GET clientProtocol=http/1.1 upstreamProtocol=h2 status=200 contentType=image/webp bytesIn=10438 bytesOut=10438 cache=miss decision=safe reason=model_allow source=engine probability=0.004680127 basis=None decodeMs=4.710 inferenceMs=153.686 inferenceQueueMs=138.150 localDecisionMs=297.327  bodyAdmissionMs=1621.426 bodyReadMs=0.437 hashMs=0.791 requestToDeliveryMs=2103.133 upstreamHeadersMs=166.441 sanitizeMs=1927.709 downstreamWriteMs=3.417
09-08 10:04:59.304  8375  8997 I ChromePhotosDataPlane: origin=real hostClass=network hostHash=fdbc7f1491a89ee6 method=GET clientProtocol=http/1.1 upstreamProtocol=h2 status=200 contentType=image/webp bytesIn=2266 bytesOut=2266 cache=miss decision=safe reason=model_allow source=engine probability=0.01720336 basis=None decodeMs=7.071 inferenceMs=133.177 inferenceQueueMs=152.388 localDecisionMs=293.999  bodyAdmissionMs=1119.466 bodyReadMs=0.260 hashMs=0.566 requestToDeliveryMs=1696.810 upstreamHeadersMs=276.642 sanitizeMs=1415.989 downstreamWriteMs=1.392
09-08 10:04:59.501  8375  9019 I ChromePhotosDataPlane: origin=real hostClass=network hostHash=fdbc7f1491a89ee6 method=GET clientProtocol=http/1.1 upstreamProtocol=h2 status=200 contentType=image/webp bytesIn=4858 bytesOut=4858 cache=miss decision=safe reason=model_allow source=engine probability=0.0034654438 basis=None decodeMs=18.343 inferenceMs=174.522 inferenceQueueMs=136.996 localDecisionMs=331.778  bodyAdmissionMs=815.124 bodyReadMs=0.226 hashMs=0.656 requestToDeliveryMs=1324.830 upstreamHeadersMs=165.776 sanitizeMs=1151.216 downstreamWriteMs=2.126
09-08 10:04:59.665  8375  8998 I ChromePhotosDataPlane: origin=real hostClass=network hostHash=fdbc7f1491a89ee6 method=GET clientProtocol=http/1.1 upstreamProtocol=h2 status=200 contentType=image/webp bytesIn=7148 bytesOut=7148 cache=miss decision=safe reason=model_allow source=engine probability=0.009210944 basis=None decodeMs=5.677 inferenceMs=160.413 inferenceQueueMs=189.448 localDecisionMs=356.515  bodyAdmissionMs=291.336 bodyReadMs=0.273 hashMs=0.452 requestToDeliveryMs=914.251 upstreamHeadersMs=255.959 sanitizeMs=651.455 downstreamWriteMs=1.554
09-08 10:04:59.690  8375  9055 I ChromePhotosDataPlane: origin=real hostClass=network hostHash=f58aed0f48e58f0c method=POST clientProtocol=http/1.1 upstreamProtocol=h2 status=200 contentType=application/json bytesOut=27411 transfer=chunked upstreamHeadersMs=1328.377 downstreamWriteMs=51.274
09-08 10:04:59.697  8375  9063 I ChromePhotosDataPlane: phase=worker_ready correlationId=c30 admissionWaitMs=9.515
09-08 10:04:59.781  8375  9063 I ChromePhotosDataPlane: phase=tls_certificate correlationId=c30 tlsCacheHit=false tlsCacheWaitMs=0.035 tlsCreationMs=47.647
09-08 10:04:59.782  8375  9063 I ChromePhotosDataPlane: phase=tls_material correlationId=c30 tlsMaterialMs=48.584
09-08 10:04:59.798  8375  9063 I ChromePhotosDataPlane: phase=tls_ready correlationId=c30 hostClass=network hostHash=abf8fbf760ef2a86 clientProtocol=http/1.1 ca=201dea049e16dfd8
09-08 10:04:59.832  8375  8991 I ChromePhotosDataPlane: origin=real hostClass=network hostHash=fdbc7f1491a89ee6 method=GET clientProtocol=http/1.1 upstreamProtocol=h2 status=200 contentType=image/webp bytesIn=5002 bytesOut=5002 cache=miss decision=safe reason=model_allow source=engine probability=0.0060821176 basis=None decodeMs=7.321 inferenceMs=160.167 inferenceQueueMs=159.637 localDecisionMs=327.965  bodyAdmissionMs=297.123 bodyReadMs=0.429 hashMs=0.701 requestToDeliveryMs=918.988 upstreamHeadersMs=282.104 sanitizeMs=631.018 downstreamWriteMs=1.125
09-08 10:04:59.883  8375  9046 I ChromePhotosDataPlane: origin=real hostClass=network hostHash=f58aed0f48e58f0c method=POST clientProtocol=http/1.1 upstreamProtocol=h2 status=200 contentType=application/json bytesOut=1035 transfer=chunked upstreamHeadersMs=315.928 downstreamWriteMs=1.794
09-08 10:05:00.144  8375  9063 I ChromePhotosDataPlane: origin=real hostClass=network hostHash=abf8fbf760ef2a86 method=GET clientProtocol=http/1.1 upstreamProtocol=h2 status=200 contentType=image/png bytesIn=0 bytesOut=704 cache=miss decision=unknown reason=encoded_image_unsupported source=error probability=-1.0 basis=none decodeMs=0.000 inferenceMs=0.000 inferenceQueueMs=0.000 localDecisionMs=0.000   requestToDeliveryMs=343.333 upstreamHeadersMs=338.183 sanitizeMs=0.217 downstreamWriteMs=1.278
09-08 10:05:00.253  8375  9052 I ChromePhotosDataPlane: phase=http_idle_closed correlationId=c25
09-08 10:05:00.341  8375  9053 I ChromePhotosDataPlane: phase=http_idle_closed correlationId=c26
09-08 10:05:00.387  8375  9054 I ChromePhotosDataPlane: phase=http_idle_closed correlationId=c27
09-08 10:05:00.399  8375  8971 I ChromePhotosDataPlane: origin=real hostClass=network hostHash=fdbc7f1491a89ee6 method=GET clientProtocol=http/1.1 upstreamProtocol=h2 status=200 contentType=image/webp bytesIn=2190 bytesOut=2190 cache=miss decision=safe reason=model_allow source=engine probability=0.03790164 basis=None decodeMs=10.829 inferenceMs=550.557 inferenceQueueMs=165.037 localDecisionMs=727.635  bodyAdmissionMs=267.646 bodyReadMs=0.306 hashMs=0.520 requestToDeliveryMs=1347.324 upstreamHeadersMs=341.133 sanitizeMs=998.028 downstreamWriteMs=1.183
09-08 10:05:00.530  8375  9056 I ChromePhotosDataPlane: phase=http_idle_closed correlationId=c29
09-08 10:05:00.547  8375  8997 I ChromePhotosDataPlane: origin=real hostClass=network hostHash=fdbc7f1491a89ee6 method=GET clientProtocol=http/1.1 upstreamProtocol=h2 status=200 contentType=image/webp bytesIn=4032 bytesOut=4032 cache=miss decision=safe reason=model_allow source=engine probability=0.045313567 basis=None decodeMs=5.900 inferenceMs=137.488 inferenceQueueMs=559.455 localDecisionMs=703.577  bodyAdmissionMs=237.330 bodyReadMs=0.205 hashMs=0.395 requestToDeliveryMs=1186.512 upstreamHeadersMs=235.823 sanitizeMs=943.232 downstreamWriteMs=1.157
09-08 10:05:00.679  8375  8995 I ChromePhotosDataPlane: origin=real hostClass=network hostHash=fdbc7f1491a89ee6 method=GET clientProtocol=http/1.1 upstreamProtocol=h2 status=200 contentType=image/webp bytesIn=3438 bytesOut=3438 cache=miss decision=safe reason=model_allow source=engine probability=0.019150347 basis=None decodeMs=4.093 inferenceMs=136.321 inferenceQueueMs=138.094 localDecisionMs=279.256  bodyAdmissionMs=797.687 bodyReadMs=0.328 hashMs=0.572 requestToDeliveryMs=1459.315 upstreamHeadersMs=374.214 sanitizeMs=1079.716 downstreamWriteMs=0.992
09-08 10:05:00.823  8375  9019 I ChromePhotosDataPlane: origin=real hostClass=network hostHash=fdbc7f1491a89ee6 method=GET clientProtocol=http/1.1 upstreamProtocol=h2 status=200 contentType=image/webp bytesIn=5666 bytesOut=5666 cache=miss decision=safe reason=model_allow source=engine probability=0.017977506 basis=None decodeMs=5.346 inferenceMs=135.953 inferenceQueueMs=137.039 localDecisionMs=279.120  bodyAdmissionMs=784.269 bodyReadMs=0.268 hashMs=0.813 requestToDeliveryMs=1265.042 upstreamHeadersMs=191.699 sanitizeMs=1066.804 downstreamWriteMs=1.694
09-08 10:05:00.965  8375  8998 I ChromePhotosDataPlane: origin=real hostClass=network hostHash=fdbc7f1491a89ee6 method=GET clientProtocol=http/1.1 upstreamProtocol=h2 status=200 contentType=image/webp bytesIn=8344 bytesOut=8344 cache=miss decision=safe reason=model_allow source=engine probability=0.013767481 basis=None decodeMs=5.789 inferenceMs=137.378 inferenceQueueMs=136.525 localDecisionMs=280.580  bodyAdmissionMs=763.839 bodyReadMs=0.271 hashMs=1.135 requestToDeliveryMs=1249.702 upstreamHeadersMs=195.405 sanitizeMs=1049.492 downstreamWriteMs=1.152
09-08 10:05:01.069  8375  9070 I ChromePhotosDataPlane: phase=worker_ready correlationId=c31 admissionWaitMs=0.804
09-08 10:05:01.149  8375  9070 I ChromePhotosDataPlane: phase=tls_certificate correlationId=c31 tlsCacheHit=false tlsCacheWaitMs=0.022 tlsCreationMs=43.504
09-08 10:05:01.149  8375  9070 I ChromePhotosDataPlane: phase=tls_material correlationId=c31 tlsMaterialMs=44.066
09-08 10:05:01.158  8375  9070 I ChromePhotosDataPlane: phase=tls_ready correlationId=c31 hostClass=network hostHash=acb222ec7473b00e clientProtocol=http/1.1 ca=201dea049e16dfd8
09-08 10:05:01.194  8375  9076 I ChromePhotosDataPlane: phase=worker_ready correlationId=c32 admissionWaitMs=0.690
09-08 10:05:01.211  8375  9076 I ChromePhotosDataPlane: phase=tls_certificate correlationId=c32 tlsCacheHit=true tlsCacheWaitMs=0.020 tlsCreationMs=0.000
09-08 10:05:01.212  8375  9076 I ChromePhotosDataPlane: phase=tls_material correlationId=c32 tlsMaterialMs=0.609
09-08 10:05:01.223  8375  9076 I ChromePhotosDataPlane: phase=tls_ready correlationId=c32 hostClass=network hostHash=a552b937eecf21c7 clientProtocol=http/1.1 ca=201dea049e16dfd8
09-08 10:05:01.234  8375  9082 I ChromePhotosDataPlane: phase=worker_ready correlationId=c33 admissionWaitMs=5.861
09-08 10:05:01.370  8375  9082 I ChromePhotosDataPlane: phase=tls_certificate correlationId=c33 tlsCacheHit=false tlsCacheWaitMs=0.013 tlsCreationMs=42.967
09-08 10:05:01.371  8375  9082 I ChromePhotosDataPlane: phase=tls_material correlationId=c33 tlsMaterialMs=47.948
09-08 10:05:01.383  8375  9082 I ChromePhotosDataPlane: phase=tls_ready correlationId=c33 hostClass=network hostHash=54f8e322a6ca1a76 clientProtocol=http/1.1 ca=201dea049e16dfd8
09-08 10:05:01.428  8375  9070 I ChromePhotosDataPlane: phase=media_shield_document origin=real hostClass=network hostHash=acb222ec7473b00e result=transformed documentSequence=2 navigationSequence=1 token=211cf890755b bytesOut=113993 upstreamHeadersMs=186.608 documentDecisionMs=71.889 downstreamWriteMs=5.260
09-08 10:05:01.467  8375  9076 I ChromePhotosDataPlane: origin=real hostClass=network hostHash=a552b937eecf21c7 method=GET clientProtocol=http/1.1 upstreamProtocol=h2 status=200 contentType=image/png bytesIn=0 bytesOut=704 cache=miss decision=unknown reason=encoded_image_unsupported source=error probability=-1.0 basis=none decodeMs=0.000 inferenceMs=0.000 inferenceQueueMs=0.000 localDecisionMs=0.000   requestToDeliveryMs=233.650 upstreamHeadersMs=221.994 sanitizeMs=0.221 downstreamWriteMs=0.951
09-08 10:05:01.532  8375  8991 I ChromePhotosDataPlane: origin=real hostClass=network hostHash=fdbc7f1491a89ee6 method=GET clientProtocol=http/1.1 upstreamProtocol=h2 status=200 contentType=image/webp bytesIn=2028 bytesOut=2028 cache=miss decision=safe reason=model_allow source=engine probability=0.03386417 basis=None decodeMs=8.362 inferenceMs=556.182 inferenceQueueMs=140.771 localDecisionMs=706.708  bodyAdmissionMs=731.809 bodyReadMs=0.238 hashMs=0.604 requestToDeliveryMs=1653.123 upstreamHeadersMs=207.273 sanitizeMs=1441.069 downstreamWriteMs=1.093
09-08 10:05:01.636  8375  9082 I ChromePhotosDataPlane: phase=media_shield_document origin=real hostClass=network hostHash=54f8e322a6ca1a76 result=transformed documentSequence=3 navigationSequence=1 token=2cbd905f9380 bytesOut=121343 upstreamHeadersMs=161.034 documentDecisionMs=71.898 downstreamWriteMs=4.926
09-08 10:05:01.679  8375  8971 I ChromePhotosDataPlane: origin=real hostClass=network hostHash=fdbc7f1491a89ee6 method=GET clientProtocol=http/1.1 upstreamProtocol=h2 status=200 contentType=image/webp bytesIn=7330 bytesOut=7330 cache=miss decision=safe reason=model_allow source=engine probability=0.078167826 basis=None decodeMs=4.770 inferenceMs=138.778 inferenceQueueMs=558.009 localDecisionMs=702.431  bodyAdmissionMs=312.830 bodyReadMs=0.327 hashMs=0.501 requestToDeliveryMs=1229.379 upstreamHeadersMs=201.247 sanitizeMs=1018.889 downstreamWriteMs=1.036
09-08 10:05:01.690  8375  9055 I ChromePhotosDataPlane: phase=http_idle_closed correlationId=c28
09-08 10:05:01.816  8375  8997 I ChromePhotosDataPlane: origin=real hostClass=network hostHash=fdbc7f1491a89ee6 method=GET clientProtocol=http/1.1 upstreamProtocol=h2 status=200 contentType=image/webp bytesIn=4912 bytesOut=4912 cache=miss decision=safe reason=model_allow source=engine probability=0.029026985 basis=None decodeMs=5.742 inferenceMs=134.000 inferenceQueueMs=140.657 localDecisionMs=281.085  bodyAdmissionMs=721.346 bodyReadMs=0.238 hashMs=0.518 requestToDeliveryMs=1229.833 upstreamHeadersMs=214.157 sanitizeMs=1005.313 downstreamWriteMs=1.422
09-08 10:05:01.887  8375  9046 I ChromePhotosDataPlane: phase=http_idle_closed correlationId=c24
09-08 10:05:01.956  8375  8995 I ChromePhotosDataPlane: origin=real hostClass=network hostHash=fdbc7f1491a89ee6 method=GET clientProtocol=http/1.1 upstreamProtocol=h2 status=200 contentType=image/webp bytesIn=2532 bytesOut=2532 cache=miss decision=safe reason=model_allow source=engine probability=0.008957833 basis=None decodeMs=5.211 inferenceMs=132.692 inferenceQueueMs=134.896 localDecisionMs=273.644  bodyAdmissionMs=614.136 bodyReadMs=0.250 hashMs=0.442 requestToDeliveryMs=1218.343 upstreamHeadersMs=319.034 sanitizeMs=889.870 downstreamWriteMs=1.100
09-08 10:05:02.094  8375  9019 I ChromePhotosDataPlane: origin=real hostClass=network hostHash=fdbc7f1491a89ee6 method=GET clientProtocol=http/1.1 upstreamProtocol=h2 status=200 contentType=image/webp bytesIn=4986 bytesOut=4986 cache=miss decision=safe reason=model_allow source=engine probability=0.006761968 basis=None decodeMs=5.372 inferenceMs=132.819 inferenceQueueMs=129.641 localDecisionMs=268.767  bodyAdmissionMs=598.501 bodyReadMs=0.333 hashMs=0.634 requestToDeliveryMs=1214.776 upstreamHeadersMs=336.588 sanitizeMs=871.586 downstreamWriteMs=1.261
09-08 10:05:02.147  8375  9063 I ChromePhotosDataPlane: phase=http_idle_closed correlationId=c30
09-08 10:05:02.229  8375  8991 I ChromePhotosDataPlane: origin=real hostClass=network hostHash=fdbc7f1491a89ee6 method=GET clientProtocol=http/1.1 upstreamProtocol=h2 status=200 contentType=image/webp bytesIn=5412 bytesOut=5412 cache=miss decision=safe reason=model_allow source=engine probability=0.06589651 basis=None decodeMs=5.452 inferenceMs=131.334 inferenceQueueMs=119.903 localDecisionMs=257.448  bodyAdmissionMs=72.546 bodyReadMs=0.353 hashMs=3.732 requestToDeliveryMs=569.228 upstreamHeadersMs=219.911 sanitizeMs=345.769 downstreamWriteMs=1.021
09-08 10:05:02.378  8375  8998 I ChromePhotosDataPlane: origin=real hostClass=network hostHash=fdbc7f1491a89ee6 method=GET clientProtocol=http/1.1 upstreamProtocol=h2 status=200 contentType=image/webp bytesIn=12548 bytesOut=12548 cache=miss decision=safe reason=model_allow source=engine probability=0.0034264326 basis=None decodeMs=5.820 inferenceMs=138.971 inferenceQueueMs=117.761 localDecisionMs=266.257  bodyAdmissionMs=4.481 bodyReadMs=0.653 hashMs=0.649 requestToDeliveryMs=711.693 upstreamHeadersMs=417.551 sanitizeMs=289.504 downstreamWriteMs=1.573
09-08 10:05:02.515  8375  8971 I ChromePhotosDataPlane: origin=real hostClass=network hostHash=fdbc7f1491a89ee6 method=GET clientProtocol=http/1.1 upstreamProtocol=h2 status=200 contentType=image/webp bytesIn=7354 bytesOut=7354 cache=miss decision=safe reason=model_allow source=engine probability=0.020469993 basis=None decodeMs=5.442 inferenceMs=133.970 inferenceQueueMs=141.920 localDecisionMs=282.367  bodyAdmissionMs=137.708 bodyReadMs=0.240 hashMs=0.395 requestToDeliveryMs=797.519 upstreamHeadersMs=369.277 sanitizeMs=423.326 downstreamWriteMs=0.898
09-08 10:05:02.652  8375  8997 I ChromePhotosDataPlane: origin=real hostClass=network hostHash=fdbc7f1491a89ee6 method=GET clientProtocol=http/1.1 upstreamProtocol=h2 status=200 contentType=image/webp bytesIn=5842 bytesOut=5842 cache=miss decision=safe reason=model_allow source=engine probability=0.018630117 basis=None decodeMs=5.394 inferenceMs=133.028 inferenceQueueMs=122.096 localDecisionMs=261.320  bodyAdmissionMs=87.088 bodyReadMs=0.436 hashMs=0.601 requestToDeliveryMs=775.978 upstreamHeadersMs=408.414 sanitizeMs=362.998 downstreamWriteMs=0.531
09-08 10:05:02.697  8375  9092 I ChromePhotosDataPlane: phase=worker_ready correlationId=c34 admissionWaitMs=0.693
09-08 10:05:02.701  8375  9093 I ChromePhotosDataPlane: phase=worker_ready correlationId=c35 admissionWaitMs=0.712
09-08 10:05:02.712  8375  9092 I ChromePhotosDataPlane: phase=tls_certificate correlationId=c34 tlsCacheHit=true tlsCacheWaitMs=0.039 tlsCreationMs=0.000
09-08 10:05:02.712  8375  9092 I ChromePhotosDataPlane: phase=tls_material correlationId=c34 tlsMaterialMs=0.554
09-08 10:05:02.720  8375  9093 I ChromePhotosDataPlane: phase=tls_certificate correlationId=c35 tlsCacheHit=true tlsCacheWaitMs=0.022 tlsCreationMs=0.000
09-08 10:05:02.721  8375  9093 I ChromePhotosDataPlane: phase=tls_material correlationId=c35 tlsMaterialMs=0.530
09-08 10:05:02.722  8375  9092 I ChromePhotosDataPlane: phase=tls_ready correlationId=c34 hostClass=network hostHash=ee8cdc867bba487e clientProtocol=http/1.1 ca=201dea049e16dfd8
09-08 10:05:02.730  8375  9093 I ChromePhotosDataPlane: phase=tls_ready correlationId=c35 hostClass=network hostHash=ee8cdc867bba487e clientProtocol=http/1.1 ca=201dea049e16dfd8
09-08 10:05:02.792  8375  8998 I ChromePhotosDataPlane: origin=real hostClass=network hostHash=fdbc7f1491a89ee6 method=GET clientProtocol=http/1.1 upstreamProtocol=h2 status=200 contentType=image/png bytesIn=7462 bytesOut=7462 cache=miss decision=safe reason=model_allow source=engine probability=0.022609293 basis=None decodeMs=2.873 inferenceMs=134.417 inferenceQueueMs=53.676 localDecisionMs=191.632  bodyAdmissionMs=0.029 bodyReadMs=0.257 hashMs=0.493 requestToDeliveryMs=379.230 upstreamHeadersMs=164.418 sanitizeMs=194.027 downstreamWriteMs=0.917
09-08 10:05:03.028  8375  9092 I ChromePhotosDataPlane: origin=real hostClass=network hostHash=ee8cdc867bba487e method=GET clientProtocol=http/1.1 upstreamProtocol=h2 status=302 contentType= bytesIn=0 bytesOut=0 cache=miss decision=passthrough   requestToDeliveryMs=302.959 upstreamHeadersMs=295.739 sanitizeMs=1.361 downstreamWriteMs=1.533
09-08 10:05:03.367  8375  8991 I ChromePhotosDataPlane: origin=real hostClass=network hostHash=fdbc7f1491a89ee6 method=GET clientProtocol=http/1.1 upstreamProtocol=h2 status=200 contentType=image/webp bytesIn=24630 bytesOut=24630 cache=miss decision=safe reason=model_allow source=engine probability=0.24903974 basis=None decodeMs=15.441 inferenceMs=548.942 inferenceQueueMs=10.674 localDecisionMs=576.666  bodyAdmissionMs=0.027 bodyReadMs=3.578 hashMs=0.728 requestToDeliveryMs=937.797 upstreamHeadersMs=327.389 sanitizeMs=591.300 downstreamWriteMs=5.660
09-08 10:05:03.381  8375  9110 I ChromePhotosDataPlane: phase=worker_ready correlationId=c36 admissionWaitMs=1.817
09-08 10:05:03.431  8375  9070 I ChromePhotosDataPlane: phase=http_idle_closed correlationId=c31
09-08 10:05:03.471  8375  9076 I ChromePhotosDataPlane: phase=http_idle_closed correlationId=c32
09-08 10:05:03.501  8375  9110 I ChromePhotosDataPlane: phase=tls_certificate correlationId=c36 tlsCacheHit=false tlsCacheWaitMs=0.073 tlsCreationMs=50.574
09-08 10:05:03.501  8375  9110 I ChromePhotosDataPlane: phase=tls_material correlationId=c36 tlsMaterialMs=51.389
09-08 10:05:03.507  8375  9110 I ChromePhotosDataPlane: phase=tls_ready correlationId=c36 hostClass=network hostHash=78545291017afd6d clientProtocol=http/1.1 ca=201dea049e16dfd8
09-08 10:05:03.639  8375  9082 I ChromePhotosDataPlane: phase=http_idle_closed correlationId=c33
09-08 10:05:03.915  8375  9019 I ChromePhotosDataPlane: origin=real hostClass=network hostHash=fdbc7f1491a89ee6 method=GET clientProtocol=http/1.1 upstreamProtocol=h2 status=200 contentType=image/webp bytesIn=22370 bytesOut=22370 cache=miss decision=safe reason=model_allow source=engine probability=0.24491698 basis=None decodeMs=19.895 inferenceMs=538.567 inferenceQueueMs=553.261 localDecisionMs=1112.566  bodyAdmissionMs=12.484 bodyReadMs=0.323 hashMs=0.224 requestToDeliveryMs=1343.542 upstreamHeadersMs=203.134 sanitizeMs=1136.745 downstreamWriteMs=0.824
09-08 10:05:04.477  8375  8971 I ChromePhotosDataPlane: origin=real hostClass=network hostHash=fdbc7f1491a89ee6 method=GET clientProtocol=http/1.1 upstreamProtocol=h2 status=200 contentType=image/webp bytesIn=38268 bytesOut=38268 cache=miss decision=safe reason=model_allow source=engine probability=0.10734418 basis=None decodeMs=19.474 inferenceMs=536.886 inferenceQueueMs=523.794 localDecisionMs=1081.828  bodyAdmissionMs=561.836 bodyReadMs=1.646 hashMs=0.535 requestToDeliveryMs=1908.444 upstreamHeadersMs=223.637 sanitizeMs=1677.393 downstreamWriteMs=2.435
09-08 10:05:04.477  8375  9093 I ChromePhotosDataPlane: origin=real hostClass=network hostHash=ee8cdc867bba487e method=GET clientProtocol=http/1.1 upstreamProtocol=h2 status=200 contentType=image/png bytesIn=42 bytesOut=704 cache=miss decision=unknown reason=unsupported_gif source=error probability=-1.0 basis=none decodeMs=0.000 inferenceMs=0.000 inferenceQueueMs=0.000 localDecisionMs=0.000  bodyAdmissionMs=1562.888 bodyReadMs=0.482 requestToDeliveryMs=1744.737 upstreamHeadersMs=175.726 sanitizeMs=1565.000 downstreamWriteMs=1.633
09-08 10:05:04.883  8375  9117 I ChromePhotosDataPlane: phase=worker_ready correlationId=c37 admissionWaitMs=1.883
09-08 10:05:04.911  8375  9117 I ChromePhotosDataPlane: phase=tls_certificate correlationId=c37 tlsCacheHit=true tlsCacheWaitMs=0.042 tlsCreationMs=0.000
09-08 10:05:04.911  8375  9117 I ChromePhotosDataPlane: phase=tls_material correlationId=c37 tlsMaterialMs=0.657
09-08 10:05:04.921  8375  9117 I ChromePhotosDataPlane: phase=tls_ready correlationId=c37 hostClass=network hostHash=f58aed0f48e58f0c clientProtocol=http/1.1 ca=201dea049e16dfd8
09-08 10:05:05.032  8375  9092 I ChromePhotosDataPlane: phase=http_idle_closed correlationId=c34
09-08 10:05:05.038  8375  8995 I ChromePhotosDataPlane: origin=real hostClass=network hostHash=fdbc7f1491a89ee6 method=GET clientProtocol=http/1.1 upstreamProtocol=h2 status=200 contentType=image/webp bytesIn=31020 bytesOut=31020 cache=miss decision=safe reason=model_allow source=engine probability=0.12847963 basis=None decodeMs=17.531 inferenceMs=539.243 inferenceQueueMs=517.025 localDecisionMs=1074.973  bodyAdmissionMs=1091.555 bodyReadMs=0.956 hashMs=0.669 requestToDeliveryMs=2457.327 upstreamHeadersMs=238.936 sanitizeMs=2206.225 downstreamWriteMs=1.674
09-08 10:05:05.184  8375  8997 I ChromePhotosDataPlane: origin=real hostClass=network hostHash=fdbc7f1491a89ee6 method=GET clientProtocol=http/1.1 upstreamProtocol=h2 status=200 contentType=image/webp bytesIn=20724 bytesOut=20724 cache=miss decision=safe reason=model_allow source=engine probability=0.03526777 basis=None decodeMs=7.060 inferenceMs=134.961 inferenceQueueMs=532.083 localDecisionMs=675.149  bodyAdmissionMs=1556.831 bodyReadMs=0.730 hashMs=0.843 requestToDeliveryMs=2465.002 upstreamHeadersMs=195.430 sanitizeMs=2253.906 downstreamWriteMs=6.958
09-08 10:05:05.721  8375  8998 I ChromePhotosDataPlane: origin=real hostClass=network hostHash=fdbc7f1491a89ee6 method=GET clientProtocol=http/1.1 upstreamProtocol=h2 status=200 contentType=image/webp bytesIn=14462 bytesOut=14462 cache=miss decision=safe reason=model_allow source=engine probability=0.029973358 basis=None decodeMs=15.703 inferenceMs=531.576 inferenceQueueMs=117.634 localDecisionMs=666.055  bodyAdmissionMs=1954.881 bodyReadMs=0.309 hashMs=0.471 requestToDeliveryMs=2877.113 upstreamHeadersMs=226.851 sanitizeMs=2645.479 downstreamWriteMs=0.847
09-08 10:05:05.885  8375  9110 I ChromePhotosDataPlane: origin=real hostClass=network hostHash=78545291017afd6d method=GET clientProtocol=http/1.1 upstreamProtocol=h2 status=200 contentType=image/png bytesIn=127837 bytesOut=127837 cache=miss decision=safe reason=model_allow source=engine probability=0.05982989 basis=None decodeMs=11.322 inferenceMs=138.832 inferenceQueueMs=505.456 localDecisionMs=656.638  bodyAdmissionMs=1536.908 bodyReadMs=4.708 hashMs=0.317 requestToDeliveryMs=2376.333 upstreamHeadersMs=122.820 sanitizeMs=2235.350 downstreamWriteMs=8.862
09-08 10:05:06.014  8375  9019 I ChromePhotosDataPlane: origin=real hostClass=network hostHash=fdbc7f1491a89ee6 method=GET clientProtocol=http/1.1 upstreamProtocol=h2 status=200 contentType=image/webp bytesIn=4476 bytesOut=4476 cache=miss decision=safe reason=model_allow source=engine probability=0.0146947205 basis=None decodeMs=3.800 inferenceMs=133.511 inferenceQueueMs=147.937 localDecisionMs=285.891  bodyAdmissionMs=1618.506 bodyReadMs=0.200 hashMs=0.294 requestToDeliveryMs=2078.794 upstreamHeadersMs=164.026 sanitizeMs=1906.905 downstreamWriteMs=3.231
09-08 10:05:06.162  8375  8971 I ChromePhotosDataPlane: origin=real hostClass=network hostHash=fdbc7f1491a89ee6 method=GET clientProtocol=http/1.1 upstreamProtocol=h2 status=200 contentType=image/webp bytesIn=4082 bytesOut=4082 cache=miss decision=safe reason=model_allow source=engine probability=0.01923281 basis=None decodeMs=8.723 inferenceMs=139.374 inferenceQueueMs=130.500 localDecisionMs=279.963  bodyAdmissionMs=1167.164 bodyReadMs=0.503 hashMs=1.145 requestToDeliveryMs=1639.465 upstreamHeadersMs=179.991 sanitizeMs=1453.299 downstreamWriteMs=1.009
09-08 10:05:06.345  8375  8991 I ChromePhotosDataPlane: origin=real hostClass=network hostHash=fdbc7f1491a89ee6 method=GET clientProtocol=http/1.1 upstreamProtocol=h2 status=200 contentType=image/webp bytesIn=5646 bytesOut=5646 cache=miss decision=safe reason=model_allow source=engine probability=0.013387382 basis=None decodeMs=5.289 inferenceMs=173.691 inferenceQueueMs=141.410 localDecisionMs=321.417  bodyAdmissionMs=1143.423 bodyReadMs=0.663 hashMs=0.457 requestToDeliveryMs=1785.625 upstreamHeadersMs=303.126 sanitizeMs=1472.470 downstreamWriteMs=6.298
09-08 10:05:06.477  8375  8995 I ChromePhotosDataPlane: origin=real hostClass=network hostHash=fdbc7f1491a89ee6 method=GET clientProtocol=http/1.1 upstreamProtocol=h2 status=200 contentType=image/webp bytesIn=3862 bytesOut=3862 cache=miss decision=safe reason=model_allow source=engine probability=0.021878213 basis=None decodeMs=5.331 inferenceMs=132.812 inferenceQueueMs=174.732 localDecisionMs=313.855  bodyAdmissionMs=948.338 bodyReadMs=0.231 hashMs=0.414 requestToDeliveryMs=1424.280 upstreamHeadersMs=155.166 sanitizeMs=1264.542 downstreamWriteMs=0.928
09-08 10:05:06.479  8375  9093 I ChromePhotosDataPlane: phase=http_idle_closed correlationId=c35
09-08 10:05:07.029  8375  8997 I ChromePhotosDataPlane: origin=real hostClass=network hostHash=fdbc7f1491a89ee6 method=GET clientProtocol=http/1.1 upstreamProtocol=h2 status=200 contentType=image/webp bytesIn=2878 bytesOut=2878 cache=miss decision=safe reason=model_allow source=engine probability=0.039949685 basis=None decodeMs=7.630 inferenceMs=531.502 inferenceQueueMs=126.805 localDecisionMs=667.279  bodyAdmissionMs=943.022 bodyReadMs=0.367 hashMs=5.270 requestToDeliveryMs=1801.952 upstreamHeadersMs=165.413 sanitizeMs=1619.823 downstreamWriteMs=3.389
09-08 10:05:07.570  8375  8998 I ChromePhotosDataPlane: origin=real hostClass=network hostHash=fdbc7f1491a89ee6 method=GET clientProtocol=http/1.1 upstreamProtocol=h2 status=200 contentType=image/webp bytesIn=1952 bytesOut=1952 cache=miss decision=safe reason=model_allow source=engine probability=0.031541497 basis=None decodeMs=9.051 inferenceMs=539.937 inferenceQueueMs=533.085 localDecisionMs=1083.321  bodyAdmissionMs=535.317 bodyReadMs=0.271 hashMs=0.557 requestToDeliveryMs=1791.947 upstreamHeadersMs=163.065 sanitizeMs=1621.309 downstreamWriteMs=2.017
09-08 10:05:07.889  8375  9110 I ChromePhotosDataPlane: phase=http_idle_closed correlationId=c36
09-08 10:05:08.117  8375  9019 I ChromePhotosDataPlane: origin=real hostClass=network hostHash=fdbc7f1491a89ee6 method=GET clientProtocol=http/1.1 upstreamProtocol=h2 status=200 contentType=image/webp bytesIn=1754 bytesOut=1754 cache=miss decision=safe reason=model_allow source=engine probability=0.11835408 basis=None decodeMs=7.673 inferenceMs=529.122 inferenceQueueMs=541.986 localDecisionMs=1080.022  bodyAdmissionMs=793.475 bodyReadMs=0.584 hashMs=1.520 requestToDeliveryMs=2060.212 upstreamHeadersMs=165.016 sanitizeMs=1880.061 downstreamWriteMs=11.431
09-08 10:05:08.138  8375  9117 I ChromePhotosDataPlane: origin=real hostClass=network hostHash=f58aed0f48e58f0c method=GET clientProtocol=http/1.1 upstreamProtocol=h2 status=200 contentType=image/png bytesIn=768261 bytesOut=704 cache=miss decision=unknown reason=image_format_unknown source=error probability=-1.0 basis=none decodeMs=0.000 inferenceMs=0.000 inferenceQueueMs=0.000 localDecisionMs=0.000  bodyAdmissionMs=1716.034 bodyReadMs=29.933 requestToDeliveryMs=3206.384 upstreamHeadersMs=1453.243 sanitizeMs=1748.881 downstreamWriteMs=1.176
09-08 10:05:08.255  8375  8971 I ChromePhotosDataPlane: origin=real hostClass=network hostHash=fdbc7f1491a89ee6 method=GET clientProtocol=http/1.1 upstreamProtocol=h2 status=200 contentType=image/webp bytesIn=2280 bytesOut=2280 cache=miss decision=safe reason=model_allow source=engine probability=0.0060395002 basis=None decodeMs=3.832 inferenceMs=133.297 inferenceQueueMs=533.039 localDecisionMs=671.089  bodyAdmissionMs=1179.904 bodyReadMs=0.322 hashMs=0.843 requestToDeliveryMs=2048.875 upstreamHeadersMs=172.912 sanitizeMs=1855.024 downstreamWriteMs=10.054
09-08 10:05:08.801  8375  8991 I ChromePhotosDataPlane: origin=real hostClass=network hostHash=fdbc7f1491a89ee6 method=GET clientProtocol=http/1.1 upstreamProtocol=h2 status=200 contentType=image/webp bytesIn=2038 bytesOut=2038 cache=miss decision=safe reason=model_allow source=engine probability=0.03242582 basis=None decodeMs=14.849 inferenceMs=538.079 inferenceQueueMs=101.942 localDecisionMs=656.623  bodyAdmissionMs=1590.712 bodyReadMs=0.203 hashMs=0.496 requestToDeliveryMs=2447.598 upstreamHeadersMs=190.496 sanitizeMs=2249.525 downstreamWriteMs=2.083
09-08 10:05:08.939  8375  8995 I ChromePhotosDataPlane: origin=real hostClass=network hostHash=fdbc7f1491a89ee6 method=GET clientProtocol=http/1.1 upstreamProtocol=h2 status=200 contentType=image/webp bytesIn=6766 bytesOut=6766 cache=miss decision=safe reason=model_allow source=engine probability=0.023139358 basis=None decodeMs=4.276 inferenceMs=135.764 inferenceQueueMs=535.797 localDecisionMs=677.427  bodyAdmissionMs=1531.447 bodyReadMs=0.526 hashMs=0.841 requestToDeliveryMs=2388.753 upstreamHeadersMs=158.165 sanitizeMs=2223.563 downstreamWriteMs=1.434
09-08 10:05:09.483  8375  8997 I ChromePhotosDataPlane: origin=real hostClass=network hostHash=fdbc7f1491a89ee6 method=GET clientProtocol=http/1.1 upstreamProtocol=h2 status=200 contentType=image/webp bytesIn=2890 bytesOut=2890 cache=miss decision=safe reason=model_allow source=engine probability=0.042669415 basis=None decodeMs=7.838 inferenceMs=535.077 inferenceQueueMs=131.341 localDecisionMs=675.802  bodyAdmissionMs=1548.150 bodyReadMs=0.386 hashMs=1.445 requestToDeliveryMs=2406.339 upstreamHeadersMs=168.214 sanitizeMs=2229.667 downstreamWriteMs=1.330
09-08 10:05:09.620  8375  8998 I ChromePhotosDataPlane: origin=real hostClass=network hostHash=fdbc7f1491a89ee6 method=GET clientProtocol=http/1.1 upstreamProtocol=h2 status=200 contentType=image/webp bytesIn=3100 bytesOut=3100 cache=miss decision=safe reason=model_allow source=engine probability=0.01386115 basis=None decodeMs=3.786 inferenceMs=133.526 inferenceQueueMs=537.492 localDecisionMs=675.518  bodyAdmissionMs=1126.487 bodyReadMs=0.320 hashMs=0.765 requestToDeliveryMs=1998.987 upstreamHeadersMs=184.868 sanitizeMs=1806.804 downstreamWriteMs=1.464
09-08 10:05:09.767  8375  9019 I ChromePhotosDataPlane: origin=real hostClass=network hostHash=fdbc7f1491a89ee6 method=GET clientProtocol=http/1.1 upstreamProtocol=h2 status=200 contentType=image/webp bytesIn=3800 bytesOut=3800 cache=miss decision=safe reason=model_allow source=engine probability=0.0038359165 basis=None decodeMs=3.935 inferenceMs=133.818 inferenceQueueMs=131.789 localDecisionMs=270.342  bodyAdmissionMs=1160.472 bodyReadMs=0.315 hashMs=0.801 requestToDeliveryMs=1606.725 upstreamHeadersMs=160.570 sanitizeMs=1436.029 downstreamWriteMs=2.393
09-08 10:05:10.143  8375  9117 I ChromePhotosDataPlane: phase=http_idle_closed correlationId=c37
09-08 10:05:10.305  8375  8971 I ChromePhotosDataPlane: origin=real hostClass=network hostHash=fdbc7f1491a89ee6 method=GET clientProtocol=http/1.1 upstreamProtocol=h2 status=200 contentType=image/webp bytesIn=1588 bytesOut=1588 cache=miss decision=safe reason=model_allow source=engine probability=0.0381563 basis=None decodeMs=8.466 inferenceMs=534.522 inferenceQueueMs=134.298 localDecisionMs=678.526  bodyAdmissionMs=1139.289 bodyReadMs=0.327 hashMs=0.963 requestToDeliveryMs=1990.058 upstreamHeadersMs=160.570 sanitizeMs=1821.508 downstreamWriteMs=2.293
09-08 10:05:10.447  8375  8991 I ChromePhotosDataPlane: origin=real hostClass=network hostHash=fdbc7f1491a89ee6 method=GET clientProtocol=http/1.1 upstreamProtocol=h2 status=200 contentType=image/webp bytesIn=3270 bytesOut=3270 cache=miss decision=safe reason=model_allow source=engine probability=0.0072008967 basis=None decodeMs=3.932 inferenceMs=136.366 inferenceQueueMs=532.783 localDecisionMs=674.473  bodyAdmissionMs=730.740 bodyReadMs=0.580 hashMs=1.519 requestToDeliveryMs=1604.932 upstreamHeadersMs=180.074 sanitizeMs=1415.311 downstreamWriteMs=3.121
09-08 10:05:10.582  8375  8995 I ChromePhotosDataPlane: origin=real hostClass=network hostHash=fdbc7f1491a89ee6 method=GET clientProtocol=http/1.1 upstreamProtocol=h2 status=200 contentType=image/webp bytesIn=7748 bytesOut=7748 cache=miss decision=safe reason=model_allow source=engine probability=0.007552147 basis=None decodeMs=4.326 inferenceMs=134.371 inferenceQueueMs=127.896 localDecisionMs=267.447  bodyAdmissionMs=1112.815 bodyReadMs=0.870 hashMs=1.205 requestToDeliveryMs=1599.137 upstreamHeadersMs=201.392 sanitizeMs=1392.120 downstreamWriteMs=1.683
09-08 10:05:10.723  8375  8997 I ChromePhotosDataPlane: origin=real hostClass=network hostHash=fdbc7f1491a89ee6 method=GET clientProtocol=http/1.1 upstreamProtocol=h2 status=200 contentType=image/webp bytesIn=3516 bytesOut=3516 cache=miss decision=safe reason=model_allow source=engine probability=0.029434115 basis=None decodeMs=4.054 inferenceMs=135.706 inferenceQueueMs=136.788 localDecisionMs=277.358  bodyAdmissionMs=673.765 bodyReadMs=0.120 hashMs=0.178 requestToDeliveryMs=1195.425 upstreamHeadersMs=237.047 sanitizeMs=952.488 downstreamWriteMs=1.713
09-08 10:05:10.863  8375  8998 I ChromePhotosDataPlane: origin=real hostClass=network hostHash=fdbc7f1491a89ee6 method=GET clientProtocol=http/1.1 upstreamProtocol=h2 status=200 contentType=image/webp bytesIn=7994 bytesOut=7994 cache=miss decision=safe reason=model_allow source=engine probability=0.09594399 basis=None decodeMs=4.417 inferenceMs=135.304 inferenceQueueMs=137.838 localDecisionMs=278.257  bodyAdmissionMs=609.560 bodyReadMs=0.204 hashMs=0.220 requestToDeliveryMs=1199.423 upstreamHeadersMs=303.538 sanitizeMs=889.971 downstreamWriteMs=1.394
09-08 10:05:10.938  8375  9126 I ChromePhotosDataPlane: phase=worker_ready correlationId=c38 admissionWaitMs=7.323
09-08 10:05:10.970  8375  9127 I ChromePhotosDataPlane: phase=worker_ready correlationId=c39 admissionWaitMs=21.458
09-08 10:05:11.005  8375  9127 I ChromePhotosDataPlane: phase=tls_certificate correlationId=c39 tlsCacheHit=true tlsCacheWaitMs=31.009 tlsCreationMs=0.000
09-08 10:05:11.005  8375  9126 I ChromePhotosDataPlane: phase=tls_certificate correlationId=c38 tlsCacheHit=false tlsCacheWaitMs=0.141 tlsCreationMs=46.497
09-08 10:05:11.005  8375  9126 I ChromePhotosDataPlane: phase=tls_material correlationId=c38 tlsMaterialMs=50.022
09-08 10:05:11.005  8375  9127 I ChromePhotosDataPlane: phase=tls_material correlationId=c39 tlsMaterialMs=31.237
09-08 10:05:11.013  8375  9019 I ChromePhotosDataPlane: origin=real hostClass=network hostHash=fdbc7f1491a89ee6 method=GET clientProtocol=http/1.1 upstreamProtocol=h2 status=200 contentType=image/webp bytesIn=10332 bytesOut=10332 cache=miss decision=safe reason=model_allow source=engine probability=0.19095385 basis=None decodeMs=4.236 inferenceMs=146.586 inferenceQueueMs=124.538 localDecisionMs=276.463  bodyAdmissionMs=545.796 bodyReadMs=0.839 hashMs=1.177 requestToDeliveryMs=1210.726 upstreamHeadersMs=369.031 sanitizeMs=837.079 downstreamWriteMs=2.023
09-08 10:05:11.018  8375  9126 I ChromePhotosDataPlane: phase=tls_ready correlationId=c38 hostClass=fixture hostHash=1c728e158a8cddb0 clientProtocol=http/1.1 ca=201dea049e16dfd8
09-08 10:05:11.022  8375  9127 I ChromePhotosDataPlane: phase=tls_ready correlationId=c39 hostClass=fixture hostHash=1c728e158a8cddb0 clientProtocol=http/1.1 ca=201dea049e16dfd8
09-08 10:05:11.096  8375  9126 I ChromePhotosDataPlane: phase=media_shield_document origin=fixture resource=fixture-index result=transformed documentSequence=4 navigationSequence=2 token=daeeff7ccd2e bytesOut=120276
09-08 10:05:11.186  8375  8971 I ChromePhotosDataPlane: origin=real hostClass=network hostHash=fdbc7f1491a89ee6 method=GET clientProtocol=http/1.1 upstreamProtocol=h2 status=200 contentType=image/webp bytesIn=6940 bytesOut=6940 cache=miss decision=safe reason=model_allow source=engine probability=0.008428872 basis=None decodeMs=4.641 inferenceMs=163.486 inferenceQueueMs=143.759 localDecisionMs=312.980  bodyAdmissionMs=274.947 bodyReadMs=0.465 hashMs=0.848 requestToDeliveryMs=836.671 upstreamHeadersMs=233.411 sanitizeMs=595.469 downstreamWriteMs=1.078
09-08 10:05:11.297  8375  9155 I ChromePhotosDataPlane: phase=worker_ready correlationId=c40 admissionWaitMs=1.257
09-08 10:05:11.306  8375  9156 I ChromePhotosDataPlane: phase=worker_ready correlationId=c41 admissionWaitMs=0.611
09-08 10:05:11.356  8375  8991 I ChromePhotosDataPlane: origin=real hostClass=network hostHash=fdbc7f1491a89ee6 method=GET clientProtocol=http/1.1 upstreamProtocol=h2 status=200 contentType=image/webp bytesIn=8446 bytesOut=8446 cache=miss decision=safe reason=model_allow source=engine probability=0.041372657 basis=None decodeMs=4.295 inferenceMs=167.948 inferenceQueueMs=159.909 localDecisionMs=333.336  bodyAdmissionMs=227.942 bodyReadMs=0.337 hashMs=0.490 requestToDeliveryMs=862.522 upstreamHeadersMs=289.751 sanitizeMs=565.481 downstreamWriteMs=2.304
09-08 10:05:11.366  8375  9126 I ChromePhotosDataPlane: phase=media_shield_ready result=204 bytesOut=0
09-08 10:05:11.375  8375  9126 I ChromePhotosDataPlane: phase=media_shield_ready result=204 bytesOut=0
09-08 10:05:11.385  8375  9126 I ChromePhotosDataPlane: phase=media_shield_ready result=204 bytesOut=0
09-08 10:05:11.409  8375  9166 I ChromePhotosDataPlane: phase=worker_ready correlationId=c42 admissionWaitMs=11.381
09-08 10:05:11.410  8375  9156 I ChromePhotosDataPlane: phase=tls_certificate correlationId=c41 tlsCacheHit=false tlsCacheWaitMs=0.010 tlsCreationMs=45.592
09-08 10:05:11.411  8375  9156 I ChromePhotosDataPlane: phase=tls_material correlationId=c41 tlsMaterialMs=46.063
09-08 10:05:11.414  8375  9167 I ChromePhotosDataPlane: phase=worker_ready correlationId=c43 admissionWaitMs=12.978
09-08 10:05:11.416  8375  9168 I ChromePhotosDataPlane: phase=worker_ready correlationId=c44 admissionWaitMs=9.691
09-08 10:05:11.424  8375  9177 I ChromePhotosDataPlane: phase=worker_ready correlationId=c45 admissionWaitMs=2.894
09-08 10:05:11.426  8375  9180 I ChromePhotosDataPlane: phase=worker_ready correlationId=c46 admissionWaitMs=1.176
09-08 10:05:11.435  8375  9126 I ChromePhotosDataPlane: resource=fixture-lease-script origin=fixture_local destination=chrome protocol=http/1.1 method=GET status=200 bytesIn=285 bytesOut=285 decision=passthrough 
09-08 10:05:11.438  8375  9156 I ChromePhotosDataPlane: phase=tls_ready correlationId=c41 hostClass=network hostHash=80255870a6218fe0 clientProtocol=http/1.1 ca=201dea049e16dfd8
09-08 10:05:11.486  8375  9191 I ChromePhotosDataPlane: phase=worker_ready correlationId=c47 admissionWaitMs=5.480
09-08 10:05:11.516  8375  8995 I ChromePhotosDataPlane: origin=real hostClass=network hostHash=fdbc7f1491a89ee6 method=GET clientProtocol=http/1.1 upstreamProtocol=h2 status=200 contentType=image/webp bytesIn=8122 bytesOut=8122 cache=miss decision=safe reason=model_allow source=engine probability=0.004171163 basis=None decodeMs=4.532 inferenceMs=158.559 inferenceQueueMs=161.627 localDecisionMs=325.990  bodyAdmissionMs=187.346 bodyReadMs=0.521 hashMs=0.521 requestToDeliveryMs=890.674 upstreamHeadersMs=365.407 sanitizeMs=523.111 downstreamWriteMs=0.503
09-08 10:05:11.521  8375  9191 I ChromePhotosDataPlane: phase=tls_certificate correlationId=c47 tlsCacheHit=true tlsCacheWaitMs=10.186 tlsCreationMs=0.000
09-08 10:05:11.521  8375  9191 I ChromePhotosDataPlane: phase=tls_material correlationId=c47 tlsMaterialMs=23.937
09-08 10:05:11.522  8375  9168 I ChromePhotosDataPlane: phase=tls_certificate correlationId=c44 tlsCacheHit=false tlsCacheWaitMs=0.012 tlsCreationMs=61.085
09-08 10:05:11.523  8375  9168 I ChromePhotosDataPlane: phase=tls_material correlationId=c44 tlsMaterialMs=65.869
09-08 10:05:11.543  8375  9191 I ChromePhotosDataPlane: phase=tls_ready correlationId=c47 hostClass=fixture hostHash=1c728e158a8cddb0 clientProtocol=http/1.1 ca=201dea049e16dfd8
09-08 10:05:11.553  8375  9168 I ChromePhotosDataPlane: phase=tls_ready correlationId=c44 hostClass=network hostHash=3aeb002460381c6f clientProtocol=http/1.1 ca=201dea049e16dfd8
09-08 10:05:11.559  8375  9177 I ChromePhotosDataPlane: phase=tls_certificate correlationId=c45 tlsCacheHit=false tlsCacheWaitMs=0.012 tlsCreationMs=31.498
09-08 10:05:11.559  8375  9177 I ChromePhotosDataPlane: phase=tls_material correlationId=c45 tlsMaterialMs=31.858
09-08 10:05:11.577  8375  9191 I ChromePhotosDataPlane: phase=presentation_ready fixture=visible heartbeat=fresh failSafe=armed
09-08 10:05:11.592  8375  9177 I ChromePhotosDataPlane: phase=tls_ready correlationId=c45 hostClass=network hostHash=1f6baa4a359d00da clientProtocol=http/1.1 ca=201dea049e16dfd8
09-08 10:05:11.607  8375  9180 I ChromePhotosDataPlane: phase=tls_certificate correlationId=c46 tlsCacheHit=false tlsCacheWaitMs=0.032 tlsCreationMs=30.561
09-08 10:05:11.608  8375  9180 I ChromePhotosDataPlane: phase=tls_material correlationId=c46 tlsMaterialMs=31.091
09-08 10:05:11.623  8375  9180 I ChromePhotosDataPlane: phase=tls_ready correlationId=c46 hostClass=network hostHash=466884c463494e8a clientProtocol=http/1.1 ca=201dea049e16dfd8
09-08 10:05:11.694  8375  9167 I ChromePhotosDataPlane: phase=tls_certificate correlationId=c43 tlsCacheHit=false tlsCacheWaitMs=0.029 tlsCreationMs=22.165
09-08 10:05:11.694  8375  9167 I ChromePhotosDataPlane: phase=tls_material correlationId=c43 tlsMaterialMs=22.684
09-08 10:05:11.694  8375  9155 I ChromePhotosDataPlane: phase=tls_certificate correlationId=c40 tlsCacheHit=true tlsCacheWaitMs=21.043 tlsCreationMs=0.000
09-08 10:05:11.694  8375  9166 I ChromePhotosDataPlane: phase=tls_certificate correlationId=c42 tlsCacheHit=true tlsCacheWaitMs=20.696 tlsCreationMs=0.000
09-08 10:05:11.694  8375  9155 I ChromePhotosDataPlane: phase=tls_material correlationId=c40 tlsMaterialMs=21.515
09-08 10:05:11.694  8375  9166 I ChromePhotosDataPlane: phase=tls_material correlationId=c42 tlsMaterialMs=21.028
09-08 10:05:11.708  8375  9155 I ChromePhotosDataPlane: phase=tls_ready correlationId=c40 hostClass=network hostHash=9b0ff8cd24a50ec9 clientProtocol=http/1.1 ca=201dea049e16dfd8
09-08 10:05:11.713  8375  9167 I ChromePhotosDataPlane: phase=tls_ready correlationId=c43 hostClass=network hostHash=9b0ff8cd24a50ec9 clientProtocol=http/1.1 ca=201dea049e16dfd8
09-08 10:05:11.720  8375  9166 I ChromePhotosDataPlane: phase=tls_ready correlationId=c42 hostClass=network hostHash=9b0ff8cd24a50ec9 clientProtocol=http/1.1 ca=201dea049e16dfd8
09-08 10:05:11.721  8375  8997 I ChromePhotosDataPlane: origin=real hostClass=network hostHash=fdbc7f1491a89ee6 method=GET clientProtocol=http/1.1 upstreamProtocol=h2 status=200 contentType=image/webp bytesIn=8426 bytesOut=8426 cache=miss decision=safe reason=model_allow source=engine probability=0.037530273 basis=None decodeMs=5.360 inferenceMs=181.487 inferenceQueueMs=157.937 localDecisionMs=347.103  bodyAdmissionMs=359.953 bodyReadMs=0.374 hashMs=2.493 requestToDeliveryMs=952.649 upstreamHeadersMs=223.711 sanitizeMs=713.426 downstreamWriteMs=5.888
09-08 10:05:11.973  8375  9210 I ChromePhotosDataPlane: phase=worker_ready correlationId=c48 admissionWaitMs=3.454
09-08 10:05:11.994  8375  9210 I ChromePhotosDataPlane: phase=tls_certificate correlationId=c48 tlsCacheHit=true tlsCacheWaitMs=0.016 tlsCreationMs=0.000
09-08 10:05:11.994  8375  9210 I ChromePhotosDataPlane: phase=tls_material correlationId=c48 tlsMaterialMs=0.371
09-08 10:05:11.995  8375  9213 I ChromePhotosDataPlane: phase=worker_ready correlationId=c49 admissionWaitMs=19.251
09-08 10:05:12.004  8375  9216 I ChromePhotosDataPlane: phase=worker_ready correlationId=c50 admissionWaitMs=12.048
09-08 10:05:12.006  8375  9210 I ChromePhotosDataPlane: phase=tls_ready correlationId=c48 hostClass=network hostHash=fdbc7f1491a89ee6 clientProtocol=http/1.1 ca=201dea049e16dfd8
09-08 10:05:12.012  8375  9217 I ChromePhotosDataPlane: phase=worker_ready correlationId=c51 admissionWaitMs=18.396
09-08 10:05:12.012  8375  9219 I ChromePhotosDataPlane: phase=worker_ready correlationId=c52 admissionWaitMs=6.060
09-08 10:05:12.015  8375  9213 I ChromePhotosDataPlane: phase=tls_certificate correlationId=c49 tlsCacheHit=true tlsCacheWaitMs=0.015 tlsCreationMs=0.000
09-08 10:05:12.015  8375  9213 I ChromePhotosDataPlane: phase=tls_material correlationId=c49 tlsMaterialMs=0.277
09-08 10:05:12.020  8375  9216 I ChromePhotosDataPlane: phase=tls_certificate correlationId=c50 tlsCacheHit=true tlsCacheWaitMs=0.012 tlsCreationMs=0.000
09-08 10:05:12.020  8375  9216 I ChromePhotosDataPlane: phase=tls_material correlationId=c50 tlsMaterialMs=0.379
09-08 10:05:12.023  8375  9213 I ChromePhotosDataPlane: phase=tls_ready correlationId=c49 hostClass=network hostHash=fdbc7f1491a89ee6 clientProtocol=http/1.1 ca=201dea049e16dfd8
09-08 10:05:12.024  8375  9217 I ChromePhotosDataPlane: phase=tls_certificate correlationId=c51 tlsCacheHit=true tlsCacheWaitMs=0.021 tlsCreationMs=0.000
09-08 10:05:12.024  8375  9217 I ChromePhotosDataPlane: phase=tls_material correlationId=c51 tlsMaterialMs=0.453
09-08 10:05:12.031  8375  9217 I ChromePhotosDataPlane: phase=tls_ready correlationId=c51 hostClass=network hostHash=fdbc7f1491a89ee6 clientProtocol=http/1.1 ca=201dea049e16dfd8
09-08 10:05:12.034  8375  9216 I ChromePhotosDataPlane: phase=tls_ready correlationId=c50 hostClass=network hostHash=fdbc7f1491a89ee6 clientProtocol=http/1.1 ca=201dea049e16dfd8
09-08 10:05:12.035  8375  9219 I ChromePhotosDataPlane: phase=tls_certificate correlationId=c52 tlsCacheHit=true tlsCacheWaitMs=0.037 tlsCreationMs=0.000
09-08 10:05:12.035  8375  9219 I ChromePhotosDataPlane: phase=tls_material correlationId=c52 tlsMaterialMs=0.518
09-08 10:05:12.042  8375  9219 I ChromePhotosDataPlane: phase=tls_ready correlationId=c52 hostClass=network hostHash=fdbc7f1491a89ee6 clientProtocol=http/1.1 ca=201dea049e16dfd8
09-08 10:05:12.094  8375  9168 I ChromePhotosDataPlane: origin=real hostClass=network hostHash=3aeb002460381c6f method=GET clientProtocol=http/1.1 upstreamProtocol=h2 status=302 contentType= bytesIn=0 bytesOut=0 cache=miss decision=passthrough   requestToDeliveryMs=519.967 upstreamHeadersMs=517.677 sanitizeMs=0.367 downstreamWriteMs=0.500
09-08 10:05:12.283  8375  8998 I ChromePhotosDataPlane: phase=client_disconnect direction=downstream_write correlationId=c18-r10
09-08 10:05:12.404  8375  9019 I ChromePhotosDataPlane: phase=client_disconnect direction=downstream_write correlationId=c21-r10
09-08 10:05:12.536  8375  8971 I ChromePhotosDataPlane: phase=client_disconnect direction=downstream_write correlationId=c12-r11
09-08 10:05:12.685  8375  9156 I ChromePhotosDataPlane: origin=real hostClass=network hostHash=80255870a6218fe0 method=GET clientProtocol=http/1.1 upstreamProtocol=h2 status=200 contentType=image/webp bytesIn=30320 bytesOut=30320 cache=miss decision=safe reason=model_allow source=engine probability=0.006820023 basis=None decodeMs=7.319 inferenceMs=129.256 inferenceQueueMs=128.538 localDecisionMs=266.290  bodyAdmissionMs=807.392 bodyReadMs=0.243 hashMs=0.248 requestToDeliveryMs=1243.426 upstreamHeadersMs=150.607 sanitizeMs=1079.566 downstreamWriteMs=3.896
09-08 10:05:12.810  8375  8991 I ChromePhotosDataPlane: phase=client_disconnect direction=downstream_write correlationId=c15-r11
09-08 10:05:13.027  8375  9127 I ChromePhotosDataPlane: phase=http_idle_closed correlationId=c39
09-08 10:05:13.439  8375  9126 I ChromePhotosDataPlane: phase=http_idle_closed correlationId=c38
09-08 10:05:13.476  8375  9177 I ChromePhotosDataPlane: origin=real hostClass=network hostHash=1f6baa4a359d00da method=GET clientProtocol=http/1.1 upstreamProtocol=h2 status=200 contentType=image/avif bytesIn=28133 bytesOut=28133 cache=miss decision=safe reason=model_allow source=engine probability=0.0050848126 basis=None decodeMs=520.663 inferenceMs=142.350 inferenceQueueMs=132.301 localDecisionMs=796.480  bodyAdmissionMs=733.151 bodyReadMs=0.258 hashMs=0.189 requestToDeliveryMs=1882.309 upstreamHeadersMs=345.099 sanitizeMs=1530.870 downstreamWriteMs=2.538
09-08 10:05:13.479  8375  9238 I ChromePhotosDataPlane: phase=worker_ready correlationId=c53 admissionWaitMs=1.434
09-08 10:05:13.482  8375  9238 I ChromePhotosDataPlane: phase=tls_certificate correlationId=c53 tlsCacheHit=true tlsCacheWaitMs=0.057 tlsCreationMs=0.000
09-08 10:05:13.482  8375  9238 I ChromePhotosDataPlane: phase=tls_material correlationId=c53 tlsMaterialMs=0.190
09-08 10:05:13.500  8375  9238 I ChromePhotosDataPlane: phase=tls_ready correlationId=c53 hostClass=network hostHash=1f6baa4a359d00da clientProtocol=http/1.1 ca=201dea049e16dfd8
09-08 10:05:13.514  8375  9240 I ChromePhotosDataPlane: phase=worker_ready correlationId=c54 admissionWaitMs=0.699
09-08 10:05:13.531  8375  9240 I ChromePhotosDataPlane: phase=tls_certificate correlationId=c54 tlsCacheHit=true tlsCacheWaitMs=0.043 tlsCreationMs=0.000
09-08 10:05:13.531  8375  9240 I ChromePhotosDataPlane: phase=tls_material correlationId=c54 tlsMaterialMs=0.922
09-08 10:05:13.543  8375  9240 I ChromePhotosDataPlane: phase=tls_ready correlationId=c54 hostClass=network hostHash=466884c463494e8a clientProtocol=http/1.1 ca=201dea049e16dfd8
09-08 10:05:13.772  8375  9180 I ChromePhotosDataPlane: origin=real hostClass=network hostHash=466884c463494e8a method=GET clientProtocol=http/1.1 upstreamProtocol=h2 status=200 contentType=image/jpeg bytesIn=3403942 bytesOut=3403942 cache=miss decision=safe reason=model_allow source=engine probability=0.037037224 basis=None decodeMs=103.886 inferenceMs=130.451 inferenceQueueMs=615.081 localDecisionMs=853.867  bodyAdmissionMs=828.958 bodyReadMs=41.081 hashMs=4.752 requestToDeliveryMs=2148.104 upstreamHeadersMs=353.019 sanitizeMs=1730.575 downstreamWriteMs=46.585
09-08 10:05:13.847  8375  8997 I ChromePhotosDataPlane: phase=client_disconnect direction=downstream_write correlationId=c17-r11
09-08 10:05:13.990  8375  8995 I ChromePhotosDataPlane: phase=client_disconnect direction=downstream_write correlationId=c16-r10
09-08 10:05:14.008  8375  9210 I ChromePhotosDataPlane: phase=http_idle_closed correlationId=c48
09-08 10:05:14.025  8375  9213 I ChromePhotosDataPlane: phase=http_idle_closed correlationId=c49
09-08 10:05:14.034  8375  9217 I ChromePhotosDataPlane: phase=http_idle_closed correlationId=c51
09-08 10:05:14.038  8375  9216 I ChromePhotosDataPlane: phase=http_idle_closed correlationId=c50
09-08 10:05:14.044  8375  9219 I ChromePhotosDataPlane: phase=http_idle_closed correlationId=c52
09-08 10:05:14.097  8375  9168 I ChromePhotosDataPlane: phase=http_idle_closed correlationId=c44
09-08 10:05:14.127  8375  9167 I ChromePhotosDataPlane: origin=real hostClass=network hostHash=9b0ff8cd24a50ec9 method=GET clientProtocol=http/1.1 upstreamProtocol=h2 status=200 contentType=image/png bytesIn=8090 bytesOut=8090 cache=miss decision=safe reason=model_allow source=engine probability=0.018158317 basis=None decodeMs=2.918 inferenceMs=130.387 inferenceQueueMs=134.986 localDecisionMs=269.248  bodyAdmissionMs=1301.767 bodyReadMs=0.239 hashMs=0.615 requestToDeliveryMs=2412.503 upstreamHeadersMs=828.609 sanitizeMs=1574.631 downstreamWriteMs=2.459
09-08 10:05:14.179  8375  9242 I ChromePhotosDataPlane: phase=worker_ready correlationId=c55 admissionWaitMs=4.682
09-08 10:05:14.184  8375  9243 I ChromePhotosDataPlane: phase=worker_ready correlationId=c56 admissionWaitMs=1.249
09-08 10:05:14.195  8375  9244 I ChromePhotosDataPlane: phase=worker_ready correlationId=c57 admissionWaitMs=2.015
09-08 10:05:14.203  8375  9242 I ChromePhotosDataPlane: phase=tls_certificate correlationId=c55 tlsCacheHit=true tlsCacheWaitMs=0.059 tlsCreationMs=0.000
09-08 10:05:14.203  8375  9242 I ChromePhotosDataPlane: phase=tls_material correlationId=c55 tlsMaterialMs=0.830
09-08 10:05:14.212  8375  9244 I ChromePhotosDataPlane: phase=tls_certificate correlationId=c57 tlsCacheHit=true tlsCacheWaitMs=0.029 tlsCreationMs=0.000
09-08 10:05:14.213  8375  9244 I ChromePhotosDataPlane: phase=tls_material correlationId=c57 tlsMaterialMs=0.535
09-08 10:05:14.219  8375  9243 I ChromePhotosDataPlane: phase=tls_certificate correlationId=c56 tlsCacheHit=true tlsCacheWaitMs=0.017 tlsCreationMs=0.000
09-08 10:05:14.219  8375  9243 I ChromePhotosDataPlane: phase=tls_material correlationId=c56 tlsMaterialMs=1.178
09-08 10:05:14.225  8375  9242 I ChromePhotosDataPlane: phase=tls_ready correlationId=c55 hostClass=network hostHash=466884c463494e8a clientProtocol=http/1.1 ca=201dea049e16dfd8
09-08 10:05:14.231  8375  9244 I ChromePhotosDataPlane: phase=tls_ready correlationId=c57 hostClass=network hostHash=466884c463494e8a clientProtocol=http/1.1 ca=201dea049e16dfd8
09-08 10:05:14.238  8375  9243 I ChromePhotosDataPlane: phase=tls_ready correlationId=c56 hostClass=network hostHash=466884c463494e8a clientProtocol=http/1.1 ca=201dea049e16dfd8
09-08 10:05:14.257  8375  9166 I ChromePhotosDataPlane: origin=real hostClass=network hostHash=9b0ff8cd24a50ec9 method=GET clientProtocol=http/1.1 upstreamProtocol=h2 status=200 contentType=image/jpeg bytesIn=35588 bytesOut=35588 cache=miss decision=safe reason=model_allow source=engine probability=0.042280197 basis=None decodeMs=3.378 inferenceMs=132.039 inferenceQueueMs=127.387 localDecisionMs=263.522  bodyAdmissionMs=1316.293 bodyReadMs=2.165 hashMs=1.660 requestToDeliveryMs=2535.073 upstreamHeadersMs=945.682 sanitizeMs=1584.391 downstreamWriteMs=1.793
09-08 10:05:14.258  8375  9238 I ChromePhotosDataPlane: origin=real hostClass=network hostHash=1f6baa4a359d00da method=GET clientProtocol=http/1.1 upstreamProtocol=h2 status=200 contentType=image/avif bytesIn=28133 bytesOut=28133 cache=hit decision=safe reason=model_allow source=cache probability=0.0050848126 basis=None decodeMs=0.000 inferenceMs=0.000 inferenceQueueMs=0.000 localDecisionMs=0.070  bodyAdmissionMs=712.682 bodyReadMs=0.429 hashMs=0.451 requestToDeliveryMs=756.938 upstreamHeadersMs=39.197 sanitizeMs=714.125 downstreamWriteMs=1.470
09-08 10:05:14.396  8375  9155 I ChromePhotosDataPlane: origin=real hostClass=network hostHash=9b0ff8cd24a50ec9 method=GET clientProtocol=http/1.1 upstreamProtocol=h2 status=200 contentType=image/webp bytesIn=10568 bytesOut=10568 cache=miss decision=safe reason=model_allow source=engine probability=0.032659233 basis=None decodeMs=4.460 inferenceMs=132.476 inferenceQueueMs=112.175 localDecisionMs=249.886  bodyAdmissionMs=1124.044 bodyReadMs=0.792 hashMs=1.915 requestToDeliveryMs=2678.822 upstreamHeadersMs=1276.560 sanitizeMs=1396.310 downstreamWriteMs=1.441
09-08 10:05:14.557  8375  9180 I ChromePhotosDataPlane: origin=real hostClass=network hostHash=466884c463494e8a method=GET clientProtocol=http/1.1 upstreamProtocol=h2 status=200 contentType=image/png bytesIn=1452444 bytesOut=704 cache=miss decision=unknown reason=unsafe_dimensions source=engine probability=-1.0 basis=none decodeMs=0.417 inferenceMs=0.000 inferenceQueueMs=157.879 localDecisionMs=158.482  bodyAdmissionMs=582.957 bodyReadMs=5.156 hashMs=1.456 requestToDeliveryMs=778.682 upstreamHeadersMs=28.286 sanitizeMs=748.683 downstreamWriteMs=0.478
09-08 10:05:14.591  8375  9240 I ChromePhotosDataPlane: origin=real hostClass=network hostHash=466884c463494e8a method=GET clientProtocol=http/1.1 upstreamProtocol=h2 status=200 contentType=image/jpeg bytesIn=837774 bytesOut=837774 cache=miss decision=safe reason=model_allow source=engine probability=0.0482603 basis=None decodeMs=26.426 inferenceMs=136.300 inferenceQueueMs=125.033 localDecisionMs=290.713  bodyAdmissionMs=684.294 bodyReadMs=8.639 hashMs=1.561 requestToDeliveryMs=1046.536 upstreamHeadersMs=25.565 sanitizeMs=985.836 downstreamWriteMs=25.194
09-08 10:05:14.689  8375  9156 I ChromePhotosDataPlane: phase=http_idle_closed correlationId=c41
09-08 10:05:14.858  8375  9242 I ChromePhotosDataPlane: origin=real hostClass=network hostHash=466884c463494e8a method=GET clientProtocol=http/1.1 upstreamProtocol=h2 status=200 contentType=image/jpeg bytesIn=2372694 bytesOut=2372694 cache=miss decision=safe reason=model_allow source=engine probability=0.05782932 basis=None decodeMs=72.769 inferenceMs=131.480 inferenceQueueMs=0.171 localDecisionMs=207.293  bodyAdmissionMs=274.276 bodyReadMs=49.614 hashMs=4.213 requestToDeliveryMs=622.944 upstreamHeadersMs=45.445 sanitizeMs=536.157 downstreamWriteMs=34.276
09-08 10:05:15.081  8375  9244 I ChromePhotosDataPlane: origin=real hostClass=network hostHash=466884c463494e8a method=GET clientProtocol=http/1.1 upstreamProtocol=h2 status=200 contentType=image/jpeg bytesIn=2965483 bytesOut=2965483 cache=miss decision=safe reason=model_allow source=engine probability=0.059427142 basis=None decodeMs=79.308 inferenceMs=132.106 inferenceQueueMs=205.008 localDecisionMs=420.130  bodyAdmissionMs=183.188 bodyReadMs=50.572 hashMs=4.948 requestToDeliveryMs=846.003 upstreamHeadersMs=135.132 sanitizeMs=659.905 downstreamWriteMs=31.198
09-08 10:05:15.287  8375  9243 I ChromePhotosDataPlane: origin=real hostClass=network hostHash=466884c463494e8a method=GET clientProtocol=http/1.1 upstreamProtocol=h2 status=200 contentType=image/jpeg bytesIn=3808825 bytesOut=3808825 cache=miss decision=safe reason=model_allow source=engine probability=0.029154658 basis=None decodeMs=98.856 inferenceMs=130.156 inferenceQueueMs=180.583 localDecisionMs=413.656  bodyAdmissionMs=415.318 bodyReadMs=28.002 hashMs=4.986 requestToDeliveryMs=1045.058 upstreamHeadersMs=160.737 sanitizeMs=862.342 downstreamWriteMs=16.890
09-08 10:05:15.480  8375  9177 I ChromePhotosDataPlane: phase=http_idle_closed correlationId=c45
09-08 10:05:16.131  8375  9167 I ChromePhotosDataPlane: phase=http_idle_closed correlationId=c43
09-08 10:05:16.260  8375  9166 I ChromePhotosDataPlane: phase=http_idle_closed correlationId=c42
09-08 10:05:16.264  8375  9238 I ChromePhotosDataPlane: phase=http_idle_closed correlationId=c53
09-08 10:05:16.400  8375  9155 I ChromePhotosDataPlane: phase=http_idle_closed correlationId=c40
09-08 10:05:16.562  8375  9180 I ChromePhotosDataPlane: phase=http_idle_closed correlationId=c46
09-08 10:05:16.596  8375  9240 I ChromePhotosDataPlane: phase=http_idle_closed correlationId=c54
09-08 10:05:16.861  8375  9242 I ChromePhotosDataPlane: phase=http_idle_closed correlationId=c55
09-08 10:05:17.084  8375  9244 I ChromePhotosDataPlane: phase=http_idle_closed correlationId=c57
09-08 10:05:17.291  8375  9243 I ChromePhotosDataPlane: phase=http_idle_closed correlationId=c56
09-08 10:05:44.067  8375  9283 I ChromePhotosDataPlane: phase=worker_ready correlationId=c58 admissionWaitMs=5.598
09-08 10:05:44.082  8375  9283 I ChromePhotosDataPlane: phase=tls_certificate correlationId=c58 tlsCacheHit=true tlsCacheWaitMs=0.036 tlsCreationMs=0.000
09-08 10:05:44.082  8375  9283 I ChromePhotosDataPlane: phase=tls_material correlationId=c58 tlsMaterialMs=0.721
09-08 10:05:44.096  8375  9283 I ChromePhotosDataPlane: phase=tls_ready correlationId=c58 hostClass=fixture hostHash=1c728e158a8cddb0 clientProtocol=http/1.1 ca=201dea049e16dfd8
09-08 10:05:44.109  8375  9285 I ChromePhotosDataPlane: phase=worker_ready correlationId=c59 admissionWaitMs=0.709
09-08 10:05:44.115  8375  9285 I ChromePhotosDataPlane: phase=tls_certificate correlationId=c59 tlsCacheHit=true tlsCacheWaitMs=0.013 tlsCreationMs=0.000
09-08 10:05:44.115  8375  9285 I ChromePhotosDataPlane: phase=tls_material correlationId=c59 tlsMaterialMs=0.248
09-08 10:05:44.134  8375  9285 I ChromePhotosDataPlane: phase=tls_ready correlationId=c59 hostClass=fixture hostHash=1c728e158a8cddb0 clientProtocol=http/1.1 ca=201dea049e16dfd8
09-08 10:05:44.164  8375  9283 I ChromePhotosDataPlane: phase=media_shield_document origin=fixture resource=fixture-index result=transformed documentSequence=5 navigationSequence=3 token=7e62cddffad4 bytesOut=120276
09-08 10:05:44.215  8375  9283 I ChromePhotosDataPlane: phase=media_shield_ready result=204 bytesOut=0
09-08 10:05:44.220  8375  9283 I ChromePhotosDataPlane: phase=media_shield_ready result=204 bytesOut=0
09-08 10:05:44.228  8375  9283 I ChromePhotosDataPlane: phase=media_shield_ready result=204 bytesOut=0
09-08 10:05:44.247  8375  9287 I ChromePhotosDataPlane: phase=worker_ready correlationId=c60 admissionWaitMs=0.940
09-08 10:05:44.251  8375  9288 I ChromePhotosDataPlane: phase=worker_ready correlationId=c61 admissionWaitMs=1.483
09-08 10:05:44.257  8375  9291 I ChromePhotosDataPlane: phase=worker_ready correlationId=c63 admissionWaitMs=0.733
09-08 10:05:44.260  8375  9292 I ChromePhotosDataPlane: phase=worker_ready correlationId=c64 admissionWaitMs=0.542
09-08 10:05:44.269  8375  9289 I ChromePhotosDataPlane: phase=worker_ready correlationId=c62 admissionWaitMs=16.211
09-08 10:05:44.275  8375  8858 I ChromePhotosDataPlane: phase=worker_ready correlationId=c65 admissionWaitMs=1.141
09-08 10:05:44.275  8375  9287 I ChromePhotosDataPlane: phase=tls_certificate correlationId=c60 tlsCacheHit=true tlsCacheWaitMs=0.029 tlsCreationMs=0.000
09-08 10:05:44.275  8375  9287 I ChromePhotosDataPlane: phase=tls_material correlationId=c60 tlsMaterialMs=0.631
09-08 10:05:44.279  8375  9291 I ChromePhotosDataPlane: phase=tls_certificate correlationId=c63 tlsCacheHit=true tlsCacheWaitMs=0.010 tlsCreationMs=0.000
09-08 10:05:44.279  8375  9291 I ChromePhotosDataPlane: phase=tls_material correlationId=c63 tlsMaterialMs=0.290
09-08 10:05:44.279  8375  8860 I ChromePhotosDataPlane: phase=worker_ready correlationId=c66 admissionWaitMs=0.536
09-08 10:05:44.284  8375  8862 I ChromePhotosDataPlane: phase=worker_ready correlationId=c67 admissionWaitMs=0.323
09-08 10:05:44.286  8375  9291 I ChromePhotosDataPlane: phase=tls_ready correlationId=c63 hostClass=network hostHash=9b0ff8cd24a50ec9 clientProtocol=http/1.1 ca=201dea049e16dfd8
09-08 10:05:44.289  8375  9287 I ChromePhotosDataPlane: phase=tls_ready correlationId=c60 hostClass=network hostHash=9b0ff8cd24a50ec9 clientProtocol=http/1.1 ca=201dea049e16dfd8
09-08 10:05:44.294  8375  9283 I ChromePhotosDataPlane: resource=fixture-lease-script origin=fixture_local destination=chrome protocol=http/1.1 method=GET status=200 bytesIn=285 bytesOut=285 decision=passthrough 
09-08 10:05:44.306  8375  9288 I ChromePhotosDataPlane: phase=tls_certificate correlationId=c61 tlsCacheHit=true tlsCacheWaitMs=0.040 tlsCreationMs=0.000
09-08 10:05:44.306  8375  9288 I ChromePhotosDataPlane: phase=tls_material correlationId=c61 tlsMaterialMs=0.646
09-08 10:05:44.307  8375  9289 I ChromePhotosDataPlane: phase=tls_certificate correlationId=c62 tlsCacheHit=true tlsCacheWaitMs=0.019 tlsCreationMs=0.000
09-08 10:05:44.307  8375  9289 I ChromePhotosDataPlane: phase=tls_material correlationId=c62 tlsMaterialMs=0.475
09-08 10:05:44.317  8375  9288 I ChromePhotosDataPlane: phase=tls_ready correlationId=c61 hostClass=network hostHash=80255870a6218fe0 clientProtocol=http/1.1 ca=201dea049e16dfd8
09-08 10:05:44.317  8375  9289 I ChromePhotosDataPlane: phase=tls_ready correlationId=c62 hostClass=network hostHash=9b0ff8cd24a50ec9 clientProtocol=http/1.1 ca=201dea049e16dfd8
09-08 10:05:44.329  8375  9292 I ChromePhotosDataPlane: phase=tls_certificate correlationId=c64 tlsCacheHit=true tlsCacheWaitMs=0.020 tlsCreationMs=0.000
09-08 10:05:44.329  8375  9292 I ChromePhotosDataPlane: phase=tls_material correlationId=c64 tlsMaterialMs=0.315
09-08 10:05:44.333  8375  9292 I ChromePhotosDataPlane: phase=tls_ready correlationId=c64 hostClass=network hostHash=3aeb002460381c6f clientProtocol=http/1.1 ca=201dea049e16dfd8
09-08 10:05:44.336  8375  8860 I ChromePhotosDataPlane: phase=tls_certificate correlationId=c66 tlsCacheHit=true tlsCacheWaitMs=0.033 tlsCreationMs=0.000
09-08 10:05:44.336  8375  8862 I ChromePhotosDataPlane: phase=tls_certificate correlationId=c67 tlsCacheHit=true tlsCacheWaitMs=0.027 tlsCreationMs=0.000
09-08 10:05:44.336  8375  8862 I ChromePhotosDataPlane: phase=tls_material correlationId=c67 tlsMaterialMs=0.410
09-08 10:05:44.336  8375  8860 I ChromePhotosDataPlane: phase=tls_material correlationId=c66 tlsMaterialMs=0.410
09-08 10:05:44.339  8375  8858 I ChromePhotosDataPlane: phase=tls_certificate correlationId=c65 tlsCacheHit=true tlsCacheWaitMs=0.011 tlsCreationMs=0.000
09-08 10:05:44.339  8375  8858 I ChromePhotosDataPlane: phase=tls_material correlationId=c65 tlsMaterialMs=0.338
09-08 10:05:44.347  8375  8858 I ChromePhotosDataPlane: phase=tls_ready correlationId=c65 hostClass=network hostHash=1f6baa4a359d00da clientProtocol=http/1.1 ca=201dea049e16dfd8
09-08 10:05:44.348  8375  8860 I ChromePhotosDataPlane: phase=tls_ready correlationId=c66 hostClass=network hostHash=466884c463494e8a clientProtocol=http/1.1 ca=201dea049e16dfd8
09-08 10:05:44.352  8375  8862 I ChromePhotosDataPlane: phase=tls_ready correlationId=c67 hostClass=network hostHash=466884c463494e8a clientProtocol=http/1.1 ca=201dea049e16dfd8
09-08 10:05:44.357  8375  9288 I ChromePhotosDataPlane: origin=real hostClass=network hostHash=80255870a6218fe0 method=GET clientProtocol=http/1.1 upstreamProtocol=h2 status=200 contentType=image/webp bytesIn=30320 bytesOut=30320 cache=hit decision=safe reason=model_allow source=cache probability=0.006820023 basis=None decodeMs=0.000 inferenceMs=0.000 inferenceQueueMs=0.000 localDecisionMs=0.079  bodyAdmissionMs=0.024 bodyReadMs=3.264 hashMs=0.213 requestToDeliveryMs=39.421 upstreamHeadersMs=28.537 sanitizeMs=8.664 downstreamWriteMs=0.735
09-08 10:05:44.382  8375  8858 I ChromePhotosDataPlane: origin=real hostClass=network hostHash=1f6baa4a359d00da method=GET clientProtocol=http/1.1 upstreamProtocol=h2 status=200 contentType=image/avif bytesIn=28133 bytesOut=28133 cache=hit decision=safe reason=model_allow source=cache probability=0.0050848126 basis=None decodeMs=0.000 inferenceMs=0.000 inferenceQueueMs=0.000 localDecisionMs=0.059  bodyAdmissionMs=0.016 bodyReadMs=7.053 hashMs=0.421 requestToDeliveryMs=32.708 upstreamHeadersMs=20.729 sanitizeMs=8.178 downstreamWriteMs=1.454
09-08 10:05:44.585  8375  8860 I ChromePhotosDataPlane: origin=real hostClass=network hostHash=466884c463494e8a method=GET clientProtocol=http/1.1 upstreamProtocol=h2 status=200 contentType=image/jpeg bytesIn=3403942 bytesOut=3403942 cache=hit decision=safe reason=model_allow source=cache probability=0.037037224 basis=None decodeMs=0.000 inferenceMs=0.000 inferenceQueueMs=0.000 localDecisionMs=0.048  bodyAdmissionMs=0.016 bodyReadMs=190.595 hashMs=3.975 requestToDeliveryMs=236.139 upstreamHeadersMs=20.270 sanitizeMs=194.978 downstreamWriteMs=16.429
09-08 10:05:44.613  8375  8862 I ChromePhotosDataPlane: origin=real hostClass=network hostHash=466884c463494e8a method=GET clientProtocol=http/1.1 upstreamProtocol=h2 status=200 contentType=image/jpeg bytesIn=837774 bytesOut=837774 cache=hit decision=safe reason=model_allow source=cache probability=0.0482603 basis=None decodeMs=0.000 inferenceMs=0.000 inferenceQueueMs=0.000 localDecisionMs=0.196  bodyAdmissionMs=0.030 bodyReadMs=37.515 hashMs=1.899 requestToDeliveryMs=260.376 upstreamHeadersMs=204.558 sanitizeMs=40.109 downstreamWriteMs=12.177
09-08 10:05:44.684  8375  9292 I ChromePhotosDataPlane: origin=real hostClass=network hostHash=3aeb002460381c6f method=GET clientProtocol=http/1.1 upstreamProtocol=h2 status=302 contentType= bytesIn=0 bytesOut=0 cache=miss decision=passthrough   requestToDeliveryMs=349.532 upstreamHeadersMs=347.211 sanitizeMs=0.514 downstreamWriteMs=0.682
09-08 10:05:44.710  8375  8860 I ChromePhotosDataPlane: origin=real hostClass=network hostHash=466884c463494e8a method=GET clientProtocol=http/1.1 upstreamProtocol=h2 status=200 contentType=image/png bytesIn=1452444 bytesOut=704 cache=hit decision=unknown reason=unsafe_dimensions source=cache probability=-1.0 basis=none decodeMs=0.000 inferenceMs=0.000 inferenceQueueMs=0.000 localDecisionMs=0.045  bodyAdmissionMs=0.039 bodyReadMs=49.453 hashMs=1.419 requestToDeliveryMs=84.049 upstreamHeadersMs=30.343 sanitizeMs=51.318 downstreamWriteMs=0.654
09-08 10:05:44.738  8375  8858 I ChromePhotosDataPlane: origin=real hostClass=network hostHash=1f6baa4a359d00da method=GET clientProtocol=http/1.1 upstreamProtocol=h2 status=200 contentType=image/avif bytesIn=28133 bytesOut=28133 cache=hit decision=safe reason=model_allow source=cache probability=0.0050848126 basis=None decodeMs=0.000 inferenceMs=0.000 inferenceQueueMs=0.000 localDecisionMs=0.060  bodyAdmissionMs=0.023 bodyReadMs=5.631 hashMs=0.400 requestToDeliveryMs=45.936 upstreamHeadersMs=34.742 sanitizeMs=6.588 downstreamWriteMs=1.823
09-08 10:05:44.743  8375  8861 I ChromePhotosDataPlane: phase=worker_ready correlationId=c68 admissionWaitMs=0.947
09-08 10:05:44.748  8375  8861 I ChromePhotosDataPlane: phase=tls_certificate correlationId=c68 tlsCacheHit=true tlsCacheWaitMs=0.015 tlsCreationMs=0.000
09-08 10:05:44.748  8375  8861 I ChromePhotosDataPlane: phase=tls_material correlationId=c68 tlsMaterialMs=0.317
09-08 10:05:44.754  8375  8859 I ChromePhotosDataPlane: phase=worker_ready correlationId=c69 admissionWaitMs=0.246
09-08 10:05:44.759  8375  8861 I ChromePhotosDataPlane: phase=tls_ready correlationId=c68 hostClass=network hostHash=466884c463494e8a clientProtocol=http/1.1 ca=201dea049e16dfd8
09-08 10:05:44.759  8375  8859 I ChromePhotosDataPlane: phase=tls_certificate correlationId=c69 tlsCacheHit=true tlsCacheWaitMs=0.011 tlsCreationMs=0.000
09-08 10:05:44.759  8375  8859 I ChromePhotosDataPlane: phase=tls_material correlationId=c69 tlsMaterialMs=0.222
09-08 10:05:44.768  8375  8859 I ChromePhotosDataPlane: phase=tls_ready correlationId=c69 hostClass=network hostHash=466884c463494e8a clientProtocol=http/1.1 ca=201dea049e16dfd8
09-08 10:05:44.824  8375  8862 I ChromePhotosDataPlane: origin=real hostClass=network hostHash=466884c463494e8a method=GET clientProtocol=http/1.1 upstreamProtocol=h2 status=200 contentType=image/jpeg bytesIn=2372694 bytesOut=2372694 cache=hit decision=safe reason=model_allow source=cache probability=0.05782932 basis=None decodeMs=0.000 inferenceMs=0.000 inferenceQueueMs=0.000 localDecisionMs=0.149  bodyAdmissionMs=0.018 bodyReadMs=79.923 hashMs=4.570 requestToDeliveryMs=170.198 upstreamHeadersMs=53.985 sanitizeMs=85.405 downstreamWriteMs=23.172
09-08 10:05:44.943  8375  8860 I ChromePhotosDataPlane: origin=real hostClass=network hostHash=466884c463494e8a method=GET clientProtocol=http/1.1 upstreamProtocol=h2 status=200 contentType=image/jpeg bytesIn=2965483 bytesOut=2965483 cache=hit decision=safe reason=model_allow source=cache probability=0.059427142 basis=None decodeMs=0.000 inferenceMs=0.000 inferenceQueueMs=0.000 localDecisionMs=0.071  bodyAdmissionMs=0.033 bodyReadMs=100.328 hashMs=4.821 requestToDeliveryMs=182.085 upstreamHeadersMs=49.599 sanitizeMs=105.907 downstreamWriteMs=19.593
09-08 10:05:44.983  8375  9287 I ChromePhotosDataPlane: origin=real hostClass=network hostHash=9b0ff8cd24a50ec9 method=GET clientProtocol=http/1.1 upstreamProtocol=h2 status=200 contentType=image/jpeg bytesIn=35588 bytesOut=35588 cache=hit decision=safe reason=model_allow source=cache probability=0.042280197 basis=None decodeMs=0.000 inferenceMs=0.000 inferenceQueueMs=0.000 localDecisionMs=0.070  bodyAdmissionMs=71.251 bodyReadMs=53.342 hashMs=0.519 requestToDeliveryMs=688.851 upstreamHeadersMs=550.536 sanitizeMs=125.707 downstreamWriteMs=8.161
09-08 10:05:45.010  8375  9291 I ChromePhotosDataPlane: origin=real hostClass=network hostHash=9b0ff8cd24a50ec9 method=GET clientProtocol=http/1.1 upstreamProtocol=h2 status=200 contentType=image/png bytesIn=8090 bytesOut=8090 cache=hit decision=safe reason=model_allow source=cache probability=0.018158317 basis=None decodeMs=0.000 inferenceMs=0.000 inferenceQueueMs=0.000 localDecisionMs=0.110  bodyAdmissionMs=0.040 bodyReadMs=190.571 hashMs=1.192 requestToDeliveryMs=716.640 upstreamHeadersMs=509.592 sanitizeMs=201.768 downstreamWriteMs=1.245
09-08 10:05:45.014  8375  9289 I ChromePhotosDataPlane: origin=real hostClass=network hostHash=9b0ff8cd24a50ec9 method=GET clientProtocol=http/1.1 upstreamProtocol=h2 status=200 contentType=image/webp bytesIn=10568 bytesOut=10568 cache=hit decision=safe reason=model_allow source=cache probability=0.032659233 basis=None decodeMs=0.000 inferenceMs=0.000 inferenceQueueMs=0.000 localDecisionMs=0.084  bodyAdmissionMs=42.513 bodyReadMs=0.410 hashMs=0.577 requestToDeliveryMs=695.898 upstreamHeadersMs=638.002 sanitizeMs=48.314 downstreamWriteMs=7.001
09-08 10:05:45.094  8375  8861 I ChromePhotosDataPlane: origin=real hostClass=network hostHash=466884c463494e8a method=GET clientProtocol=http/1.1 upstreamProtocol=h2 status=200 contentType=image/jpeg bytesIn=3808825 bytesOut=3808825 cache=hit decision=safe reason=model_allow source=cache probability=0.029154658 basis=None decodeMs=0.000 inferenceMs=0.000 inferenceQueueMs=0.000 localDecisionMs=0.059  bodyAdmissionMs=64.951 bodyReadMs=90.307 hashMs=5.397 requestToDeliveryMs=324.768 upstreamHeadersMs=138.953 sanitizeMs=161.144 downstreamWriteMs=19.768
09-08 10:05:46.136  8375  9285 I ChromePhotosDataPlane: phase=http_idle_closed correlationId=c59
09-08 10:05:46.296  8375  9283 I ChromePhotosDataPlane: phase=http_idle_closed correlationId=c58
09-08 10:05:46.360  8375  9288 I ChromePhotosDataPlane: phase=http_idle_closed correlationId=c61
09-08 10:05:46.687  8375  9292 I ChromePhotosDataPlane: phase=http_idle_closed correlationId=c64
09-08 10:05:46.742  8375  8858 I ChromePhotosDataPlane: phase=http_idle_closed correlationId=c65
09-08 10:05:46.770  8375  8859 I ChromePhotosDataPlane: phase=http_idle_closed correlationId=c69
09-08 10:05:46.827  8375  8862 I ChromePhotosDataPlane: phase=http_idle_closed correlationId=c67
09-08 10:05:46.947  8375  8860 I ChromePhotosDataPlane: phase=http_idle_closed correlationId=c66
09-08 10:05:46.987  8375  9287 I ChromePhotosDataPlane: phase=http_idle_closed correlationId=c60
09-08 10:05:47.012  8375  9291 I ChromePhotosDataPlane: phase=http_idle_closed correlationId=c63
09-08 10:05:47.019  8375  9289 I ChromePhotosDataPlane: phase=http_idle_closed correlationId=c62
09-08 10:05:47.097  8375  8861 I ChromePhotosDataPlane: phase=http_idle_closed correlationId=c68
09-08 10:05:48.554  8375  8375 I ChromePhotosDataPlane: phase=status statusSequence=3 lifecycle=PresentationReady active=true ready=true connections=69 requests=276 safe=80 blocked=0 unknown=8 passthrough=168 cacheHits=13 cacheMisses=69 failures=0 clientDisconnects=6 bytesIn=32338697 bytesOut=29261855 streamed=14 proxyQueueRejects=0 proxyActivePeak=21 proxyP50Ms=3.216 proxyP95Ms=2406.794 proxyP99Ms=2950.555 upstreamSockets=27 protectSuccess=27 protectFailure=0 web11a=not_run web11b=not_run modelLoadMs=555.259 engineCalls=75 dedupeHits=0 decisionCacheConfig=256 decisionConcurrencyConfig=1 decisionQueueConfig=2 decisionTimeoutMs=5000 engineCallsPerRequest=0.8522727272727273 inferencePeak=1 inFlightPeak=2 queuePeak=1 queueRejects=0 timeouts=0 inferenceP50Ms=137.488229 inferenceP95Ms=554.182863 inferenceP99Ms=578.723699 decisionP50Ms=302.147813 decisionP95Ms=1112.56625 decisionP99Ms=1160.43927 cacheHitP50Ms=0.070469 cacheHitP95Ms=0.148907 cacheEntries=75 cacheEvictions=0 preprocessP50Ms=5.677187 preprocessP95Ms=72.769115 preprocessP99Ms=103.885781 preparedCount1=54 preparedCount4=20 preparedCount5=0 preparedCountOther=1 decisionBasis=None:74,Other:1 imageCandidates=95 imagePrefixPeeks=0 imageMagicCandidates=0 imageBodyAdmissionPeak=2 imageBodyAdmissionRejects=0 networkVisualCandidates=94 networkVisualReplaced=0 networkVisualRawDelivered=0 networkVisualSafeRawDelivered=80 networkVisualBlockedReplaced=0 networkVisualUnknownReplaced=0 networkVisualUnsupportedReplaced=8 networkVisualRawBlockedDelivered=0 networkVisualRawUnknownDelivered=0 networkVisualCacheHit=13 networkVisualInference=69 mediaDocumentsTransformed=5 mediaDocumentsFailClosed=0 documentTransformOutstanding=0 readyTokensOutstanding=5 uiSvgRegistered=0 uiSvgRegistryBytes=0 uiSvgCssRewritten=0 uiSvgCssRejected=0 uiSvgNetworkAccepted=0 uiSvgNetworkRejected=0 uiSvgAssetServed=0 uiSvgAssetRejected=0 h18=REPORT=not_run,EVENT_SEQUENCE=0,COMPAT_DOCS=0,STRICT_DOCS=0,STYLE_REQ=0,SCRIPT_REQ=0,DATA_REQ=0,NETWORK_REQ=0,REPORTS=0,LAST_DOC=none,NETWORK_SHA=ee17e3f62edde61823ce35732ea168f4f5986bff347ccfac063eca7f4009ee1b,AUDIT_SHA=74d4467bbf6833db4eeab998495b7dfc50db3b1f04f407704b839ad3f4b25582 h19=REPORT=not_run,DOCUMENTS=0,FRAMES=0,SCRIPTS=0,FIRST_ORIGINAL_SCRIPTS=0,STYLES=0,WORKERS=0,SERVICE_WORKERS=0,FRAME_REPORTS=0,FRAME_REPORT_REJECTS=0,FRAME_REPORT=not_run,FRAME_REPORT_SHA=not_run,FRAME_CHALLENGE_SHA=not_run,FRAME_GENERATION=0,FRAME_ACCEPTED_CHALLENGE_SHA=not_run,FRAME_REPORT_BINDING_SHA=not_run,SAME_URL_BODIES=0,REPORTS=0,SW_BOUNDARY={INSTALL_DOCS=0,WORKER_SCRIPTS=0,WORKER_PROBE_SCRIPTS=0,PROBE_DOCS=0,CLEANUP_DOCS=0,REPORTS_ACCEPTED=0,REPORTS_REJECTED=0,CONTROLLER_PRESENT=0,CONTROLLER_MISSING=0,NAV_FETCHES=0,SELF_READY_FETCHES=0,SELF_READY_PASS_THROUGH=0,SELF_READY_SYNTHETIC=0,NAV_SYNTHETIC=0,RESET_BASELINE_CLEAN=0,RESET_BASELINE_DIRTY=0,REGISTER_BLOCKED=0,REGISTER_SUCCEEDED=0,WORKER_REGISTER_BLOCKED=0,WORKER_REGISTER_SUCCEEDED=0,WORKER_REGISTER_UNSUPPORTED=0,WORKER_REGISTER_ERROR=0,LAST_CASE=none,LAST_EVENT=none,LAST_VALUE=none},UI_SVG={not_run} quicAttempts=0 directTcpAttempts=0 bootstrapResetGeneration=2 bootstrapCompleteGeneration=2 bootstrapResetCount=3 chromeSuspended=false guardSession=555 guardHeartbeatSequence=145 audit17State=0 audit17Navigation=0 audit17Events=92 audit17Dropped=0
09-08 10:05:48.554  8375  8375 I ChromeMediaShieldStatus: v=1 seq=3 kind=network mode=selective candidates=94 replaced=0 rawDelivered=0 safeRaw=80 blockedReplaced=0 unknownReplaced=0 unsupportedReplaced=8 rawBlocked=0 rawUnknown=0 cacheHit=13 decisionEngine=69 engineCalls=75
09-08 10:05:48.554  8375  8375 I ChromeMediaShieldStatus: v=1 seq=3 kind=document transformed=5 failClosed=0 outstanding=0 issued=5 claims=3 documentSequence=5 navigationSequence=3 readyRequests=9 readyPreflights=0 readyAccepted=3 readyRejected=0 parserBarrierRequests=0 parserBarrierReady=0 parserBarrierFailClosed=0 selfShield=true selfReadyRequests=3 selfReadyAccepted=3 selfReadyRejected=0 selfReadyRejectReason=none selfShieldReleaseCompleted=3 selfShieldParserContinued=3 selfShieldOriginalScriptStarted=0 selfShieldTraceRejected=0 selfShieldTraceOutstanding=2 bootstrapDiagnosticAccepted=0 bootstrapDiagnosticRejected=0 bootstrapDiagnosticRejectReason=none bootstrapDiagnosticStage=none bootstrapDiagnosticReason=none bootstrapDiagnosticOutstanding=0
09-08 10:05:48.554  8375  8375 I ChromeMediaShieldStatus: v=1 seq=3 kind=renderer reports=0 rejected=0 globalCallbacks=0 globalRecords=0 childRecords=0 attributeRecords=0 maxRecords=0 scanCalls=0 scanRoot=0 scanNodes=0 maxScanNodes=0 scanMicros=0 maxScanMicros=0 observerChildScans=0 observerAttributeScans=0 guardedScans=0 markupScans=0 shadowScans=0 initialScans=0 otherScans=0 sanitizeElement=0 sanitizeContainer=0 img=0 source=0 svg=0 iframe=0 canvas=0 video=0 safeIcon=0 lockIcon=0 geometryWrites=0 svgRecords=0 shadowRoots=0 shadowObservers=0 shadowCallbacks=0 shadowRecords=0 shadowScanCalls=0 ensureStyle=0 ensureCurtain=0 internalMutations=0
09-08 10:05:48.555  8375  8375 I ChromeMediaShieldStatus: v=1 seq=3 kind=rendererApis callScan=createElement=0/0 createElementNS=0/0 appendChild=0/0 insertBefore=0/0 replaceChild=0/0 append=0/0 prepend=0/0 replaceChildren=0/0 before=0/0 after=0/0 replaceWith=0/0 adjacentElement=0/0 moveBefore=0/0 rangeInsert=0/0 rangeSurround=0/0 adoptNode=0/0 cloneNode=0/0 importNode=0/0 safeMarkup=0/0 innerHTML=0/0 outerHTML=0/0 insertAdjacentHTML=0/0 setHTML=0/0 shadowInnerHTML=0/0 execCommandInsertHTML=0/0 mappedTextContent=0/0
09-08 10:05:48.555  8375  8375 I ChromeMediaShieldStatus: v=1 seq=3 kind=rendererFamilies roots=element/fragment/text/other factory:calls=0,scans=0,direct=0,roots=0/0/0/0,nodes=0,micros=0,maxMicros=0 domGuard:calls=0,scans=0,direct=0,roots=0/0/0/0,nodes=0,micros=0,maxMicros=0 markup:calls=0,scans=0,direct=0,roots=0/0/0/0,nodes=0,micros=0,maxMicros=0
09-08 10:05:48.555  8375  8375 I ChromeMediaShieldStatus: v=1 seq=3 kind=uiSvg registered=0 registryBytes=0 cssRewritten=0 cssRejected=0 networkAccepted=0 networkRejected=0 assetServed=0 assetRejected=0
09-08 10:05:48.555  8375  8375 I ChromeMediaShieldStatus: v=1 seq=3 kind=health failures=0 clientDisconnects=6 proxyQueueRejects=0 protectFailure=0 quicAttempts=0 directTcpAttempts=0 active=true ready=true
09-08 10:05:48.555  8375  8375 I ChromeMediaShieldStatus: v=1 seq=3 kind=fixture report=REPORT=not_run,DOCUMENTS=0,FRAMES=0,SCRIPTS=0,FIRST_ORIGINAL_SCRIPTS=0,STYLES=0,WORKERS=0,SERVICE_WORKERS=0,FRAME_REPORTS=0,FRAME_REPORT_REJECTS=0,FRAME_REPORT=not_run,FRAME_REPORT_SHA=not_run,FRAME_CHALLENGE_SHA=not_run,FRAME_GENERATION=0,FRAME_ACCEPTED_CHALLENGE_SHA=not_run,FRAME_REPORT_BINDING_SHA=not_run,SAME_URL_BODIES=0,REPORTS=0,SW_BOUNDARY={INSTALL_DOCS=0,WORKER_SCRIPTS=0,WORKER_PROBE_SCRIPTS=0,PROBE_DOCS=0,CLEANUP_DOCS=0,REPORTS_ACCEPTED=0,REPORTS_REJECTED=0,CONTROLLER_PRESENT=0,CONTROLLER_MISSING=0,NAV_FETCHES=0,SELF_READY_FETCHES=0,SELF_READY_PASS_THROUGH=0,SELF_READY_SYNTHETIC=0,NAV_SYNTHETIC=0,RESET_BASELINE_CLEAN=0,RESET_BASELINE_DIRTY=0,REGISTER_BLOCKED=0,REGISTER_SUCCEEDED=0,WORKER_REGISTER_BLOCKED=0,WORKER_REGISTER_SUCCEEDED=0,WORKER_REGISTER_UNSUPPORTED=0,WORKER_REGISTER_ERROR=0,LAST_CASE=none,LAST_EVENT=none,LAST_VALUE=none},UI_SVG={not_run}
09-08 10:05:50.463  8375  8868 I ChromePhotosDataPlane: phase=worker_ready correlationId=c70 admissionWaitMs=0.692
09-08 10:05:50.471  8375  8868 I ChromePhotosDataPlane: phase=tls_certificate correlationId=c70 tlsCacheHit=true tlsCacheWaitMs=0.019 tlsCreationMs=0.000
09-08 10:05:50.472  8375  8868 I ChromePhotosDataPlane: phase=tls_material correlationId=c70 tlsMaterialMs=1.659
09-08 10:05:50.483  8375  8868 I ChromePhotosDataPlane: phase=tls_ready correlationId=c70 hostClass=fixture hostHash=1c728e158a8cddb0 clientProtocol=http/1.1 ca=201dea049e16dfd8
09-08 10:05:50.486  8375  8882 I ChromePhotosDataPlane: phase=worker_ready correlationId=c71 admissionWaitMs=0.394
09-08 10:05:50.492  8375  8882 I ChromePhotosDataPlane: phase=tls_certificate correlationId=c71 tlsCacheHit=true tlsCacheWaitMs=0.012 tlsCreationMs=0.000
09-08 10:05:50.492  8375  8882 I ChromePhotosDataPlane: phase=tls_material correlationId=c71 tlsMaterialMs=0.281
09-08 10:05:50.498  8375  8882 I ChromePhotosDataPlane: phase=tls_ready correlationId=c71 hostClass=fixture hostHash=1c728e158a8cddb0 clientProtocol=http/1.1 ca=201dea049e16dfd8
09-08 10:05:50.532  8375  8868 I ChromePhotosDataPlane: phase=media_shield_document origin=fixture resource=fixture-index result=transformed documentSequence=6 navigationSequence=4 token=f82eadbc0de5 bytesOut=120276
09-08 10:05:50.579  8375  8868 I ChromePhotosDataPlane: phase=media_shield_ready result=204 bytesOut=0
09-08 10:05:50.584  8375  8868 I ChromePhotosDataPlane: phase=media_shield_ready result=204 bytesOut=0
09-08 10:05:50.591  8375  8868 I ChromePhotosDataPlane: phase=media_shield_ready result=204 bytesOut=0
09-08 10:05:50.602  8375  8865 I ChromePhotosDataPlane: phase=worker_ready correlationId=c72 admissionWaitMs=0.170
09-08 10:05:50.611  8375  8887 I ChromePhotosDataPlane: phase=worker_ready correlationId=c73 admissionWaitMs=0.805
09-08 10:05:50.611  8375  8865 I ChromePhotosDataPlane: phase=tls_certificate correlationId=c72 tlsCacheHit=true tlsCacheWaitMs=0.009 tlsCreationMs=0.000
09-08 10:05:50.611  8375  8865 I ChromePhotosDataPlane: phase=tls_material correlationId=c72 tlsMaterialMs=0.258
09-08 10:05:50.613  8375  8807 I ChromePhotosDataPlane: phase=worker_ready correlationId=c74 admissionWaitMs=0.238
09-08 10:05:50.621  8375  8865 I ChromePhotosDataPlane: phase=tls_ready correlationId=c72 hostClass=network hostHash=9b0ff8cd24a50ec9 clientProtocol=http/1.1 ca=201dea049e16dfd8
09-08 10:05:50.623  8375  8807 I ChromePhotosDataPlane: phase=tls_certificate correlationId=c74 tlsCacheHit=true tlsCacheWaitMs=0.010 tlsCreationMs=0.000
09-08 10:05:50.623  8375  8807 I ChromePhotosDataPlane: phase=tls_material correlationId=c74 tlsMaterialMs=0.335
09-08 10:05:50.628  8375  8887 I ChromePhotosDataPlane: phase=tls_certificate correlationId=c73 tlsCacheHit=true tlsCacheWaitMs=0.033 tlsCreationMs=0.000
09-08 10:05:50.628  8375  8887 I ChromePhotosDataPlane: phase=tls_material correlationId=c73 tlsMaterialMs=0.685
09-08 10:05:50.630  8375  8973 I ChromePhotosDataPlane: phase=worker_ready correlationId=c75 admissionWaitMs=0.403
09-08 10:05:50.633  8375  8807 I ChromePhotosDataPlane: phase=tls_ready correlationId=c74 hostClass=network hostHash=9b0ff8cd24a50ec9 clientProtocol=http/1.1 ca=201dea049e16dfd8
09-08 10:05:50.639  8375  8843 I ChromePhotosDataPlane: phase=worker_ready correlationId=c76 admissionWaitMs=0.201
09-08 10:05:50.640  8375  8973 I ChromePhotosDataPlane: phase=tls_certificate correlationId=c75 tlsCacheHit=true tlsCacheWaitMs=0.011 tlsCreationMs=0.000
09-08 10:05:50.640  8375  8973 I ChromePhotosDataPlane: phase=tls_material correlationId=c75 tlsMaterialMs=0.281
09-08 10:05:50.641  8375  8887 I ChromePhotosDataPlane: phase=tls_ready correlationId=c73 hostClass=network hostHash=80255870a6218fe0 clientProtocol=http/1.1 ca=201dea049e16dfd8
09-08 10:05:50.644  8375  8979 I ChromePhotosDataPlane: phase=worker_ready correlationId=c77 admissionWaitMs=0.411
09-08 10:05:50.648  8375  8843 I ChromePhotosDataPlane: phase=tls_certificate correlationId=c76 tlsCacheHit=true tlsCacheWaitMs=0.010 tlsCreationMs=0.000
09-08 10:05:50.648  8375  8843 I ChromePhotosDataPlane: phase=tls_material correlationId=c76 tlsMaterialMs=0.263
09-08 10:05:50.648  8375  9007 I ChromePhotosDataPlane: phase=worker_ready correlationId=c78 admissionWaitMs=0.292
09-08 10:05:50.651  8375  8973 I ChromePhotosDataPlane: phase=tls_ready correlationId=c75 hostClass=network hostHash=9b0ff8cd24a50ec9 clientProtocol=http/1.1 ca=201dea049e16dfd8
09-08 10:05:50.652  8375  8979 I ChromePhotosDataPlane: phase=tls_certificate correlationId=c77 tlsCacheHit=true tlsCacheWaitMs=0.009 tlsCreationMs=0.000
09-08 10:05:50.652  8375  8979 I ChromePhotosDataPlane: phase=tls_material correlationId=c77 tlsMaterialMs=0.221
09-08 10:05:50.655  8375  9021 I ChromePhotosDataPlane: phase=worker_ready correlationId=c79 admissionWaitMs=0.209
09-08 10:05:50.659  8375  8843 I ChromePhotosDataPlane: phase=tls_ready correlationId=c76 hostClass=network hostHash=3aeb002460381c6f clientProtocol=http/1.1 ca=201dea049e16dfd8
09-08 10:05:50.661  8375  9007 I ChromePhotosDataPlane: phase=tls_certificate correlationId=c78 tlsCacheHit=true tlsCacheWaitMs=0.016 tlsCreationMs=0.000
09-08 10:05:50.661  8375  9007 I ChromePhotosDataPlane: phase=tls_material correlationId=c78 tlsMaterialMs=0.280
09-08 10:05:50.661  8375  8979 I ChromePhotosDataPlane: phase=tls_ready correlationId=c77 hostClass=network hostHash=1f6baa4a359d00da clientProtocol=http/1.1 ca=201dea049e16dfd8
09-08 10:05:50.662  8375  9021 I ChromePhotosDataPlane: phase=tls_certificate correlationId=c79 tlsCacheHit=true tlsCacheWaitMs=0.052 tlsCreationMs=0.000
09-08 10:05:50.662  8375  9021 I ChromePhotosDataPlane: phase=tls_material correlationId=c79 tlsMaterialMs=0.272
09-08 10:05:50.667  8375  9007 I ChromePhotosDataPlane: phase=tls_ready correlationId=c78 hostClass=network hostHash=466884c463494e8a clientProtocol=http/1.1 ca=201dea049e16dfd8
09-08 10:05:50.669  8375  9021 I ChromePhotosDataPlane: phase=tls_ready correlationId=c79 hostClass=network hostHash=466884c463494e8a clientProtocol=http/1.1 ca=201dea049e16dfd8
09-08 10:05:50.672  8375  8868 I ChromePhotosDataPlane: resource=fixture-lease-script origin=fixture_local destination=chrome protocol=http/1.1 method=GET status=200 bytesIn=285 bytesOut=285 decision=passthrough 
09-08 10:05:50.746  8375  8979 I ChromePhotosDataPlane: origin=real hostClass=network hostHash=1f6baa4a359d00da method=GET clientProtocol=http/1.1 upstreamProtocol=h2 status=200 contentType=image/avif bytesIn=28133 bytesOut=28133 cache=hit decision=safe reason=model_allow source=cache probability=0.0050848126 basis=None decodeMs=0.000 inferenceMs=0.000 inferenceQueueMs=0.000 localDecisionMs=0.055  bodyAdmissionMs=0.025 bodyReadMs=17.388 hashMs=0.327 requestToDeliveryMs=70.151 upstreamHeadersMs=49.394 sanitizeMs=18.242 downstreamWriteMs=0.861
09-08 10:05:50.753  8375  8887 I ChromePhotosDataPlane: origin=real hostClass=network hostHash=80255870a6218fe0 method=GET clientProtocol=http/1.1 upstreamProtocol=h2 status=200 contentType=image/webp bytesIn=30320 bytesOut=30320 cache=hit decision=safe reason=model_allow source=cache probability=0.006820023 basis=None decodeMs=0.000 inferenceMs=0.000 inferenceQueueMs=0.000 localDecisionMs=0.051  bodyAdmissionMs=0.017 bodyReadMs=15.932 hashMs=0.938 requestToDeliveryMs=78.108 upstreamHeadersMs=37.703 sanitizeMs=38.091 downstreamWriteMs=0.789
09-08 10:05:50.774  8375  8843 I ChromePhotosDataPlane: origin=real hostClass=network hostHash=3aeb002460381c6f method=GET clientProtocol=http/1.1 upstreamProtocol=h2 status=302 contentType= bytesIn=0 bytesOut=0 cache=miss decision=passthrough   requestToDeliveryMs=98.223 upstreamHeadersMs=94.580 sanitizeMs=0.646 downstreamWriteMs=0.997
09-08 10:05:50.781  8375  9017 I ChromePhotosDataPlane: phase=worker_ready correlationId=c80 admissionWaitMs=0.638
09-08 10:05:50.795  8375  9017 I ChromePhotosDataPlane: phase=tls_certificate correlationId=c80 tlsCacheHit=true tlsCacheWaitMs=0.020 tlsCreationMs=0.000
09-08 10:05:50.795  8375  9017 I ChromePhotosDataPlane: phase=tls_material correlationId=c80 tlsMaterialMs=0.626
09-08 10:05:50.802  8375  9017 I ChromePhotosDataPlane: phase=tls_ready correlationId=c80 hostClass=network hostHash=1f6baa4a359d00da clientProtocol=http/1.1 ca=201dea049e16dfd8
09-08 10:05:50.857  8375  8979 I ChromePhotosDataPlane: origin=real hostClass=network hostHash=1f6baa4a359d00da method=GET clientProtocol=http/1.1 upstreamProtocol=h2 status=200 contentType=image/avif bytesIn=28133 bytesOut=28133 cache=hit decision=safe reason=model_allow source=cache probability=0.0050848126 basis=None decodeMs=0.000 inferenceMs=0.000 inferenceQueueMs=0.000 localDecisionMs=0.089  bodyAdmissionMs=0.029 bodyReadMs=3.028 hashMs=0.588 requestToDeliveryMs=70.472 upstreamHeadersMs=61.052 sanitizeMs=4.412 downstreamWriteMs=1.646
09-08 10:05:50.899  8375  9037 I ChromePhotosDataPlane: phase=worker_ready correlationId=c81 admissionWaitMs=0.356
09-08 10:05:50.910  8375  9037 I ChromePhotosDataPlane: phase=tls_certificate correlationId=c81 tlsCacheHit=true tlsCacheWaitMs=0.035 tlsCreationMs=0.000
09-08 10:05:50.910  8375  9037 I ChromePhotosDataPlane: phase=tls_material correlationId=c81 tlsMaterialMs=0.761
09-08 10:05:50.926  8375  9037 I ChromePhotosDataPlane: phase=tls_ready correlationId=c81 hostClass=network hostHash=466884c463494e8a clientProtocol=http/1.1 ca=201dea049e16dfd8
09-08 10:05:50.938  8375  9007 I ChromePhotosDataPlane: origin=real hostClass=network hostHash=466884c463494e8a method=GET clientProtocol=http/1.1 upstreamProtocol=h2 status=200 contentType=image/jpeg bytesIn=3403942 bytesOut=3403942 cache=hit decision=safe reason=model_allow source=cache probability=0.037037224 basis=None decodeMs=0.000 inferenceMs=0.000 inferenceQueueMs=0.000 localDecisionMs=0.102  bodyAdmissionMs=17.657 bodyReadMs=140.704 hashMs=11.057 requestToDeliveryMs=261.863 upstreamHeadersMs=49.733 sanitizeMs=170.951 downstreamWriteMs=33.945
09-08 10:05:50.948  8375  9021 I ChromePhotosDataPlane: origin=real hostClass=network hostHash=466884c463494e8a method=GET clientProtocol=http/1.1 upstreamProtocol=h2 status=200 contentType=image/jpeg bytesIn=837774 bytesOut=837774 cache=hit decision=safe reason=model_allow source=cache probability=0.0482603 basis=None decodeMs=0.000 inferenceMs=0.000 inferenceQueueMs=0.000 localDecisionMs=0.113  bodyAdmissionMs=0.032 bodyReadMs=47.187 hashMs=2.288 requestToDeliveryMs=269.706 upstreamHeadersMs=200.381 sanitizeMs=50.331 downstreamWriteMs=14.555
09-08 10:05:51.019  8375  9037 I ChromePhotosDataPlane: origin=real hostClass=network hostHash=466884c463494e8a method=GET clientProtocol=http/1.1 upstreamProtocol=h2 status=200 contentType=image/png bytesIn=1452444 bytesOut=704 cache=hit decision=unknown reason=unsafe_dimensions source=cache probability=-1.0 basis=none decodeMs=0.000 inferenceMs=0.000 inferenceQueueMs=0.000 localDecisionMs=0.071  bodyAdmissionMs=0.024 bodyReadMs=56.666 hashMs=2.887 requestToDeliveryMs=91.569 upstreamHeadersMs=27.418 sanitizeMs=60.150 downstreamWriteMs=1.025
09-08 10:05:51.032  8375  8865 I ChromePhotosDataPlane: origin=real hostClass=network hostHash=9b0ff8cd24a50ec9 method=GET clientProtocol=http/1.1 upstreamProtocol=h2 status=200 contentType=image/png bytesIn=8090 bytesOut=8090 cache=hit decision=safe reason=model_allow source=cache probability=0.018158317 basis=None decodeMs=0.000 inferenceMs=0.000 inferenceQueueMs=0.000 localDecisionMs=0.068  bodyAdmissionMs=0.019 bodyReadMs=17.134 hashMs=0.448 requestToDeliveryMs=361.139 upstreamHeadersMs=338.488 sanitizeMs=19.406 downstreamWriteMs=1.066
09-08 10:05:51.148  8375  9007 I ChromePhotosDataPlane: origin=real hostClass=network hostHash=466884c463494e8a method=GET clientProtocol=http/1.1 upstreamProtocol=h2 status=200 contentType=image/jpeg bytesIn=2372694 bytesOut=2372694 cache=hit decision=safe reason=model_allow source=cache probability=0.05782932 basis=None decodeMs=0.000 inferenceMs=0.000 inferenceQueueMs=0.000 localDecisionMs=0.076  bodyAdmissionMs=6.310 bodyReadMs=97.464 hashMs=4.468 requestToDeliveryMs=200.076 upstreamHeadersMs=62.235 sanitizeMs=108.769 downstreamWriteMs=21.584
09-08 10:05:51.272  8375  9021 I ChromePhotosDataPlane: origin=real hostClass=network hostHash=466884c463494e8a method=GET clientProtocol=http/1.1 upstreamProtocol=h2 status=200 contentType=image/jpeg bytesIn=2965483 bytesOut=2965483 cache=hit decision=safe reason=model_allow source=cache probability=0.059427142 basis=None decodeMs=0.000 inferenceMs=0.000 inferenceQueueMs=0.000 localDecisionMs=0.098  bodyAdmissionMs=0.040 bodyReadMs=114.479 hashMs=7.103 requestToDeliveryMs=284.970 upstreamHeadersMs=124.240 sanitizeMs=122.295 downstreamWriteMs=29.555
09-08 10:05:51.274  8375  8807 I ChromePhotosDataPlane: origin=real hostClass=network hostHash=9b0ff8cd24a50ec9 method=GET clientProtocol=http/1.1 upstreamProtocol=h2 status=200 contentType=image/jpeg bytesIn=35588 bytesOut=35588 cache=hit decision=safe reason=model_allow source=cache probability=0.042280197 basis=None decodeMs=0.000 inferenceMs=0.000 inferenceQueueMs=0.000 localDecisionMs=0.087  bodyAdmissionMs=0.022 bodyReadMs=62.667 hashMs=0.512 requestToDeliveryMs=600.666 upstreamHeadersMs=532.044 sanitizeMs=63.851 downstreamWriteMs=1.928
09-08 10:05:51.291  8375  8973 I ChromePhotosDataPlane: origin=real hostClass=network hostHash=9b0ff8cd24a50ec9 method=GET clientProtocol=http/1.1 upstreamProtocol=h2 status=200 contentType=image/webp bytesIn=10568 bytesOut=10568 cache=hit decision=safe reason=model_allow source=cache probability=0.032659233 basis=None decodeMs=0.000 inferenceMs=0.000 inferenceQueueMs=0.000 localDecisionMs=0.079  bodyAdmissionMs=40.610 bodyReadMs=12.122 hashMs=0.564 requestToDeliveryMs=616.070 upstreamHeadersMs=554.067 sanitizeMs=58.136 downstreamWriteMs=0.991
09-08 10:05:51.398  8375  9037 I ChromePhotosDataPlane: origin=real hostClass=network hostHash=466884c463494e8a method=GET clientProtocol=http/1.1 upstreamProtocol=h2 status=200 contentType=image/jpeg bytesIn=3808825 bytesOut=3808825 cache=hit decision=safe reason=model_allow source=cache probability=0.029154658 basis=None decodeMs=0.000 inferenceMs=0.000 inferenceQueueMs=0.000 localDecisionMs=0.086  bodyAdmissionMs=15.533 bodyReadMs=121.524 hashMs=6.920 requestToDeliveryMs=337.183 upstreamHeadersMs=157.189 sanitizeMs=144.517 downstreamWriteMs=26.441
09-08 10:05:52.503  8375  8882 I ChromePhotosDataPlane: phase=http_idle_closed correlationId=c71
09-08 10:05:52.675  8375  8868 I ChromePhotosDataPlane: phase=http_idle_closed correlationId=c70
09-08 10:05:52.758  8375  8887 I ChromePhotosDataPlane: phase=http_idle_closed correlationId=c73
09-08 10:05:52.778  8375  8843 I ChromePhotosDataPlane: phase=http_idle_closed correlationId=c76
09-08 10:05:52.806  8375  9017 I ChromePhotosDataPlane: phase=http_idle_closed correlationId=c80
09-08 10:05:52.861  8375  8979 I ChromePhotosDataPlane: phase=http_idle_closed correlationId=c77
09-08 10:05:53.035  8375  8865 I ChromePhotosDataPlane: phase=http_idle_closed correlationId=c72
09-08 10:05:53.151  8375  9007 I ChromePhotosDataPlane: phase=http_idle_closed correlationId=c78
09-08 10:05:53.274  8375  9021 I ChromePhotosDataPlane: phase=http_idle_closed correlationId=c79
09-08 10:05:53.278  8375  8807 I ChromePhotosDataPlane: phase=http_idle_closed correlationId=c74
09-08 10:05:53.295  8375  8973 I ChromePhotosDataPlane: phase=http_idle_closed correlationId=c75
09-08 10:05:53.402  8375  9037 I ChromePhotosDataPlane: phase=http_idle_closed correlationId=c81
09-08 10:05:56.812  8375  9052 I ChromePhotosDataPlane: phase=worker_ready correlationId=c82 admissionWaitMs=0.635
09-08 10:05:56.827  8375  9052 I ChromePhotosDataPlane: phase=tls_certificate correlationId=c82 tlsCacheHit=true tlsCacheWaitMs=0.035 tlsCreationMs=0.000
09-08 10:05:56.827  8375  9052 I ChromePhotosDataPlane: phase=tls_material correlationId=c82 tlsMaterialMs=0.818
09-08 10:05:56.838  8375  9052 I ChromePhotosDataPlane: phase=tls_ready correlationId=c82 hostClass=fixture hostHash=1c728e158a8cddb0 clientProtocol=http/1.1 ca=201dea049e16dfd8
09-08 10:05:56.844  8375  9053 I ChromePhotosDataPlane: phase=worker_ready correlationId=c83 admissionWaitMs=0.722
09-08 10:05:56.861  8375  9053 I ChromePhotosDataPlane: phase=tls_certificate correlationId=c83 tlsCacheHit=true tlsCacheWaitMs=0.030 tlsCreationMs=0.000
09-08 10:05:56.861  8375  9053 I ChromePhotosDataPlane: phase=tls_material correlationId=c83 tlsMaterialMs=0.702
09-08 10:05:56.870  8375  9053 I ChromePhotosDataPlane: phase=tls_ready correlationId=c83 hostClass=fixture hostHash=1c728e158a8cddb0 clientProtocol=http/1.1 ca=201dea049e16dfd8
09-08 10:05:56.904  8375  9052 I ChromePhotosDataPlane: phase=media_shield_document origin=fixture resource=ui-svg-page result=transformed documentSequence=7 navigationSequence=5 token=96bfc95b3e24 bytesOut=121777
09-08 10:05:56.949  8375  9052 I ChromePhotosDataPlane: phase=media_shield_ready result=204 bytesOut=0
09-08 10:05:56.955  8375  9052 I ChromePhotosDataPlane: phase=media_shield_ready result=204 bytesOut=0
09-08 10:05:56.962  8375  9052 I ChromePhotosDataPlane: phase=media_shield_ready result=204 bytesOut=0
09-08 10:05:56.989  8375  9054 I ChromePhotosDataPlane: phase=worker_ready correlationId=c84 admissionWaitMs=0.251
09-08 10:05:57.002  8375  9056 I ChromePhotosDataPlane: phase=worker_ready correlationId=c85 admissionWaitMs=0.263
09-08 10:05:57.005  8375  9055 I ChromePhotosDataPlane: phase=worker_ready correlationId=c86 admissionWaitMs=0.311
09-08 10:05:57.009  8375  9052 I ChromePhotosDataPlane: phase=media_shield_ready result=200 bytesOut=179
09-08 10:05:57.009  8375  9055 I ChromePhotosDataPlane: phase=tls_certificate correlationId=c86 tlsCacheHit=true tlsCacheWaitMs=0.008 tlsCreationMs=0.000
09-08 10:05:57.009  8375  9055 I ChromePhotosDataPlane: phase=tls_material correlationId=c86 tlsMaterialMs=0.185
09-08 10:05:57.011  8375  9054 I ChromePhotosDataPlane: phase=tls_certificate correlationId=c84 tlsCacheHit=false tlsCacheWaitMs=0.009 tlsCreationMs=17.976
09-08 10:05:57.011  8375  9056 I ChromePhotosDataPlane: phase=tls_certificate correlationId=c85 tlsCacheHit=true tlsCacheWaitMs=0.018 tlsCreationMs=0.000
09-08 10:05:57.011  8375  9054 I ChromePhotosDataPlane: phase=tls_material correlationId=c84 tlsMaterialMs=18.171
09-08 10:05:57.011  8375  9056 I ChromePhotosDataPlane: phase=tls_material correlationId=c85 tlsMaterialMs=0.351
09-08 10:05:57.016  8375  9055 I ChromePhotosDataPlane: phase=tls_ready correlationId=c86 hostClass=fixture hostHash=1c728e158a8cddb0 clientProtocol=http/1.1 ca=201dea049e16dfd8
09-08 10:05:57.017  8375  9054 I ChromePhotosDataPlane: phase=tls_ready correlationId=c84 hostClass=network hostHash=a43675776202b206 clientProtocol=http/1.1 ca=201dea049e16dfd8
09-08 10:05:57.017  8375  9056 I ChromePhotosDataPlane: phase=tls_ready correlationId=c85 hostClass=fixture hostHash=1c728e158a8cddb0 clientProtocol=http/1.1 ca=201dea049e16dfd8
09-08 10:05:57.018  8375  9055 I ChromePhotosDataPlane: resource=fixture-lease-script origin=fixture_local destination=chrome protocol=http/1.1 method=GET status=200 bytesIn=285 bytesOut=285 decision=passthrough 
09-08 10:05:57.057  8375  9053 I ChromePhotosDataPlane: phase=media_shield_ready result=200 bytesOut=211
09-08 10:05:57.106  8375  9053 I ChromePhotosDataPlane: phase=media_shield_ready result=200 bytesOut=198
09-08 10:05:57.176  8375  9046 I ChromePhotosDataPlane: phase=worker_ready correlationId=c87 admissionWaitMs=0.651
09-08 10:05:57.189  8375  9046 I ChromePhotosDataPlane: phase=tls_certificate correlationId=c87 tlsCacheHit=true tlsCacheWaitMs=0.034 tlsCreationMs=0.000
09-08 10:05:57.190  8375  9046 I ChromePhotosDataPlane: phase=tls_material correlationId=c87 tlsMaterialMs=0.717
09-08 10:05:57.210  8375  9046 I ChromePhotosDataPlane: phase=tls_ready correlationId=c87 hostClass=network hostHash=a43675776202b206 clientProtocol=http/1.1 ca=201dea049e16dfd8
09-08 10:05:58.394  8375  9053 I ChromePhotosDataPlane: resource=ui-svg-report origin=fixture_local destination=chrome protocol=http/1.1 method=POST status=200 bytesIn=8 bytesOut=8 decision=passthrough 
09-08 10:05:59.013  8375  9052 I ChromePhotosDataPlane: phase=http_idle_closed correlationId=c82
09-08 10:05:59.021  8375  9056 I ChromePhotosDataPlane: phase=http_idle_closed correlationId=c85
09-08 10:05:59.021  8375  9055 I ChromePhotosDataPlane: phase=http_idle_closed correlationId=c86
09-08 10:05:59.216  8375  9046 I ChromePhotosDataPlane: phase=http_idle_closed correlationId=c87
09-08 10:05:59.313  8375  9054 I ChromePhotosDataPlane: phase=http_idle_closed correlationId=c84
09-08 10:06:00.399  8375  9053 I ChromePhotosDataPlane: phase=http_idle_closed correlationId=c83
09-08 10:06:01.354  8375  9063 I ChromePhotosDataPlane: phase=worker_ready correlationId=c88 admissionWaitMs=0.658
09-08 10:06:01.371  8375  9063 I ChromePhotosDataPlane: phase=tls_certificate correlationId=c88 tlsCacheHit=true tlsCacheWaitMs=0.023 tlsCreationMs=0.000
09-08 10:06:01.372  8375  9063 I ChromePhotosDataPlane: phase=tls_material correlationId=c88 tlsMaterialMs=0.638
09-08 10:06:01.382  8375  9063 I ChromePhotosDataPlane: phase=tls_ready correlationId=c88 hostClass=fixture hostHash=1c728e158a8cddb0 clientProtocol=http/1.1 ca=201dea049e16dfd8
09-08 10:06:01.407  8375  9070 I ChromePhotosDataPlane: phase=worker_ready correlationId=c89 admissionWaitMs=0.156
09-08 10:06:01.411  8375  9070 I ChromePhotosDataPlane: phase=tls_certificate correlationId=c89 tlsCacheHit=true tlsCacheWaitMs=0.008 tlsCreationMs=0.000
09-08 10:06:01.411  8375  9070 I ChromePhotosDataPlane: phase=tls_material correlationId=c89 tlsMaterialMs=0.153
09-08 10:06:01.415  8375  9070 I ChromePhotosDataPlane: phase=tls_ready correlationId=c89 hostClass=fixture hostHash=1c728e158a8cddb0 clientProtocol=http/1.1 ca=201dea049e16dfd8
09-08 10:06:01.440  8375  9063 I ChromePhotosDataPlane: phase=media_shield_document origin=fixture resource=ui-form-target-page result=transformed documentSequence=8 navigationSequence=6 token=7876cdd34bdd bytesOut=116919
09-08 10:06:01.488  8375  9063 I ChromePhotosDataPlane: phase=media_shield_ready result=204 bytesOut=0
09-08 10:06:01.495  8375  9063 I ChromePhotosDataPlane: phase=media_shield_ready result=204 bytesOut=0
09-08 10:06:01.502  8375  9063 I ChromePhotosDataPlane: phase=media_shield_ready result=204 bytesOut=0
09-08 10:06:01.981  8375  8639 I ChromePhotosDataPlane: phase=fixture_scope_lost action=lease_revoked
09-08 10:06:03.214  8375  9191 I ChromePhotosDataPlane: phase=http_idle_closed correlationId=c47
09-08 10:06:03.418  8375  9070 I ChromePhotosDataPlane: phase=http_idle_closed correlationId=c89
09-08 10:06:03.505  8375  9063 I ChromePhotosDataPlane: phase=http_idle_closed correlationId=c88
09-08 10:06:04.710  8375  9076 I ChromePhotosDataPlane: phase=worker_ready correlationId=c90 admissionWaitMs=0.400
09-08 10:06:04.718  8375  9082 I ChromePhotosDataPlane: phase=worker_ready correlationId=c91 admissionWaitMs=0.174
09-08 10:06:04.722  8375  9082 I ChromePhotosDataPlane: phase=tls_certificate correlationId=c91 tlsCacheHit=true tlsCacheWaitMs=0.010 tlsCreationMs=0.000
09-08 10:06:04.722  8375  9082 I ChromePhotosDataPlane: phase=tls_material correlationId=c91 tlsMaterialMs=0.196
09-08 10:06:04.728  8375  9082 I ChromePhotosDataPlane: phase=tls_ready correlationId=c91 hostClass=fixture hostHash=1c728e158a8cddb0 clientProtocol=http/1.1 ca=201dea049e16dfd8
09-08 10:06:04.740  8375  9076 I ChromePhotosDataPlane: phase=tls_certificate correlationId=c90 tlsCacheHit=true tlsCacheWaitMs=0.021 tlsCreationMs=0.000
09-08 10:06:04.740  8375  9076 I ChromePhotosDataPlane: phase=tls_material correlationId=c90 tlsMaterialMs=0.503
09-08 10:06:04.746  8375  9076 I ChromePhotosDataPlane: phase=tls_ready correlationId=c90 hostClass=fixture hostHash=1c728e158a8cddb0 clientProtocol=http/1.1 ca=201dea049e16dfd8
09-08 10:06:04.765  8375  9082 I ChromePhotosDataPlane: phase=media_shield_document origin=fixture resource=ui-shadow-page result=transformed documentSequence=9 navigationSequence=7 token=7537ecde5736 bytesOut=115921
09-08 10:06:04.818  8375  9082 I ChromePhotosDataPlane: phase=media_shield_ready result=204 bytesOut=0
09-08 10:06:04.823  8375  9082 I ChromePhotosDataPlane: phase=media_shield_ready result=204 bytesOut=0
09-08 10:06:04.829  8375  9082 I ChromePhotosDataPlane: phase=media_shield_ready result=204 bytesOut=0
09-08 10:06:04.855  8375  9082 I ChromePhotosDataPlane: resource=fixture-lease-script origin=fixture_local destination=chrome protocol=http/1.1 method=GET status=200 bytesIn=285 bytesOut=285 decision=passthrough 
09-08 10:06:04.901  8375  9092 I ChromePhotosDataPlane: phase=worker_ready correlationId=c92 admissionWaitMs=0.196
09-08 10:06:04.905  8375  9092 I ChromePhotosDataPlane: phase=tls_certificate correlationId=c92 tlsCacheHit=true tlsCacheWaitMs=0.010 tlsCreationMs=0.000
09-08 10:06:04.905  8375  9092 I ChromePhotosDataPlane: phase=tls_material correlationId=c92 tlsMaterialMs=0.261
09-08 10:06:04.913  8375  9092 I ChromePhotosDataPlane: phase=tls_ready correlationId=c92 hostClass=fixture hostHash=1c728e158a8cddb0 clientProtocol=http/1.1 ca=201dea049e16dfd8
09-08 10:06:04.917  8375  9092 I ChromePhotosDataPlane: phase=presentation_ready fixture=visible heartbeat=fresh failSafe=armed
09-08 10:06:06.749  8375  9076 I ChromePhotosDataPlane: phase=http_idle_closed correlationId=c90
09-08 10:06:06.857  8375  9082 I ChromePhotosDataPlane: phase=http_idle_closed correlationId=c91
09-08 10:06:12.937  8375  9093 I ChromePhotosDataPlane: phase=worker_ready correlationId=c93 admissionWaitMs=0.377
09-08 10:06:13.033  8375  9093 I ChromePhotosDataPlane: phase=tls_certificate correlationId=c93 tlsCacheHit=false tlsCacheWaitMs=0.042 tlsCreationMs=42.033
09-08 10:06:13.033  8375  9093 I ChromePhotosDataPlane: phase=tls_material correlationId=c93 tlsMaterialMs=42.658
09-08 10:06:13.045  8375  9093 I ChromePhotosDataPlane: phase=tls_ready correlationId=c93 hostClass=network hostHash=816c1c4228e457b0 clientProtocol=http/1.1 ca=201dea049e16dfd8
09-08 10:06:13.335  8375  9093 I ChromePhotosDataPlane: origin=real hostClass=network hostHash=816c1c4228e457b0 method=POST clientProtocol=http/1.1 upstreamProtocol=h2 status=200 contentType=application/javascript bytesOut=0 transfer=fixed upstreamHeadersMs=283.760 downstreamWriteMs=1.205
09-08 10:06:15.339  8375  9093 I ChromePhotosDataPlane: phase=http_idle_closed correlationId=c93
09-08 10:06:27.633  8375  9110 I ChromePhotosDataPlane: phase=worker_ready correlationId=c94 admissionWaitMs=0.497
09-08 10:06:27.650  8375  9110 I ChromePhotosDataPlane: phase=tls_certificate correlationId=c94 tlsCacheHit=true tlsCacheWaitMs=0.041 tlsCreationMs=0.000
09-08 10:06:27.650  8375  9110 I ChromePhotosDataPlane: phase=tls_material correlationId=c94 tlsMaterialMs=0.560
09-08 10:06:27.664  8375  9110 I ChromePhotosDataPlane: phase=tls_ready correlationId=c94 hostClass=network hostHash=191347bfe55d0ca9 clientProtocol=http/1.1 ca=201dea049e16dfd8
09-08 10:06:27.680  8375  9117 I ChromePhotosDataPlane: phase=worker_ready correlationId=c95 admissionWaitMs=1.093
09-08 10:06:27.698  8375  9117 I ChromePhotosDataPlane: phase=tls_certificate correlationId=c95 tlsCacheHit=true tlsCacheWaitMs=0.028 tlsCreationMs=0.000
09-08 10:06:27.698  8375  9117 I ChromePhotosDataPlane: phase=tls_material correlationId=c95 tlsMaterialMs=0.596
09-08 10:06:27.705  8375  9117 I ChromePhotosDataPlane: phase=tls_ready correlationId=c95 hostClass=network hostHash=7df7caa0a5579e01 clientProtocol=http/1.1 ca=201dea049e16dfd8
09-08 10:06:29.062  8375  9110 I ChromePhotosDataPlane: phase=media_shield_document origin=real hostClass=network hostHash=191347bfe55d0ca9 result=transformed documentSequence=10 navigationSequence=8 token=7c582ef75636 bytesOut=2346179 upstreamHeadersMs=229.281 documentDecisionMs=266.682 downstreamWriteMs=10.440
09-08 10:06:29.147  8375  8998 I ChromePhotosDataPlane: phase=worker_ready correlationId=c96 admissionWaitMs=0.273
09-08 10:06:29.185  8375  9110 I ChromePhotosDataPlane: phase=media_shield_ready origin=same_origin result=204 bytesOut=0
09-08 10:06:29.189  8375  9019 I ChromePhotosDataPlane: phase=worker_ready correlationId=c97 admissionWaitMs=0.336
09-08 10:06:29.196  8375  9110 I ChromePhotosDataPlane: phase=media_shield_ready origin=same_origin result=204 bytesOut=0
09-08 10:06:29.205  8375  9110 I ChromePhotosDataPlane: phase=media_shield_ready origin=same_origin result=204 bytesOut=0
09-08 10:06:29.241  8375  8998 I ChromePhotosDataPlane: phase=tls_certificate correlationId=c96 tlsCacheHit=false tlsCacheWaitMs=0.019 tlsCreationMs=37.019
09-08 10:06:29.241  8375  8998 I ChromePhotosDataPlane: phase=tls_material correlationId=c96 tlsMaterialMs=37.456
09-08 10:06:29.251  8375  8998 I ChromePhotosDataPlane: phase=tls_ready correlationId=c96 hostClass=network hostHash=685eae6637200805 clientProtocol=http/1.1 ca=201dea049e16dfd8
09-08 10:06:29.251  8375  8375 I ChromePhotosDataPlane: phase=status statusSequence=4 lifecycle=PresentationReady active=true ready=true connections=97 requests=470 safe=91 blocked=0 unknown=10 passthrough=326 cacheHits=25 cacheMisses=70 failures=0 clientDisconnects=6 bytesIn=49565416 bytesOut=45616156 streamed=15 proxyQueueRejects=0 proxyActivePeak=21 proxyP50Ms=2.428 proxyP95Ms=1999.515 proxyP99Ms=2877.377 upstreamSockets=29 protectSuccess=29 protectFailure=0 web11a=not_run web11b=not_run modelLoadMs=555.259 engineCalls=75 dedupeHits=0 decisionCacheConfig=256 decisionConcurrencyConfig=1 decisionQueueConfig=2 decisionTimeoutMs=5000 engineCallsPerRequest=0.75 inferencePeak=1 inFlightPeak=2 queuePeak=1 queueRejects=0 timeouts=0 inferenceP50Ms=137.488229 inferenceP95Ms=554.182863 inferenceP99Ms=578.723699 decisionP50Ms=281.085156 decisionP95Ms=1112.56625 decisionP99Ms=1160.43927 cacheHitP50Ms=0.075833 cacheHitP95Ms=0.112657 cacheEntries=75 cacheEvictions=0 preprocessP50Ms=5.677187 preprocessP95Ms=72.769115 preprocessP99Ms=103.885781 preparedCount1=54 preparedCount4=20 preparedCount5=0 preparedCountOther=1 decisionBasis=None:74,Other:1 imageCandidates=107 imagePrefixPeeks=0 imageMagicCandidates=0 imageBodyAdmissionPeak=2 imageBodyAdmissionRejects=0 networkVisualCandidates=106 networkVisualReplaced=0 networkVisualRawDelivered=0 networkVisualSafeRawDelivered=91 networkVisualBlockedReplaced=0 networkVisualUnknownReplaced=0 networkVisualUnsupportedReplaced=9 networkVisualRawBlockedDelivered=0 networkVisualRawUnknownDelivered=0 networkVisualCacheHit=25 networkVisualInference=69 mediaDocumentsTransformed=10 mediaDocumentsFailClosed=0 documentTransformOutstanding=0 readyTokensOutstanding=10 uiSvgRegistered=1 uiSvgRegistryBytes=134 uiSvgCssRewritten=1 uiSvgCssRejected=0 uiSvgNetworkAccepted=1 uiSvgNetworkRejected=1 uiSvgAssetServed=3 uiSvgAssetRejected=0 h18=REPORT=not_run,EVENT_SEQUENCE=0,COMPAT_DOCS=0,STRICT_DOCS=0,STYLE_REQ=0,SCRIPT_REQ=0,DATA_REQ=0,NETWORK_REQ=0,REPORTS=0,LAST_DOC=none,NETWORK_SHA=ee17e3f62edde61823ce35732ea168f4f5986bff347ccfac063eca7f4009ee1b,AUDIT_SHA=74d4467bbf6833db4eeab998495b7dfc50db3b1f04f407704b839ad3f4b25582 h19=REPORT=not_run,DOCUMENTS=0,FRAMES=0,SCRIPTS=0,FIRST_ORIGINAL_SCRIPTS=0,STYLES=0,WORKERS=0,SERVICE_WORKERS=0,FRAME_REPORTS=0,FRAME_REPORT_REJECTS=0,FRAME_REPORT=not_run,FRAME_REPORT_SHA=not_run,FRAME_CHALLENGE_SHA=not_run,FRAME_GENERATION=0,FRAME_ACCEPTED_CHALLENGE_SHA=not_run,FRAME_REPORT_BINDING_SHA=not_run,SAME_URL_BODIES=0,REPORTS=0,SW_BOUNDARY={INSTALL_DOCS=0,WORKER_SCRIPTS=0,WORKER_PROBE_SCRIPTS=0,PROBE_DOCS=0,CLEANUP_DOCS=0,REPORTS_ACCEPTED=0,REPORTS_REJECTED=0,CONTROLLER_PRESENT=0,CONTROLLER_MISSING=0,NAV_FETCHES=0,SELF_READY_FETCHES=0,SELF_READY_PASS_THROUGH=0,SELF_READY_SYNTHETIC=0,NAV_SYNTHETIC=0,RESET_BASELINE_CLEAN=0,RESET_BASELINE_DIRTY=0,REGISTER_BLOCKED=0,REGISTER_SUCCEEDED=0,WORKER_REGISTER_BLOCKED=0,WORKER_REGISTER_SUCCEEDED=0,WORKER_REGISTER_UNSUPPORTED=0,WORKER_REGISTER_ERROR=0,LAST_CASE=none,LAST_EVENT=none,LAST_VALUE=none},UI_SVG={INLINE_ORIGINAL:PASS,INLINE_CLICK:PASS,SPRITE_ORIGINAL:PASS,UNSAFE_SPRITE_FAIL_CLOSED:PASS,AMBIGUOUS_REFERENCE_FAIL_CLOSED:PASS,STATIC_CSS:PASS,EXTERNAL_CSS:PASS,STYLE_ATTRIBUTE:PASS,DATA_IMAGE:PASS,FAVICON:PASS,PROTECTED_HEAD_RETENTION:PASS,NETWORK_SVG:PASS,UNSAFE_NETWORK_FAIL_CLOSED:PASS,DYNAMIC_CSS:PASS,RASTER_FAIL_CLOSED:PASS,UNSAFE_INLINE_FAIL_CLOSED:PASS} quicAttempts=0 directTcpAttempts=0 bootstrapResetGeneration=2 bootstrapCompleteGeneration=2 bootstrapResetCount=3 chromeSuspended=false guardSession=555 guardHeartbeatSequence=217 audit17State=0 audit17Navigation=0 audit17Events=105 audit17Dropped=0
09-08 10:06:29.251  8375  8375 I ChromeMediaShieldStatus: v=1 seq=4 kind=network mode=selective candidates=106 replaced=0 rawDelivered=0 safeRaw=91 blockedReplaced=0 unknownReplaced=0 unsupportedReplaced=9 rawBlocked=0 rawUnknown=0 cacheHit=25 decisionEngine=69 engineCalls=75
09-08 10:06:29.251  8375  8375 I ChromeMediaShieldStatus: v=1 seq=4 kind=document transformed=10 failClosed=0 outstanding=0 issued=10 claims=8 documentSequence=10 navigationSequence=8 readyRequests=24 readyPreflights=0 readyAccepted=8 readyRejected=0 parserBarrierRequests=0 parserBarrierReady=0 parserBarrierFailClosed=0 selfShield=true selfReadyRequests=8 selfReadyAccepted=8 selfReadyRejected=0 selfReadyRejectReason=none selfShieldReleaseCompleted=8 selfShieldParserContinued=8 selfShieldOriginalScriptStarted=0 selfShieldTraceRejected=0 selfShieldTraceOutstanding=6 bootstrapDiagnosticAccepted=0 bootstrapDiagnosticRejected=0 bootstrapDiagnosticRejectReason=none bootstrapDiagnosticStage=none bootstrapDiagnosticReason=none bootstrapDiagnosticOutstanding=0
09-08 10:06:29.252  8375  8375 I ChromeMediaShieldStatus: v=1 seq=4 kind=renderer reports=0 rejected=0 globalCallbacks=0 globalRecords=0 childRecords=0 attributeRecords=0 maxRecords=0 scanCalls=0 scanRoot=0 scanNodes=0 maxScanNodes=0 scanMicros=0 maxScanMicros=0 observerChildScans=0 observerAttributeScans=0 guardedScans=0 markupScans=0 shadowScans=0 initialScans=0 otherScans=0 sanitizeElement=0 sanitizeContainer=0 img=0 source=0 svg=0 iframe=0 canvas=0 video=0 safeIcon=0 lockIcon=0 geometryWrites=0 svgRecords=0 shadowRoots=0 shadowObservers=0 shadowCallbacks=0 shadowRecords=0 shadowScanCalls=0 ensureStyle=0 ensureCurtain=0 internalMutations=0
09-08 10:06:29.252  8375  8375 I ChromeMediaShieldStatus: v=1 seq=4 kind=rendererApis callScan=createElement=0/0 createElementNS=0/0 appendChild=0/0 insertBefore=0/0 replaceChild=0/0 append=0/0 prepend=0/0 replaceChildren=0/0 before=0/0 after=0/0 replaceWith=0/0 adjacentElement=0/0 moveBefore=0/0 rangeInsert=0/0 rangeSurround=0/0 adoptNode=0/0 cloneNode=0/0 importNode=0/0 safeMarkup=0/0 innerHTML=0/0 outerHTML=0/0 insertAdjacentHTML=0/0 setHTML=0/0 shadowInnerHTML=0/0 execCommandInsertHTML=0/0 mappedTextContent=0/0
09-08 10:06:29.252  8375  8375 I ChromeMediaShieldStatus: v=1 seq=4 kind=rendererFamilies roots=element/fragment/text/other factory:calls=0,scans=0,direct=0,roots=0/0/0/0,nodes=0,micros=0,maxMicros=0 domGuard:calls=0,scans=0,direct=0,roots=0/0/0/0,nodes=0,micros=0,maxMicros=0 markup:calls=0,scans=0,direct=0,roots=0/0/0/0,nodes=0,micros=0,maxMicros=0
09-08 10:06:29.252  8375  8375 I ChromeMediaShieldStatus: v=1 seq=4 kind=uiSvg registered=1 registryBytes=134 cssRewritten=1 cssRejected=0 networkAccepted=1 networkRejected=1 assetServed=3 assetRejected=0
09-08 10:06:29.252  8375  8375 I ChromeMediaShieldStatus: v=1 seq=4 kind=health failures=0 clientDisconnects=6 proxyQueueRejects=0 protectFailure=0 quicAttempts=0 directTcpAttempts=0 active=true ready=true
09-08 10:06:29.252  8375  8375 I ChromeMediaShieldStatus: v=1 seq=4 kind=fixture report=REPORT=not_run,DOCUMENTS=0,FRAMES=0,SCRIPTS=0,FIRST_ORIGINAL_SCRIPTS=0,STYLES=0,WORKERS=0,SERVICE_WORKERS=0,FRAME_REPORTS=0,FRAME_REPORT_REJECTS=0,FRAME_REPORT=not_run,FRAME_REPORT_SHA=not_run,FRAME_CHALLENGE_SHA=not_run,FRAME_GENERATION=0,FRAME_ACCEPTED_CHALLENGE_SHA=not_run,FRAME_REPORT_BINDING_SHA=not_run,SAME_URL_BODIES=0,REPORTS=0,SW_BOUNDARY={INSTALL_DOCS=0,WORKER_SCRIPTS=0,WORKER_PROBE_SCRIPTS=0,PROBE_DOCS=0,CLEANUP_DOCS=0,REPORTS_ACCEPTED=0,REPORTS_REJECTED=0,CONTROLLER_PRESENT=0,CONTROLLER_MISSING=0,NAV_FETCHES=0,SELF_READY_FETCHES=0,SELF_READY_PASS_THROUGH=0,SELF_READY_SYNTHETIC=0,NAV_SYNTHETIC=0,RESET_BASELINE_CLEAN=0,RESET_BASELINE_DIRTY=0,REGISTER_BLOCKED=0,REGISTER_SUCCEEDED=0,WORKER_REGISTER_BLOCKED=0,WORKER_REGISTER_SUCCEEDED=0,WORKER_REGISTER_UNSUPPORTED=0,WORKER_REGISTER_ERROR=0,LAST_CASE=none,LAST_EVENT=none,LAST_VALUE=none},UI_SVG={INLINE_ORIGINAL:PASS,INLINE_CLICK:PASS,SPRITE_ORIGINAL:PASS,UNSAFE_SPRITE_FAIL_CLOSED:PASS,AMBIGUOUS_REFERENCE_FAIL_CLOSED:PASS,STATIC_CSS:PASS,EXTERNAL_CSS:PASS,STYLE_ATTRIBUTE:PASS,DATA_IMAGE:PASS,FAVICON:PASS,PROTECTED_HEAD_RETENTION:PASS,NETWORK_SVG:PASS,UNSAFE_NETWORK_FAIL_CLOSED:PASS,DYNAMIC_CSS:PASS,RASTER_FAIL_CLOSED:PASS,UNSAFE_INLINE_FAIL_CLOSED:PASS}
09-08 10:06:29.266  8375  9019 I ChromePhotosDataPlane: phase=tls_certificate correlationId=c97 tlsCacheHit=false tlsCacheWaitMs=16.758 tlsCreationMs=25.471
09-08 10:06:29.266  8375  9019 I ChromePhotosDataPlane: phase=tls_material correlationId=c97 tlsMaterialMs=42.599
09-08 10:06:29.272  8375  9019 I ChromePhotosDataPlane: phase=tls_ready correlationId=c97 hostClass=network hostHash=c350913878bceb2f clientProtocol=http/1.1 ca=201dea049e16dfd8
09-08 10:06:29.422  8375  8998 I ChromePhotosDataPlane: origin=real hostClass=network hostHash=685eae6637200805 method=GET clientProtocol=http/1.1 upstreamProtocol=h2 status=302 contentType= bytesIn=0 bytesOut=0 cache=miss decision=passthrough   requestToDeliveryMs=169.098 upstreamHeadersMs=165.690 sanitizeMs=0.828 downstreamWriteMs=0.768
09-08 10:06:29.440  8375  8971 I ChromePhotosDataPlane: phase=worker_ready correlationId=c98 admissionWaitMs=0.292
09-08 10:06:29.537  8375  8971 I ChromePhotosDataPlane: phase=tls_certificate correlationId=c98 tlsCacheHit=false tlsCacheWaitMs=0.027 tlsCreationMs=39.560
09-08 10:06:29.537  8375  8971 I ChromePhotosDataPlane: phase=tls_material correlationId=c98 tlsMaterialMs=40.210
09-08 10:06:29.551  8375  8971 I ChromePhotosDataPlane: phase=tls_ready correlationId=c98 hostClass=network hostHash=bf52830e11f43bb6 clientProtocol=http/1.1 ca=201dea049e16dfd8
09-08 10:06:29.622  8375  9019 I ChromePhotosDataPlane: origin=real hostClass=network hostHash=c350913878bceb2f method=GET clientProtocol=http/1.1 upstreamProtocol=h2 status=200 contentType=application/json bytesOut=55 transfer=fixed upstreamHeadersMs=346.806 downstreamWriteMs=1.185
09-08 10:06:29.707  8375  8507 I ChromePhotosDataPlane: phase=fixture_scope_lost action=lease_revoked
09-08 10:06:29.707  8375  9117 I ChromePhotosDataPlane: phase=http_idle_closed correlationId=c95
09-08 10:06:29.811  8375  8991 I ChromePhotosDataPlane: phase=worker_ready correlationId=c99 admissionWaitMs=0.473
09-08 10:06:29.832  8375  8991 I ChromePhotosDataPlane: phase=tls_certificate correlationId=c99 tlsCacheHit=true tlsCacheWaitMs=0.023 tlsCreationMs=0.000
09-08 10:06:29.832  8375  8991 I ChromePhotosDataPlane: phase=tls_material correlationId=c99 tlsMaterialMs=0.528
09-08 10:06:29.840  8375  8991 I ChromePhotosDataPlane: phase=tls_ready correlationId=c99 hostClass=network hostHash=191347bfe55d0ca9 clientProtocol=http/1.1 ca=201dea049e16dfd8
09-08 10:06:29.915  8375  8991 I ChromePhotosDataPlane: origin=real hostClass=network hostHash=191347bfe55d0ca9 method=POST clientProtocol=http/1.1 upstreamProtocol=h2 status=204 contentType=text/html bytesOut=0 transfer=fixed upstreamHeadersMs=63.533 downstreamWriteMs=1.060
09-08 10:06:29.956  8375  9127 I ChromePhotosDataPlane: phase=worker_ready correlationId=c100 admissionWaitMs=0.423
09-08 10:06:29.970  8375  9110 I ChromePhotosDataPlane: origin=real hostClass=network hostHash=191347bfe55d0ca9 method=GET clientProtocol=http/1.1 upstreamProtocol=h2 status=200 contentType=image/webp bytesIn=2070 bytesOut=2070 cache=miss decision=safe reason=model_allow source=engine probability=0.093275934 basis=None decodeMs=8.760 inferenceMs=566.543 inferenceQueueMs=0.198 localDecisionMs=576.613  bodyAdmissionMs=0.023 bodyReadMs=0.192 hashMs=0.228 requestToDeliveryMs=643.918 upstreamHeadersMs=58.009 sanitizeMs=577.897 downstreamWriteMs=1.961
09-08 10:06:29.981  8375  9127 I ChromePhotosDataPlane: phase=tls_certificate correlationId=c100 tlsCacheHit=true tlsCacheWaitMs=0.026 tlsCreationMs=0.000
09-08 10:06:29.981  8375  9127 I ChromePhotosDataPlane: phase=tls_material correlationId=c100 tlsMaterialMs=0.603
09-08 10:06:29.989  8375  9127 I ChromePhotosDataPlane: phase=tls_ready correlationId=c100 hostClass=network hostHash=abf8fbf760ef2a86 clientProtocol=http/1.1 ca=201dea049e16dfd8
09-08 10:06:30.106  8375  8971 I ChromePhotosDataPlane: origin=real hostClass=network hostHash=bf52830e11f43bb6 method=GET clientProtocol=http/1.1 upstreamProtocol=h2 status=200 contentType=image/png bytesIn=719 bytesOut=719 cache=miss decision=safe reason=model_allow source=engine probability=0.039679587 basis=None decodeMs=2.856 inferenceMs=136.085 inferenceQueueMs=250.305 localDecisionMs=389.930  bodyAdmissionMs=0.024 bodyReadMs=0.436 hashMs=0.550 requestToDeliveryMs=553.203 upstreamHeadersMs=156.815 sanitizeMs=391.590 downstreamWriteMs=1.347
09-08 10:06:30.308  8375  9110 I ChromePhotosDataPlane: origin=real hostClass=network hostHash=191347bfe55d0ca9 method=POST clientProtocol=http/1.1 upstreamProtocol=h2 status=204 contentType=text/html bytesOut=0 transfer=fixed upstreamHeadersMs=59.464 downstreamWriteMs=0.360
09-08 10:06:30.375  8375  9126 I ChromePhotosDataPlane: phase=worker_ready correlationId=c101 admissionWaitMs=0.387
09-08 10:06:30.375  8375  9127 I ChromePhotosDataPlane: origin=real hostClass=network hostHash=abf8fbf760ef2a86 method=GET clientProtocol=http/1.1 upstreamProtocol=h2 status=200 contentType=image/png bytesIn=0 bytesOut=704 cache=miss decision=unknown reason=encoded_image_unsupported source=error probability=-1.0 basis=none decodeMs=0.000 inferenceMs=0.000 inferenceQueueMs=0.000 localDecisionMs=0.000   requestToDeliveryMs=383.851 upstreamHeadersMs=377.844 sanitizeMs=0.457 downstreamWriteMs=1.524
09-08 10:06:30.381  8375  9126 I ChromePhotosDataPlane: phase=tls_certificate correlationId=c101 tlsCacheHit=true tlsCacheWaitMs=0.027 tlsCreationMs=0.000
09-08 10:06:30.381  8375  9126 I ChromePhotosDataPlane: phase=tls_material correlationId=c101 tlsMaterialMs=0.440
09-08 10:06:30.393  8375  9126 I ChromePhotosDataPlane: phase=tls_ready correlationId=c101 hostClass=network hostHash=abf8fbf760ef2a86 clientProtocol=http/1.1 ca=201dea049e16dfd8
09-08 10:06:30.409  8375  9110 I ChromePhotosDataPlane: origin=real hostClass=network hostHash=191347bfe55d0ca9 method=POST clientProtocol=http/1.1 upstreamProtocol=h2 status=204 contentType=text/html bytesOut=0 transfer=fixed upstreamHeadersMs=74.323 downstreamWriteMs=0.693
09-08 10:06:30.419  8375  8997 I ChromePhotosDataPlane: phase=worker_ready correlationId=c102 admissionWaitMs=0.361
09-08 10:06:30.498  8375  8997 I ChromePhotosDataPlane: phase=tls_certificate correlationId=c102 tlsCacheHit=false tlsCacheWaitMs=0.033 tlsCreationMs=46.256
09-08 10:06:30.498  8375  8997 I ChromePhotosDataPlane: phase=tls_material correlationId=c102 tlsMaterialMs=46.778
09-08 10:06:30.503  8375  8997 I ChromePhotosDataPlane: phase=tls_ready correlationId=c102 hostClass=network hostHash=eaadc6f5c45b9f47 clientProtocol=http/1.1 ca=201dea049e16dfd8
09-08 10:06:30.587  8375  9110 I ChromePhotosDataPlane: origin=real hostClass=network hostHash=191347bfe55d0ca9 method=GET clientProtocol=http/1.1 upstreamProtocol=h2 status=200 contentType=application/json bytesOut=16 transfer=fixed upstreamHeadersMs=70.025 downstreamWriteMs=5.114
09-08 10:06:30.617  8375  8995 I ChromePhotosDataPlane: phase=worker_ready correlationId=c103 admissionWaitMs=0.529
09-08 10:06:30.625  8375  9126 I ChromePhotosDataPlane: origin=real hostClass=network hostHash=abf8fbf760ef2a86 method=GET clientProtocol=http/1.1 upstreamProtocol=h2 status=200 contentType=image/png bytesIn=0 bytesOut=704 cache=miss decision=unknown reason=encoded_image_unsupported source=error probability=-1.0 basis=none decodeMs=0.000 inferenceMs=0.000 inferenceQueueMs=0.000 localDecisionMs=0.000   requestToDeliveryMs=229.164 upstreamHeadersMs=227.684 sanitizeMs=0.080 downstreamWriteMs=0.422
09-08 10:06:30.678  8375  8995 I ChromePhotosDataPlane: phase=tls_certificate correlationId=c103 tlsCacheHit=false tlsCacheWaitMs=0.057 tlsCreationMs=19.872
09-08 10:06:30.678  8375  8995 I ChromePhotosDataPlane: phase=tls_material correlationId=c103 tlsMaterialMs=20.633
09-08 10:06:30.684  8375  8995 I ChromePhotosDataPlane: phase=tls_ready correlationId=c103 hostClass=network hostHash=73a1220668a1b571 clientProtocol=http/1.1 ca=201dea049e16dfd8
09-08 10:06:30.686  8375  9210 I ChromePhotosDataPlane: phase=worker_ready correlationId=c104 admissionWaitMs=0.327
09-08 10:06:30.690  8375  9213 I ChromePhotosDataPlane: phase=worker_ready correlationId=c105 admissionWaitMs=0.224
09-08 10:06:30.699  8375  8997 I ChromePhotosDataPlane: origin=real hostClass=network hostHash=eaadc6f5c45b9f47 method=OPTIONS clientProtocol=http/1.1 upstreamProtocol=h2 status=200 contentType=text/html bytesOut=0 transfer=fixed upstreamHeadersMs=189.430 downstreamWriteMs=1.537
09-08 10:06:30.700  8375  9217 I ChromePhotosDataPlane: phase=worker_ready correlationId=c106 admissionWaitMs=0.150
09-08 10:06:30.704  8375  9217 I ChromePhotosDataPlane: phase=tls_certificate correlationId=c106 tlsCacheHit=true tlsCacheWaitMs=0.011 tlsCreationMs=0.000
09-08 10:06:30.704  8375  9217 I ChromePhotosDataPlane: phase=tls_material correlationId=c106 tlsMaterialMs=0.239
09-08 10:06:30.710  8375  9216 I ChromePhotosDataPlane: phase=worker_ready correlationId=c107 admissionWaitMs=0.409
09-08 10:06:30.712  8375  9210 I ChromePhotosDataPlane: phase=tls_certificate correlationId=c104 tlsCacheHit=true tlsCacheWaitMs=0.025 tlsCreationMs=0.000
09-08 10:06:30.712  8375  9210 I ChromePhotosDataPlane: phase=tls_material correlationId=c104 tlsMaterialMs=0.845
09-08 10:06:30.712  8375  9217 I ChromePhotosDataPlane: phase=tls_ready correlationId=c106 hostClass=network hostHash=eaadc6f5c45b9f47 clientProtocol=http/1.1 ca=201dea049e16dfd8
09-08 10:06:30.716  8375  9216 I ChromePhotosDataPlane: phase=tls_certificate correlationId=c107 tlsCacheHit=true tlsCacheWaitMs=0.012 tlsCreationMs=0.000
09-08 10:06:30.716  8375  9216 I ChromePhotosDataPlane: phase=tls_material correlationId=c107 tlsMaterialMs=0.208
09-08 10:06:30.720  8375  9210 I ChromePhotosDataPlane: phase=tls_ready correlationId=c104 hostClass=network hostHash=73a1220668a1b571 clientProtocol=http/1.1 ca=201dea049e16dfd8
09-08 10:06:30.722  8375  9216 I ChromePhotosDataPlane: phase=tls_ready correlationId=c107 hostClass=network hostHash=73a1220668a1b571 clientProtocol=http/1.1 ca=201dea049e16dfd8
09-08 10:06:30.729  8375  9219 I ChromePhotosDataPlane: phase=worker_ready correlationId=c108 admissionWaitMs=0.200
09-08 10:06:30.733  8375  9219 I ChromePhotosDataPlane: phase=tls_certificate correlationId=c108 tlsCacheHit=true tlsCacheWaitMs=0.009 tlsCreationMs=0.000
09-08 10:06:30.733  8375  9219 I ChromePhotosDataPlane: phase=tls_material correlationId=c108 tlsMaterialMs=0.202
09-08 10:06:30.737  8375  9219 I ChromePhotosDataPlane: phase=tls_ready correlationId=c108 hostClass=network hostHash=73a1220668a1b571 clientProtocol=http/1.1 ca=201dea049e16dfd8
09-08 10:06:30.738  8375  9213 I ChromePhotosDataPlane: phase=tls_certificate correlationId=c105 tlsCacheHit=false tlsCacheWaitMs=0.010 tlsCreationMs=17.286
09-08 10:06:30.738  8375  9213 I ChromePhotosDataPlane: phase=tls_material correlationId=c105 tlsMaterialMs=17.513
09-08 10:06:30.742  8375  9213 I ChromePhotosDataPlane: phase=tls_ready correlationId=c105 hostClass=network hostHash=531c0c97f236d51c clientProtocol=http/1.1 ca=201dea049e16dfd8
09-08 10:06:30.810  8375  9217 I ChromePhotosDataPlane: origin=real hostClass=network hostHash=eaadc6f5c45b9f47 method=POST clientProtocol=http/1.1 upstreamProtocol=h2 status=200 contentType=application/json+protobuf bytesOut=39 transfer=fixed upstreamHeadersMs=82.508 downstreamWriteMs=0.654
09-08 10:06:30.896  8375  9110 I ChromePhotosDataPlane: phase=media_shield_ready origin=same_origin result=200 bytesOut=18234
09-08 10:06:30.911  8375  9092 I ChromePhotosDataPlane: phase=http_idle_closed correlationId=c92
09-08 10:06:31.011  8375  8995 I ChromePhotosDataPlane: origin=real hostClass=network hostHash=73a1220668a1b571 method=GET clientProtocol=http/1.1 upstreamProtocol=h2 status=200 contentType=image/png bytesIn=21148 bytesOut=704 cache=miss decision=block reason=model_filter source=engine probability=0.514613 basis=FullThreshold decodeMs=3.897 inferenceMs=149.091 inferenceQueueMs=0.156 localDecisionMs=154.075  bodyAdmissionMs=0.021 bodyReadMs=7.091 hashMs=0.571 requestToDeliveryMs=323.161 upstreamHeadersMs=156.703 sanitizeMs=162.360 downstreamWriteMs=1.417
09-08 10:06:31.058  8375  9168 I ChromePhotosDataPlane: phase=worker_ready correlationId=c109 admissionWaitMs=0.933
09-08 10:06:31.059  8375  9156 I ChromePhotosDataPlane: phase=worker_ready correlationId=c110 admissionWaitMs=0.689
09-08 10:06:31.126  8375  9110 I ChromePhotosDataPlane: origin=real hostClass=network hostHash=191347bfe55d0ca9 method=POST clientProtocol=http/1.1 upstreamProtocol=h2 status=204 contentType=text/html bytesOut=0 transfer=fixed upstreamHeadersMs=57.806 downstreamWriteMs=3.213
09-08 10:06:31.148  8375  9216 I ChromePhotosDataPlane: origin=real hostClass=network hostHash=73a1220668a1b571 method=GET clientProtocol=http/1.1 upstreamProtocol=h2 status=200 contentType=image/png bytesIn=9260 bytesOut=704 cache=miss decision=block reason=model_filter source=engine probability=0.7707697 basis=FullThreshold decodeMs=3.596 inferenceMs=133.115 inferenceQueueMs=128.886 localDecisionMs=266.586  bodyAdmissionMs=0.017 bodyReadMs=6.064 hashMs=0.611 requestToDeliveryMs=416.853 upstreamHeadersMs=138.980 sanitizeMs=273.642 downstreamWriteMs=0.888
09-08 10:06:31.156  8375  9168 I ChromePhotosDataPlane: phase=tls_certificate correlationId=c109 tlsCacheHit=false tlsCacheWaitMs=0.040 tlsCreationMs=38.328
09-08 10:06:31.156  8375  9168 I ChromePhotosDataPlane: phase=tls_material correlationId=c109 tlsMaterialMs=39.030
09-08 10:06:31.156  8375  9156 I ChromePhotosDataPlane: phase=tls_certificate correlationId=c110 tlsCacheHit=true tlsCacheWaitMs=36.814 tlsCreationMs=0.000
09-08 10:06:31.156  8375  9156 I ChromePhotosDataPlane: phase=tls_material correlationId=c110 tlsMaterialMs=37.365
09-08 10:06:31.161  8375  9168 I ChromePhotosDataPlane: phase=tls_ready correlationId=c109 hostClass=network hostHash=3eac1e980287c7ce clientProtocol=http/1.1 ca=201dea049e16dfd8
09-08 10:06:31.166  8375  9156 I ChromePhotosDataPlane: phase=tls_ready correlationId=c110 hostClass=network hostHash=3eac1e980287c7ce clientProtocol=http/1.1 ca=201dea049e16dfd8
09-08 10:06:31.206  8375  9110 I ChromePhotosDataPlane: origin=real hostClass=network hostHash=191347bfe55d0ca9 method=POST clientProtocol=http/1.1 upstreamProtocol=h2 status=204 contentType=text/html bytesOut=0 transfer=fixed upstreamHeadersMs=68.818 downstreamWriteMs=0.595
09-08 10:06:31.209  8375  9177 I ChromePhotosDataPlane: phase=worker_ready correlationId=c111 admissionWaitMs=0.416
09-08 10:06:31.220  8375  9177 I ChromePhotosDataPlane: phase=tls_certificate correlationId=c111 tlsCacheHit=true tlsCacheWaitMs=0.023 tlsCreationMs=0.000
09-08 10:06:31.221  8375  9177 I ChromePhotosDataPlane: phase=tls_material correlationId=c111 tlsMaterialMs=0.529
09-08 10:06:31.230  8375  9177 I ChromePhotosDataPlane: phase=tls_ready correlationId=c111 hostClass=network hostHash=191347bfe55d0ca9 clientProtocol=http/1.1 ca=201dea049e16dfd8
09-08 10:06:31.256  8375  8991 I ChromePhotosDataPlane: origin=real hostClass=network hostHash=191347bfe55d0ca9 method=POST clientProtocol=http/1.1 upstreamProtocol=h2 status=204 contentType=text/html bytesOut=0 transfer=fixed upstreamHeadersMs=60.861 downstreamWriteMs=5.500
09-08 10:06:31.268  8375  9177 I ChromePhotosDataPlane: origin=real hostClass=network hostHash=191347bfe55d0ca9 method=GET clientProtocol=http/1.1 upstreamProtocol=h2 status=200 contentType=image/png bytesIn=0 bytesOut=704 cache=miss decision=unknown reason=encoded_image_unsupported source=error probability=-1.0 basis=none decodeMs=0.000 inferenceMs=0.000 inferenceQueueMs=0.000 localDecisionMs=0.000   requestToDeliveryMs=37.368 upstreamHeadersMs=35.998 sanitizeMs=0.077 downstreamWriteMs=0.437
09-08 10:06:31.408  8375  9167 I ChromePhotosDataPlane: phase=worker_ready correlationId=c112 admissionWaitMs=0.582
09-08 10:06:31.427  8375  8998 I ChromePhotosDataPlane: phase=http_idle_closed correlationId=c96
09-08 10:06:31.454  8375  9156 I ChromePhotosDataPlane: origin=real hostClass=network hostHash=3eac1e980287c7ce method=GET clientProtocol=http/1.1 upstreamProtocol=h2 status=200 contentType=image/png bytesIn=37 bytesOut=704 cache=miss decision=unknown reason=unsupported_gif source=error probability=-1.0 basis=none decodeMs=0.000 inferenceMs=0.000 inferenceQueueMs=0.000 localDecisionMs=0.000  bodyAdmissionMs=104.711 bodyReadMs=0.177 requestToDeliveryMs=287.208 upstreamHeadersMs=180.789 sanitizeMs=105.166 downstreamWriteMs=0.415
09-08 10:06:31.455  8375  9210 I ChromePhotosDataPlane: origin=real hostClass=network hostHash=73a1220668a1b571 method=GET clientProtocol=http/1.1 upstreamProtocol=h2 status=200 contentType=image/png bytesIn=13998 bytesOut=704 cache=miss decision=block reason=model_filter source=engine probability=0.6001462 basis=UncertainRegional decodeMs=3.120 inferenceMs=262.679 inferenceQueueMs=134.480 localDecisionMs=440.803  bodyAdmissionMs=129.201 bodyReadMs=0.452 hashMs=0.955 requestToDeliveryMs=731.563 upstreamHeadersMs=154.082 sanitizeMs=572.037 downstreamWriteMs=1.552
09-08 10:06:31.457  8375  9168 I ChromePhotosDataPlane: origin=real hostClass=network hostHash=3eac1e980287c7ce method=GET clientProtocol=http/1.1 upstreamProtocol=h2 status=200 contentType=image/png bytesIn=37 bytesOut=704 cache=miss decision=unknown reason=unsupported_gif source=error probability=-1.0 basis=none decodeMs=0.000 inferenceMs=0.000 inferenceQueueMs=0.000 localDecisionMs=0.000  bodyAdmissionMs=124.923 bodyReadMs=0.476 requestToDeliveryMs=294.236 upstreamHeadersMs=162.881 sanitizeMs=126.745 downstreamWriteMs=1.181
09-08 10:06:31.473  8375  9167 I ChromePhotosDataPlane: phase=tls_certificate correlationId=c112 tlsCacheHit=false tlsCacheWaitMs=0.043 tlsCreationMs=19.839
09-08 10:06:31.473  8375  9167 I ChromePhotosDataPlane: phase=tls_material correlationId=c112 tlsMaterialMs=20.451
09-08 10:06:31.479  8375  9167 I ChromePhotosDataPlane: phase=tls_ready correlationId=c112 hostClass=network hostHash=8e08d6d89d17a981 clientProtocol=http/1.1 ca=201dea049e16dfd8
09-08 10:06:31.587  8375  9219 I ChromePhotosDataPlane: origin=real hostClass=network hostHash=73a1220668a1b571 method=GET clientProtocol=http/1.1 upstreamProtocol=h2 status=200 contentType=image/png bytesIn=20040 bytesOut=704 cache=miss decision=block reason=model_filter source=engine probability=0.77102244 basis=FullThreshold decodeMs=3.438 inferenceMs=131.175 inferenceQueueMs=302.179 localDecisionMs=437.349  bodyAdmissionMs=265.882 bodyReadMs=0.505 hashMs=0.379 requestToDeliveryMs=848.842 upstreamHeadersMs=141.770 sanitizeMs=704.415 downstreamWriteMs=0.844
09-08 10:06:31.627  8375  9019 I ChromePhotosDataPlane: phase=http_idle_closed correlationId=c97
09-08 10:06:31.660  8375  9167 I ChromePhotosDataPlane: origin=real hostClass=network hostHash=8e08d6d89d17a981 method=OPTIONS clientProtocol=http/1.1 upstreamProtocol=h2 status=200 contentType=text/plain bytesOut=0 transfer=fixed upstreamHeadersMs=175.070 downstreamWriteMs=1.590
09-08 10:06:31.664  8375  9166 I ChromePhotosDataPlane: phase=worker_ready correlationId=c113 admissionWaitMs=0.593
09-08 10:06:31.669  8375  9166 I ChromePhotosDataPlane: phase=tls_certificate correlationId=c113 tlsCacheHit=true tlsCacheWaitMs=0.023 tlsCreationMs=0.000
09-08 10:06:31.669  8375  9166 I ChromePhotosDataPlane: phase=tls_material correlationId=c113 tlsMaterialMs=0.302
09-08 10:06:31.678  8375  9166 I ChromePhotosDataPlane: phase=tls_ready correlationId=c113 hostClass=network hostHash=8e08d6d89d17a981 clientProtocol=http/1.1 ca=201dea049e16dfd8
09-08 10:06:31.700  8375  8991 I ChromePhotosDataPlane: origin=real hostClass=network hostHash=191347bfe55d0ca9 method=POST clientProtocol=http/1.1 upstreamProtocol=h2 status=204 contentType=text/html bytesOut=0 transfer=fixed upstreamHeadersMs=57.823 downstreamWriteMs=2.318
09-08 10:06:31.848  8375  8991 I ChromePhotosDataPlane: origin=real hostClass=network hostHash=191347bfe55d0ca9 method=GET clientProtocol=http/1.1 upstreamProtocol=h2 status=200 contentType=application/octet-stream bytesOut=123644 transfer=chunked upstreamHeadersMs=79.150 downstreamWriteMs=38.064
09-08 10:06:32.024  8375  9238 I ChromePhotosDataPlane: phase=worker_ready correlationId=c114 admissionWaitMs=0.287
09-08 10:06:32.037  8375  9238 I ChromePhotosDataPlane: phase=tls_certificate correlationId=c114 tlsCacheHit=true tlsCacheWaitMs=0.031 tlsCreationMs=0.000
09-08 10:06:32.037  8375  9238 I ChromePhotosDataPlane: phase=tls_material correlationId=c114 tlsMaterialMs=0.674
09-08 10:06:32.049  8375  9238 I ChromePhotosDataPlane: phase=tls_ready correlationId=c114 hostClass=network hostHash=8e08d6d89d17a981 clientProtocol=http/1.1 ca=201dea049e16dfd8
09-08 10:06:32.053  8375  9166 I ChromePhotosDataPlane: origin=real hostClass=network hostHash=8e08d6d89d17a981 method=POST clientProtocol=http/1.1 upstreamProtocol=h2 status=200 contentType=image/png bytesIn=0 bytesOut=704 cache=miss decision=unknown reason=encoded_image_unsupported source=error probability=-1.0 basis=none decodeMs=0.000 inferenceMs=0.000 inferenceQueueMs=0.000 localDecisionMs=0.000   requestToDeliveryMs=373.294 upstreamHeadersMs=371.003 sanitizeMs=0.170 downstreamWriteMs=0.623
09-08 10:06:32.109  8375  8971 I ChromePhotosDataPlane: phase=http_idle_closed correlationId=c98
09-08 10:06:32.131  8375  9238 I ChromePhotosDataPlane: origin=real hostClass=network hostHash=8e08d6d89d17a981 method=POST clientProtocol=http/1.1 upstreamProtocol=h2 status=200 contentType=image/png bytesIn=0 bytesOut=704 cache=miss decision=unknown reason=encoded_image_unsupported source=error probability=-1.0 basis=none decodeMs=0.000 inferenceMs=0.000 inferenceQueueMs=0.000 localDecisionMs=0.000   requestToDeliveryMs=78.759 upstreamHeadersMs=72.569 sanitizeMs=0.366 downstreamWriteMs=1.843
09-08 10:06:32.379  8375  9127 I ChromePhotosDataPlane: phase=http_idle_closed correlationId=c100
09-08 10:06:32.629  8375  9126 I ChromePhotosDataPlane: phase=http_idle_closed correlationId=c101
09-08 10:06:32.704  8375  8997 I ChromePhotosDataPlane: phase=http_idle_closed correlationId=c102
09-08 10:06:32.745  8375  9213 I ChromePhotosDataPlane: phase=http_idle_closed correlationId=c105
09-08 10:06:32.814  8375  9217 I ChromePhotosDataPlane: phase=http_idle_closed correlationId=c106
09-08 10:06:33.014  8375  8995 I ChromePhotosDataPlane: phase=http_idle_closed correlationId=c103
09-08 10:06:33.137  8375  8991 I ChromePhotosDataPlane: origin=real hostClass=network hostHash=191347bfe55d0ca9 method=GET clientProtocol=http/1.1 upstreamProtocol=h2 status=200 contentType=application/json bytesOut=17 transfer=chunked upstreamHeadersMs=78.639 downstreamWriteMs=4.673
09-08 10:06:33.151  8375  9216 I ChromePhotosDataPlane: phase=http_idle_closed correlationId=c107
09-08 10:06:33.210  8375  9110 I ChromePhotosDataPlane: phase=http_idle_closed correlationId=c94
09-08 10:06:33.272  8375  9177 I ChromePhotosDataPlane: phase=http_idle_closed correlationId=c111
09-08 10:06:33.433  8375  9238 I ChromePhotosDataPlane: origin=real hostClass=network hostHash=8e08d6d89d17a981 method=POST clientProtocol=http/1.1 upstreamProtocol=h2 status=200 contentType=image/png bytesIn=0 bytesOut=704 cache=miss decision=unknown reason=encoded_image_unsupported source=error probability=-1.0 basis=none decodeMs=0.000 inferenceMs=0.000 inferenceQueueMs=0.000 localDecisionMs=0.000   requestToDeliveryMs=371.988 upstreamHeadersMs=363.331 sanitizeMs=0.569 downstreamWriteMs=4.324
09-08 10:06:33.458  8375  9156 I ChromePhotosDataPlane: phase=http_idle_closed correlationId=c110
09-08 10:06:33.458  8375  9210 I ChromePhotosDataPlane: phase=http_idle_closed correlationId=c104
09-08 10:06:33.460  8375  9168 I ChromePhotosDataPlane: phase=http_idle_closed correlationId=c109
09-08 10:06:33.591  8375  9219 I ChromePhotosDataPlane: phase=http_idle_closed correlationId=c108
09-08 10:06:33.663  8375  9167 I ChromePhotosDataPlane: phase=http_idle_closed correlationId=c112
09-08 10:06:34.058  8375  9166 I ChromePhotosDataPlane: phase=http_idle_closed correlationId=c113
09-08 10:06:35.140  8375  8991 I ChromePhotosDataPlane: phase=http_idle_closed correlationId=c99
09-08 10:06:35.439  8375  9238 I ChromePhotosDataPlane: phase=http_idle_closed correlationId=c114
09-08 10:06:48.549  8375  8375 I ChromePhotosDataPlane: phase=status statusSequence=5 lifecycle=PresentationReady active=true ready=true connections=114 requests=500 safe=93 blocked=4 unknown=18 passthrough=341 cacheHits=25 cacheMisses=76 failures=0 clientDisconnects=6 bytesIn=49756496 bytesOut=45769398 streamed=29 proxyQueueRejects=0 proxyActivePeak=21 proxyP50Ms=2.529 proxyP95Ms=1989.593 proxyP99Ms=2877.377 upstreamSockets=41 protectSuccess=41 protectFailure=0 web11a=not_run web11b=not_run modelLoadMs=555.259 engineCalls=81 dedupeHits=0 decisionCacheConfig=256 decisionConcurrencyConfig=1 decisionQueueConfig=2 decisionTimeoutMs=5000 engineCallsPerRequest=0.7641509433962265 inferencePeak=1 inFlightPeak=2 queuePeak=1 queueRejects=0 timeouts=0 inferenceP50Ms=137.488229 inferenceP95Ms=556.181614 inferenceP99Ms=578.723699 decisionP50Ms=282.366823 decisionP95Ms=1083.320781 decisionP99Ms=1142.23526 cacheHitP50Ms=0.075833 cacheHitP95Ms=0.112657 cacheEntries=81 cacheEvictions=0 preprocessP50Ms=5.441771 preprocessP95Ms=72.769115 preprocessP99Ms=103.885781 preparedCount1=58 preparedCount4=21 preparedCount5=1 preparedCountOther=1 decisionBasis=FullThreshold:3,None:76,Other:1,UncertainRegional:1 imageCandidates=121 imagePrefixPeeks=2 imageMagicCandidates=0 imageBodyAdmissionPeak=2 imageBodyAdmissionRejects=0 networkVisualCandidates=120 networkVisualReplaced=0 networkVisualRawDelivered=0 networkVisualSafeRawDelivered=93 networkVisualBlockedReplaced=4 networkVisualUnknownReplaced=0 networkVisualUnsupportedReplaced=17 networkVisualRawBlockedDelivered=0 networkVisualRawUnknownDelivered=0 networkVisualCacheHit=25 networkVisualInference=75 mediaDocumentsTransformed=10 mediaDocumentsFailClosed=0 documentTransformOutstanding=0 readyTokensOutstanding=10 uiSvgRegistered=2 uiSvgRegistryBytes=351 uiSvgCssRewritten=1 uiSvgCssRejected=0 uiSvgNetworkAccepted=1 uiSvgNetworkRejected=1 uiSvgAssetServed=3 uiSvgAssetRejected=0 h18=REPORT=not_run,EVENT_SEQUENCE=0,COMPAT_DOCS=0,STRICT_DOCS=0,STYLE_REQ=0,SCRIPT_REQ=0,DATA_REQ=0,NETWORK_REQ=0,REPORTS=0,LAST_DOC=none,NETWORK_SHA=ee17e3f62edde61823ce35732ea168f4f5986bff347ccfac063eca7f4009ee1b,AUDIT_SHA=74d4467bbf6833db4eeab998495b7dfc50db3b1f04f407704b839ad3f4b25582 h19=REPORT=not_run,DOCUMENTS=0,FRAMES=0,SCRIPTS=0,FIRST_ORIGINAL_SCRIPTS=0,STYLES=0,WORKERS=0,SERVICE_WORKERS=0,FRAME_REPORTS=0,FRAME_REPORT_REJECTS=0,FRAME_REPORT=not_run,FRAME_REPORT_SHA=not_run,FRAME_CHALLENGE_SHA=not_run,FRAME_GENERATION=0,FRAME_ACCEPTED_CHALLENGE_SHA=not_run,FRAME_REPORT_BINDING_SHA=not_run,SAME_URL_BODIES=0,REPORTS=0,SW_BOUNDARY={INSTALL_DOCS=0,WORKER_SCRIPTS=0,WORKER_PROBE_SCRIPTS=0,PROBE_DOCS=0,CLEANUP_DOCS=0,REPORTS_ACCEPTED=0,REPORTS_REJECTED=0,CONTROLLER_PRESENT=0,CONTROLLER_MISSING=0,NAV_FETCHES=0,SELF_READY_FETCHES=0,SELF_READY_PASS_THROUGH=0,SELF_READY_SYNTHETIC=0,NAV_SYNTHETIC=0,RESET_BASELINE_CLEAN=0,RESET_BASELINE_DIRTY=0,REGISTER_BLOCKED=0,REGISTER_SUCCEEDED=0,WORKER_REGISTER_BLOCKED=0,WORKER_REGISTER_SUCCEEDED=0,WORKER_REGISTER_UNSUPPORTED=0,WORKER_REGISTER_ERROR=0,LAST_CASE=none,LAST_EVENT=none,LAST_VALUE=none},UI_SVG={INLINE_ORIGINAL:PASS,INLINE_CLICK:PASS,SPRITE_ORIGINAL:PASS,UNSAFE_SPRITE_FAIL_CLOSED:PASS,AMBIGUOUS_REFERENCE_FAIL_CLOSED:PASS,STATIC_CSS:PASS,EXTERNAL_CSS:PASS,STYLE_ATTRIBUTE:PASS,DATA_IMAGE:PASS,FAVICON:PASS,PROTECTED_HEAD_RETENTION:PASS,NETWORK_SVG:PASS,UNSAFE_NETWORK_FAIL_CLOSED:PASS,DYNAMIC_CSS:PASS,RASTER_FAIL_CLOSED:PASS,UNSAFE_INLINE_FAIL_CLOSED:PASS} quicAttempts=0 directTcpAttempts=0 bootstrapResetGeneration=2 bootstrapCompleteGeneration=2 bootstrapResetCount=3 chromeSuspended=false guardSession=555 guardHeartbeatSequence=252 audit17State=0 audit17Navigation=0 audit17Events=120 audit17Dropped=0
09-08 10:06:48.549  8375  8375 I ChromeMediaShieldStatus: v=1 seq=5 kind=network mode=selective candidates=120 replaced=0 rawDelivered=0 safeRaw=93 blockedReplaced=4 unknownReplaced=0 unsupportedReplaced=17 rawBlocked=0 rawUnknown=0 cacheHit=25 decisionEngine=75 engineCalls=81
09-08 10:06:48.549  8375  8375 I ChromeMediaShieldStatus: v=1 seq=5 kind=document transformed=10 failClosed=0 outstanding=0 issued=10 claims=8 documentSequence=10 navigationSequence=8 readyRequests=24 readyPreflights=0 readyAccepted=8 readyRejected=0 parserBarrierRequests=0 parserBarrierReady=0 parserBarrierFailClosed=0 selfShield=true selfReadyRequests=8 selfReadyAccepted=8 selfReadyRejected=0 selfReadyRejectReason=none selfShieldReleaseCompleted=8 selfShieldParserContinued=8 selfShieldOriginalScriptStarted=0 selfShieldTraceRejected=0 selfShieldTraceOutstanding=6 bootstrapDiagnosticAccepted=0 bootstrapDiagnosticRejected=0 bootstrapDiagnosticRejectReason=none bootstrapDiagnosticStage=none bootstrapDiagnosticReason=none bootstrapDiagnosticOutstanding=0
09-08 10:06:48.549  8375  8375 I ChromeMediaShieldStatus: v=1 seq=5 kind=renderer reports=0 rejected=0 globalCallbacks=0 globalRecords=0 childRecords=0 attributeRecords=0 maxRecords=0 scanCalls=0 scanRoot=0 scanNodes=0 maxScanNodes=0 scanMicros=0 maxScanMicros=0 observerChildScans=0 observerAttributeScans=0 guardedScans=0 markupScans=0 shadowScans=0 initialScans=0 otherScans=0 sanitizeElement=0 sanitizeContainer=0 img=0 source=0 svg=0 iframe=0 canvas=0 video=0 safeIcon=0 lockIcon=0 geometryWrites=0 svgRecords=0 shadowRoots=0 shadowObservers=0 shadowCallbacks=0 shadowRecords=0 shadowScanCalls=0 ensureStyle=0 ensureCurtain=0 internalMutations=0
09-08 10:06:48.550  8375  8375 I ChromeMediaShieldStatus: v=1 seq=5 kind=rendererApis callScan=createElement=0/0 createElementNS=0/0 appendChild=0/0 insertBefore=0/0 replaceChild=0/0 append=0/0 prepend=0/0 replaceChildren=0/0 before=0/0 after=0/0 replaceWith=0/0 adjacentElement=0/0 moveBefore=0/0 rangeInsert=0/0 rangeSurround=0/0 adoptNode=0/0 cloneNode=0/0 importNode=0/0 safeMarkup=0/0 innerHTML=0/0 outerHTML=0/0 insertAdjacentHTML=0/0 setHTML=0/0 shadowInnerHTML=0/0 execCommandInsertHTML=0/0 mappedTextContent=0/0
09-08 10:06:48.550  8375  8375 I ChromeMediaShieldStatus: v=1 seq=5 kind=rendererFamilies roots=element/fragment/text/other factory:calls=0,scans=0,direct=0,roots=0/0/0/0,nodes=0,micros=0,maxMicros=0 domGuard:calls=0,scans=0,direct=0,roots=0/0/0/0,nodes=0,micros=0,maxMicros=0 markup:calls=0,scans=0,direct=0,roots=0/0/0/0,nodes=0,micros=0,maxMicros=0
09-08 10:06:48.550  8375  8375 I ChromeMediaShieldStatus: v=1 seq=5 kind=uiSvg registered=2 registryBytes=351 cssRewritten=1 cssRejected=0 networkAccepted=1 networkRejected=1 assetServed=3 assetRejected=0
09-08 10:06:48.550  8375  8375 I ChromeMediaShieldStatus: v=1 seq=5 kind=health failures=0 clientDisconnects=6 proxyQueueRejects=0 protectFailure=0 quicAttempts=0 directTcpAttempts=0 active=true ready=true
09-08 10:06:48.550  8375  8375 I ChromeMediaShieldStatus: v=1 seq=5 kind=fixture report=REPORT=not_run,DOCUMENTS=0,FRAMES=0,SCRIPTS=0,FIRST_ORIGINAL_SCRIPTS=0,STYLES=0,WORKERS=0,SERVICE_WORKERS=0,FRAME_REPORTS=0,FRAME_REPORT_REJECTS=0,FRAME_REPORT=not_run,FRAME_REPORT_SHA=not_run,FRAME_CHALLENGE_SHA=not_run,FRAME_GENERATION=0,FRAME_ACCEPTED_CHALLENGE_SHA=not_run,FRAME_REPORT_BINDING_SHA=not_run,SAME_URL_BODIES=0,REPORTS=0,SW_BOUNDARY={INSTALL_DOCS=0,WORKER_SCRIPTS=0,WORKER_PROBE_SCRIPTS=0,PROBE_DOCS=0,CLEANUP_DOCS=0,REPORTS_ACCEPTED=0,REPORTS_REJECTED=0,CONTROLLER_PRESENT=0,CONTROLLER_MISSING=0,NAV_FETCHES=0,SELF_READY_FETCHES=0,SELF_READY_PASS_THROUGH=0,SELF_READY_SYNTHETIC=0,NAV_SYNTHETIC=0,RESET_BASELINE_CLEAN=0,RESET_BASELINE_DIRTY=0,REGISTER_BLOCKED=0,REGISTER_SUCCEEDED=0,WORKER_REGISTER_BLOCKED=0,WORKER_REGISTER_SUCCEEDED=0,WORKER_REGISTER_UNSUPPORTED=0,WORKER_REGISTER_ERROR=0,LAST_CASE=none,LAST_EVENT=none,LAST_VALUE=none},UI_SVG={INLINE_ORIGINAL:PASS,INLINE_CLICK:PASS,SPRITE_ORIGINAL:PASS,UNSAFE_SPRITE_FAIL_CLOSED:PASS,AMBIGUOUS_REFERENCE_FAIL_CLOSED:PASS,STATIC_CSS:PASS,EXTERNAL_CSS:PASS,STYLE_ATTRIBUTE:PASS,DATA_IMAGE:PASS,FAVICON:PASS,PROTECTED_HEAD_RETENTION:PASS,NETWORK_SVG:PASS,UNSAFE_NETWORK_FAIL_CLOSED:PASS,DYNAMIC_CSS:PASS,RASTER_FAIL_CLOSED:PASS,UNSAFE_INLINE_FAIL_CLOSED:PASS}
09-08 10:07:48.537  8375  8375 I ChromePhotosDataPlane: phase=status statusSequence=6 lifecycle=PresentationReady active=true ready=true connections=114 requests=500 safe=93 blocked=4 unknown=18 passthrough=341 cacheHits=25 cacheMisses=76 failures=0 clientDisconnects=6 bytesIn=49756496 bytesOut=45769398 streamed=29 proxyQueueRejects=0 proxyActivePeak=21 proxyP50Ms=2.529 proxyP95Ms=1989.593 proxyP99Ms=2877.377 upstreamSockets=41 protectSuccess=41 protectFailure=0 web11a=not_run web11b=not_run modelLoadMs=555.259 engineCalls=81 dedupeHits=0 decisionCacheConfig=256 decisionConcurrencyConfig=1 decisionQueueConfig=2 decisionTimeoutMs=5000 engineCallsPerRequest=0.7641509433962265 inferencePeak=1 inFlightPeak=2 queuePeak=1 queueRejects=0 timeouts=0 inferenceP50Ms=137.488229 inferenceP95Ms=556.181614 inferenceP99Ms=578.723699 decisionP50Ms=282.366823 decisionP95Ms=1083.320781 decisionP99Ms=1142.23526 cacheHitP50Ms=0.075833 cacheHitP95Ms=0.112657 cacheEntries=81 cacheEvictions=0 preprocessP50Ms=5.441771 preprocessP95Ms=72.769115 preprocessP99Ms=103.885781 preparedCount1=58 preparedCount4=21 preparedCount5=1 preparedCountOther=1 decisionBasis=FullThreshold:3,None:76,Other:1,UncertainRegional:1 imageCandidates=121 imagePrefixPeeks=2 imageMagicCandidates=0 imageBodyAdmissionPeak=2 imageBodyAdmissionRejects=0 networkVisualCandidates=120 networkVisualReplaced=0 networkVisualRawDelivered=0 networkVisualSafeRawDelivered=93 networkVisualBlockedReplaced=4 networkVisualUnknownReplaced=0 networkVisualUnsupportedReplaced=17 networkVisualRawBlockedDelivered=0 networkVisualRawUnknownDelivered=0 networkVisualCacheHit=25 networkVisualInference=75 mediaDocumentsTransformed=10 mediaDocumentsFailClosed=0 documentTransformOutstanding=0 readyTokensOutstanding=10 uiSvgRegistered=2 uiSvgRegistryBytes=351 uiSvgCssRewritten=1 uiSvgCssRejected=0 uiSvgNetworkAccepted=1 uiSvgNetworkRejected=1 uiSvgAssetServed=3 uiSvgAssetRejected=0 h18=REPORT=not_run,EVENT_SEQUENCE=0,COMPAT_DOCS=0,STRICT_DOCS=0,STYLE_REQ=0,SCRIPT_REQ=0,DATA_REQ=0,NETWORK_REQ=0,REPORTS=0,LAST_DOC=none,NETWORK_SHA=ee17e3f62edde61823ce35732ea168f4f5986bff347ccfac063eca7f4009ee1b,AUDIT_SHA=74d4467bbf6833db4eeab998495b7dfc50db3b1f04f407704b839ad3f4b25582 h19=REPORT=not_run,DOCUMENTS=0,FRAMES=0,SCRIPTS=0,FIRST_ORIGINAL_SCRIPTS=0,STYLES=0,WORKERS=0,SERVICE_WORKERS=0,FRAME_REPORTS=0,FRAME_REPORT_REJECTS=0,FRAME_REPORT=not_run,FRAME_REPORT_SHA=not_run,FRAME_CHALLENGE_SHA=not_run,FRAME_GENERATION=0,FRAME_ACCEPTED_CHALLENGE_SHA=not_run,FRAME_REPORT_BINDING_SHA=not_run,SAME_URL_BODIES=0,REPORTS=0,SW_BOUNDARY={INSTALL_DOCS=0,WORKER_SCRIPTS=0,WORKER_PROBE_SCRIPTS=0,PROBE_DOCS=0,CLEANUP_DOCS=0,REPORTS_ACCEPTED=0,REPORTS_REJECTED=0,CONTROLLER_PRESENT=0,CONTROLLER_MISSING=0,NAV_FETCHES=0,SELF_READY_FETCHES=0,SELF_READY_PASS_THROUGH=0,SELF_READY_SYNTHETIC=0,NAV_SYNTHETIC=0,RESET_BASELINE_CLEAN=0,RESET_BASELINE_DIRTY=0,REGISTER_BLOCKED=0,REGISTER_SUCCEEDED=0,WORKER_REGISTER_BLOCKED=0,WORKER_REGISTER_SUCCEEDED=0,WORKER_REGISTER_UNSUPPORTED=0,WORKER_REGISTER_ERROR=0,LAST_CASE=none,LAST_EVENT=none,LAST_VALUE=none},UI_SVG={INLINE_ORIGINAL:PASS,INLINE_CLICK:PASS,SPRITE_ORIGINAL:PASS,UNSAFE_SPRITE_FAIL_CLOSED:PASS,AMBIGUOUS_REFERENCE_FAIL_CLOSED:PASS,STATIC_CSS:PASS,EXTERNAL_CSS:PASS,STYLE_ATTRIBUTE:PASS,DATA_IMAGE:PASS,FAVICON:PASS,PROTECTED_HEAD_RETENTION:PASS,NETWORK_SVG:PASS,UNSAFE_NETWORK_FAIL_CLOSED:PASS,DYNAMIC_CSS:PASS,RASTER_FAIL_CLOSED:PASS,UNSAFE_INLINE_FAIL_CLOSED:PASS} quicAttempts=0 directTcpAttempts=0 bootstrapResetGeneration=2 bootstrapCompleteGeneration=2 bootstrapResetCount=3 chromeSuspended=false guardSession=555 guardHeartbeatSequence=359 audit17State=0 audit17Navigation=0 audit17Events=120 audit17Dropped=0
09-08 10:07:48.537  8375  8375 I ChromeMediaShieldStatus: v=1 seq=6 kind=network mode=selective candidates=120 replaced=0 rawDelivered=0 safeRaw=93 blockedReplaced=4 unknownReplaced=0 unsupportedReplaced=17 rawBlocked=0 rawUnknown=0 cacheHit=25 decisionEngine=75 engineCalls=81
09-08 10:07:48.538  8375  8375 I ChromeMediaShieldStatus: v=1 seq=6 kind=document transformed=10 failClosed=0 outstanding=0 issued=10 claims=8 documentSequence=10 navigationSequence=8 readyRequests=24 readyPreflights=0 readyAccepted=8 readyRejected=0 parserBarrierRequests=0 parserBarrierReady=0 parserBarrierFailClosed=0 selfShield=true selfReadyRequests=8 selfReadyAccepted=8 selfReadyRejected=0 selfReadyRejectReason=none selfShieldReleaseCompleted=8 selfShieldParserContinued=8 selfShieldOriginalScriptStarted=0 selfShieldTraceRejected=0 selfShieldTraceOutstanding=6 bootstrapDiagnosticAccepted=0 bootstrapDiagnosticRejected=0 bootstrapDiagnosticRejectReason=none bootstrapDiagnosticStage=none bootstrapDiagnosticReason=none bootstrapDiagnosticOutstanding=0
09-08 10:07:48.538  8375  8375 I ChromeMediaShieldStatus: v=1 seq=6 kind=renderer reports=0 rejected=0 globalCallbacks=0 globalRecords=0 childRecords=0 attributeRecords=0 maxRecords=0 scanCalls=0 scanRoot=0 scanNodes=0 maxScanNodes=0 scanMicros=0 maxScanMicros=0 observerChildScans=0 observerAttributeScans=0 guardedScans=0 markupScans=0 shadowScans=0 initialScans=0 otherScans=0 sanitizeElement=0 sanitizeContainer=0 img=0 source=0 svg=0 iframe=0 canvas=0 video=0 safeIcon=0 lockIcon=0 geometryWrites=0 svgRecords=0 shadowRoots=0 shadowObservers=0 shadowCallbacks=0 shadowRecords=0 shadowScanCalls=0 ensureStyle=0 ensureCurtain=0 internalMutations=0
09-08 10:07:48.538  8375  8375 I ChromeMediaShieldStatus: v=1 seq=6 kind=rendererApis callScan=createElement=0/0 createElementNS=0/0 appendChild=0/0 insertBefore=0/0 replaceChild=0/0 append=0/0 prepend=0/0 replaceChildren=0/0 before=0/0 after=0/0 replaceWith=0/0 adjacentElement=0/0 moveBefore=0/0 rangeInsert=0/0 rangeSurround=0/0 adoptNode=0/0 cloneNode=0/0 importNode=0/0 safeMarkup=0/0 innerHTML=0/0 outerHTML=0/0 insertAdjacentHTML=0/0 setHTML=0/0 shadowInnerHTML=0/0 execCommandInsertHTML=0/0 mappedTextContent=0/0
09-08 10:07:48.538  8375  8375 I ChromeMediaShieldStatus: v=1 seq=6 kind=rendererFamilies roots=element/fragment/text/other factory:calls=0,scans=0,direct=0,roots=0/0/0/0,nodes=0,micros=0,maxMicros=0 domGuard:calls=0,scans=0,direct=0,roots=0/0/0/0,nodes=0,micros=0,maxMicros=0 markup:calls=0,scans=0,direct=0,roots=0/0/0/0,nodes=0,micros=0,maxMicros=0
09-08 10:07:48.538  8375  8375 I ChromeMediaShieldStatus: v=1 seq=6 kind=uiSvg registered=2 registryBytes=351 cssRewritten=1 cssRejected=0 networkAccepted=1 networkRejected=1 assetServed=3 assetRejected=0
09-08 10:07:48.538  8375  8375 I ChromeMediaShieldStatus: v=1 seq=6 kind=health failures=0 clientDisconnects=6 proxyQueueRejects=0 protectFailure=0 quicAttempts=0 directTcpAttempts=0 active=true ready=true
09-08 10:07:48.538  8375  8375 I ChromeMediaShieldStatus: v=1 seq=6 kind=fixture report=REPORT=not_run,DOCUMENTS=0,FRAMES=0,SCRIPTS=0,FIRST_ORIGINAL_SCRIPTS=0,STYLES=0,WORKERS=0,SERVICE_WORKERS=0,FRAME_REPORTS=0,FRAME_REPORT_REJECTS=0,FRAME_REPORT=not_run,FRAME_REPORT_SHA=not_run,FRAME_CHALLENGE_SHA=not_run,FRAME_GENERATION=0,FRAME_ACCEPTED_CHALLENGE_SHA=not_run,FRAME_REPORT_BINDING_SHA=not_run,SAME_URL_BODIES=0,REPORTS=0,SW_BOUNDARY={INSTALL_DOCS=0,WORKER_SCRIPTS=0,WORKER_PROBE_SCRIPTS=0,PROBE_DOCS=0,CLEANUP_DOCS=0,REPORTS_ACCEPTED=0,REPORTS_REJECTED=0,CONTROLLER_PRESENT=0,CONTROLLER_MISSING=0,NAV_FETCHES=0,SELF_READY_FETCHES=0,SELF_READY_PASS_THROUGH=0,SELF_READY_SYNTHETIC=0,NAV_SYNTHETIC=0,RESET_BASELINE_CLEAN=0,RESET_BASELINE_DIRTY=0,REGISTER_BLOCKED=0,REGISTER_SUCCEEDED=0,WORKER_REGISTER_BLOCKED=0,WORKER_REGISTER_SUCCEEDED=0,WORKER_REGISTER_UNSUPPORTED=0,WORKER_REGISTER_ERROR=0,LAST_CASE=none,LAST_EVENT=none,LAST_VALUE=none},UI_SVG={INLINE_ORIGINAL:PASS,INLINE_CLICK:PASS,SPRITE_ORIGINAL:PASS,UNSAFE_SPRITE_FAIL_CLOSED:PASS,AMBIGUOUS_REFERENCE_FAIL_CLOSED:PASS,STATIC_CSS:PASS,EXTERNAL_CSS:PASS,STYLE_ATTRIBUTE:PASS,DATA_IMAGE:PASS,FAVICON:PASS,PROTECTED_HEAD_RETENTION:PASS,NETWORK_SVG:PASS,UNSAFE_NETWORK_FAIL_CLOSED:PASS,DYNAMIC_CSS:PASS,RASTER_FAIL_CLOSED:PASS,UNSAFE_INLINE_FAIL_CLOSED:PASS}
09-08 10:08:48.575  8375  8375 I ChromePhotosDataPlane: phase=status statusSequence=7 lifecycle=PresentationReady active=true ready=true connections=114 requests=500 safe=93 blocked=4 unknown=18 passthrough=341 cacheHits=25 cacheMisses=76 failures=0 clientDisconnects=6 bytesIn=49756496 bytesOut=45769398 streamed=29 proxyQueueRejects=0 proxyActivePeak=21 proxyP50Ms=2.529 proxyP95Ms=1989.593 proxyP99Ms=2877.377 upstreamSockets=41 protectSuccess=41 protectFailure=0 web11a=not_run web11b=not_run modelLoadMs=555.259 engineCalls=81 dedupeHits=0 decisionCacheConfig=256 decisionConcurrencyConfig=1 decisionQueueConfig=2 decisionTimeoutMs=5000 engineCallsPerRequest=0.7641509433962265 inferencePeak=1 inFlightPeak=2 queuePeak=1 queueRejects=0 timeouts=0 inferenceP50Ms=137.488229 inferenceP95Ms=556.181614 inferenceP99Ms=578.723699 decisionP50Ms=282.366823 decisionP95Ms=1083.320781 decisionP99Ms=1142.23526 cacheHitP50Ms=0.075833 cacheHitP95Ms=0.112657 cacheEntries=81 cacheEvictions=0 preprocessP50Ms=5.441771 preprocessP95Ms=72.769115 preprocessP99Ms=103.885781 preparedCount1=58 preparedCount4=21 preparedCount5=1 preparedCountOther=1 decisionBasis=FullThreshold:3,None:76,Other:1,UncertainRegional:1 imageCandidates=121 imagePrefixPeeks=2 imageMagicCandidates=0 imageBodyAdmissionPeak=2 imageBodyAdmissionRejects=0 networkVisualCandidates=120 networkVisualReplaced=0 networkVisualRawDelivered=0 networkVisualSafeRawDelivered=93 networkVisualBlockedReplaced=4 networkVisualUnknownReplaced=0 networkVisualUnsupportedReplaced=17 networkVisualRawBlockedDelivered=0 networkVisualRawUnknownDelivered=0 networkVisualCacheHit=25 networkVisualInference=75 mediaDocumentsTransformed=10 mediaDocumentsFailClosed=0 documentTransformOutstanding=0 readyTokensOutstanding=10 uiSvgRegistered=2 uiSvgRegistryBytes=351 uiSvgCssRewritten=1 uiSvgCssRejected=0 uiSvgNetworkAccepted=1 uiSvgNetworkRejected=1 uiSvgAssetServed=3 uiSvgAssetRejected=0 h18=REPORT=not_run,EVENT_SEQUENCE=0,COMPAT_DOCS=0,STRICT_DOCS=0,STYLE_REQ=0,SCRIPT_REQ=0,DATA_REQ=0,NETWORK_REQ=0,REPORTS=0,LAST_DOC=none,NETWORK_SHA=ee17e3f62edde61823ce35732ea168f4f5986bff347ccfac063eca7f4009ee1b,AUDIT_SHA=74d4467bbf6833db4eeab998495b7dfc50db3b1f04f407704b839ad3f4b25582 h19=REPORT=not_run,DOCUMENTS=0,FRAMES=0,SCRIPTS=0,FIRST_ORIGINAL_SCRIPTS=0,STYLES=0,WORKERS=0,SERVICE_WORKERS=0,FRAME_REPORTS=0,FRAME_REPORT_REJECTS=0,FRAME_REPORT=not_run,FRAME_REPORT_SHA=not_run,FRAME_CHALLENGE_SHA=not_run,FRAME_GENERATION=0,FRAME_ACCEPTED_CHALLENGE_SHA=not_run,FRAME_REPORT_BINDING_SHA=not_run,SAME_URL_BODIES=0,REPORTS=0,SW_BOUNDARY={INSTALL_DOCS=0,WORKER_SCRIPTS=0,WORKER_PROBE_SCRIPTS=0,PROBE_DOCS=0,CLEANUP_DOCS=0,REPORTS_ACCEPTED=0,REPORTS_REJECTED=0,CONTROLLER_PRESENT=0,CONTROLLER_MISSING=0,NAV_FETCHES=0,SELF_READY_FETCHES=0,SELF_READY_PASS_THROUGH=0,SELF_READY_SYNTHETIC=0,NAV_SYNTHETIC=0,RESET_BASELINE_CLEAN=0,RESET_BASELINE_DIRTY=0,REGISTER_BLOCKED=0,REGISTER_SUCCEEDED=0,WORKER_REGISTER_BLOCKED=0,WORKER_REGISTER_SUCCEEDED=0,WORKER_REGISTER_UNSUPPORTED=0,WORKER_REGISTER_ERROR=0,LAST_CASE=none,LAST_EVENT=none,LAST_VALUE=none},UI_SVG={INLINE_ORIGINAL:PASS,INLINE_CLICK:PASS,SPRITE_ORIGINAL:PASS,UNSAFE_SPRITE_FAIL_CLOSED:PASS,AMBIGUOUS_REFERENCE_FAIL_CLOSED:PASS,STATIC_CSS:PASS,EXTERNAL_CSS:PASS,STYLE_ATTRIBUTE:PASS,DATA_IMAGE:PASS,FAVICON:PASS,PROTECTED_HEAD_RETENTION:PASS,NETWORK_SVG:PASS,UNSAFE_NETWORK_FAIL_CLOSED:PASS,DYNAMIC_CSS:PASS,RASTER_FAIL_CLOSED:PASS,UNSAFE_INLINE_FAIL_CLOSED:PASS} quicAttempts=0 directTcpAttempts=0 bootstrapResetGeneration=2 bootstrapCompleteGeneration=2 bootstrapResetCount=3 chromeSuspended=false guardSession=555 guardHeartbeatSequence=466 audit17State=0 audit17Navigation=0 audit17Events=120 audit17Dropped=0
09-08 10:08:48.575  8375  8375 I ChromeMediaShieldStatus: v=1 seq=7 kind=network mode=selective candidates=120 replaced=0 rawDelivered=0 safeRaw=93 blockedReplaced=4 unknownReplaced=0 unsupportedReplaced=17 rawBlocked=0 rawUnknown=0 cacheHit=25 decisionEngine=75 engineCalls=81
09-08 10:08:48.575  8375  8375 I ChromeMediaShieldStatus: v=1 seq=7 kind=document transformed=10 failClosed=0 outstanding=0 issued=10 claims=8 documentSequence=10 navigationSequence=8 readyRequests=24 readyPreflights=0 readyAccepted=8 readyRejected=0 parserBarrierRequests=0 parserBarrierReady=0 parserBarrierFailClosed=0 selfShield=true selfReadyRequests=8 selfReadyAccepted=8 selfReadyRejected=0 selfReadyRejectReason=none selfShieldReleaseCompleted=8 selfShieldParserContinued=8 selfShieldOriginalScriptStarted=0 selfShieldTraceRejected=0 selfShieldTraceOutstanding=6 bootstrapDiagnosticAccepted=0 bootstrapDiagnosticRejected=0 bootstrapDiagnosticRejectReason=none bootstrapDiagnosticStage=none bootstrapDiagnosticReason=none bootstrapDiagnosticOutstanding=0
09-08 10:08:48.576  8375  8375 I ChromeMediaShieldStatus: v=1 seq=7 kind=renderer reports=0 rejected=0 globalCallbacks=0 globalRecords=0 childRecords=0 attributeRecords=0 maxRecords=0 scanCalls=0 scanRoot=0 scanNodes=0 maxScanNodes=0 scanMicros=0 maxScanMicros=0 observerChildScans=0 observerAttributeScans=0 guardedScans=0 markupScans=0 shadowScans=0 initialScans=0 otherScans=0 sanitizeElement=0 sanitizeContainer=0 img=0 source=0 svg=0 iframe=0 canvas=0 video=0 safeIcon=0 lockIcon=0 geometryWrites=0 svgRecords=0 shadowRoots=0 shadowObservers=0 shadowCallbacks=0 shadowRecords=0 shadowScanCalls=0 ensureStyle=0 ensureCurtain=0 internalMutations=0
09-08 10:08:48.576  8375  8375 I ChromeMediaShieldStatus: v=1 seq=7 kind=rendererApis callScan=createElement=0/0 createElementNS=0/0 appendChild=0/0 insertBefore=0/0 replaceChild=0/0 append=0/0 prepend=0/0 replaceChildren=0/0 before=0/0 after=0/0 replaceWith=0/0 adjacentElement=0/0 moveBefore=0/0 rangeInsert=0/0 rangeSurround=0/0 adoptNode=0/0 cloneNode=0/0 importNode=0/0 safeMarkup=0/0 innerHTML=0/0 outerHTML=0/0 insertAdjacentHTML=0/0 setHTML=0/0 shadowInnerHTML=0/0 execCommandInsertHTML=0/0 mappedTextContent=0/0
09-08 10:08:48.576  8375  8375 I ChromeMediaShieldStatus: v=1 seq=7 kind=rendererFamilies roots=element/fragment/text/other factory:calls=0,scans=0,direct=0,roots=0/0/0/0,nodes=0,micros=0,maxMicros=0 domGuard:calls=0,scans=0,direct=0,roots=0/0/0/0,nodes=0,micros=0,maxMicros=0 markup:calls=0,scans=0,direct=0,roots=0/0/0/0,nodes=0,micros=0,maxMicros=0
09-08 10:08:48.576  8375  8375 I ChromeMediaShieldStatus: v=1 seq=7 kind=uiSvg registered=2 registryBytes=351 cssRewritten=1 cssRejected=0 networkAccepted=1 networkRejected=1 assetServed=3 assetRejected=0
09-08 10:08:48.576  8375  8375 I ChromeMediaShieldStatus: v=1 seq=7 kind=health failures=0 clientDisconnects=6 proxyQueueRejects=0 protectFailure=0 quicAttempts=0 directTcpAttempts=0 active=true ready=true
09-08 10:08:48.576  8375  8375 I ChromeMediaShieldStatus: v=1 seq=7 kind=fixture report=REPORT=not_run,DOCUMENTS=0,FRAMES=0,SCRIPTS=0,FIRST_ORIGINAL_SCRIPTS=0,STYLES=0,WORKERS=0,SERVICE_WORKERS=0,FRAME_REPORTS=0,FRAME_REPORT_REJECTS=0,FRAME_REPORT=not_run,FRAME_REPORT_SHA=not_run,FRAME_CHALLENGE_SHA=not_run,FRAME_GENERATION=0,FRAME_ACCEPTED_CHALLENGE_SHA=not_run,FRAME_REPORT_BINDING_SHA=not_run,SAME_URL_BODIES=0,REPORTS=0,SW_BOUNDARY={INSTALL_DOCS=0,WORKER_SCRIPTS=0,WORKER_PROBE_SCRIPTS=0,PROBE_DOCS=0,CLEANUP_DOCS=0,REPORTS_ACCEPTED=0,REPORTS_REJECTED=0,CONTROLLER_PRESENT=0,CONTROLLER_MISSING=0,NAV_FETCHES=0,SELF_READY_FETCHES=0,SELF_READY_PASS_THROUGH=0,SELF_READY_SYNTHETIC=0,NAV_SYNTHETIC=0,RESET_BASELINE_CLEAN=0,RESET_BASELINE_DIRTY=0,REGISTER_BLOCKED=0,REGISTER_SUCCEEDED=0,WORKER_REGISTER_BLOCKED=0,WORKER_REGISTER_SUCCEEDED=0,WORKER_REGISTER_UNSUPPORTED=0,WORKER_REGISTER_ERROR=0,LAST_CASE=none,LAST_EVENT=none,LAST_VALUE=none},UI_SVG={INLINE_ORIGINAL:PASS,INLINE_CLICK:PASS,SPRITE_ORIGINAL:PASS,UNSAFE_SPRITE_FAIL_CLOSED:PASS,AMBIGUOUS_REFERENCE_FAIL_CLOSED:PASS,STATIC_CSS:PASS,EXTERNAL_CSS:PASS,STYLE_ATTRIBUTE:PASS,DATA_IMAGE:PASS,FAVICON:PASS,PROTECTED_HEAD_RETENTION:PASS,NETWORK_SVG:PASS,UNSAFE_NETWORK_FAIL_CLOSED:PASS,DYNAMIC_CSS:PASS,RASTER_FAIL_CLOSED:PASS,UNSAFE_INLINE_FAIL_CLOSED:PASS}
09-08 10:09:48.518  8375  8375 I ChromePhotosDataPlane: phase=status statusSequence=8 lifecycle=PresentationReady active=true ready=true connections=114 requests=500 safe=93 blocked=4 unknown=18 passthrough=341 cacheHits=25 cacheMisses=76 failures=0 clientDisconnects=6 bytesIn=49756496 bytesOut=45769398 streamed=29 proxyQueueRejects=0 proxyActivePeak=21 proxyP50Ms=2.529 proxyP95Ms=1989.593 proxyP99Ms=2877.377 upstreamSockets=41 protectSuccess=41 protectFailure=0 web11a=not_run web11b=not_run modelLoadMs=555.259 engineCalls=81 dedupeHits=0 decisionCacheConfig=256 decisionConcurrencyConfig=1 decisionQueueConfig=2 decisionTimeoutMs=5000 engineCallsPerRequest=0.7641509433962265 inferencePeak=1 inFlightPeak=2 queuePeak=1 queueRejects=0 timeouts=0 inferenceP50Ms=137.488229 inferenceP95Ms=556.181614 inferenceP99Ms=578.723699 decisionP50Ms=282.366823 decisionP95Ms=1083.320781 decisionP99Ms=1142.23526 cacheHitP50Ms=0.075833 cacheHitP95Ms=0.112657 cacheEntries=81 cacheEvictions=0 preprocessP50Ms=5.441771 preprocessP95Ms=72.769115 preprocessP99Ms=103.885781 preparedCount1=58 preparedCount4=21 preparedCount5=1 preparedCountOther=1 decisionBasis=FullThreshold:3,None:76,Other:1,UncertainRegional:1 imageCandidates=121 imagePrefixPeeks=2 imageMagicCandidates=0 imageBodyAdmissionPeak=2 imageBodyAdmissionRejects=0 networkVisualCandidates=120 networkVisualReplaced=0 networkVisualRawDelivered=0 networkVisualSafeRawDelivered=93 networkVisualBlockedReplaced=4 networkVisualUnknownReplaced=0 networkVisualUnsupportedReplaced=17 networkVisualRawBlockedDelivered=0 networkVisualRawUnknownDelivered=0 networkVisualCacheHit=25 networkVisualInference=75 mediaDocumentsTransformed=10 mediaDocumentsFailClosed=0 documentTransformOutstanding=0 readyTokensOutstanding=10 uiSvgRegistered=2 uiSvgRegistryBytes=351 uiSvgCssRewritten=1 uiSvgCssRejected=0 uiSvgNetworkAccepted=1 uiSvgNetworkRejected=1 uiSvgAssetServed=3 uiSvgAssetRejected=0 h18=REPORT=not_run,EVENT_SEQUENCE=0,COMPAT_DOCS=0,STRICT_DOCS=0,STYLE_REQ=0,SCRIPT_REQ=0,DATA_REQ=0,NETWORK_REQ=0,REPORTS=0,LAST_DOC=none,NETWORK_SHA=ee17e3f62edde61823ce35732ea168f4f5986bff347ccfac063eca7f4009ee1b,AUDIT_SHA=74d4467bbf6833db4eeab998495b7dfc50db3b1f04f407704b839ad3f4b25582 h19=REPORT=not_run,DOCUMENTS=0,FRAMES=0,SCRIPTS=0,FIRST_ORIGINAL_SCRIPTS=0,STYLES=0,WORKERS=0,SERVICE_WORKERS=0,FRAME_REPORTS=0,FRAME_REPORT_REJECTS=0,FRAME_REPORT=not_run,FRAME_REPORT_SHA=not_run,FRAME_CHALLENGE_SHA=not_run,FRAME_GENERATION=0,FRAME_ACCEPTED_CHALLENGE_SHA=not_run,FRAME_REPORT_BINDING_SHA=not_run,SAME_URL_BODIES=0,REPORTS=0,SW_BOUNDARY={INSTALL_DOCS=0,WORKER_SCRIPTS=0,WORKER_PROBE_SCRIPTS=0,PROBE_DOCS=0,CLEANUP_DOCS=0,REPORTS_ACCEPTED=0,REPORTS_REJECTED=0,CONTROLLER_PRESENT=0,CONTROLLER_MISSING=0,NAV_FETCHES=0,SELF_READY_FETCHES=0,SELF_READY_PASS_THROUGH=0,SELF_READY_SYNTHETIC=0,NAV_SYNTHETIC=0,RESET_BASELINE_CLEAN=0,RESET_BASELINE_DIRTY=0,REGISTER_BLOCKED=0,REGISTER_SUCCEEDED=0,WORKER_REGISTER_BLOCKED=0,WORKER_REGISTER_SUCCEEDED=0,WORKER_REGISTER_UNSUPPORTED=0,WORKER_REGISTER_ERROR=0,LAST_CASE=none,LAST_EVENT=none,LAST_VALUE=none},UI_SVG={INLINE_ORIGINAL:PASS,INLINE_CLICK:PASS,SPRITE_ORIGINAL:PASS,UNSAFE_SPRITE_FAIL_CLOSED:PASS,AMBIGUOUS_REFERENCE_FAIL_CLOSED:PASS,STATIC_CSS:PASS,EXTERNAL_CSS:PASS,STYLE_ATTRIBUTE:PASS,DATA_IMAGE:PASS,FAVICON:PASS,PROTECTED_HEAD_RETENTION:PASS,NETWORK_SVG:PASS,UNSAFE_NETWORK_FAIL_CLOSED:PASS,DYNAMIC_CSS:PASS,RASTER_FAIL_CLOSED:PASS,UNSAFE_INLINE_FAIL_CLOSED:PASS} quicAttempts=0 directTcpAttempts=0 bootstrapResetGeneration=2 bootstrapCompleteGeneration=2 bootstrapResetCount=3 chromeSuspended=false guardSession=555 guardHeartbeatSequence=573 audit17State=0 audit17Navigation=0 audit17Events=120 audit17Dropped=0
09-08 10:09:48.518  8375  8375 I ChromeMediaShieldStatus: v=1 seq=8 kind=network mode=selective candidates=120 replaced=0 rawDelivered=0 safeRaw=93 blockedReplaced=4 unknownReplaced=0 unsupportedReplaced=17 rawBlocked=0 rawUnknown=0 cacheHit=25 decisionEngine=75 engineCalls=81
09-08 10:09:48.518  8375  8375 I ChromeMediaShieldStatus: v=1 seq=8 kind=document transformed=10 failClosed=0 outstanding=0 issued=10 claims=8 documentSequence=10 navigationSequence=8 readyRequests=24 readyPreflights=0 readyAccepted=8 readyRejected=0 parserBarrierRequests=0 parserBarrierReady=0 parserBarrierFailClosed=0 selfShield=true selfReadyRequests=8 selfReadyAccepted=8 selfReadyRejected=0 selfReadyRejectReason=none selfShieldReleaseCompleted=8 selfShieldParserContinued=8 selfShieldOriginalScriptStarted=0 selfShieldTraceRejected=0 selfShieldTraceOutstanding=6 bootstrapDiagnosticAccepted=0 bootstrapDiagnosticRejected=0 bootstrapDiagnosticRejectReason=none bootstrapDiagnosticStage=none bootstrapDiagnosticReason=none bootstrapDiagnosticOutstanding=0
09-08 10:09:48.518  8375  8375 I ChromeMediaShieldStatus: v=1 seq=8 kind=renderer reports=0 rejected=0 globalCallbacks=0 globalRecords=0 childRecords=0 attributeRecords=0 maxRecords=0 scanCalls=0 scanRoot=0 scanNodes=0 maxScanNodes=0 scanMicros=0 maxScanMicros=0 observerChildScans=0 observerAttributeScans=0 guardedScans=0 markupScans=0 shadowScans=0 initialScans=0 otherScans=0 sanitizeElement=0 sanitizeContainer=0 img=0 source=0 svg=0 iframe=0 canvas=0 video=0 safeIcon=0 lockIcon=0 geometryWrites=0 svgRecords=0 shadowRoots=0 shadowObservers=0 shadowCallbacks=0 shadowRecords=0 shadowScanCalls=0 ensureStyle=0 ensureCurtain=0 internalMutations=0
09-08 10:09:48.519  8375  8375 I ChromeMediaShieldStatus: v=1 seq=8 kind=rendererApis callScan=createElement=0/0 createElementNS=0/0 appendChild=0/0 insertBefore=0/0 replaceChild=0/0 append=0/0 prepend=0/0 replaceChildren=0/0 before=0/0 after=0/0 replaceWith=0/0 adjacentElement=0/0 moveBefore=0/0 rangeInsert=0/0 rangeSurround=0/0 adoptNode=0/0 cloneNode=0/0 importNode=0/0 safeMarkup=0/0 innerHTML=0/0 outerHTML=0/0 insertAdjacentHTML=0/0 setHTML=0/0 shadowInnerHTML=0/0 execCommandInsertHTML=0/0 mappedTextContent=0/0
09-08 10:09:48.519  8375  8375 I ChromeMediaShieldStatus: v=1 seq=8 kind=rendererFamilies roots=element/fragment/text/other factory:calls=0,scans=0,direct=0,roots=0/0/0/0,nodes=0,micros=0,maxMicros=0 domGuard:calls=0,scans=0,direct=0,roots=0/0/0/0,nodes=0,micros=0,maxMicros=0 markup:calls=0,scans=0,direct=0,roots=0/0/0/0,nodes=0,micros=0,maxMicros=0
09-08 10:09:48.519  8375  8375 I ChromeMediaShieldStatus: v=1 seq=8 kind=uiSvg registered=2 registryBytes=351 cssRewritten=1 cssRejected=0 networkAccepted=1 networkRejected=1 assetServed=3 assetRejected=0
09-08 10:09:48.519  8375  8375 I ChromeMediaShieldStatus: v=1 seq=8 kind=health failures=0 clientDisconnects=6 proxyQueueRejects=0 protectFailure=0 quicAttempts=0 directTcpAttempts=0 active=true ready=true
09-08 10:09:48.519  8375  8375 I ChromeMediaShieldStatus: v=1 seq=8 kind=fixture report=REPORT=not_run,DOCUMENTS=0,FRAMES=0,SCRIPTS=0,FIRST_ORIGINAL_SCRIPTS=0,STYLES=0,WORKERS=0,SERVICE_WORKERS=0,FRAME_REPORTS=0,FRAME_REPORT_REJECTS=0,FRAME_REPORT=not_run,FRAME_REPORT_SHA=not_run,FRAME_CHALLENGE_SHA=not_run,FRAME_GENERATION=0,FRAME_ACCEPTED_CHALLENGE_SHA=not_run,FRAME_REPORT_BINDING_SHA=not_run,SAME_URL_BODIES=0,REPORTS=0,SW_BOUNDARY={INSTALL_DOCS=0,WORKER_SCRIPTS=0,WORKER_PROBE_SCRIPTS=0,PROBE_DOCS=0,CLEANUP_DOCS=0,REPORTS_ACCEPTED=0,REPORTS_REJECTED=0,CONTROLLER_PRESENT=0,CONTROLLER_MISSING=0,NAV_FETCHES=0,SELF_READY_FETCHES=0,SELF_READY_PASS_THROUGH=0,SELF_READY_SYNTHETIC=0,NAV_SYNTHETIC=0,RESET_BASELINE_CLEAN=0,RESET_BASELINE_DIRTY=0,REGISTER_BLOCKED=0,REGISTER_SUCCEEDED=0,WORKER_REGISTER_BLOCKED=0,WORKER_REGISTER_SUCCEEDED=0,WORKER_REGISTER_UNSUPPORTED=0,WORKER_REGISTER_ERROR=0,LAST_CASE=none,LAST_EVENT=none,LAST_VALUE=none},UI_SVG={INLINE_ORIGINAL:PASS,INLINE_CLICK:PASS,SPRITE_ORIGINAL:PASS,UNSAFE_SPRITE_FAIL_CLOSED:PASS,AMBIGUOUS_REFERENCE_FAIL_CLOSED:PASS,STATIC_CSS:PASS,EXTERNAL_CSS:PASS,STYLE_ATTRIBUTE:PASS,DATA_IMAGE:PASS,FAVICON:PASS,PROTECTED_HEAD_RETENTION:PASS,NETWORK_SVG:PASS,UNSAFE_NETWORK_FAIL_CLOSED:PASS,DYNAMIC_CSS:PASS,RASTER_FAIL_CLOSED:PASS,UNSAFE_INLINE_FAIL_CLOSED:PASS}
09-08 10:10:48.505  8375  8375 I ChromePhotosDataPlane: phase=status statusSequence=9 lifecycle=PresentationReady active=true ready=true connections=114 requests=500 safe=93 blocked=4 unknown=18 passthrough=341 cacheHits=25 cacheMisses=76 failures=0 clientDisconnects=6 bytesIn=49756496 bytesOut=45769398 streamed=29 proxyQueueRejects=0 proxyActivePeak=21 proxyP50Ms=2.529 proxyP95Ms=1989.593 proxyP99Ms=2877.377 upstreamSockets=41 protectSuccess=41 protectFailure=0 web11a=not_run web11b=not_run modelLoadMs=555.259 engineCalls=81 dedupeHits=0 decisionCacheConfig=256 decisionConcurrencyConfig=1 decisionQueueConfig=2 decisionTimeoutMs=5000 engineCallsPerRequest=0.7641509433962265 inferencePeak=1 inFlightPeak=2 queuePeak=1 queueRejects=0 timeouts=0 inferenceP50Ms=137.488229 inferenceP95Ms=556.181614 inferenceP99Ms=578.723699 decisionP50Ms=282.366823 decisionP95Ms=1083.320781 decisionP99Ms=1142.23526 cacheHitP50Ms=0.075833 cacheHitP95Ms=0.112657 cacheEntries=81 cacheEvictions=0 preprocessP50Ms=5.441771 preprocessP95Ms=72.769115 preprocessP99Ms=103.885781 preparedCount1=58 preparedCount4=21 preparedCount5=1 preparedCountOther=1 decisionBasis=FullThreshold:3,None:76,Other:1,UncertainRegional:1 imageCandidates=121 imagePrefixPeeks=2 imageMagicCandidates=0 imageBodyAdmissionPeak=2 imageBodyAdmissionRejects=0 networkVisualCandidates=120 networkVisualReplaced=0 networkVisualRawDelivered=0 networkVisualSafeRawDelivered=93 networkVisualBlockedReplaced=4 networkVisualUnknownReplaced=0 networkVisualUnsupportedReplaced=17 networkVisualRawBlockedDelivered=0 networkVisualRawUnknownDelivered=0 networkVisualCacheHit=25 networkVisualInference=75 mediaDocumentsTransformed=10 mediaDocumentsFailClosed=0 documentTransformOutstanding=0 readyTokensOutstanding=10 uiSvgRegistered=2 uiSvgRegistryBytes=351 uiSvgCssRewritten=1 uiSvgCssRejected=0 uiSvgNetworkAccepted=1 uiSvgNetworkRejected=1 uiSvgAssetServed=3 uiSvgAssetRejected=0 h18=REPORT=not_run,EVENT_SEQUENCE=0,COMPAT_DOCS=0,STRICT_DOCS=0,STYLE_REQ=0,SCRIPT_REQ=0,DATA_REQ=0,NETWORK_REQ=0,REPORTS=0,LAST_DOC=none,NETWORK_SHA=ee17e3f62edde61823ce35732ea168f4f5986bff347ccfac063eca7f4009ee1b,AUDIT_SHA=74d4467bbf6833db4eeab998495b7dfc50db3b1f04f407704b839ad3f4b25582 h19=REPORT=not_run,DOCUMENTS=0,FRAMES=0,SCRIPTS=0,FIRST_ORIGINAL_SCRIPTS=0,STYLES=0,WORKERS=0,SERVICE_WORKERS=0,FRAME_REPORTS=0,FRAME_REPORT_REJECTS=0,FRAME_REPORT=not_run,FRAME_REPORT_SHA=not_run,FRAME_CHALLENGE_SHA=not_run,FRAME_GENERATION=0,FRAME_ACCEPTED_CHALLENGE_SHA=not_run,FRAME_REPORT_BINDING_SHA=not_run,SAME_URL_BODIES=0,REPORTS=0,SW_BOUNDARY={INSTALL_DOCS=0,WORKER_SCRIPTS=0,WORKER_PROBE_SCRIPTS=0,PROBE_DOCS=0,CLEANUP_DOCS=0,REPORTS_ACCEPTED=0,REPORTS_REJECTED=0,CONTROLLER_PRESENT=0,CONTROLLER_MISSING=0,NAV_FETCHES=0,SELF_READY_FETCHES=0,SELF_READY_PASS_THROUGH=0,SELF_READY_SYNTHETIC=0,NAV_SYNTHETIC=0,RESET_BASELINE_CLEAN=0,RESET_BASELINE_DIRTY=0,REGISTER_BLOCKED=0,REGISTER_SUCCEEDED=0,WORKER_REGISTER_BLOCKED=0,WORKER_REGISTER_SUCCEEDED=0,WORKER_REGISTER_UNSUPPORTED=0,WORKER_REGISTER_ERROR=0,LAST_CASE=none,LAST_EVENT=none,LAST_VALUE=none},UI_SVG={INLINE_ORIGINAL:PASS,INLINE_CLICK:PASS,SPRITE_ORIGINAL:PASS,UNSAFE_SPRITE_FAIL_CLOSED:PASS,AMBIGUOUS_REFERENCE_FAIL_CLOSED:PASS,STATIC_CSS:PASS,EXTERNAL_CSS:PASS,STYLE_ATTRIBUTE:PASS,DATA_IMAGE:PASS,FAVICON:PASS,PROTECTED_HEAD_RETENTION:PASS,NETWORK_SVG:PASS,UNSAFE_NETWORK_FAIL_CLOSED:PASS,DYNAMIC_CSS:PASS,RASTER_FAIL_CLOSED:PASS,UNSAFE_INLINE_FAIL_CLOSED:PASS} quicAttempts=0 directTcpAttempts=0 bootstrapResetGeneration=2 bootstrapCompleteGeneration=2 bootstrapResetCount=3 chromeSuspended=false guardSession=555 guardHeartbeatSequence=680 audit17State=0 audit17Navigation=0 audit17Events=120 audit17Dropped=0
09-08 10:10:48.505  8375  8375 I ChromeMediaShieldStatus: v=1 seq=9 kind=network mode=selective candidates=120 replaced=0 rawDelivered=0 safeRaw=93 blockedReplaced=4 unknownReplaced=0 unsupportedReplaced=17 rawBlocked=0 rawUnknown=0 cacheHit=25 decisionEngine=75 engineCalls=81
09-08 10:10:48.505  8375  8375 I ChromeMediaShieldStatus: v=1 seq=9 kind=document transformed=10 failClosed=0 outstanding=0 issued=10 claims=8 documentSequence=10 navigationSequence=8 readyRequests=24 readyPreflights=0 readyAccepted=8 readyRejected=0 parserBarrierRequests=0 parserBarrierReady=0 parserBarrierFailClosed=0 selfShield=true selfReadyRequests=8 selfReadyAccepted=8 selfReadyRejected=0 selfReadyRejectReason=none selfShieldReleaseCompleted=8 selfShieldParserContinued=8 selfShieldOriginalScriptStarted=0 selfShieldTraceRejected=0 selfShieldTraceOutstanding=6 bootstrapDiagnosticAccepted=0 bootstrapDiagnosticRejected=0 bootstrapDiagnosticRejectReason=none bootstrapDiagnosticStage=none bootstrapDiagnosticReason=none bootstrapDiagnosticOutstanding=0
09-08 10:10:48.506  8375  8375 I ChromeMediaShieldStatus: v=1 seq=9 kind=renderer reports=0 rejected=0 globalCallbacks=0 globalRecords=0 childRecords=0 attributeRecords=0 maxRecords=0 scanCalls=0 scanRoot=0 scanNodes=0 maxScanNodes=0 scanMicros=0 maxScanMicros=0 observerChildScans=0 observerAttributeScans=0 guardedScans=0 markupScans=0 shadowScans=0 initialScans=0 otherScans=0 sanitizeElement=0 sanitizeContainer=0 img=0 source=0 svg=0 iframe=0 canvas=0 video=0 safeIcon=0 lockIcon=0 geometryWrites=0 svgRecords=0 shadowRoots=0 shadowObservers=0 shadowCallbacks=0 shadowRecords=0 shadowScanCalls=0 ensureStyle=0 ensureCurtain=0 internalMutations=0
09-08 10:10:48.506  8375  8375 I ChromeMediaShieldStatus: v=1 seq=9 kind=rendererApis callScan=createElement=0/0 createElementNS=0/0 appendChild=0/0 insertBefore=0/0 replaceChild=0/0 append=0/0 prepend=0/0 replaceChildren=0/0 before=0/0 after=0/0 replaceWith=0/0 adjacentElement=0/0 moveBefore=0/0 rangeInsert=0/0 rangeSurround=0/0 adoptNode=0/0 cloneNode=0/0 importNode=0/0 safeMarkup=0/0 innerHTML=0/0 outerHTML=0/0 insertAdjacentHTML=0/0 setHTML=0/0 shadowInnerHTML=0/0 execCommandInsertHTML=0/0 mappedTextContent=0/0
09-08 10:10:48.506  8375  8375 I ChromeMediaShieldStatus: v=1 seq=9 kind=rendererFamilies roots=element/fragment/text/other factory:calls=0,scans=0,direct=0,roots=0/0/0/0,nodes=0,micros=0,maxMicros=0 domGuard:calls=0,scans=0,direct=0,roots=0/0/0/0,nodes=0,micros=0,maxMicros=0 markup:calls=0,scans=0,direct=0,roots=0/0/0/0,nodes=0,micros=0,maxMicros=0
09-08 10:10:48.506  8375  8375 I ChromeMediaShieldStatus: v=1 seq=9 kind=uiSvg registered=2 registryBytes=351 cssRewritten=1 cssRejected=0 networkAccepted=1 networkRejected=1 assetServed=3 assetRejected=0
09-08 10:10:48.506  8375  8375 I ChromeMediaShieldStatus: v=1 seq=9 kind=health failures=0 clientDisconnects=6 proxyQueueRejects=0 protectFailure=0 quicAttempts=0 directTcpAttempts=0 active=true ready=true
09-08 10:10:48.506  8375  8375 I ChromeMediaShieldStatus: v=1 seq=9 kind=fixture report=REPORT=not_run,DOCUMENTS=0,FRAMES=0,SCRIPTS=0,FIRST_ORIGINAL_SCRIPTS=0,STYLES=0,WORKERS=0,SERVICE_WORKERS=0,FRAME_REPORTS=0,FRAME_REPORT_REJECTS=0,FRAME_REPORT=not_run,FRAME_REPORT_SHA=not_run,FRAME_CHALLENGE_SHA=not_run,FRAME_GENERATION=0,FRAME_ACCEPTED_CHALLENGE_SHA=not_run,FRAME_REPORT_BINDING_SHA=not_run,SAME_URL_BODIES=0,REPORTS=0,SW_BOUNDARY={INSTALL_DOCS=0,WORKER_SCRIPTS=0,WORKER_PROBE_SCRIPTS=0,PROBE_DOCS=0,CLEANUP_DOCS=0,REPORTS_ACCEPTED=0,REPORTS_REJECTED=0,CONTROLLER_PRESENT=0,CONTROLLER_MISSING=0,NAV_FETCHES=0,SELF_READY_FETCHES=0,SELF_READY_PASS_THROUGH=0,SELF_READY_SYNTHETIC=0,NAV_SYNTHETIC=0,RESET_BASELINE_CLEAN=0,RESET_BASELINE_DIRTY=0,REGISTER_BLOCKED=0,REGISTER_SUCCEEDED=0,WORKER_REGISTER_BLOCKED=0,WORKER_REGISTER_SUCCEEDED=0,WORKER_REGISTER_UNSUPPORTED=0,WORKER_REGISTER_ERROR=0,LAST_CASE=none,LAST_EVENT=none,LAST_VALUE=none},UI_SVG={INLINE_ORIGINAL:PASS,INLINE_CLICK:PASS,SPRITE_ORIGINAL:PASS,UNSAFE_SPRITE_FAIL_CLOSED:PASS,AMBIGUOUS_REFERENCE_FAIL_CLOSED:PASS,STATIC_CSS:PASS,EXTERNAL_CSS:PASS,STYLE_ATTRIBUTE:PASS,DATA_IMAGE:PASS,FAVICON:PASS,PROTECTED_HEAD_RETENTION:PASS,NETWORK_SVG:PASS,UNSAFE_NETWORK_FAIL_CLOSED:PASS,DYNAMIC_CSS:PASS,RASTER_FAIL_CLOSED:PASS,UNSAFE_INLINE_FAIL_CLOSED:PASS}
09-08 10:11:13.376  8375  9155 I ChromePhotosDataPlane: phase=worker_ready correlationId=c115 admissionWaitMs=0.607
09-08 10:11:13.427  8375  9155 I ChromePhotosDataPlane: phase=tls_certificate correlationId=c115 tlsCacheHit=true tlsCacheWaitMs=0.045 tlsCreationMs=0.000
09-08 10:11:13.427  8375  9155 I ChromePhotosDataPlane: phase=tls_material correlationId=c115 tlsMaterialMs=1.178
09-08 10:11:13.449  8375  9155 I ChromePhotosDataPlane: phase=tls_ready correlationId=c115 hostClass=network hostHash=816c1c4228e457b0 clientProtocol=http/1.1 ca=201dea049e16dfd8
09-08 10:11:13.783  8375  9155 I ChromePhotosDataPlane: origin=real hostClass=network hostHash=816c1c4228e457b0 method=POST clientProtocol=http/1.1 upstreamProtocol=h2 status=200 contentType=application/javascript bytesOut=0 transfer=fixed upstreamHeadersMs=322.026 downstreamWriteMs=2.336
09-08 10:11:13.795  8375  9180 I ChromePhotosDataPlane: phase=worker_ready correlationId=c116 admissionWaitMs=0.467
09-08 10:11:13.807  8375  9180 I ChromePhotosDataPlane: phase=tls_certificate correlationId=c116 tlsCacheHit=true tlsCacheWaitMs=0.046 tlsCreationMs=0.000
09-08 10:11:13.807  8375  9180 I ChromePhotosDataPlane: phase=tls_material correlationId=c116 tlsMaterialMs=0.608
09-08 10:11:13.820  8375  9180 I ChromePhotosDataPlane: phase=tls_ready correlationId=c116 hostClass=network hostHash=816c1c4228e457b0 clientProtocol=http/1.1 ca=201dea049e16dfd8
09-08 10:11:13.978  8375  9180 I ChromePhotosDataPlane: origin=real hostClass=network hostHash=816c1c4228e457b0 method=POST clientProtocol=http/1.1 upstreamProtocol=h2 status=307 contentType= bytesIn=0 bytesOut=0 cache=miss decision=passthrough   requestToDeliveryMs=155.940 upstreamHeadersMs=149.860 sanitizeMs=0.741 downstreamWriteMs=1.229
09-08 10:11:13.984  8375  9240 I ChromePhotosDataPlane: phase=worker_ready correlationId=c117 admissionWaitMs=0.387
09-08 10:11:14.113  8375  9240 I ChromePhotosDataPlane: phase=tls_certificate correlationId=c117 tlsCacheHit=false tlsCacheWaitMs=0.030 tlsCreationMs=44.650
09-08 10:11:14.114  8375  9240 I ChromePhotosDataPlane: phase=tls_material correlationId=c117 tlsMaterialMs=45.201
09-08 10:11:14.127  8375  9240 I ChromePhotosDataPlane: phase=tls_ready correlationId=c117 hostClass=network hostHash=a59aa3293aeaa91b clientProtocol=http/1.1 ca=201dea049e16dfd8
09-08 10:11:15.658  8375  9240 I ChromePhotosDataPlane: phase=media_shield_document origin=real hostClass=network hostHash=a59aa3293aeaa91b result=fail_closed reason=document_intent_ambiguous_without_fetch_metadata bytesOut=41 upstreamHeadersMs=1522.654 documentDecisionMs=1.221 downstreamWriteMs=2.000
09-08 10:11:15.787  8375  9155 I ChromePhotosDataPlane: phase=http_idle_closed correlationId=c115
09-08 10:11:15.982  8375  9180 I ChromePhotosDataPlane: phase=http_idle_closed correlationId=c116
09-08 10:11:17.662  8375  9240 I ChromePhotosDataPlane: phase=http_idle_closed correlationId=c117
09-08 10:11:29.677  8375  9242 I ChromePhotosDataPlane: phase=worker_ready correlationId=c118 admissionWaitMs=0.475
09-08 10:11:29.745  8375  9242 I ChromePhotosDataPlane: phase=tls_certificate correlationId=c118 tlsCacheHit=true tlsCacheWaitMs=0.050 tlsCreationMs=0.000
09-08 10:11:29.745  8375  9242 I ChromePhotosDataPlane: phase=tls_material correlationId=c118 tlsMaterialMs=0.730
09-08 10:11:29.765  8375  9242 I ChromePhotosDataPlane: phase=tls_ready correlationId=c118 hostClass=network hostHash=c350913878bceb2f clientProtocol=http/1.1 ca=201dea049e16dfd8
09-08 10:11:30.378  8375  9242 I ChromePhotosDataPlane: origin=real hostClass=network hostHash=c350913878bceb2f method=GET clientProtocol=http/1.1 upstreamProtocol=h2 status=200 contentType=application/json bytesOut=55 transfer=fixed upstreamHeadersMs=603.142 downstreamWriteMs=1.796
09-08 10:11:32.382  8375  9242 I ChromePhotosDataPlane: phase=http_idle_closed correlationId=c118
09-08 10:11:48.556  8375  8375 I ChromePhotosDataPlane: phase=status statusSequence=10 lifecycle=PresentationReady active=true ready=true connections=118 requests=504 safe=93 blocked=4 unknown=18 passthrough=344 cacheHits=25 cacheMisses=76 failures=0 clientDisconnects=6 bytesIn=49756551 bytesOut=45769494 streamed=31 proxyQueueRejects=0 proxyActivePeak=21 proxyP50Ms=2.545 proxyP95Ms=1989.593 proxyP99Ms=2877.377 upstreamSockets=44 protectSuccess=44 protectFailure=0 web11a=not_run web11b=not_run modelLoadMs=555.259 engineCalls=81 dedupeHits=0 decisionCacheConfig=256 decisionConcurrencyConfig=1 decisionQueueConfig=2 decisionTimeoutMs=5000 engineCallsPerRequest=0.7641509433962265 inferencePeak=1 inFlightPeak=2 queuePeak=1 queueRejects=0 timeouts=0 inferenceP50Ms=137.488229 inferenceP95Ms=556.181614 inferenceP99Ms=578.723699 decisionP50Ms=282.366823 decisionP95Ms=1083.320781 decisionP99Ms=1142.23526 cacheHitP50Ms=0.075833 cacheHitP95Ms=0.112657 cacheEntries=81 cacheEvictions=0 preprocessP50Ms=5.441771 preprocessP95Ms=72.769115 preprocessP99Ms=103.885781 preparedCount1=58 preparedCount4=21 preparedCount5=1 preparedCountOther=1 decisionBasis=FullThreshold:3,None:76,Other:1,UncertainRegional:1 imageCandidates=121 imagePrefixPeeks=2 imageMagicCandidates=0 imageBodyAdmissionPeak=2 imageBodyAdmissionRejects=0 networkVisualCandidates=120 networkVisualReplaced=0 networkVisualRawDelivered=0 networkVisualSafeRawDelivered=93 networkVisualBlockedReplaced=4 networkVisualUnknownReplaced=0 networkVisualUnsupportedReplaced=17 networkVisualRawBlockedDelivered=0 networkVisualRawUnknownDelivered=0 networkVisualCacheHit=25 networkVisualInference=75 mediaDocumentsTransformed=10 mediaDocumentsFailClosed=1 documentTransformOutstanding=0 readyTokensOutstanding=10 uiSvgRegistered=2 uiSvgRegistryBytes=351 uiSvgCssRewritten=1 uiSvgCssRejected=0 uiSvgNetworkAccepted=1 uiSvgNetworkRejected=1 uiSvgAssetServed=3 uiSvgAssetRejected=0 h18=REPORT=not_run,EVENT_SEQUENCE=0,COMPAT_DOCS=0,STRICT_DOCS=0,STYLE_REQ=0,SCRIPT_REQ=0,DATA_REQ=0,NETWORK_REQ=0,REPORTS=0,LAST_DOC=none,NETWORK_SHA=ee17e3f62edde61823ce35732ea168f4f5986bff347ccfac063eca7f4009ee1b,AUDIT_SHA=74d4467bbf6833db4eeab998495b7dfc50db3b1f04f407704b839ad3f4b25582 h19=REPORT=not_run,DOCUMENTS=0,FRAMES=0,SCRIPTS=0,FIRST_ORIGINAL_SCRIPTS=0,STYLES=0,WORKERS=0,SERVICE_WORKERS=0,FRAME_REPORTS=0,FRAME_REPORT_REJECTS=0,FRAME_REPORT=not_run,FRAME_REPORT_SHA=not_run,FRAME_CHALLENGE_SHA=not_run,FRAME_GENERATION=0,FRAME_ACCEPTED_CHALLENGE_SHA=not_run,FRAME_REPORT_BINDING_SHA=not_run,SAME_URL_BODIES=0,REPORTS=0,SW_BOUNDARY={INSTALL_DOCS=0,WORKER_SCRIPTS=0,WORKER_PROBE_SCRIPTS=0,PROBE_DOCS=0,CLEANUP_DOCS=0,REPORTS_ACCEPTED=0,REPORTS_REJECTED=0,CONTROLLER_PRESENT=0,CONTROLLER_MISSING=0,NAV_FETCHES=0,SELF_READY_FETCHES=0,SELF_READY_PASS_THROUGH=0,SELF_READY_SYNTHETIC=0,NAV_SYNTHETIC=0,RESET_BASELINE_CLEAN=0,RESET_BASELINE_DIRTY=0,REGISTER_BLOCKED=0,REGISTER_SUCCEEDED=0,WORKER_REGISTER_BLOCKED=0,WORKER_REGISTER_SUCCEEDED=0,WORKER_REGISTER_UNSUPPORTED=0,WORKER_REGISTER_ERROR=0,LAST_CASE=none,LAST_EVENT=none,LAST_VALUE=none},UI_SVG={INLINE_ORIGINAL:PASS,INLINE_CLICK:PASS,SPRITE_ORIGINAL:PASS,UNSAFE_SPRITE_FAIL_CLOSED:PASS,AMBIGUOUS_REFERENCE_FAIL_CLOSED:PASS,STATIC_CSS:PASS,EXTERNAL_CSS:PASS,STYLE_ATTRIBUTE:PASS,DATA_IMAGE:PASS,FAVICON:PASS,PROTECTED_HEAD_RETENTION:PASS,NETWORK_SVG:PASS,UNSAFE_NETWORK_FAIL_CLOSED:PASS,DYNAMIC_CSS:PASS,RASTER_FAIL_CLOSED:PASS,UNSAFE_INLINE_FAIL_CLOSED:PASS} quicAttempts=0 directTcpAttempts=0 bootstrapResetGeneration=2 bootstrapCompleteGeneration=2 bootstrapResetCount=3 chromeSuspended=false guardSession=555 guardHeartbeatSequence=787 audit17State=0 audit17Navigation=0 audit17Events=121 audit17Dropped=0
09-08 10:11:48.556  8375  8375 I ChromeMediaShieldStatus: v=1 seq=10 kind=network mode=selective candidates=120 replaced=0 rawDelivered=0 safeRaw=93 blockedReplaced=4 unknownReplaced=0 unsupportedReplaced=17 rawBlocked=0 rawUnknown=0 cacheHit=25 decisionEngine=75 engineCalls=81
09-08 10:11:48.556  8375  8375 I ChromeMediaShieldStatus: v=1 seq=10 kind=document transformed=10 failClosed=1 outstanding=0 issued=10 claims=8 documentSequence=10 navigationSequence=8 readyRequests=24 readyPreflights=0 readyAccepted=8 readyRejected=0 parserBarrierRequests=0 parserBarrierReady=0 parserBarrierFailClosed=0 selfShield=true selfReadyRequests=8 selfReadyAccepted=8 selfReadyRejected=0 selfReadyRejectReason=none selfShieldReleaseCompleted=8 selfShieldParserContinued=8 selfShieldOriginalScriptStarted=0 selfShieldTraceRejected=0 selfShieldTraceOutstanding=6 bootstrapDiagnosticAccepted=0 bootstrapDiagnosticRejected=0 bootstrapDiagnosticRejectReason=none bootstrapDiagnosticStage=none bootstrapDiagnosticReason=none bootstrapDiagnosticOutstanding=0
09-08 10:11:48.557  8375  8375 I ChromeMediaShieldStatus: v=1 seq=10 kind=renderer reports=0 rejected=0 globalCallbacks=0 globalRecords=0 childRecords=0 attributeRecords=0 maxRecords=0 scanCalls=0 scanRoot=0 scanNodes=0 maxScanNodes=0 scanMicros=0 maxScanMicros=0 observerChildScans=0 observerAttributeScans=0 guardedScans=0 markupScans=0 shadowScans=0 initialScans=0 otherScans=0 sanitizeElement=0 sanitizeContainer=0 img=0 source=0 svg=0 iframe=0 canvas=0 video=0 safeIcon=0 lockIcon=0 geometryWrites=0 svgRecords=0 shadowRoots=0 shadowObservers=0 shadowCallbacks=0 shadowRecords=0 shadowScanCalls=0 ensureStyle=0 ensureCurtain=0 internalMutations=0
09-08 10:11:48.557  8375  8375 I ChromeMediaShieldStatus: v=1 seq=10 kind=rendererApis callScan=createElement=0/0 createElementNS=0/0 appendChild=0/0 insertBefore=0/0 replaceChild=0/0 append=0/0 prepend=0/0 replaceChildren=0/0 before=0/0 after=0/0 replaceWith=0/0 adjacentElement=0/0 moveBefore=0/0 rangeInsert=0/0 rangeSurround=0/0 adoptNode=0/0 cloneNode=0/0 importNode=0/0 safeMarkup=0/0 innerHTML=0/0 outerHTML=0/0 insertAdjacentHTML=0/0 setHTML=0/0 shadowInnerHTML=0/0 execCommandInsertHTML=0/0 mappedTextContent=0/0
09-08 10:11:48.557  8375  8375 I ChromeMediaShieldStatus: v=1 seq=10 kind=rendererFamilies roots=element/fragment/text/other factory:calls=0,scans=0,direct=0,roots=0/0/0/0,nodes=0,micros=0,maxMicros=0 domGuard:calls=0,scans=0,direct=0,roots=0/0/0/0,nodes=0,micros=0,maxMicros=0 markup:calls=0,scans=0,direct=0,roots=0/0/0/0,nodes=0,micros=0,maxMicros=0
09-08 10:11:48.557  8375  8375 I ChromeMediaShieldStatus: v=1 seq=10 kind=uiSvg registered=2 registryBytes=351 cssRewritten=1 cssRejected=0 networkAccepted=1 networkRejected=1 assetServed=3 assetRejected=0
09-08 10:11:48.557  8375  8375 I ChromeMediaShieldStatus: v=1 seq=10 kind=health failures=0 clientDisconnects=6 proxyQueueRejects=0 protectFailure=0 quicAttempts=0 directTcpAttempts=0 active=true ready=true
09-08 10:11:48.557  8375  8375 I ChromeMediaShieldStatus: v=1 seq=10 kind=fixture report=REPORT=not_run,DOCUMENTS=0,FRAMES=0,SCRIPTS=0,FIRST_ORIGINAL_SCRIPTS=0,STYLES=0,WORKERS=0,SERVICE_WORKERS=0,FRAME_REPORTS=0,FRAME_REPORT_REJECTS=0,FRAME_REPORT=not_run,FRAME_REPORT_SHA=not_run,FRAME_CHALLENGE_SHA=not_run,FRAME_GENERATION=0,FRAME_ACCEPTED_CHALLENGE_SHA=not_run,FRAME_REPORT_BINDING_SHA=not_run,SAME_URL_BODIES=0,REPORTS=0,SW_BOUNDARY={INSTALL_DOCS=0,WORKER_SCRIPTS=0,WORKER_PROBE_SCRIPTS=0,PROBE_DOCS=0,CLEANUP_DOCS=0,REPORTS_ACCEPTED=0,REPORTS_REJECTED=0,CONTROLLER_PRESENT=0,CONTROLLER_MISSING=0,NAV_FETCHES=0,SELF_READY_FETCHES=0,SELF_READY_PASS_THROUGH=0,SELF_READY_SYNTHETIC=0,NAV_SYNTHETIC=0,RESET_BASELINE_CLEAN=0,RESET_BASELINE_DIRTY=0,REGISTER_BLOCKED=0,REGISTER_SUCCEEDED=0,WORKER_REGISTER_BLOCKED=0,WORKER_REGISTER_SUCCEEDED=0,WORKER_REGISTER_UNSUPPORTED=0,WORKER_REGISTER_ERROR=0,LAST_CASE=none,LAST_EVENT=none,LAST_VALUE=none},UI_SVG={INLINE_ORIGINAL:PASS,INLINE_CLICK:PASS,SPRITE_ORIGINAL:PASS,UNSAFE_SPRITE_FAIL_CLOSED:PASS,AMBIGUOUS_REFERENCE_FAIL_CLOSED:PASS,STATIC_CSS:PASS,EXTERNAL_CSS:PASS,STYLE_ATTRIBUTE:PASS,DATA_IMAGE:PASS,FAVICON:PASS,PROTECTED_HEAD_RETENTION:PASS,NETWORK_SVG:PASS,UNSAFE_NETWORK_FAIL_CLOSED:PASS,DYNAMIC_CSS:PASS,RASTER_FAIL_CLOSED:PASS,UNSAFE_INLINE_FAIL_CLOSED:PASS}
09-08 10:12:48.547  8375  8375 I ChromePhotosDataPlane: phase=status statusSequence=11 lifecycle=PresentationReady active=true ready=true connections=118 requests=504 safe=93 blocked=4 unknown=18 passthrough=344 cacheHits=25 cacheMisses=76 failures=0 clientDisconnects=6 bytesIn=49756551 bytesOut=45769494 streamed=31 proxyQueueRejects=0 proxyActivePeak=21 proxyP50Ms=2.545 proxyP95Ms=1989.593 proxyP99Ms=2877.377 upstreamSockets=44 protectSuccess=44 protectFailure=0 web11a=not_run web11b=not_run modelLoadMs=555.259 engineCalls=81 dedupeHits=0 decisionCacheConfig=256 decisionConcurrencyConfig=1 decisionQueueConfig=2 decisionTimeoutMs=5000 engineCallsPerRequest=0.7641509433962265 inferencePeak=1 inFlightPeak=2 queuePeak=1 queueRejects=0 timeouts=0 inferenceP50Ms=137.488229 inferenceP95Ms=556.181614 inferenceP99Ms=578.723699 decisionP50Ms=282.366823 decisionP95Ms=1083.320781 decisionP99Ms=1142.23526 cacheHitP50Ms=0.075833 cacheHitP95Ms=0.112657 cacheEntries=81 cacheEvictions=0 preprocessP50Ms=5.441771 preprocessP95Ms=72.769115 preprocessP99Ms=103.885781 preparedCount1=58 preparedCount4=21 preparedCount5=1 preparedCountOther=1 decisionBasis=FullThreshold:3,None:76,Other:1,UncertainRegional:1 imageCandidates=121 imagePrefixPeeks=2 imageMagicCandidates=0 imageBodyAdmissionPeak=2 imageBodyAdmissionRejects=0 networkVisualCandidates=120 networkVisualReplaced=0 networkVisualRawDelivered=0 networkVisualSafeRawDelivered=93 networkVisualBlockedReplaced=4 networkVisualUnknownReplaced=0 networkVisualUnsupportedReplaced=17 networkVisualRawBlockedDelivered=0 networkVisualRawUnknownDelivered=0 networkVisualCacheHit=25 networkVisualInference=75 mediaDocumentsTransformed=10 mediaDocumentsFailClosed=1 documentTransformOutstanding=0 readyTokensOutstanding=10 uiSvgRegistered=2 uiSvgRegistryBytes=351 uiSvgCssRewritten=1 uiSvgCssRejected=0 uiSvgNetworkAccepted=1 uiSvgNetworkRejected=1 uiSvgAssetServed=3 uiSvgAssetRejected=0 h18=REPORT=not_run,EVENT_SEQUENCE=0,COMPAT_DOCS=0,STRICT_DOCS=0,STYLE_REQ=0,SCRIPT_REQ=0,DATA_REQ=0,NETWORK_REQ=0,REPORTS=0,LAST_DOC=none,NETWORK_SHA=ee17e3f62edde61823ce35732ea168f4f5986bff347ccfac063eca7f4009ee1b,AUDIT_SHA=74d4467bbf6833db4eeab998495b7dfc50db3b1f04f407704b839ad3f4b25582 h19=REPORT=not_run,DOCUMENTS=0,FRAMES=0,SCRIPTS=0,FIRST_ORIGINAL_SCRIPTS=0,STYLES=0,WORKERS=0,SERVICE_WORKERS=0,FRAME_REPORTS=0,FRAME_REPORT_REJECTS=0,FRAME_REPORT=not_run,FRAME_REPORT_SHA=not_run,FRAME_CHALLENGE_SHA=not_run,FRAME_GENERATION=0,FRAME_ACCEPTED_CHALLENGE_SHA=not_run,FRAME_REPORT_BINDING_SHA=not_run,SAME_URL_BODIES=0,REPORTS=0,SW_BOUNDARY={INSTALL_DOCS=0,WORKER_SCRIPTS=0,WORKER_PROBE_SCRIPTS=0,PROBE_DOCS=0,CLEANUP_DOCS=0,REPORTS_ACCEPTED=0,REPORTS_REJECTED=0,CONTROLLER_PRESENT=0,CONTROLLER_MISSING=0,NAV_FETCHES=0,SELF_READY_FETCHES=0,SELF_READY_PASS_THROUGH=0,SELF_READY_SYNTHETIC=0,NAV_SYNTHETIC=0,RESET_BASELINE_CLEAN=0,RESET_BASELINE_DIRTY=0,REGISTER_BLOCKED=0,REGISTER_SUCCEEDED=0,WORKER_REGISTER_BLOCKED=0,WORKER_REGISTER_SUCCEEDED=0,WORKER_REGISTER_UNSUPPORTED=0,WORKER_REGISTER_ERROR=0,LAST_CASE=none,LAST_EVENT=none,LAST_VALUE=none},UI_SVG={INLINE_ORIGINAL:PASS,INLINE_CLICK:PASS,SPRITE_ORIGINAL:PASS,UNSAFE_SPRITE_FAIL_CLOSED:PASS,AMBIGUOUS_REFERENCE_FAIL_CLOSED:PASS,STATIC_CSS:PASS,EXTERNAL_CSS:PASS,STYLE_ATTRIBUTE:PASS,DATA_IMAGE:PASS,FAVICON:PASS,PROTECTED_HEAD_RETENTION:PASS,NETWORK_SVG:PASS,UNSAFE_NETWORK_FAIL_CLOSED:PASS,DYNAMIC_CSS:PASS,RASTER_FAIL_CLOSED:PASS,UNSAFE_INLINE_FAIL_CLOSED:PASS} quicAttempts=0 directTcpAttempts=0 bootstrapResetGeneration=2 bootstrapCompleteGeneration=2 bootstrapResetCount=3 chromeSuspended=false guardSession=555 guardHeartbeatSequence=894 audit17State=0 audit17Navigation=0 audit17Events=121 audit17Dropped=0
09-08 10:12:48.547  8375  8375 I ChromeMediaShieldStatus: v=1 seq=11 kind=network mode=selective candidates=120 replaced=0 rawDelivered=0 safeRaw=93 blockedReplaced=4 unknownReplaced=0 unsupportedReplaced=17 rawBlocked=0 rawUnknown=0 cacheHit=25 decisionEngine=75 engineCalls=81
09-08 10:12:48.547  8375  8375 I ChromeMediaShieldStatus: v=1 seq=11 kind=document transformed=10 failClosed=1 outstanding=0 issued=10 claims=8 documentSequence=10 navigationSequence=8 readyRequests=24 readyPreflights=0 readyAccepted=8 readyRejected=0 parserBarrierRequests=0 parserBarrierReady=0 parserBarrierFailClosed=0 selfShield=true selfReadyRequests=8 selfReadyAccepted=8 selfReadyRejected=0 selfReadyRejectReason=none selfShieldReleaseCompleted=8 selfShieldParserContinued=8 selfShieldOriginalScriptStarted=0 selfShieldTraceRejected=0 selfShieldTraceOutstanding=6 bootstrapDiagnosticAccepted=0 bootstrapDiagnosticRejected=0 bootstrapDiagnosticRejectReason=none bootstrapDiagnosticStage=none bootstrapDiagnosticReason=none bootstrapDiagnosticOutstanding=0
09-08 10:12:48.548  8375  8375 I ChromeMediaShieldStatus: v=1 seq=11 kind=renderer reports=0 rejected=0 globalCallbacks=0 globalRecords=0 childRecords=0 attributeRecords=0 maxRecords=0 scanCalls=0 scanRoot=0 scanNodes=0 maxScanNodes=0 scanMicros=0 maxScanMicros=0 observerChildScans=0 observerAttributeScans=0 guardedScans=0 markupScans=0 shadowScans=0 initialScans=0 otherScans=0 sanitizeElement=0 sanitizeContainer=0 img=0 source=0 svg=0 iframe=0 canvas=0 video=0 safeIcon=0 lockIcon=0 geometryWrites=0 svgRecords=0 shadowRoots=0 shadowObservers=0 shadowCallbacks=0 shadowRecords=0 shadowScanCalls=0 ensureStyle=0 ensureCurtain=0 internalMutations=0
09-08 10:12:48.548  8375  8375 I ChromeMediaShieldStatus: v=1 seq=11 kind=rendererApis callScan=createElement=0/0 createElementNS=0/0 appendChild=0/0 insertBefore=0/0 replaceChild=0/0 append=0/0 prepend=0/0 replaceChildren=0/0 before=0/0 after=0/0 replaceWith=0/0 adjacentElement=0/0 moveBefore=0/0 rangeInsert=0/0 rangeSurround=0/0 adoptNode=0/0 cloneNode=0/0 importNode=0/0 safeMarkup=0/0 innerHTML=0/0 outerHTML=0/0 insertAdjacentHTML=0/0 setHTML=0/0 shadowInnerHTML=0/0 execCommandInsertHTML=0/0 mappedTextContent=0/0
09-08 10:12:48.548  8375  8375 I ChromeMediaShieldStatus: v=1 seq=11 kind=rendererFamilies roots=element/fragment/text/other factory:calls=0,scans=0,direct=0,roots=0/0/0/0,nodes=0,micros=0,maxMicros=0 domGuard:calls=0,scans=0,direct=0,roots=0/0/0/0,nodes=0,micros=0,maxMicros=0 markup:calls=0,scans=0,direct=0,roots=0/0/0/0,nodes=0,micros=0,maxMicros=0
09-08 10:12:48.548  8375  8375 I ChromeMediaShieldStatus: v=1 seq=11 kind=uiSvg registered=2 registryBytes=351 cssRewritten=1 cssRejected=0 networkAccepted=1 networkRejected=1 assetServed=3 assetRejected=0
09-08 10:12:48.548  8375  8375 I ChromeMediaShieldStatus: v=1 seq=11 kind=health failures=0 clientDisconnects=6 proxyQueueRejects=0 protectFailure=0 quicAttempts=0 directTcpAttempts=0 active=true ready=true
09-08 10:12:48.548  8375  8375 I ChromeMediaShieldStatus: v=1 seq=11 kind=fixture report=REPORT=not_run,DOCUMENTS=0,FRAMES=0,SCRIPTS=0,FIRST_ORIGINAL_SCRIPTS=0,STYLES=0,WORKERS=0,SERVICE_WORKERS=0,FRAME_REPORTS=0,FRAME_REPORT_REJECTS=0,FRAME_REPORT=not_run,FRAME_REPORT_SHA=not_run,FRAME_CHALLENGE_SHA=not_run,FRAME_GENERATION=0,FRAME_ACCEPTED_CHALLENGE_SHA=not_run,FRAME_REPORT_BINDING_SHA=not_run,SAME_URL_BODIES=0,REPORTS=0,SW_BOUNDARY={INSTALL_DOCS=0,WORKER_SCRIPTS=0,WORKER_PROBE_SCRIPTS=0,PROBE_DOCS=0,CLEANUP_DOCS=0,REPORTS_ACCEPTED=0,REPORTS_REJECTED=0,CONTROLLER_PRESENT=0,CONTROLLER_MISSING=0,NAV_FETCHES=0,SELF_READY_FETCHES=0,SELF_READY_PASS_THROUGH=0,SELF_READY_SYNTHETIC=0,NAV_SYNTHETIC=0,RESET_BASELINE_CLEAN=0,RESET_BASELINE_DIRTY=0,REGISTER_BLOCKED=0,REGISTER_SUCCEEDED=0,WORKER_REGISTER_BLOCKED=0,WORKER_REGISTER_SUCCEEDED=0,WORKER_REGISTER_UNSUPPORTED=0,WORKER_REGISTER_ERROR=0,LAST_CASE=none,LAST_EVENT=none,LAST_VALUE=none},UI_SVG={INLINE_ORIGINAL:PASS,INLINE_CLICK:PASS,SPRITE_ORIGINAL:PASS,UNSAFE_SPRITE_FAIL_CLOSED:PASS,AMBIGUOUS_REFERENCE_FAIL_CLOSED:PASS,STATIC_CSS:PASS,EXTERNAL_CSS:PASS,STYLE_ATTRIBUTE:PASS,DATA_IMAGE:PASS,FAVICON:PASS,PROTECTED_HEAD_RETENTION:PASS,NETWORK_SVG:PASS,UNSAFE_NETWORK_FAIL_CLOSED:PASS,DYNAMIC_CSS:PASS,RASTER_FAIL_CLOSED:PASS,UNSAFE_INLINE_FAIL_CLOSED:PASS}
09-08 10:13:48.542  8375  8375 I ChromePhotosDataPlane: phase=status statusSequence=12 lifecycle=PresentationReady active=true ready=true connections=118 requests=504 safe=93 blocked=4 unknown=18 passthrough=344 cacheHits=25 cacheMisses=76 failures=0 clientDisconnects=6 bytesIn=49756551 bytesOut=45769494 streamed=31 proxyQueueRejects=0 proxyActivePeak=21 proxyP50Ms=2.545 proxyP95Ms=1989.593 proxyP99Ms=2877.377 upstreamSockets=44 protectSuccess=44 protectFailure=0 web11a=not_run web11b=not_run modelLoadMs=555.259 engineCalls=81 dedupeHits=0 decisionCacheConfig=256 decisionConcurrencyConfig=1 decisionQueueConfig=2 decisionTimeoutMs=5000 engineCallsPerRequest=0.7641509433962265 inferencePeak=1 inFlightPeak=2 queuePeak=1 queueRejects=0 timeouts=0 inferenceP50Ms=137.488229 inferenceP95Ms=556.181614 inferenceP99Ms=578.723699 decisionP50Ms=282.366823 decisionP95Ms=1083.320781 decisionP99Ms=1142.23526 cacheHitP50Ms=0.075833 cacheHitP95Ms=0.112657 cacheEntries=81 cacheEvictions=0 preprocessP50Ms=5.441771 preprocessP95Ms=72.769115 preprocessP99Ms=103.885781 preparedCount1=58 preparedCount4=21 preparedCount5=1 preparedCountOther=1 decisionBasis=FullThreshold:3,None:76,Other:1,UncertainRegional:1 imageCandidates=121 imagePrefixPeeks=2 imageMagicCandidates=0 imageBodyAdmissionPeak=2 imageBodyAdmissionRejects=0 networkVisualCandidates=120 networkVisualReplaced=0 networkVisualRawDelivered=0 networkVisualSafeRawDelivered=93 networkVisualBlockedReplaced=4 networkVisualUnknownReplaced=0 networkVisualUnsupportedReplaced=17 networkVisualRawBlockedDelivered=0 networkVisualRawUnknownDelivered=0 networkVisualCacheHit=25 networkVisualInference=75 mediaDocumentsTransformed=10 mediaDocumentsFailClosed=1 documentTransformOutstanding=0 readyTokensOutstanding=10 uiSvgRegistered=2 uiSvgRegistryBytes=351 uiSvgCssRewritten=1 uiSvgCssRejected=0 uiSvgNetworkAccepted=1 uiSvgNetworkRejected=1 uiSvgAssetServed=3 uiSvgAssetRejected=0 h18=REPORT=not_run,EVENT_SEQUENCE=0,COMPAT_DOCS=0,STRICT_DOCS=0,STYLE_REQ=0,SCRIPT_REQ=0,DATA_REQ=0,NETWORK_REQ=0,REPORTS=0,LAST_DOC=none,NETWORK_SHA=ee17e3f62edde61823ce35732ea168f4f5986bff347ccfac063eca7f4009ee1b,AUDIT_SHA=74d4467bbf6833db4eeab998495b7dfc50db3b1f04f407704b839ad3f4b25582 h19=REPORT=not_run,DOCUMENTS=0,FRAMES=0,SCRIPTS=0,FIRST_ORIGINAL_SCRIPTS=0,STYLES=0,WORKERS=0,SERVICE_WORKERS=0,FRAME_REPORTS=0,FRAME_REPORT_REJECTS=0,FRAME_REPORT=not_run,FRAME_REPORT_SHA=not_run,FRAME_CHALLENGE_SHA=not_run,FRAME_GENERATION=0,FRAME_ACCEPTED_CHALLENGE_SHA=not_run,FRAME_REPORT_BINDING_SHA=not_run,SAME_URL_BODIES=0,REPORTS=0,SW_BOUNDARY={INSTALL_DOCS=0,WORKER_SCRIPTS=0,WORKER_PROBE_SCRIPTS=0,PROBE_DOCS=0,CLEANUP_DOCS=0,REPORTS_ACCEPTED=0,REPORTS_REJECTED=0,CONTROLLER_PRESENT=0,CONTROLLER_MISSING=0,NAV_FETCHES=0,SELF_READY_FETCHES=0,SELF_READY_PASS_THROUGH=0,SELF_READY_SYNTHETIC=0,NAV_SYNTHETIC=0,RESET_BASELINE_CLEAN=0,RESET_BASELINE_DIRTY=0,REGISTER_BLOCKED=0,REGISTER_SUCCEEDED=0,WORKER_REGISTER_BLOCKED=0,WORKER_REGISTER_SUCCEEDED=0,WORKER_REGISTER_UNSUPPORTED=0,WORKER_REGISTER_ERROR=0,LAST_CASE=none,LAST_EVENT=none,LAST_VALUE=none},UI_SVG={INLINE_ORIGINAL:PASS,INLINE_CLICK:PASS,SPRITE_ORIGINAL:PASS,UNSAFE_SPRITE_FAIL_CLOSED:PASS,AMBIGUOUS_REFERENCE_FAIL_CLOSED:PASS,STATIC_CSS:PASS,EXTERNAL_CSS:PASS,STYLE_ATTRIBUTE:PASS,DATA_IMAGE:PASS,FAVICON:PASS,PROTECTED_HEAD_RETENTION:PASS,NETWORK_SVG:PASS,UNSAFE_NETWORK_FAIL_CLOSED:PASS,DYNAMIC_CSS:PASS,RASTER_FAIL_CLOSED:PASS,UNSAFE_INLINE_FAIL_CLOSED:PASS} quicAttempts=0 directTcpAttempts=0 bootstrapResetGeneration=2 bootstrapCompleteGeneration=2 bootstrapResetCount=3 chromeSuspended=false guardSession=555 guardHeartbeatSequence=1001 audit17State=0 audit17Navigation=0 audit17Events=121 audit17Dropped=0
09-08 10:13:48.543  8375  8375 I ChromeMediaShieldStatus: v=1 seq=12 kind=network mode=selective candidates=120 replaced=0 rawDelivered=0 safeRaw=93 blockedReplaced=4 unknownReplaced=0 unsupportedReplaced=17 rawBlocked=0 rawUnknown=0 cacheHit=25 decisionEngine=75 engineCalls=81
09-08 10:13:48.543  8375  8375 I ChromeMediaShieldStatus: v=1 seq=12 kind=document transformed=10 failClosed=1 outstanding=0 issued=10 claims=8 documentSequence=10 navigationSequence=8 readyRequests=24 readyPreflights=0 readyAccepted=8 readyRejected=0 parserBarrierRequests=0 parserBarrierReady=0 parserBarrierFailClosed=0 selfShield=true selfReadyRequests=8 selfReadyAccepted=8 selfReadyRejected=0 selfReadyRejectReason=none selfShieldReleaseCompleted=8 selfShieldParserContinued=8 selfShieldOriginalScriptStarted=0 selfShieldTraceRejected=0 selfShieldTraceOutstanding=6 bootstrapDiagnosticAccepted=0 bootstrapDiagnosticRejected=0 bootstrapDiagnosticRejectReason=none bootstrapDiagnosticStage=none bootstrapDiagnosticReason=none bootstrapDiagnosticOutstanding=0
09-08 10:13:48.543  8375  8375 I ChromeMediaShieldStatus: v=1 seq=12 kind=renderer reports=0 rejected=0 globalCallbacks=0 globalRecords=0 childRecords=0 attributeRecords=0 maxRecords=0 scanCalls=0 scanRoot=0 scanNodes=0 maxScanNodes=0 scanMicros=0 maxScanMicros=0 observerChildScans=0 observerAttributeScans=0 guardedScans=0 markupScans=0 shadowScans=0 initialScans=0 otherScans=0 sanitizeElement=0 sanitizeContainer=0 img=0 source=0 svg=0 iframe=0 canvas=0 video=0 safeIcon=0 lockIcon=0 geometryWrites=0 svgRecords=0 shadowRoots=0 shadowObservers=0 shadowCallbacks=0 shadowRecords=0 shadowScanCalls=0 ensureStyle=0 ensureCurtain=0 internalMutations=0
09-08 10:13:48.543  8375  8375 I ChromeMediaShieldStatus: v=1 seq=12 kind=rendererApis callScan=createElement=0/0 createElementNS=0/0 appendChild=0/0 insertBefore=0/0 replaceChild=0/0 append=0/0 prepend=0/0 replaceChildren=0/0 before=0/0 after=0/0 replaceWith=0/0 adjacentElement=0/0 moveBefore=0/0 rangeInsert=0/0 rangeSurround=0/0 adoptNode=0/0 cloneNode=0/0 importNode=0/0 safeMarkup=0/0 innerHTML=0/0 outerHTML=0/0 insertAdjacentHTML=0/0 setHTML=0/0 shadowInnerHTML=0/0 execCommandInsertHTML=0/0 mappedTextContent=0/0
09-08 10:13:48.543  8375  8375 I ChromeMediaShieldStatus: v=1 seq=12 kind=rendererFamilies roots=element/fragment/text/other factory:calls=0,scans=0,direct=0,roots=0/0/0/0,nodes=0,micros=0,maxMicros=0 domGuard:calls=0,scans=0,direct=0,roots=0/0/0/0,nodes=0,micros=0,maxMicros=0 markup:calls=0,scans=0,direct=0,roots=0/0/0/0,nodes=0,micros=0,maxMicros=0
09-08 10:13:48.543  8375  8375 I ChromeMediaShieldStatus: v=1 seq=12 kind=uiSvg registered=2 registryBytes=351 cssRewritten=1 cssRejected=0 networkAccepted=1 networkRejected=1 assetServed=3 assetRejected=0
09-08 10:13:48.543  8375  8375 I ChromeMediaShieldStatus: v=1 seq=12 kind=health failures=0 clientDisconnects=6 proxyQueueRejects=0 protectFailure=0 quicAttempts=0 directTcpAttempts=0 active=true ready=true
09-08 10:13:48.543  8375  8375 I ChromeMediaShieldStatus: v=1 seq=12 kind=fixture report=REPORT=not_run,DOCUMENTS=0,FRAMES=0,SCRIPTS=0,FIRST_ORIGINAL_SCRIPTS=0,STYLES=0,WORKERS=0,SERVICE_WORKERS=0,FRAME_REPORTS=0,FRAME_REPORT_REJECTS=0,FRAME_REPORT=not_run,FRAME_REPORT_SHA=not_run,FRAME_CHALLENGE_SHA=not_run,FRAME_GENERATION=0,FRAME_ACCEPTED_CHALLENGE_SHA=not_run,FRAME_REPORT_BINDING_SHA=not_run,SAME_URL_BODIES=0,REPORTS=0,SW_BOUNDARY={INSTALL_DOCS=0,WORKER_SCRIPTS=0,WORKER_PROBE_SCRIPTS=0,PROBE_DOCS=0,CLEANUP_DOCS=0,REPORTS_ACCEPTED=0,REPORTS_REJECTED=0,CONTROLLER_PRESENT=0,CONTROLLER_MISSING=0,NAV_FETCHES=0,SELF_READY_FETCHES=0,SELF_READY_PASS_THROUGH=0,SELF_READY_SYNTHETIC=0,NAV_SYNTHETIC=0,RESET_BASELINE_CLEAN=0,RESET_BASELINE_DIRTY=0,REGISTER_BLOCKED=0,REGISTER_SUCCEEDED=0,WORKER_REGISTER_BLOCKED=0,WORKER_REGISTER_SUCCEEDED=0,WORKER_REGISTER_UNSUPPORTED=0,WORKER_REGISTER_ERROR=0,LAST_CASE=none,LAST_EVENT=none,LAST_VALUE=none},UI_SVG={INLINE_ORIGINAL:PASS,INLINE_CLICK:PASS,SPRITE_ORIGINAL:PASS,UNSAFE_SPRITE_FAIL_CLOSED:PASS,AMBIGUOUS_REFERENCE_FAIL_CLOSED:PASS,STATIC_CSS:PASS,EXTERNAL_CSS:PASS,STYLE_ATTRIBUTE:PASS,DATA_IMAGE:PASS,FAVICON:PASS,PROTECTED_HEAD_RETENTION:PASS,NETWORK_SVG:PASS,UNSAFE_NETWORK_FAIL_CLOSED:PASS,DYNAMIC_CSS:PASS,RASTER_FAIL_CLOSED:PASS,UNSAFE_INLINE_FAIL_CLOSED:PASS}
09-08 10:14:48.513  8375  8375 I ChromePhotosDataPlane: phase=status statusSequence=13 lifecycle=PresentationReady active=true ready=true connections=118 requests=504 safe=93 blocked=4 unknown=18 passthrough=344 cacheHits=25 cacheMisses=76 failures=0 clientDisconnects=6 bytesIn=49756551 bytesOut=45769494 streamed=31 proxyQueueRejects=0 proxyActivePeak=21 proxyP50Ms=2.545 proxyP95Ms=1989.593 proxyP99Ms=2877.377 upstreamSockets=44 protectSuccess=44 protectFailure=0 web11a=not_run web11b=not_run modelLoadMs=555.259 engineCalls=81 dedupeHits=0 decisionCacheConfig=256 decisionConcurrencyConfig=1 decisionQueueConfig=2 decisionTimeoutMs=5000 engineCallsPerRequest=0.7641509433962265 inferencePeak=1 inFlightPeak=2 queuePeak=1 queueRejects=0 timeouts=0 inferenceP50Ms=137.488229 inferenceP95Ms=556.181614 inferenceP99Ms=578.723699 decisionP50Ms=282.366823 decisionP95Ms=1083.320781 decisionP99Ms=1142.23526 cacheHitP50Ms=0.075833 cacheHitP95Ms=0.112657 cacheEntries=81 cacheEvictions=0 preprocessP50Ms=5.441771 preprocessP95Ms=72.769115 preprocessP99Ms=103.885781 preparedCount1=58 preparedCount4=21 preparedCount5=1 preparedCountOther=1 decisionBasis=FullThreshold:3,None:76,Other:1,UncertainRegional:1 imageCandidates=121 imagePrefixPeeks=2 imageMagicCandidates=0 imageBodyAdmissionPeak=2 imageBodyAdmissionRejects=0 networkVisualCandidates=120 networkVisualReplaced=0 networkVisualRawDelivered=0 networkVisualSafeRawDelivered=93 networkVisualBlockedReplaced=4 networkVisualUnknownReplaced=0 networkVisualUnsupportedReplaced=17 networkVisualRawBlockedDelivered=0 networkVisualRawUnknownDelivered=0 networkVisualCacheHit=25 networkVisualInference=75 mediaDocumentsTransformed=10 mediaDocumentsFailClosed=1 documentTransformOutstanding=0 readyTokensOutstanding=10 uiSvgRegistered=2 uiSvgRegistryBytes=351 uiSvgCssRewritten=1 uiSvgCssRejected=0 uiSvgNetworkAccepted=1 uiSvgNetworkRejected=1 uiSvgAssetServed=3 uiSvgAssetRejected=0 h18=REPORT=not_run,EVENT_SEQUENCE=0,COMPAT_DOCS=0,STRICT_DOCS=0,STYLE_REQ=0,SCRIPT_REQ=0,DATA_REQ=0,NETWORK_REQ=0,REPORTS=0,LAST_DOC=none,NETWORK_SHA=ee17e3f62edde61823ce35732ea168f4f5986bff347ccfac063eca7f4009ee1b,AUDIT_SHA=74d4467bbf6833db4eeab998495b7dfc50db3b1f04f407704b839ad3f4b25582 h19=REPORT=not_run,DOCUMENTS=0,FRAMES=0,SCRIPTS=0,FIRST_ORIGINAL_SCRIPTS=0,STYLES=0,WORKERS=0,SERVICE_WORKERS=0,FRAME_REPORTS=0,FRAME_REPORT_REJECTS=0,FRAME_REPORT=not_run,FRAME_REPORT_SHA=not_run,FRAME_CHALLENGE_SHA=not_run,FRAME_GENERATION=0,FRAME_ACCEPTED_CHALLENGE_SHA=not_run,FRAME_REPORT_BINDING_SHA=not_run,SAME_URL_BODIES=0,REPORTS=0,SW_BOUNDARY={INSTALL_DOCS=0,WORKER_SCRIPTS=0,WORKER_PROBE_SCRIPTS=0,PROBE_DOCS=0,CLEANUP_DOCS=0,REPORTS_ACCEPTED=0,REPORTS_REJECTED=0,CONTROLLER_PRESENT=0,CONTROLLER_MISSING=0,NAV_FETCHES=0,SELF_READY_FETCHES=0,SELF_READY_PASS_THROUGH=0,SELF_READY_SYNTHETIC=0,NAV_SYNTHETIC=0,RESET_BASELINE_CLEAN=0,RESET_BASELINE_DIRTY=0,REGISTER_BLOCKED=0,REGISTER_SUCCEEDED=0,WORKER_REGISTER_BLOCKED=0,WORKER_REGISTER_SUCCEEDED=0,WORKER_REGISTER_UNSUPPORTED=0,WORKER_REGISTER_ERROR=0,LAST_CASE=none,LAST_EVENT=none,LAST_VALUE=none},UI_SVG={INLINE_ORIGINAL:PASS,INLINE_CLICK:PASS,SPRITE_ORIGINAL:PASS,UNSAFE_SPRITE_FAIL_CLOSED:PASS,AMBIGUOUS_REFERENCE_FAIL_CLOSED:PASS,STATIC_CSS:PASS,EXTERNAL_CSS:PASS,STYLE_ATTRIBUTE:PASS,DATA_IMAGE:PASS,FAVICON:PASS,PROTECTED_HEAD_RETENTION:PASS,NETWORK_SVG:PASS,UNSAFE_NETWORK_FAIL_CLOSED:PASS,DYNAMIC_CSS:PASS,RASTER_FAIL_CLOSED:PASS,UNSAFE_INLINE_FAIL_CLOSED:PASS} quicAttempts=0 directTcpAttempts=0 bootstrapResetGeneration=2 bootstrapCompleteGeneration=2 bootstrapResetCount=3 chromeSuspended=false guardSession=555 guardHeartbeatSequence=1108 audit17State=0 audit17Navigation=0 audit17Events=121 audit17Dropped=0
09-08 10:14:48.513  8375  8375 I ChromeMediaShieldStatus: v=1 seq=13 kind=network mode=selective candidates=120 replaced=0 rawDelivered=0 safeRaw=93 blockedReplaced=4 unknownReplaced=0 unsupportedReplaced=17 rawBlocked=0 rawUnknown=0 cacheHit=25 decisionEngine=75 engineCalls=81
09-08 10:14:48.513  8375  8375 I ChromeMediaShieldStatus: v=1 seq=13 kind=document transformed=10 failClosed=1 outstanding=0 issued=10 claims=8 documentSequence=10 navigationSequence=8 readyRequests=24 readyPreflights=0 readyAccepted=8 readyRejected=0 parserBarrierRequests=0 parserBarrierReady=0 parserBarrierFailClosed=0 selfShield=true selfReadyRequests=8 selfReadyAccepted=8 selfReadyRejected=0 selfReadyRejectReason=none selfShieldReleaseCompleted=8 selfShieldParserContinued=8 selfShieldOriginalScriptStarted=0 selfShieldTraceRejected=0 selfShieldTraceOutstanding=6 bootstrapDiagnosticAccepted=0 bootstrapDiagnosticRejected=0 bootstrapDiagnosticRejectReason=none bootstrapDiagnosticStage=none bootstrapDiagnosticReason=none bootstrapDiagnosticOutstanding=0
09-08 10:14:48.513  8375  8375 I ChromeMediaShieldStatus: v=1 seq=13 kind=renderer reports=0 rejected=0 globalCallbacks=0 globalRecords=0 childRecords=0 attributeRecords=0 maxRecords=0 scanCalls=0 scanRoot=0 scanNodes=0 maxScanNodes=0 scanMicros=0 maxScanMicros=0 observerChildScans=0 observerAttributeScans=0 guardedScans=0 markupScans=0 shadowScans=0 initialScans=0 otherScans=0 sanitizeElement=0 sanitizeContainer=0 img=0 source=0 svg=0 iframe=0 canvas=0 video=0 safeIcon=0 lockIcon=0 geometryWrites=0 svgRecords=0 shadowRoots=0 shadowObservers=0 shadowCallbacks=0 shadowRecords=0 shadowScanCalls=0 ensureStyle=0 ensureCurtain=0 internalMutations=0
09-08 10:14:48.513  8375  8375 I ChromeMediaShieldStatus: v=1 seq=13 kind=rendererApis callScan=createElement=0/0 createElementNS=0/0 appendChild=0/0 insertBefore=0/0 replaceChild=0/0 append=0/0 prepend=0/0 replaceChildren=0/0 before=0/0 after=0/0 replaceWith=0/0 adjacentElement=0/0 moveBefore=0/0 rangeInsert=0/0 rangeSurround=0/0 adoptNode=0/0 cloneNode=0/0 importNode=0/0 safeMarkup=0/0 innerHTML=0/0 outerHTML=0/0 insertAdjacentHTML=0/0 setHTML=0/0 shadowInnerHTML=0/0 execCommandInsertHTML=0/0 mappedTextContent=0/0
09-08 10:14:48.513  8375  8375 I ChromeMediaShieldStatus: v=1 seq=13 kind=rendererFamilies roots=element/fragment/text/other factory:calls=0,scans=0,direct=0,roots=0/0/0/0,nodes=0,micros=0,maxMicros=0 domGuard:calls=0,scans=0,direct=0,roots=0/0/0/0,nodes=0,micros=0,maxMicros=0 markup:calls=0,scans=0,direct=0,roots=0/0/0/0,nodes=0,micros=0,maxMicros=0
09-08 10:14:48.513  8375  8375 I ChromeMediaShieldStatus: v=1 seq=13 kind=uiSvg registered=2 registryBytes=351 cssRewritten=1 cssRejected=0 networkAccepted=1 networkRejected=1 assetServed=3 assetRejected=0
09-08 10:14:48.513  8375  8375 I ChromeMediaShieldStatus: v=1 seq=13 kind=health failures=0 clientDisconnects=6 proxyQueueRejects=0 protectFailure=0 quicAttempts=0 directTcpAttempts=0 active=true ready=true
09-08 10:14:48.513  8375  8375 I ChromeMediaShieldStatus: v=1 seq=13 kind=fixture report=REPORT=not_run,DOCUMENTS=0,FRAMES=0,SCRIPTS=0,FIRST_ORIGINAL_SCRIPTS=0,STYLES=0,WORKERS=0,SERVICE_WORKERS=0,FRAME_REPORTS=0,FRAME_REPORT_REJECTS=0,FRAME_REPORT=not_run,FRAME_REPORT_SHA=not_run,FRAME_CHALLENGE_SHA=not_run,FRAME_GENERATION=0,FRAME_ACCEPTED_CHALLENGE_SHA=not_run,FRAME_REPORT_BINDING_SHA=not_run,SAME_URL_BODIES=0,REPORTS=0,SW_BOUNDARY={INSTALL_DOCS=0,WORKER_SCRIPTS=0,WORKER_PROBE_SCRIPTS=0,PROBE_DOCS=0,CLEANUP_DOCS=0,REPORTS_ACCEPTED=0,REPORTS_REJECTED=0,CONTROLLER_PRESENT=0,CONTROLLER_MISSING=0,NAV_FETCHES=0,SELF_READY_FETCHES=0,SELF_READY_PASS_THROUGH=0,SELF_READY_SYNTHETIC=0,NAV_SYNTHETIC=0,RESET_BASELINE_CLEAN=0,RESET_BASELINE_DIRTY=0,REGISTER_BLOCKED=0,REGISTER_SUCCEEDED=0,WORKER_REGISTER_BLOCKED=0,WORKER_REGISTER_SUCCEEDED=0,WORKER_REGISTER_UNSUPPORTED=0,WORKER_REGISTER_ERROR=0,LAST_CASE=none,LAST_EVENT=none,LAST_VALUE=none},UI_SVG={INLINE_ORIGINAL:PASS,INLINE_CLICK:PASS,SPRITE_ORIGINAL:PASS,UNSAFE_SPRITE_FAIL_CLOSED:PASS,AMBIGUOUS_REFERENCE_FAIL_CLOSED:PASS,STATIC_CSS:PASS,EXTERNAL_CSS:PASS,STYLE_ATTRIBUTE:PASS,DATA_IMAGE:PASS,FAVICON:PASS,PROTECTED_HEAD_RETENTION:PASS,NETWORK_SVG:PASS,UNSAFE_NETWORK_FAIL_CLOSED:PASS,DYNAMIC_CSS:PASS,RASTER_FAIL_CLOSED:PASS,UNSAFE_INLINE_FAIL_CLOSED:PASS}
09-08 10:15:49.793  8375  8375 I ChromePhotosDataPlane: phase=status statusSequence=14 lifecycle=PresentationReady active=true ready=true connections=118 requests=504 safe=93 blocked=4 unknown=18 passthrough=344 cacheHits=25 cacheMisses=76 failures=0 clientDisconnects=6 bytesIn=49756551 bytesOut=45769494 streamed=31 proxyQueueRejects=0 proxyActivePeak=21 proxyP50Ms=2.545 proxyP95Ms=1989.593 proxyP99Ms=2877.377 upstreamSockets=44 protectSuccess=44 protectFailure=0 web11a=not_run web11b=not_run modelLoadMs=555.259 engineCalls=81 dedupeHits=0 decisionCacheConfig=256 decisionConcurrencyConfig=1 decisionQueueConfig=2 decisionTimeoutMs=5000 engineCallsPerRequest=0.7641509433962265 inferencePeak=1 inFlightPeak=2 queuePeak=1 queueRejects=0 timeouts=0 inferenceP50Ms=137.488229 inferenceP95Ms=556.181614 inferenceP99Ms=578.723699 decisionP50Ms=282.366823 decisionP95Ms=1083.320781 decisionP99Ms=1142.23526 cacheHitP50Ms=0.075833 cacheHitP95Ms=0.112657 cacheEntries=81 cacheEvictions=0 preprocessP50Ms=5.441771 preprocessP95Ms=72.769115 preprocessP99Ms=103.885781 preparedCount1=58 preparedCount4=21 preparedCount5=1 preparedCountOther=1 decisionBasis=FullThreshold:3,None:76,Other:1,UncertainRegional:1 imageCandidates=121 imagePrefixPeeks=2 imageMagicCandidates=0 imageBodyAdmissionPeak=2 imageBodyAdmissionRejects=0 networkVisualCandidates=120 networkVisualReplaced=0 networkVisualRawDelivered=0 networkVisualSafeRawDelivered=93 networkVisualBlockedReplaced=4 networkVisualUnknownReplaced=0 networkVisualUnsupportedReplaced=17 networkVisualRawBlockedDelivered=0 networkVisualRawUnknownDelivered=0 networkVisualCacheHit=25 networkVisualInference=75 mediaDocumentsTransformed=10 mediaDocumentsFailClosed=1 documentTransformOutstanding=0 readyTokensOutstanding=10 uiSvgRegistered=2 uiSvgRegistryBytes=351 uiSvgCssRewritten=1 uiSvgCssRejected=0 uiSvgNetworkAccepted=1 uiSvgNetworkRejected=1 uiSvgAssetServed=3 uiSvgAssetRejected=0 h18=REPORT=not_run,EVENT_SEQUENCE=0,COMPAT_DOCS=0,STRICT_DOCS=0,STYLE_REQ=0,SCRIPT_REQ=0,DATA_REQ=0,NETWORK_REQ=0,REPORTS=0,LAST_DOC=none,NETWORK_SHA=ee17e3f62edde61823ce35732ea168f4f5986bff347ccfac063eca7f4009ee1b,AUDIT_SHA=74d4467bbf6833db4eeab998495b7dfc50db3b1f04f407704b839ad3f4b25582 h19=REPORT=not_run,DOCUMENTS=0,FRAMES=0,SCRIPTS=0,FIRST_ORIGINAL_SCRIPTS=0,STYLES=0,WORKERS=0,SERVICE_WORKERS=0,FRAME_REPORTS=0,FRAME_REPORT_REJECTS=0,FRAME_REPORT=not_run,FRAME_REPORT_SHA=not_run,FRAME_CHALLENGE_SHA=not_run,FRAME_GENERATION=0,FRAME_ACCEPTED_CHALLENGE_SHA=not_run,FRAME_REPORT_BINDING_SHA=not_run,SAME_URL_BODIES=0,REPORTS=0,SW_BOUNDARY={INSTALL_DOCS=0,WORKER_SCRIPTS=0,WORKER_PROBE_SCRIPTS=0,PROBE_DOCS=0,CLEANUP_DOCS=0,REPORTS_ACCEPTED=0,REPORTS_REJECTED=0,CONTROLLER_PRESENT=0,CONTROLLER_MISSING=0,NAV_FETCHES=0,SELF_READY_FETCHES=0,SELF_READY_PASS_THROUGH=0,SELF_READY_SYNTHETIC=0,NAV_SYNTHETIC=0,RESET_BASELINE_CLEAN=0,RESET_BASELINE_DIRTY=0,REGISTER_BLOCKED=0,REGISTER_SUCCEEDED=0,WORKER_REGISTER_BLOCKED=0,WORKER_REGISTER_SUCCEEDED=0,WORKER_REGISTER_UNSUPPORTED=0,WORKER_REGISTER_ERROR=0,LAST_CASE=none,LAST_EVENT=none,LAST_VALUE=none},UI_SVG={INLINE_ORIGINAL:PASS,INLINE_CLICK:PASS,SPRITE_ORIGINAL:PASS,UNSAFE_SPRITE_FAIL_CLOSED:PASS,AMBIGUOUS_REFERENCE_FAIL_CLOSED:PASS,STATIC_CSS:PASS,EXTERNAL_CSS:PASS,STYLE_ATTRIBUTE:PASS,DATA_IMAGE:PASS,FAVICON:PASS,PROTECTED_HEAD_RETENTION:PASS,NETWORK_SVG:PASS,UNSAFE_NETWORK_FAIL_CLOSED:PASS,DYNAMIC_CSS:PASS,RASTER_FAIL_CLOSED:PASS,UNSAFE_INLINE_FAIL_CLOSED:PASS} quicAttempts=0 directTcpAttempts=0 bootstrapResetGeneration=2 bootstrapCompleteGeneration=2 bootstrapResetCount=3 chromeSuspended=false guardSession=555 guardHeartbeatSequence=1217 audit17State=0 audit17Navigation=0 audit17Events=121 audit17Dropped=0
09-08 10:15:49.793  8375  8375 I ChromeMediaShieldStatus: v=1 seq=14 kind=network mode=selective candidates=120 replaced=0 rawDelivered=0 safeRaw=93 blockedReplaced=4 unknownReplaced=0 unsupportedReplaced=17 rawBlocked=0 rawUnknown=0 cacheHit=25 decisionEngine=75 engineCalls=81
09-08 10:15:49.793  8375  8375 I ChromeMediaShieldStatus: v=1 seq=14 kind=document transformed=10 failClosed=1 outstanding=0 issued=10 claims=8 documentSequence=10 navigationSequence=8 readyRequests=24 readyPreflights=0 readyAccepted=8 readyRejected=0 parserBarrierRequests=0 parserBarrierReady=0 parserBarrierFailClosed=0 selfShield=true selfReadyRequests=8 selfReadyAccepted=8 selfReadyRejected=0 selfReadyRejectReason=none selfShieldReleaseCompleted=8 selfShieldParserContinued=8 selfShieldOriginalScriptStarted=0 selfShieldTraceRejected=0 selfShieldTraceOutstanding=6 bootstrapDiagnosticAccepted=0 bootstrapDiagnosticRejected=0 bootstrapDiagnosticRejectReason=none bootstrapDiagnosticStage=none bootstrapDiagnosticReason=none bootstrapDiagnosticOutstanding=0
09-08 10:15:49.793  8375  8375 I ChromeMediaShieldStatus: v=1 seq=14 kind=renderer reports=0 rejected=0 globalCallbacks=0 globalRecords=0 childRecords=0 attributeRecords=0 maxRecords=0 scanCalls=0 scanRoot=0 scanNodes=0 maxScanNodes=0 scanMicros=0 maxScanMicros=0 observerChildScans=0 observerAttributeScans=0 guardedScans=0 markupScans=0 shadowScans=0 initialScans=0 otherScans=0 sanitizeElement=0 sanitizeContainer=0 img=0 source=0 svg=0 iframe=0 canvas=0 video=0 safeIcon=0 lockIcon=0 geometryWrites=0 svgRecords=0 shadowRoots=0 shadowObservers=0 shadowCallbacks=0 shadowRecords=0 shadowScanCalls=0 ensureStyle=0 ensureCurtain=0 internalMutations=0
09-08 10:15:49.793  8375  8375 I ChromeMediaShieldStatus: v=1 seq=14 kind=rendererApis callScan=createElement=0/0 createElementNS=0/0 appendChild=0/0 insertBefore=0/0 replaceChild=0/0 append=0/0 prepend=0/0 replaceChildren=0/0 before=0/0 after=0/0 replaceWith=0/0 adjacentElement=0/0 moveBefore=0/0 rangeInsert=0/0 rangeSurround=0/0 adoptNode=0/0 cloneNode=0/0 importNode=0/0 safeMarkup=0/0 innerHTML=0/0 outerHTML=0/0 insertAdjacentHTML=0/0 setHTML=0/0 shadowInnerHTML=0/0 execCommandInsertHTML=0/0 mappedTextContent=0/0
09-08 10:15:49.794  8375  8375 I ChromeMediaShieldStatus: v=1 seq=14 kind=rendererFamilies roots=element/fragment/text/other factory:calls=0,scans=0,direct=0,roots=0/0/0/0,nodes=0,micros=0,maxMicros=0 domGuard:calls=0,scans=0,direct=0,roots=0/0/0/0,nodes=0,micros=0,maxMicros=0 markup:calls=0,scans=0,direct=0,roots=0/0/0/0,nodes=0,micros=0,maxMicros=0
09-08 10:15:49.794  8375  8375 I ChromeMediaShieldStatus: v=1 seq=14 kind=uiSvg registered=2 registryBytes=351 cssRewritten=1 cssRejected=0 networkAccepted=1 networkRejected=1 assetServed=3 assetRejected=0
09-08 10:15:49.794  8375  8375 I ChromeMediaShieldStatus: v=1 seq=14 kind=health failures=0 clientDisconnects=6 proxyQueueRejects=0 protectFailure=0 quicAttempts=0 directTcpAttempts=0 active=true ready=true
09-08 10:15:49.794  8375  8375 I ChromeMediaShieldStatus: v=1 seq=14 kind=fixture report=REPORT=not_run,DOCUMENTS=0,FRAMES=0,SCRIPTS=0,FIRST_ORIGINAL_SCRIPTS=0,STYLES=0,WORKERS=0,SERVICE_WORKERS=0,FRAME_REPORTS=0,FRAME_REPORT_REJECTS=0,FRAME_REPORT=not_run,FRAME_REPORT_SHA=not_run,FRAME_CHALLENGE_SHA=not_run,FRAME_GENERATION=0,FRAME_ACCEPTED_CHALLENGE_SHA=not_run,FRAME_REPORT_BINDING_SHA=not_run,SAME_URL_BODIES=0,REPORTS=0,SW_BOUNDARY={INSTALL_DOCS=0,WORKER_SCRIPTS=0,WORKER_PROBE_SCRIPTS=0,PROBE_DOCS=0,CLEANUP_DOCS=0,REPORTS_ACCEPTED=0,REPORTS_REJECTED=0,CONTROLLER_PRESENT=0,CONTROLLER_MISSING=0,NAV_FETCHES=0,SELF_READY_FETCHES=0,SELF_READY_PASS_THROUGH=0,SELF_READY_SYNTHETIC=0,NAV_SYNTHETIC=0,RESET_BASELINE_CLEAN=0,RESET_BASELINE_DIRTY=0,REGISTER_BLOCKED=0,REGISTER_SUCCEEDED=0,WORKER_REGISTER_BLOCKED=0,WORKER_REGISTER_SUCCEEDED=0,WORKER_REGISTER_UNSUPPORTED=0,WORKER_REGISTER_ERROR=0,LAST_CASE=none,LAST_EVENT=none,LAST_VALUE=none},UI_SVG={INLINE_ORIGINAL:PASS,INLINE_CLICK:PASS,SPRITE_ORIGINAL:PASS,UNSAFE_SPRITE_FAIL_CLOSED:PASS,AMBIGUOUS_REFERENCE_FAIL_CLOSED:PASS,STATIC_CSS:PASS,EXTERNAL_CSS:PASS,STYLE_ATTRIBUTE:PASS,DATA_IMAGE:PASS,FAVICON:PASS,PROTECTED_HEAD_RETENTION:PASS,NETWORK_SVG:PASS,UNSAFE_NETWORK_FAIL_CLOSED:PASS,DYNAMIC_CSS:PASS,RASTER_FAIL_CLOSED:PASS,UNSAFE_INLINE_FAIL_CLOSED:PASS}
09-08 10:16:15.700  8375  9244 I ChromePhotosDataPlane: phase=worker_ready correlationId=c119 admissionWaitMs=1.283
09-08 10:16:15.768  8375  9244 I ChromePhotosDataPlane: phase=tls_certificate correlationId=c119 tlsCacheHit=true tlsCacheWaitMs=0.044 tlsCreationMs=0.000
09-08 10:16:15.768  8375  9244 I ChromePhotosDataPlane: phase=tls_material correlationId=c119 tlsMaterialMs=1.232
09-08 10:16:15.794  8375  9244 I ChromePhotosDataPlane: phase=tls_ready correlationId=c119 hostClass=network hostHash=816c1c4228e457b0 clientProtocol=http/1.1 ca=201dea049e16dfd8
09-08 10:16:16.098  8375  9244 I ChromePhotosDataPlane: origin=real hostClass=network hostHash=816c1c4228e457b0 method=POST clientProtocol=http/1.1 upstreamProtocol=h2 status=200 contentType=application/javascript bytesOut=0 transfer=fixed upstreamHeadersMs=293.005 downstreamWriteMs=2.140
09-08 10:16:18.102  8375  9244 I ChromePhotosDataPlane: phase=http_idle_closed correlationId=c119
09-08 10:16:30.434  8375  9243 I ChromePhotosDataPlane: phase=worker_ready correlationId=c120 admissionWaitMs=0.803
09-08 10:16:30.513  8375  9243 I ChromePhotosDataPlane: phase=tls_certificate correlationId=c120 tlsCacheHit=true tlsCacheWaitMs=0.076 tlsCreationMs=0.000
09-08 10:16:30.513  8375  9243 I ChromePhotosDataPlane: phase=tls_material correlationId=c120 tlsMaterialMs=1.151
09-08 10:16:30.531  8375  9243 I ChromePhotosDataPlane: phase=tls_ready correlationId=c120 hostClass=network hostHash=c350913878bceb2f clientProtocol=http/1.1 ca=201dea049e16dfd8
09-08 10:16:31.058  8375  9243 I ChromePhotosDataPlane: origin=real hostClass=network hostHash=c350913878bceb2f method=GET clientProtocol=http/1.1 upstreamProtocol=h2 status=200 contentType=application/json bytesOut=55 transfer=fixed upstreamHeadersMs=514.071 downstreamWriteMs=5.518
09-08 10:16:33.061  8375  9243 I ChromePhotosDataPlane: phase=http_idle_closed correlationId=c120
09-08 10:16:48.592  8375  8375 I ChromePhotosDataPlane: phase=status statusSequence=15 lifecycle=PresentationReady active=true ready=true connections=120 requests=506 safe=93 blocked=4 unknown=18 passthrough=346 cacheHits=25 cacheMisses=76 failures=0 clientDisconnects=6 bytesIn=49756606 bytesOut=45769549 streamed=33 proxyQueueRejects=0 proxyActivePeak=21 proxyP50Ms=2.556 proxyP95Ms=1989.593 proxyP99Ms=2877.377 upstreamSockets=46 protectSuccess=46 protectFailure=0 web11a=not_run web11b=not_run modelLoadMs=555.259 engineCalls=81 dedupeHits=0 decisionCacheConfig=256 decisionConcurrencyConfig=1 decisionQueueConfig=2 decisionTimeoutMs=5000 engineCallsPerRequest=0.7641509433962265 inferencePeak=1 inFlightPeak=2 queuePeak=1 queueRejects=0 timeouts=0 inferenceP50Ms=137.488229 inferenceP95Ms=556.181614 inferenceP99Ms=578.723699 decisionP50Ms=282.366823 decisionP95Ms=1083.320781 decisionP99Ms=1142.23526 cacheHitP50Ms=0.075833 cacheHitP95Ms=0.112657 cacheEntries=81 cacheEvictions=0 preprocessP50Ms=5.441771 preprocessP95Ms=72.769115 preprocessP99Ms=103.885781 preparedCount1=58 preparedCount4=21 preparedCount5=1 preparedCountOther=1 decisionBasis=FullThreshold:3,None:76,Other:1,UncertainRegional:1 imageCandidates=121 imagePrefixPeeks=2 imageMagicCandidates=0 imageBodyAdmissionPeak=2 imageBodyAdmissionRejects=0 networkVisualCandidates=120 networkVisualReplaced=0 networkVisualRawDelivered=0 networkVisualSafeRawDelivered=93 networkVisualBlockedReplaced=4 networkVisualUnknownReplaced=0 networkVisualUnsupportedReplaced=17 networkVisualRawBlockedDelivered=0 networkVisualRawUnknownDelivered=0 networkVisualCacheHit=25 networkVisualInference=75 mediaDocumentsTransformed=10 mediaDocumentsFailClosed=1 documentTransformOutstanding=0 readyTokensOutstanding=10 uiSvgRegistered=2 uiSvgRegistryBytes=351 uiSvgCssRewritten=1 uiSvgCssRejected=0 uiSvgNetworkAccepted=1 uiSvgNetworkRejected=1 uiSvgAssetServed=3 uiSvgAssetRejected=0 h18=REPORT=not_run,EVENT_SEQUENCE=0,COMPAT_DOCS=0,STRICT_DOCS=0,STYLE_REQ=0,SCRIPT_REQ=0,DATA_REQ=0,NETWORK_REQ=0,REPORTS=0,LAST_DOC=none,NETWORK_SHA=ee17e3f62edde61823ce35732ea168f4f5986bff347ccfac063eca7f4009ee1b,AUDIT_SHA=74d4467bbf6833db4eeab998495b7dfc50db3b1f04f407704b839ad3f4b25582 h19=REPORT=not_run,DOCUMENTS=0,FRAMES=0,SCRIPTS=0,FIRST_ORIGINAL_SCRIPTS=0,STYLES=0,WORKERS=0,SERVICE_WORKERS=0,FRAME_REPORTS=0,FRAME_REPORT_REJECTS=0,FRAME_REPORT=not_run,FRAME_REPORT_SHA=not_run,FRAME_CHALLENGE_SHA=not_run,FRAME_GENERATION=0,FRAME_ACCEPTED_CHALLENGE_SHA=not_run,FRAME_REPORT_BINDING_SHA=not_run,SAME_URL_BODIES=0,REPORTS=0,SW_BOUNDARY={INSTALL_DOCS=0,WORKER_SCRIPTS=0,WORKER_PROBE_SCRIPTS=0,PROBE_DOCS=0,CLEANUP_DOCS=0,REPORTS_ACCEPTED=0,REPORTS_REJECTED=0,CONTROLLER_PRESENT=0,CONTROLLER_MISSING=0,NAV_FETCHES=0,SELF_READY_FETCHES=0,SELF_READY_PASS_THROUGH=0,SELF_READY_SYNTHETIC=0,NAV_SYNTHETIC=0,RESET_BASELINE_CLEAN=0,RESET_BASELINE_DIRTY=0,REGISTER_BLOCKED=0,REGISTER_SUCCEEDED=0,WORKER_REGISTER_BLOCKED=0,WORKER_REGISTER_SUCCEEDED=0,WORKER_REGISTER_UNSUPPORTED=0,WORKER_REGISTER_ERROR=0,LAST_CASE=none,LAST_EVENT=none,LAST_VALUE=none},UI_SVG={INLINE_ORIGINAL:PASS,INLINE_CLICK:PASS,SPRITE_ORIGINAL:PASS,UNSAFE_SPRITE_FAIL_CLOSED:PASS,AMBIGUOUS_REFERENCE_FAIL_CLOSED:PASS,STATIC_CSS:PASS,EXTERNAL_CSS:PASS,STYLE_ATTRIBUTE:PASS,DATA_IMAGE:PASS,FAVICON:PASS,PROTECTED_HEAD_RETENTION:PASS,NETWORK_SVG:PASS,UNSAFE_NETWORK_FAIL_CLOSED:PASS,DYNAMIC_CSS:PASS,RASTER_FAIL_CLOSED:PASS,UNSAFE_INLINE_FAIL_CLOSED:PASS} quicAttempts=0 directTcpAttempts=0 bootstrapResetGeneration=2 bootstrapCompleteGeneration=2 bootstrapResetCount=3 chromeSuspended=false guardSession=555 guardHeartbeatSequence=1323 audit17State=0 audit17Navigation=0 audit17Events=121 audit17Dropped=0
09-08 10:16:48.592  8375  8375 I ChromeMediaShieldStatus: v=1 seq=15 kind=network mode=selective candidates=120 replaced=0 rawDelivered=0 safeRaw=93 blockedReplaced=4 unknownReplaced=0 unsupportedReplaced=17 rawBlocked=0 rawUnknown=0 cacheHit=25 decisionEngine=75 engineCalls=81
09-08 10:16:48.592  8375  8375 I ChromeMediaShieldStatus: v=1 seq=15 kind=document transformed=10 failClosed=1 outstanding=0 issued=10 claims=8 documentSequence=10 navigationSequence=8 readyRequests=24 readyPreflights=0 readyAccepted=8 readyRejected=0 parserBarrierRequests=0 parserBarrierReady=0 parserBarrierFailClosed=0 selfShield=true selfReadyRequests=8 selfReadyAccepted=8 selfReadyRejected=0 selfReadyRejectReason=none selfShieldReleaseCompleted=8 selfShieldParserContinued=8 selfShieldOriginalScriptStarted=0 selfShieldTraceRejected=0 selfShieldTraceOutstanding=6 bootstrapDiagnosticAccepted=0 bootstrapDiagnosticRejected=0 bootstrapDiagnosticRejectReason=none bootstrapDiagnosticStage=none bootstrapDiagnosticReason=none bootstrapDiagnosticOutstanding=0
09-08 10:16:48.592  8375  8375 I ChromeMediaShieldStatus: v=1 seq=15 kind=renderer reports=0 rejected=0 globalCallbacks=0 globalRecords=0 childRecords=0 attributeRecords=0 maxRecords=0 scanCalls=0 scanRoot=0 scanNodes=0 maxScanNodes=0 scanMicros=0 maxScanMicros=0 observerChildScans=0 observerAttributeScans=0 guardedScans=0 markupScans=0 shadowScans=0 initialScans=0 otherScans=0 sanitizeElement=0 sanitizeContainer=0 img=0 source=0 svg=0 iframe=0 canvas=0 video=0 safeIcon=0 lockIcon=0 geometryWrites=0 svgRecords=0 shadowRoots=0 shadowObservers=0 shadowCallbacks=0 shadowRecords=0 shadowScanCalls=0 ensureStyle=0 ensureCurtain=0 internalMutations=0
09-08 10:16:48.593  8375  8375 I ChromeMediaShieldStatus: v=1 seq=15 kind=rendererApis callScan=createElement=0/0 createElementNS=0/0 appendChild=0/0 insertBefore=0/0 replaceChild=0/0 append=0/0 prepend=0/0 replaceChildren=0/0 before=0/0 after=0/0 replaceWith=0/0 adjacentElement=0/0 moveBefore=0/0 rangeInsert=0/0 rangeSurround=0/0 adoptNode=0/0 cloneNode=0/0 importNode=0/0 safeMarkup=0/0 innerHTML=0/0 outerHTML=0/0 insertAdjacentHTML=0/0 setHTML=0/0 shadowInnerHTML=0/0 execCommandInsertHTML=0/0 mappedTextContent=0/0
09-08 10:16:48.593  8375  8375 I ChromeMediaShieldStatus: v=1 seq=15 kind=rendererFamilies roots=element/fragment/text/other factory:calls=0,scans=0,direct=0,roots=0/0/0/0,nodes=0,micros=0,maxMicros=0 domGuard:calls=0,scans=0,direct=0,roots=0/0/0/0,nodes=0,micros=0,maxMicros=0 markup:calls=0,scans=0,direct=0,roots=0/0/0/0,nodes=0,micros=0,maxMicros=0
09-08 10:16:48.593  8375  8375 I ChromeMediaShieldStatus: v=1 seq=15 kind=uiSvg registered=2 registryBytes=351 cssRewritten=1 cssRejected=0 networkAccepted=1 networkRejected=1 assetServed=3 assetRejected=0
09-08 10:16:48.593  8375  8375 I ChromeMediaShieldStatus: v=1 seq=15 kind=health failures=0 clientDisconnects=6 proxyQueueRejects=0 protectFailure=0 quicAttempts=0 directTcpAttempts=0 active=true ready=true
09-08 10:16:48.593  8375  8375 I ChromeMediaShieldStatus: v=1 seq=15 kind=fixture report=REPORT=not_run,DOCUMENTS=0,FRAMES=0,SCRIPTS=0,FIRST_ORIGINAL_SCRIPTS=0,STYLES=0,WORKERS=0,SERVICE_WORKERS=0,FRAME_REPORTS=0,FRAME_REPORT_REJECTS=0,FRAME_REPORT=not_run,FRAME_REPORT_SHA=not_run,FRAME_CHALLENGE_SHA=not_run,FRAME_GENERATION=0,FRAME_ACCEPTED_CHALLENGE_SHA=not_run,FRAME_REPORT_BINDING_SHA=not_run,SAME_URL_BODIES=0,REPORTS=0,SW_BOUNDARY={INSTALL_DOCS=0,WORKER_SCRIPTS=0,WORKER_PROBE_SCRIPTS=0,PROBE_DOCS=0,CLEANUP_DOCS=0,REPORTS_ACCEPTED=0,REPORTS_REJECTED=0,CONTROLLER_PRESENT=0,CONTROLLER_MISSING=0,NAV_FETCHES=0,SELF_READY_FETCHES=0,SELF_READY_PASS_THROUGH=0,SELF_READY_SYNTHETIC=0,NAV_SYNTHETIC=0,RESET_BASELINE_CLEAN=0,RESET_BASELINE_DIRTY=0,REGISTER_BLOCKED=0,REGISTER_SUCCEEDED=0,WORKER_REGISTER_BLOCKED=0,WORKER_REGISTER_SUCCEEDED=0,WORKER_REGISTER_UNSUPPORTED=0,WORKER_REGISTER_ERROR=0,LAST_CASE=none,LAST_EVENT=none,LAST_VALUE=none},UI_SVG={INLINE_ORIGINAL:PASS,INLINE_CLICK:PASS,SPRITE_ORIGINAL:PASS,UNSAFE_SPRITE_FAIL_CLOSED:PASS,AMBIGUOUS_REFERENCE_FAIL_CLOSED:PASS,STATIC_CSS:PASS,EXTERNAL_CSS:PASS,STYLE_ATTRIBUTE:PASS,DATA_IMAGE:PASS,FAVICON:PASS,PROTECTED_HEAD_RETENTION:PASS,NETWORK_SVG:PASS,UNSAFE_NETWORK_FAIL_CLOSED:PASS,DYNAMIC_CSS:PASS,RASTER_FAIL_CLOSED:PASS,UNSAFE_INLINE_FAIL_CLOSED:PASS}
09-08 10:17:48.549  8375  8375 I ChromePhotosDataPlane: phase=status statusSequence=16 lifecycle=PresentationReady active=true ready=true connections=120 requests=506 safe=93 blocked=4 unknown=18 passthrough=346 cacheHits=25 cacheMisses=76 failures=0 clientDisconnects=6 bytesIn=49756606 bytesOut=45769549 streamed=33 proxyQueueRejects=0 proxyActivePeak=21 proxyP50Ms=2.556 proxyP95Ms=1989.593 proxyP99Ms=2877.377 upstreamSockets=46 protectSuccess=46 protectFailure=0 web11a=not_run web11b=not_run modelLoadMs=555.259 engineCalls=81 dedupeHits=0 decisionCacheConfig=256 decisionConcurrencyConfig=1 decisionQueueConfig=2 decisionTimeoutMs=5000 engineCallsPerRequest=0.7641509433962265 inferencePeak=1 inFlightPeak=2 queuePeak=1 queueRejects=0 timeouts=0 inferenceP50Ms=137.488229 inferenceP95Ms=556.181614 inferenceP99Ms=578.723699 decisionP50Ms=282.366823 decisionP95Ms=1083.320781 decisionP99Ms=1142.23526 cacheHitP50Ms=0.075833 cacheHitP95Ms=0.112657 cacheEntries=81 cacheEvictions=0 preprocessP50Ms=5.441771 preprocessP95Ms=72.769115 preprocessP99Ms=103.885781 preparedCount1=58 preparedCount4=21 preparedCount5=1 preparedCountOther=1 decisionBasis=FullThreshold:3,None:76,Other:1,UncertainRegional:1 imageCandidates=121 imagePrefixPeeks=2 imageMagicCandidates=0 imageBodyAdmissionPeak=2 imageBodyAdmissionRejects=0 networkVisualCandidates=120 networkVisualReplaced=0 networkVisualRawDelivered=0 networkVisualSafeRawDelivered=93 networkVisualBlockedReplaced=4 networkVisualUnknownReplaced=0 networkVisualUnsupportedReplaced=17 networkVisualRawBlockedDelivered=0 networkVisualRawUnknownDelivered=0 networkVisualCacheHit=25 networkVisualInference=75 mediaDocumentsTransformed=10 mediaDocumentsFailClosed=1 documentTransformOutstanding=0 readyTokensOutstanding=10 uiSvgRegistered=2 uiSvgRegistryBytes=351 uiSvgCssRewritten=1 uiSvgCssRejected=0 uiSvgNetworkAccepted=1 uiSvgNetworkRejected=1 uiSvgAssetServed=3 uiSvgAssetRejected=0 h18=REPORT=not_run,EVENT_SEQUENCE=0,COMPAT_DOCS=0,STRICT_DOCS=0,STYLE_REQ=0,SCRIPT_REQ=0,DATA_REQ=0,NETWORK_REQ=0,REPORTS=0,LAST_DOC=none,NETWORK_SHA=ee17e3f62edde61823ce35732ea168f4f5986bff347ccfac063eca7f4009ee1b,AUDIT_SHA=74d4467bbf6833db4eeab998495b7dfc50db3b1f04f407704b839ad3f4b25582 h19=REPORT=not_run,DOCUMENTS=0,FRAMES=0,SCRIPTS=0,FIRST_ORIGINAL_SCRIPTS=0,STYLES=0,WORKERS=0,SERVICE_WORKERS=0,FRAME_REPORTS=0,FRAME_REPORT_REJECTS=0,FRAME_REPORT=not_run,FRAME_REPORT_SHA=not_run,FRAME_CHALLENGE_SHA=not_run,FRAME_GENERATION=0,FRAME_ACCEPTED_CHALLENGE_SHA=not_run,FRAME_REPORT_BINDING_SHA=not_run,SAME_URL_BODIES=0,REPORTS=0,SW_BOUNDARY={INSTALL_DOCS=0,WORKER_SCRIPTS=0,WORKER_PROBE_SCRIPTS=0,PROBE_DOCS=0,CLEANUP_DOCS=0,REPORTS_ACCEPTED=0,REPORTS_REJECTED=0,CONTROLLER_PRESENT=0,CONTROLLER_MISSING=0,NAV_FETCHES=0,SELF_READY_FETCHES=0,SELF_READY_PASS_THROUGH=0,SELF_READY_SYNTHETIC=0,NAV_SYNTHETIC=0,RESET_BASELINE_CLEAN=0,RESET_BASELINE_DIRTY=0,REGISTER_BLOCKED=0,REGISTER_SUCCEEDED=0,WORKER_REGISTER_BLOCKED=0,WORKER_REGISTER_SUCCEEDED=0,WORKER_REGISTER_UNSUPPORTED=0,WORKER_REGISTER_ERROR=0,LAST_CASE=none,LAST_EVENT=none,LAST_VALUE=none},UI_SVG={INLINE_ORIGINAL:PASS,INLINE_CLICK:PASS,SPRITE_ORIGINAL:PASS,UNSAFE_SPRITE_FAIL_CLOSED:PASS,AMBIGUOUS_REFERENCE_FAIL_CLOSED:PASS,STATIC_CSS:PASS,EXTERNAL_CSS:PASS,STYLE_ATTRIBUTE:PASS,DATA_IMAGE:PASS,FAVICON:PASS,PROTECTED_HEAD_RETENTION:PASS,NETWORK_SVG:PASS,UNSAFE_NETWORK_FAIL_CLOSED:PASS,DYNAMIC_CSS:PASS,RASTER_FAIL_CLOSED:PASS,UNSAFE_INLINE_FAIL_CLOSED:PASS} quicAttempts=0 directTcpAttempts=0 bootstrapResetGeneration=2 bootstrapCompleteGeneration=2 bootstrapResetCount=3 chromeSuspended=false guardSession=555 guardHeartbeatSequence=1430 audit17State=0 audit17Navigation=0 audit17Events=121 audit17Dropped=0
09-08 10:17:48.549  8375  8375 I ChromeMediaShieldStatus: v=1 seq=16 kind=network mode=selective candidates=120 replaced=0 rawDelivered=0 safeRaw=93 blockedReplaced=4 unknownReplaced=0 unsupportedReplaced=17 rawBlocked=0 rawUnknown=0 cacheHit=25 decisionEngine=75 engineCalls=81
09-08 10:17:48.549  8375  8375 I ChromeMediaShieldStatus: v=1 seq=16 kind=document transformed=10 failClosed=1 outstanding=0 issued=10 claims=8 documentSequence=10 navigationSequence=8 readyRequests=24 readyPreflights=0 readyAccepted=8 readyRejected=0 parserBarrierRequests=0 parserBarrierReady=0 parserBarrierFailClosed=0 selfShield=true selfReadyRequests=8 selfReadyAccepted=8 selfReadyRejected=0 selfReadyRejectReason=none selfShieldReleaseCompleted=8 selfShieldParserContinued=8 selfShieldOriginalScriptStarted=0 selfShieldTraceRejected=0 selfShieldTraceOutstanding=6 bootstrapDiagnosticAccepted=0 bootstrapDiagnosticRejected=0 bootstrapDiagnosticRejectReason=none bootstrapDiagnosticStage=none bootstrapDiagnosticReason=none bootstrapDiagnosticOutstanding=0
09-08 10:17:48.549  8375  8375 I ChromeMediaShieldStatus: v=1 seq=16 kind=renderer reports=0 rejected=0 globalCallbacks=0 globalRecords=0 childRecords=0 attributeRecords=0 maxRecords=0 scanCalls=0 scanRoot=0 scanNodes=0 maxScanNodes=0 scanMicros=0 maxScanMicros=0 observerChildScans=0 observerAttributeScans=0 guardedScans=0 markupScans=0 shadowScans=0 initialScans=0 otherScans=0 sanitizeElement=0 sanitizeContainer=0 img=0 source=0 svg=0 iframe=0 canvas=0 video=0 safeIcon=0 lockIcon=0 geometryWrites=0 svgRecords=0 shadowRoots=0 shadowObservers=0 shadowCallbacks=0 shadowRecords=0 shadowScanCalls=0 ensureStyle=0 ensureCurtain=0 internalMutations=0
09-08 10:17:48.549  8375  8375 I ChromeMediaShieldStatus: v=1 seq=16 kind=rendererApis callScan=createElement=0/0 createElementNS=0/0 appendChild=0/0 insertBefore=0/0 replaceChild=0/0 append=0/0 prepend=0/0 replaceChildren=0/0 before=0/0 after=0/0 replaceWith=0/0 adjacentElement=0/0 moveBefore=0/0 rangeInsert=0/0 rangeSurround=0/0 adoptNode=0/0 cloneNode=0/0 importNode=0/0 safeMarkup=0/0 innerHTML=0/0 outerHTML=0/0 insertAdjacentHTML=0/0 setHTML=0/0 shadowInnerHTML=0/0 execCommandInsertHTML=0/0 mappedTextContent=0/0
09-08 10:17:48.549  8375  8375 I ChromeMediaShieldStatus: v=1 seq=16 kind=rendererFamilies roots=element/fragment/text/other factory:calls=0,scans=0,direct=0,roots=0/0/0/0,nodes=0,micros=0,maxMicros=0 domGuard:calls=0,scans=0,direct=0,roots=0/0/0/0,nodes=0,micros=0,maxMicros=0 markup:calls=0,scans=0,direct=0,roots=0/0/0/0,nodes=0,micros=0,maxMicros=0
09-08 10:17:48.549  8375  8375 I ChromeMediaShieldStatus: v=1 seq=16 kind=uiSvg registered=2 registryBytes=351 cssRewritten=1 cssRejected=0 networkAccepted=1 networkRejected=1 assetServed=3 assetRejected=0
09-08 10:17:48.549  8375  8375 I ChromeMediaShieldStatus: v=1 seq=16 kind=health failures=0 clientDisconnects=6 proxyQueueRejects=0 protectFailure=0 quicAttempts=0 directTcpAttempts=0 active=true ready=true
09-08 10:17:48.549  8375  8375 I ChromeMediaShieldStatus: v=1 seq=16 kind=fixture report=REPORT=not_run,DOCUMENTS=0,FRAMES=0,SCRIPTS=0,FIRST_ORIGINAL_SCRIPTS=0,STYLES=0,WORKERS=0,SERVICE_WORKERS=0,FRAME_REPORTS=0,FRAME_REPORT_REJECTS=0,FRAME_REPORT=not_run,FRAME_REPORT_SHA=not_run,FRAME_CHALLENGE_SHA=not_run,FRAME_GENERATION=0,FRAME_ACCEPTED_CHALLENGE_SHA=not_run,FRAME_REPORT_BINDING_SHA=not_run,SAME_URL_BODIES=0,REPORTS=0,SW_BOUNDARY={INSTALL_DOCS=0,WORKER_SCRIPTS=0,WORKER_PROBE_SCRIPTS=0,PROBE_DOCS=0,CLEANUP_DOCS=0,REPORTS_ACCEPTED=0,REPORTS_REJECTED=0,CONTROLLER_PRESENT=0,CONTROLLER_MISSING=0,NAV_FETCHES=0,SELF_READY_FETCHES=0,SELF_READY_PASS_THROUGH=0,SELF_READY_SYNTHETIC=0,NAV_SYNTHETIC=0,RESET_BASELINE_CLEAN=0,RESET_BASELINE_DIRTY=0,REGISTER_BLOCKED=0,REGISTER_SUCCEEDED=0,WORKER_REGISTER_BLOCKED=0,WORKER_REGISTER_SUCCEEDED=0,WORKER_REGISTER_UNSUPPORTED=0,WORKER_REGISTER_ERROR=0,LAST_CASE=none,LAST_EVENT=none,LAST_VALUE=none},UI_SVG={INLINE_ORIGINAL:PASS,INLINE_CLICK:PASS,SPRITE_ORIGINAL:PASS,UNSAFE_SPRITE_FAIL_CLOSED:PASS,AMBIGUOUS_REFERENCE_FAIL_CLOSED:PASS,STATIC_CSS:PASS,EXTERNAL_CSS:PASS,STYLE_ATTRIBUTE:PASS,DATA_IMAGE:PASS,FAVICON:PASS,PROTECTED_HEAD_RETENTION:PASS,NETWORK_SVG:PASS,UNSAFE_NETWORK_FAIL_CLOSED:PASS,DYNAMIC_CSS:PASS,RASTER_FAIL_CLOSED:PASS,UNSAFE_INLINE_FAIL_CLOSED:PASS}
09-08 10:18:33.032  8375  8375 I ChromePhotosDataPlane: phase=status statusSequence=17 lifecycle=PresentationReady active=true ready=true connections=120 requests=506 safe=93 blocked=4 unknown=18 passthrough=346 cacheHits=25 cacheMisses=76 failures=0 clientDisconnects=6 bytesIn=49756606 bytesOut=45769549 streamed=33 proxyQueueRejects=0 proxyActivePeak=21 proxyP50Ms=2.556 proxyP95Ms=1989.593 proxyP99Ms=2877.377 upstreamSockets=46 protectSuccess=46 protectFailure=0 web11a=not_run web11b=not_run modelLoadMs=555.259 engineCalls=81 dedupeHits=0 decisionCacheConfig=256 decisionConcurrencyConfig=1 decisionQueueConfig=2 decisionTimeoutMs=5000 engineCallsPerRequest=0.7641509433962265 inferencePeak=1 inFlightPeak=2 queuePeak=1 queueRejects=0 timeouts=0 inferenceP50Ms=137.488229 inferenceP95Ms=556.181614 inferenceP99Ms=578.723699 decisionP50Ms=282.366823 decisionP95Ms=1083.320781 decisionP99Ms=1142.23526 cacheHitP50Ms=0.075833 cacheHitP95Ms=0.112657 cacheEntries=81 cacheEvictions=0 preprocessP50Ms=5.441771 preprocessP95Ms=72.769115 preprocessP99Ms=103.885781 preparedCount1=58 preparedCount4=21 preparedCount5=1 preparedCountOther=1 decisionBasis=FullThreshold:3,None:76,Other:1,UncertainRegional:1 imageCandidates=121 imagePrefixPeeks=2 imageMagicCandidates=0 imageBodyAdmissionPeak=2 imageBodyAdmissionRejects=0 networkVisualCandidates=120 networkVisualReplaced=0 networkVisualRawDelivered=0 networkVisualSafeRawDelivered=93 networkVisualBlockedReplaced=4 networkVisualUnknownReplaced=0 networkVisualUnsupportedReplaced=17 networkVisualRawBlockedDelivered=0 networkVisualRawUnknownDelivered=0 networkVisualCacheHit=25 networkVisualInference=75 mediaDocumentsTransformed=10 mediaDocumentsFailClosed=1 documentTransformOutstanding=0 readyTokensOutstanding=10 uiSvgRegistered=2 uiSvgRegistryBytes=351 uiSvgCssRewritten=1 uiSvgCssRejected=0 uiSvgNetworkAccepted=1 uiSvgNetworkRejected=1 uiSvgAssetServed=3 uiSvgAssetRejected=0 h18=REPORT=not_run,EVENT_SEQUENCE=0,COMPAT_DOCS=0,STRICT_DOCS=0,STYLE_REQ=0,SCRIPT_REQ=0,DATA_REQ=0,NETWORK_REQ=0,REPORTS=0,LAST_DOC=none,NETWORK_SHA=ee17e3f62edde61823ce35732ea168f4f5986bff347ccfac063eca7f4009ee1b,AUDIT_SHA=74d4467bbf6833db4eeab998495b7dfc50db3b1f04f407704b839ad3f4b25582 h19=REPORT=not_run,DOCUMENTS=0,FRAMES=0,SCRIPTS=0,FIRST_ORIGINAL_SCRIPTS=0,STYLES=0,WORKERS=0,SERVICE_WORKERS=0,FRAME_REPORTS=0,FRAME_REPORT_REJECTS=0,FRAME_REPORT=not_run,FRAME_REPORT_SHA=not_run,FRAME_CHALLENGE_SHA=not_run,FRAME_GENERATION=0,FRAME_ACCEPTED_CHALLENGE_SHA=not_run,FRAME_REPORT_BINDING_SHA=not_run,SAME_URL_BODIES=0,REPORTS=0,SW_BOUNDARY={INSTALL_DOCS=0,WORKER_SCRIPTS=0,WORKER_PROBE_SCRIPTS=0,PROBE_DOCS=0,CLEANUP_DOCS=0,REPORTS_ACCEPTED=0,REPORTS_REJECTED=0,CONTROLLER_PRESENT=0,CONTROLLER_MISSING=0,NAV_FETCHES=0,SELF_READY_FETCHES=0,SELF_READY_PASS_THROUGH=0,SELF_READY_SYNTHETIC=0,NAV_SYNTHETIC=0,RESET_BASELINE_CLEAN=0,RESET_BASELINE_DIRTY=0,REGISTER_BLOCKED=0,REGISTER_SUCCEEDED=0,WORKER_REGISTER_BLOCKED=0,WORKER_REGISTER_SUCCEEDED=0,WORKER_REGISTER_UNSUPPORTED=0,WORKER_REGISTER_ERROR=0,LAST_CASE=none,LAST_EVENT=none,LAST_VALUE=none},UI_SVG={INLINE_ORIGINAL:PASS,INLINE_CLICK:PASS,SPRITE_ORIGINAL:PASS,UNSAFE_SPRITE_FAIL_CLOSED:PASS,AMBIGUOUS_REFERENCE_FAIL_CLOSED:PASS,STATIC_CSS:PASS,EXTERNAL_CSS:PASS,STYLE_ATTRIBUTE:PASS,DATA_IMAGE:PASS,FAVICON:PASS,PROTECTED_HEAD_RETENTION:PASS,NETWORK_SVG:PASS,UNSAFE_NETWORK_FAIL_CLOSED:PASS,DYNAMIC_CSS:PASS,RASTER_FAIL_CLOSED:PASS,UNSAFE_INLINE_FAIL_CLOSED:PASS} quicAttempts=0 directTcpAttempts=0 bootstrapResetGeneration=2 bootstrapCompleteGeneration=2 bootstrapResetCount=3 chromeSuspended=false guardSession=555 guardHeartbeatSequence=1509 audit17State=0 audit17Navigation=0 audit17Events=121 audit17Dropped=0
09-08 10:18:33.032  8375  8375 I ChromeMediaShieldStatus: v=1 seq=17 kind=network mode=selective candidates=120 replaced=0 rawDelivered=0 safeRaw=93 blockedReplaced=4 unknownReplaced=0 unsupportedReplaced=17 rawBlocked=0 rawUnknown=0 cacheHit=25 decisionEngine=75 engineCalls=81
09-08 10:18:33.032  8375  8375 I ChromeMediaShieldStatus: v=1 seq=17 kind=document transformed=10 failClosed=1 outstanding=0 issued=10 claims=8 documentSequence=10 navigationSequence=8 readyRequests=24 readyPreflights=0 readyAccepted=8 readyRejected=0 parserBarrierRequests=0 parserBarrierReady=0 parserBarrierFailClosed=0 selfShield=true selfReadyRequests=8 selfReadyAccepted=8 selfReadyRejected=0 selfReadyRejectReason=none selfShieldReleaseCompleted=8 selfShieldParserContinued=8 selfShieldOriginalScriptStarted=0 selfShieldTraceRejected=0 selfShieldTraceOutstanding=6 bootstrapDiagnosticAccepted=0 bootstrapDiagnosticRejected=0 bootstrapDiagnosticRejectReason=none bootstrapDiagnosticStage=none bootstrapDiagnosticReason=none bootstrapDiagnosticOutstanding=0
09-08 10:18:33.033  8375  8375 I ChromeMediaShieldStatus: v=1 seq=17 kind=renderer reports=0 rejected=0 globalCallbacks=0 globalRecords=0 childRecords=0 attributeRecords=0 maxRecords=0 scanCalls=0 scanRoot=0 scanNodes=0 maxScanNodes=0 scanMicros=0 maxScanMicros=0 observerChildScans=0 observerAttributeScans=0 guardedScans=0 markupScans=0 shadowScans=0 initialScans=0 otherScans=0 sanitizeElement=0 sanitizeContainer=0 img=0 source=0 svg=0 iframe=0 canvas=0 video=0 safeIcon=0 lockIcon=0 geometryWrites=0 svgRecords=0 shadowRoots=0 shadowObservers=0 shadowCallbacks=0 shadowRecords=0 shadowScanCalls=0 ensureStyle=0 ensureCurtain=0 internalMutations=0
09-08 10:18:33.033  8375  8375 I ChromeMediaShieldStatus: v=1 seq=17 kind=rendererApis callScan=createElement=0/0 createElementNS=0/0 appendChild=0/0 insertBefore=0/0 replaceChild=0/0 append=0/0 prepend=0/0 replaceChildren=0/0 before=0/0 after=0/0 replaceWith=0/0 adjacentElement=0/0 moveBefore=0/0 rangeInsert=0/0 rangeSurround=0/0 adoptNode=0/0 cloneNode=0/0 importNode=0/0 safeMarkup=0/0 innerHTML=0/0 outerHTML=0/0 insertAdjacentHTML=0/0 setHTML=0/0 shadowInnerHTML=0/0 execCommandInsertHTML=0/0 mappedTextContent=0/0
09-08 10:18:33.033  8375  8375 I ChromeMediaShieldStatus: v=1 seq=17 kind=rendererFamilies roots=element/fragment/text/other factory:calls=0,scans=0,direct=0,roots=0/0/0/0,nodes=0,micros=0,maxMicros=0 domGuard:calls=0,scans=0,direct=0,roots=0/0/0/0,nodes=0,micros=0,maxMicros=0 markup:calls=0,scans=0,direct=0,roots=0/0/0/0,nodes=0,micros=0,maxMicros=0
09-08 10:18:33.033  8375  8375 I ChromeMediaShieldStatus: v=1 seq=17 kind=uiSvg registered=2 registryBytes=351 cssRewritten=1 cssRejected=0 networkAccepted=1 networkRejected=1 assetServed=3 assetRejected=0
09-08 10:18:33.033  8375  8375 I ChromeMediaShieldStatus: v=1 seq=17 kind=health failures=0 clientDisconnects=6 proxyQueueRejects=0 protectFailure=0 quicAttempts=0 directTcpAttempts=0 active=true ready=true
09-08 10:18:33.033  8375  8375 I ChromeMediaShieldStatus: v=1 seq=17 kind=fixture report=REPORT=not_run,DOCUMENTS=0,FRAMES=0,SCRIPTS=0,FIRST_ORIGINAL_SCRIPTS=0,STYLES=0,WORKERS=0,SERVICE_WORKERS=0,FRAME_REPORTS=0,FRAME_REPORT_REJECTS=0,FRAME_REPORT=not_run,FRAME_REPORT_SHA=not_run,FRAME_CHALLENGE_SHA=not_run,FRAME_GENERATION=0,FRAME_ACCEPTED_CHALLENGE_SHA=not_run,FRAME_REPORT_BINDING_SHA=not_run,SAME_URL_BODIES=0,REPORTS=0,SW_BOUNDARY={INSTALL_DOCS=0,WORKER_SCRIPTS=0,WORKER_PROBE_SCRIPTS=0,PROBE_DOCS=0,CLEANUP_DOCS=0,REPORTS_ACCEPTED=0,REPORTS_REJECTED=0,CONTROLLER_PRESENT=0,CONTROLLER_MISSING=0,NAV_FETCHES=0,SELF_READY_FETCHES=0,SELF_READY_PASS_THROUGH=0,SELF_READY_SYNTHETIC=0,NAV_SYNTHETIC=0,RESET_BASELINE_CLEAN=0,RESET_BASELINE_DIRTY=0,REGISTER_BLOCKED=0,REGISTER_SUCCEEDED=0,WORKER_REGISTER_BLOCKED=0,WORKER_REGISTER_SUCCEEDED=0,WORKER_REGISTER_UNSUPPORTED=0,WORKER_REGISTER_ERROR=0,LAST_CASE=none,LAST_EVENT=none,LAST_VALUE=none},UI_SVG={INLINE_ORIGINAL:PASS,INLINE_CLICK:PASS,SPRITE_ORIGINAL:PASS,UNSAFE_SPRITE_FAIL_CLOSED:PASS,AMBIGUOUS_REFERENCE_FAIL_CLOSED:PASS,STATIC_CSS:PASS,EXTERNAL_CSS:PASS,STYLE_ATTRIBUTE:PASS,DATA_IMAGE:PASS,FAVICON:PASS,PROTECTED_HEAD_RETENTION:PASS,NETWORK_SVG:PASS,UNSAFE_NETWORK_FAIL_CLOSED:PASS,DYNAMIC_CSS:PASS,RASTER_FAIL_CLOSED:PASS,UNSAFE_INLINE_FAIL_CLOSED:PASS}
09-08 10:18:48.521  8375  8375 I ChromePhotosDataPlane: phase=status statusSequence=18 lifecycle=PresentationReady active=true ready=true connections=120 requests=506 safe=93 blocked=4 unknown=18 passthrough=346 cacheHits=25 cacheMisses=76 failures=0 clientDisconnects=6 bytesIn=49756606 bytesOut=45769549 streamed=33 proxyQueueRejects=0 proxyActivePeak=21 proxyP50Ms=2.556 proxyP95Ms=1989.593 proxyP99Ms=2877.377 upstreamSockets=46 protectSuccess=46 protectFailure=0 web11a=not_run web11b=not_run modelLoadMs=555.259 engineCalls=81 dedupeHits=0 decisionCacheConfig=256 decisionConcurrencyConfig=1 decisionQueueConfig=2 decisionTimeoutMs=5000 engineCallsPerRequest=0.7641509433962265 inferencePeak=1 inFlightPeak=2 queuePeak=1 queueRejects=0 timeouts=0 inferenceP50Ms=137.488229 inferenceP95Ms=556.181614 inferenceP99Ms=578.723699 decisionP50Ms=282.366823 decisionP95Ms=1083.320781 decisionP99Ms=1142.23526 cacheHitP50Ms=0.075833 cacheHitP95Ms=0.112657 cacheEntries=81 cacheEvictions=0 preprocessP50Ms=5.441771 preprocessP95Ms=72.769115 preprocessP99Ms=103.885781 preparedCount1=58 preparedCount4=21 preparedCount5=1 preparedCountOther=1 decisionBasis=FullThreshold:3,None:76,Other:1,UncertainRegional:1 imageCandidates=121 imagePrefixPeeks=2 imageMagicCandidates=0 imageBodyAdmissionPeak=2 imageBodyAdmissionRejects=0 networkVisualCandidates=120 networkVisualReplaced=0 networkVisualRawDelivered=0 networkVisualSafeRawDelivered=93 networkVisualBlockedReplaced=4 networkVisualUnknownReplaced=0 networkVisualUnsupportedReplaced=17 networkVisualRawBlockedDelivered=0 networkVisualRawUnknownDelivered=0 networkVisualCacheHit=25 networkVisualInference=75 mediaDocumentsTransformed=10 mediaDocumentsFailClosed=1 documentTransformOutstanding=0 readyTokensOutstanding=10 uiSvgRegistered=2 uiSvgRegistryBytes=351 uiSvgCssRewritten=1 uiSvgCssRejected=0 uiSvgNetworkAccepted=1 uiSvgNetworkRejected=1 uiSvgAssetServed=3 uiSvgAssetRejected=0 h18=REPORT=not_run,EVENT_SEQUENCE=0,COMPAT_DOCS=0,STRICT_DOCS=0,STYLE_REQ=0,SCRIPT_REQ=0,DATA_REQ=0,NETWORK_REQ=0,REPORTS=0,LAST_DOC=none,NETWORK_SHA=ee17e3f62edde61823ce35732ea168f4f5986bff347ccfac063eca7f4009ee1b,AUDIT_SHA=74d4467bbf6833db4eeab998495b7dfc50db3b1f04f407704b839ad3f4b25582 h19=REPORT=not_run,DOCUMENTS=0,FRAMES=0,SCRIPTS=0,FIRST_ORIGINAL_SCRIPTS=0,STYLES=0,WORKERS=0,SERVICE_WORKERS=0,FRAME_REPORTS=0,FRAME_REPORT_REJECTS=0,FRAME_REPORT=not_run,FRAME_REPORT_SHA=not_run,FRAME_CHALLENGE_SHA=not_run,FRAME_GENERATION=0,FRAME_ACCEPTED_CHALLENGE_SHA=not_run,FRAME_REPORT_BINDING_SHA=not_run,SAME_URL_BODIES=0,REPORTS=0,SW_BOUNDARY={INSTALL_DOCS=0,WORKER_SCRIPTS=0,WORKER_PROBE_SCRIPTS=0,PROBE_DOCS=0,CLEANUP_DOCS=0,REPORTS_ACCEPTED=0,REPORTS_REJECTED=0,CONTROLLER_PRESENT=0,CONTROLLER_MISSING=0,NAV_FETCHES=0,SELF_READY_FETCHES=0,SELF_READY_PASS_THROUGH=0,SELF_READY_SYNTHETIC=0,NAV_SYNTHETIC=0,RESET_BASELINE_CLEAN=0,RESET_BASELINE_DIRTY=0,REGISTER_BLOCKED=0,REGISTER_SUCCEEDED=0,WORKER_REGISTER_BLOCKED=0,WORKER_REGISTER_SUCCEEDED=0,WORKER_REGISTER_UNSUPPORTED=0,WORKER_REGISTER_ERROR=0,LAST_CASE=none,LAST_EVENT=none,LAST_VALUE=none},UI_SVG={INLINE_ORIGINAL:PASS,INLINE_CLICK:PASS,SPRITE_ORIGINAL:PASS,UNSAFE_SPRITE_FAIL_CLOSED:PASS,AMBIGUOUS_REFERENCE_FAIL_CLOSED:PASS,STATIC_CSS:PASS,EXTERNAL_CSS:PASS,STYLE_ATTRIBUTE:PASS,DATA_IMAGE:PASS,FAVICON:PASS,PROTECTED_HEAD_RETENTION:PASS,NETWORK_SVG:PASS,UNSAFE_NETWORK_FAIL_CLOSED:PASS,DYNAMIC_CSS:PASS,RASTER_FAIL_CLOSED:PASS,UNSAFE_INLINE_FAIL_CLOSED:PASS} quicAttempts=0 directTcpAttempts=0 bootstrapResetGeneration=2 bootstrapCompleteGeneration=2 bootstrapResetCount=3 chromeSuspended=false guardSession=555 guardHeartbeatSequence=1537 audit17State=0 audit17Navigation=0 audit17Events=121 audit17Dropped=0
09-08 10:18:48.521  8375  8375 I ChromeMediaShieldStatus: v=1 seq=18 kind=network mode=selective candidates=120 replaced=0 rawDelivered=0 safeRaw=93 blockedReplaced=4 unknownReplaced=0 unsupportedReplaced=17 rawBlocked=0 rawUnknown=0 cacheHit=25 decisionEngine=75 engineCalls=81
09-08 10:18:48.521  8375  8375 I ChromeMediaShieldStatus: v=1 seq=18 kind=document transformed=10 failClosed=1 outstanding=0 issued=10 claims=8 documentSequence=10 navigationSequence=8 readyRequests=24 readyPreflights=0 readyAccepted=8 readyRejected=0 parserBarrierRequests=0 parserBarrierReady=0 parserBarrierFailClosed=0 selfShield=true selfReadyRequests=8 selfReadyAccepted=8 selfReadyRejected=0 selfReadyRejectReason=none selfShieldReleaseCompleted=8 selfShieldParserContinued=8 selfShieldOriginalScriptStarted=0 selfShieldTraceRejected=0 selfShieldTraceOutstanding=6 bootstrapDiagnosticAccepted=0 bootstrapDiagnosticRejected=0 bootstrapDiagnosticRejectReason=none bootstrapDiagnosticStage=none bootstrapDiagnosticReason=none bootstrapDiagnosticOutstanding=0
09-08 10:18:48.522  8375  8375 I ChromeMediaShieldStatus: v=1 seq=18 kind=renderer reports=0 rejected=0 globalCallbacks=0 globalRecords=0 childRecords=0 attributeRecords=0 maxRecords=0 scanCalls=0 scanRoot=0 scanNodes=0 maxScanNodes=0 scanMicros=0 maxScanMicros=0 observerChildScans=0 observerAttributeScans=0 guardedScans=0 markupScans=0 shadowScans=0 initialScans=0 otherScans=0 sanitizeElement=0 sanitizeContainer=0 img=0 source=0 svg=0 iframe=0 canvas=0 video=0 safeIcon=0 lockIcon=0 geometryWrites=0 svgRecords=0 shadowRoots=0 shadowObservers=0 shadowCallbacks=0 shadowRecords=0 shadowScanCalls=0 ensureStyle=0 ensureCurtain=0 internalMutations=0
09-08 10:18:48.522  8375  8375 I ChromeMediaShieldStatus: v=1 seq=18 kind=rendererApis callScan=createElement=0/0 createElementNS=0/0 appendChild=0/0 insertBefore=0/0 replaceChild=0/0 append=0/0 prepend=0/0 replaceChildren=0/0 before=0/0 after=0/0 replaceWith=0/0 adjacentElement=0/0 moveBefore=0/0 rangeInsert=0/0 rangeSurround=0/0 adoptNode=0/0 cloneNode=0/0 importNode=0/0 safeMarkup=0/0 innerHTML=0/0 outerHTML=0/0 insertAdjacentHTML=0/0 setHTML=0/0 shadowInnerHTML=0/0 execCommandInsertHTML=0/0 mappedTextContent=0/0
09-08 10:18:48.522  8375  8375 I ChromeMediaShieldStatus: v=1 seq=18 kind=rendererFamilies roots=element/fragment/text/other factory:calls=0,scans=0,direct=0,roots=0/0/0/0,nodes=0,micros=0,maxMicros=0 domGuard:calls=0,scans=0,direct=0,roots=0/0/0/0,nodes=0,micros=0,maxMicros=0 markup:calls=0,scans=0,direct=0,roots=0/0/0/0,nodes=0,micros=0,maxMicros=0
09-08 10:18:48.522  8375  8375 I ChromeMediaShieldStatus: v=1 seq=18 kind=uiSvg registered=2 registryBytes=351 cssRewritten=1 cssRejected=0 networkAccepted=1 networkRejected=1 assetServed=3 assetRejected=0
09-08 10:18:48.522  8375  8375 I ChromeMediaShieldStatus: v=1 seq=18 kind=health failures=0 clientDisconnects=6 proxyQueueRejects=0 protectFailure=0 quicAttempts=0 directTcpAttempts=0 active=true ready=true
09-08 10:18:48.522  8375  8375 I ChromeMediaShieldStatus: v=1 seq=18 kind=fixture report=REPORT=not_run,DOCUMENTS=0,FRAMES=0,SCRIPTS=0,FIRST_ORIGINAL_SCRIPTS=0,STYLES=0,WORKERS=0,SERVICE_WORKERS=0,FRAME_REPORTS=0,FRAME_REPORT_REJECTS=0,FRAME_REPORT=not_run,FRAME_REPORT_SHA=not_run,FRAME_CHALLENGE_SHA=not_run,FRAME_GENERATION=0,FRAME_ACCEPTED_CHALLENGE_SHA=not_run,FRAME_REPORT_BINDING_SHA=not_run,SAME_URL_BODIES=0,REPORTS=0,SW_BOUNDARY={INSTALL_DOCS=0,WORKER_SCRIPTS=0,WORKER_PROBE_SCRIPTS=0,PROBE_DOCS=0,CLEANUP_DOCS=0,REPORTS_ACCEPTED=0,REPORTS_REJECTED=0,CONTROLLER_PRESENT=0,CONTROLLER_MISSING=0,NAV_FETCHES=0,SELF_READY_FETCHES=0,SELF_READY_PASS_THROUGH=0,SELF_READY_SYNTHETIC=0,NAV_SYNTHETIC=0,RESET_BASELINE_CLEAN=0,RESET_BASELINE_DIRTY=0,REGISTER_BLOCKED=0,REGISTER_SUCCEEDED=0,WORKER_REGISTER_BLOCKED=0,WORKER_REGISTER_SUCCEEDED=0,WORKER_REGISTER_UNSUPPORTED=0,WORKER_REGISTER_ERROR=0,LAST_CASE=none,LAST_EVENT=none,LAST_VALUE=none},UI_SVG={INLINE_ORIGINAL:PASS,INLINE_CLICK:PASS,SPRITE_ORIGINAL:PASS,UNSAFE_SPRITE_FAIL_CLOSED:PASS,AMBIGUOUS_REFERENCE_FAIL_CLOSED:PASS,STATIC_CSS:PASS,EXTERNAL_CSS:PASS,STYLE_ATTRIBUTE:PASS,DATA_IMAGE:PASS,FAVICON:PASS,PROTECTED_HEAD_RETENTION:PASS,NETWORK_SVG:PASS,UNSAFE_NETWORK_FAIL_CLOSED:PASS,DYNAMIC_CSS:PASS,RASTER_FAIL_CLOSED:PASS,UNSAFE_INLINE_FAIL_CLOSED:PASS}
