--------- beginning of main
09-08 02:25:35.765 20204 20401 I ChromePhotosDataPlane: bootstrap=chrome_blocked reason=session_start
09-08 02:25:35.945 20204 20401 I ChromePhotosDataPlane: rollback=complete proxy=cleared ca=removed
09-08 02:25:35.946 20204 20401 I ChromePhotosDataPlane: bootstrap=chrome_reset_skipped generation=2 resetCount=3
09-08 02:25:36.023 20204 20400 I ChromePhotosDataPlane: vpnAttestation=revoked session=7dec0dd3 fullTunnelApplied=false chromePackageAdmitted=true
09-08 02:25:37.087 20204 20435 I ChromePhotosDataPlane: phase=proxy_ready bind=loopback port=8877
09-08 02:25:37.161 20204 20435 I ChromePhotosDataPlane: policy=chrome-only proxy=fixed stockMedia=true policyTypes=AIModeSettings:Integer,AllowBackForwardCacheForCacheControlNoStorePageEnabled:Boolean,BackForwardCacheEnabled:Boolean,DataUrlInSvgUseEnabled:Boolean,FindsSettings:Integer,ForceGoogleSafeSearch:Boolean,IncognitoModeAvailability:Integer,NTPContentSuggestionsEnabled:Boolean,SearchContentSharingSettings:Integer,SearchSuggestEnabled:Boolean,URLAllowlist:String,URLBlocklist:String ca=3cbd64fb0355fd39
09-08 02:25:37.170 20204 20204 I ChromePhotosDataPlane: vpnAttestation=revoked session=7dec0dd3 fullTunnelApplied=false chromePackageAdmitted=false
09-08 02:25:37.178 20204 20435 I ChromePhotosDataPlane: phase=active owner=device_owner scope=chrome_only session=7dec0dd3 ca=3cbd64fb0355fd39 model=R3.1 modelSha=c8b64af8092d3718c58736a511c996d0d443dacf3eaa74620b1e5af439a3cd48 policy=dag-36 modelLoadMs=421.321 fixture=controlled fallbackHosts=5 routes=0 udpFixture=false udpTarget=:0 transport=full_tunnel_dev networkVisualMode=selective stockMediaAuthority=true documentSelfShield=true privacy=public_only_memory_only
09-08 02:25:37.467 20204 20431 I ChromePhotosDataPlane: vpnAttestation=confirmed session=7dec0dd3 fullTunnelApplied=true chromePackageAdmitted=true
09-08 02:25:37.634 20204 20439 I ChromePhotosDataPlane: phase=presentation_ready scope=real_web failSafe=armed
09-08 02:25:53.990 20204 20512 I ChromePhotosDataPlane: bootstrap=chrome_blocked reason=manual_stop
09-08 02:25:53.999 20204 20512 I ChromePhotosDataPlane: phase=fail_closed reason=manual_stop
09-08 02:25:54.007 20204 20512 I ChromePhotosDataPlane: phase=status statusSequence=1 lifecycle=PresentationReady active=true ready=false connections=0 requests=0 safe=0 blocked=0 unknown=0 passthrough=0 cacheHits=0 cacheMisses=0 failures=0 clientDisconnects=0 bytesIn=0 bytesOut=0 streamed=0 proxyQueueRejects=0 proxyActivePeak=0 proxyP50Ms=0.000 proxyP95Ms=0.000 proxyP99Ms=0.000 upstreamSockets=0 protectSuccess=0 protectFailure=0 web11a=not_run web11b=not_run modelLoadMs=421.321 engineCalls=0 dedupeHits=0 decisionCacheConfig=64 decisionConcurrencyConfig=1 decisionQueueConfig=2 decisionTimeoutMs=5000 engineCallsPerRequest=0.0 inferencePeak=0 inFlightPeak=0 queuePeak=0 queueRejects=0 timeouts=0 inferenceP50Ms=0.0 inferenceP95Ms=0.0 inferenceP99Ms=0.0 decisionP50Ms=0.0 decisionP95Ms=0.0 decisionP99Ms=0.0 cacheHitP50Ms=0.0 cacheHitP95Ms=0.0 cacheEntries=0 cacheEvictions=0 preprocessP50Ms=0.0 preprocessP95Ms=0.0 preprocessP99Ms=0.0 preparedCount1=0 preparedCount4=0 preparedCount5=0 preparedCountOther=0 decisionBasis= imageCandidates=0 imagePrefixPeeks=0 imageMagicCandidates=0 imageBodyAdmissionPeak=0 imageBodyAdmissionRejects=0 networkVisualCandidates=0 networkVisualReplaced=0 networkVisualRawDelivered=0 networkVisualSafeRawDelivered=0 networkVisualBlockedReplaced=0 networkVisualUnknownReplaced=0 networkVisualUnsupportedReplaced=0 networkVisualRawBlockedDelivered=0 networkVisualRawUnknownDelivered=0 networkVisualCacheHit=0 networkVisualInference=0 mediaDocumentsTransformed=0 mediaDocumentsFailClosed=0 documentTransformOutstanding=0 readyTokensOutstanding=0 uiSvgRegistered=0 uiSvgRegistryBytes=0 uiSvgCssRewritten=0 uiSvgCssRejected=0 uiSvgNetworkAccepted=0 uiSvgNetworkRejected=0 uiSvgAssetServed=0 uiSvgAssetRejected=0 h18=REPORT=not_run,EVENT_SEQUENCE=0,COMPAT_DOCS=0,STRICT_DOCS=0,STYLE_REQ=0,SCRIPT_REQ=0,DATA_REQ=0,NETWORK_REQ=0,REPORTS=0,LAST_DOC=none,NETWORK_SHA=ee17e3f62edde61823ce35732ea168f4f5986bff347ccfac063eca7f4009ee1b,AUDIT_SHA=74d4467bbf6833db4eeab998495b7dfc50db3b1f04f407704b839ad3f4b25582 h19=REPORT=not_run,DOCUMENTS=0,FRAMES=0,SCRIPTS=0,FIRST_ORIGINAL_SCRIPTS=0,STYLES=0,WORKERS=0,SERVICE_WORKERS=0,FRAME_REPORTS=0,FRAME_REPORT_REJECTS=0,FRAME_REPORT=not_run,FRAME_REPORT_SHA=not_run,FRAME_CHALLENGE_SHA=not_run,FRAME_GENERATION=0,FRAME_ACCEPTED_CHALLENGE_SHA=not_run,FRAME_REPORT_BINDING_SHA=not_run,SAME_URL_BODIES=0,REPORTS=0,SW_BOUNDARY={INSTALL_DOCS=0,WORKER_SCRIPTS=0,WORKER_PROBE_SCRIPTS=0,PROBE_DOCS=0,CLEANUP_DOCS=0,REPORTS_ACCEPTED=0,REPORTS_REJECTED=0,CONTROLLER_PRESENT=0,CONTROLLER_MISSING=0,NAV_FETCHES=0,SELF_READY_FETCHES=0,SELF_READY_PASS_THROUGH=0,SELF_READY_SYNTHETIC=0,NAV_SYNTHETIC=0,RESET_BASELINE_CLEAN=0,RESET_BASELINE_DIRTY=0,REGISTER_BLOCKED=0,REGISTER_SUCCEEDED=0,WORKER_REGISTER_BLOCKED=0,WORKER_REGISTER_SUCCEEDED=0,WORKER_REGISTER_UNSUPPORTED=0,WORKER_REGISTER_ERROR=0,LAST_CASE=none,LAST_EVENT=none,LAST_VALUE=none},UI_SVG={not_run} quicAttempts=0 directTcpAttempts=0 bootstrapResetGeneration=2 bootstrapCompleteGeneration=2 bootstrapResetCount=3 chromeSuspended=true guardSession=533 guardHeartbeatSequence=30 audit17State=0 audit17Navigation=0 audit17Events=0 audit17Dropped=0
09-08 02:25:54.007 20204 20512 I ChromeMediaShieldStatus: v=1 seq=1 kind=network mode=selective candidates=0 replaced=0 rawDelivered=0 safeRaw=0 blockedReplaced=0 unknownReplaced=0 unsupportedReplaced=0 rawBlocked=0 rawUnknown=0 cacheHit=0 decisionEngine=0 engineCalls=0
09-08 02:25:54.007 20204 20512 I ChromeMediaShieldStatus: v=1 seq=1 kind=document transformed=0 failClosed=0 outstanding=0 issued=0 claims=0 documentSequence=0 navigationSequence=0 readyRequests=0 readyPreflights=0 readyAccepted=0 readyRejected=0 parserBarrierRequests=0 parserBarrierReady=0 parserBarrierFailClosed=0 selfShield=true selfReadyRequests=0 selfReadyAccepted=0 selfReadyRejected=0 selfReadyRejectReason=none selfShieldReleaseCompleted=0 selfShieldParserContinued=0 selfShieldOriginalScriptStarted=0 selfShieldTraceRejected=0 selfShieldTraceOutstanding=0 bootstrapDiagnosticAccepted=0 bootstrapDiagnosticRejected=0 bootstrapDiagnosticRejectReason=none bootstrapDiagnosticStage=none bootstrapDiagnosticReason=none bootstrapDiagnosticOutstanding=0
09-08 02:25:54.007 20204 20512 I ChromeMediaShieldStatus: v=1 seq=1 kind=renderer reports=0 rejected=0 globalCallbacks=0 globalRecords=0 childRecords=0 attributeRecords=0 maxRecords=0 scanCalls=0 scanRoot=0 scanNodes=0 maxScanNodes=0 scanMicros=0 maxScanMicros=0 observerChildScans=0 observerAttributeScans=0 guardedScans=0 markupScans=0 shadowScans=0 initialScans=0 otherScans=0 sanitizeElement=0 sanitizeContainer=0 img=0 source=0 svg=0 iframe=0 canvas=0 video=0 safeIcon=0 lockIcon=0 geometryWrites=0 svgRecords=0 shadowRoots=0 shadowObservers=0 shadowCallbacks=0 shadowRecords=0 shadowScanCalls=0 ensureStyle=0 ensureCurtain=0 internalMutations=0
09-08 02:25:54.007 20204 20512 I ChromeMediaShieldStatus: v=1 seq=1 kind=rendererApis callScan=createElement=0/0 createElementNS=0/0 appendChild=0/0 insertBefore=0/0 replaceChild=0/0 append=0/0 prepend=0/0 replaceChildren=0/0 before=0/0 after=0/0 replaceWith=0/0 adjacentElement=0/0 moveBefore=0/0 rangeInsert=0/0 rangeSurround=0/0 adoptNode=0/0 cloneNode=0/0 importNode=0/0 safeMarkup=0/0 innerHTML=0/0 outerHTML=0/0 insertAdjacentHTML=0/0 setHTML=0/0 shadowInnerHTML=0/0 execCommandInsertHTML=0/0 mappedTextContent=0/0
09-08 02:25:54.007 20204 20512 I ChromeMediaShieldStatus: v=1 seq=1 kind=rendererFamilies roots=element/fragment/text/other factory:calls=0,scans=0,direct=0,roots=0/0/0/0,nodes=0,micros=0,maxMicros=0 domGuard:calls=0,scans=0,direct=0,roots=0/0/0/0,nodes=0,micros=0,maxMicros=0 markup:calls=0,scans=0,direct=0,roots=0/0/0/0,nodes=0,micros=0,maxMicros=0
09-08 02:25:54.008 20204 20512 I ChromeMediaShieldStatus: v=1 seq=1 kind=uiSvg registered=0 registryBytes=0 cssRewritten=0 cssRejected=0 networkAccepted=0 networkRejected=0 assetServed=0 assetRejected=0
09-08 02:25:54.008 20204 20512 I ChromeMediaShieldStatus: v=1 seq=1 kind=health failures=0 clientDisconnects=0 proxyQueueRejects=0 protectFailure=0 quicAttempts=0 directTcpAttempts=0 active=true ready=false
09-08 02:25:54.008 20204 20512 I ChromeMediaShieldStatus: v=1 seq=1 kind=fixture report=REPORT=not_run,DOCUMENTS=0,FRAMES=0,SCRIPTS=0,FIRST_ORIGINAL_SCRIPTS=0,STYLES=0,WORKERS=0,SERVICE_WORKERS=0,FRAME_REPORTS=0,FRAME_REPORT_REJECTS=0,FRAME_REPORT=not_run,FRAME_REPORT_SHA=not_run,FRAME_CHALLENGE_SHA=not_run,FRAME_GENERATION=0,FRAME_ACCEPTED_CHALLENGE_SHA=not_run,FRAME_REPORT_BINDING_SHA=not_run,SAME_URL_BODIES=0,REPORTS=0,SW_BOUNDARY={INSTALL_DOCS=0,WORKER_SCRIPTS=0,WORKER_PROBE_SCRIPTS=0,PROBE_DOCS=0,CLEANUP_DOCS=0,REPORTS_ACCEPTED=0,REPORTS_REJECTED=0,CONTROLLER_PRESENT=0,CONTROLLER_MISSING=0,NAV_FETCHES=0,SELF_READY_FETCHES=0,SELF_READY_PASS_THROUGH=0,SELF_READY_SYNTHETIC=0,NAV_SYNTHETIC=0,RESET_BASELINE_CLEAN=0,RESET_BASELINE_DIRTY=0,REGISTER_BLOCKED=0,REGISTER_SUCCEEDED=0,WORKER_REGISTER_BLOCKED=0,WORKER_REGISTER_SUCCEEDED=0,WORKER_REGISTER_UNSUPPORTED=0,WORKER_REGISTER_ERROR=0,LAST_CASE=none,LAST_EVENT=none,LAST_VALUE=none},UI_SVG={not_run}
09-08 02:25:54.017 20204 20512 I ChromePhotosDataPlane: phase=proxy_stopped cacheEntries=0 cleanup=complete
09-08 02:25:54.051 20204 20512 I ChromePhotosDataPlane: rollback=complete proxy=cleared ca=removed
09-08 02:25:54.055 20204 20512 I ChromePhotosDataPlane: rollback=vpn_restored action=refresh_routes
09-08 02:25:54.056 20204 20204 I ChromePhotosDataPlane: vpnAttestation=revoked session=7dec0dd3 fullTunnelApplied=false chromePackageAdmitted=false
09-08 02:25:54.058 20204 20512 I ChromePhotosDataPlane: phase=stopped rollback=complete cache=cleared
09-08 02:25:54.087 20204 20204 I ChromePhotosDataPlane: bootstrap=chrome_blocked reason=service_destroyed
09-08 02:25:54.090 20204 20204 I ChromePhotosDataPlane: phase=fail_closed reason=service_destroyed
09-08 02:25:54.094 20204 20204 I ChromePhotosDataPlane: rollback=complete proxy=cleared ca=removed
09-08 02:25:54.165 20204 20512 I ChromePhotosDataPlane: vpnAttestation=revoked session=7dec0dd3 fullTunnelApplied=false chromePackageAdmitted=true
09-08 02:26:02.973 20204 20513 I ChromePhotosDataPlane: bootstrap=chrome_blocked reason=session_start
09-08 02:26:02.977 20204 20513 I ChromePhotosDataPlane: rollback=complete proxy=cleared ca=removed
09-08 02:26:02.977 20204 20513 I ChromePhotosDataPlane: bootstrap=chrome_reset_skipped generation=2 resetCount=3
09-08 02:26:03.795 20204 20513 I ChromePhotosDataPlane: phase=proxy_ready bind=loopback port=8877
09-08 02:26:03.902 20204 20513 I ChromePhotosDataPlane: policy=chrome-only proxy=fixed stockMedia=true policyTypes=AIModeSettings:Integer,AllowBackForwardCacheForCacheControlNoStorePageEnabled:Boolean,BackForwardCacheEnabled:Boolean,DataUrlInSvgUseEnabled:Boolean,FindsSettings:Integer,ForceGoogleSafeSearch:Boolean,IncognitoModeAvailability:Integer,NTPContentSuggestionsEnabled:Boolean,SearchContentSharingSettings:Integer,SearchSuggestEnabled:Boolean,URLAllowlist:String,URLBlocklist:String ca=8be2538814763f0c
09-08 02:26:03.908 20204 20513 I ChromePhotosDataPlane: phase=active owner=device_owner scope=chrome_only session=9cbf25ab ca=8be2538814763f0c model=R3.1 modelSha=c8b64af8092d3718c58736a511c996d0d443dacf3eaa74620b1e5af439a3cd48 policy=dag-36 modelLoadMs=306.189 fixture=controlled fallbackHosts=5 routes=0 udpFixture=false udpTarget=:0 transport=full_tunnel_dev networkVisualMode=selective stockMediaAuthority=true documentSelfShield=true privacy=public_only_memory_only
09-08 02:26:03.911 20204 20204 I ChromePhotosDataPlane: vpnAttestation=revoked session=9cbf25ab fullTunnelApplied=false chromePackageAdmitted=false
09-08 02:26:04.138 20204 20439 I ChromePhotosDataPlane: vpnAttestation=confirmed session=9cbf25ab fullTunnelApplied=true chromePackageAdmitted=true
09-08 02:26:04.348 20204 20436 I ChromePhotosDataPlane: phase=presentation_ready scope=real_web failSafe=armed
09-08 02:26:13.361 20204 20204 I ChromePhotosDataPlane: phase=status statusSequence=1 lifecycle=PresentationReady active=true ready=true connections=0 requests=0 safe=0 blocked=0 unknown=0 passthrough=0 cacheHits=0 cacheMisses=0 failures=0 clientDisconnects=0 bytesIn=0 bytesOut=0 streamed=0 proxyQueueRejects=0 proxyActivePeak=0 proxyP50Ms=0.000 proxyP95Ms=0.000 proxyP99Ms=0.000 upstreamSockets=0 protectSuccess=0 protectFailure=0 web11a=not_run web11b=not_run modelLoadMs=306.189 engineCalls=0 dedupeHits=0 decisionCacheConfig=64 decisionConcurrencyConfig=1 decisionQueueConfig=2 decisionTimeoutMs=5000 engineCallsPerRequest=0.0 inferencePeak=0 inFlightPeak=0 queuePeak=0 queueRejects=0 timeouts=0 inferenceP50Ms=0.0 inferenceP95Ms=0.0 inferenceP99Ms=0.0 decisionP50Ms=0.0 decisionP95Ms=0.0 decisionP99Ms=0.0 cacheHitP50Ms=0.0 cacheHitP95Ms=0.0 cacheEntries=0 cacheEvictions=0 preprocessP50Ms=0.0 preprocessP95Ms=0.0 preprocessP99Ms=0.0 preparedCount1=0 preparedCount4=0 preparedCount5=0 preparedCountOther=0 decisionBasis= imageCandidates=0 imagePrefixPeeks=0 imageMagicCandidates=0 imageBodyAdmissionPeak=0 imageBodyAdmissionRejects=0 networkVisualCandidates=0 networkVisualReplaced=0 networkVisualRawDelivered=0 networkVisualSafeRawDelivered=0 networkVisualBlockedReplaced=0 networkVisualUnknownReplaced=0 networkVisualUnsupportedReplaced=0 networkVisualRawBlockedDelivered=0 networkVisualRawUnknownDelivered=0 networkVisualCacheHit=0 networkVisualInference=0 mediaDocumentsTransformed=0 mediaDocumentsFailClosed=0 documentTransformOutstanding=0 readyTokensOutstanding=0 uiSvgRegistered=0 uiSvgRegistryBytes=0 uiSvgCssRewritten=0 uiSvgCssRejected=0 uiSvgNetworkAccepted=0 uiSvgNetworkRejected=0 uiSvgAssetServed=0 uiSvgAssetRejected=0 h18=REPORT=not_run,EVENT_SEQUENCE=0,COMPAT_DOCS=0,STRICT_DOCS=0,STYLE_REQ=0,SCRIPT_REQ=0,DATA_REQ=0,NETWORK_REQ=0,REPORTS=0,LAST_DOC=none,NETWORK_SHA=ee17e3f62edde61823ce35732ea168f4f5986bff347ccfac063eca7f4009ee1b,AUDIT_SHA=74d4467bbf6833db4eeab998495b7dfc50db3b1f04f407704b839ad3f4b25582 h19=REPORT=not_run,DOCUMENTS=0,FRAMES=0,SCRIPTS=0,FIRST_ORIGINAL_SCRIPTS=0,STYLES=0,WORKERS=0,SERVICE_WORKERS=0,FRAME_REPORTS=0,FRAME_REPORT_REJECTS=0,FRAME_REPORT=not_run,FRAME_REPORT_SHA=not_run,FRAME_CHALLENGE_SHA=not_run,FRAME_GENERATION=0,FRAME_ACCEPTED_CHALLENGE_SHA=not_run,FRAME_REPORT_BINDING_SHA=not_run,SAME_URL_BODIES=0,REPORTS=0,SW_BOUNDARY={INSTALL_DOCS=0,WORKER_SCRIPTS=0,WORKER_PROBE_SCRIPTS=0,PROBE_DOCS=0,CLEANUP_DOCS=0,REPORTS_ACCEPTED=0,REPORTS_REJECTED=0,CONTROLLER_PRESENT=0,CONTROLLER_MISSING=0,NAV_FETCHES=0,SELF_READY_FETCHES=0,SELF_READY_PASS_THROUGH=0,SELF_READY_SYNTHETIC=0,NAV_SYNTHETIC=0,RESET_BASELINE_CLEAN=0,RESET_BASELINE_DIRTY=0,REGISTER_BLOCKED=0,REGISTER_SUCCEEDED=0,WORKER_REGISTER_BLOCKED=0,WORKER_REGISTER_SUCCEEDED=0,WORKER_REGISTER_UNSUPPORTED=0,WORKER_REGISTER_ERROR=0,LAST_CASE=none,LAST_EVENT=none,LAST_VALUE=none},UI_SVG={not_run} quicAttempts=0 directTcpAttempts=0 bootstrapResetGeneration=2 bootstrapCompleteGeneration=2 bootstrapResetCount=3 chromeSuspended=false guardSession=534 guardHeartbeatSequence=17 audit17State=0 audit17Navigation=0 audit17Events=0 audit17Dropped=0
09-08 02:26:13.361 20204 20204 I ChromeMediaShieldStatus: v=1 seq=1 kind=network mode=selective candidates=0 replaced=0 rawDelivered=0 safeRaw=0 blockedReplaced=0 unknownReplaced=0 unsupportedReplaced=0 rawBlocked=0 rawUnknown=0 cacheHit=0 decisionEngine=0 engineCalls=0
09-08 02:26:13.361 20204 20204 I ChromeMediaShieldStatus: v=1 seq=1 kind=document transformed=0 failClosed=0 outstanding=0 issued=0 claims=0 documentSequence=0 navigationSequence=0 readyRequests=0 readyPreflights=0 readyAccepted=0 readyRejected=0 parserBarrierRequests=0 parserBarrierReady=0 parserBarrierFailClosed=0 selfShield=true selfReadyRequests=0 selfReadyAccepted=0 selfReadyRejected=0 selfReadyRejectReason=none selfShieldReleaseCompleted=0 selfShieldParserContinued=0 selfShieldOriginalScriptStarted=0 selfShieldTraceRejected=0 selfShieldTraceOutstanding=0 bootstrapDiagnosticAccepted=0 bootstrapDiagnosticRejected=0 bootstrapDiagnosticRejectReason=none bootstrapDiagnosticStage=none bootstrapDiagnosticReason=none bootstrapDiagnosticOutstanding=0
09-08 02:26:13.362 20204 20204 I ChromeMediaShieldStatus: v=1 seq=1 kind=renderer reports=0 rejected=0 globalCallbacks=0 globalRecords=0 childRecords=0 attributeRecords=0 maxRecords=0 scanCalls=0 scanRoot=0 scanNodes=0 maxScanNodes=0 scanMicros=0 maxScanMicros=0 observerChildScans=0 observerAttributeScans=0 guardedScans=0 markupScans=0 shadowScans=0 initialScans=0 otherScans=0 sanitizeElement=0 sanitizeContainer=0 img=0 source=0 svg=0 iframe=0 canvas=0 video=0 safeIcon=0 lockIcon=0 geometryWrites=0 svgRecords=0 shadowRoots=0 shadowObservers=0 shadowCallbacks=0 shadowRecords=0 shadowScanCalls=0 ensureStyle=0 ensureCurtain=0 internalMutations=0
09-08 02:26:13.362 20204 20204 I ChromeMediaShieldStatus: v=1 seq=1 kind=rendererApis callScan=createElement=0/0 createElementNS=0/0 appendChild=0/0 insertBefore=0/0 replaceChild=0/0 append=0/0 prepend=0/0 replaceChildren=0/0 before=0/0 after=0/0 replaceWith=0/0 adjacentElement=0/0 moveBefore=0/0 rangeInsert=0/0 rangeSurround=0/0 adoptNode=0/0 cloneNode=0/0 importNode=0/0 safeMarkup=0/0 innerHTML=0/0 outerHTML=0/0 insertAdjacentHTML=0/0 setHTML=0/0 shadowInnerHTML=0/0 execCommandInsertHTML=0/0 mappedTextContent=0/0
09-08 02:26:13.362 20204 20204 I ChromeMediaShieldStatus: v=1 seq=1 kind=rendererFamilies roots=element/fragment/text/other factory:calls=0,scans=0,direct=0,roots=0/0/0/0,nodes=0,micros=0,maxMicros=0 domGuard:calls=0,scans=0,direct=0,roots=0/0/0/0,nodes=0,micros=0,maxMicros=0 markup:calls=0,scans=0,direct=0,roots=0/0/0/0,nodes=0,micros=0,maxMicros=0
09-08 02:26:13.362 20204 20204 I ChromeMediaShieldStatus: v=1 seq=1 kind=uiSvg registered=0 registryBytes=0 cssRewritten=0 cssRejected=0 networkAccepted=0 networkRejected=0 assetServed=0 assetRejected=0
09-08 02:26:13.363 20204 20204 I ChromeMediaShieldStatus: v=1 seq=1 kind=health failures=0 clientDisconnects=0 proxyQueueRejects=0 protectFailure=0 quicAttempts=0 directTcpAttempts=0 active=true ready=true
09-08 02:26:13.363 20204 20204 I ChromeMediaShieldStatus: v=1 seq=1 kind=fixture report=REPORT=not_run,DOCUMENTS=0,FRAMES=0,SCRIPTS=0,FIRST_ORIGINAL_SCRIPTS=0,STYLES=0,WORKERS=0,SERVICE_WORKERS=0,FRAME_REPORTS=0,FRAME_REPORT_REJECTS=0,FRAME_REPORT=not_run,FRAME_REPORT_SHA=not_run,FRAME_CHALLENGE_SHA=not_run,FRAME_GENERATION=0,FRAME_ACCEPTED_CHALLENGE_SHA=not_run,FRAME_REPORT_BINDING_SHA=not_run,SAME_URL_BODIES=0,REPORTS=0,SW_BOUNDARY={INSTALL_DOCS=0,WORKER_SCRIPTS=0,WORKER_PROBE_SCRIPTS=0,PROBE_DOCS=0,CLEANUP_DOCS=0,REPORTS_ACCEPTED=0,REPORTS_REJECTED=0,CONTROLLER_PRESENT=0,CONTROLLER_MISSING=0,NAV_FETCHES=0,SELF_READY_FETCHES=0,SELF_READY_PASS_THROUGH=0,SELF_READY_SYNTHETIC=0,NAV_SYNTHETIC=0,RESET_BASELINE_CLEAN=0,RESET_BASELINE_DIRTY=0,REGISTER_BLOCKED=0,REGISTER_SUCCEEDED=0,WORKER_REGISTER_BLOCKED=0,WORKER_REGISTER_SUCCEEDED=0,WORKER_REGISTER_UNSUPPORTED=0,WORKER_REGISTER_ERROR=0,LAST_CASE=none,LAST_EVENT=none,LAST_VALUE=none},UI_SVG={not_run}
09-08 02:26:35.777 20204 20838 I ChromePhotosDataPlane: phase=worker_ready correlationId=c1 admissionWaitMs=3.876
09-08 02:26:35.789 20204 20839 I ChromePhotosDataPlane: phase=worker_ready correlationId=c2 admissionWaitMs=4.435
09-08 02:26:35.791 20204 20840 I ChromePhotosDataPlane: phase=worker_ready correlationId=c3 admissionWaitMs=1.810
09-08 02:26:35.886 20204 20838 I ChromePhotosDataPlane: phase=tls_certificate correlationId=c1 tlsCacheHit=false tlsCacheWaitMs=0.021 tlsCreationMs=48.672
09-08 02:26:35.886 20204 20838 I ChromePhotosDataPlane: phase=tls_material correlationId=c1 tlsMaterialMs=56.842
09-08 02:26:35.933 20204 20840 I ChromePhotosDataPlane: phase=tls_certificate correlationId=c3 tlsCacheHit=false tlsCacheWaitMs=44.226 tlsCreationMs=49.530
09-08 02:26:35.934 20204 20840 I ChromePhotosDataPlane: phase=tls_material correlationId=c3 tlsMaterialMs=94.507
09-08 02:26:35.997 20204 20839 I ChromePhotosDataPlane: phase=tls_certificate correlationId=c2 tlsCacheHit=false tlsCacheWaitMs=95.124 tlsCreationMs=63.313
09-08 02:26:35.997 20204 20839 I ChromePhotosDataPlane: phase=tls_material correlationId=c2 tlsMaterialMs=159.252
09-08 02:26:36.002 20204 20867 I ChromePhotosDataPlane: phase=worker_ready correlationId=c4 admissionWaitMs=4.501
09-08 02:26:36.007 20204 20868 I ChromePhotosDataPlane: phase=worker_ready correlationId=c5 admissionWaitMs=4.912
09-08 02:26:36.092 20204 20867 I ChromePhotosDataPlane: phase=tls_certificate correlationId=c4 tlsCacheHit=false tlsCacheWaitMs=0.023 tlsCreationMs=29.674
09-08 02:26:36.092 20204 20867 I ChromePhotosDataPlane: phase=tls_material correlationId=c4 tlsMaterialMs=30.184
09-08 02:26:36.121 20204 20868 I ChromePhotosDataPlane: phase=tls_certificate correlationId=c5 tlsCacheHit=false tlsCacheWaitMs=26.000 tlsCreationMs=29.011
09-08 02:26:36.121 20204 20868 I ChromePhotosDataPlane: phase=tls_material correlationId=c5 tlsMaterialMs=55.659
09-08 02:26:36.460 20204 20867 I ChromePhotosDataPlane: phase=tls_ready correlationId=c4 hostClass=network hostHash=8c8ca01276b5a685 clientProtocol=http/1.1 ca=8be2538814763f0c
09-08 02:26:36.460 20204 20839 I ChromePhotosDataPlane: phase=tls_ready correlationId=c2 hostClass=network hostHash=11363e395d87adea clientProtocol=http/1.1 ca=8be2538814763f0c
09-08 02:26:36.462 20204 20838 I ChromePhotosDataPlane: phase=tls_ready correlationId=c1 hostClass=network hostHash=a817ab236a289c0c clientProtocol=http/1.1 ca=8be2538814763f0c
09-08 02:26:36.465 20204 20840 I ChromePhotosDataPlane: phase=tls_ready correlationId=c3 hostClass=network hostHash=e1bb38766871feb8 clientProtocol=http/1.1 ca=8be2538814763f0c
09-08 02:26:36.467 20204 20868 I ChromePhotosDataPlane: phase=tls_ready correlationId=c5 hostClass=network hostHash=3e723b591bdb95ce clientProtocol=http/1.1 ca=8be2538814763f0c
09-08 02:26:36.898 20204 20838 I ChromePhotosDataPlane: phase=media_shield_document origin=real hostClass=network hostHash=a817ab236a289c0c result=transformed documentSequence=1 navigationSequence=1 token=ad19d4346822 bytesOut=1019944 upstreamHeadersMs=111.490 documentDecisionMs=184.903 downstreamWriteMs=6.657
09-08 02:26:36.921 20204 20915 I ChromePhotosDataPlane: phase=worker_ready correlationId=c6 admissionWaitMs=7.161
09-08 02:26:36.925 20204 20916 I ChromePhotosDataPlane: phase=worker_ready correlationId=c7 admissionWaitMs=3.696
09-08 02:26:36.940 20204 20916 I ChromePhotosDataPlane: phase=tls_certificate correlationId=c7 tlsCacheHit=true tlsCacheWaitMs=0.031 tlsCreationMs=0.000
09-08 02:26:36.940 20204 20916 I ChromePhotosDataPlane: phase=tls_material correlationId=c7 tlsMaterialMs=0.986
09-08 02:26:36.949 20204 20916 I ChromePhotosDataPlane: phase=tls_ready correlationId=c7 hostClass=network hostHash=e1bb38766871feb8 clientProtocol=http/1.1 ca=8be2538814763f0c
09-08 02:26:36.964 20204 20922 I ChromePhotosDataPlane: phase=worker_ready correlationId=c8 admissionWaitMs=2.075
09-08 02:26:36.971 20204 20922 I ChromePhotosDataPlane: phase=tls_certificate correlationId=c8 tlsCacheHit=true tlsCacheWaitMs=0.010 tlsCreationMs=0.000
09-08 02:26:36.971 20204 20922 I ChromePhotosDataPlane: phase=tls_material correlationId=c8 tlsMaterialMs=0.303
09-08 02:26:36.977 20204 20922 I ChromePhotosDataPlane: phase=tls_ready correlationId=c8 hostClass=network hostHash=e1bb38766871feb8 clientProtocol=http/1.1 ca=8be2538814763f0c
09-08 02:26:37.004 20204 20915 I ChromePhotosDataPlane: phase=tls_certificate correlationId=c6 tlsCacheHit=false tlsCacheWaitMs=0.011 tlsCreationMs=18.667
09-08 02:26:37.004 20204 20915 I ChromePhotosDataPlane: phase=tls_material correlationId=c6 tlsMaterialMs=19.067
09-08 02:26:37.009 20204 20915 I ChromePhotosDataPlane: phase=tls_ready correlationId=c6 hostClass=network hostHash=816c1c4228e457b0 clientProtocol=http/1.1 ca=8be2538814763f0c
09-08 02:26:37.057 20204 20838 I ChromePhotosDataPlane: phase=media_shield_ready origin=same_origin result=204 bytesOut=0
09-08 02:26:37.070 20204 20838 I ChromePhotosDataPlane: phase=media_shield_ready origin=same_origin result=204 bytesOut=0
09-08 02:26:37.084 20204 20838 I ChromePhotosDataPlane: phase=media_shield_ready origin=same_origin result=204 bytesOut=0
09-08 02:26:37.167 20204 20932 I ChromePhotosDataPlane: phase=worker_ready correlationId=c9 admissionWaitMs=5.772
09-08 02:26:37.169 20204 20933 I ChromePhotosDataPlane: phase=worker_ready correlationId=c10 admissionWaitMs=3.425
09-08 02:26:37.174 20204 20932 I ChromePhotosDataPlane: phase=tls_certificate correlationId=c9 tlsCacheHit=true tlsCacheWaitMs=0.021 tlsCreationMs=0.000
09-08 02:26:37.174 20204 20932 I ChromePhotosDataPlane: phase=tls_material correlationId=c9 tlsMaterialMs=0.340
09-08 02:26:37.185 20204 20933 I ChromePhotosDataPlane: phase=tls_certificate correlationId=c10 tlsCacheHit=true tlsCacheWaitMs=0.038 tlsCreationMs=0.000
09-08 02:26:37.185 20204 20933 I ChromePhotosDataPlane: phase=tls_material correlationId=c10 tlsMaterialMs=0.527
09-08 02:26:37.198 20204 20932 I ChromePhotosDataPlane: phase=tls_ready correlationId=c9 hostClass=network hostHash=e1bb38766871feb8 clientProtocol=http/1.1 ca=8be2538814763f0c
09-08 02:26:37.204 20204 20933 I ChromePhotosDataPlane: phase=tls_ready correlationId=c10 hostClass=network hostHash=e1bb38766871feb8 clientProtocol=http/1.1 ca=8be2538814763f0c
09-08 02:26:37.225 20204 20937 I ChromePhotosDataPlane: phase=worker_ready correlationId=c11 admissionWaitMs=3.124
09-08 02:26:37.226 20204 20938 I ChromePhotosDataPlane: phase=worker_ready correlationId=c12 admissionWaitMs=1.487
09-08 02:26:37.245 20204 20940 I ChromePhotosDataPlane: phase=worker_ready correlationId=c13 admissionWaitMs=2.530
09-08 02:26:37.256 20204 20946 I ChromePhotosDataPlane: phase=worker_ready correlationId=c14 admissionWaitMs=3.848
09-08 02:26:37.271 20204 20940 I ChromePhotosDataPlane: phase=tls_certificate correlationId=c13 tlsCacheHit=true tlsCacheWaitMs=0.010 tlsCreationMs=0.000
09-08 02:26:37.271 20204 20940 I ChromePhotosDataPlane: phase=tls_material correlationId=c13 tlsMaterialMs=0.306
09-08 02:26:37.273 20204 20915 I ChromePhotosDataPlane: origin=real hostClass=network hostHash=816c1c4228e457b0 method=POST clientProtocol=http/1.1 upstreamProtocol=h2 status=200 contentType=application/javascript bytesOut=0 transfer=fixed upstreamHeadersMs=261.222 downstreamWriteMs=0.514
09-08 02:26:37.280 20204 20937 I ChromePhotosDataPlane: phase=tls_certificate correlationId=c11 tlsCacheHit=false tlsCacheWaitMs=0.023 tlsCreationMs=24.067
09-08 02:26:37.281 20204 20937 I ChromePhotosDataPlane: phase=tls_material correlationId=c11 tlsMaterialMs=28.382
09-08 02:26:37.281 20204 20940 I ChromePhotosDataPlane: phase=tls_ready correlationId=c13 hostClass=network hostHash=e1bb38766871feb8 clientProtocol=http/1.1 ca=8be2538814763f0c
09-08 02:26:37.301 20204 20937 I ChromePhotosDataPlane: phase=tls_ready correlationId=c11 hostClass=network hostHash=191347bfe55d0ca9 clientProtocol=http/1.1 ca=8be2538814763f0c
09-08 02:26:37.329 20204 20938 I ChromePhotosDataPlane: phase=tls_certificate correlationId=c12 tlsCacheHit=false tlsCacheWaitMs=0.011 tlsCreationMs=42.661
09-08 02:26:37.330 20204 20938 I ChromePhotosDataPlane: phase=tls_material correlationId=c12 tlsMaterialMs=43.163
09-08 02:26:37.341 20204 20938 I ChromePhotosDataPlane: phase=tls_ready correlationId=c12 hostClass=network hostHash=b80cc6598e129db1 clientProtocol=http/1.1 ca=8be2538814763f0c
09-08 02:26:37.388 20204 20946 I ChromePhotosDataPlane: phase=tls_certificate correlationId=c14 tlsCacheHit=false tlsCacheWaitMs=25.765 tlsCreationMs=57.954
09-08 02:26:37.388 20204 20946 I ChromePhotosDataPlane: phase=tls_material correlationId=c14 tlsMaterialMs=84.168
09-08 02:26:37.394 20204 20916 I ChromePhotosDataPlane: origin=real hostClass=network hostHash=e1bb38766871feb8 method=GET clientProtocol=http/1.1 upstreamProtocol=h2 status=200 contentType=image/webp bytesIn=22390 bytesOut=22390 cache=miss decision=safe reason=model_allow source=engine probability=0.07228577 basis=None decodeMs=21.910 inferenceMs=273.208 inferenceQueueMs=0.495 localDecisionMs=305.495  bodyAdmissionMs=0.527 bodyReadMs=0.187 hashMs=0.238 requestToDeliveryMs=434.147 upstreamHeadersMs=101.772 sanitizeMs=328.270 downstreamWriteMs=0.800
09-08 02:26:37.401 20204 20946 I ChromePhotosDataPlane: phase=tls_ready correlationId=c14 hostClass=network hostHash=9d072a4c12ae89c4 clientProtocol=http/1.1 ca=8be2538814763f0c
09-08 02:26:37.484 20204 20963 I ChromePhotosDataPlane: phase=worker_ready correlationId=c15 admissionWaitMs=0.991
09-08 02:26:37.504 20204 20963 I ChromePhotosDataPlane: phase=tls_certificate correlationId=c15 tlsCacheHit=true tlsCacheWaitMs=0.019 tlsCreationMs=0.000
09-08 02:26:37.505 20204 20963 I ChromePhotosDataPlane: phase=tls_material correlationId=c15 tlsMaterialMs=0.783
09-08 02:26:37.542 20204 20963 I ChromePhotosDataPlane: phase=tls_ready correlationId=c15 hostClass=network hostHash=8c8ca01276b5a685 clientProtocol=http/1.1 ca=8be2538814763f0c
09-08 02:26:37.553 20204 20937 I ChromePhotosDataPlane: origin=real hostClass=network hostHash=191347bfe55d0ca9 method=GET clientProtocol=http/1.1 upstreamProtocol=h2 status=200 contentType=text/javascript bytesOut=1060 transfer=chunked upstreamHeadersMs=183.399 downstreamWriteMs=58.903
09-08 02:26:37.626 20204 20946 I ChromePhotosDataPlane: origin=real hostClass=network hostHash=9d072a4c12ae89c4 method=GET clientProtocol=http/1.1 upstreamProtocol=h2 status=304 contentType= bytesOut=0 transfer=fixed upstreamHeadersMs=219.463 downstreamWriteMs=0.510
09-08 02:26:37.629 20204 20938 I ChromePhotosDataPlane: origin=real hostClass=network hostHash=b80cc6598e129db1 method=GET clientProtocol=http/1.1 upstreamProtocol=h2 status=304 contentType=application/javascript bytesOut=0 transfer=fixed upstreamHeadersMs=277.518 downstreamWriteMs=0.878
09-08 02:26:37.635 20204 20974 I ChromePhotosDataPlane: phase=worker_ready correlationId=c16 admissionWaitMs=73.784
09-08 02:26:37.640 20204 20978 I ChromePhotosDataPlane: phase=worker_ready correlationId=c17 admissionWaitMs=57.564
09-08 02:26:37.649 20204 20978 I ChromePhotosDataPlane: phase=tls_certificate correlationId=c17 tlsCacheHit=true tlsCacheWaitMs=0.018 tlsCreationMs=0.000
09-08 02:26:37.650 20204 20978 I ChromePhotosDataPlane: phase=tls_material correlationId=c17 tlsMaterialMs=0.609
09-08 02:26:37.759 20204 20983 I ChromePhotosDataPlane: phase=worker_ready correlationId=c18 admissionWaitMs=68.060
09-08 02:26:37.764 20204 20978 I ChromePhotosDataPlane: phase=tls_ready correlationId=c17 hostClass=network hostHash=9d072a4c12ae89c4 clientProtocol=http/1.1 ca=8be2538814763f0c
09-08 02:26:37.819 20204 20978 I ChromePhotosDataPlane: origin=real hostClass=network hostHash=9d072a4c12ae89c4 method=GET clientProtocol=http/1.1 upstreamProtocol=h2 status=304 contentType= bytesOut=0 transfer=fixed upstreamHeadersMs=50.570 downstreamWriteMs=0.457
09-08 02:26:37.841 20204 20974 I ChromePhotosDataPlane: phase=tls_certificate correlationId=c16 tlsCacheHit=false tlsCacheWaitMs=0.011 tlsCreationMs=140.535
09-08 02:26:37.842 20204 20974 I ChromePhotosDataPlane: phase=tls_material correlationId=c16 tlsMaterialMs=141.313
09-08 02:26:37.862 20204 20989 I ChromePhotosDataPlane: phase=worker_ready correlationId=c19 admissionWaitMs=22.044
09-08 02:26:37.874 20204 20974 I ChromePhotosDataPlane: phase=tls_ready correlationId=c16 hostClass=network hostHash=a599aeb3c7c1dfa5 clientProtocol=http/1.1 ca=8be2538814763f0c
09-08 02:26:37.907 20204 20932 I ChromePhotosDataPlane: origin=real hostClass=network hostHash=e1bb38766871feb8 method=GET clientProtocol=http/1.1 upstreamProtocol=h2 status=200 contentType=image/webp bytesIn=382772 bytesOut=382772 cache=miss decision=safe reason=model_allow source=engine probability=0.026281804 basis=None decodeMs=143.865 inferenceMs=237.366 inferenceQueueMs=0.861 localDecisionMs=399.528  bodyAdmissionMs=0.024 bodyReadMs=104.879 hashMs=1.116 requestToDeliveryMs=682.896 upstreamHeadersMs=32.601 sanitizeMs=621.477 downstreamWriteMs=18.906
09-08 02:26:38.011 20204 20983 I ChromePhotosDataPlane: phase=tls_certificate correlationId=c18 tlsCacheHit=false tlsCacheWaitMs=23.359 tlsCreationMs=169.205
09-08 02:26:38.011 20204 20983 I ChromePhotosDataPlane: phase=tls_material correlationId=c18 tlsMaterialMs=193.247
09-08 02:26:38.029 20204 20983 I ChromePhotosDataPlane: phase=tls_ready correlationId=c18 hostClass=network hostHash=fc1e48f201e43606 clientProtocol=http/1.1 ca=8be2538814763f0c
09-08 02:26:38.048 20204 20989 I ChromePhotosDataPlane: phase=tls_certificate correlationId=c19 tlsCacheHit=false tlsCacheWaitMs=63.053 tlsCreationMs=36.234
09-08 02:26:38.048 20204 20989 I ChromePhotosDataPlane: phase=tls_material correlationId=c19 tlsMaterialMs=100.378
09-08 02:26:38.059 20204 20989 I ChromePhotosDataPlane: phase=tls_ready correlationId=c19 hostClass=network hostHash=abf8fbf760ef2a86 clientProtocol=http/1.1 ca=8be2538814763f0c
09-08 02:26:38.073 20204 20933 I ChromePhotosDataPlane: origin=real hostClass=network hostHash=e1bb38766871feb8 method=GET clientProtocol=http/1.1 upstreamProtocol=h2 status=200 contentType=image/webp bytesIn=351576 bytesOut=351576 cache=miss decision=safe reason=model_allow source=engine probability=0.06512773 basis=None decodeMs=37.099 inferenceMs=143.179 inferenceQueueMs=363.126 localDecisionMs=544.885  bodyAdmissionMs=22.377 bodyReadMs=12.613 hashMs=0.505 requestToDeliveryMs=848.897 upstreamHeadersMs=141.546 sanitizeMs=691.528 downstreamWriteMs=8.060
09-08 02:26:38.092 20204 20974 I ChromePhotosDataPlane: origin=real hostClass=network hostHash=a599aeb3c7c1dfa5 method=GET clientProtocol=http/1.1 upstreamProtocol=h2 status=304 contentType=application/javascript bytesOut=0 transfer=fixed upstreamHeadersMs=208.706 downstreamWriteMs=0.558
09-08 02:26:38.260 20204 20922 I ChromePhotosDataPlane: origin=real hostClass=network hostHash=e1bb38766871feb8 method=GET clientProtocol=http/1.1 upstreamProtocol=h2 status=200 contentType=image/webp bytesIn=369798 bytesOut=369798 cache=miss decision=safe reason=model_allow source=engine probability=0.14357123 basis=None decodeMs=37.722 inferenceMs=141.752 inferenceQueueMs=0.472 localDecisionMs=181.476  bodyAdmissionMs=470.843 bodyReadMs=3.845 hashMs=0.651 requestToDeliveryMs=1021.810 upstreamHeadersMs=176.762 sanitizeMs=840.010 downstreamWriteMs=2.612
09-08 02:26:38.307 20204 21005 I ChromePhotosDataPlane: phase=worker_ready correlationId=c20 admissionWaitMs=0.425
09-08 02:26:38.324 20204 21010 I ChromePhotosDataPlane: phase=worker_ready correlationId=c21 admissionWaitMs=0.423
09-08 02:26:38.329 20204 21012 I ChromePhotosDataPlane: phase=worker_ready correlationId=c22 admissionWaitMs=0.400
09-08 02:26:38.335 20204 21018 I ChromePhotosDataPlane: phase=worker_ready correlationId=c23 admissionWaitMs=0.345
09-08 02:26:38.369 20204 21005 I ChromePhotosDataPlane: phase=tls_certificate correlationId=c20 tlsCacheHit=false tlsCacheWaitMs=0.011 tlsCreationMs=28.787
09-08 02:26:38.369 20204 21005 I ChromePhotosDataPlane: phase=tls_material correlationId=c20 tlsMaterialMs=29.173
09-08 02:26:38.383 20204 21005 I ChromePhotosDataPlane: phase=tls_ready correlationId=c20 hostClass=network hostHash=0f165ff6c05ff65a clientProtocol=http/1.1 ca=8be2538814763f0c
09-08 02:26:38.393 20204 21010 I ChromePhotosDataPlane: phase=tls_certificate correlationId=c21 tlsCacheHit=false tlsCacheWaitMs=11.528 tlsCreationMs=24.158
09-08 02:26:38.394 20204 21010 I ChromePhotosDataPlane: phase=tls_material correlationId=c21 tlsMaterialMs=36.043
09-08 02:26:38.407 20204 21026 I ChromePhotosDataPlane: phase=worker_ready correlationId=c24 admissionWaitMs=4.795
09-08 02:26:38.407 20204 20989 I ChromePhotosDataPlane: origin=real hostClass=network hostHash=abf8fbf760ef2a86 method=GET clientProtocol=http/1.1 upstreamProtocol=h2 status=200 contentType=image/png bytesIn=0 bytesOut=704 cache=miss decision=unknown reason=encoded_image_unsupported source=error probability=-1.0 basis=none decodeMs=0.000 inferenceMs=0.000 inferenceQueueMs=0.000 localDecisionMs=0.000   requestToDeliveryMs=345.982 upstreamHeadersMs=343.158 sanitizeMs=0.107 downstreamWriteMs=0.315
09-08 02:26:38.411 20204 21010 I ChromePhotosDataPlane: phase=tls_ready correlationId=c21 hostClass=network hostHash=cc6d3a91ec6770df clientProtocol=http/1.1 ca=8be2538814763f0c
09-08 02:26:38.423 20204 21026 I ChromePhotosDataPlane: phase=tls_certificate correlationId=c24 tlsCacheHit=true tlsCacheWaitMs=0.014 tlsCreationMs=0.000
09-08 02:26:38.423 20204 21026 I ChromePhotosDataPlane: phase=tls_material correlationId=c24 tlsMaterialMs=0.315
09-08 02:26:38.440 20204 21012 I ChromePhotosDataPlane: phase=tls_certificate correlationId=c22 tlsCacheHit=false tlsCacheWaitMs=30.052 tlsCreationMs=46.612
09-08 02:26:38.440 20204 21012 I ChromePhotosDataPlane: phase=tls_material correlationId=c22 tlsMaterialMs=77.021
09-08 02:26:38.444 20204 21026 I ChromePhotosDataPlane: phase=tls_ready correlationId=c24 hostClass=network hostHash=191347bfe55d0ca9 clientProtocol=http/1.1 ca=8be2538814763f0c
09-08 02:26:38.448 20204 21012 I ChromePhotosDataPlane: phase=tls_ready correlationId=c22 hostClass=network hostHash=6e158e80db65e59b clientProtocol=http/1.1 ca=8be2538814763f0c
09-08 02:26:38.453 20204 21031 I ChromePhotosDataPlane: phase=worker_ready correlationId=c25 admissionWaitMs=0.759
09-08 02:26:38.472 20204 21018 I ChromePhotosDataPlane: phase=tls_certificate correlationId=c23 tlsCacheHit=false tlsCacheWaitMs=76.234 tlsCreationMs=32.337
09-08 02:26:38.473 20204 21018 I ChromePhotosDataPlane: phase=tls_material correlationId=c23 tlsMaterialMs=108.920
09-08 02:26:38.480 20204 21018 I ChromePhotosDataPlane: phase=tls_ready correlationId=c23 hostClass=network hostHash=7df7caa0a5579e01 clientProtocol=http/1.1 ca=8be2538814763f0c
09-08 02:26:38.493 20204 21031 I ChromePhotosDataPlane: phase=tls_certificate correlationId=c25 tlsCacheHit=true tlsCacheWaitMs=0.009 tlsCreationMs=0.000
09-08 02:26:38.493 20204 21031 I ChromePhotosDataPlane: phase=tls_material correlationId=c25 tlsMaterialMs=0.320
09-08 02:26:38.500 20204 21031 I ChromePhotosDataPlane: phase=tls_ready correlationId=c25 hostClass=network hostHash=0f165ff6c05ff65a clientProtocol=http/1.1 ca=8be2538814763f0c
09-08 02:26:38.520 20204 21010 I ChromePhotosDataPlane: origin=real hostClass=network hostHash=cc6d3a91ec6770df method=GET clientProtocol=http/1.1 upstreamProtocol=h2 status=304 contentType= bytesOut=0 transfer=fixed upstreamHeadersMs=105.065 downstreamWriteMs=0.390
09-08 02:26:38.629 20204 21058 I ChromePhotosDataPlane: phase=worker_ready correlationId=c26 admissionWaitMs=0.415
09-08 02:26:38.633 20204 21058 I ChromePhotosDataPlane: phase=tls_certificate correlationId=c26 tlsCacheHit=true tlsCacheWaitMs=0.009 tlsCreationMs=0.000
09-08 02:26:38.633 20204 21058 I ChromePhotosDataPlane: phase=tls_material correlationId=c26 tlsMaterialMs=0.179
09-08 02:26:38.638 20204 21058 I ChromePhotosDataPlane: phase=tls_ready correlationId=c26 hostClass=network hostHash=a817ab236a289c0c clientProtocol=http/1.1 ca=8be2538814763f0c
09-08 02:26:38.646 20204 21058 I ChromePhotosDataPlane: phase=media_shield_ready origin=same_origin result=200 bytesOut=1461
09-08 02:26:38.688 20204 21026 I ChromePhotosDataPlane: phase=media_shield_document origin=real hostClass=network hostHash=191347bfe55d0ca9 result=transformed documentSequence=2 navigationSequence=1 token=c2df4114efb1 bytesOut=167123 upstreamHeadersMs=168.863 documentDecisionMs=40.262 downstreamWriteMs=1.590
09-08 02:26:38.696 20204 21005 I ChromePhotosDataPlane: origin=real hostClass=network hostHash=0f165ff6c05ff65a method=POST clientProtocol=http/1.1 upstreamProtocol=h2 status=202 contentType=application/json bytesOut=21 transfer=fixed upstreamHeadersMs=309.604 downstreamWriteMs=0.632
09-08 02:26:38.729 20204 21031 I ChromePhotosDataPlane: origin=real hostClass=network hostHash=0f165ff6c05ff65a method=POST clientProtocol=http/1.1 upstreamProtocol=h2 status=202 contentType=application/json bytesOut=21 transfer=fixed upstreamHeadersMs=224.781 downstreamWriteMs=0.746
09-08 02:26:38.733 20204 20838 I ChromePhotosDataPlane: origin=real hostClass=network hostHash=a817ab236a289c0c method=POST clientProtocol=http/1.1 upstreamProtocol=h2 status=200 contentType=application/json bytesOut=346 transfer=fixed upstreamHeadersMs=546.802 downstreamWriteMs=0.683
09-08 02:26:38.755 20204 21060 I ChromePhotosDataPlane: phase=worker_ready correlationId=c27 admissionWaitMs=2.343
09-08 02:26:38.759 20204 21061 I ChromePhotosDataPlane: phase=worker_ready correlationId=c28 admissionWaitMs=2.542
09-08 02:26:38.762 20204 21062 I ChromePhotosDataPlane: phase=worker_ready correlationId=c29 admissionWaitMs=1.271
09-08 02:26:38.768 20204 21012 I ChromePhotosDataPlane: origin=real hostClass=network hostHash=6e158e80db65e59b method=POST clientProtocol=http/1.1 upstreamProtocol=h2 status=200 contentType=text/plain bytesOut=2 transfer=fixed upstreamHeadersMs=315.342 downstreamWriteMs=0.486
09-08 02:26:38.819 20204 21061 I ChromePhotosDataPlane: phase=tls_certificate correlationId=c28 tlsCacheHit=false tlsCacheWaitMs=0.017 tlsCreationMs=19.315
09-08 02:26:38.819 20204 21061 I ChromePhotosDataPlane: phase=tls_material correlationId=c28 tlsMaterialMs=19.692
09-08 02:26:38.819 20204 21062 I ChromePhotosDataPlane: phase=tls_certificate correlationId=c29 tlsCacheHit=true tlsCacheWaitMs=16.637 tlsCreationMs=0.000
09-08 02:26:38.820 20204 21062 I ChromePhotosDataPlane: phase=tls_material correlationId=c29 tlsMaterialMs=17.110
09-08 02:26:38.831 20204 21061 I ChromePhotosDataPlane: phase=tls_ready correlationId=c28 hostClass=network hostHash=80255870a6218fe0 clientProtocol=http/1.1 ca=8be2538814763f0c
09-08 02:26:38.833 20204 21062 I ChromePhotosDataPlane: phase=tls_ready correlationId=c29 hostClass=network hostHash=80255870a6218fe0 clientProtocol=http/1.1 ca=8be2538814763f0c
09-08 02:26:38.850 20204 21060 I ChromePhotosDataPlane: phase=tls_certificate correlationId=c27 tlsCacheHit=false tlsCacheWaitMs=14.542 tlsCreationMs=28.310
09-08 02:26:38.850 20204 21060 I ChromePhotosDataPlane: phase=tls_material correlationId=c27 tlsMaterialMs=43.183
09-08 02:26:38.857 20204 21060 I ChromePhotosDataPlane: phase=tls_ready correlationId=c27 hostClass=network hostHash=2a933d2460faea37 clientProtocol=http/1.1 ca=8be2538814763f0c
09-08 02:26:38.892 20204 21060 I ChromePhotosDataPlane: origin=real hostClass=network hostHash=2a933d2460faea37 method=GET clientProtocol=http/1.1 upstreamProtocol=h2 status=302 contentType= bytesIn=0 bytesOut=0 cache=miss decision=passthrough   requestToDeliveryMs=33.003 upstreamHeadersMs=31.139 sanitizeMs=0.318 downstreamWriteMs=0.382
09-08 02:26:38.904 20204 21084 I ChromePhotosDataPlane: phase=worker_ready correlationId=c30 admissionWaitMs=1.341
09-08 02:26:38.940 20204 20983 I ChromePhotosDataPlane: origin=real hostClass=network hostHash=fc1e48f201e43606 method=POST clientProtocol=http/1.1 upstreamProtocol=h2 status=200 contentType=application/json bytesOut=0 transfer=fixed upstreamHeadersMs=898.511 downstreamWriteMs=0.328
09-08 02:26:38.956 20204 21084 I ChromePhotosDataPlane: phase=tls_certificate correlationId=c30 tlsCacheHit=false tlsCacheWaitMs=0.011 tlsCreationMs=19.231
09-08 02:26:38.956 20204 21084 I ChromePhotosDataPlane: phase=tls_material correlationId=c30 tlsMaterialMs=19.611
09-08 02:26:38.966 20204 21084 I ChromePhotosDataPlane: phase=tls_ready correlationId=c30 hostClass=network hostHash=cebab728d0c21358 clientProtocol=http/1.1 ca=8be2538814763f0c
09-08 02:26:39.059 20204 21062 I ChromePhotosDataPlane: origin=real hostClass=network hostHash=80255870a6218fe0 method=GET clientProtocol=http/1.1 upstreamProtocol=h2 status=200 contentType=text/javascript bytesOut=354184 transfer=fixed upstreamHeadersMs=118.149 downstreamWriteMs=102.740
09-08 02:26:39.078 20204 20989 I ChromePhotosDataPlane: origin=real hostClass=network hostHash=abf8fbf760ef2a86 method=GET clientProtocol=http/1.1 upstreamProtocol=h2 status=200 contentType=image/png bytesIn=0 bytesOut=704 cache=miss decision=unknown reason=encoded_image_unsupported source=error probability=-1.0 basis=none decodeMs=0.000 inferenceMs=0.000 inferenceQueueMs=0.000 localDecisionMs=0.000   requestToDeliveryMs=318.029 upstreamHeadersMs=316.245 sanitizeMs=0.107 downstreamWriteMs=0.533
09-08 02:26:39.159 20204 21084 I ChromePhotosDataPlane: origin=real hostClass=network hostHash=cebab728d0c21358 method=GET clientProtocol=http/1.1 upstreamProtocol=h2 status=200 contentType=image/jpeg bytesIn=13887 bytesOut=13887 cache=miss decision=safe reason=model_allow source=engine probability=0.041383058 basis=None decodeMs=11.909 inferenceMs=138.182 inferenceQueueMs=0.138 localDecisionMs=153.698  bodyAdmissionMs=0.028 bodyReadMs=0.851 hashMs=0.210 requestToDeliveryMs=190.654 upstreamHeadersMs=33.469 sanitizeMs=155.038 downstreamWriteMs=0.531
09-08 02:26:39.276 20204 21092 I ChromePhotosDataPlane: phase=worker_ready correlationId=c31 admissionWaitMs=0.481
09-08 02:26:39.286 20204 21097 I ChromePhotosDataPlane: phase=worker_ready correlationId=c32 admissionWaitMs=0.515
09-08 02:26:39.290 20204 21098 I ChromePhotosDataPlane: phase=worker_ready correlationId=c33 admissionWaitMs=0.498
09-08 02:26:39.333 20204 21097 I ChromePhotosDataPlane: phase=tls_certificate correlationId=c32 tlsCacheHit=false tlsCacheWaitMs=0.016 tlsCreationMs=29.560
09-08 02:26:39.333 20204 21097 I ChromePhotosDataPlane: phase=tls_material correlationId=c32 tlsMaterialMs=30.115
09-08 02:26:39.350 20204 21107 I ChromePhotosDataPlane: phase=worker_ready correlationId=c34 admissionWaitMs=3.761
09-08 02:26:39.357 20204 21097 I ChromePhotosDataPlane: phase=tls_ready correlationId=c32 hostClass=network hostHash=4dce8d0b280a268f clientProtocol=http/1.1 ca=8be2538814763f0c
09-08 02:26:39.385 20204 21092 I ChromePhotosDataPlane: phase=tls_certificate correlationId=c31 tlsCacheHit=false tlsCacheWaitMs=24.740 tlsCreationMs=52.011
09-08 02:26:39.385 20204 21092 I ChromePhotosDataPlane: phase=tls_material correlationId=c31 tlsMaterialMs=77.278
09-08 02:26:39.404 20204 21092 I ChromePhotosDataPlane: phase=tls_ready correlationId=c31 hostClass=network hostHash=a2a6d789aa872a52 clientProtocol=http/1.1 ca=8be2538814763f0c
09-08 02:26:39.407 20204 21115 I ChromePhotosDataPlane: phase=worker_ready correlationId=c35 admissionWaitMs=6.517
09-08 02:26:39.456 20204 21098 I ChromePhotosDataPlane: phase=tls_certificate correlationId=c33 tlsCacheHit=false tlsCacheWaitMs=44.051 tlsCreationMs=70.583
09-08 02:26:39.457 20204 21098 I ChromePhotosDataPlane: phase=tls_material correlationId=c33 tlsMaterialMs=115.533
09-08 02:26:39.473 20204 21098 I ChromePhotosDataPlane: phase=tls_ready correlationId=c33 hostClass=network hostHash=e2dd3580aeebec64 clientProtocol=http/1.1 ca=8be2538814763f0c
09-08 02:26:39.516 20204 21107 I ChromePhotosDataPlane: phase=tls_certificate correlationId=c34 tlsCacheHit=false tlsCacheWaitMs=39.181 tlsCreationMs=58.968
09-08 02:26:39.516 20204 21107 I ChromePhotosDataPlane: phase=tls_material correlationId=c34 tlsMaterialMs=98.599
09-08 02:26:39.525 20204 21107 I ChromePhotosDataPlane: phase=tls_ready correlationId=c34 hostClass=network hostHash=f5594fab1b035ec0 clientProtocol=http/1.1 ca=8be2538814763f0c
09-08 02:26:39.549 20204 21092 I ChromePhotosDataPlane: origin=real hostClass=network hostHash=a2a6d789aa872a52 method=GET clientProtocol=http/1.1 upstreamProtocol=h2 status=200 contentType=application/javascript bytesOut=5824 transfer=chunked upstreamHeadersMs=136.113 downstreamWriteMs=2.614
09-08 02:26:39.571 20204 21115 I ChromePhotosDataPlane: phase=tls_certificate correlationId=c35 tlsCacheHit=false tlsCacheWaitMs=53.079 tlsCreationMs=54.442
09-08 02:26:39.571 20204 21115 I ChromePhotosDataPlane: phase=tls_material correlationId=c35 tlsMaterialMs=108.089
09-08 02:26:39.572 20204 20974 I ChromePhotosDataPlane: origin=real hostClass=network hostHash=a599aeb3c7c1dfa5 method=GET clientProtocol=http/1.1 upstreamProtocol=h2 status=200 contentType=application/javascript bytesOut=190804 transfer=fixed upstreamHeadersMs=186.146 downstreamWriteMs=114.170
09-08 02:26:39.587 20204 21115 I ChromePhotosDataPlane: phase=tls_ready correlationId=c35 hostClass=network hostHash=ee8cdc867bba487e clientProtocol=http/1.1 ca=8be2538814763f0c
09-08 02:26:39.623 20204 21098 I ChromePhotosDataPlane: origin=real hostClass=network hostHash=e2dd3580aeebec64 method=GET clientProtocol=http/1.1 upstreamProtocol=h2 status=302 contentType= bytesIn=0 bytesOut=0 cache=miss decision=passthrough   requestToDeliveryMs=147.392 upstreamHeadersMs=143.464 sanitizeMs=0.444 downstreamWriteMs=1.286
09-08 02:26:39.633 20204 20937 I ChromePhotosDataPlane: origin=real hostClass=network hostHash=191347bfe55d0ca9 method=POST clientProtocol=http/1.1 upstreamProtocol=h2 status=200 contentType=text/plain bytesOut=0 transfer=fixed upstreamHeadersMs=228.196 downstreamWriteMs=1.083
09-08 02:26:39.696 20204 21133 I ChromePhotosDataPlane: phase=worker_ready correlationId=c36 admissionWaitMs=1.157
09-08 02:26:39.736 20204 21139 I ChromePhotosDataPlane: phase=worker_ready correlationId=c37 admissionWaitMs=0.500
09-08 02:26:39.755 20204 21139 I ChromePhotosDataPlane: phase=tls_certificate correlationId=c37 tlsCacheHit=true tlsCacheWaitMs=0.032 tlsCreationMs=0.000
09-08 02:26:39.755 20204 21139 I ChromePhotosDataPlane: phase=tls_material correlationId=c37 tlsMaterialMs=0.757
09-08 02:26:39.767 20204 21139 I ChromePhotosDataPlane: phase=tls_ready correlationId=c37 hostClass=network hostHash=7df7caa0a5579e01 clientProtocol=http/1.1 ca=8be2538814763f0c
09-08 02:26:39.775 20204 21133 I ChromePhotosDataPlane: phase=tls_certificate correlationId=c36 tlsCacheHit=false tlsCacheWaitMs=0.029 tlsCreationMs=31.602
09-08 02:26:39.775 20204 21133 I ChromePhotosDataPlane: phase=tls_material correlationId=c36 tlsMaterialMs=31.983
09-08 02:26:39.779 20204 21115 I ChromePhotosDataPlane: origin=real hostClass=network hostHash=ee8cdc867bba487e method=POST clientProtocol=http/1.1 upstreamProtocol=h2 status=204 contentType=text/html bytesOut=0 transfer=fixed upstreamHeadersMs=183.354 downstreamWriteMs=2.581
09-08 02:26:39.784 20204 21133 I ChromePhotosDataPlane: phase=tls_ready correlationId=c36 hostClass=network hostHash=100d2a11512096b7 clientProtocol=http/1.1 ca=8be2538814763f0c
09-08 02:26:39.841 20204 21107 I ChromePhotosDataPlane: origin=real hostClass=network hostHash=f5594fab1b035ec0 method=GET clientProtocol=http/1.1 upstreamProtocol=h2 status=200 contentType=application/javascript bytesOut=2486 transfer=fixed upstreamHeadersMs=311.450 downstreamWriteMs=1.323
09-08 02:26:39.917 20204 21139 I ChromePhotosDataPlane: origin=real hostClass=network hostHash=7df7caa0a5579e01 method=GET clientProtocol=http/1.1 upstreamProtocol=h2 status=200 contentType=font/woff2 bytesOut=34668 transfer=fixed upstreamHeadersMs=120.430 downstreamWriteMs=23.587
09-08 02:26:40.049 20204 21097 I ChromePhotosDataPlane: phase=media_shield_document origin=real hostClass=network hostHash=4dce8d0b280a268f result=fail_closed reason=document_status_204 bytesOut=41 upstreamHeadersMs=685.804 documentDecisionMs=0.254 downstreamWriteMs=0.489
09-08 02:26:40.050 20204 21061 I ChromePhotosDataPlane: origin=real hostClass=network hostHash=80255870a6218fe0 method=GET clientProtocol=http/1.1 upstreamProtocol=h2 status=200 contentType=image/png bytesIn=2228 bytesOut=2228 cache=miss decision=safe reason=model_allow source=engine probability=0.025308132 basis=None decodeMs=3.251 inferenceMs=190.868 inferenceQueueMs=0.065 localDecisionMs=194.785  bodyAdmissionMs=0.020 bodyReadMs=0.066 hashMs=0.203 requestToDeliveryMs=320.449 upstreamHeadersMs=123.069 sanitizeMs=195.418 downstreamWriteMs=0.335
09-08 02:26:40.229 20204 20838 I ChromePhotosDataPlane: origin=real hostClass=network hostHash=a817ab236a289c0c method=GET clientProtocol=http/1.1 upstreamProtocol=h2 status=200 contentType=text/javascript bytesOut=408 transfer=chunked upstreamHeadersMs=106.087 downstreamWriteMs=0.733
09-08 02:26:40.288 20204 21152 I ChromePhotosDataPlane: phase=worker_ready correlationId=c38 admissionWaitMs=6.511
09-08 02:26:40.302 20204 21005 I ChromePhotosDataPlane: origin=real hostClass=network hostHash=0f165ff6c05ff65a method=POST clientProtocol=http/1.1 upstreamProtocol=h2 status=202 contentType=application/json bytesOut=21 transfer=fixed upstreamHeadersMs=291.176 downstreamWriteMs=0.385
09-08 02:26:40.316 20204 21031 I ChromePhotosDataPlane: origin=real hostClass=network hostHash=0f165ff6c05ff65a method=POST clientProtocol=http/1.1 upstreamProtocol=h2 status=202 contentType=application/json bytesOut=21 transfer=fixed upstreamHeadersMs=308.042 downstreamWriteMs=0.570
09-08 02:26:40.327 20204 21158 I ChromePhotosDataPlane: phase=worker_ready correlationId=c39 admissionWaitMs=2.176
09-08 02:26:40.345 20204 21158 I ChromePhotosDataPlane: phase=tls_certificate correlationId=c39 tlsCacheHit=true tlsCacheWaitMs=0.011 tlsCreationMs=0.000
09-08 02:26:40.345 20204 21158 I ChromePhotosDataPlane: phase=tls_material correlationId=c39 tlsMaterialMs=0.308
09-08 02:26:40.345 20204 21152 I ChromePhotosDataPlane: phase=tls_certificate correlationId=c38 tlsCacheHit=false tlsCacheWaitMs=0.011 tlsCreationMs=23.468
09-08 02:26:40.345 20204 21152 I ChromePhotosDataPlane: phase=tls_material correlationId=c38 tlsMaterialMs=23.694
09-08 02:26:40.351 20204 21152 I ChromePhotosDataPlane: phase=tls_ready correlationId=c38 hostClass=network hostHash=0843c9b16155ccbe clientProtocol=http/1.1 ca=8be2538814763f0c
09-08 02:26:40.352 20204 21158 I ChromePhotosDataPlane: phase=tls_ready correlationId=c39 hostClass=network hostHash=a817ab236a289c0c clientProtocol=http/1.1 ca=8be2538814763f0c
09-08 02:26:40.353 20204 21165 I ChromePhotosDataPlane: phase=worker_ready correlationId=c40 admissionWaitMs=0.851
09-08 02:26:40.356 20204 21166 I ChromePhotosDataPlane: phase=worker_ready correlationId=c41 admissionWaitMs=0.816
09-08 02:26:40.363 20204 20838 I ChromePhotosDataPlane: origin=real hostClass=network hostHash=a817ab236a289c0c method=GET clientProtocol=http/1.1 upstreamProtocol=h2 status=304 contentType= bytesOut=0 transfer=fixed upstreamHeadersMs=26.316 downstreamWriteMs=0.383
09-08 02:26:40.367 20204 21166 I ChromePhotosDataPlane: phase=tls_certificate correlationId=c41 tlsCacheHit=true tlsCacheWaitMs=0.021 tlsCreationMs=0.000
09-08 02:26:40.368 20204 21166 I ChromePhotosDataPlane: phase=tls_material correlationId=c41 tlsMaterialMs=0.653
09-08 02:26:40.371 20204 21165 I ChromePhotosDataPlane: phase=tls_certificate correlationId=c40 tlsCacheHit=true tlsCacheWaitMs=0.010 tlsCreationMs=0.000
09-08 02:26:40.371 20204 21165 I ChromePhotosDataPlane: phase=tls_material correlationId=c40 tlsMaterialMs=0.270
09-08 02:26:40.378 20204 21166 I ChromePhotosDataPlane: phase=tls_ready correlationId=c41 hostClass=network hostHash=a817ab236a289c0c clientProtocol=http/1.1 ca=8be2538814763f0c
09-08 02:26:40.380 20204 21165 I ChromePhotosDataPlane: phase=tls_ready correlationId=c40 hostClass=network hostHash=a817ab236a289c0c clientProtocol=http/1.1 ca=8be2538814763f0c
09-08 02:26:40.390 20204 21158 I ChromePhotosDataPlane: origin=real hostClass=network hostHash=a817ab236a289c0c method=GET clientProtocol=http/1.1 upstreamProtocol=h2 status=304 contentType= bytesOut=0 transfer=fixed upstreamHeadersMs=24.215 downstreamWriteMs=0.382
09-08 02:26:40.412 20204 20838 I ChromePhotosDataPlane: origin=real hostClass=network hostHash=a817ab236a289c0c method=GET clientProtocol=http/1.1 upstreamProtocol=h2 status=304 contentType= bytesOut=0 transfer=fixed upstreamHeadersMs=34.972 downstreamWriteMs=0.374
09-08 02:26:40.415 20204 21166 I ChromePhotosDataPlane: origin=real hostClass=network hostHash=a817ab236a289c0c method=GET clientProtocol=http/1.1 upstreamProtocol=h2 status=304 contentType= bytesOut=0 transfer=fixed upstreamHeadersMs=26.002 downstreamWriteMs=1.123
09-08 02:26:40.524 20204 21170 I ChromePhotosDataPlane: phase=worker_ready correlationId=c42 admissionWaitMs=0.638
09-08 02:26:40.529 20204 21170 I ChromePhotosDataPlane: phase=tls_certificate correlationId=c42 tlsCacheHit=true tlsCacheWaitMs=0.015 tlsCreationMs=0.000
09-08 02:26:40.529 20204 21170 I ChromePhotosDataPlane: phase=tls_material correlationId=c42 tlsMaterialMs=0.284
09-08 02:26:40.543 20204 21170 I ChromePhotosDataPlane: phase=tls_ready correlationId=c42 hostClass=network hostHash=f5594fab1b035ec0 clientProtocol=http/1.1 ca=8be2538814763f0c
09-08 02:26:40.564 20204 21166 I ChromePhotosDataPlane: origin=real hostClass=network hostHash=a817ab236a289c0c method=GET clientProtocol=http/1.1 upstreamProtocol=h2 status=200 contentType=application/json bytesOut=73 transfer=fixed upstreamHeadersMs=25.329 downstreamWriteMs=0.568
09-08 02:26:40.620 20204 21107 I ChromePhotosDataPlane: origin=real hostClass=network hostHash=f5594fab1b035ec0 method=POST clientProtocol=http/1.1 upstreamProtocol=h2 status=200 contentType= bytesOut=0 transfer=fixed upstreamHeadersMs=332.437 downstreamWriteMs=0.477
09-08 02:26:40.664 20204 21152 I ChromePhotosDataPlane: origin=real hostClass=network hostHash=0843c9b16155ccbe method=POST clientProtocol=http/1.1 upstreamProtocol=h2 status=200 contentType= bytesOut=0 transfer=fixed upstreamHeadersMs=309.442 downstreamWriteMs=0.392
09-08 02:26:40.702 20204 21177 I ChromePhotosDataPlane: phase=worker_ready correlationId=c43 admissionWaitMs=9.929
09-08 02:26:40.705 20204 21133 I ChromePhotosDataPlane: origin=real hostClass=network hostHash=100d2a11512096b7 method=OPTIONS clientProtocol=http/1.1 upstreamProtocol=h2 status=204 contentType= bytesOut=0 transfer=fixed upstreamHeadersMs=909.433 downstreamWriteMs=0.407
09-08 02:26:40.721 20204 21058 I ChromePhotosDataPlane: origin=real hostClass=network hostHash=a817ab236a289c0c method=POST clientProtocol=http/1.1 upstreamProtocol=h2 status=200 contentType=application/json bytesOut=912 transfer=fixed upstreamHeadersMs=571.159 downstreamWriteMs=0.979
09-08 02:26:40.730 20204 21179 I ChromePhotosDataPlane: phase=worker_ready correlationId=c44 admissionWaitMs=20.098
09-08 02:26:40.736 20204 21177 I ChromePhotosDataPlane: phase=tls_certificate correlationId=c43 tlsCacheHit=true tlsCacheWaitMs=0.012 tlsCreationMs=0.000
09-08 02:26:40.736 20204 21177 I ChromePhotosDataPlane: phase=tls_material correlationId=c43 tlsMaterialMs=0.268
09-08 02:26:40.739 20204 21179 I ChromePhotosDataPlane: phase=tls_certificate correlationId=c44 tlsCacheHit=true tlsCacheWaitMs=0.021 tlsCreationMs=0.000
09-08 02:26:40.739 20204 21179 I ChromePhotosDataPlane: phase=tls_material correlationId=c44 tlsMaterialMs=0.475
09-08 02:26:40.745 20204 21177 I ChromePhotosDataPlane: phase=tls_ready correlationId=c43 hostClass=network hostHash=a599aeb3c7c1dfa5 clientProtocol=http/1.1 ca=8be2538814763f0c
09-08 02:26:40.748 20204 21179 I ChromePhotosDataPlane: phase=tls_ready correlationId=c44 hostClass=network hostHash=100d2a11512096b7 clientProtocol=http/1.1 ca=8be2538814763f0c
09-08 02:26:40.749 20204 21026 I ChromePhotosDataPlane: phase=media_shield_document origin=real hostClass=network hostHash=191347bfe55d0ca9 result=transformed documentSequence=3 navigationSequence=1 token=921b41104dbd bytesOut=167397 upstreamHeadersMs=155.081 documentDecisionMs=55.445 downstreamWriteMs=1.631
09-08 02:26:40.788 20204 21170 I ChromePhotosDataPlane: origin=real hostClass=network hostHash=f5594fab1b035ec0 method=POST clientProtocol=http/1.1 upstreamProtocol=h2 status=200 contentType= bytesOut=0 transfer=fixed upstreamHeadersMs=242.485 downstreamWriteMs=0.497
09-08 02:26:40.798 20204 21031 I ChromePhotosDataPlane: origin=real hostClass=network hostHash=0f165ff6c05ff65a method=POST clientProtocol=http/1.1 upstreamProtocol=h2 status=202 contentType=application/json bytesOut=21 transfer=fixed upstreamHeadersMs=172.911 downstreamWriteMs=0.478
09-08 02:26:40.817 20204 21191 I ChromePhotosDataPlane: phase=worker_ready correlationId=c45 admissionWaitMs=1.105
09-08 02:26:40.825 20204 21193 I ChromePhotosDataPlane: phase=worker_ready correlationId=c46 admissionWaitMs=1.477
09-08 02:26:40.878 20204 21191 I ChromePhotosDataPlane: phase=tls_certificate correlationId=c45 tlsCacheHit=false tlsCacheWaitMs=0.011 tlsCreationMs=23.147
09-08 02:26:40.878 20204 21191 I ChromePhotosDataPlane: phase=tls_material correlationId=c45 tlsMaterialMs=23.471
09-08 02:26:40.886 20204 21191 I ChromePhotosDataPlane: phase=tls_ready correlationId=c45 hostClass=network hostHash=505bd18b6650e44b clientProtocol=http/1.1 ca=8be2538814763f0c
09-08 02:26:40.898 20204 21193 I ChromePhotosDataPlane: phase=tls_certificate correlationId=c46 tlsCacheHit=false tlsCacheWaitMs=19.062 tlsCreationMs=19.984
09-08 02:26:40.898 20204 21193 I ChromePhotosDataPlane: phase=tls_material correlationId=c46 tlsMaterialMs=39.378
09-08 02:26:40.905 20204 21193 I ChromePhotosDataPlane: phase=tls_ready correlationId=c46 hostClass=network hostHash=7ffe8698ca81d914 clientProtocol=http/1.1 ca=8be2538814763f0c
09-08 02:26:40.945 20204 21179 I ChromePhotosDataPlane: origin=real hostClass=network hostHash=100d2a11512096b7 method=POST clientProtocol=http/1.1 upstreamProtocol=h2 status=204 contentType= bytesOut=0 transfer=fixed upstreamHeadersMs=190.072 downstreamWriteMs=0.260
09-08 02:26:40.972 20204 20989 I ChromePhotosDataPlane: origin=real hostClass=network hostHash=abf8fbf760ef2a86 method=GET clientProtocol=http/1.1 upstreamProtocol=h2 status=200 contentType=image/png bytesIn=0 bytesOut=704 cache=miss decision=unknown reason=encoded_image_unsupported source=error probability=-1.0 basis=none decodeMs=0.000 inferenceMs=0.000 inferenceQueueMs=0.000 localDecisionMs=0.000   requestToDeliveryMs=342.925 upstreamHeadersMs=339.505 sanitizeMs=0.215 downstreamWriteMs=1.011
09-08 02:26:41.001 20204 20974 I ChromePhotosDataPlane: origin=real hostClass=network hostHash=a599aeb3c7c1dfa5 method=GET clientProtocol=http/1.1 upstreamProtocol=h2 status=200 contentType=application/javascript bytesOut=162471 transfer=fixed upstreamHeadersMs=175.050 downstreamWriteMs=124.414
09-08 02:26:41.005 20204 21207 I ChromePhotosDataPlane: phase=worker_ready correlationId=c47 admissionWaitMs=12.457
09-08 02:26:41.008 20204 21177 I ChromePhotosDataPlane: origin=real hostClass=network hostHash=a599aeb3c7c1dfa5 method=GET clientProtocol=http/1.1 upstreamProtocol=h2 status=200 contentType=application/javascript bytesOut=187325 transfer=fixed upstreamHeadersMs=150.813 downstreamWriteMs=108.816
09-08 02:26:41.024 20204 21062 I ChromePhotosDataPlane: origin=real hostClass=network hostHash=80255870a6218fe0 method=GET clientProtocol=http/1.1 upstreamProtocol=h2 status=200 contentType=text/javascript bytesOut=354184 transfer=fixed upstreamHeadersMs=151.520 downstreamWriteMs=92.904
09-08 02:26:41.049 20204 21191 I ChromePhotosDataPlane: origin=real hostClass=network hostHash=505bd18b6650e44b method=POST clientProtocol=http/1.1 upstreamProtocol=h2 status=204 contentType=text/plain bytesOut=0 transfer=fixed upstreamHeadersMs=157.674 downstreamWriteMs=0.343
09-08 02:26:41.113 20204 21193 I ChromePhotosDataPlane: origin=real hostClass=network hostHash=7ffe8698ca81d914 method=GET clientProtocol=http/1.1 upstreamProtocol=h2 status=200 contentType=image/png bytesIn=42 bytesOut=704 cache=miss decision=unknown reason=unsupported_gif source=error probability=-1.0 basis=none decodeMs=0.000 inferenceMs=0.000 inferenceQueueMs=0.000 localDecisionMs=0.000  bodyAdmissionMs=0.041 bodyReadMs=0.163 requestToDeliveryMs=206.620 upstreamHeadersMs=203.548 sanitizeMs=0.883 downstreamWriteMs=0.543
09-08 02:26:41.117 20204 21207 I ChromePhotosDataPlane: phase=tls_certificate correlationId=c47 tlsCacheHit=false tlsCacheWaitMs=0.028 tlsCreationMs=63.824
09-08 02:26:41.117 20204 21207 I ChromePhotosDataPlane: phase=tls_material correlationId=c47 tlsMaterialMs=65.422
09-08 02:26:41.131 20204 21207 I ChromePhotosDataPlane: phase=tls_ready correlationId=c47 hostClass=network hostHash=38b36076ca933259 clientProtocol=http/1.1 ca=8be2538814763f0c
09-08 02:26:41.142 20204 21166 I ChromePhotosDataPlane: origin=real hostClass=network hostHash=a817ab236a289c0c method=GET clientProtocol=http/1.1 upstreamProtocol=h2 status=200 contentType=application/json bytesOut=22 transfer=chunked upstreamHeadersMs=107.031 downstreamWriteMs=0.973
09-08 02:26:41.163 20204 21058 I ChromePhotosDataPlane: origin=real hostClass=network hostHash=a817ab236a289c0c method=GET clientProtocol=http/1.1 upstreamProtocol=h2 status=200 contentType=application/json bytesOut=22 transfer=chunked upstreamHeadersMs=135.318 downstreamWriteMs=0.790
09-08 02:26:41.165 20204 21158 I ChromePhotosDataPlane: origin=real hostClass=network hostHash=a817ab236a289c0c method=GET clientProtocol=http/1.1 upstreamProtocol=h2 status=200 contentType=application/json bytesOut=22 transfer=fixed upstreamHeadersMs=127.679 downstreamWriteMs=0.844
09-08 02:26:41.165 20204 20838 I ChromePhotosDataPlane: origin=real hostClass=network hostHash=a817ab236a289c0c method=GET clientProtocol=http/1.1 upstreamProtocol=h2 status=200 contentType=application/json bytesOut=5014 transfer=chunked upstreamHeadersMs=134.010 downstreamWriteMs=0.601
09-08 02:26:41.228 20204 21232 I ChromePhotosDataPlane: phase=worker_ready correlationId=c48 admissionWaitMs=0.535
09-08 02:26:41.299 20204 21232 I ChromePhotosDataPlane: phase=tls_certificate correlationId=c48 tlsCacheHit=false tlsCacheWaitMs=0.029 tlsCreationMs=31.745
09-08 02:26:41.299 20204 21232 I ChromePhotosDataPlane: phase=tls_material correlationId=c48 tlsMaterialMs=32.293
09-08 02:26:41.304 20204 21232 I ChromePhotosDataPlane: phase=tls_ready correlationId=c48 hostClass=network hostHash=b5c4d3f9fde897ed clientProtocol=http/1.1 ca=8be2538814763f0c
09-08 02:26:41.306 20204 20868 I ChromePhotosDataPlane: origin=real hostClass=network hostHash=3e723b591bdb95ce method=GET clientProtocol=http/1.1 upstreamProtocol=h2 status=200 contentType=image/png bytesIn=0 bytesOut=704 cache=miss decision=unknown reason=image_format_unknown source=error probability=-1.0 basis=none decodeMs=0.000 inferenceMs=0.000 inferenceQueueMs=0.000 localDecisionMs=0.000  bodyAdmissionMs=0.037 bodyReadMs=0.097 requestToDeliveryMs=143.228 upstreamHeadersMs=138.067 sanitizeMs=0.876 downstreamWriteMs=1.083
09-08 02:26:41.348 20204 21166 I ChromePhotosDataPlane: origin=real hostClass=network hostHash=a817ab236a289c0c method=POST clientProtocol=http/1.1 upstreamProtocol=h2 status=202 contentType=text/plain bytesOut=8 transfer=fixed upstreamHeadersMs=172.751 downstreamWriteMs=1.035
09-08 02:26:41.406 20204 21207 I ChromePhotosDataPlane: origin=real hostClass=network hostHash=38b36076ca933259 method=GET clientProtocol=http/1.1 upstreamProtocol=http/1.1 status=200 contentType=application/x-javascript bytesOut=591 transfer=fixed upstreamHeadersMs=268.531 downstreamWriteMs=1.006
09-08 02:26:41.412 20204 21242 I ChromePhotosDataPlane: phase=worker_ready correlationId=c49 admissionWaitMs=1.472
09-08 02:26:41.417 20204 21242 I ChromePhotosDataPlane: phase=tls_certificate correlationId=c49 tlsCacheHit=true tlsCacheWaitMs=0.013 tlsCreationMs=0.000
09-08 02:26:41.417 20204 21242 I ChromePhotosDataPlane: phase=tls_material correlationId=c49 tlsMaterialMs=0.240
09-08 02:26:41.418 20204 21243 I ChromePhotosDataPlane: phase=worker_ready correlationId=c50 admissionWaitMs=0.520
09-08 02:26:41.427 20204 21242 I ChromePhotosDataPlane: phase=tls_ready correlationId=c49 hostClass=network hostHash=191347bfe55d0ca9 clientProtocol=http/1.1 ca=8be2538814763f0c
09-08 02:26:41.438 20204 21249 I ChromePhotosDataPlane: phase=worker_ready correlationId=c51 admissionWaitMs=7.234
09-08 02:26:41.471 20204 21243 I ChromePhotosDataPlane: phase=tls_certificate correlationId=c50 tlsCacheHit=false tlsCacheWaitMs=0.029 tlsCreationMs=23.256
09-08 02:26:41.471 20204 21243 I ChromePhotosDataPlane: phase=tls_material correlationId=c50 tlsMaterialMs=23.679
09-08 02:26:41.484 20204 21243 I ChromePhotosDataPlane: phase=tls_ready correlationId=c50 hostClass=network hostHash=acb222ec7473b00e clientProtocol=http/1.1 ca=8be2538814763f0c
09-08 02:26:41.505 20204 21249 I ChromePhotosDataPlane: phase=tls_certificate correlationId=c51 tlsCacheHit=false tlsCacheWaitMs=0.025 tlsCreationMs=22.129
09-08 02:26:41.505 20204 21249 I ChromePhotosDataPlane: phase=tls_material correlationId=c51 tlsMaterialMs=22.603
09-08 02:26:41.513 20204 21249 I ChromePhotosDataPlane: phase=tls_ready correlationId=c51 hostClass=network hostHash=4172597e1d9e2600 clientProtocol=http/1.1 ca=8be2538814763f0c
09-08 02:26:41.567 20204 21257 I ChromePhotosDataPlane: phase=worker_ready correlationId=c52 admissionWaitMs=1.133
09-08 02:26:41.579 20204 21257 I ChromePhotosDataPlane: phase=tls_certificate correlationId=c52 tlsCacheHit=true tlsCacheWaitMs=0.029 tlsCreationMs=0.000
09-08 02:26:41.579 20204 21257 I ChromePhotosDataPlane: phase=tls_material correlationId=c52 tlsMaterialMs=0.608
09-08 02:26:41.580 20204 21263 I ChromePhotosDataPlane: phase=worker_ready correlationId=c53 admissionWaitMs=3.500
09-08 02:26:41.590 20204 21257 I ChromePhotosDataPlane: phase=tls_ready correlationId=c52 hostClass=network hostHash=191347bfe55d0ca9 clientProtocol=http/1.1 ca=8be2538814763f0c
09-08 02:26:41.590 20204 21263 I ChromePhotosDataPlane: phase=tls_certificate correlationId=c53 tlsCacheHit=true tlsCacheWaitMs=0.018 tlsCreationMs=0.000
09-08 02:26:41.590 20204 21263 I ChromePhotosDataPlane: phase=tls_material correlationId=c53 tlsMaterialMs=0.383
09-08 02:26:41.598 20204 21263 I ChromePhotosDataPlane: phase=tls_ready correlationId=c53 hostClass=network hostHash=a817ab236a289c0c clientProtocol=http/1.1 ca=8be2538814763f0c
09-08 02:26:41.602 20204 21242 I ChromePhotosDataPlane: origin=real hostClass=network hostHash=191347bfe55d0ca9 method=POST clientProtocol=http/1.1 upstreamProtocol=h2 status=200 contentType=text/plain bytesOut=0 transfer=fixed upstreamHeadersMs=162.986 downstreamWriteMs=0.755
09-08 02:26:41.604 20204 20989 I ChromePhotosDataPlane: origin=real hostClass=network hostHash=abf8fbf760ef2a86 method=GET clientProtocol=http/1.1 upstreamProtocol=h2 status=200 contentType=image/png bytesIn=0 bytesOut=704 cache=miss decision=unknown reason=encoded_image_unsupported source=error probability=-1.0 basis=none decodeMs=0.000 inferenceMs=0.000 inferenceQueueMs=0.000 localDecisionMs=0.000   requestToDeliveryMs=313.000 upstreamHeadersMs=309.494 sanitizeMs=0.181 downstreamWriteMs=1.222
09-08 02:26:41.656 20204 21257 I ChromePhotosDataPlane: origin=real hostClass=network hostHash=191347bfe55d0ca9 method=POST clientProtocol=http/1.1 upstreamProtocol=h2 status=200 contentType=text/plain bytesOut=0 transfer=fixed upstreamHeadersMs=60.592 downstreamWriteMs=0.859
09-08 02:26:41.747 20204 21279 I ChromePhotosDataPlane: phase=worker_ready correlationId=c54 admissionWaitMs=0.999
09-08 02:26:41.833 20204 21062 I ChromePhotosDataPlane: origin=real hostClass=network hostHash=80255870a6218fe0 method=GET clientProtocol=http/1.1 upstreamProtocol=h2 status=200 contentType=image/png bytesIn=2228 bytesOut=2228 cache=hit decision=safe reason=model_allow source=cache probability=0.025308132 basis=None decodeMs=0.000 inferenceMs=0.000 inferenceQueueMs=0.000 localDecisionMs=0.091  bodyAdmissionMs=0.049 bodyReadMs=0.413 hashMs=1.541 requestToDeliveryMs=163.376 upstreamHeadersMs=150.287 sanitizeMs=3.690 downstreamWriteMs=1.518
09-08 02:26:41.856 20204 21279 I ChromePhotosDataPlane: phase=tls_certificate correlationId=c54 tlsCacheHit=false tlsCacheWaitMs=0.028 tlsCreationMs=45.274
09-08 02:26:41.856 20204 21139 I ChromePhotosDataPlane: origin=real hostClass=network hostHash=7df7caa0a5579e01 method=GET clientProtocol=http/1.1 upstreamProtocol=h2 status=200 contentType=font/woff2 bytesOut=34668 transfer=fixed upstreamHeadersMs=159.658 downstreamWriteMs=18.802
09-08 02:26:41.856 20204 21279 I ChromePhotosDataPlane: phase=tls_material correlationId=c54 tlsMaterialMs=45.814
09-08 02:26:41.861 20204 21279 I ChromePhotosDataPlane: phase=tls_ready correlationId=c54 hostClass=network hostHash=fb66c9c8cfe48aef clientProtocol=http/1.1 ca=8be2538814763f0c
09-08 02:26:41.905 20204 21097 I ChromePhotosDataPlane: phase=media_shield_document origin=real hostClass=network hostHash=4dce8d0b280a268f result=fail_closed reason=document_status_204 bytesOut=41 upstreamHeadersMs=677.705 documentDecisionMs=0.150 downstreamWriteMs=1.605
09-08 02:26:41.943 20204 21289 I ChromePhotosDataPlane: phase=worker_ready correlationId=c55 admissionWaitMs=0.814
09-08 02:26:41.959 20204 21289 I ChromePhotosDataPlane: phase=tls_certificate correlationId=c55 tlsCacheHit=true tlsCacheWaitMs=0.032 tlsCreationMs=0.000
09-08 02:26:41.960 20204 21289 I ChromePhotosDataPlane: phase=tls_material correlationId=c55 tlsMaterialMs=0.673
09-08 02:26:41.972 20204 21289 I ChromePhotosDataPlane: phase=tls_ready correlationId=c55 hostClass=network hostHash=fc1e48f201e43606 clientProtocol=http/1.1 ca=8be2538814763f0c
09-08 02:26:41.992 20204 21295 I ChromePhotosDataPlane: phase=worker_ready correlationId=c56 admissionWaitMs=0.864
09-08 02:26:41.995 20204 21295 I ChromePhotosDataPlane: phase=tls_certificate correlationId=c56 tlsCacheHit=true tlsCacheWaitMs=0.016 tlsCreationMs=0.000
09-08 02:26:41.995 20204 21295 I ChromePhotosDataPlane: phase=tls_material correlationId=c56 tlsMaterialMs=0.165
09-08 02:26:42.005 20204 21295 I ChromePhotosDataPlane: phase=tls_ready correlationId=c56 hostClass=network hostHash=acb222ec7473b00e clientProtocol=http/1.1 ca=8be2538814763f0c
09-08 02:26:42.187 20204 21232 I ChromePhotosDataPlane: origin=real hostClass=network hostHash=b5c4d3f9fde897ed method=OPTIONS clientProtocol=http/1.1 upstreamProtocol=h2 status=200 contentType=application/json bytesOut=0 transfer=fixed upstreamHeadersMs=880.094 downstreamWriteMs=0.378
09-08 02:26:42.198 20204 21295 I ChromePhotosDataPlane: origin=real hostClass=network hostHash=acb222ec7473b00e method=GET clientProtocol=http/1.1 upstreamProtocol=h2 status=302 contentType= bytesIn=0 bytesOut=0 cache=miss decision=passthrough   requestToDeliveryMs=190.548 upstreamHeadersMs=185.828 sanitizeMs=1.125 downstreamWriteMs=0.820
09-08 02:26:42.210 20204 21298 I ChromePhotosDataPlane: phase=worker_ready correlationId=c57 admissionWaitMs=1.845
09-08 02:26:42.217 20204 21249 I ChromePhotosDataPlane: origin=real hostClass=network hostHash=4172597e1d9e2600 method=OPTIONS clientProtocol=http/1.1 upstreamProtocol=h2 status=200 contentType= bytesOut=0 transfer=fixed upstreamHeadersMs=700.390 downstreamWriteMs=0.440
09-08 02:26:42.221 20204 21299 I ChromePhotosDataPlane: phase=worker_ready correlationId=c58 admissionWaitMs=1.261
09-08 02:26:42.224 20204 21299 I ChromePhotosDataPlane: phase=tls_certificate correlationId=c58 tlsCacheHit=true tlsCacheWaitMs=0.009 tlsCreationMs=0.000
09-08 02:26:42.224 20204 21299 I ChromePhotosDataPlane: phase=tls_material correlationId=c58 tlsMaterialMs=0.144
09-08 02:26:42.233 20204 21299 I ChromePhotosDataPlane: phase=tls_ready correlationId=c58 hostClass=network hostHash=4172597e1d9e2600 clientProtocol=http/1.1 ca=8be2538814763f0c
09-08 02:26:42.256 20204 21289 I ChromePhotosDataPlane: origin=real hostClass=network hostHash=fc1e48f201e43606 method=POST clientProtocol=http/1.1 upstreamProtocol=h2 status=200 contentType=application/json bytesOut=0 transfer=fixed upstreamHeadersMs=275.273 downstreamWriteMs=0.244
09-08 02:26:42.335 20204 21298 I ChromePhotosDataPlane: phase=tls_certificate correlationId=c57 tlsCacheHit=false tlsCacheWaitMs=0.013 tlsCreationMs=48.640
09-08 02:26:42.335 20204 21298 I ChromePhotosDataPlane: phase=tls_material correlationId=c57 tlsMaterialMs=48.969
09-08 02:26:42.339 20204 21298 I ChromePhotosDataPlane: phase=tls_ready correlationId=c57 hostClass=network hostHash=db116db5f2465415 clientProtocol=http/1.1 ca=8be2538814763f0c
09-08 02:26:42.549 20204 21279 I ChromePhotosDataPlane: origin=real hostClass=network hostHash=fb66c9c8cfe48aef method=POST clientProtocol=http/1.1 upstreamProtocol=http/1.1 status=204 contentType= bytesOut=0 transfer=fixed upstreamHeadersMs=684.673 downstreamWriteMs=0.508
09-08 02:26:42.588 20204 21263 I ChromePhotosDataPlane: origin=real hostClass=network hostHash=a817ab236a289c0c method=GET clientProtocol=http/1.1 upstreamProtocol=h2 status=304 contentType= bytesOut=0 transfer=fixed upstreamHeadersMs=987.049 downstreamWriteMs=0.348
09-08 02:26:42.589 20204 21299 I ChromePhotosDataPlane: origin=real hostClass=network hostHash=4172597e1d9e2600 method=POST clientProtocol=http/1.1 upstreamProtocol=h2 status=200 contentType=text/plain bytesOut=2 transfer=fixed upstreamHeadersMs=352.321 downstreamWriteMs=0.722
09-08 02:26:42.599 20204 21232 I ChromePhotosDataPlane: origin=real hostClass=network hostHash=b5c4d3f9fde897ed method=POST clientProtocol=http/1.1 upstreamProtocol=h2 status=200 contentType=application/json bytesOut=0 transfer=fixed upstreamHeadersMs=387.181 downstreamWriteMs=0.841
09-08 02:26:43.042 20204 21298 I ChromePhotosDataPlane: origin=real hostClass=network hostHash=db116db5f2465415 method=GET clientProtocol=http/1.1 upstreamProtocol=h2 status=200 contentType=image/png bytesIn=397 bytesOut=704 cache=miss decision=unknown reason=image_format_unknown source=error probability=-1.0 basis=none decodeMs=0.000 inferenceMs=0.000 inferenceQueueMs=0.000 localDecisionMs=0.000  bodyAdmissionMs=0.077 bodyReadMs=0.556 requestToDeliveryMs=699.736 upstreamHeadersMs=690.300 sanitizeMs=3.517 downstreamWriteMs=2.021
09-08 02:26:43.192 20204 21166 I ChromePhotosDataPlane: origin=real hostClass=network hostHash=a817ab236a289c0c method=GET clientProtocol=http/1.1 upstreamProtocol=h2 status=200 contentType=image/png bytesIn=3584 bytesOut=3584 cache=miss decision=safe reason=model_allow source=engine probability=0.026260942 basis=None decodeMs=2.997 inferenceMs=130.816 inferenceQueueMs=0.362 localDecisionMs=134.917  bodyAdmissionMs=0.039 bodyReadMs=0.692 hashMs=0.568 requestToDeliveryMs=552.595 upstreamHeadersMs=406.868 sanitizeMs=137.700 downstreamWriteMs=1.853
09-08 02:26:44.209 20204 21166 W ChromePhotosDataPlane: phase=upstream_failed correlationId=c41-r6 hostClass=network hostHash=a817ab236a289c0c responseStarted=false errorResponseWritten=true error=IOException
09-08 02:26:46.966 20204 21320 I ChromePhotosDataPlane: phase=worker_ready correlationId=c59 admissionWaitMs=0.720
09-08 02:26:47.028 20204 21320 I ChromePhotosDataPlane: phase=tls_certificate correlationId=c59 tlsCacheHit=true tlsCacheWaitMs=0.096 tlsCreationMs=0.000
09-08 02:26:47.028 20204 21320 I ChromePhotosDataPlane: phase=tls_material correlationId=c59 tlsMaterialMs=1.501
09-08 02:26:47.067 20204 21320 I ChromePhotosDataPlane: phase=tls_ready correlationId=c59 hostClass=network hostHash=505bd18b6650e44b clientProtocol=http/1.1 ca=8be2538814763f0c
09-08 02:26:47.275 20204 20933 I ChromePhotosDataPlane: origin=real hostClass=network hostHash=e1bb38766871feb8 method=GET clientProtocol=http/1.1 upstreamProtocol=h2 status=200 contentType=image/webp bytesIn=579250 bytesOut=579250 cache=miss decision=safe reason=model_allow source=engine probability=0.0022100806 basis=None decodeMs=40.609 inferenceMs=129.434 inferenceQueueMs=0.171 localDecisionMs=171.563  bodyAdmissionMs=0.043 bodyReadMs=98.353 hashMs=0.733 requestToDeliveryMs=581.022 upstreamHeadersMs=175.792 sanitizeMs=396.563 downstreamWriteMs=3.561
09-08 02:26:47.304 20204 21320 I ChromePhotosDataPlane: origin=real hostClass=network hostHash=505bd18b6650e44b method=POST clientProtocol=http/1.1 upstreamProtocol=h2 status=204 contentType=text/plain bytesOut=0 transfer=fixed upstreamHeadersMs=215.196 downstreamWriteMs=0.743
09-08 02:26:58.796 20204 21026 I ChromePhotosDataPlane: phase=media_shield_document origin=real hostClass=network hostHash=191347bfe55d0ca9 result=transformed documentSequence=4 navigationSequence=1 token=5448aeb90179 bytesOut=167475 upstreamHeadersMs=224.962 documentDecisionMs=69.993 downstreamWriteMs=1.559
09-08 02:26:59.079 20204 21061 I ChromePhotosDataPlane: origin=real hostClass=network hostHash=80255870a6218fe0 method=GET clientProtocol=http/1.1 upstreamProtocol=h2 status=200 contentType=text/javascript bytesOut=354184 transfer=fixed upstreamHeadersMs=167.583 downstreamWriteMs=55.677
09-08 02:26:59.397 20204 20989 I ChromePhotosDataPlane: origin=real hostClass=network hostHash=abf8fbf760ef2a86 method=GET clientProtocol=http/1.1 upstreamProtocol=h2 status=200 contentType=image/png bytesIn=0 bytesOut=704 cache=miss decision=unknown reason=encoded_image_unsupported source=error probability=-1.0 basis=none decodeMs=0.000 inferenceMs=0.000 inferenceQueueMs=0.000 localDecisionMs=0.000   requestToDeliveryMs=345.831 upstreamHeadersMs=342.846 sanitizeMs=0.177 downstreamWriteMs=0.993
09-08 02:26:59.705 20204 21061 I ChromePhotosDataPlane: origin=real hostClass=network hostHash=80255870a6218fe0 method=GET clientProtocol=http/1.1 upstreamProtocol=h2 status=200 contentType=image/png bytesIn=2228 bytesOut=2228 cache=hit decision=safe reason=model_allow source=cache probability=0.025308132 basis=None decodeMs=0.000 inferenceMs=0.000 inferenceQueueMs=0.000 localDecisionMs=0.100  bodyAdmissionMs=0.058 bodyReadMs=0.449 hashMs=0.849 requestToDeliveryMs=52.021 upstreamHeadersMs=42.486 sanitizeMs=3.287 downstreamWriteMs=1.509
09-08 02:26:59.854 20204 21139 I ChromePhotosDataPlane: origin=real hostClass=network hostHash=7df7caa0a5579e01 method=GET clientProtocol=http/1.1 upstreamProtocol=h2 status=200 contentType=font/woff2 bytesOut=34668 transfer=fixed upstreamHeadersMs=157.276 downstreamWriteMs=33.509
09-08 02:27:00.715 20204 21026 I ChromePhotosDataPlane: phase=media_shield_document origin=real hostClass=network hostHash=191347bfe55d0ca9 result=transformed documentSequence=5 navigationSequence=1 token=06d011b63d3d bytesOut=167472 upstreamHeadersMs=69.942 documentDecisionMs=72.916 downstreamWriteMs=1.945
09-08 02:27:00.822 20204 21062 I ChromePhotosDataPlane: origin=real hostClass=network hostHash=80255870a6218fe0 method=GET clientProtocol=http/1.1 upstreamProtocol=h2 status=200 contentType=text/javascript bytesOut=354184 transfer=fixed upstreamHeadersMs=24.019 downstreamWriteMs=42.135
09-08 02:27:01.578 20204 21061 I ChromePhotosDataPlane: origin=real hostClass=network hostHash=80255870a6218fe0 method=GET clientProtocol=http/1.1 upstreamProtocol=h2 status=200 contentType=image/png bytesIn=2228 bytesOut=2228 cache=hit decision=safe reason=model_allow source=cache probability=0.025308132 basis=None decodeMs=0.000 inferenceMs=0.000 inferenceQueueMs=0.000 localDecisionMs=0.246  bodyAdmissionMs=0.095 bodyReadMs=0.444 hashMs=1.018 requestToDeliveryMs=54.684 upstreamHeadersMs=43.255 sanitizeMs=3.558 downstreamWriteMs=2.186
09-08 02:27:01.589 20204 21139 I ChromePhotosDataPlane: origin=real hostClass=network hostHash=7df7caa0a5579e01 method=GET clientProtocol=http/1.1 upstreamProtocol=h2 status=200 contentType=font/woff2 bytesOut=34668 transfer=fixed upstreamHeadersMs=43.009 downstreamWriteMs=17.741
09-08 02:27:13.373 20204 20204 I ChromePhotosDataPlane: phase=status statusSequence=2 lifecycle=PresentationReady active=true ready=true connections=59 requests=106 safe=11 blocked=0 unknown=8 passthrough=76 cacheHits=3 cacheMisses=18 failures=1 clientDisconnects=0 bytesIn=5317584 bytesOut=5885678 streamed=59 proxyQueueRejects=0 proxyActivePeak=52 proxyP50Ms=221.285 proxyP95Ms=701.924 proxyP99Ms=910.852 upstreamSockets=66 protectSuccess=66 protectFailure=0 web11a=not_run web11b=not_run modelLoadMs=306.189 engineCalls=8 dedupeHits=0 decisionCacheConfig=64 decisionConcurrencyConfig=1 decisionQueueConfig=2 decisionTimeoutMs=5000 engineCallsPerRequest=0.7272727272727273 inferencePeak=1 inFlightPeak=2 queuePeak=1 queueRejects=0 timeouts=0 inferenceP50Ms=141.752084 inferenceP95Ms=237.36552 inferenceP99Ms=237.36552 decisionP50Ms=171.562864 decisionP95Ms=399.527604 decisionP99Ms=399.527604 cacheHitP50Ms=0.099583 cacheHitP95Ms=0.099583 cacheEntries=8 cacheEvictions=0 preprocessP50Ms=21.910156 preprocessP95Ms=40.608855 preprocessP99Ms=40.608855 preparedCount1=8 preparedCount4=0 preparedCount5=0 preparedCountOther=0 decisionBasis=None:8 imageCandidates=19 imagePrefixPeeks=10 imageMagicCandidates=0 imageBodyAdmissionPeak=2 imageBodyAdmissionRejects=0 networkVisualCandidates=19 networkVisualReplaced=0 networkVisualRawDelivered=0 networkVisualSafeRawDelivered=11 networkVisualBlockedReplaced=0 networkVisualUnknownReplaced=0 networkVisualUnsupportedReplaced=8 networkVisualRawBlockedDelivered=0 networkVisualRawUnknownDelivered=0 networkVisualCacheHit=3 networkVisualInference=8 mediaDocumentsTransformed=5 mediaDocumentsFailClosed=2 documentTransformOutstanding=0 readyTokensOutstanding=5 uiSvgRegistered=0 uiSvgRegistryBytes=0 uiSvgCssRewritten=0 uiSvgCssRejected=0 uiSvgNetworkAccepted=10 uiSvgNetworkRejected=0 uiSvgAssetServed=0 uiSvgAssetRejected=0 h18=REPORT=not_run,EVENT_SEQUENCE=0,COMPAT_DOCS=0,STRICT_DOCS=0,STYLE_REQ=0,SCRIPT_REQ=0,DATA_REQ=0,NETWORK_REQ=0,REPORTS=0,LAST_DOC=none,NETWORK_SHA=ee17e3f62edde61823ce35732ea168f4f5986bff347ccfac063eca7f4009ee1b,AUDIT_SHA=74d4467bbf6833db4eeab998495b7dfc50db3b1f04f407704b839ad3f4b25582 h19=REPORT=not_run,DOCUMENTS=0,FRAMES=0,SCRIPTS=0,FIRST_ORIGINAL_SCRIPTS=0,STYLES=0,WORKERS=0,SERVICE_WORKERS=0,FRAME_REPORTS=0,FRAME_REPORT_REJECTS=0,FRAME_REPORT=not_run,FRAME_REPORT_SHA=not_run,FRAME_CHALLENGE_SHA=not_run,FRAME_GENERATION=0,FRAME_ACCEPTED_CHALLENGE_SHA=not_run,FRAME_REPORT_BINDING_SHA=not_run,SAME_URL_BODIES=0,REPORTS=0,SW_BOUNDARY={INSTALL_DOCS=0,WORKER_SCRIPTS=0,WORKER_PROBE_SCRIPTS=0,PROBE_DOCS=0,CLEANUP_DOCS=0,REPORTS_ACCEPTED=0,REPORTS_REJECTED=0,CONTROLLER_PRESENT=0,CONTROLLER_MISSING=0,NAV_FETCHES=0,SELF_READY_FETCHES=0,SELF_READY_PASS_THROUGH=0,SELF_READY_SYNTHETIC=0,NAV_SYNTHETIC=0,RESET_BASELINE_CLEAN=0,RESET_BASELINE_DIRTY=0,REGISTER_BLOCKED=0,REGISTER_SUCCEEDED=0,WORKER_REGISTER_BLOCKED=0,WORKER_REGISTER_SUCCEEDED=0,WORKER_REGISTER_UNSUPPORTED=0,WORKER_REGISTER_ERROR=0,LAST_CASE=none,LAST_EVENT=none,LAST_VALUE=none},UI_SVG={not_run} quicAttempts=0 directTcpAttempts=0 bootstrapResetGeneration=2 bootstrapCompleteGeneration=2 bootstrapResetCount=3 chromeSuspended=false guardSession=534 guardHeartbeatSequence=125 audit17State=0 audit17Navigation=0 audit17Events=23 audit17Dropped=0
09-08 02:27:13.373 20204 20204 I ChromeMediaShieldStatus: v=1 seq=2 kind=network mode=selective candidates=19 replaced=0 rawDelivered=0 safeRaw=11 blockedReplaced=0 unknownReplaced=0 unsupportedReplaced=8 rawBlocked=0 rawUnknown=0 cacheHit=3 decisionEngine=8 engineCalls=8
09-08 02:27:13.373 20204 20204 I ChromeMediaShieldStatus: v=1 seq=2 kind=document transformed=5 failClosed=2 outstanding=0 issued=5 claims=1 documentSequence=1 navigationSequence=1 readyRequests=3 readyPreflights=0 readyAccepted=1 readyRejected=0 parserBarrierRequests=0 parserBarrierReady=0 parserBarrierFailClosed=0 selfShield=true selfReadyRequests=1 selfReadyAccepted=1 selfReadyRejected=0 selfReadyRejectReason=none selfShieldReleaseCompleted=1 selfShieldParserContinued=1 selfShieldOriginalScriptStarted=0 selfShieldTraceRejected=0 selfShieldTraceOutstanding=0 bootstrapDiagnosticAccepted=0 bootstrapDiagnosticRejected=0 bootstrapDiagnosticRejectReason=none bootstrapDiagnosticStage=none bootstrapDiagnosticReason=none bootstrapDiagnosticOutstanding=0
09-08 02:27:13.373 20204 20204 I ChromeMediaShieldStatus: v=1 seq=2 kind=renderer reports=0 rejected=0 globalCallbacks=0 globalRecords=0 childRecords=0 attributeRecords=0 maxRecords=0 scanCalls=0 scanRoot=0 scanNodes=0 maxScanNodes=0 scanMicros=0 maxScanMicros=0 observerChildScans=0 observerAttributeScans=0 guardedScans=0 markupScans=0 shadowScans=0 initialScans=0 otherScans=0 sanitizeElement=0 sanitizeContainer=0 img=0 source=0 svg=0 iframe=0 canvas=0 video=0 safeIcon=0 lockIcon=0 geometryWrites=0 svgRecords=0 shadowRoots=0 shadowObservers=0 shadowCallbacks=0 shadowRecords=0 shadowScanCalls=0 ensureStyle=0 ensureCurtain=0 internalMutations=0
09-08 02:27:13.373 20204 20204 I ChromeMediaShieldStatus: v=1 seq=2 kind=rendererApis callScan=createElement=0/0 createElementNS=0/0 appendChild=0/0 insertBefore=0/0 replaceChild=0/0 append=0/0 prepend=0/0 replaceChildren=0/0 before=0/0 after=0/0 replaceWith=0/0 adjacentElement=0/0 moveBefore=0/0 rangeInsert=0/0 rangeSurround=0/0 adoptNode=0/0 cloneNode=0/0 importNode=0/0 safeMarkup=0/0 innerHTML=0/0 outerHTML=0/0 insertAdjacentHTML=0/0 setHTML=0/0 shadowInnerHTML=0/0 execCommandInsertHTML=0/0 mappedTextContent=0/0
09-08 02:27:13.374 20204 20204 I ChromeMediaShieldStatus: v=1 seq=2 kind=rendererFamilies roots=element/fragment/text/other factory:calls=0,scans=0,direct=0,roots=0/0/0/0,nodes=0,micros=0,maxMicros=0 domGuard:calls=0,scans=0,direct=0,roots=0/0/0/0,nodes=0,micros=0,maxMicros=0 markup:calls=0,scans=0,direct=0,roots=0/0/0/0,nodes=0,micros=0,maxMicros=0
09-08 02:27:13.374 20204 20204 I ChromeMediaShieldStatus: v=1 seq=2 kind=uiSvg registered=0 registryBytes=0 cssRewritten=0 cssRejected=0 networkAccepted=10 networkRejected=0 assetServed=0 assetRejected=0
09-08 02:27:13.374 20204 20204 I ChromeMediaShieldStatus: v=1 seq=2 kind=health failures=1 clientDisconnects=0 proxyQueueRejects=0 protectFailure=0 quicAttempts=0 directTcpAttempts=0 active=true ready=true
09-08 02:27:13.374 20204 20204 I ChromeMediaShieldStatus: v=1 seq=2 kind=fixture report=REPORT=not_run,DOCUMENTS=0,FRAMES=0,SCRIPTS=0,FIRST_ORIGINAL_SCRIPTS=0,STYLES=0,WORKERS=0,SERVICE_WORKERS=0,FRAME_REPORTS=0,FRAME_REPORT_REJECTS=0,FRAME_REPORT=not_run,FRAME_REPORT_SHA=not_run,FRAME_CHALLENGE_SHA=not_run,FRAME_GENERATION=0,FRAME_ACCEPTED_CHALLENGE_SHA=not_run,FRAME_REPORT_BINDING_SHA=not_run,SAME_URL_BODIES=0,REPORTS=0,SW_BOUNDARY={INSTALL_DOCS=0,WORKER_SCRIPTS=0,WORKER_PROBE_SCRIPTS=0,PROBE_DOCS=0,CLEANUP_DOCS=0,REPORTS_ACCEPTED=0,REPORTS_REJECTED=0,CONTROLLER_PRESENT=0,CONTROLLER_MISSING=0,NAV_FETCHES=0,SELF_READY_FETCHES=0,SELF_READY_PASS_THROUGH=0,SELF_READY_SYNTHETIC=0,NAV_SYNTHETIC=0,RESET_BASELINE_CLEAN=0,RESET_BASELINE_DIRTY=0,REGISTER_BLOCKED=0,REGISTER_SUCCEEDED=0,WORKER_REGISTER_BLOCKED=0,WORKER_REGISTER_SUCCEEDED=0,WORKER_REGISTER_UNSUPPORTED=0,WORKER_REGISTER_ERROR=0,LAST_CASE=none,LAST_EVENT=none,LAST_VALUE=none},UI_SVG={not_run}
09-08 02:27:27.715 20204 21375 I ChromePhotosDataPlane: phase=worker_ready correlationId=c60 admissionWaitMs=2.692
09-08 02:27:27.759 20204 21375 I ChromePhotosDataPlane: phase=tls_certificate correlationId=c60 tlsCacheHit=false tlsCacheWaitMs=0.033 tlsCreationMs=32.678
09-08 02:27:27.759 20204 21375 I ChromePhotosDataPlane: phase=tls_material correlationId=c60 tlsMaterialMs=33.146
09-08 02:27:27.765 20204 21377 I ChromePhotosDataPlane: phase=worker_ready correlationId=c61 admissionWaitMs=1.374
09-08 02:27:27.768 20204 21377 I ChromePhotosDataPlane: phase=tls_certificate correlationId=c61 tlsCacheHit=true tlsCacheWaitMs=0.013 tlsCreationMs=0.000
09-08 02:27:27.768 20204 21377 I ChromePhotosDataPlane: phase=tls_material correlationId=c61 tlsMaterialMs=0.258
09-08 02:27:27.772 20204 21375 I ChromePhotosDataPlane: phase=tls_ready correlationId=c60 hostClass=fixture hostHash=1c728e158a8cddb0 clientProtocol=http/1.1 ca=8be2538814763f0c
09-08 02:27:27.777 20204 21377 I ChromePhotosDataPlane: phase=tls_ready correlationId=c61 hostClass=fixture hostHash=1c728e158a8cddb0 clientProtocol=http/1.1 ca=8be2538814763f0c
09-08 02:27:27.819 20204 21375 I ChromePhotosDataPlane: phase=media_shield_document origin=fixture resource=ui-svg-page result=transformed documentSequence=6 navigationSequence=2 token=f29a6f38d1f1 bytesOut=119940
09-08 02:27:27.954 20204 21398 I ChromePhotosDataPlane: phase=worker_ready correlationId=c62 admissionWaitMs=6.902
09-08 02:27:27.967 20204 21375 I ChromePhotosDataPlane: resource=fixture-lease-script origin=fixture_local destination=chrome protocol=http/1.1 method=GET status=200 bytesIn=285 bytesOut=285 decision=passthrough
09-08 02:27:27.987 20204 21398 I ChromePhotosDataPlane: phase=tls_certificate correlationId=c62 tlsCacheHit=false tlsCacheWaitMs=0.010 tlsCreationMs=20.273
09-08 02:27:27.987 20204 21398 I ChromePhotosDataPlane: phase=tls_material correlationId=c62 tlsMaterialMs=20.485
09-08 02:27:27.990 20204 21377 I ChromePhotosDataPlane: phase=media_shield_ready result=204 bytesOut=0
09-08 02:27:27.995 20204 21398 I ChromePhotosDataPlane: phase=tls_ready correlationId=c62 hostClass=network hostHash=a43675776202b206 clientProtocol=http/1.1 ca=8be2538814763f0c
09-08 02:27:27.998 20204 21377 I ChromePhotosDataPlane: phase=media_shield_ready result=204 bytesOut=0
09-08 02:27:28.008 20204 21377 I ChromePhotosDataPlane: phase=media_shield_ready result=204 bytesOut=0
09-08 02:27:28.017 20204 21401 I ChromePhotosDataPlane: phase=worker_ready correlationId=c63 admissionWaitMs=16.725
09-08 02:27:28.025 20204 21404 I ChromePhotosDataPlane: phase=worker_ready correlationId=c64 admissionWaitMs=1.125
09-08 02:27:28.040 20204 21401 I ChromePhotosDataPlane: phase=tls_certificate correlationId=c63 tlsCacheHit=true tlsCacheWaitMs=0.017 tlsCreationMs=0.000
09-08 02:27:28.040 20204 21401 I ChromePhotosDataPlane: phase=tls_material correlationId=c63 tlsMaterialMs=0.382
09-08 02:27:28.047 20204 21401 I ChromePhotosDataPlane: phase=tls_ready correlationId=c63 hostClass=network hostHash=505bd18b6650e44b clientProtocol=http/1.1 ca=8be2538814763f0c
09-08 02:27:28.050 20204 20983 I ChromePhotosDataPlane: phase=worker_ready correlationId=c65 admissionWaitMs=0.243
09-08 02:27:28.054 20204 20983 I ChromePhotosDataPlane: phase=tls_certificate correlationId=c65 tlsCacheHit=true tlsCacheWaitMs=0.010 tlsCreationMs=0.000
09-08 02:27:28.054 20204 20983 I ChromePhotosDataPlane: phase=tls_material correlationId=c65 tlsMaterialMs=0.174
09-08 02:27:28.060 20204 20983 I ChromePhotosDataPlane: phase=tls_ready correlationId=c65 hostClass=fixture hostHash=1c728e158a8cddb0 clientProtocol=http/1.1 ca=8be2538814763f0c
09-08 02:27:28.062 20204 20983 I ChromePhotosDataPlane: phase=media_shield_ready result=200 bytesOut=179
09-08 02:27:28.066 20204 21404 I ChromePhotosDataPlane: phase=tls_certificate correlationId=c64 tlsCacheHit=true tlsCacheWaitMs=0.025 tlsCreationMs=0.000
09-08 02:27:28.066 20204 21404 I ChromePhotosDataPlane: phase=tls_material correlationId=c64 tlsMaterialMs=0.627
09-08 02:27:28.073 20204 21404 I ChromePhotosDataPlane: phase=tls_ready correlationId=c64 hostClass=network hostHash=fc1e48f201e43606 clientProtocol=http/1.1 ca=8be2538814763f0c
09-08 02:27:28.073 20204 20937 I ChromePhotosDataPlane: phase=worker_ready correlationId=c66 admissionWaitMs=0.352
09-08 02:27:28.083 20204 20937 I ChromePhotosDataPlane: phase=tls_certificate correlationId=c66 tlsCacheHit=true tlsCacheWaitMs=0.013 tlsCreationMs=0.000
09-08 02:27:28.083 20204 20937 I ChromePhotosDataPlane: phase=tls_material correlationId=c66 tlsMaterialMs=0.476
09-08 02:27:28.088 20204 20937 I ChromePhotosDataPlane: phase=tls_ready correlationId=c66 hostClass=network hostHash=fc1e48f201e43606 clientProtocol=http/1.1 ca=8be2538814763f0c
09-08 02:27:28.097 20204 21401 I ChromePhotosDataPlane: origin=real hostClass=network hostHash=505bd18b6650e44b method=POST clientProtocol=http/1.1 upstreamProtocol=h2 status=204 contentType=text/plain bytesOut=0 transfer=fixed upstreamHeadersMs=44.651 downstreamWriteMs=0.547
09-08 02:27:28.110 20204 20983 I ChromePhotosDataPlane: phase=media_shield_ready result=200 bytesOut=211
09-08 02:27:28.160 20204 20983 I ChromePhotosDataPlane: phase=media_shield_ready result=200 bytesOut=198
09-08 02:27:28.226 20204 21115 I ChromePhotosDataPlane: phase=worker_ready correlationId=c67 admissionWaitMs=0.294
09-08 02:27:28.231 20204 21115 I ChromePhotosDataPlane: phase=tls_certificate correlationId=c67 tlsCacheHit=true tlsCacheWaitMs=0.010 tlsCreationMs=0.000
09-08 02:27:28.231 20204 21115 I ChromePhotosDataPlane: phase=tls_material correlationId=c67 tlsMaterialMs=0.196
09-08 02:27:28.236 20204 21115 I ChromePhotosDataPlane: phase=tls_ready correlationId=c67 hostClass=network hostHash=a43675776202b206 clientProtocol=http/1.1 ca=8be2538814763f0c
09-08 02:27:28.255 20204 21191 I ChromePhotosDataPlane: phase=worker_ready correlationId=c68 admissionWaitMs=0.208
09-08 02:27:28.260 20204 21191 I ChromePhotosDataPlane: phase=tls_certificate correlationId=c68 tlsCacheHit=true tlsCacheWaitMs=0.012 tlsCreationMs=0.000
09-08 02:27:28.260 20204 21191 I ChromePhotosDataPlane: phase=tls_material correlationId=c68 tlsMaterialMs=0.265
09-08 02:27:28.269 20204 21191 I ChromePhotosDataPlane: phase=tls_ready correlationId=c68 hostClass=fixture hostHash=1c728e158a8cddb0 clientProtocol=http/1.1 ca=8be2538814763f0c
09-08 02:27:28.279 20204 21191 I ChromePhotosDataPlane: phase=presentation_ready fixture=visible heartbeat=fresh failSafe=armed
09-08 02:27:28.899 20204 21404 I ChromePhotosDataPlane: origin=real hostClass=network hostHash=fc1e48f201e43606 method=POST clientProtocol=http/1.1 upstreamProtocol=h2 status=200 contentType=application/json bytesOut=0 transfer=fixed upstreamHeadersMs=819.174 downstreamWriteMs=1.097
09-08 02:27:29.200 20204 20937 I ChromePhotosDataPlane: origin=real hostClass=network hostHash=fc1e48f201e43606 method=POST clientProtocol=http/1.1 upstreamProtocol=h2 status=200 contentType=application/json bytesOut=0 transfer=fixed upstreamHeadersMs=1108.142 downstreamWriteMs=1.352
09-08 02:27:29.439 20204 20983 I ChromePhotosDataPlane: resource=ui-svg-report origin=fixture_local destination=chrome protocol=http/1.1 method=POST status=200 bytesIn=8 bytesOut=8 decision=passthrough
09-08 02:27:38.014 20204 20983 I ChromePhotosDataPlane: phase=media_shield_document origin=fixture resource=ui-shadow-page result=transformed documentSequence=7 navigationSequence=3 token=111aaa5a32a4 bytesOut=114084
09-08 02:27:38.043 20204 20983 I ChromePhotosDataPlane: resource=fixture-lease-script origin=fixture_local destination=chrome protocol=http/1.1 method=GET status=200 bytesIn=285 bytesOut=285 decision=passthrough
09-08 02:27:38.076 20204 21377 I ChromePhotosDataPlane: phase=media_shield_ready result=204 bytesOut=0
09-08 02:27:38.083 20204 21377 I ChromePhotosDataPlane: phase=media_shield_ready result=204 bytesOut=0
09-08 02:27:38.092 20204 21377 I ChromePhotosDataPlane: phase=media_shield_ready result=204 bytesOut=0
09-08 02:27:41.138 20204 21242 I ChromePhotosDataPlane: phase=worker_ready correlationId=c69 admissionWaitMs=0.878
09-08 02:27:41.152 20204 21242 I ChromePhotosDataPlane: phase=tls_certificate correlationId=c69 tlsCacheHit=true tlsCacheWaitMs=0.020 tlsCreationMs=0.000
09-08 02:27:41.152 20204 21242 I ChromePhotosDataPlane: phase=tls_material correlationId=c69 tlsMaterialMs=0.621
09-08 02:27:41.165 20204 21242 I ChromePhotosDataPlane: phase=tls_ready correlationId=c69 hostClass=network hostHash=816c1c4228e457b0 clientProtocol=http/1.1 ca=8be2538814763f0c
09-08 02:27:41.502 20204 21242 I ChromePhotosDataPlane: origin=real hostClass=network hostHash=816c1c4228e457b0 method=POST clientProtocol=http/1.1 upstreamProtocol=h2 status=307 contentType= bytesIn=0 bytesOut=0 cache=miss decision=passthrough   requestToDeliveryMs=333.867 upstreamHeadersMs=326.750 sanitizeMs=1.009 downstreamWriteMs=1.528
09-08 02:27:41.507 20204 21257 I ChromePhotosDataPlane: phase=worker_ready correlationId=c70 admissionWaitMs=0.905
09-08 02:27:41.644 20204 21257 I ChromePhotosDataPlane: phase=tls_certificate correlationId=c70 tlsCacheHit=false tlsCacheWaitMs=0.035 tlsCreationMs=52.597
09-08 02:27:41.644 20204 21257 I ChromePhotosDataPlane: phase=tls_material correlationId=c70 tlsMaterialMs=53.453
09-08 02:27:41.656 20204 21257 I ChromePhotosDataPlane: phase=tls_ready correlationId=c70 hostClass=network hostHash=d4959681c088e129 clientProtocol=http/1.1 ca=8be2538814763f0c
09-08 02:27:46.875 20204 21257 I ChromePhotosDataPlane: phase=media_shield_document origin=real hostClass=network hostHash=d4959681c088e129 result=fail_closed reason=document_intent_ambiguous_without_fetch_metadata bytesOut=41 upstreamHeadersMs=5208.600 documentDecisionMs=0.237 downstreamWriteMs=2.093
09-08 02:27:52.574 20204 21377 I ChromePhotosDataPlane: phase=media_shield_document origin=fixture resource=fixture-index result=transformed documentSequence=8 navigationSequence=4 token=6e5aab342a5d bytesOut=118439
09-08 02:27:52.597 20204 21289 I ChromePhotosDataPlane: phase=worker_ready correlationId=c71 admissionWaitMs=0.558
09-08 02:27:52.600 20204 21166 I ChromePhotosDataPlane: phase=worker_ready correlationId=c72 admissionWaitMs=0.283
09-08 02:27:52.612 20204 21166 I ChromePhotosDataPlane: phase=tls_certificate correlationId=c72 tlsCacheHit=true tlsCacheWaitMs=0.010 tlsCreationMs=0.000
09-08 02:27:52.612 20204 21166 I ChromePhotosDataPlane: phase=tls_material correlationId=c72 tlsMaterialMs=0.308
09-08 02:27:52.618 20204 21166 I ChromePhotosDataPlane: phase=tls_ready correlationId=c72 hostClass=network hostHash=80255870a6218fe0 clientProtocol=http/1.1 ca=8be2538814763f0c
09-08 02:27:52.628 20204 21377 I ChromePhotosDataPlane: phase=media_shield_ready result=204 bytesOut=0
09-08 02:27:52.634 20204 21377 I ChromePhotosDataPlane: phase=media_shield_ready result=204 bytesOut=0
09-08 02:27:52.641 20204 21377 I ChromePhotosDataPlane: phase=media_shield_ready result=204 bytesOut=0
09-08 02:27:52.651 20204 21320 I ChromePhotosDataPlane: phase=worker_ready correlationId=c73 admissionWaitMs=0.178
09-08 02:27:52.658 20204 20839 I ChromePhotosDataPlane: phase=worker_ready correlationId=c74 admissionWaitMs=0.459
09-08 02:27:52.666 20204 20915 I ChromePhotosDataPlane: phase=worker_ready correlationId=c75 admissionWaitMs=0.332
09-08 02:27:52.673 20204 20916 I ChromePhotosDataPlane: phase=worker_ready correlationId=c76 admissionWaitMs=0.314
09-08 02:27:52.680 20204 20940 I ChromePhotosDataPlane: phase=worker_ready correlationId=c77 admissionWaitMs=0.295
09-08 02:27:52.685 20204 20946 I ChromePhotosDataPlane: phase=worker_ready correlationId=c78 admissionWaitMs=0.786
09-08 02:27:52.688 20204 20938 I ChromePhotosDataPlane: phase=worker_ready correlationId=c79 admissionWaitMs=0.542
09-08 02:27:52.692 20204 21377 I ChromePhotosDataPlane: resource=fixture-lease-script origin=fixture_local destination=chrome protocol=http/1.1 method=GET status=200 bytesIn=285 bytesOut=285 decision=passthrough
09-08 02:27:52.701 20204 20867 I ChromePhotosDataPlane: phase=worker_ready correlationId=c80 admissionWaitMs=0.439
09-08 02:27:52.731 20204 20940 I ChromePhotosDataPlane: phase=tls_certificate correlationId=c77 tlsCacheHit=false tlsCacheWaitMs=0.010 tlsCreationMs=16.857
09-08 02:27:52.731 20204 20940 I ChromePhotosDataPlane: phase=tls_material correlationId=c77 tlsMaterialMs=17.305
09-08 02:27:52.737 20204 20940 I ChromePhotosDataPlane: phase=tls_ready correlationId=c77 hostClass=network hostHash=466884c463494e8a clientProtocol=http/1.1 ca=8be2538814763f0c
09-08 02:27:52.744 20204 20938 I ChromePhotosDataPlane: phase=tls_certificate correlationId=c79 tlsCacheHit=true tlsCacheWaitMs=0.014 tlsCreationMs=0.000
09-08 02:27:52.744 20204 20938 I ChromePhotosDataPlane: phase=tls_material correlationId=c79 tlsMaterialMs=0.505
09-08 02:27:52.749 20204 20938 I ChromePhotosDataPlane: phase=tls_ready correlationId=c79 hostClass=network hostHash=466884c463494e8a clientProtocol=http/1.1 ca=8be2538814763f0c
09-08 02:27:52.750 20204 20867 I ChromePhotosDataPlane: phase=tls_certificate correlationId=c80 tlsCacheHit=true tlsCacheWaitMs=0.008 tlsCreationMs=0.000
09-08 02:27:52.750 20204 20867 I ChromePhotosDataPlane: phase=tls_material correlationId=c80 tlsMaterialMs=0.245
09-08 02:27:52.754 20204 20867 I ChromePhotosDataPlane: phase=tls_ready correlationId=c80 hostClass=network hostHash=466884c463494e8a clientProtocol=http/1.1 ca=8be2538814763f0c
09-08 02:27:52.756 20204 20916 I ChromePhotosDataPlane: phase=tls_certificate correlationId=c76 tlsCacheHit=false tlsCacheWaitMs=11.998 tlsCreationMs=25.114
09-08 02:27:52.757 20204 20916 I ChromePhotosDataPlane: phase=tls_material correlationId=c76 tlsMaterialMs=37.555
09-08 02:27:52.758 20204 20946 I ChromePhotosDataPlane: phase=tls_certificate correlationId=c78 tlsCacheHit=true tlsCacheWaitMs=37.118 tlsCreationMs=0.000
09-08 02:27:52.758 20204 20946 I ChromePhotosDataPlane: phase=tls_material correlationId=c78 tlsMaterialMs=37.846
09-08 02:27:52.767 20204 20946 I ChromePhotosDataPlane: phase=tls_ready correlationId=c78 hostClass=network hostHash=466884c463494e8a clientProtocol=http/1.1 ca=8be2538814763f0c
09-08 02:27:52.767 20204 20916 I ChromePhotosDataPlane: phase=tls_ready correlationId=c76 hostClass=network hostHash=1f6baa4a359d00da clientProtocol=http/1.1 ca=8be2538814763f0c
09-08 02:27:52.799 20204 20915 I ChromePhotosDataPlane: phase=tls_certificate correlationId=c75 tlsCacheHit=false tlsCacheWaitMs=36.150 tlsCreationMs=39.665
09-08 02:27:52.799 20204 20915 I ChromePhotosDataPlane: phase=tls_material correlationId=c75 tlsMaterialMs=76.228
09-08 02:27:52.813 20204 20915 I ChromePhotosDataPlane: phase=tls_ready correlationId=c75 hostClass=network hostHash=3aeb002460381c6f clientProtocol=http/1.1 ca=8be2538814763f0c
09-08 02:27:52.932 20204 21166 I ChromePhotosDataPlane: origin=real hostClass=network hostHash=80255870a6218fe0 method=GET clientProtocol=http/1.1 upstreamProtocol=h2 status=200 contentType=image/webp bytesIn=30320 bytesOut=30320 cache=miss decision=safe reason=model_allow source=engine probability=0.006820023 basis=None decodeMs=8.401 inferenceMs=134.807 inferenceQueueMs=0.162 localDecisionMs=144.042  bodyAdmissionMs=0.040 bodyReadMs=34.023 hashMs=0.518 requestToDeliveryMs=312.843 upstreamHeadersMs=117.219 sanitizeMs=193.670 downstreamWriteMs=0.580
09-08 02:27:53.001 20204 21289 I ChromePhotosDataPlane: phase=tls_certificate correlationId=c71 tlsCacheHit=false tlsCacheWaitMs=0.016 tlsCreationMs=40.982
09-08 02:27:53.001 20204 21289 I ChromePhotosDataPlane: phase=tls_material correlationId=c71 tlsMaterialMs=41.406
09-08 02:27:53.002 20204 20839 I ChromePhotosDataPlane: phase=tls_certificate correlationId=c74 tlsCacheHit=true tlsCacheWaitMs=41.379 tlsCreationMs=0.000
09-08 02:27:53.002 20204 20839 I ChromePhotosDataPlane: phase=tls_material correlationId=c74 tlsMaterialMs=41.987
09-08 02:27:53.002 20204 21320 I ChromePhotosDataPlane: phase=tls_certificate correlationId=c73 tlsCacheHit=true tlsCacheWaitMs=31.102 tlsCreationMs=0.000
09-08 02:27:53.002 20204 21320 I ChromePhotosDataPlane: phase=tls_material correlationId=c73 tlsMaterialMs=31.599
09-08 02:27:53.008 20204 21289 I ChromePhotosDataPlane: phase=tls_ready correlationId=c71 hostClass=network hostHash=9b0ff8cd24a50ec9 clientProtocol=http/1.1 ca=8be2538814763f0c
09-08 02:27:53.014 20204 20839 I ChromePhotosDataPlane: phase=tls_ready correlationId=c74 hostClass=network hostHash=9b0ff8cd24a50ec9 clientProtocol=http/1.1 ca=8be2538814763f0c
09-08 02:27:53.019 20204 21320 I ChromePhotosDataPlane: phase=tls_ready correlationId=c73 hostClass=network hostHash=9b0ff8cd24a50ec9 clientProtocol=http/1.1 ca=8be2538814763f0c
09-08 02:27:53.332 20204 20915 I ChromePhotosDataPlane: origin=real hostClass=network hostHash=3aeb002460381c6f method=GET clientProtocol=http/1.1 upstreamProtocol=h2 status=302 contentType= bytesIn=0 bytesOut=0 cache=miss decision=passthrough   requestToDeliveryMs=517.486 upstreamHeadersMs=510.853 sanitizeMs=0.946 downstreamWriteMs=2.439
09-08 02:27:53.523 20204 20946 I ChromePhotosDataPlane: origin=real hostClass=network hostHash=466884c463494e8a method=GET clientProtocol=http/1.1 upstreamProtocol=h2 status=200 contentType=image/jpeg bytesIn=2372694 bytesOut=2372694 cache=miss decision=safe reason=model_allow source=engine probability=0.05782932 basis=None decodeMs=77.199 inferenceMs=129.446 inferenceQueueMs=0.290 localDecisionMs=210.612  bodyAdmissionMs=0.066 bodyReadMs=265.117 hashMs=6.046 requestToDeliveryMs=755.464 upstreamHeadersMs=210.002 sanitizeMs=483.866 downstreamWriteMs=42.056
09-08 02:27:53.711 20204 20867 I ChromePhotosDataPlane: origin=real hostClass=network hostHash=466884c463494e8a method=GET clientProtocol=http/1.1 upstreamProtocol=h2 status=200 contentType=image/png bytesIn=1452444 bytesOut=704 cache=miss decision=unknown reason=unsafe_dimensions source=engine probability=-1.0 basis=none decodeMs=0.457 inferenceMs=0.000 inferenceQueueMs=187.362 localDecisionMs=196.038  bodyAdmissionMs=483.736 bodyReadMs=30.157 hashMs=5.231 requestToDeliveryMs=954.707 upstreamHeadersMs=222.812 sanitizeMs=716.178 downstreamWriteMs=7.882
09-08 02:27:53.745 20204 20940 I ChromePhotosDataPlane: origin=real hostClass=network hostHash=466884c463494e8a method=GET clientProtocol=http/1.1 upstreamProtocol=h2 status=200 contentType=image/jpeg bytesIn=3403942 bytesOut=3403942 cache=miss decision=safe reason=model_allow source=engine probability=0.037037224 basis=None decodeMs=89.661 inferenceMs=131.830 inferenceQueueMs=169.774 localDecisionMs=395.467  bodyAdmissionMs=0.023 bodyReadMs=435.824 hashMs=8.632 requestToDeliveryMs=1006.903 upstreamHeadersMs=108.071 sanitizeMs=840.992 downstreamWriteMs=25.543
09-08 02:27:54.283 20204 20963 I ChromePhotosDataPlane: phase=worker_ready correlationId=c81 admissionWaitMs=0.252
09-08 02:27:54.283 20204 20916 I ChromePhotosDataPlane: origin=real hostClass=network hostHash=1f6baa4a359d00da method=GET clientProtocol=http/1.1 upstreamProtocol=h2 status=200 contentType=image/avif bytesIn=28133 bytesOut=28133 cache=miss decision=safe reason=model_allow source=engine probability=0.0050848126 basis=None decodeMs=440.052 inferenceMs=135.837 inferenceQueueMs=0.152 localDecisionMs=577.223  bodyAdmissionMs=632.488 bodyReadMs=1.333 hashMs=2.157 requestToDeliveryMs=1515.786 upstreamHeadersMs=295.002 sanitizeMs=1214.197 downstreamWriteMs=2.427
09-08 02:27:54.296 20204 20963 I ChromePhotosDataPlane: phase=tls_certificate correlationId=c81 tlsCacheHit=true tlsCacheWaitMs=0.029 tlsCreationMs=0.000
09-08 02:27:54.297 20204 20963 I ChromePhotosDataPlane: phase=tls_material correlationId=c81 tlsMaterialMs=0.732
09-08 02:27:54.311 20204 20963 I ChromePhotosDataPlane: phase=tls_ready correlationId=c81 hostClass=network hostHash=1f6baa4a359d00da clientProtocol=http/1.1 ca=8be2538814763f0c
09-08 02:27:54.464 20204 20938 I ChromePhotosDataPlane: origin=real hostClass=network hostHash=466884c463494e8a method=GET clientProtocol=http/1.1 upstreamProtocol=h2 status=200 contentType=image/jpeg bytesIn=837774 bytesOut=837774 cache=miss decision=safe reason=model_allow source=engine probability=0.0482603 basis=None decodeMs=24.181 inferenceMs=129.580 inferenceQueueMs=560.149 localDecisionMs=715.392  bodyAdmissionMs=708.463 bodyReadMs=25.152 hashMs=2.859 requestToDeliveryMs=1713.008 upstreamHeadersMs=228.127 sanitizeMs=1452.621 downstreamWriteMs=26.306
09-08 02:27:54.571 20204 21289 I ChromePhotosDataPlane: origin=real hostClass=network hostHash=9b0ff8cd24a50ec9 method=GET clientProtocol=http/1.1 upstreamProtocol=h2 status=200 contentType=image/png bytesIn=8090 bytesOut=8090 cache=miss decision=safe reason=model_allow source=engine probability=0.018158317 basis=None decodeMs=2.660 inferenceMs=130.171 inferenceQueueMs=148.811 localDecisionMs=282.511  bodyAdmissionMs=442.103 bodyReadMs=0.446 hashMs=0.981 requestToDeliveryMs=1561.151 upstreamHeadersMs=825.211 sanitizeMs=729.976 downstreamWriteMs=1.584
09-08 02:27:54.717 20204 20963 I ChromePhotosDataPlane: origin=real hostClass=network hostHash=1f6baa4a359d00da method=GET clientProtocol=http/1.1 upstreamProtocol=h2 status=200 contentType=image/avif bytesIn=28133 bytesOut=28133 cache=hit decision=safe reason=model_allow source=cache probability=0.0050848126 basis=None decodeMs=0.000 inferenceMs=0.000 inferenceQueueMs=0.000 localDecisionMs=0.125  bodyAdmissionMs=364.006 bodyReadMs=1.875 hashMs=2.307 requestToDeliveryMs=402.383 upstreamHeadersMs=24.344 sanitizeMs=369.609 downstreamWriteMs=2.372
09-08 02:27:54.720 20204 21320 I ChromePhotosDataPlane: origin=real hostClass=network hostHash=9b0ff8cd24a50ec9 method=GET clientProtocol=http/1.1 upstreamProtocol=h2 status=200 contentType=image/webp bytesIn=10568 bytesOut=10568 cache=miss decision=safe reason=model_allow source=engine probability=0.032659233 basis=None decodeMs=4.294 inferenceMs=130.181 inferenceQueueMs=118.893 localDecisionMs=256.303  bodyAdmissionMs=582.164 bodyReadMs=0.475 hashMs=1.079 requestToDeliveryMs=1698.130 upstreamHeadersMs=827.128 sanitizeMs=850.019 downstreamWriteMs=15.632
09-08 02:27:54.847 20204 20839 I ChromePhotosDataPlane: origin=real hostClass=network hostHash=9b0ff8cd24a50ec9 method=GET clientProtocol=http/1.1 upstreamProtocol=h2 status=200 contentType=image/jpeg bytesIn=35588 bytesOut=35588 cache=miss decision=safe reason=model_allow source=engine probability=0.042280197 basis=None decodeMs=3.453 inferenceMs=130.599 inferenceQueueMs=131.029 localDecisionMs=266.029  bodyAdmissionMs=576.603 bodyReadMs=1.077 hashMs=1.500 requestToDeliveryMs=1831.900 upstreamHeadersMs=973.467 sanitizeMs=845.756 downstreamWriteMs=5.799
09-08 02:28:13.365 20204 20204 I ChromePhotosDataPlane: phase=status statusSequence=3 lifecycle=PresentationReady active=true ready=true connections=81 requests=328 safe=20 blocked=0 unknown=10 passthrough=271 cacheHits=4 cacheMisses=28 failures=1 clientDisconnects=0 bytesIn=13542185 bytesOut=12997103 streamed=62 proxyQueueRejects=0 proxyActivePeak=52 proxyP50Ms=2.858 proxyP95Ms=755.639 proxyP99Ms=1561.659 upstreamSockets=80 protectSuccess=80 protectFailure=0 web11a=not_run web11b=not_run modelLoadMs=306.189 engineCalls=17 dedupeHits=0 decisionCacheConfig=64 decisionConcurrencyConfig=1 decisionQueueConfig=2 decisionTimeoutMs=5000 engineCallsPerRequest=0.8095238095238095 inferencePeak=1 inFlightPeak=2 queuePeak=1 queueRejects=0 timeouts=0 inferenceP50Ms=131.829948 inferenceP95Ms=237.36552 inferenceP99Ms=237.36552 decisionP50Ms=196.038021 decisionP95Ms=577.223281 decisionP99Ms=577.223281 cacheHitP50Ms=0.099583 cacheHitP95Ms=0.124792 cacheEntries=17 cacheEvictions=0 preprocessP50Ms=21.910156 preprocessP95Ms=143.864791 preprocessP99Ms=143.864791 preparedCount1=16 preparedCount4=0 preparedCount5=0 preparedCountOther=1 decisionBasis=None:16,Other:1 imageCandidates=29 imagePrefixPeeks=10 imageMagicCandidates=0 imageBodyAdmissionPeak=2 imageBodyAdmissionRejects=0 networkVisualCandidates=29 networkVisualReplaced=0 networkVisualRawDelivered=0 networkVisualSafeRawDelivered=20 networkVisualBlockedReplaced=0 networkVisualUnknownReplaced=0 networkVisualUnsupportedReplaced=9 networkVisualRawBlockedDelivered=0 networkVisualRawUnknownDelivered=0 networkVisualCacheHit=4 networkVisualInference=17 mediaDocumentsTransformed=8 mediaDocumentsFailClosed=3 documentTransformOutstanding=0 readyTokensOutstanding=8 uiSvgRegistered=1 uiSvgRegistryBytes=134 uiSvgCssRewritten=1 uiSvgCssRejected=0 uiSvgNetworkAccepted=11 uiSvgNetworkRejected=1 uiSvgAssetServed=3 uiSvgAssetRejected=0 h18=REPORT=not_run,EVENT_SEQUENCE=0,COMPAT_DOCS=0,STRICT_DOCS=0,STYLE_REQ=0,SCRIPT_REQ=0,DATA_REQ=0,NETWORK_REQ=0,REPORTS=0,LAST_DOC=none,NETWORK_SHA=ee17e3f62edde61823ce35732ea168f4f5986bff347ccfac063eca7f4009ee1b,AUDIT_SHA=74d4467bbf6833db4eeab998495b7dfc50db3b1f04f407704b839ad3f4b25582 h19=REPORT=not_run,DOCUMENTS=0,FRAMES=0,SCRIPTS=0,FIRST_ORIGINAL_SCRIPTS=0,STYLES=0,WORKERS=0,SERVICE_WORKERS=0,FRAME_REPORTS=0,FRAME_REPORT_REJECTS=0,FRAME_REPORT=not_run,FRAME_REPORT_SHA=not_run,FRAME_CHALLENGE_SHA=not_run,FRAME_GENERATION=0,FRAME_ACCEPTED_CHALLENGE_SHA=not_run,FRAME_REPORT_BINDING_SHA=not_run,SAME_URL_BODIES=0,REPORTS=0,SW_BOUNDARY={INSTALL_DOCS=0,WORKER_SCRIPTS=0,WORKER_PROBE_SCRIPTS=0,PROBE_DOCS=0,CLEANUP_DOCS=0,REPORTS_ACCEPTED=0,REPORTS_REJECTED=0,CONTROLLER_PRESENT=0,CONTROLLER_MISSING=0,NAV_FETCHES=0,SELF_READY_FETCHES=0,SELF_READY_PASS_THROUGH=0,SELF_READY_SYNTHETIC=0,NAV_SYNTHETIC=0,RESET_BASELINE_CLEAN=0,RESET_BASELINE_DIRTY=0,REGISTER_BLOCKED=0,REGISTER_SUCCEEDED=0,WORKER_REGISTER_BLOCKED=0,WORKER_REGISTER_SUCCEEDED=0,WORKER_REGISTER_UNSUPPORTED=0,WORKER_REGISTER_ERROR=0,LAST_CASE=none,LAST_EVENT=none,LAST_VALUE=none},UI_SVG={INLINE_ORIGINAL:PASS,INLINE_CLICK:PASS,SPRITE_ORIGINAL:PASS,UNSAFE_SPRITE_FAIL_CLOSED:PASS,AMBIGUOUS_REFERENCE_FAIL_CLOSED:PASS,STATIC_CSS:PASS,EXTERNAL_CSS:PASS,STYLE_ATTRIBUTE:PASS,DATA_IMAGE:PASS,FAVICON:PASS,PROTECTED_HEAD_RETENTION:PASS,NETWORK_SVG:PASS,UNSAFE_NETWORK_FAIL_CLOSED:PASS,DYNAMIC_CSS:PASS,RASTER_FAIL_CLOSED:PASS,UNSAFE_INLINE_FAIL_CLOSED:PASS} quicAttempts=0 directTcpAttempts=0 bootstrapResetGeneration=2 bootstrapCompleteGeneration=2 bootstrapResetCount=3 chromeSuspended=false guardSession=534 guardHeartbeatSequence=233 audit17State=0 audit17Navigation=0 audit17Events=35 audit17Dropped=0
09-08 02:28:13.367 20204 20204 I ChromeMediaShieldStatus: v=1 seq=3 kind=network mode=selective candidates=29 replaced=0 rawDelivered=0 safeRaw=20 blockedReplaced=0 unknownReplaced=0 unsupportedReplaced=9 rawBlocked=0 rawUnknown=0 cacheHit=4 decisionEngine=17 engineCalls=17
09-08 02:28:13.367 20204 20204 I ChromeMediaShieldStatus: v=1 seq=3 kind=document transformed=8 failClosed=3 outstanding=0 issued=8 claims=4 documentSequence=8 navigationSequence=4 readyRequests=12 readyPreflights=0 readyAccepted=4 readyRejected=0 parserBarrierRequests=0 parserBarrierReady=0 parserBarrierFailClosed=0 selfShield=true selfReadyRequests=4 selfReadyAccepted=4 selfReadyRejected=0 selfReadyRejectReason=none selfShieldReleaseCompleted=4 selfShieldParserContinued=4 selfShieldOriginalScriptStarted=0 selfShieldTraceRejected=0 selfShieldTraceOutstanding=3 bootstrapDiagnosticAccepted=0 bootstrapDiagnosticRejected=0 bootstrapDiagnosticRejectReason=none bootstrapDiagnosticStage=none bootstrapDiagnosticReason=none bootstrapDiagnosticOutstanding=0
09-08 02:28:13.368 20204 20204 I ChromeMediaShieldStatus: v=1 seq=3 kind=renderer reports=0 rejected=0 globalCallbacks=0 globalRecords=0 childRecords=0 attributeRecords=0 maxRecords=0 scanCalls=0 scanRoot=0 scanNodes=0 maxScanNodes=0 scanMicros=0 maxScanMicros=0 observerChildScans=0 observerAttributeScans=0 guardedScans=0 markupScans=0 shadowScans=0 initialScans=0 otherScans=0 sanitizeElement=0 sanitizeContainer=0 img=0 source=0 svg=0 iframe=0 canvas=0 video=0 safeIcon=0 lockIcon=0 geometryWrites=0 svgRecords=0 shadowRoots=0 shadowObservers=0 shadowCallbacks=0 shadowRecords=0 shadowScanCalls=0 ensureStyle=0 ensureCurtain=0 internalMutations=0
09-08 02:28:13.368 20204 20204 I ChromeMediaShieldStatus: v=1 seq=3 kind=rendererApis callScan=createElement=0/0 createElementNS=0/0 appendChild=0/0 insertBefore=0/0 replaceChild=0/0 append=0/0 prepend=0/0 replaceChildren=0/0 before=0/0 after=0/0 replaceWith=0/0 adjacentElement=0/0 moveBefore=0/0 rangeInsert=0/0 rangeSurround=0/0 adoptNode=0/0 cloneNode=0/0 importNode=0/0 safeMarkup=0/0 innerHTML=0/0 outerHTML=0/0 insertAdjacentHTML=0/0 setHTML=0/0 shadowInnerHTML=0/0 execCommandInsertHTML=0/0 mappedTextContent=0/0
09-08 02:28:13.369 20204 20204 I ChromeMediaShieldStatus: v=1 seq=3 kind=rendererFamilies roots=element/fragment/text/other factory:calls=0,scans=0,direct=0,roots=0/0/0/0,nodes=0,micros=0,maxMicros=0 domGuard:calls=0,scans=0,direct=0,roots=0/0/0/0,nodes=0,micros=0,maxMicros=0 markup:calls=0,scans=0,direct=0,roots=0/0/0/0,nodes=0,micros=0,maxMicros=0
09-08 02:28:13.369 20204 20204 I ChromeMediaShieldStatus: v=1 seq=3 kind=uiSvg registered=1 registryBytes=134 cssRewritten=1 cssRejected=0 networkAccepted=11 networkRejected=1 assetServed=3 assetRejected=0
09-08 02:28:13.369 20204 20204 I ChromeMediaShieldStatus: v=1 seq=3 kind=health failures=1 clientDisconnects=0 proxyQueueRejects=0 protectFailure=0 quicAttempts=0 directTcpAttempts=0 active=true ready=true
09-08 02:28:13.369 20204 20204 I ChromeMediaShieldStatus: v=1 seq=3 kind=fixture report=REPORT=not_run,DOCUMENTS=0,FRAMES=0,SCRIPTS=0,FIRST_ORIGINAL_SCRIPTS=0,STYLES=0,WORKERS=0,SERVICE_WORKERS=0,FRAME_REPORTS=0,FRAME_REPORT_REJECTS=0,FRAME_REPORT=not_run,FRAME_REPORT_SHA=not_run,FRAME_CHALLENGE_SHA=not_run,FRAME_GENERATION=0,FRAME_ACCEPTED_CHALLENGE_SHA=not_run,FRAME_REPORT_BINDING_SHA=not_run,SAME_URL_BODIES=0,REPORTS=0,SW_BOUNDARY={INSTALL_DOCS=0,WORKER_SCRIPTS=0,WORKER_PROBE_SCRIPTS=0,PROBE_DOCS=0,CLEANUP_DOCS=0,REPORTS_ACCEPTED=0,REPORTS_REJECTED=0,CONTROLLER_PRESENT=0,CONTROLLER_MISSING=0,NAV_FETCHES=0,SELF_READY_FETCHES=0,SELF_READY_PASS_THROUGH=0,SELF_READY_SYNTHETIC=0,NAV_SYNTHETIC=0,RESET_BASELINE_CLEAN=0,RESET_BASELINE_DIRTY=0,REGISTER_BLOCKED=0,REGISTER_SUCCEEDED=0,WORKER_REGISTER_BLOCKED=0,WORKER_REGISTER_SUCCEEDED=0,WORKER_REGISTER_UNSUPPORTED=0,WORKER_REGISTER_ERROR=0,LAST_CASE=none,LAST_EVENT=none,LAST_VALUE=none},UI_SVG={INLINE_ORIGINAL:PASS,INLINE_CLICK:PASS,SPRITE_ORIGINAL:PASS,UNSAFE_SPRITE_FAIL_CLOSED:PASS,AMBIGUOUS_REFERENCE_FAIL_CLOSED:PASS,STATIC_CSS:PASS,EXTERNAL_CSS:PASS,STYLE_ATTRIBUTE:PASS,DATA_IMAGE:PASS,FAVICON:PASS,PROTECTED_HEAD_RETENTION:PASS,NETWORK_SVG:PASS,UNSAFE_NETWORK_FAIL_CLOSED:PASS,DYNAMIC_CSS:PASS,RASTER_FAIL_CLOSED:PASS,UNSAFE_INLINE_FAIL_CLOSED:PASS}
09-08 02:28:22.861 20204 20978 I ChromePhotosDataPlane: phase=worker_ready correlationId=c82 admissionWaitMs=0.720
09-08 02:28:22.873 20204 20932 I ChromePhotosDataPlane: phase=worker_ready correlationId=c83 admissionWaitMs=0.746
09-08 02:28:22.941 20204 20932 I ChromePhotosDataPlane: phase=tls_certificate correlationId=c83 tlsCacheHit=true tlsCacheWaitMs=0.041 tlsCreationMs=0.000
09-08 02:28:22.941 20204 20932 I ChromePhotosDataPlane: phase=tls_material correlationId=c83 tlsMaterialMs=0.786
09-08 02:28:22.941 20204 20978 I ChromePhotosDataPlane: phase=tls_certificate correlationId=c82 tlsCacheHit=true tlsCacheWaitMs=0.299 tlsCreationMs=0.000
09-08 02:28:22.941 20204 20978 I ChromePhotosDataPlane: phase=tls_material correlationId=c82 tlsMaterialMs=0.908
09-08 02:28:22.956 20204 20932 I ChromePhotosDataPlane: phase=tls_ready correlationId=c83 hostClass=network hostHash=466884c463494e8a clientProtocol=http/1.1 ca=8be2538814763f0c
09-08 02:28:22.962 20204 20978 I ChromePhotosDataPlane: phase=tls_ready correlationId=c82 hostClass=network hostHash=466884c463494e8a clientProtocol=http/1.1 ca=8be2538814763f0c
09-08 02:28:23.029 20204 20922 I ChromePhotosDataPlane: phase=worker_ready correlationId=c84 admissionWaitMs=0.912
09-08 02:28:23.034 20204 20922 I ChromePhotosDataPlane: phase=tls_certificate correlationId=c84 tlsCacheHit=true tlsCacheWaitMs=0.010 tlsCreationMs=0.000
09-08 02:28:23.034 20204 20922 I ChromePhotosDataPlane: phase=tls_material correlationId=c84 tlsMaterialMs=0.334
09-08 02:28:23.044 20204 21018 I ChromePhotosDataPlane: phase=worker_ready correlationId=c85 admissionWaitMs=0.277
09-08 02:28:23.047 20204 20922 I ChromePhotosDataPlane: phase=tls_ready correlationId=c84 hostClass=network hostHash=466884c463494e8a clientProtocol=http/1.1 ca=8be2538814763f0c
09-08 02:28:23.054 20204 21018 I ChromePhotosDataPlane: phase=tls_certificate correlationId=c85 tlsCacheHit=true tlsCacheWaitMs=0.011 tlsCreationMs=0.000
09-08 02:28:23.055 20204 21018 I ChromePhotosDataPlane: phase=tls_material correlationId=c85 tlsMaterialMs=0.818
09-08 02:28:23.068 20204 21018 I ChromePhotosDataPlane: phase=tls_ready correlationId=c85 hostClass=network hostHash=466884c463494e8a clientProtocol=http/1.1 ca=8be2538814763f0c
09-08 02:28:23.209 20204 21010 I ChromePhotosDataPlane: phase=worker_ready correlationId=c86 admissionWaitMs=0.587
09-08 02:28:23.219 20204 21010 I ChromePhotosDataPlane: phase=tls_certificate correlationId=c86 tlsCacheHit=true tlsCacheWaitMs=0.008 tlsCreationMs=0.000
09-08 02:28:23.219 20204 21010 I ChromePhotosDataPlane: phase=tls_material correlationId=c86 tlsMaterialMs=0.215
09-08 02:28:23.227 20204 21012 I ChromePhotosDataPlane: phase=worker_ready correlationId=c87 admissionWaitMs=0.578
09-08 02:28:23.227 20204 21010 I ChromePhotosDataPlane: phase=tls_ready correlationId=c86 hostClass=network hostHash=466884c463494e8a clientProtocol=http/1.1 ca=8be2538814763f0c
09-08 02:28:23.233 20204 21012 I ChromePhotosDataPlane: phase=tls_certificate correlationId=c87 tlsCacheHit=true tlsCacheWaitMs=0.008 tlsCreationMs=0.000
09-08 02:28:23.233 20204 21012 I ChromePhotosDataPlane: phase=tls_material correlationId=c87 tlsMaterialMs=0.270
09-08 02:28:23.246 20204 21012 I ChromePhotosDataPlane: phase=tls_ready correlationId=c87 hostClass=network hostHash=466884c463494e8a clientProtocol=http/1.1 ca=8be2538814763f0c
09-08 02:28:23.436 20204 20932 I ChromePhotosDataPlane: origin=real hostClass=network hostHash=466884c463494e8a method=GET clientProtocol=http/1.1 upstreamProtocol=h2 status=200 contentType=image/jpeg bytesIn=2965483 bytesOut=2965483 cache=miss decision=safe reason=model_allow source=engine probability=0.059427142 basis=None decodeMs=83.275 inferenceMs=135.538 inferenceQueueMs=0.134 localDecisionMs=222.049  bodyAdmissionMs=0.039 bodyReadMs=69.986 hashMs=3.137 requestToDeliveryMs=476.201 upstreamHeadersMs=68.399 sanitizeMs=297.358 downstreamWriteMs=101.986
09-08 02:28:23.594 20204 20978 I ChromePhotosDataPlane: origin=real hostClass=network hostHash=466884c463494e8a method=GET clientProtocol=http/1.1 upstreamProtocol=h2 status=200 contentType=image/jpeg bytesIn=421667 bytesOut=421667 cache=miss decision=safe reason=model_allow source=engine probability=0.053260714 basis=None decodeMs=18.287 inferenceMs=212.719 inferenceQueueMs=205.826 localDecisionMs=438.460  bodyAdmissionMs=0.050 bodyReadMs=15.507 hashMs=1.968 requestToDeliveryMs=631.065 upstreamHeadersMs=138.091 sanitizeMs=457.023 downstreamWriteMs=30.920
09-08 02:28:23.931 20204 20922 I ChromePhotosDataPlane: origin=real hostClass=network hostHash=466884c463494e8a method=GET clientProtocol=http/1.1 upstreamProtocol=h2 status=200 contentType=image/jpeg bytesIn=2916926 bytesOut=2916926 cache=miss decision=safe reason=model_allow source=engine probability=0.07473296 basis=None decodeMs=75.023 inferenceMs=208.889 inferenceQueueMs=152.605 localDecisionMs=439.783  bodyAdmissionMs=206.937 bodyReadMs=65.501 hashMs=8.095 requestToDeliveryMs=867.419 upstreamHeadersMs=59.294 sanitizeMs=725.353 downstreamWriteMs=72.663
09-08 02:28:24.177 20204 21018 I ChromePhotosDataPlane: origin=real hostClass=network hostHash=466884c463494e8a method=GET clientProtocol=http/1.1 upstreamProtocol=h2 status=200 contentType=image/jpeg bytesIn=3808825 bytesOut=3808825 cache=miss decision=safe reason=model_allow source=engine probability=0.029154658 basis=None decodeMs=140.456 inferenceMs=136.461 inferenceQueueMs=232.977 localDecisionMs=516.513  bodyAdmissionMs=433.322 bodyReadMs=45.899 hashMs=5.789 requestToDeliveryMs=1106.670 upstreamHeadersMs=55.208 sanitizeMs=1002.091 downstreamWriteMs=41.178
09-08 02:28:24.951 20204 21010 I ChromePhotosDataPlane: origin=real hostClass=network hostHash=466884c463494e8a method=GET clientProtocol=http/1.1 upstreamProtocol=h2 status=200 contentType=image/jpeg bytesIn=2510836 bytesOut=2510836 cache=miss decision=safe reason=model_allow source=engine probability=0.3683939 basis=None decodeMs=66.549 inferenceMs=665.519 inferenceQueueMs=237.330 localDecisionMs=1004.736  bodyAdmissionMs=493.759 bodyReadMs=37.591 hashMs=4.272 requestToDeliveryMs=1703.817 upstreamHeadersMs=103.324 sanitizeMs=1541.375 downstreamWriteMs=55.013
09-08 02:28:25.439 20204 21012 I ChromePhotosDataPlane: origin=real hostClass=network hostHash=466884c463494e8a method=GET clientProtocol=http/1.1 upstreamProtocol=h2 status=200 contentType=image/png bytesIn=77187 bytesOut=704 cache=miss decision=block reason=model_filter source=engine probability=0.6040119 basis=UncertainRegional decodeMs=12.934 inferenceMs=525.091 inferenceQueueMs=762.079 localDecisionMs=1305.636  bodyAdmissionMs=648.817 bodyReadMs=0.610 hashMs=0.492 requestToDeliveryMs=2187.899 upstreamHeadersMs=227.636 sanitizeMs=1956.527 downstreamWriteMs=1.115
09-08 02:28:25.597 20204 20932 I ChromePhotosDataPlane: origin=real hostClass=network hostHash=466884c463494e8a method=GET clientProtocol=http/1.1 upstreamProtocol=h2 status=200 contentType=image/png bytesIn=645604 bytesOut=704 cache=miss decision=block reason=model_filter source=engine probability=0.7055463 basis=FullThreshold decodeMs=25.079 inferenceMs=132.001 inferenceQueueMs=529.854 localDecisionMs=688.251  bodyAdmissionMs=1409.410 bodyReadMs=9.489 hashMs=2.642 requestToDeliveryMs=2154.998 upstreamHeadersMs=41.153 sanitizeMs=2110.348 downstreamWriteMs=0.941
09-08 02:28:25.792 20204 20978 I ChromePhotosDataPlane: origin=real hostClass=network hostHash=466884c463494e8a method=GET clientProtocol=http/1.1 upstreamProtocol=h2 status=200 contentType=image/png bytesIn=1434074 bytesOut=704 cache=miss decision=block reason=model_filter source=engine probability=0.63089657 basis=FullThreshold decodeMs=57.243 inferenceMs=134.618 inferenceQueueMs=137.281 localDecisionMs=331.079  bodyAdmissionMs=1740.357 bodyReadMs=17.841 hashMs=2.393 requestToDeliveryMs=2151.362 upstreamHeadersMs=52.083 sanitizeMs=2092.465 downstreamWriteMs=1.367
09-08 02:28:25.934 20204 20922 I ChromePhotosDataPlane: origin=real hostClass=network hostHash=466884c463494e8a method=GET clientProtocol=http/1.1 upstreamProtocol=h2 status=200 contentType=image/png bytesIn=153139 bytesOut=704 cache=miss decision=block reason=model_filter source=engine probability=0.83292913 basis=FullThreshold decodeMs=9.350 inferenceMs=133.108 inferenceQueueMs=189.067 localDecisionMs=332.281  bodyAdmissionMs=1584.405 bodyReadMs=2.614 hashMs=0.957 requestToDeliveryMs=1959.531 upstreamHeadersMs=34.661 sanitizeMs=1920.787 downstreamWriteMs=0.988
09-08 02:28:26.125 20204 21018 I ChromePhotosDataPlane: origin=real hostClass=network hostHash=466884c463494e8a method=GET clientProtocol=http/1.1 upstreamProtocol=h2 status=200 contentType=image/png bytesIn=1652971 bytesOut=704 cache=miss decision=block reason=model_filter source=engine probability=0.7489506 basis=FullThreshold decodeMs=47.628 inferenceMs=141.147 inferenceQueueMs=117.885 localDecisionMs=308.641  bodyAdmissionMs=985.675 bodyReadMs=22.688 hashMs=1.572 requestToDeliveryMs=1903.917 upstreamHeadersMs=580.063 sanitizeMs=1319.064 downstreamWriteMs=1.438
09-08 02:28:26.269 20204 21010 I ChromePhotosDataPlane: origin=real hostClass=network hostHash=466884c463494e8a method=GET clientProtocol=http/1.1 upstreamProtocol=h2 status=200 contentType=image/png bytesIn=25845 bytesOut=704 cache=miss decision=block reason=model_filter source=engine probability=0.78841853 basis=FullThreshold decodeMs=3.524 inferenceMs=140.557 inferenceQueueMs=189.327 localDecisionMs=333.997  bodyAdmissionMs=902.159 bodyReadMs=0.311 hashMs=0.424 requestToDeliveryMs=1272.306 upstreamHeadersMs=29.378 sanitizeMs=1237.272 downstreamWriteMs=0.974
09-08 02:28:26.424 20204 21012 I ChromePhotosDataPlane: origin=real hostClass=network hostHash=466884c463494e8a method=GET clientProtocol=http/1.1 upstreamProtocol=h2 status=200 contentType=image/png bytesIn=196963 bytesOut=704 cache=miss decision=block reason=model_filter source=engine probability=0.52132434 basis=FullThreshold decodeMs=16.023 inferenceMs=138.704 inferenceQueueMs=139.710 localDecisionMs=295.169  bodyAdmissionMs=600.561 bodyReadMs=2.211 hashMs=1.998 requestToDeliveryMs=939.841 upstreamHeadersMs=26.989 sanitizeMs=900.347 downstreamWriteMs=1.040
09-08 02:28:26.578 20204 20932 I ChromePhotosDataPlane: origin=real hostClass=network hostHash=466884c463494e8a method=GET clientProtocol=http/1.1 upstreamProtocol=h2 status=200 contentType=image/png bytesIn=146249 bytesOut=704 cache=miss decision=block reason=model_filter source=engine probability=0.94357675 basis=FullThreshold decodeMs=10.974 inferenceMs=140.574 inferenceQueueMs=151.653 localDecisionMs=303.851  bodyAdmissionMs=602.776 bodyReadMs=1.981 hashMs=0.977 requestToDeliveryMs=934.623 upstreamHeadersMs=20.950 sanitizeMs=910.184 downstreamWriteMs=1.239
09-08 02:28:33.099 20204 21060 I ChromePhotosDataPlane: phase=worker_ready correlationId=c88 admissionWaitMs=1.281
09-08 02:28:33.109 20204 21060 I ChromePhotosDataPlane: phase=tls_certificate correlationId=c88 tlsCacheHit=true tlsCacheWaitMs=0.016 tlsCreationMs=0.000
09-08 02:28:33.109 20204 21060 I ChromePhotosDataPlane: phase=tls_material correlationId=c88 tlsMaterialMs=0.296
09-08 02:28:33.128 20204 21060 I ChromePhotosDataPlane: phase=tls_ready correlationId=c88 hostClass=fixture hostHash=1c728e158a8cddb0 clientProtocol=http/1.1 ca=8be2538814763f0c
09-08 02:28:33.149 20204 21084 I ChromePhotosDataPlane: phase=worker_ready correlationId=c89 admissionWaitMs=0.363
09-08 02:28:33.156 20204 21084 I ChromePhotosDataPlane: phase=tls_certificate correlationId=c89 tlsCacheHit=true tlsCacheWaitMs=0.009 tlsCreationMs=0.000
09-08 02:28:33.156 20204 21084 I ChromePhotosDataPlane: phase=tls_material correlationId=c89 tlsMaterialMs=0.274
09-08 02:28:33.161 20204 21084 I ChromePhotosDataPlane: phase=tls_ready correlationId=c89 hostClass=fixture hostHash=1c728e158a8cddb0 clientProtocol=http/1.1 ca=8be2538814763f0c
09-08 02:28:33.188 20204 21060 I ChromePhotosDataPlane: phase=media_shield_document origin=fixture resource=fixture-index result=transformed documentSequence=9 navigationSequence=5 token=9fc17a33fa22 bytesOut=118439
09-08 02:28:33.223 20204 21092 I ChromePhotosDataPlane: phase=worker_ready correlationId=c90 admissionWaitMs=0.597
09-08 02:28:33.231 20204 21098 I ChromePhotosDataPlane: phase=worker_ready correlationId=c91 admissionWaitMs=0.211
09-08 02:28:33.243 20204 21098 I ChromePhotosDataPlane: phase=tls_certificate correlationId=c91 tlsCacheHit=true tlsCacheWaitMs=0.011 tlsCreationMs=0.000
09-08 02:28:33.243 20204 21098 I ChromePhotosDataPlane: phase=tls_material correlationId=c91 tlsMaterialMs=0.288
09-08 02:28:33.249 20204 21098 I ChromePhotosDataPlane: phase=tls_ready correlationId=c91 hostClass=network hostHash=80255870a6218fe0 clientProtocol=http/1.1 ca=8be2538814763f0c
09-08 02:28:33.249 20204 21092 I ChromePhotosDataPlane: phase=tls_certificate correlationId=c90 tlsCacheHit=true tlsCacheWaitMs=0.015 tlsCreationMs=0.000
09-08 02:28:33.249 20204 21092 I ChromePhotosDataPlane: phase=tls_material correlationId=c90 tlsMaterialMs=0.407
09-08 02:28:33.254 20204 21060 I ChromePhotosDataPlane: phase=media_shield_ready result=204 bytesOut=0
09-08 02:28:33.259 20204 21092 I ChromePhotosDataPlane: phase=tls_ready correlationId=c90 hostClass=network hostHash=9b0ff8cd24a50ec9 clientProtocol=http/1.1 ca=8be2538814763f0c
09-08 02:28:33.264 20204 21060 I ChromePhotosDataPlane: phase=media_shield_ready result=204 bytesOut=0
09-08 02:28:33.270 20204 21060 I ChromePhotosDataPlane: phase=media_shield_ready result=204 bytesOut=0
09-08 02:28:33.277 20204 21005 I ChromePhotosDataPlane: phase=worker_ready correlationId=c92 admissionWaitMs=0.299
09-08 02:28:33.281 20204 21005 I ChromePhotosDataPlane: phase=tls_certificate correlationId=c92 tlsCacheHit=true tlsCacheWaitMs=0.007 tlsCreationMs=0.000
09-08 02:28:33.281 20204 21005 I ChromePhotosDataPlane: phase=tls_material correlationId=c92 tlsMaterialMs=0.209
09-08 02:28:33.282 20204 21165 I ChromePhotosDataPlane: phase=worker_ready correlationId=c93 admissionWaitMs=0.334
09-08 02:28:33.287 20204 21165 I ChromePhotosDataPlane: phase=tls_certificate correlationId=c93 tlsCacheHit=true tlsCacheWaitMs=0.009 tlsCreationMs=0.000
09-08 02:28:33.287 20204 21165 I ChromePhotosDataPlane: phase=tls_material correlationId=c93 tlsMaterialMs=0.227
09-08 02:28:33.296 20204 21165 I ChromePhotosDataPlane: phase=tls_ready correlationId=c93 hostClass=network hostHash=9b0ff8cd24a50ec9 clientProtocol=http/1.1 ca=8be2538814763f0c
09-08 02:28:33.298 20204 21107 I ChromePhotosDataPlane: phase=worker_ready correlationId=c94 admissionWaitMs=0.257
09-08 02:28:33.300 20204 21005 I ChromePhotosDataPlane: phase=tls_ready correlationId=c92 hostClass=network hostHash=9b0ff8cd24a50ec9 clientProtocol=http/1.1 ca=8be2538814763f0c
09-08 02:28:33.308 20204 21152 I ChromePhotosDataPlane: phase=worker_ready correlationId=c95 admissionWaitMs=0.283
09-08 02:28:33.310 20204 21107 I ChromePhotosDataPlane: phase=tls_certificate correlationId=c94 tlsCacheHit=true tlsCacheWaitMs=0.089 tlsCreationMs=0.000
09-08 02:28:33.310 20204 21107 I ChromePhotosDataPlane: phase=tls_material correlationId=c94 tlsMaterialMs=0.648
09-08 02:28:33.315 20204 21098 I ChromePhotosDataPlane: origin=real hostClass=network hostHash=80255870a6218fe0 method=GET clientProtocol=http/1.1 upstreamProtocol=h2 status=200 contentType=image/webp bytesIn=30320 bytesOut=30320 cache=hit decision=safe reason=model_allow source=cache probability=0.006820023 basis=None decodeMs=0.000 inferenceMs=0.000 inferenceQueueMs=0.000 localDecisionMs=0.095  bodyAdmissionMs=0.041 bodyReadMs=20.247 hashMs=0.448 requestToDeliveryMs=65.903 upstreamHeadersMs=25.153 sanitizeMs=37.310 downstreamWriteMs=1.238
09-08 02:28:33.320 20204 21152 I ChromePhotosDataPlane: phase=tls_certificate correlationId=c95 tlsCacheHit=true tlsCacheWaitMs=0.016 tlsCreationMs=0.000
09-08 02:28:33.321 20204 21107 I ChromePhotosDataPlane: phase=tls_ready correlationId=c94 hostClass=network hostHash=3aeb002460381c6f clientProtocol=http/1.1 ca=8be2538814763f0c
09-08 02:28:33.321 20204 21152 I ChromePhotosDataPlane: phase=tls_material correlationId=c95 tlsMaterialMs=0.436
09-08 02:28:33.330 20204 21060 I ChromePhotosDataPlane: resource=fixture-lease-script origin=fixture_local destination=chrome protocol=http/1.1 method=GET status=200 bytesIn=285 bytesOut=285 decision=passthrough
09-08 02:28:33.332 20204 21152 I ChromePhotosDataPlane: phase=tls_ready correlationId=c95 hostClass=network hostHash=1f6baa4a359d00da clientProtocol=http/1.1 ca=8be2538814763f0c
09-08 02:28:33.399 20204 21152 I ChromePhotosDataPlane: origin=real hostClass=network hostHash=1f6baa4a359d00da method=GET clientProtocol=http/1.1 upstreamProtocol=h2 status=200 contentType=image/avif bytesIn=28133 bytesOut=28133 cache=hit decision=safe reason=model_allow source=cache probability=0.0050848126 basis=None decodeMs=0.000 inferenceMs=0.000 inferenceQueueMs=0.000 localDecisionMs=0.091  bodyAdmissionMs=0.022 bodyReadMs=12.718 hashMs=0.763 requestToDeliveryMs=62.623 upstreamHeadersMs=43.671 sanitizeMs=14.102 downstreamWriteMs=1.646
09-08 02:28:33.414 20204 21012 I ChromePhotosDataPlane: origin=real hostClass=network hostHash=466884c463494e8a method=GET clientProtocol=http/1.1 upstreamProtocol=h2 status=200 contentType=image/jpeg bytesIn=837774 bytesOut=837774 cache=hit decision=safe reason=model_allow source=cache probability=0.0482603 basis=None decodeMs=0.000 inferenceMs=0.000 inferenceQueueMs=0.000 localDecisionMs=0.038  bodyAdmissionMs=0.032 bodyReadMs=51.829 hashMs=0.960 requestToDeliveryMs=93.149 upstreamHeadersMs=23.575 sanitizeMs=53.121 downstreamWriteMs=14.036
09-08 02:28:33.541 20204 21010 I ChromePhotosDataPlane: origin=real hostClass=network hostHash=466884c463494e8a method=GET clientProtocol=http/1.1 upstreamProtocol=h2 status=200 contentType=image/png bytesIn=1452444 bytesOut=704 cache=hit decision=unknown reason=unsafe_dimensions source=cache probability=-1.0 basis=none decodeMs=0.000 inferenceMs=0.000 inferenceQueueMs=0.000 localDecisionMs=0.117  bodyAdmissionMs=0.033 bodyReadMs=121.694 hashMs=4.772 requestToDeliveryMs=216.508 upstreamHeadersMs=73.823 sanitizeMs=135.015 downstreamWriteMs=2.229
09-08 02:28:33.625 20204 21092 I ChromePhotosDataPlane: origin=real hostClass=network hostHash=9b0ff8cd24a50ec9 method=GET clientProtocol=http/1.1 upstreamProtocol=h2 status=200 contentType=image/png bytesIn=8090 bytesOut=8090 cache=hit decision=safe reason=model_allow source=cache probability=0.018158317 basis=None decodeMs=0.000 inferenceMs=0.000 inferenceQueueMs=0.000 localDecisionMs=0.053  bodyAdmissionMs=34.111 bodyReadMs=0.178 hashMs=0.405 requestToDeliveryMs=365.371 upstreamHeadersMs=326.917 sanitizeMs=36.106 downstreamWriteMs=0.705
09-08 02:28:33.629 20204 21107 I ChromePhotosDataPlane: origin=real hostClass=network hostHash=3aeb002460381c6f method=GET clientProtocol=http/1.1 upstreamProtocol=h2 status=302 contentType= bytesIn=0 bytesOut=0 cache=miss decision=passthrough   requestToDeliveryMs=295.752 upstreamHeadersMs=293.705 sanitizeMs=0.316 downstreamWriteMs=0.478
09-08 02:28:33.664 20204 21018 I ChromePhotosDataPlane: origin=real hostClass=network hostHash=466884c463494e8a method=GET clientProtocol=http/1.1 upstreamProtocol=h2 status=200 contentType=image/jpeg bytesIn=2372694 bytesOut=2372694 cache=hit decision=safe reason=model_allow source=cache probability=0.05782932 basis=None decodeMs=0.000 inferenceMs=0.000 inferenceQueueMs=0.000 localDecisionMs=0.061  bodyAdmissionMs=112.790 bodyReadMs=89.907 hashMs=4.611 requestToDeliveryMs=337.187 upstreamHeadersMs=86.324 sanitizeMs=207.971 downstreamWriteMs=30.397
09-08 02:28:33.695 20204 20932 I ChromePhotosDataPlane: origin=real hostClass=network hostHash=466884c463494e8a method=GET clientProtocol=http/1.1 upstreamProtocol=h2 status=200 contentType=image/jpeg bytesIn=3403942 bytesOut=3403942 cache=hit decision=safe reason=model_allow source=cache probability=0.037037224 basis=None decodeMs=0.000 inferenceMs=0.000 inferenceQueueMs=0.000 localDecisionMs=0.120  bodyAdmissionMs=0.033 bodyReadMs=238.455 hashMs=10.158 requestToDeliveryMs=373.897 upstreamHeadersMs=75.284 sanitizeMs=249.736 downstreamWriteMs=39.084
09-08 02:28:33.708 20204 21152 I ChromePhotosDataPlane: origin=real hostClass=network hostHash=1f6baa4a359d00da method=GET clientProtocol=http/1.1 upstreamProtocol=h2 status=200 contentType=image/avif bytesIn=28133 bytesOut=28133 cache=hit decision=safe reason=model_allow source=cache probability=0.0050848126 basis=None decodeMs=0.000 inferenceMs=0.000 inferenceQueueMs=0.000 localDecisionMs=0.062  bodyAdmissionMs=0.046 bodyReadMs=4.643 hashMs=4.921 requestToDeliveryMs=59.322 upstreamHeadersMs=31.130 sanitizeMs=21.403 downstreamWriteMs=2.878
09-08 02:28:33.857 20204 21005 I ChromePhotosDataPlane: origin=real hostClass=network hostHash=9b0ff8cd24a50ec9 method=GET clientProtocol=http/1.1 upstreamProtocol=h2 status=200 contentType=image/webp bytesIn=10568 bytesOut=10568 cache=hit decision=safe reason=model_allow source=cache probability=0.032659233 basis=None decodeMs=0.000 inferenceMs=0.000 inferenceQueueMs=0.000 localDecisionMs=0.054  bodyAdmissionMs=0.044 bodyReadMs=13.488 hashMs=1.810 requestToDeliveryMs=528.114 upstreamHeadersMs=499.920 sanitizeMs=22.229 downstreamWriteMs=2.453
09-08 02:28:33.990 20204 21165 I ChromePhotosDataPlane: origin=real hostClass=network hostHash=9b0ff8cd24a50ec9 method=GET clientProtocol=http/1.1 upstreamProtocol=h2 status=200 contentType=image/jpeg bytesIn=35588 bytesOut=35588 cache=hit decision=safe reason=model_allow source=cache probability=0.042280197 basis=None decodeMs=0.000 inferenceMs=0.000 inferenceQueueMs=0.000 localDecisionMs=0.167  bodyAdmissionMs=0.061 bodyReadMs=143.769 hashMs=1.835 requestToDeliveryMs=662.308 upstreamHeadersMs=499.857 sanitizeMs=146.776 downstreamWriteMs=7.234
09-08 02:28:47.120 20204 21133 I ChromePhotosDataPlane: phase=worker_ready correlationId=c96 admissionWaitMs=0.640
09-08 02:28:47.127 20204 21031 I ChromePhotosDataPlane: phase=worker_ready correlationId=c97 admissionWaitMs=0.462
09-08 02:28:47.196 20204 21031 I ChromePhotosDataPlane: phase=tls_certificate correlationId=c97 tlsCacheHit=true tlsCacheWaitMs=0.036 tlsCreationMs=0.000
09-08 02:28:47.196 20204 21031 I ChromePhotosDataPlane: phase=tls_material correlationId=c97 tlsMaterialMs=1.006
09-08 02:28:47.197 20204 21133 I ChromePhotosDataPlane: phase=tls_certificate correlationId=c96 tlsCacheHit=true tlsCacheWaitMs=0.026 tlsCreationMs=0.000
09-08 02:28:47.197 20204 21133 I ChromePhotosDataPlane: phase=tls_material correlationId=c96 tlsMaterialMs=0.783
09-08 02:28:47.217 20204 21031 I ChromePhotosDataPlane: phase=tls_ready correlationId=c97 hostClass=network hostHash=816c1c4228e457b0 clientProtocol=http/1.1 ca=8be2538814763f0c
09-08 02:28:47.221 20204 21133 I ChromePhotosDataPlane: phase=tls_ready correlationId=c96 hostClass=network hostHash=816c1c4228e457b0 clientProtocol=http/1.1 ca=8be2538814763f0c
09-08 02:28:47.537 20204 21133 I ChromePhotosDataPlane: origin=real hostClass=network hostHash=816c1c4228e457b0 method=POST clientProtocol=http/1.1 upstreamProtocol=h2 status=200 contentType=application/javascript bytesOut=0 transfer=fixed upstreamHeadersMs=301.911 downstreamWriteMs=1.301
09-08 02:28:47.541 20204 21031 I ChromePhotosDataPlane: origin=real hostClass=network hostHash=816c1c4228e457b0 method=POST clientProtocol=http/1.1 upstreamProtocol=h2 status=200 contentType=application/javascript bytesOut=0 transfer=fixed upstreamHeadersMs=305.066 downstreamWriteMs=8.249
09-08 02:28:49.301 20204 21060 I ChromePhotosDataPlane: phase=media_shield_document origin=fixture resource=fixture-index result=transformed documentSequence=10 navigationSequence=6 token=c2e06a513fdd bytesOut=118440
09-08 02:28:49.354 20204 21060 I ChromePhotosDataPlane: phase=media_shield_ready result=204 bytesOut=0
09-08 02:28:49.362 20204 21060 I ChromePhotosDataPlane: phase=media_shield_ready result=204 bytesOut=0
09-08 02:28:49.369 20204 21060 I ChromePhotosDataPlane: phase=media_shield_ready result=204 bytesOut=0
09-08 02:28:49.393 20204 21060 I ChromePhotosDataPlane: resource=fixture-lease-script origin=fixture_local destination=chrome protocol=http/1.1 method=GET status=200 bytesIn=285 bytesOut=285 decision=passthrough
09-08 02:28:49.437 20204 21170 I ChromePhotosDataPlane: phase=worker_ready correlationId=c98 admissionWaitMs=0.404
09-08 02:28:49.450 20204 21152 I ChromePhotosDataPlane: origin=real hostClass=network hostHash=1f6baa4a359d00da method=GET clientProtocol=http/1.1 upstreamProtocol=h2 status=200 contentType=image/avif bytesIn=28133 bytesOut=28133 cache=hit decision=safe reason=model_allow source=cache probability=0.0050848126 basis=None decodeMs=0.000 inferenceMs=0.000 inferenceQueueMs=0.000 localDecisionMs=0.107  bodyAdmissionMs=0.049 bodyReadMs=21.976 hashMs=0.577 requestToDeliveryMs=53.851 upstreamHeadersMs=19.512 sanitizeMs=24.108 downstreamWriteMs=4.677
09-08 02:28:49.455 20204 21170 I ChromePhotosDataPlane: phase=tls_certificate correlationId=c98 tlsCacheHit=true tlsCacheWaitMs=0.010 tlsCreationMs=0.000
09-08 02:28:49.455 20204 21170 I ChromePhotosDataPlane: phase=tls_material correlationId=c98 tlsMaterialMs=0.422
09-08 02:28:49.462 20204 21170 I ChromePhotosDataPlane: phase=tls_ready correlationId=c98 hostClass=network hostHash=466884c463494e8a clientProtocol=http/1.1 ca=8be2538814763f0c
09-08 02:28:49.481 20204 21107 I ChromePhotosDataPlane: origin=real hostClass=network hostHash=3aeb002460381c6f method=GET clientProtocol=http/1.1 upstreamProtocol=h2 status=302 contentType= bytesIn=0 bytesOut=0 cache=miss decision=passthrough   requestToDeliveryMs=88.349 upstreamHeadersMs=83.849 sanitizeMs=0.315 downstreamWriteMs=3.052
09-08 02:28:49.541 20204 21152 I ChromePhotosDataPlane: origin=real hostClass=network hostHash=1f6baa4a359d00da method=GET clientProtocol=http/1.1 upstreamProtocol=h2 status=200 contentType=image/avif bytesIn=28133 bytesOut=28133 cache=hit decision=safe reason=model_allow source=cache probability=0.0050848126 basis=None decodeMs=0.000 inferenceMs=0.000 inferenceQueueMs=0.000 localDecisionMs=0.060  bodyAdmissionMs=0.067 bodyReadMs=9.037 hashMs=0.453 requestToDeliveryMs=51.468 upstreamHeadersMs=36.691 sanitizeMs=10.189 downstreamWriteMs=1.778
09-08 02:28:49.583 20204 20932 I ChromePhotosDataPlane: origin=real hostClass=network hostHash=466884c463494e8a method=GET clientProtocol=http/1.1 upstreamProtocol=h2 status=200 contentType=image/jpeg bytesIn=3403942 bytesOut=3403942 cache=hit decision=safe reason=model_allow source=cache probability=0.037037224 basis=None decodeMs=0.000 inferenceMs=0.000 inferenceQueueMs=0.000 localDecisionMs=0.031  bodyAdmissionMs=0.036 bodyReadMs=122.688 hashMs=3.007 requestToDeliveryMs=183.625 upstreamHeadersMs=35.321 sanitizeMs=126.037 downstreamWriteMs=17.775
09-08 02:28:49.594 20204 21098 I ChromePhotosDataPlane: origin=real hostClass=network hostHash=80255870a6218fe0 method=GET clientProtocol=http/1.1 upstreamProtocol=h2 status=200 contentType=image/webp bytesIn=30320 bytesOut=30320 cache=hit decision=safe reason=model_allow source=cache probability=0.006820023 basis=None decodeMs=0.000 inferenceMs=0.000 inferenceQueueMs=0.000 localDecisionMs=0.043  bodyAdmissionMs=10.266 bodyReadMs=41.858 hashMs=0.254 requestToDeliveryMs=267.280 upstreamHeadersMs=199.779 sanitizeMs=61.569 downstreamWriteMs=4.016
09-08 02:28:49.619 20204 21018 I ChromePhotosDataPlane: origin=real hostClass=network hostHash=466884c463494e8a method=GET clientProtocol=http/1.1 upstreamProtocol=h2 status=200 contentType=image/jpeg bytesIn=837774 bytesOut=837774 cache=hit decision=safe reason=model_allow source=cache probability=0.0482603 basis=None decodeMs=0.000 inferenceMs=0.000 inferenceQueueMs=0.000 localDecisionMs=0.047  bodyAdmissionMs=2.331 bodyReadMs=32.351 hashMs=3.679 requestToDeliveryMs=216.278 upstreamHeadersMs=155.498 sanitizeMs=38.887 downstreamWriteMs=16.528
09-08 02:28:49.652 20204 21010 I ChromePhotosDataPlane: origin=real hostClass=network hostHash=466884c463494e8a method=GET clientProtocol=http/1.1 upstreamProtocol=h2 status=200 contentType=image/png bytesIn=1452444 bytesOut=704 cache=hit decision=unknown reason=unsafe_dimensions source=cache probability=-1.0 basis=none decodeMs=0.000 inferenceMs=0.000 inferenceQueueMs=0.000 localDecisionMs=0.059  bodyAdmissionMs=0.050 bodyReadMs=50.783 hashMs=4.204 requestToDeliveryMs=248.523 upstreamHeadersMs=188.630 sanitizeMs=55.668 downstreamWriteMs=1.166
09-08 02:28:49.717 20204 21165 I ChromePhotosDataPlane: origin=real hostClass=network hostHash=9b0ff8cd24a50ec9 method=GET clientProtocol=http/1.1 upstreamProtocol=h2 status=200 contentType=image/png bytesIn=8090 bytesOut=8090 cache=hit decision=safe reason=model_allow source=cache probability=0.018158317 basis=None decodeMs=0.000 inferenceMs=0.000 inferenceQueueMs=0.000 localDecisionMs=0.585  bodyAdmissionMs=0.032 bodyReadMs=35.061 hashMs=0.797 requestToDeliveryMs=395.378 upstreamHeadersMs=335.233 sanitizeMs=49.841 downstreamWriteMs=1.633
09-08 02:28:49.755 20204 21012 I ChromePhotosDataPlane: origin=real hostClass=network hostHash=466884c463494e8a method=GET clientProtocol=http/1.1 upstreamProtocol=h2 status=200 contentType=image/jpeg bytesIn=2372694 bytesOut=2372694 cache=hit decision=safe reason=model_allow source=cache probability=0.05782932 basis=None decodeMs=0.000 inferenceMs=0.000 inferenceQueueMs=0.000 localDecisionMs=0.061  bodyAdmissionMs=0.026 bodyReadMs=82.427 hashMs=4.733 requestToDeliveryMs=314.311 upstreamHeadersMs=199.892 sanitizeMs=87.710 downstreamWriteMs=21.206
09-08 02:28:49.864 20204 21170 I ChromePhotosDataPlane: origin=real hostClass=network hostHash=466884c463494e8a method=GET clientProtocol=http/1.1 upstreamProtocol=h2 status=200 contentType=image/jpeg bytesIn=2965483 bytesOut=2965483 cache=hit decision=safe reason=model_allow source=cache probability=0.059427142 basis=None decodeMs=0.000 inferenceMs=0.000 inferenceQueueMs=0.000 localDecisionMs=0.070  bodyAdmissionMs=0.040 bodyReadMs=106.312 hashMs=5.548 requestToDeliveryMs=399.699 upstreamHeadersMs=256.733 sanitizeMs=112.447 downstreamWriteMs=23.400
09-08 02:28:49.920 20204 21005 I ChromePhotosDataPlane: origin=real hostClass=network hostHash=9b0ff8cd24a50ec9 method=GET clientProtocol=http/1.1 upstreamProtocol=h2 status=200 contentType=image/jpeg bytesIn=35588 bytesOut=35588 cache=hit decision=safe reason=model_allow source=cache probability=0.042280197 basis=None decodeMs=0.000 inferenceMs=0.000 inferenceQueueMs=0.000 localDecisionMs=0.147  bodyAdmissionMs=0.044 bodyReadMs=74.549 hashMs=1.712 requestToDeliveryMs=540.843 upstreamHeadersMs=445.489 sanitizeMs=77.304 downstreamWriteMs=10.862
09-08 02:28:49.927 20204 21092 I ChromePhotosDataPlane: origin=real hostClass=network hostHash=9b0ff8cd24a50ec9 method=GET clientProtocol=http/1.1 upstreamProtocol=h2 status=200 contentType=image/webp bytesIn=10568 bytesOut=10568 cache=hit decision=safe reason=model_allow source=cache probability=0.032659233 basis=None decodeMs=0.000 inferenceMs=0.000 inferenceQueueMs=0.000 localDecisionMs=0.316  bodyAdmissionMs=0.083 bodyReadMs=4.665 hashMs=0.550 requestToDeliveryMs=538.960 upstreamHeadersMs=523.363 sanitizeMs=11.254 downstreamWriteMs=1.390
09-08 02:29:01.842 20204 21179 I ChromePhotosDataPlane: phase=worker_ready correlationId=c99 admissionWaitMs=0.444
09-08 02:29:01.896 20204 20974 I ChromePhotosDataPlane: phase=worker_ready correlationId=c100 admissionWaitMs=0.248
09-08 02:29:01.902 20204 21177 I ChromePhotosDataPlane: phase=worker_ready correlationId=c101 admissionWaitMs=0.298
09-08 02:29:01.912 20204 21193 I ChromePhotosDataPlane: phase=worker_ready correlationId=c102 admissionWaitMs=0.155
09-08 02:29:01.919 20204 21158 I ChromePhotosDataPlane: phase=worker_ready correlationId=c103 admissionWaitMs=1.006
09-08 02:29:01.922 20204 21058 I ChromePhotosDataPlane: phase=worker_ready correlationId=c104 admissionWaitMs=0.676
09-08 02:29:01.929 20204 20838 I ChromePhotosDataPlane: phase=worker_ready correlationId=c105 admissionWaitMs=0.452
09-08 02:29:01.931 20204 20868 I ChromePhotosDataPlane: phase=worker_ready correlationId=c106 admissionWaitMs=0.561
09-08 02:29:01.933 20204 21207 I ChromePhotosDataPlane: phase=worker_ready correlationId=c107 admissionWaitMs=0.930
09-08 02:29:01.933 20204 21243 I ChromePhotosDataPlane: phase=worker_ready correlationId=c108 admissionWaitMs=0.182
09-08 02:29:01.956 20204 20838 I ChromePhotosDataPlane: phase=tls_certificate correlationId=c105 tlsCacheHit=true tlsCacheWaitMs=0.018 tlsCreationMs=0.000
09-08 02:29:01.957 20204 20838 I ChromePhotosDataPlane: phase=tls_material correlationId=c105 tlsMaterialMs=0.564
09-08 02:29:01.960 20204 21179 I ChromePhotosDataPlane: phase=tls_certificate correlationId=c99 tlsCacheHit=false tlsCacheWaitMs=0.016 tlsCreationMs=33.958
09-08 02:29:01.960 20204 21179 I ChromePhotosDataPlane: phase=tls_material correlationId=c99 tlsMaterialMs=34.372
09-08 02:29:01.962 20204 21158 I ChromePhotosDataPlane: phase=tls_certificate correlationId=c103 tlsCacheHit=true tlsCacheWaitMs=0.008 tlsCreationMs=0.000
09-08 02:29:01.962 20204 21158 I ChromePhotosDataPlane: phase=tls_material correlationId=c103 tlsMaterialMs=0.245
09-08 02:29:01.967 20204 20838 I ChromePhotosDataPlane: phase=tls_ready correlationId=c105 hostClass=network hostHash=191347bfe55d0ca9 clientProtocol=http/1.1 ca=8be2538814763f0c
09-08 02:29:01.968 20204 21179 I ChromePhotosDataPlane: phase=tls_ready correlationId=c99 hostClass=network hostHash=f58aed0f48e58f0c clientProtocol=http/1.1 ca=8be2538814763f0c
09-08 02:29:01.969 20204 21158 I ChromePhotosDataPlane: phase=tls_ready correlationId=c103 hostClass=network hostHash=7df7caa0a5579e01 clientProtocol=http/1.1 ca=8be2538814763f0c
09-08 02:29:02.002 20204 21177 I ChromePhotosDataPlane: phase=tls_certificate correlationId=c101 tlsCacheHit=false tlsCacheWaitMs=23.169 tlsCreationMs=42.228
09-08 02:29:02.002 20204 21177 I ChromePhotosDataPlane: phase=tls_material correlationId=c101 tlsMaterialMs=65.802
09-08 02:29:02.005 20204 21207 I ChromePhotosDataPlane: phase=tls_certificate correlationId=c107 tlsCacheHit=true tlsCacheWaitMs=0.015 tlsCreationMs=0.000
09-08 02:29:02.005 20204 21207 I ChromePhotosDataPlane: phase=tls_material correlationId=c107 tlsMaterialMs=0.388
09-08 02:29:02.012 20204 21177 I ChromePhotosDataPlane: phase=tls_ready correlationId=c101 hostClass=network hostHash=1c9aae1431eb8709 clientProtocol=http/1.1 ca=8be2538814763f0c
09-08 02:29:02.013 20204 21207 I ChromePhotosDataPlane: phase=tls_ready correlationId=c107 hostClass=network hostHash=3e723b591bdb95ce clientProtocol=http/1.1 ca=8be2538814763f0c
09-08 02:29:02.033 20204 21193 I ChromePhotosDataPlane: phase=tls_certificate correlationId=c102 tlsCacheHit=false tlsCacheWaitMs=58.281 tlsCreationMs=31.342
09-08 02:29:02.033 20204 21193 I ChromePhotosDataPlane: phase=tls_material correlationId=c102 tlsMaterialMs=89.930
09-08 02:29:02.039 20204 21193 I ChromePhotosDataPlane: phase=tls_ready correlationId=c102 hostClass=network hostHash=2d0f3c337e640d3a clientProtocol=http/1.1 ca=8be2538814763f0c
09-08 02:29:02.075 20204 20974 I ChromePhotosDataPlane: phase=tls_certificate correlationId=c100 tlsCacheHit=false tlsCacheWaitMs=88.544 tlsCreationMs=40.948
09-08 02:29:02.075 20204 20974 I ChromePhotosDataPlane: phase=tls_material correlationId=c100 tlsMaterialMs=129.868
09-08 02:29:02.079 20204 20974 I ChromePhotosDataPlane: phase=tls_ready correlationId=c100 hostClass=network hostHash=a552b937eecf21c7 clientProtocol=http/1.1 ca=8be2538814763f0c
09-08 02:29:02.100 20204 21058 I ChromePhotosDataPlane: phase=tls_certificate correlationId=c104 tlsCacheHit=false tlsCacheWaitMs=107.732 tlsCreationMs=25.022
09-08 02:29:02.100 20204 21058 I ChromePhotosDataPlane: phase=tls_material correlationId=c104 tlsMaterialMs=133.090
09-08 02:29:02.111 20204 21058 I ChromePhotosDataPlane: phase=tls_ready correlationId=c104 hostClass=network hostHash=d8ecf352ffa86f18 clientProtocol=http/1.1 ca=8be2538814763f0c
09-08 02:29:02.153 20204 20868 I ChromePhotosDataPlane: phase=tls_certificate correlationId=c106 tlsCacheHit=false tlsCacheWaitMs=120.585 tlsCreationMs=52.240
09-08 02:29:02.153 20204 20868 I ChromePhotosDataPlane: phase=tls_material correlationId=c106 tlsMaterialMs=173.202
09-08 02:29:02.165 20204 20868 I ChromePhotosDataPlane: phase=tls_ready correlationId=c106 hostClass=network hostHash=e2ccecf673591338 clientProtocol=http/1.1 ca=8be2538814763f0c
09-08 02:29:02.168 20204 21243 I ChromePhotosDataPlane: phase=tls_certificate correlationId=c108 tlsCacheHit=false tlsCacheWaitMs=163.830 tlsCreationMs=15.216
09-08 02:29:02.168 20204 21243 I ChromePhotosDataPlane: phase=tls_material correlationId=c108 tlsMaterialMs=179.284
09-08 02:29:02.180 20204 21243 I ChromePhotosDataPlane: phase=tls_ready correlationId=c108 hostClass=network hostHash=0a2b1f067e5ed787 clientProtocol=http/1.1 ca=8be2538814763f0c
09-08 02:29:04.686 20204 21179 I ChromePhotosDataPlane: phase=media_shield_document origin=real hostClass=network hostHash=f58aed0f48e58f0c result=transformed documentSequence=11 navigationSequence=7 token=8712e0ddcb7c bytesOut=955750 upstreamHeadersMs=1436.769 documentDecisionMs=410.249 downstreamWriteMs=5.788
09-08 02:29:04.766 20204 20840 I ChromePhotosDataPlane: phase=worker_ready correlationId=c109 admissionWaitMs=0.250
09-08 02:29:04.775 20204 21097 I ChromePhotosDataPlane: phase=worker_ready correlationId=c110 admissionWaitMs=0.479
09-08 02:29:04.788 20204 20840 I ChromePhotosDataPlane: phase=tls_certificate correlationId=c109 tlsCacheHit=true tlsCacheWaitMs=0.019 tlsCreationMs=0.000
09-08 02:29:04.788 20204 20840 I ChromePhotosDataPlane: phase=tls_material correlationId=c109 tlsMaterialMs=0.515
09-08 02:29:04.795 20204 20840 I ChromePhotosDataPlane: phase=tls_ready correlationId=c109 hostClass=network hostHash=7df7caa0a5579e01 clientProtocol=http/1.1 ca=8be2538814763f0c
09-08 02:29:04.812 20204 21179 I ChromePhotosDataPlane: phase=media_shield_ready origin=same_origin result=204 bytesOut=0
09-08 02:29:04.820 20204 21179 I ChromePhotosDataPlane: phase=media_shield_ready origin=same_origin result=204 bytesOut=0
09-08 02:29:04.830 20204 21179 I ChromePhotosDataPlane: phase=media_shield_ready origin=same_origin result=204 bytesOut=0
09-08 02:29:04.871 20204 21097 I ChromePhotosDataPlane: phase=tls_certificate correlationId=c110 tlsCacheHit=false tlsCacheWaitMs=0.012 tlsCreationMs=17.141
09-08 02:29:04.871 20204 21097 I ChromePhotosDataPlane: phase=tls_material correlationId=c110 tlsMaterialMs=17.541
09-08 02:29:04.881 20204 21097 I ChromePhotosDataPlane: phase=tls_ready correlationId=c110 hostClass=network hostHash=fdbc7f1491a89ee6 clientProtocol=http/1.1 ca=8be2538814763f0c
09-08 02:29:04.882 20204 21295 I ChromePhotosDataPlane: phase=worker_ready correlationId=c111 admissionWaitMs=0.287
09-08 02:29:04.892 20204 21295 I ChromePhotosDataPlane: phase=tls_certificate correlationId=c111 tlsCacheHit=true tlsCacheWaitMs=0.123 tlsCreationMs=0.000
09-08 02:29:04.892 20204 21295 I ChromePhotosDataPlane: phase=tls_material correlationId=c111 tlsMaterialMs=0.750
09-08 02:29:04.900 20204 21295 I ChromePhotosDataPlane: phase=tls_ready correlationId=c111 hostClass=network hostHash=fdbc7f1491a89ee6 clientProtocol=http/1.1 ca=8be2538814763f0c
09-08 02:29:04.975 20204 21249 I ChromePhotosDataPlane: phase=worker_ready correlationId=c112 admissionWaitMs=0.494
09-08 02:29:04.979 20204 21249 I ChromePhotosDataPlane: phase=tls_certificate correlationId=c112 tlsCacheHit=true tlsCacheWaitMs=0.011 tlsCreationMs=0.000
09-08 02:29:04.979 20204 21249 I ChromePhotosDataPlane: phase=tls_material correlationId=c112 tlsMaterialMs=0.303
09-08 02:29:04.993 20204 21249 I ChromePhotosDataPlane: phase=tls_ready correlationId=c112 hostClass=network hostHash=fdbc7f1491a89ee6 clientProtocol=http/1.1 ca=8be2538814763f0c
09-08 02:29:05.012 20204 21279 I ChromePhotosDataPlane: phase=worker_ready correlationId=c113 admissionWaitMs=0.256
09-08 02:29:05.018 20204 21299 I ChromePhotosDataPlane: phase=worker_ready correlationId=c114 admissionWaitMs=0.285
09-08 02:29:05.028 20204 21263 I ChromePhotosDataPlane: phase=worker_ready correlationId=c115 admissionWaitMs=0.314
09-08 02:29:05.031 20204 21232 I ChromePhotosDataPlane: phase=worker_ready correlationId=c116 admissionWaitMs=0.268
09-08 02:29:05.036 20204 21298 I ChromePhotosDataPlane: phase=worker_ready correlationId=c117 admissionWaitMs=0.226
09-08 02:29:05.042 20204 20933 I ChromePhotosDataPlane: phase=worker_ready correlationId=c118 admissionWaitMs=0.329
09-08 02:29:05.043 20204 21299 I ChromePhotosDataPlane: phase=tls_certificate correlationId=c114 tlsCacheHit=true tlsCacheWaitMs=0.022 tlsCreationMs=0.000
09-08 02:29:05.043 20204 21299 I ChromePhotosDataPlane: phase=tls_material correlationId=c114 tlsMaterialMs=0.551
09-08 02:29:05.043 20204 21279 I ChromePhotosDataPlane: phase=tls_certificate correlationId=c113 tlsCacheHit=true tlsCacheWaitMs=0.017 tlsCreationMs=0.000
09-08 02:29:05.043 20204 21279 I ChromePhotosDataPlane: phase=tls_material correlationId=c113 tlsMaterialMs=0.453
09-08 02:29:05.045 20204 20989 I ChromePhotosDataPlane: phase=worker_ready correlationId=c119 admissionWaitMs=0.340
09-08 02:29:05.046 20204 21026 I ChromePhotosDataPlane: phase=worker_ready correlationId=c120 admissionWaitMs=0.207
09-08 02:29:05.047 20204 21232 I ChromePhotosDataPlane: phase=tls_certificate correlationId=c116 tlsCacheHit=true tlsCacheWaitMs=0.018 tlsCreationMs=0.000
09-08 02:29:05.047 20204 21232 I ChromePhotosDataPlane: phase=tls_material correlationId=c116 tlsMaterialMs=0.584
09-08 02:29:05.049 20204 21263 I ChromePhotosDataPlane: phase=tls_certificate correlationId=c115 tlsCacheHit=true tlsCacheWaitMs=0.016 tlsCreationMs=0.000
09-08 02:29:05.049 20204 21263 I ChromePhotosDataPlane: phase=tls_material correlationId=c115 tlsMaterialMs=0.686
09-08 02:29:05.050 20204 20933 I ChromePhotosDataPlane: phase=tls_certificate correlationId=c118 tlsCacheHit=true tlsCacheWaitMs=0.008 tlsCreationMs=0.000
09-08 02:29:05.051 20204 20933 I ChromePhotosDataPlane: phase=tls_material correlationId=c118 tlsMaterialMs=0.241
09-08 02:29:05.053 20204 20989 I ChromePhotosDataPlane: phase=tls_certificate correlationId=c119 tlsCacheHit=true tlsCacheWaitMs=0.007 tlsCreationMs=0.000
09-08 02:29:05.053 20204 20989 I ChromePhotosDataPlane: phase=tls_material correlationId=c119 tlsMaterialMs=0.243
09-08 02:29:05.058 20204 21026 I ChromePhotosDataPlane: phase=tls_certificate correlationId=c120 tlsCacheHit=true tlsCacheWaitMs=0.007 tlsCreationMs=0.000
09-08 02:29:05.058 20204 21026 I ChromePhotosDataPlane: phase=tls_material correlationId=c120 tlsMaterialMs=0.241
09-08 02:29:05.069 20204 21232 I ChromePhotosDataPlane: phase=tls_ready correlationId=c116 hostClass=network hostHash=ee8cdc867bba487e clientProtocol=http/1.1 ca=8be2538814763f0c
09-08 02:29:05.072 20204 21279 I ChromePhotosDataPlane: phase=tls_ready correlationId=c113 hostClass=network hostHash=ee8cdc867bba487e clientProtocol=http/1.1 ca=8be2538814763f0c
09-08 02:29:05.077 20204 20989 I ChromePhotosDataPlane: phase=tls_ready correlationId=c119 hostClass=network hostHash=fdbc7f1491a89ee6 clientProtocol=http/1.1 ca=8be2538814763f0c
09-08 02:29:05.078 20204 21026 I ChromePhotosDataPlane: phase=tls_ready correlationId=c120 hostClass=network hostHash=fdbc7f1491a89ee6 clientProtocol=http/1.1 ca=8be2538814763f0c
09-08 02:29:05.080 20204 21263 I ChromePhotosDataPlane: phase=tls_ready correlationId=c115 hostClass=network hostHash=ee8cdc867bba487e clientProtocol=http/1.1 ca=8be2538814763f0c
09-08 02:29:05.082 20204 21299 I ChromePhotosDataPlane: phase=tls_ready correlationId=c114 hostClass=network hostHash=ee8cdc867bba487e clientProtocol=http/1.1 ca=8be2538814763f0c
09-08 02:29:05.084 20204 20933 I ChromePhotosDataPlane: phase=tls_ready correlationId=c118 hostClass=network hostHash=fdbc7f1491a89ee6 clientProtocol=http/1.1 ca=8be2538814763f0c
09-08 02:29:05.145 20204 21298 I ChromePhotosDataPlane: phase=tls_certificate correlationId=c117 tlsCacheHit=false tlsCacheWaitMs=0.018 tlsCreationMs=48.333
09-08 02:29:05.145 20204 21298 I ChromePhotosDataPlane: phase=tls_material correlationId=c117 tlsMaterialMs=48.809
09-08 02:29:05.154 20204 21298 I ChromePhotosDataPlane: phase=tls_ready correlationId=c117 hostClass=network hostHash=78545291017afd6d clientProtocol=http/1.1 ca=8be2538814763f0c
09-08 02:29:05.170 20204 21177 I ChromePhotosDataPlane: origin=real hostClass=network hostHash=1c9aae1431eb8709 method=GET clientProtocol=http/1.1 upstreamProtocol=h2 status=200 contentType=application/javascript bytesOut=112 transfer=chunked upstreamHeadersMs=262.995 downstreamWriteMs=1.012
09-08 02:29:05.306 20204 21263 I ChromePhotosDataPlane: origin=real hostClass=network hostHash=ee8cdc867bba487e method=GET clientProtocol=http/1.1 upstreamProtocol=h2 status=200 contentType=image/png bytesIn=42 bytesOut=704 cache=miss decision=unknown reason=unsupported_gif source=error probability=-1.0 basis=none decodeMs=0.000 inferenceMs=0.000 inferenceQueueMs=0.000 localDecisionMs=0.000  bodyAdmissionMs=0.014 bodyReadMs=0.083 requestToDeliveryMs=201.999 upstreamHeadersMs=200.210 sanitizeMs=0.387 downstreamWriteMs=0.395
09-08 02:29:05.308 20204 21279 I ChromePhotosDataPlane: origin=real hostClass=network hostHash=ee8cdc867bba487e method=GET clientProtocol=http/1.1 upstreamProtocol=h2 status=200 contentType=image/png bytesIn=42 bytesOut=704 cache=miss decision=unknown reason=unsupported_gif source=error probability=-1.0 basis=none decodeMs=0.000 inferenceMs=0.000 inferenceQueueMs=0.000 localDecisionMs=0.000  bodyAdmissionMs=0.028 bodyReadMs=0.834 requestToDeliveryMs=214.263 upstreamHeadersMs=209.327 sanitizeMs=1.783 downstreamWriteMs=0.839
09-08 02:29:05.309 20204 21232 I ChromePhotosDataPlane: origin=real hostClass=network hostHash=ee8cdc867bba487e method=GET clientProtocol=http/1.1 upstreamProtocol=h2 status=200 contentType=image/png bytesIn=42 bytesOut=704 cache=miss decision=unknown reason=unsupported_gif source=error probability=-1.0 basis=none decodeMs=0.000 inferenceMs=0.000 inferenceQueueMs=0.000 localDecisionMs=0.000  bodyAdmissionMs=0.021 bodyReadMs=0.087 requestToDeliveryMs=220.130 upstreamHeadersMs=218.318 sanitizeMs=0.408 downstreamWriteMs=0.413
09-08 02:29:05.379 20204 21299 I ChromePhotosDataPlane: origin=real hostClass=network hostHash=ee8cdc867bba487e method=GET clientProtocol=http/1.1 upstreamProtocol=h2 status=302 contentType= bytesIn=0 bytesOut=0 cache=miss decision=passthrough   requestToDeliveryMs=284.731 upstreamHeadersMs=280.990 sanitizeMs=0.623 downstreamWriteMs=0.708
09-08 02:29:05.500 20204 21298 I ChromePhotosDataPlane: origin=real hostClass=network hostHash=78545291017afd6d method=GET clientProtocol=http/1.1 upstreamProtocol=h2 status=200 contentType=image/png bytesIn=127837 bytesOut=127837 cache=miss decision=safe reason=model_allow source=engine probability=0.05982989 basis=None decodeMs=11.894 inferenceMs=136.059 inferenceQueueMs=0.190 localDecisionMs=148.996  bodyAdmissionMs=0.029 bodyReadMs=27.404 hashMs=0.532 requestToDeliveryMs=344.647 upstreamHeadersMs=142.428 sanitizeMs=199.794 downstreamWriteMs=1.101
09-08 02:29:05.514 20204 20399 I ChromePhotosDataPlane: phase=fixture_scope_lost action=lease_revoked
09-08 02:29:06.221 20204 21295 I ChromePhotosDataPlane: origin=real hostClass=network hostHash=fdbc7f1491a89ee6 method=GET clientProtocol=http/1.1 upstreamProtocol=h2 status=200 contentType=image/webp bytesIn=26888 bytesOut=26888 cache=miss decision=safe reason=model_allow source=engine probability=0.01354295 basis=None decodeMs=22.024 inferenceMs=573.132 inferenceQueueMs=0.131 localDecisionMs=604.613  bodyAdmissionMs=0.041 bodyReadMs=17.855 hashMs=0.557 requestToDeliveryMs=1319.313 upstreamHeadersMs=652.932 sanitizeMs=656.917 downstreamWriteMs=2.685
09-08 02:29:06.521 20204 21062 I ChromePhotosDataPlane: phase=worker_ready correlationId=c121 admissionWaitMs=0.361
09-08 02:29:06.552 20204 21062 W ChromePhotosDataPlane: phase=connection_failed correlationId=c121 error=UnknownHostException
09-08 02:29:06.644 20204 21061 I ChromePhotosDataPlane: phase=worker_ready correlationId=c122 admissionWaitMs=1.446
09-08 02:29:06.652 20204 21139 I ChromePhotosDataPlane: phase=worker_ready correlationId=c123 admissionWaitMs=0.525
09-08 02:29:06.668 20204 21401 I ChromePhotosDataPlane: phase=worker_ready correlationId=c124 admissionWaitMs=0.346
09-08 02:29:06.691 20204 21139 I ChromePhotosDataPlane: phase=tls_certificate correlationId=c123 tlsCacheHit=true tlsCacheWaitMs=0.022 tlsCreationMs=0.000
09-08 02:29:06.691 20204 21139 I ChromePhotosDataPlane: phase=tls_material correlationId=c123 tlsMaterialMs=0.658
09-08 02:29:06.692 20204 21404 I ChromePhotosDataPlane: phase=worker_ready correlationId=c125 admissionWaitMs=0.343
09-08 02:29:06.711 20204 20937 I ChromePhotosDataPlane: phase=worker_ready correlationId=c126 admissionWaitMs=0.434
09-08 02:29:06.723 20204 21139 I ChromePhotosDataPlane: phase=tls_ready correlationId=c123 hostClass=network hostHash=f5594fab1b035ec0 clientProtocol=http/1.1 ca=8be2538814763f0c
09-08 02:29:06.749 20204 21061 I ChromePhotosDataPlane: phase=tls_certificate correlationId=c122 tlsCacheHit=false tlsCacheWaitMs=0.030 tlsCreationMs=53.293
09-08 02:29:06.749 20204 21061 I ChromePhotosDataPlane: phase=tls_material correlationId=c122 tlsMaterialMs=53.818
09-08 02:29:06.762 20204 21061 I ChromePhotosDataPlane: phase=tls_ready correlationId=c122 hostClass=network hostHash=df8ab3acb3324531 clientProtocol=http/1.1 ca=8be2538814763f0c
09-08 02:29:06.763 20204 20937 I ChromePhotosDataPlane: phase=tls_certificate correlationId=c126 tlsCacheHit=true tlsCacheWaitMs=0.022 tlsCreationMs=0.000
09-08 02:29:06.763 20204 20937 I ChromePhotosDataPlane: phase=tls_material correlationId=c126 tlsMaterialMs=0.579
09-08 02:29:06.773 20204 20937 I ChromePhotosDataPlane: phase=tls_ready correlationId=c126 hostClass=network hostHash=4dce8d0b280a268f clientProtocol=http/1.1 ca=8be2538814763f0c
09-08 02:29:06.779 20204 21375 I ChromePhotosDataPlane: phase=worker_ready correlationId=c127 admissionWaitMs=0.360
09-08 02:29:06.790 20204 21299 I ChromePhotosDataPlane: origin=real hostClass=network hostHash=ee8cdc867bba487e method=POST clientProtocol=http/1.1 upstreamProtocol=h2 status=204 contentType=text/html bytesOut=0 transfer=fixed upstreamHeadersMs=61.359 downstreamWriteMs=0.565
09-08 02:29:06.790 20204 21097 I ChromePhotosDataPlane: origin=real hostClass=network hostHash=fdbc7f1491a89ee6 method=GET clientProtocol=http/1.1 upstreamProtocol=h2 status=200 contentType=image/webp bytesIn=21480 bytesOut=21480 cache=miss decision=safe reason=model_allow source=engine probability=0.019576043 basis=None decodeMs=23.553 inferenceMs=552.127 inferenceQueueMs=492.639 localDecisionMs=1069.198  bodyAdmissionMs=0.052 bodyReadMs=98.598 hashMs=0.893 requestToDeliveryMs=1905.623 upstreamHeadersMs=717.623 sanitizeMs=1185.111 downstreamWriteMs=0.897
09-08 02:29:06.795 20204 21115 I ChromePhotosDataPlane: phase=worker_ready correlationId=c128 admissionWaitMs=5.368
09-08 02:29:06.797 20204 21401 I ChromePhotosDataPlane: phase=tls_certificate correlationId=c124 tlsCacheHit=false tlsCacheWaitMs=42.877 tlsCreationMs=41.291
09-08 02:29:06.797 20204 21401 I ChromePhotosDataPlane: phase=tls_material correlationId=c124 tlsMaterialMs=91.323
09-08 02:29:06.812 20204 21401 I ChromePhotosDataPlane: phase=tls_ready correlationId=c124 hostClass=network hostHash=29078f5ef8eb9960 clientProtocol=http/1.1 ca=8be2538814763f0c
09-08 02:29:06.818 20204 21404 I ChromePhotosDataPlane: phase=tls_certificate correlationId=c125 tlsCacheHit=false tlsCacheWaitMs=57.410 tlsCreationMs=27.198
09-08 02:29:06.818 20204 21404 I ChromePhotosDataPlane: phase=tls_material correlationId=c125 tlsMaterialMs=84.910
09-08 02:29:06.833 20204 21404 I ChromePhotosDataPlane: phase=tls_ready correlationId=c125 hostClass=network hostHash=9d6e17ba2c400ce0 clientProtocol=http/1.1 ca=8be2538814763f0c
09-08 02:29:06.882 20204 21375 I ChromePhotosDataPlane: phase=tls_certificate correlationId=c127 tlsCacheHit=false tlsCacheWaitMs=0.016 tlsCreationMs=46.237
09-08 02:29:06.882 20204 21375 I ChromePhotosDataPlane: phase=tls_material correlationId=c127 tlsMaterialMs=47.093
09-08 02:29:06.892 20204 21375 I ChromePhotosDataPlane: phase=tls_ready correlationId=c127 hostClass=network hostHash=66f6975d8388801b clientProtocol=http/1.1 ca=8be2538814763f0c
09-08 02:29:06.911 20204 20838 I ChromePhotosDataPlane: origin=real hostClass=network hostHash=191347bfe55d0ca9 method=POST clientProtocol=http/1.1 upstreamProtocol=h2 status=200 contentType=text/plain bytesOut=0 transfer=fixed upstreamHeadersMs=200.279 downstreamWriteMs=0.504
09-08 02:29:06.912 20204 21401 I ChromePhotosDataPlane: origin=real hostClass=network hostHash=29078f5ef8eb9960 method=GET clientProtocol=http/1.1 upstreamProtocol=h2 status=304 contentType= bytesOut=0 transfer=fixed upstreamHeadersMs=96.964 downstreamWriteMs=0.420
09-08 02:29:06.915 20204 21115 I ChromePhotosDataPlane: phase=tls_certificate correlationId=c128 tlsCacheHit=false tlsCacheWaitMs=11.838 tlsCreationMs=33.398
09-08 02:29:06.915 20204 21115 I ChromePhotosDataPlane: phase=tls_material correlationId=c128 tlsMaterialMs=45.723
09-08 02:29:06.927 20204 21115 I ChromePhotosDataPlane: phase=tls_ready correlationId=c128 hostClass=network hostHash=8d9559743b8b4225 clientProtocol=http/1.1 ca=8be2538814763f0c
09-08 02:29:07.036 20204 21139 I ChromePhotosDataPlane: origin=real hostClass=network hostHash=f5594fab1b035ec0 method=GET clientProtocol=http/1.1 upstreamProtocol=h2 status=200 contentType=application/javascript bytesOut=2580 transfer=chunked upstreamHeadersMs=289.997 downstreamWriteMs=17.323
09-08 02:29:07.122 20204 21115 I ChromePhotosDataPlane: origin=real hostClass=network hostHash=8d9559743b8b4225 method=POST clientProtocol=http/1.1 upstreamProtocol=h2 status=204 contentType=image/gif bytesIn=0 bytesOut=0 cache=miss decision=passthrough   requestToDeliveryMs=188.186 upstreamHeadersMs=186.781 sanitizeMs=0.034 downstreamWriteMs=0.407
09-08 02:29:07.157 20204 21375 I ChromePhotosDataPlane: origin=real hostClass=network hostHash=66f6975d8388801b method=GET clientProtocol=http/1.1 upstreamProtocol=h2 status=403 contentType=application/xml bytesOut=243 transfer=chunked upstreamHeadersMs=258.212 downstreamWriteMs=2.956
09-08 02:29:07.173 20204 21404 I ChromePhotosDataPlane: origin=real hostClass=network hostHash=9d6e17ba2c400ce0 method=GET clientProtocol=http/1.1 upstreamProtocol=h2 status=200 contentType=text/html bytesOut=2743 transfer=chunked upstreamHeadersMs=338.203 downstreamWriteMs=0.722
09-08 02:29:07.239 20204 21398 I ChromePhotosDataPlane: phase=worker_ready correlationId=c129 admissionWaitMs=0.277
09-08 02:29:07.243 20204 21398 W ChromePhotosDataPlane: phase=connection_failed correlationId=c129 error=UnknownHostException
09-08 02:29:07.245 20204 20983 I ChromePhotosDataPlane: phase=worker_ready correlationId=c130 admissionWaitMs=0.188
09-08 02:29:07.250 20204 20983 I ChromePhotosDataPlane: phase=tls_certificate correlationId=c130 tlsCacheHit=true tlsCacheWaitMs=0.011 tlsCreationMs=0.000
09-08 02:29:07.250 20204 20983 I ChromePhotosDataPlane: phase=tls_material correlationId=c130 tlsMaterialMs=0.341
09-08 02:29:07.262 20204 20983 I ChromePhotosDataPlane: phase=tls_ready correlationId=c130 hostClass=network hostHash=191347bfe55d0ca9 clientProtocol=http/1.1 ca=8be2538814763f0c
09-08 02:29:07.388 20204 21249 I ChromePhotosDataPlane: origin=real hostClass=network hostHash=fdbc7f1491a89ee6 method=GET clientProtocol=http/1.1 upstreamProtocol=h2 status=200 contentType=image/webp bytesIn=16300 bytesOut=16300 cache=miss decision=safe reason=model_allow source=engine probability=0.26753896 basis=None decodeMs=18.934 inferenceMs=575.862 inferenceQueueMs=554.676 localDecisionMs=1150.459  bodyAdmissionMs=491.216 bodyReadMs=0.698 hashMs=0.759 requestToDeliveryMs=2322.743 upstreamHeadersMs=656.191 sanitizeMs=1662.014 downstreamWriteMs=1.067
09-08 02:29:07.425 20204 20983 I ChromePhotosDataPlane: origin=real hostClass=network hostHash=191347bfe55d0ca9 method=POST clientProtocol=http/1.1 upstreamProtocol=h2 status=200 contentType=text/plain bytesOut=0 transfer=fixed upstreamHeadersMs=152.901 downstreamWriteMs=2.925
09-08 02:29:07.504 20204 20937 I ChromePhotosDataPlane: origin=real hostClass=network hostHash=4dce8d0b280a268f method=GET clientProtocol=http/1.1 upstreamProtocol=h2 status=204 contentType= bytesIn=0 bytesOut=0 cache=miss decision=passthrough   requestToDeliveryMs=702.543 upstreamHeadersMs=696.909 sanitizeMs=0.063 downstreamWriteMs=1.162
09-08 02:29:07.949 20204 21026 I ChromePhotosDataPlane: origin=real hostClass=network hostHash=fdbc7f1491a89ee6 method=GET clientProtocol=http/1.1 upstreamProtocol=h2 status=200 contentType=image/webp bytesIn=16002 bytesOut=16002 cache=miss decision=safe reason=model_allow source=engine probability=0.06782976 basis=None decodeMs=18.532 inferenceMs=544.976 inferenceQueueMs=579.003 localDecisionMs=1143.264  bodyAdmissionMs=1039.587 bodyReadMs=0.243 hashMs=0.187 requestToDeliveryMs=2847.057 upstreamHeadersMs=648.570 sanitizeMs=2196.648 downstreamWriteMs=0.480
09-08 02:29:08.230 20204 21061 I ChromePhotosDataPlane: origin=real hostClass=network hostHash=df8ab3acb3324531 method=GET clientProtocol=http/1.1 upstreamProtocol=h2 status=304 contentType= bytesOut=0 transfer=fixed upstreamHeadersMs=1464.179 downstreamWriteMs=1.091
09-08 02:29:08.510 20204 20989 I ChromePhotosDataPlane: origin=real hostClass=network hostHash=fdbc7f1491a89ee6 method=GET clientProtocol=http/1.1 upstreamProtocol=h2 status=200 contentType=image/webp bytesIn=25378 bytesOut=25378 cache=miss decision=safe reason=model_allow source=engine probability=0.09926775 basis=None decodeMs=16.061 inferenceMs=541.969 inferenceQueueMs=540.757 localDecisionMs=1100.185  bodyAdmissionMs=1608.981 bodyReadMs=0.352 hashMs=2.709 requestToDeliveryMs=3410.564 upstreamHeadersMs=674.854 sanitizeMs=2731.685 downstreamWriteMs=1.605
09-08 02:29:08.522 20204 21179 I ChromePhotosDataPlane: origin=real hostClass=network hostHash=f58aed0f48e58f0c method=GET clientProtocol=http/1.1 upstreamProtocol=h2 status=200 contentType=image/png bytesIn=769985 bytesOut=704 cache=miss decision=unknown reason=image_format_unknown source=error probability=-1.0 basis=none decodeMs=0.000 inferenceMs=0.000 inferenceQueueMs=0.000 localDecisionMs=0.000  bodyAdmissionMs=2230.616 bodyReadMs=7.238 requestToDeliveryMs=3009.990 upstreamHeadersMs=762.811 sanitizeMs=2244.167 downstreamWriteMs=1.081
09-08 02:29:08.661 20204 21242 I ChromePhotosDataPlane: phase=worker_ready correlationId=c131 admissionWaitMs=0.259
09-08 02:29:08.679 20204 21242 I ChromePhotosDataPlane: phase=tls_certificate correlationId=c131 tlsCacheHit=true tlsCacheWaitMs=0.025 tlsCreationMs=0.000
09-08 02:29:08.679 20204 21242 I ChromePhotosDataPlane: phase=tls_material correlationId=c131 tlsMaterialMs=0.721
09-08 02:29:08.690 20204 21242 I ChromePhotosDataPlane: phase=tls_ready correlationId=c131 hostClass=network hostHash=f58aed0f48e58f0c clientProtocol=http/1.1 ca=8be2538814763f0c
09-08 02:29:08.694 20204 21257 I ChromePhotosDataPlane: phase=worker_ready correlationId=c132 admissionWaitMs=0.260
09-08 02:29:08.698 20204 21377 I ChromePhotosDataPlane: phase=worker_ready correlationId=c133 admissionWaitMs=0.348
09-08 02:29:08.703 20204 21166 I ChromePhotosDataPlane: phase=worker_ready correlationId=c134 admissionWaitMs=0.505
09-08 02:29:08.711 20204 21257 I ChromePhotosDataPlane: phase=tls_certificate correlationId=c132 tlsCacheHit=true tlsCacheWaitMs=0.019 tlsCreationMs=0.000
09-08 02:29:08.711 20204 21257 I ChromePhotosDataPlane: phase=tls_material correlationId=c132 tlsMaterialMs=0.711
09-08 02:29:08.713 20204 21377 I ChromePhotosDataPlane: phase=tls_certificate correlationId=c133 tlsCacheHit=true tlsCacheWaitMs=0.016 tlsCreationMs=0.000
09-08 02:29:08.714 20204 21377 I ChromePhotosDataPlane: phase=tls_material correlationId=c133 tlsMaterialMs=0.410
09-08 02:29:08.715 20204 21166 I ChromePhotosDataPlane: phase=tls_certificate correlationId=c134 tlsCacheHit=true tlsCacheWaitMs=0.020 tlsCreationMs=0.000
09-08 02:29:08.716 20204 21166 I ChromePhotosDataPlane: phase=tls_material correlationId=c134 tlsMaterialMs=0.885
09-08 02:29:08.731 20204 20915 I ChromePhotosDataPlane: phase=worker_ready correlationId=c135 admissionWaitMs=0.640
09-08 02:29:08.735 20204 21257 I ChromePhotosDataPlane: phase=tls_ready correlationId=c132 hostClass=network hostHash=f58aed0f48e58f0c clientProtocol=http/1.1 ca=8be2538814763f0c
09-08 02:29:08.739 20204 21166 I ChromePhotosDataPlane: phase=tls_ready correlationId=c134 hostClass=network hostHash=f58aed0f48e58f0c clientProtocol=http/1.1 ca=8be2538814763f0c
09-08 02:29:08.741 20204 21377 I ChromePhotosDataPlane: phase=tls_ready correlationId=c133 hostClass=network hostHash=f58aed0f48e58f0c clientProtocol=http/1.1 ca=8be2538814763f0c
09-08 02:29:08.747 20204 20915 I ChromePhotosDataPlane: phase=tls_certificate correlationId=c135 tlsCacheHit=true tlsCacheWaitMs=0.020 tlsCreationMs=0.000
09-08 02:29:08.747 20204 20915 I ChromePhotosDataPlane: phase=tls_material correlationId=c135 tlsMaterialMs=0.526
09-08 02:29:08.759 20204 20915 I ChromePhotosDataPlane: phase=tls_ready correlationId=c135 hostClass=network hostHash=f58aed0f48e58f0c clientProtocol=http/1.1 ca=8be2538814763f0c
09-08 02:29:08.904 20204 21179 I ChromePhotosDataPlane: origin=real hostClass=network hostHash=f58aed0f48e58f0c method=POST clientProtocol=http/1.1 upstreamProtocol=h2 status=200 contentType=application/json bytesOut=49 transfer=chunked upstreamHeadersMs=238.790 downstreamWriteMs=2.900
09-08 02:29:08.964 20204 21377 I ChromePhotosDataPlane: origin=real hostClass=network hostHash=f58aed0f48e58f0c method=POST clientProtocol=http/1.1 upstreamProtocol=h2 status=200 contentType=application/json bytesOut=94 transfer=chunked upstreamHeadersMs=199.030 downstreamWriteMs=1.283
09-08 02:29:08.966 20204 21242 I ChromePhotosDataPlane: origin=real hostClass=network hostHash=f58aed0f48e58f0c method=POST clientProtocol=http/1.1 upstreamProtocol=h2 status=200 contentType=application/json bytesOut=832 transfer=chunked upstreamHeadersMs=238.128 downstreamWriteMs=1.531
09-08 02:29:08.966 20204 21166 I ChromePhotosDataPlane: origin=real hostClass=network hostHash=f58aed0f48e58f0c method=POST clientProtocol=http/1.1 upstreamProtocol=h2 status=200 contentType=application/json bytesOut=136 transfer=chunked upstreamHeadersMs=208.233 downstreamWriteMs=1.030
09-08 02:29:09.012 20204 21257 I ChromePhotosDataPlane: origin=real hostClass=network hostHash=f58aed0f48e58f0c method=POST clientProtocol=http/1.1 upstreamProtocol=h2 status=200 contentType=application/json bytesOut=126 transfer=chunked upstreamHeadersMs=254.552 downstreamWriteMs=1.478
09-08 02:29:09.065 20204 20915 I ChromePhotosDataPlane: origin=real hostClass=network hostHash=f58aed0f48e58f0c method=POST clientProtocol=http/1.1 upstreamProtocol=h2 status=200 contentType=application/json bytesOut=33729 transfer=chunked upstreamHeadersMs=276.044 downstreamWriteMs=21.566
09-08 02:29:09.109 20204 20933 I ChromePhotosDataPlane: origin=real hostClass=network hostHash=fdbc7f1491a89ee6 method=GET clientProtocol=http/1.1 upstreamProtocol=h2 status=200 contentType=image/webp bytesIn=17738 bytesOut=17738 cache=miss decision=safe reason=model_allow source=engine probability=0.094395995 basis=None decodeMs=23.164 inferenceMs=572.487 inferenceQueueMs=535.407 localDecisionMs=1132.134  bodyAdmissionMs=2090.526 bodyReadMs=0.503 hashMs=0.776 requestToDeliveryMs=4002.975 upstreamHeadersMs=751.118 sanitizeMs=3245.802 downstreamWriteMs=2.473
09-08 02:29:09.176 20204 21179 I ChromePhotosDataPlane: origin=real hostClass=network hostHash=f58aed0f48e58f0c method=POST clientProtocol=http/1.1 upstreamProtocol=h2 status=200 contentType=application/json bytesOut=92 transfer=chunked upstreamHeadersMs=257.122 downstreamWriteMs=1.752
09-08 02:29:09.240 20204 21166 I ChromePhotosDataPlane: origin=real hostClass=network hostHash=f58aed0f48e58f0c method=POST clientProtocol=http/1.1 upstreamProtocol=h2 status=200 contentType=application/json bytesOut=943 transfer=chunked upstreamHeadersMs=208.295 downstreamWriteMs=4.130
09-08 02:29:09.250 20204 21295 I ChromePhotosDataPlane: origin=real hostClass=network hostHash=fdbc7f1491a89ee6 method=GET clientProtocol=http/1.1 upstreamProtocol=h2 status=200 contentType=image/png bytesIn=6621 bytesOut=6621 cache=miss decision=safe reason=model_allow source=engine probability=0.010038227 basis=None decodeMs=2.948 inferenceMs=135.200 inferenceQueueMs=581.561 localDecisionMs=720.691  bodyAdmissionMs=2067.790 bodyReadMs=0.127 hashMs=0.188 requestToDeliveryMs=2969.571 upstreamHeadersMs=166.511 sanitizeMs=2790.232 downstreamWriteMs=2.141
09-08 02:29:09.388 20204 21097 I ChromePhotosDataPlane: origin=real hostClass=network hostHash=fdbc7f1491a89ee6 method=GET clientProtocol=http/1.1 upstreamProtocol=h2 status=200 contentType=image/webp bytesIn=4858 bytesOut=4858 cache=miss decision=safe reason=model_allow source=engine probability=0.0034654438 basis=None decodeMs=5.878 inferenceMs=134.801 inferenceQueueMs=132.765 localDecisionMs=274.196  bodyAdmissionMs=2091.950 bodyReadMs=0.390 hashMs=0.777 requestToDeliveryMs=2551.770 upstreamHeadersMs=170.194 sanitizeMs=2371.423 downstreamWriteMs=1.411
09-08 02:29:09.400 20204 21242 I ChromePhotosDataPlane: origin=real hostClass=network hostHash=f58aed0f48e58f0c method=POST clientProtocol=http/1.1 upstreamProtocol=h2 status=200 contentType=application/json bytesOut=23615 transfer=chunked upstreamHeadersMs=343.480 downstreamWriteMs=22.620
09-08 02:29:09.525 20204 21249 I ChromePhotosDataPlane: origin=real hostClass=network hostHash=fdbc7f1491a89ee6 method=GET clientProtocol=http/1.1 upstreamProtocol=h2 status=200 contentType=image/webp bytesIn=8344 bytesOut=8344 cache=miss decision=safe reason=model_allow source=engine probability=0.013767481 basis=None decodeMs=5.647 inferenceMs=135.337 inferenceQueueMs=138.122 localDecisionMs=279.695  bodyAdmissionMs=1633.862 bodyReadMs=0.140 hashMs=0.213 requestToDeliveryMs=2083.980 upstreamHeadersMs=166.753 sanitizeMs=1915.421 downstreamWriteMs=0.436
09-08 02:29:09.680 20204 21026 I ChromePhotosDataPlane: origin=real hostClass=network hostHash=fdbc7f1491a89ee6 method=GET clientProtocol=http/1.1 upstreamProtocol=h2 status=200 contentType=image/webp bytesIn=2266 bytesOut=2266 cache=miss decision=safe reason=model_allow source=engine probability=0.01720336 basis=None decodeMs=6.124 inferenceMs=139.362 inferenceQueueMs=136.284 localDecisionMs=282.926  bodyAdmissionMs=1217.472 bodyReadMs=0.280 hashMs=1.977 requestToDeliveryMs=1682.495 upstreamHeadersMs=165.470 sanitizeMs=1505.116 downstreamWriteMs=1.408
09-08 02:29:09.768 20204 20946 I ChromePhotosDataPlane: phase=worker_ready correlationId=c136 admissionWaitMs=0.404
09-08 02:29:09.788 20204 20946 I ChromePhotosDataPlane: phase=tls_certificate correlationId=c136 tlsCacheHit=true tlsCacheWaitMs=0.033 tlsCreationMs=0.000
09-08 02:29:09.788 20204 20946 I ChromePhotosDataPlane: phase=tls_material correlationId=c136 tlsMaterialMs=0.762
09-08 02:29:09.796 20204 20946 I ChromePhotosDataPlane: phase=tls_ready correlationId=c136 hostClass=network hostHash=abf8fbf760ef2a86 clientProtocol=http/1.1 ca=8be2538814763f0c
09-08 02:29:09.820 20204 20989 I ChromePhotosDataPlane: origin=real hostClass=network hostHash=fdbc7f1491a89ee6 method=GET clientProtocol=http/1.1 upstreamProtocol=h2 status=200 contentType=image/webp bytesIn=5666 bytesOut=5666 cache=miss decision=safe reason=model_allow source=engine probability=0.017977506 basis=None decodeMs=7.566 inferenceMs=139.462 inferenceQueueMs=132.919 localDecisionMs=280.757  bodyAdmissionMs=838.809 bodyReadMs=0.511 hashMs=1.422 requestToDeliveryMs=1300.525 upstreamHeadersMs=165.457 sanitizeMs=1132.101 downstreamWriteMs=0.814
09-08 02:29:09.894 20204 20867 I ChromePhotosDataPlane: phase=worker_ready correlationId=c137 admissionWaitMs=0.600
09-08 02:29:09.902 20204 20940 I ChromePhotosDataPlane: phase=worker_ready correlationId=c138 admissionWaitMs=0.745
09-08 02:29:09.935 20204 20940 I ChromePhotosDataPlane: phase=tls_certificate correlationId=c138 tlsCacheHit=true tlsCacheWaitMs=0.018 tlsCreationMs=0.000
09-08 02:29:09.935 20204 20940 I ChromePhotosDataPlane: phase=tls_material correlationId=c138 tlsMaterialMs=0.554
09-08 02:29:09.949 20204 20916 I ChromePhotosDataPlane: phase=worker_ready correlationId=c139 admissionWaitMs=0.542
09-08 02:29:09.954 20204 20940 I ChromePhotosDataPlane: phase=tls_ready correlationId=c138 hostClass=network hostHash=191347bfe55d0ca9 clientProtocol=http/1.1 ca=8be2538814763f0c
09-08 02:29:09.955 20204 20938 I ChromePhotosDataPlane: phase=worker_ready correlationId=c140 admissionWaitMs=0.393
09-08 02:29:09.958 20204 21289 I ChromePhotosDataPlane: phase=worker_ready correlationId=c141 admissionWaitMs=0.257
09-08 02:29:09.965 20204 20933 I ChromePhotosDataPlane: origin=real hostClass=network hostHash=fdbc7f1491a89ee6 method=GET clientProtocol=http/1.1 upstreamProtocol=h2 status=200 contentType=image/webp bytesIn=4986 bytesOut=4986 cache=miss decision=safe reason=model_allow source=engine probability=0.006761968 basis=None decodeMs=5.957 inferenceMs=137.855 inferenceQueueMs=131.464 localDecisionMs=276.343  bodyAdmissionMs=344.643 bodyReadMs=0.508 hashMs=2.241 requestToDeliveryMs=806.533 upstreamHeadersMs=168.561 sanitizeMs=632.307 downstreamWriteMs=1.080
09-08 02:29:09.968 20204 20938 I ChromePhotosDataPlane: phase=tls_certificate correlationId=c140 tlsCacheHit=true tlsCacheWaitMs=0.019 tlsCreationMs=0.000
09-08 02:29:09.968 20204 20938 I ChromePhotosDataPlane: phase=tls_material correlationId=c140 tlsMaterialMs=2.637
09-08 02:29:09.976 20204 20867 I ChromePhotosDataPlane: phase=tls_certificate correlationId=c137 tlsCacheHit=false tlsCacheWaitMs=0.019 tlsCreationMs=55.457
09-08 02:29:09.976 20204 20867 I ChromePhotosDataPlane: phase=tls_material correlationId=c137 tlsMaterialMs=56.048
09-08 02:29:09.980 20204 21242 I ChromePhotosDataPlane: origin=real hostClass=network hostHash=f58aed0f48e58f0c method=POST clientProtocol=http/1.1 upstreamProtocol=h2 status=200 contentType=application/json bytesOut=1057 transfer=chunked upstreamHeadersMs=314.422 downstreamWriteMs=2.046
09-08 02:29:09.985 20204 21289 I ChromePhotosDataPlane: phase=tls_certificate correlationId=c141 tlsCacheHit=true tlsCacheWaitMs=0.017 tlsCreationMs=0.000
09-08 02:29:09.985 20204 21289 I ChromePhotosDataPlane: phase=tls_material correlationId=c141 tlsMaterialMs=0.523
09-08 02:29:09.988 20204 20938 I ChromePhotosDataPlane: phase=tls_ready correlationId=c140 hostClass=network hostHash=191347bfe55d0ca9 clientProtocol=http/1.1 ca=8be2538814763f0c
09-08 02:29:10.012 20204 20867 I ChromePhotosDataPlane: phase=tls_ready correlationId=c137 hostClass=network hostHash=fa24434ded0218fe clientProtocol=http/1.1 ca=8be2538814763f0c
09-08 02:29:10.015 20204 21289 I ChromePhotosDataPlane: phase=tls_ready correlationId=c141 hostClass=network hostHash=191347bfe55d0ca9 clientProtocol=http/1.1 ca=8be2538814763f0c
09-08 02:29:10.026 20204 20916 I ChromePhotosDataPlane: phase=tls_certificate correlationId=c139 tlsCacheHit=false tlsCacheWaitMs=0.016 tlsCreationMs=32.209
09-08 02:29:10.026 20204 20916 I ChromePhotosDataPlane: phase=tls_material correlationId=c139 tlsMaterialMs=32.827
09-08 02:29:10.041 20204 20916 I ChromePhotosDataPlane: phase=tls_ready correlationId=c139 hostClass=network hostHash=ef6a1cd63150fbbc clientProtocol=http/1.1 ca=8be2538814763f0c
09-08 02:29:10.062 20204 20940 I ChromePhotosDataPlane: origin=real hostClass=network hostHash=191347bfe55d0ca9 method=POST clientProtocol=http/1.1 upstreamProtocol=h2 status=200 contentType=text/html bytesOut=0 transfer=fixed upstreamHeadersMs=62.163 downstreamWriteMs=0.717
09-08 02:29:10.070 20204 20963 I ChromePhotosDataPlane: phase=worker_ready correlationId=c142 admissionWaitMs=0.204
09-08 02:29:10.076 20204 20938 I ChromePhotosDataPlane: origin=real hostClass=network hostHash=191347bfe55d0ca9 method=POST clientProtocol=http/1.1 upstreamProtocol=h2 status=200 contentType=text/plain bytesOut=0 transfer=fixed upstreamHeadersMs=57.779 downstreamWriteMs=0.534
09-08 02:29:10.078 20204 21320 I ChromePhotosDataPlane: phase=worker_ready correlationId=c143 admissionWaitMs=0.446
09-08 02:29:10.081 20204 20963 I ChromePhotosDataPlane: phase=tls_certificate correlationId=c142 tlsCacheHit=true tlsCacheWaitMs=0.022 tlsCreationMs=0.000
09-08 02:29:10.081 20204 20963 I ChromePhotosDataPlane: phase=tls_material correlationId=c142 tlsMaterialMs=0.672
09-08 02:29:10.089 20204 21320 I ChromePhotosDataPlane: phase=tls_certificate correlationId=c143 tlsCacheHit=true tlsCacheWaitMs=0.016 tlsCreationMs=0.000
09-08 02:29:10.092 20204 21320 I ChromePhotosDataPlane: phase=tls_material correlationId=c143 tlsMaterialMs=4.214
09-08 02:29:10.093 20204 21289 I ChromePhotosDataPlane: origin=real hostClass=network hostHash=191347bfe55d0ca9 method=POST clientProtocol=http/1.1 upstreamProtocol=h2 status=200 contentType=text/plain bytesOut=0 transfer=fixed upstreamHeadersMs=60.150 downstreamWriteMs=0.730
09-08 02:29:10.105 20204 20963 I ChromePhotosDataPlane: phase=tls_ready correlationId=c142 hostClass=network hostHash=fa24434ded0218fe clientProtocol=http/1.1 ca=8be2538814763f0c
09-08 02:29:10.106 20204 21320 I ChromePhotosDataPlane: phase=tls_ready correlationId=c143 hostClass=network hostHash=191347bfe55d0ca9 clientProtocol=http/1.1 ca=8be2538814763f0c
09-08 02:29:10.112 20204 21295 I ChromePhotosDataPlane: origin=real hostClass=network hostHash=fdbc7f1491a89ee6 method=GET clientProtocol=http/1.1 upstreamProtocol=h2 status=200 contentType=image/webp bytesIn=4912 bytesOut=4912 cache=miss decision=safe reason=model_allow source=engine probability=0.029026985 basis=None decodeMs=5.941 inferenceMs=139.467 inferenceQueueMs=141.435 localDecisionMs=288.478  bodyAdmissionMs=317.291 bodyReadMs=0.259 hashMs=0.407 requestToDeliveryMs=818.646 upstreamHeadersMs=206.107 sanitizeMs=608.522 downstreamWriteMs=1.015
09-08 02:29:10.112 20204 20839 I ChromePhotosDataPlane: phase=worker_ready correlationId=c144 admissionWaitMs=0.272
09-08 02:29:10.128 20204 20839 I ChromePhotosDataPlane: phase=tls_certificate correlationId=c144 tlsCacheHit=true tlsCacheWaitMs=0.013 tlsCreationMs=0.000
09-08 02:29:10.128 20204 20839 I ChromePhotosDataPlane: phase=tls_material correlationId=c144 tlsMaterialMs=1.391
09-08 02:29:10.136 20204 20839 I ChromePhotosDataPlane: phase=tls_ready correlationId=c144 hostClass=network hostHash=191347bfe55d0ca9 clientProtocol=http/1.1 ca=8be2538814763f0c
09-08 02:29:10.164 20204 20946 I ChromePhotosDataPlane: origin=real hostClass=network hostHash=abf8fbf760ef2a86 method=GET clientProtocol=http/1.1 upstreamProtocol=h2 status=200 contentType=image/png bytesIn=0 bytesOut=704 cache=miss decision=unknown reason=encoded_image_unsupported source=error probability=-1.0 basis=none decodeMs=0.000 inferenceMs=0.000 inferenceQueueMs=0.000 localDecisionMs=0.000   requestToDeliveryMs=365.654 upstreamHeadersMs=362.458 sanitizeMs=0.209 downstreamWriteMs=0.845
09-08 02:29:10.165 20204 20978 I ChromePhotosDataPlane: phase=worker_ready correlationId=c145 admissionWaitMs=0.266
09-08 02:29:10.175 20204 20978 I ChromePhotosDataPlane: phase=tls_certificate correlationId=c145 tlsCacheHit=true tlsCacheWaitMs=0.017 tlsCreationMs=0.000
09-08 02:29:10.175 20204 20978 I ChromePhotosDataPlane: phase=tls_material correlationId=c145 tlsMaterialMs=0.533
09-08 02:29:10.183 20204 20978 I ChromePhotosDataPlane: phase=tls_ready correlationId=c145 hostClass=network hostHash=abf8fbf760ef2a86 clientProtocol=http/1.1 ca=8be2538814763f0c
09-08 02:29:10.196 20204 20922 I ChromePhotosDataPlane: phase=worker_ready correlationId=c146 admissionWaitMs=0.463
09-08 02:29:10.201 20204 20839 I ChromePhotosDataPlane: origin=real hostClass=network hostHash=191347bfe55d0ca9 method=POST clientProtocol=http/1.1 upstreamProtocol=h2 status=200 contentType=text/plain bytesOut=0 transfer=fixed upstreamHeadersMs=61.065 downstreamWriteMs=0.457
09-08 02:29:10.203 20204 21320 I ChromePhotosDataPlane: origin=real hostClass=network hostHash=191347bfe55d0ca9 method=POST clientProtocol=http/1.1 upstreamProtocol=h2 status=200 contentType=text/html bytesOut=0 transfer=fixed upstreamHeadersMs=72.762 downstreamWriteMs=1.246
09-08 02:29:10.205 20204 21084 I ChromePhotosDataPlane: phase=worker_ready correlationId=c147 admissionWaitMs=0.563
09-08 02:29:10.209 20204 21232 I ChromePhotosDataPlane: origin=real hostClass=network hostHash=ee8cdc867bba487e method=POST clientProtocol=http/1.1 upstreamProtocol=h2 status=302 contentType= bytesIn=0 bytesOut=0 cache=miss decision=passthrough   requestToDeliveryMs=296.216 upstreamHeadersMs=291.635 sanitizeMs=1.294 downstreamWriteMs=0.945
09-08 02:29:10.217 20204 20867 I ChromePhotosDataPlane: origin=real hostClass=network hostHash=fa24434ded0218fe method=GET clientProtocol=http/1.1 upstreamProtocol=h2 status=200 contentType=text/javascript bytesOut=2750 transfer=fixed upstreamHeadersMs=187.900 downstreamWriteMs=0.734
09-08 02:29:10.226 20204 20922 I ChromePhotosDataPlane: phase=tls_certificate correlationId=c146 tlsCacheHit=true tlsCacheWaitMs=0.032 tlsCreationMs=0.000
09-08 02:29:10.226 20204 20922 I ChromePhotosDataPlane: phase=tls_material correlationId=c146 tlsMaterialMs=0.795
09-08 02:29:10.234 20204 21084 I ChromePhotosDataPlane: phase=tls_certificate correlationId=c147 tlsCacheHit=true tlsCacheWaitMs=0.014 tlsCreationMs=0.000
09-08 02:29:10.235 20204 21084 I ChromePhotosDataPlane: phase=tls_material correlationId=c147 tlsMaterialMs=0.772
09-08 02:29:10.249 20204 20922 I ChromePhotosDataPlane: phase=tls_ready correlationId=c146 hostClass=network hostHash=fa24434ded0218fe clientProtocol=http/1.1 ca=8be2538814763f0c
09-08 02:29:10.254 20204 21084 I ChromePhotosDataPlane: phase=tls_ready correlationId=c147 hostClass=network hostHash=191347bfe55d0ca9 clientProtocol=http/1.1 ca=8be2538814763f0c
09-08 02:29:10.260 20204 21062 I ChromePhotosDataPlane: phase=worker_ready correlationId=c148 admissionWaitMs=1.019
09-08 02:29:10.263 20204 21299 I ChromePhotosDataPlane: phase=worker_ready correlationId=c149 admissionWaitMs=0.654
09-08 02:29:10.273 20204 21062 I ChromePhotosDataPlane: phase=tls_certificate correlationId=c148 tlsCacheHit=true tlsCacheWaitMs=0.014 tlsCreationMs=0.000
09-08 02:29:10.273 20204 21299 I ChromePhotosDataPlane: phase=tls_certificate correlationId=c149 tlsCacheHit=true tlsCacheWaitMs=0.006 tlsCreationMs=0.000
09-08 02:29:10.273 20204 21062 I ChromePhotosDataPlane: phase=tls_material correlationId=c148 tlsMaterialMs=0.412
09-08 02:29:10.274 20204 21299 I ChromePhotosDataPlane: phase=tls_material correlationId=c149 tlsMaterialMs=0.121
09-08 02:29:10.278 20204 20963 I ChromePhotosDataPlane: origin=real hostClass=network hostHash=fa24434ded0218fe method=GET clientProtocol=http/1.1 upstreamProtocol=h2 status=200 contentType=text/javascript bytesOut=2749 transfer=fixed upstreamHeadersMs=158.232 downstreamWriteMs=0.974
09-08 02:29:10.284 20204 21097 I ChromePhotosDataPlane: origin=real hostClass=network hostHash=fdbc7f1491a89ee6 method=GET clientProtocol=http/1.1 upstreamProtocol=h2 status=200 contentType=image/webp bytesIn=2532 bytesOut=2532 cache=miss decision=safe reason=model_allow source=engine probability=0.008957833 basis=None decodeMs=5.503 inferenceMs=167.580 inferenceQueueMs=139.766 localDecisionMs=313.446  bodyAdmissionMs=301.764 bodyReadMs=0.215 hashMs=0.366 requestToDeliveryMs=856.466 upstreamHeadersMs=235.819 sanitizeMs=617.814 downstreamWriteMs=0.678
09-08 02:29:10.285 20204 21299 I ChromePhotosDataPlane: phase=tls_ready correlationId=c149 hostClass=network hostHash=191347bfe55d0ca9 clientProtocol=http/1.1 ca=8be2538814763f0c
09-08 02:29:10.293 20204 21062 I ChromePhotosDataPlane: phase=tls_ready correlationId=c148 hostClass=network hostHash=191347bfe55d0ca9 clientProtocol=http/1.1 ca=8be2538814763f0c
09-08 02:29:10.333 20204 20922 I ChromePhotosDataPlane: origin=real hostClass=network hostHash=fa24434ded0218fe method=GET clientProtocol=http/1.1 upstreamProtocol=h2 status=200 contentType=text/javascript bytesOut=2748 transfer=fixed upstreamHeadersMs=73.925 downstreamWriteMs=0.665
09-08 02:29:10.346 20204 21299 I ChromePhotosDataPlane: origin=real hostClass=network hostHash=191347bfe55d0ca9 method=POST clientProtocol=http/1.1 upstreamProtocol=h2 status=200 contentType=text/plain bytesOut=0 transfer=fixed upstreamHeadersMs=55.807 downstreamWriteMs=0.426
09-08 02:29:10.347 20204 21084 I ChromePhotosDataPlane: origin=real hostClass=network hostHash=191347bfe55d0ca9 method=POST clientProtocol=http/1.1 upstreamProtocol=h2 status=200 contentType=text/html bytesOut=0 transfer=fixed upstreamHeadersMs=62.517 downstreamWriteMs=0.689
09-08 02:29:10.359 20204 20838 I ChromePhotosDataPlane: phase=worker_ready correlationId=c150 admissionWaitMs=0.512
09-08 02:29:10.375 20204 20838 I ChromePhotosDataPlane: phase=tls_certificate correlationId=c150 tlsCacheHit=true tlsCacheWaitMs=0.018 tlsCreationMs=0.000
09-08 02:29:10.375 20204 20838 I ChromePhotosDataPlane: phase=tls_material correlationId=c150 tlsMaterialMs=0.511
09-08 02:29:10.386 20204 21375 I ChromePhotosDataPlane: phase=worker_ready correlationId=c151 admissionWaitMs=0.259
09-08 02:29:10.393 20204 20838 I ChromePhotosDataPlane: phase=tls_ready correlationId=c150 hostClass=network hostHash=191347bfe55d0ca9 clientProtocol=http/1.1 ca=8be2538814763f0c
09-08 02:29:10.397 20204 21404 I ChromePhotosDataPlane: phase=worker_ready correlationId=c152 admissionWaitMs=0.255
09-08 02:29:10.407 20204 21404 I ChromePhotosDataPlane: phase=tls_certificate correlationId=c152 tlsCacheHit=true tlsCacheWaitMs=0.016 tlsCreationMs=0.000
09-08 02:29:10.407 20204 21404 I ChromePhotosDataPlane: phase=tls_material correlationId=c152 tlsMaterialMs=0.356
09-08 02:29:10.411 20204 20978 I ChromePhotosDataPlane: origin=real hostClass=network hostHash=abf8fbf760ef2a86 method=GET clientProtocol=http/1.1 upstreamProtocol=h2 status=200 contentType=image/png bytesIn=0 bytesOut=704 cache=miss decision=unknown reason=encoded_image_unsupported source=error probability=-1.0 basis=none decodeMs=0.000 inferenceMs=0.000 inferenceQueueMs=0.000 localDecisionMs=0.000   requestToDeliveryMs=226.154 upstreamHeadersMs=222.960 sanitizeMs=0.202 downstreamWriteMs=0.772
09-08 02:29:10.416 20204 20916 I ChromePhotosDataPlane: phase=media_shield_document origin=real hostClass=network hostHash=ef6a1cd63150fbbc result=transformed documentSequence=12 navigationSequence=7 token=e03f9cb940fb bytesOut=113029 upstreamHeadersMs=275.035 documentDecisionMs=93.649 downstreamWriteMs=3.260
09-08 02:29:10.418 20204 21404 I ChromePhotosDataPlane: phase=tls_ready correlationId=c152 hostClass=network hostHash=191347bfe55d0ca9 clientProtocol=http/1.1 ca=8be2538814763f0c
09-08 02:29:10.421 20204 20963 I ChromePhotosDataPlane: origin=real hostClass=network hostHash=fa24434ded0218fe method=GET clientProtocol=http/1.1 upstreamProtocol=h2 status=200 contentType=text/javascript bytesOut=2747 transfer=fixed upstreamHeadersMs=65.381 downstreamWriteMs=1.000
09-08 02:29:10.435 20204 21249 I ChromePhotosDataPlane: origin=real hostClass=network hostHash=fdbc7f1491a89ee6 method=GET clientProtocol=http/1.1 upstreamProtocol=h2 status=200 contentType=image/webp bytesIn=7148 bytesOut=7148 cache=miss decision=safe reason=model_allow source=engine probability=0.009210944 basis=None decodeMs=5.839 inferenceMs=144.646 inferenceQueueMs=170.488 localDecisionMs=321.764  bodyAdmissionMs=279.911 bodyReadMs=0.139 hashMs=0.225 requestToDeliveryMs=865.424 upstreamHeadersMs=258.989 sanitizeMs=603.513 downstreamWriteMs=0.879
09-08 02:29:10.468 20204 21375 I ChromePhotosDataPlane: phase=tls_certificate correlationId=c151 tlsCacheHit=false tlsCacheWaitMs=0.017 tlsCreationMs=42.688
09-08 02:29:10.468 20204 21375 I ChromePhotosDataPlane: phase=tls_material correlationId=c151 tlsMaterialMs=43.116
09-08 02:29:10.473 20204 21398 I ChromePhotosDataPlane: phase=worker_ready correlationId=c153 admissionWaitMs=2.345
09-08 02:29:10.474 20204 20838 I ChromePhotosDataPlane: origin=real hostClass=network hostHash=191347bfe55d0ca9 method=POST clientProtocol=http/1.1 upstreamProtocol=h2 status=200 contentType=text/html bytesOut=0 transfer=fixed upstreamHeadersMs=66.618 downstreamWriteMs=0.699
09-08 02:29:10.481 20204 21404 I ChromePhotosDataPlane: origin=real hostClass=network hostHash=191347bfe55d0ca9 method=POST clientProtocol=http/1.1 upstreamProtocol=h2 status=200 contentType=text/plain bytesOut=0 transfer=fixed upstreamHeadersMs=55.334 downstreamWriteMs=0.535
09-08 02:29:10.488 20204 21398 I ChromePhotosDataPlane: phase=tls_certificate correlationId=c153 tlsCacheHit=true tlsCacheWaitMs=0.035 tlsCreationMs=0.000
09-08 02:29:10.489 20204 21398 I ChromePhotosDataPlane: phase=tls_material correlationId=c153 tlsMaterialMs=1.117
09-08 02:29:10.500 20204 21375 I ChromePhotosDataPlane: phase=tls_ready correlationId=c151 hostClass=network hostHash=07caf1d8d64e8f89 clientProtocol=http/1.1 ca=8be2538814763f0c
09-08 02:29:10.511 20204 21398 I ChromePhotosDataPlane: phase=tls_ready correlationId=c153 hostClass=network hostHash=505bd18b6650e44b clientProtocol=http/1.1 ca=8be2538814763f0c
09-08 02:29:10.554 20204 20983 I ChromePhotosDataPlane: phase=worker_ready correlationId=c154 admissionWaitMs=0.438
09-08 02:29:10.573 20204 20983 I ChromePhotosDataPlane: phase=tls_certificate correlationId=c154 tlsCacheHit=true tlsCacheWaitMs=0.025 tlsCreationMs=0.000
09-08 02:29:10.573 20204 20983 I ChromePhotosDataPlane: phase=tls_material correlationId=c154 tlsMaterialMs=0.911
09-08 02:29:10.575 20204 21133 I ChromePhotosDataPlane: phase=worker_ready correlationId=c155 admissionWaitMs=0.511
09-08 02:29:10.585 20204 20983 I ChromePhotosDataPlane: phase=tls_ready correlationId=c154 hostClass=network hostHash=7ffe8698ca81d914 clientProtocol=http/1.1 ca=8be2538814763f0c
09-08 02:29:10.660 20204 21133 I ChromePhotosDataPlane: phase=tls_certificate correlationId=c155 tlsCacheHit=false tlsCacheWaitMs=0.032 tlsCreationMs=38.085
09-08 02:29:10.661 20204 21133 I ChromePhotosDataPlane: phase=tls_material correlationId=c155 tlsMaterialMs=38.708
09-08 02:29:10.667 20204 21133 I ChromePhotosDataPlane: phase=tls_ready correlationId=c155 hostClass=network hostHash=0cb87e7c434c3594 clientProtocol=http/1.1 ca=8be2538814763f0c
09-08 02:29:10.668 20204 21031 I ChromePhotosDataPlane: phase=worker_ready correlationId=c156 admissionWaitMs=0.839
09-08 02:29:10.668 20204 21242 I ChromePhotosDataPlane: origin=real hostClass=network hostHash=f58aed0f48e58f0c method=POST clientProtocol=http/1.1 upstreamProtocol=h2 status=204 contentType= bytesOut=0 transfer=fixed upstreamHeadersMs=194.066 downstreamWriteMs=0.588
09-08 02:29:10.679 20204 21031 I ChromePhotosDataPlane: phase=tls_certificate correlationId=c156 tlsCacheHit=true tlsCacheWaitMs=0.031 tlsCreationMs=0.000
09-08 02:29:10.679 20204 21031 I ChromePhotosDataPlane: phase=tls_material correlationId=c156 tlsMaterialMs=0.864
09-08 02:29:10.699 20204 21031 I ChromePhotosDataPlane: phase=tls_ready correlationId=c156 hostClass=network hostHash=0cb87e7c434c3594 clientProtocol=http/1.1 ca=8be2538814763f0c
09-08 02:29:10.712 20204 21398 I ChromePhotosDataPlane: origin=real hostClass=network hostHash=505bd18b6650e44b method=POST clientProtocol=http/1.1 upstreamProtocol=h2 status=204 contentType=text/plain bytesOut=0 transfer=fixed upstreamHeadersMs=185.789 downstreamWriteMs=0.629
09-08 02:29:10.748 20204 21060 I ChromePhotosDataPlane: phase=worker_ready correlationId=c157 admissionWaitMs=0.376
09-08 02:29:10.785 20204 21060 I ChromePhotosDataPlane: phase=tls_certificate correlationId=c157 tlsCacheHit=true tlsCacheWaitMs=0.020 tlsCreationMs=0.000
09-08 02:29:10.786 20204 21060 I ChromePhotosDataPlane: phase=tls_material correlationId=c157 tlsMaterialMs=0.672
09-08 02:29:10.799 20204 21060 I ChromePhotosDataPlane: phase=tls_ready correlationId=c157 hostClass=network hostHash=66f6975d8388801b clientProtocol=http/1.1 ca=8be2538814763f0c
09-08 02:29:10.811 20204 21107 I ChromePhotosDataPlane: phase=worker_ready correlationId=c158 admissionWaitMs=0.323
09-08 02:29:10.824 20204 21166 I ChromePhotosDataPlane: origin=real hostClass=network hostHash=f58aed0f48e58f0c method=POST clientProtocol=http/1.1 upstreamProtocol=h2 status=204 contentType= bytesOut=0 transfer=fixed upstreamHeadersMs=242.898 downstreamWriteMs=0.811
09-08 02:29:10.852 20204 21107 I ChromePhotosDataPlane: phase=tls_certificate correlationId=c158 tlsCacheHit=true tlsCacheWaitMs=0.025 tlsCreationMs=0.000
09-08 02:29:10.852 20204 21107 I ChromePhotosDataPlane: phase=tls_material correlationId=c158 tlsMaterialMs=0.667
09-08 02:29:10.862 20204 21107 I ChromePhotosDataPlane: phase=tls_ready correlationId=c158 hostClass=network hostHash=acb222ec7473b00e clientProtocol=http/1.1 ca=8be2538814763f0c
09-08 02:29:10.995 20204 21152 I ChromePhotosDataPlane: phase=worker_ready correlationId=c159 admissionWaitMs=1.038
09-08 02:29:11.021 20204 21026 I ChromePhotosDataPlane: origin=real hostClass=network hostHash=fdbc7f1491a89ee6 method=GET clientProtocol=http/1.1 upstreamProtocol=h2 status=200 contentType=image/webp bytesIn=2878 bytesOut=2878 cache=miss decision=safe reason=model_allow source=engine probability=0.039949685 basis=None decodeMs=13.710 inferenceMs=570.603 inferenceQueueMs=148.995 localDecisionMs=734.625  bodyAdmissionMs=297.720 bodyReadMs=0.162 hashMs=0.366 requestToDeliveryMs=1291.560 upstreamHeadersMs=252.520 sanitizeMs=1034.317 downstreamWriteMs=0.766
09-08 02:29:11.081 20204 21060 I ChromePhotosDataPlane: origin=real hostClass=network hostHash=66f6975d8388801b method=GET clientProtocol=http/1.1 upstreamProtocol=h2 status=403 contentType=application/xml bytesOut=243 transfer=chunked upstreamHeadersMs=266.541 downstreamWriteMs=5.378
09-08 02:29:11.106 20204 21107 I ChromePhotosDataPlane: phase=media_shield_document origin=real hostClass=network hostHash=acb222ec7473b00e result=transformed documentSequence=13 navigationSequence=7 token=7d663ec52f8c bytesOut=112157 upstreamHeadersMs=188.011 documentDecisionMs=50.401 downstreamWriteMs=1.167
09-08 02:29:11.139 20204 21152 I ChromePhotosDataPlane: phase=tls_certificate correlationId=c159 tlsCacheHit=false tlsCacheWaitMs=0.030 tlsCreationMs=36.698
09-08 02:29:11.139 20204 21152 I ChromePhotosDataPlane: phase=tls_material correlationId=c159 tlsMaterialMs=37.185
09-08 02:29:11.155 20204 21152 I ChromePhotosDataPlane: phase=tls_ready correlationId=c159 hostClass=network hostHash=da8bc97003aa38eb clientProtocol=http/1.1 ca=8be2538814763f0c
09-08 02:29:11.219 20204 20974 I ChromePhotosDataPlane: origin=real hostClass=network hostHash=a552b937eecf21c7 method=GET clientProtocol=http/1.1 upstreamProtocol=h2 status=200 contentType=image/png bytesIn=0 bytesOut=704 cache=miss decision=unknown reason=encoded_image_unsupported source=error probability=-1.0 basis=none decodeMs=0.000 inferenceMs=0.000 inferenceQueueMs=0.000 localDecisionMs=0.000   requestToDeliveryMs=247.463 upstreamHeadersMs=245.718 sanitizeMs=0.117 downstreamWriteMs=0.494
09-08 02:29:11.419 20204 21152 I ChromePhotosDataPlane: phase=media_shield_document origin=real hostClass=network hostHash=da8bc97003aa38eb result=transformed documentSequence=14 navigationSequence=7 token=7966f624adca bytesOut=119507 upstreamHeadersMs=166.927 documentDecisionMs=87.133 downstreamWriteMs=3.738
09-08 02:29:11.568 20204 21133 I ChromePhotosDataPlane: origin=real hostClass=network hostHash=0cb87e7c434c3594 method=GET clientProtocol=http/1.1 upstreamProtocol=h2 status=200 contentType=application/xml bytesOut=86 transfer=fixed upstreamHeadersMs=890.793 downstreamWriteMs=0.982
09-08 02:29:11.612 20204 20989 I ChromePhotosDataPlane: origin=real hostClass=network hostHash=fdbc7f1491a89ee6 method=GET clientProtocol=http/1.1 upstreamProtocol=h2 status=200 contentType=image/webp bytesIn=1952 bytesOut=1952 cache=miss decision=safe reason=model_allow source=engine probability=0.031541497 basis=None decodeMs=8.345 inferenceMs=574.277 inferenceQueueMs=583.324 localDecisionMs=1167.165  bodyAdmissionMs=293.314 bodyReadMs=0.157 hashMs=0.391 requestToDeliveryMs=1741.484 upstreamHeadersMs=267.256 sanitizeMs=1462.272 downstreamWriteMs=1.317
09-08 02:29:11.687 20204 21166 I ChromePhotosDataPlane: origin=real hostClass=network hostHash=f58aed0f48e58f0c method=POST clientProtocol=http/1.1 upstreamProtocol=h2 status=204 contentType= bytesOut=0 transfer=fixed upstreamHeadersMs=183.242 downstreamWriteMs=0.775
09-08 02:29:11.965 20204 20932 I ChromePhotosDataPlane: phase=worker_ready correlationId=c160 admissionWaitMs=0.345
09-08 02:29:12.076 20204 20932 I ChromePhotosDataPlane: phase=tls_certificate correlationId=c160 tlsCacheHit=false tlsCacheWaitMs=0.021 tlsCreationMs=72.619
09-08 02:29:12.076 20204 20932 I ChromePhotosDataPlane: phase=tls_material correlationId=c160 tlsMaterialMs=73.635
09-08 02:29:12.104 20204 20932 I ChromePhotosDataPlane: phase=tls_ready correlationId=c160 hostClass=network hostHash=2e2e8e2b4eb0d095 clientProtocol=http/1.1 ca=8be2538814763f0c
09-08 02:29:12.133 20204 21098 I ChromePhotosDataPlane: phase=worker_ready correlationId=c161 admissionWaitMs=0.389
09-08 02:29:12.207 20204 21062 I ChromePhotosDataPlane: origin=real hostClass=network hostHash=191347bfe55d0ca9 method=GET clientProtocol=http/1.1 upstreamProtocol=h2 status=200 contentType=image/png bytesIn=42 bytesOut=704 cache=miss decision=unknown reason=unsupported_gif source=error probability=-1.0 basis=none decodeMs=0.000 inferenceMs=0.000 inferenceQueueMs=0.000 localDecisionMs=0.000  bodyAdmissionMs=1647.892 bodyReadMs=0.218 requestToDeliveryMs=1911.138 upstreamHeadersMs=260.167 sanitizeMs=1648.734 downstreamWriteMs=0.661
09-08 02:29:12.207 20204 20933 I ChromePhotosDataPlane: origin=real hostClass=network hostHash=fdbc7f1491a89ee6 method=GET clientProtocol=http/1.1 upstreamProtocol=h2 status=200 contentType=image/webp bytesIn=1754 bytesOut=1754 cache=miss decision=safe reason=model_allow source=engine probability=0.11835408 basis=None decodeMs=8.191 inferenceMs=594.175 inferenceQueueMs=580.878 localDecisionMs=1184.327  bodyAdmissionMs=712.676 bodyReadMs=0.258 hashMs=0.347 requestToDeliveryMs=2185.525 upstreamHeadersMs=282.670 sanitizeMs=1898.556 downstreamWriteMs=0.798
09-08 02:29:12.237 20204 21098 I ChromePhotosDataPlane: phase=tls_certificate correlationId=c161 tlsCacheHit=false tlsCacheWaitMs=0.014 tlsCreationMs=42.109
09-08 02:29:12.237 20204 21098 I ChromePhotosDataPlane: phase=tls_material correlationId=c161 tlsMaterialMs=42.524
09-08 02:29:12.239 20204 21018 I ChromePhotosDataPlane: phase=worker_ready correlationId=c162 admissionWaitMs=0.448
09-08 02:29:12.257 20204 21018 I ChromePhotosDataPlane: phase=tls_certificate correlationId=c162 tlsCacheHit=true tlsCacheWaitMs=0.021 tlsCreationMs=0.000
09-08 02:29:12.257 20204 21018 I ChromePhotosDataPlane: phase=tls_material correlationId=c162 tlsMaterialMs=0.501
09-08 02:29:12.261 20204 21010 I ChromePhotosDataPlane: phase=worker_ready correlationId=c163 admissionWaitMs=0.529
09-08 02:29:12.272 20204 21010 I ChromePhotosDataPlane: phase=tls_certificate correlationId=c163 tlsCacheHit=true tlsCacheWaitMs=0.019 tlsCreationMs=0.000
09-08 02:29:12.272 20204 21010 I ChromePhotosDataPlane: phase=tls_material correlationId=c163 tlsMaterialMs=0.526
09-08 02:29:12.276 20204 21018 I ChromePhotosDataPlane: phase=tls_ready correlationId=c162 hostClass=network hostHash=191347bfe55d0ca9 clientProtocol=http/1.1 ca=8be2538814763f0c
09-08 02:29:12.292 20204 21010 I ChromePhotosDataPlane: phase=tls_ready correlationId=c163 hostClass=network hostHash=7ffe8698ca81d914 clientProtocol=http/1.1 ca=8be2538814763f0c
09-08 02:29:12.294 20204 21098 I ChromePhotosDataPlane: phase=tls_ready correlationId=c161 hostClass=network hostHash=935e0b482f6ac80a clientProtocol=http/1.1 ca=8be2538814763f0c
09-08 02:29:12.309 20204 21165 I ChromePhotosDataPlane: phase=worker_ready correlationId=c164 admissionWaitMs=0.321
09-08 02:29:12.313 20204 21012 I ChromePhotosDataPlane: phase=worker_ready correlationId=c165 admissionWaitMs=0.414
09-08 02:29:12.335 20204 21012 I ChromePhotosDataPlane: phase=tls_certificate correlationId=c165 tlsCacheHit=true tlsCacheWaitMs=0.023 tlsCreationMs=0.000
09-08 02:29:12.336 20204 21012 I ChromePhotosDataPlane: phase=tls_material correlationId=c165 tlsMaterialMs=0.505
09-08 02:29:12.344 20204 21165 I ChromePhotosDataPlane: phase=tls_certificate correlationId=c164 tlsCacheHit=true tlsCacheWaitMs=0.020 tlsCreationMs=0.000
09-08 02:29:12.344 20204 21165 I ChromePhotosDataPlane: phase=tls_material correlationId=c164 tlsMaterialMs=0.504
09-08 02:29:12.361 20204 21170 I ChromePhotosDataPlane: phase=worker_ready correlationId=c166 admissionWaitMs=0.244
09-08 02:29:12.365 20204 21005 I ChromePhotosDataPlane: phase=worker_ready correlationId=c167 admissionWaitMs=0.823
09-08 02:29:12.368 20204 21170 I ChromePhotosDataPlane: phase=tls_certificate correlationId=c166 tlsCacheHit=true tlsCacheWaitMs=0.011 tlsCreationMs=0.000
09-08 02:29:12.368 20204 21170 I ChromePhotosDataPlane: phase=tls_material correlationId=c166 tlsMaterialMs=0.258
09-08 02:29:12.372 20204 21012 I ChromePhotosDataPlane: phase=tls_ready correlationId=c165 hostClass=network hostHash=191347bfe55d0ca9 clientProtocol=http/1.1 ca=8be2538814763f0c
09-08 02:29:12.375 20204 21165 I ChromePhotosDataPlane: phase=tls_ready correlationId=c164 hostClass=network hostHash=191347bfe55d0ca9 clientProtocol=http/1.1 ca=8be2538814763f0c
09-08 02:29:12.382 20204 21005 I ChromePhotosDataPlane: phase=tls_certificate correlationId=c167 tlsCacheHit=true tlsCacheWaitMs=0.010 tlsCreationMs=0.000
09-08 02:29:12.382 20204 21005 I ChromePhotosDataPlane: phase=tls_material correlationId=c167 tlsMaterialMs=0.241
09-08 02:29:12.382 20204 21170 I ChromePhotosDataPlane: phase=tls_ready correlationId=c166 hostClass=network hostHash=7ffe8698ca81d914 clientProtocol=http/1.1 ca=8be2538814763f0c
09-08 02:29:12.392 20204 21005 I ChromePhotosDataPlane: phase=tls_ready correlationId=c167 hostClass=network hostHash=7ffe8698ca81d914 clientProtocol=http/1.1 ca=8be2538814763f0c
09-08 02:29:12.396 20204 21092 I ChromePhotosDataPlane: phase=worker_ready correlationId=c168 admissionWaitMs=0.337
09-08 02:29:12.405 20204 21092 I ChromePhotosDataPlane: phase=tls_certificate correlationId=c168 tlsCacheHit=true tlsCacheWaitMs=0.014 tlsCreationMs=0.000
09-08 02:29:12.405 20204 21092 I ChromePhotosDataPlane: phase=tls_material correlationId=c168 tlsMaterialMs=0.377
09-08 02:29:12.416 20204 21092 I ChromePhotosDataPlane: phase=tls_ready correlationId=c168 hostClass=network hostHash=7ffe8698ca81d914 clientProtocol=http/1.1 ca=8be2538814763f0c
09-08 02:29:12.724 20204 21098 I ChromePhotosDataPlane: origin=real hostClass=network hostHash=935e0b482f6ac80a method=GET clientProtocol=http/1.1 upstreamProtocol=h2 status=200 contentType=application/javascript bytesOut=874 transfer=chunked upstreamHeadersMs=314.938 downstreamWriteMs=3.218
09-08 02:29:12.774 20204 21295 I ChromePhotosDataPlane: origin=real hostClass=network hostHash=fdbc7f1491a89ee6 method=GET clientProtocol=http/1.1 upstreamProtocol=h2 status=200 contentType=image/webp bytesIn=2190 bytesOut=2190 cache=miss decision=safe reason=model_allow source=engine probability=0.03790164 basis=None decodeMs=8.928 inferenceMs=554.351 inferenceQueueMs=593.628 localDecisionMs=1158.405  bodyAdmissionMs=1135.699 bodyReadMs=0.329 hashMs=0.911 requestToDeliveryMs=2618.548 upstreamHeadersMs=315.303 sanitizeMs=2298.261 downstreamWriteMs=1.808
09-08 02:29:13.321 20204 21097 I ChromePhotosDataPlane: origin=real hostClass=network hostHash=fdbc7f1491a89ee6 method=GET clientProtocol=http/1.1 upstreamProtocol=h2 status=200 contentType=image/webp bytesIn=2028 bytesOut=2028 cache=miss decision=safe reason=model_allow source=engine probability=0.03386417 basis=None decodeMs=7.710 inferenceMs=542.224 inferenceQueueMs=560.636 localDecisionMs=1111.388  bodyAdmissionMs=1571.657 bodyReadMs=0.215 hashMs=0.272 requestToDeliveryMs=2990.973 upstreamHeadersMs=303.455 sanitizeMs=2684.728 downstreamWriteMs=0.787
09-08 02:29:13.321 20204 20983 I ChromePhotosDataPlane: origin=real hostClass=network hostHash=7ffe8698ca81d914 method=GET clientProtocol=http/1.1 upstreamProtocol=h2 status=200 contentType=image/png bytesIn=42 bytesOut=704 cache=miss decision=unknown reason=unsupported_gif source=error probability=-1.0 basis=none decodeMs=0.000 inferenceMs=0.000 inferenceQueueMs=0.000 localDecisionMs=0.000  bodyAdmissionMs=2522.662 bodyReadMs=0.168 requestToDeliveryMs=2731.923 upstreamHeadersMs=204.578 sanitizeMs=2523.336 downstreamWriteMs=0.568
09-08 02:29:13.375 20204 20204 I ChromePhotosDataPlane: phase=status statusSequence=4 lifecycle=PresentationReady active=true ready=true connections=168 requests=679 safe=65 blocked=8 unknown=21 passthrough=525 cacheHits=25 cacheMisses=62 failures=3 clientDisconnects=0 bytesIn=51881479 bytesOut=44036381 streamed=103 proxyQueueRejects=0 proxyActivePeak=53 proxyP50Ms=2.330 proxyP95Ms=1682.853 proxyP99Ms=2847.160 upstreamSockets=124 protectSuccess=124 protectFailure=0 web11a=not_run web11b=not_run modelLoadMs=306.189 engineCalls=52 dedupeHits=0 decisionCacheConfig=64 decisionConcurrencyConfig=1 decisionQueueConfig=2 decisionTimeoutMs=5000 engineCallsPerRequest=0.6666666666666666 inferencePeak=1 inFlightPeak=2 queuePeak=1 queueRejects=0 timeouts=0 inferenceP50Ms=139.466718 inferenceP95Ms=574.277292 inferenceP99Ms=594.17526 decisionP50Ms=274.196302 decisionP95Ms=1150.45875 decisionP99Ms=1184.327187 cacheHitP50Ms=0.091146 cacheHitP95Ms=0.245625 cacheEntries=51 cacheEvictions=0 preprocessP50Ms=12.934062 preprocessP95Ms=89.661354 preprocessP99Ms=143.864791 preparedCount1=37 preparedCount4=11 preparedCount5=2 preparedCountOther=1 decisionBasis=FullThreshold:7,None:42,Other:1,UncertainRegional:1 imageCandidates=113 imagePrefixPeeks=17 imageMagicCandidates=0 imageBodyAdmissionPeak=2 imageBodyAdmissionRejects=0 networkVisualCandidates=111 networkVisualReplaced=0 networkVisualRawDelivered=0 networkVisualSafeRawDelivered=65 networkVisualBlockedReplaced=8 networkVisualUnknownReplaced=0 networkVisualUnsupportedReplaced=20 networkVisualRawBlockedDelivered=0 networkVisualRawUnknownDelivered=0 networkVisualCacheHit=25 networkVisualInference=51 mediaDocumentsTransformed=14 mediaDocumentsFailClosed=3 documentTransformOutstanding=0 readyTokensOutstanding=14 uiSvgRegistered=1 uiSvgRegistryBytes=134 uiSvgCssRewritten=1 uiSvgCssRejected=0 uiSvgNetworkAccepted=11 uiSvgNetworkRejected=1 uiSvgAssetServed=3 uiSvgAssetRejected=0 h18=REPORT=not_run,EVENT_SEQUENCE=0,COMPAT_DOCS=0,STRICT_DOCS=0,STYLE_REQ=0,SCRIPT_REQ=0,DATA_REQ=0,NETWORK_REQ=0,REPORTS=0,LAST_DOC=none,NETWORK_SHA=ee17e3f62edde61823ce35732ea168f4f5986bff347ccfac063eca7f4009ee1b,AUDIT_SHA=74d4467bbf6833db4eeab998495b7dfc50db3b1f04f407704b839ad3f4b25582 h19=REPORT=not_run,DOCUMENTS=0,FRAMES=0,SCRIPTS=0,FIRST_ORIGINAL_SCRIPTS=0,STYLES=0,WORKERS=0,SERVICE_WORKERS=0,FRAME_REPORTS=0,FRAME_REPORT_REJECTS=0,FRAME_REPORT=not_run,FRAME_REPORT_SHA=not_run,FRAME_CHALLENGE_SHA=not_run,FRAME_GENERATION=0,FRAME_ACCEPTED_CHALLENGE_SHA=not_run,FRAME_REPORT_BINDING_SHA=not_run,SAME_URL_BODIES=0,REPORTS=0,SW_BOUNDARY={INSTALL_DOCS=0,WORKER_SCRIPTS=0,WORKER_PROBE_SCRIPTS=0,PROBE_DOCS=0,CLEANUP_DOCS=0,REPORTS_ACCEPTED=0,REPORTS_REJECTED=0,CONTROLLER_PRESENT=0,CONTROLLER_MISSING=0,NAV_FETCHES=0,SELF_READY_FETCHES=0,SELF_READY_PASS_THROUGH=0,SELF_READY_SYNTHETIC=0,NAV_SYNTHETIC=0,RESET_BASELINE_CLEAN=0,RESET_BASELINE_DIRTY=0,REGISTER_BLOCKED=0,REGISTER_SUCCEEDED=0,WORKER_REGISTER_BLOCKED=0,WORKER_REGISTER_SUCCEEDED=0,WORKER_REGISTER_UNSUPPORTED=0,WORKER_REGISTER_ERROR=0,LAST_CASE=none,LAST_EVENT=none,LAST_VALUE=none},UI_SVG={INLINE_ORIGINAL:PASS,INLINE_CLICK:PASS,SPRITE_ORIGINAL:PASS,UNSAFE_SPRITE_FAIL_CLOSED:PASS,AMBIGUOUS_REFERENCE_FAIL_CLOSED:PASS,STATIC_CSS:PASS,EXTERNAL_CSS:PASS,STYLE_ATTRIBUTE:PASS,DATA_IMAGE:PASS,FAVICON:PASS,PROTECTED_HEAD_RETENTION:PASS,NETWORK_SVG:PASS,UNSAFE_NETWORK_FAIL_CLOSED:PASS,DYNAMIC_CSS:PASS,RASTER_FAIL_CLOSED:PASS,UNSAFE_INLINE_FAIL_CLOSED:PASS} quicAttempts=0 directTcpAttempts=0 bootstrapResetGeneration=2 bootstrapCompleteGeneration=2 bootstrapResetCount=3 chromeSuspended=false guardSession=534 guardHeartbeatSequence=341 audit17State=0 audit17Navigation=0 audit17Events=105 audit17Dropped=0
09-08 02:29:13.375 20204 20204 I ChromeMediaShieldStatus: v=1 seq=4 kind=network mode=selective candidates=111 replaced=0 rawDelivered=0 safeRaw=65 blockedReplaced=8 unknownReplaced=0 unsupportedReplaced=20 rawBlocked=0 rawUnknown=0 cacheHit=25 decisionEngine=51 engineCalls=52
09-08 02:29:13.375 20204 20204 I ChromeMediaShieldStatus: v=1 seq=4 kind=document transformed=14 failClosed=3 outstanding=0 issued=14 claims=7 documentSequence=11 navigationSequence=7 readyRequests=21 readyPreflights=0 readyAccepted=7 readyRejected=0 parserBarrierRequests=0 parserBarrierReady=0 parserBarrierFailClosed=0 selfShield=true selfReadyRequests=7 selfReadyAccepted=7 selfReadyRejected=0 selfReadyRejectReason=none selfShieldReleaseCompleted=7 selfShieldParserContinued=7 selfShieldOriginalScriptStarted=0 selfShieldTraceRejected=0 selfShieldTraceOutstanding=5 bootstrapDiagnosticAccepted=0 bootstrapDiagnosticRejected=0 bootstrapDiagnosticRejectReason=none bootstrapDiagnosticStage=none bootstrapDiagnosticReason=none bootstrapDiagnosticOutstanding=0
09-08 02:29:13.375 20204 20204 I ChromeMediaShieldStatus: v=1 seq=4 kind=renderer reports=0 rejected=0 globalCallbacks=0 globalRecords=0 childRecords=0 attributeRecords=0 maxRecords=0 scanCalls=0 scanRoot=0 scanNodes=0 maxScanNodes=0 scanMicros=0 maxScanMicros=0 observerChildScans=0 observerAttributeScans=0 guardedScans=0 markupScans=0 shadowScans=0 initialScans=0 otherScans=0 sanitizeElement=0 sanitizeContainer=0 img=0 source=0 svg=0 iframe=0 canvas=0 video=0 safeIcon=0 lockIcon=0 geometryWrites=0 svgRecords=0 shadowRoots=0 shadowObservers=0 shadowCallbacks=0 shadowRecords=0 shadowScanCalls=0 ensureStyle=0 ensureCurtain=0 internalMutations=0
09-08 02:29:13.375 20204 20204 I ChromeMediaShieldStatus: v=1 seq=4 kind=rendererApis callScan=createElement=0/0 createElementNS=0/0 appendChild=0/0 insertBefore=0/0 replaceChild=0/0 append=0/0 prepend=0/0 replaceChildren=0/0 before=0/0 after=0/0 replaceWith=0/0 adjacentElement=0/0 moveBefore=0/0 rangeInsert=0/0 rangeSurround=0/0 adoptNode=0/0 cloneNode=0/0 importNode=0/0 safeMarkup=0/0 innerHTML=0/0 outerHTML=0/0 insertAdjacentHTML=0/0 setHTML=0/0 shadowInnerHTML=0/0 execCommandInsertHTML=0/0 mappedTextContent=0/0
09-08 02:29:13.376 20204 20204 I ChromeMediaShieldStatus: v=1 seq=4 kind=rendererFamilies roots=element/fragment/text/other factory:calls=0,scans=0,direct=0,roots=0/0/0/0,nodes=0,micros=0,maxMicros=0 domGuard:calls=0,scans=0,direct=0,roots=0/0/0/0,nodes=0,micros=0,maxMicros=0 markup:calls=0,scans=0,direct=0,roots=0/0/0/0,nodes=0,micros=0,maxMicros=0
09-08 02:29:13.376 20204 20204 I ChromeMediaShieldStatus: v=1 seq=4 kind=uiSvg registered=1 registryBytes=134 cssRewritten=1 cssRejected=0 networkAccepted=11 networkRejected=1 assetServed=3 assetRejected=0
09-08 02:29:13.376 20204 20204 I ChromeMediaShieldStatus: v=1 seq=4 kind=health failures=3 clientDisconnects=0 proxyQueueRejects=0 protectFailure=0 quicAttempts=0 directTcpAttempts=0 active=true ready=true
09-08 02:29:13.376 20204 20204 I ChromeMediaShieldStatus: v=1 seq=4 kind=fixture report=REPORT=not_run,DOCUMENTS=0,FRAMES=0,SCRIPTS=0,FIRST_ORIGINAL_SCRIPTS=0,STYLES=0,WORKERS=0,SERVICE_WORKERS=0,FRAME_REPORTS=0,FRAME_REPORT_REJECTS=0,FRAME_REPORT=not_run,FRAME_REPORT_SHA=not_run,FRAME_CHALLENGE_SHA=not_run,FRAME_GENERATION=0,FRAME_ACCEPTED_CHALLENGE_SHA=not_run,FRAME_REPORT_BINDING_SHA=not_run,SAME_URL_BODIES=0,REPORTS=0,SW_BOUNDARY={INSTALL_DOCS=0,WORKER_SCRIPTS=0,WORKER_PROBE_SCRIPTS=0,PROBE_DOCS=0,CLEANUP_DOCS=0,REPORTS_ACCEPTED=0,REPORTS_REJECTED=0,CONTROLLER_PRESENT=0,CONTROLLER_MISSING=0,NAV_FETCHES=0,SELF_READY_FETCHES=0,SELF_READY_PASS_THROUGH=0,SELF_READY_SYNTHETIC=0,NAV_SYNTHETIC=0,RESET_BASELINE_CLEAN=0,RESET_BASELINE_DIRTY=0,REGISTER_BLOCKED=0,REGISTER_SUCCEEDED=0,WORKER_REGISTER_BLOCKED=0,WORKER_REGISTER_SUCCEEDED=0,WORKER_REGISTER_UNSUPPORTED=0,WORKER_REGISTER_ERROR=0,LAST_CASE=none,LAST_EVENT=none,LAST_VALUE=none},UI_SVG={INLINE_ORIGINAL:PASS,INLINE_CLICK:PASS,SPRITE_ORIGINAL:PASS,UNSAFE_SPRITE_FAIL_CLOSED:PASS,AMBIGUOUS_REFERENCE_FAIL_CLOSED:PASS,STATIC_CSS:PASS,EXTERNAL_CSS:PASS,STYLE_ATTRIBUTE:PASS,DATA_IMAGE:PASS,FAVICON:PASS,PROTECTED_HEAD_RETENTION:PASS,NETWORK_SVG:PASS,UNSAFE_NETWORK_FAIL_CLOSED:PASS,DYNAMIC_CSS:PASS,RASTER_FAIL_CLOSED:PASS,UNSAFE_INLINE_FAIL_CLOSED:PASS}
09-08 02:29:13.471 20204 21249 I ChromePhotosDataPlane: origin=real hostClass=network hostHash=fdbc7f1491a89ee6 method=GET clientProtocol=http/1.1 upstreamProtocol=h2 status=200 contentType=image/webp bytesIn=6380 bytesOut=6380 cache=miss decision=safe reason=model_allow source=engine probability=0.07566276 basis=None decodeMs=4.319 inferenceMs=140.039 inferenceQueueMs=541.902 localDecisionMs=686.924  bodyAdmissionMs=1973.886 bodyReadMs=0.281 hashMs=0.839 requestToDeliveryMs=2977.827 upstreamHeadersMs=301.205 sanitizeMs=2668.407 downstreamWriteMs=3.052
09-08 02:29:13.473 20204 21031 I ChromePhotosDataPlane: origin=real hostClass=network hostHash=0cb87e7c434c3594 method=GET clientProtocol=http/1.1 upstreamProtocol=h2 status=200 contentType=image/png bytesIn=42 bytesOut=704 cache=miss decision=unknown reason=unsupported_gif source=error probability=-1.0 basis=none decodeMs=0.000 inferenceMs=0.000 inferenceQueueMs=0.000 localDecisionMs=0.000  bodyAdmissionMs=1899.596 bodyReadMs=0.417 requestToDeliveryMs=2772.503 upstreamHeadersMs=866.398 sanitizeMs=1901.552 downstreamWriteMs=1.778
09-08 02:29:13.476 20204 21375 I ChromePhotosDataPlane: origin=real hostClass=network hostHash=07caf1d8d64e8f89 method=GET clientProtocol=http/1.1 upstreamProtocol=h2 status=200 contentType=image/png bytesIn=43 bytesOut=704 cache=miss decision=unknown reason=unsupported_gif source=error probability=-1.0 basis=none decodeMs=0.000 inferenceMs=0.000 inferenceQueueMs=0.000 localDecisionMs=0.000  bodyAdmissionMs=2007.280 bodyReadMs=0.382 requestToDeliveryMs=2963.754 upstreamHeadersMs=939.195 sanitizeMs=2009.041 downstreamWriteMs=2.917
09-08 02:29:13.610 20204 20868 I ChromePhotosDataPlane: origin=real hostClass=network hostHash=e2ccecf673591338 method=GET clientProtocol=http/1.1 upstreamProtocol=h2 status=200 contentType=image/png bytesIn=43 bytesOut=704 cache=miss decision=unknown reason=unsupported_gif source=error probability=-1.0 basis=none decodeMs=0.000 inferenceMs=0.000 inferenceQueueMs=0.000 localDecisionMs=0.000  bodyAdmissionMs=1261.583 bodyReadMs=0.300 requestToDeliveryMs=1590.364 upstreamHeadersMs=322.758 sanitizeMs=1263.163 downstreamWriteMs=1.272
09-08 02:29:13.610 20204 21058 I ChromePhotosDataPlane: origin=real hostClass=network hostHash=d8ecf352ffa86f18 method=GET clientProtocol=http/1.1 upstreamProtocol=h2 status=200 contentType=image/png bytesIn=43 bytesOut=704 cache=miss decision=unknown reason=unsupported_gif source=error probability=-1.0 basis=none decodeMs=0.000 inferenceMs=0.000 inferenceQueueMs=0.000 localDecisionMs=0.000  bodyAdmissionMs=1171.544 bodyReadMs=0.158 requestToDeliveryMs=1595.478 upstreamHeadersMs=421.214 sanitizeMs=1172.049 downstreamWriteMs=0.407
09-08 02:29:13.611 20204 21062 I ChromePhotosDataPlane: origin=real hostClass=network hostHash=191347bfe55d0ca9 method=GET clientProtocol=http/1.1 upstreamProtocol=h2 status=200 contentType=image/png bytesIn=42 bytesOut=704 cache=miss decision=unknown reason=unsupported_gif source=error probability=-1.0 basis=none decodeMs=0.000 inferenceMs=0.000 inferenceQueueMs=0.000 localDecisionMs=0.000  bodyAdmissionMs=1188.880 bodyReadMs=0.255 requestToDeliveryMs=1270.794 upstreamHeadersMs=76.148 sanitizeMs=1190.369 downstreamWriteMs=1.692
09-08 02:29:13.613 20204 20932 I ChromePhotosDataPlane: origin=real hostClass=network hostHash=2e2e8e2b4eb0d095 method=GET clientProtocol=http/1.1 upstreamProtocol=h2 status=200 contentType=image/png bytesIn=42 bytesOut=704 cache=miss decision=unknown reason=unsupported_gif source=error probability=-1.0 basis=none decodeMs=0.000 inferenceMs=0.000 inferenceQueueMs=0.000 localDecisionMs=0.000  bodyAdmissionMs=1299.064 bodyReadMs=0.356 requestToDeliveryMs=1499.663 upstreamHeadersMs=189.601 sanitizeMs=1300.410 downstreamWriteMs=4.154
09-08 02:29:13.624 20204 21018 I ChromePhotosDataPlane: origin=real hostClass=network hostHash=191347bfe55d0ca9 method=GET clientProtocol=http/1.1 upstreamProtocol=h2 status=200 contentType=image/png bytesIn=42 bytesOut=704 cache=miss decision=unknown reason=unsupported_gif source=error probability=-1.0 basis=none decodeMs=0.000 inferenceMs=0.000 inferenceQueueMs=0.000 localDecisionMs=0.000  bodyAdmissionMs=1154.084 bodyReadMs=0.203 requestToDeliveryMs=1234.132 upstreamHeadersMs=66.124 sanitizeMs=1163.208 downstreamWriteMs=1.231
09-08 02:29:13.626 20204 21010 I ChromePhotosDataPlane: origin=real hostClass=network hostHash=7ffe8698ca81d914 method=GET clientProtocol=http/1.1 upstreamProtocol=h2 status=200 contentType=image/png bytesIn=42 bytesOut=704 cache=miss decision=unknown reason=unsupported_gif source=error probability=-1.0 basis=none decodeMs=0.000 inferenceMs=0.000 inferenceQueueMs=0.000 localDecisionMs=0.000  bodyAdmissionMs=1163.006 bodyReadMs=0.311 requestToDeliveryMs=1244.618 upstreamHeadersMs=75.920 sanitizeMs=1164.402 downstreamWriteMs=1.553
09-08 02:29:13.629 20204 21026 I ChromePhotosDataPlane: origin=real hostClass=network hostHash=fdbc7f1491a89ee6 method=GET clientProtocol=http/1.1 upstreamProtocol=h2 status=200 contentType=image/png bytesIn=7462 bytesOut=7462 cache=miss decision=safe reason=model_allow source=engine probability=0.022609293 basis=None decodeMs=2.882 inferenceMs=136.493 inferenceQueueMs=141.579 localDecisionMs=281.562  bodyAdmissionMs=2088.250 bodyReadMs=0.171 hashMs=0.490 requestToDeliveryMs=2565.348 upstreamHeadersMs=167.674 sanitizeMs=2372.161 downstreamWriteMs=1.483
09-08 02:29:13.753 20204 21012 I ChromePhotosDataPlane: origin=real hostClass=network hostHash=191347bfe55d0ca9 method=GET clientProtocol=http/1.1 upstreamProtocol=h2 status=200 contentType=image/png bytesIn=42 bytesOut=704 cache=miss decision=unknown reason=unsupported_gif source=error probability=-1.0 basis=none decodeMs=0.000 inferenceMs=0.000 inferenceQueueMs=0.000 localDecisionMs=0.000  bodyAdmissionMs=1272.544 bodyReadMs=0.241 requestToDeliveryMs=1348.633 upstreamHeadersMs=69.263 sanitizeMs=1273.516 downstreamWriteMs=0.797
09-08 02:29:13.755 20204 21092 I ChromePhotosDataPlane: origin=real hostClass=network hostHash=7ffe8698ca81d914 method=GET clientProtocol=http/1.1 upstreamProtocol=h2 status=200 contentType=image/png bytesIn=42 bytesOut=704 cache=miss decision=unknown reason=unsupported_gif source=error probability=-1.0 basis=none decodeMs=0.000 inferenceMs=0.000 inferenceQueueMs=0.000 localDecisionMs=0.000  bodyAdmissionMs=1263.081 bodyReadMs=0.207 requestToDeliveryMs=1334.743 upstreamHeadersMs=67.000 sanitizeMs=1264.170 downstreamWriteMs=0.984
09-08 02:29:13.757 20204 21005 I ChromePhotosDataPlane: origin=real hostClass=network hostHash=7ffe8698ca81d914 method=GET clientProtocol=http/1.1 upstreamProtocol=h2 status=200 contentType=image/png bytesIn=42 bytesOut=704 cache=miss decision=unknown reason=unsupported_gif source=error probability=-1.0 basis=none decodeMs=0.000 inferenceMs=0.000 inferenceQueueMs=0.000 localDecisionMs=0.000  bodyAdmissionMs=1238.745 bodyReadMs=0.314 requestToDeliveryMs=1335.260 upstreamHeadersMs=91.383 sanitizeMs=1240.096 downstreamWriteMs=1.068
09-08 02:29:13.758 20204 20989 I ChromePhotosDataPlane: origin=real hostClass=network hostHash=fdbc7f1491a89ee6 method=GET clientProtocol=http/1.1 upstreamProtocol=h2 status=200 contentType=image/png bytesIn=25318 bytesOut=25318 cache=miss decision=safe reason=model_allow source=engine probability=0.02602917 basis=None decodeMs=4.020 inferenceMs=138.522 inferenceQueueMs=112.001 localDecisionMs=255.278  bodyAdmissionMs=1641.084 bodyReadMs=0.696 hashMs=1.108 requestToDeliveryMs=2105.522 upstreamHeadersMs=173.354 sanitizeMs=1918.839 downstreamWriteMs=1.259
09-08 02:29:13.759 20204 21170 I ChromePhotosDataPlane: origin=real hostClass=network hostHash=7ffe8698ca81d914 method=GET clientProtocol=http/1.1 upstreamProtocol=h2 status=200 contentType=image/png bytesIn=42 bytesOut=704 cache=miss decision=unknown reason=unsupported_gif source=error probability=-1.0 basis=none decodeMs=0.000 inferenceMs=0.000 inferenceQueueMs=0.000 localDecisionMs=0.000  bodyAdmissionMs=1269.241 bodyReadMs=0.234 requestToDeliveryMs=1342.333 upstreamHeadersMs=63.024 sanitizeMs=1270.559 downstreamWriteMs=1.050
09-08 02:29:13.768 20204 21165 I ChromePhotosDataPlane: origin=real hostClass=network hostHash=191347bfe55d0ca9 method=GET clientProtocol=http/1.1 upstreamProtocol=h2 status=200 contentType=image/png bytesIn=42 bytesOut=704 cache=miss decision=unknown reason=unsupported_gif source=error probability=-1.0 basis=none decodeMs=0.000 inferenceMs=0.000 inferenceQueueMs=0.000 localDecisionMs=0.000  bodyAdmissionMs=1273.653 bodyReadMs=0.325 requestToDeliveryMs=1357.846 upstreamHeadersMs=63.760 sanitizeMs=1274.823 downstreamWriteMs=17.068
09-08 02:29:14.305 20204 20933 I ChromePhotosDataPlane: origin=real hostClass=network hostHash=fdbc7f1491a89ee6 method=GET clientProtocol=http/1.1 upstreamProtocol=h2 status=200 contentType=image/webp bytesIn=24630 bytesOut=24630 cache=miss decision=safe reason=model_allow source=engine probability=0.24903974 basis=None decodeMs=16.455 inferenceMs=534.776 inferenceQueueMs=103.506 localDecisionMs=656.032  bodyAdmissionMs=1148.524 bodyReadMs=0.797 hashMs=0.790 requestToDeliveryMs=2008.099 upstreamHeadersMs=175.871 sanitizeMs=1824.684 downstreamWriteMs=2.470
09-08 02:29:14.857 20204 21295 I ChromePhotosDataPlane: origin=real hostClass=network hostHash=fdbc7f1491a89ee6 method=GET clientProtocol=http/1.1 upstreamProtocol=h2 status=200 contentType=image/webp bytesIn=38268 bytesOut=38268 cache=miss decision=safe reason=model_allow source=engine probability=0.10734418 basis=None decodeMs=18.117 inferenceMs=532.140 inferenceQueueMs=516.812 localDecisionMs=1068.048  bodyAdmissionMs=744.049 bodyReadMs=1.282 hashMs=0.463 requestToDeliveryMs=2023.190 upstreamHeadersMs=178.889 sanitizeMs=1832.511 downstreamWriteMs=2.493
09-08 02:29:14.993 20204 21097 I ChromePhotosDataPlane: origin=real hostClass=network hostHash=fdbc7f1491a89ee6 method=GET clientProtocol=http/1.1 upstreamProtocol=h2 status=200 contentType=image/webp bytesIn=7354 bytesOut=7354 cache=miss decision=safe reason=model_allow source=engine probability=0.020469993 basis=None decodeMs=5.558 inferenceMs=131.711 inferenceQueueMs=538.683 localDecisionMs=676.864  bodyAdmissionMs=760.050 bodyReadMs=0.323 hashMs=1.281 requestToDeliveryMs=1622.331 upstreamHeadersMs=167.229 sanitizeMs=1448.325 downstreamWriteMs=1.319
09-08 02:29:15.144 20204 21249 I ChromePhotosDataPlane: origin=real hostClass=network hostHash=fdbc7f1491a89ee6 method=GET clientProtocol=http/1.1 upstreamProtocol=h2 status=200 contentType=image/webp bytesIn=12548 bytesOut=12548 cache=miss decision=safe reason=model_allow source=engine probability=0.0034264326 basis=None decodeMs=6.125 inferenceMs=135.064 inferenceQueueMs=113.480 localDecisionMs=255.776  bodyAdmissionMs=1141.614 bodyReadMs=0.509 hashMs=0.506 requestToDeliveryMs=1623.220 upstreamHeadersMs=187.245 sanitizeMs=1421.019 downstreamWriteMs=1.489
09-08 02:29:15.276 20204 21026 I ChromePhotosDataPlane: origin=real hostClass=network hostHash=fdbc7f1491a89ee6 method=GET clientProtocol=http/1.1 upstreamProtocol=h2 status=200 contentType=image/webp bytesIn=5412 bytesOut=5412 cache=miss decision=safe reason=model_allow source=engine probability=0.06589651 basis=None decodeMs=5.674 inferenceMs=134.817 inferenceQueueMs=130.678 localDecisionMs=273.297  bodyAdmissionMs=1125.322 bodyReadMs=0.362 hashMs=0.912 requestToDeliveryMs=1611.022 upstreamHeadersMs=191.962 sanitizeMs=1406.407 downstreamWriteMs=1.384
09-08 02:29:15.882 20204 20989 I ChromePhotosDataPlane: origin=real hostClass=network hostHash=fdbc7f1491a89ee6 method=GET clientProtocol=http/1.1 upstreamProtocol=h2 status=200 contentType=image/webp bytesIn=22370 bytesOut=22370 cache=miss decision=safe reason=model_allow source=engine probability=0.24491698 basis=None decodeMs=15.982 inferenceMs=590.967 inferenceQueueMs=112.822 localDecisionMs=721.525  bodyAdmissionMs=1095.835 bodyReadMs=0.839 hashMs=0.580 requestToDeliveryMs=2077.179 upstreamHeadersMs=230.171 sanitizeMs=1840.429 downstreamWriteMs=1.127
09-08 02:29:16.438 20204 20933 I ChromePhotosDataPlane: origin=real hostClass=network hostHash=fdbc7f1491a89ee6 method=GET clientProtocol=http/1.1 upstreamProtocol=h2 status=200 contentType=image/webp bytesIn=31020 bytesOut=31020 cache=miss decision=safe reason=model_allow source=engine probability=0.12847963 basis=None decodeMs=17.503 inferenceMs=533.010 inferenceQueueMs=592.426 localDecisionMs=1144.275  bodyAdmissionMs=770.891 bodyReadMs=0.177 hashMs=1.477 requestToDeliveryMs=2128.327 upstreamHeadersMs=191.232 sanitizeMs=1928.746 downstreamWriteMs=3.075
09-08 02:29:16.577 20204 21295 I ChromePhotosDataPlane: origin=real hostClass=network hostHash=fdbc7f1491a89ee6 method=GET clientProtocol=http/1.1 upstreamProtocol=h2 status=200 contentType=image/webp bytesIn=20724 bytesOut=20724 cache=miss decision=safe reason=model_allow source=engine probability=0.03526777 basis=None decodeMs=7.138 inferenceMs=137.213 inferenceQueueMs=539.608 localDecisionMs=684.564  bodyAdmissionMs=777.480 bodyReadMs=0.287 hashMs=0.503 requestToDeliveryMs=1669.825 upstreamHeadersMs=190.390 sanitizeMs=1472.694 downstreamWriteMs=1.569
09-08 02:29:17.144 20204 21097 I ChromePhotosDataPlane: origin=real hostClass=network hostHash=fdbc7f1491a89ee6 method=GET clientProtocol=http/1.1 upstreamProtocol=h2 status=200 contentType=image/webp bytesIn=14462 bytesOut=14462 cache=miss decision=safe reason=model_allow source=engine probability=0.029973358 basis=None decodeMs=14.341 inferenceMs=545.433 inferenceQueueMs=116.320 localDecisionMs=677.560  bodyAdmissionMs=1167.253 bodyReadMs=0.599 hashMs=1.059 requestToDeliveryMs=2105.184 upstreamHeadersMs=221.260 sanitizeMs=1872.156 downstreamWriteMs=2.740
09-08 02:29:17.278 20204 21249 I ChromePhotosDataPlane: origin=real hostClass=network hostHash=fdbc7f1491a89ee6 method=GET clientProtocol=http/1.1 upstreamProtocol=h2 status=200 contentType=image/webp bytesIn=4476 bytesOut=4476 cache=miss decision=safe reason=model_allow source=engine probability=0.0146947205 basis=None decodeMs=4.414 inferenceMs=135.312 inferenceQueueMs=555.032 localDecisionMs=695.652  bodyAdmissionMs=1167.170 bodyReadMs=0.263 hashMs=1.724 requestToDeliveryMs=2099.652 upstreamHeadersMs=228.361 sanitizeMs=1867.693 downstreamWriteMs=1.073
09-08 02:29:17.417 20204 21026 I ChromePhotosDataPlane: origin=real hostClass=network hostHash=fdbc7f1491a89ee6 method=GET clientProtocol=http/1.1 upstreamProtocol=h2 status=200 contentType=image/webp bytesIn=4032 bytesOut=4032 cache=miss decision=safe reason=model_allow source=engine probability=0.045313567 basis=None decodeMs=5.187 inferenceMs=133.485 inferenceQueueMs=129.325 localDecisionMs=268.899  bodyAdmissionMs=1571.261 bodyReadMs=0.452 hashMs=1.054 requestToDeliveryMs=2095.558 upstreamHeadersMs=244.011 sanitizeMs=1846.810 downstreamWriteMs=1.267
09-08 02:29:17.564 20204 20989 I ChromePhotosDataPlane: origin=real hostClass=network hostHash=fdbc7f1491a89ee6 method=GET clientProtocol=http/1.1 upstreamProtocol=h2 status=200 contentType=image/webp bytesIn=4082 bytesOut=4082 cache=miss decision=safe reason=model_allow source=engine probability=0.01923281 basis=None decodeMs=5.761 inferenceMs=136.435 inferenceQueueMs=132.610 localDecisionMs=275.634  bodyAdmissionMs=1171.505 bodyReadMs=0.310 hashMs=0.431 requestToDeliveryMs=1632.242 upstreamHeadersMs=174.258 sanitizeMs=1450.181 downstreamWriteMs=1.877
09-08 02:29:17.712 20204 20933 I ChromePhotosDataPlane: origin=real hostClass=network hostHash=fdbc7f1491a89ee6 method=GET clientProtocol=http/1.1 upstreamProtocol=h2 status=200 contentType=image/webp bytesIn=5646 bytesOut=5646 cache=miss decision=safe reason=model_allow source=engine probability=0.013387382 basis=None decodeMs=5.340 inferenceMs=145.369 inferenceQueueMs=132.178 localDecisionMs=283.846  bodyAdmissionMs=698.832 bodyReadMs=0.214 hashMs=0.993 requestToDeliveryMs=1234.070 upstreamHeadersMs=239.326 sanitizeMs=989.125 downstreamWriteMs=1.376
09-08 02:29:17.861 20204 21295 I ChromePhotosDataPlane: origin=real hostClass=network hostHash=fdbc7f1491a89ee6 method=GET clientProtocol=http/1.1 upstreamProtocol=h2 status=200 contentType=image/webp bytesIn=3862 bytesOut=3862 cache=miss decision=safe reason=model_allow source=engine probability=0.021878213 basis=None decodeMs=5.439 inferenceMs=143.526 inferenceQueueMs=132.617 localDecisionMs=282.909  bodyAdmissionMs=636.986 bodyReadMs=0.390 hashMs=5.457 requestToDeliveryMs=1233.710 upstreamHeadersMs=293.354 sanitizeMs=934.636 downstreamWriteMs=1.084
09-08 02:29:18.005 20204 21097 I ChromePhotosDataPlane: origin=real hostClass=network hostHash=fdbc7f1491a89ee6 method=GET clientProtocol=http/1.1 upstreamProtocol=h2 status=200 contentType=image/webp bytesIn=1242 bytesOut=1242 cache=miss decision=safe reason=model_allow source=engine probability=0.011096597 basis=None decodeMs=4.622 inferenceMs=134.426 inferenceQueueMs=145.946 localDecisionMs=286.150  bodyAdmissionMs=273.488 bodyReadMs=0.321 hashMs=0.893 requestToDeliveryMs=813.832 upstreamHeadersMs=242.534 sanitizeMs=562.599 downstreamWriteMs=3.691
09-08 02:29:18.554 20204 21249 I ChromePhotosDataPlane: origin=real hostClass=network hostHash=fdbc7f1491a89ee6 method=GET clientProtocol=http/1.1 upstreamProtocol=h2 status=200 contentType=image/webp bytesIn=2038 bytesOut=2038 cache=miss decision=safe reason=model_allow source=engine probability=0.03242582 basis=None decodeMs=7.863 inferenceMs=534.880 inferenceQueueMs=136.413 localDecisionMs=680.492  bodyAdmissionMs=217.259 bodyReadMs=0.231 hashMs=0.512 requestToDeliveryMs=1226.694 upstreamHeadersMs=310.966 sanitizeMs=900.101 downstreamWriteMs=2.303
09-08 02:29:18.683 20204 21026 I ChromePhotosDataPlane: origin=real hostClass=network hostHash=fdbc7f1491a89ee6 method=GET clientProtocol=http/1.1 upstreamProtocol=h2 status=200 contentType=image/webp bytesIn=8426 bytesOut=8426 cache=miss decision=safe reason=model_allow source=engine probability=0.037530273 basis=None decodeMs=4.375 inferenceMs=132.480 inferenceQueueMs=529.968 localDecisionMs=667.712  bodyAdmissionMs=154.658 bodyReadMs=0.379 hashMs=0.905 requestToDeliveryMs=1220.716 upstreamHeadersMs=382.251 sanitizeMs=831.562 downstreamWriteMs=1.421
09-08 02:29:18.818 20204 20989 I ChromePhotosDataPlane: origin=real hostClass=network hostHash=fdbc7f1491a89ee6 method=GET clientProtocol=http/1.1 upstreamProtocol=h2 status=200 contentType=image/webp bytesIn=3140 bytesOut=3140 cache=miss decision=safe reason=model_allow source=engine probability=0.047480255 basis=None decodeMs=2.676 inferenceMs=132.382 inferenceQueueMs=125.481 localDecisionMs=261.411  bodyAdmissionMs=693.070 bodyReadMs=0.333 hashMs=6.049 requestToDeliveryMs=1210.233 upstreamHeadersMs=240.067 sanitizeMs=965.139 downstreamWriteMs=1.580
09-08 02:29:18.955 20204 20933 I ChromePhotosDataPlane: origin=real hostClass=network hostHash=fdbc7f1491a89ee6 method=GET clientProtocol=http/1.1 upstreamProtocol=h2 status=200 contentType=image/webp bytesIn=3980 bytesOut=3980 cache=miss decision=safe reason=model_allow source=engine probability=0.0044358373 basis=None decodeMs=3.892 inferenceMs=132.036 inferenceQueueMs=129.478 localDecisionMs=267.555  bodyAdmissionMs=626.216 bodyReadMs=0.379 hashMs=0.907 requestToDeliveryMs=1198.691 upstreamHeadersMs=293.661 sanitizeMs=899.087 downstreamWriteMs=1.372
09-08 02:29:19.093 20204 21295 I ChromePhotosDataPlane: origin=real hostClass=network hostHash=fdbc7f1491a89ee6 method=GET clientProtocol=http/1.1 upstreamProtocol=h2 status=200 contentType=image/webp bytesIn=10332 bytesOut=10332 cache=miss decision=safe reason=model_allow source=engine probability=0.19095385 basis=None decodeMs=4.455 inferenceMs=133.126 inferenceQueueMs=123.699 localDecisionMs=262.018  bodyAdmissionMs=556.650 bodyReadMs=0.408 hashMs=0.927 requestToDeliveryMs=1179.140 upstreamHeadersMs=341.341 sanitizeMs=830.586 downstreamWriteMs=1.556
09-08 02:29:19.232 20204 21097 I ChromePhotosDataPlane: origin=real hostClass=network hostHash=fdbc7f1491a89ee6 method=GET clientProtocol=http/1.1 upstreamProtocol=h2 status=200 contentType=image/webp bytesIn=8446 bytesOut=8446 cache=miss decision=safe reason=model_allow source=engine probability=0.041372657 basis=None decodeMs=3.916 inferenceMs=132.401 inferenceQueueMs=126.513 localDecisionMs=264.138  bodyAdmissionMs=529.732 bodyReadMs=0.358 hashMs=0.538 requestToDeliveryMs=1173.056 upstreamHeadersMs=359.272 sanitizeMs=803.102 downstreamWriteMs=1.754
09-08 02:29:19.364 20204 21249 I ChromePhotosDataPlane: origin=real hostClass=network hostHash=fdbc7f1491a89ee6 method=GET clientProtocol=http/1.1 upstreamProtocol=h2 status=200 contentType=image/webp bytesIn=6940 bytesOut=6940 cache=miss decision=safe reason=model_allow source=engine probability=0.008428872 basis=None decodeMs=4.223 inferenceMs=132.601 inferenceQueueMs=120.357 localDecisionMs=258.003  bodyAdmissionMs=215.730 bodyReadMs=0.369 hashMs=1.846 requestToDeliveryMs=766.288 upstreamHeadersMs=271.528 sanitizeMs=489.467 downstreamWriteMs=0.970
09-08 02:29:19.502 20204 21026 I ChromePhotosDataPlane: origin=real hostClass=network hostHash=fdbc7f1491a89ee6 method=GET clientProtocol=http/1.1 upstreamProtocol=h2 status=200 contentType=image/webp bytesIn=8122 bytesOut=8122 cache=miss decision=safe reason=model_allow source=engine probability=0.004171163 basis=None decodeMs=4.320 inferenceMs=132.800 inferenceQueueMs=119.508 localDecisionMs=257.467  bodyAdmissionMs=188.862 bodyReadMs=0.422 hashMs=1.158 requestToDeliveryMs=768.330 upstreamHeadersMs=301.004 sanitizeMs=462.721 downstreamWriteMs=1.147
09-08 02:29:19.652 20204 20933 I ChromePhotosDataPlane: origin=real hostClass=network hostHash=fdbc7f1491a89ee6 method=GET clientProtocol=http/1.1 upstreamProtocol=h2 status=200 contentType=image/webp bytesIn=14270 bytesOut=14270 cache=miss decision=safe reason=model_allow source=engine probability=0.010012716 basis=None decodeMs=4.860 inferenceMs=132.332 inferenceQueueMs=127.327 localDecisionMs=265.131  bodyAdmissionMs=78.386 bodyReadMs=0.266 hashMs=0.698 requestToDeliveryMs=643.647 upstreamHeadersMs=272.142 sanitizeMs=353.445 downstreamWriteMs=12.714
09-08 02:29:20.194 20204 20989 I ChromePhotosDataPlane: origin=real hostClass=network hostHash=fdbc7f1491a89ee6 method=GET clientProtocol=http/1.1 upstreamProtocol=h2 status=200 contentType=image/webp bytesIn=2172 bytesOut=2172 cache=miss decision=safe reason=model_allow source=engine probability=0.04207182 basis=None decodeMs=8.043 inferenceMs=541.191 inferenceQueueMs=135.369 localDecisionMs=685.783  bodyAdmissionMs=212.716 bodyReadMs=0.161 hashMs=0.474 requestToDeliveryMs=1319.825 upstreamHeadersMs=411.152 sanitizeMs=900.452 downstreamWriteMs=1.514
09-08 02:29:20.344 20204 21295 I ChromePhotosDataPlane: origin=real hostClass=network hostHash=fdbc7f1491a89ee6 method=GET clientProtocol=http/1.1 upstreamProtocol=h2 status=200 contentType=image/webp bytesIn=13682 bytesOut=13682 cache=miss decision=safe reason=model_allow source=engine probability=0.021669686 basis=None decodeMs=4.933 inferenceMs=139.041 inferenceQueueMs=531.049 localDecisionMs=675.958  bodyAdmissionMs=152.262 bodyReadMs=0.550 hashMs=0.509 requestToDeliveryMs=1205.260 upstreamHeadersMs=346.153 sanitizeMs=844.193 downstreamWriteMs=3.666
09-08 02:29:20.888 20204 21097 I ChromePhotosDataPlane: origin=real hostClass=network hostHash=fdbc7f1491a89ee6 method=GET clientProtocol=http/1.1 upstreamProtocol=h2 status=200 contentType=image/webp bytesIn=1588 bytesOut=1588 cache=miss decision=safe reason=model_allow source=engine probability=0.0381563 basis=None decodeMs=9.577 inferenceMs=539.006 inferenceQueueMs=139.689 localDecisionMs=689.688  bodyAdmissionMs=539.965 bodyReadMs=0.266 hashMs=1.280 requestToDeliveryMs=1597.488 upstreamHeadersMs=354.501 sanitizeMs=1233.375 downstreamWriteMs=1.793
09-08 02:29:21.023 20204 21249 I ChromePhotosDataPlane: origin=real hostClass=network hostHash=fdbc7f1491a89ee6 method=GET clientProtocol=http/1.1 upstreamProtocol=h2 status=200 contentType=image/webp bytesIn=3330 bytesOut=3330 cache=miss decision=safe reason=model_allow source=engine probability=0.024564207 basis=None decodeMs=3.896 inferenceMs=132.938 inferenceQueueMs=537.789 localDecisionMs=675.524  bodyAdmissionMs=680.373 bodyReadMs=0.384 hashMs=1.377 requestToDeliveryMs=1608.657 upstreamHeadersMs=235.838 sanitizeMs=1365.954 downstreamWriteMs=1.732
09-08 02:29:21.167 20204 21026 I ChromePhotosDataPlane: origin=real hostClass=network hostHash=fdbc7f1491a89ee6 method=GET clientProtocol=http/1.1 upstreamProtocol=h2 status=200 contentType=image/png bytesIn=8334 bytesOut=704 cache=miss decision=block reason=model_filter source=engine probability=0.6941216 basis=FullThreshold decodeMs=4.317 inferenceMs=134.390 inferenceQueueMs=121.081 localDecisionMs=261.016  bodyAdmissionMs=1071.819 bodyReadMs=0.625 hashMs=1.123 requestToDeliveryMs=1605.919 upstreamHeadersMs=245.618 sanitizeMs=1347.520 downstreamWriteMs=2.009
09-08 02:29:21.299 20204 20933 I ChromePhotosDataPlane: origin=real hostClass=network hostHash=fdbc7f1491a89ee6 method=GET clientProtocol=http/1.1 upstreamProtocol=h2 status=200 contentType=image/webp bytesIn=14884 bytesOut=14884 cache=miss decision=safe reason=model_allow source=engine probability=0.009524494 basis=None decodeMs=5.272 inferenceMs=133.094 inferenceQueueMs=120.334 localDecisionMs=259.489  bodyAdmissionMs=1020.789 bodyReadMs=0.515 hashMs=0.871 requestToDeliveryMs=1610.344 upstreamHeadersMs=309.855 sanitizeMs=1296.194 downstreamWriteMs=1.059
09-08 02:29:21.444 20204 20989 I ChromePhotosDataPlane: origin=real hostClass=network hostHash=fdbc7f1491a89ee6 method=GET clientProtocol=http/1.1 upstreamProtocol=h2 status=200 contentType=image/webp bytesIn=8562 bytesOut=8562 cache=miss decision=safe reason=model_allow source=engine probability=0.023967534 basis=None decodeMs=4.012 inferenceMs=134.481 inferenceQueueMs=122.426 localDecisionMs=261.667  bodyAdmissionMs=741.255 bodyReadMs=0.733 hashMs=0.936 requestToDeliveryMs=1205.373 upstreamHeadersMs=178.532 sanitizeMs=1015.397 downstreamWriteMs=1.467
09-08 02:29:21.622 20204 21295 I ChromePhotosDataPlane: origin=real hostClass=network hostHash=fdbc7f1491a89ee6 method=GET clientProtocol=http/1.1 upstreamProtocol=h2 status=200 contentType=image/webp bytesIn=8642 bytesOut=8642 cache=miss decision=safe reason=model_allow source=engine probability=0.039247274 basis=None decodeMs=3.980 inferenceMs=181.571 inferenceQueueMs=132.420 localDecisionMs=318.777  bodyAdmissionMs=721.982 bodyReadMs=0.282 hashMs=0.662 requestToDeliveryMs=1233.581 upstreamHeadersMs=182.376 sanitizeMs=1046.764 downstreamWriteMs=0.512
09-08 02:29:21.786 20204 21097 I ChromePhotosDataPlane: origin=real hostClass=network hostHash=fdbc7f1491a89ee6 method=GET clientProtocol=http/1.1 upstreamProtocol=h2 status=200 contentType=image/webp bytesIn=17956 bytesOut=17956 cache=miss decision=safe reason=model_allow source=engine probability=0.1295146 basis=None decodeMs=10.840 inferenceMs=146.968 inferenceQueueMs=163.319 localDecisionMs=322.013  bodyAdmissionMs=312.778 bodyReadMs=0.492 hashMs=0.461 requestToDeliveryMs=854.205 upstreamHeadersMs=192.798 sanitizeMs=654.885 downstreamWriteMs=2.266
09-08 02:29:21.924 20204 21249 I ChromePhotosDataPlane: origin=real hostClass=network hostHash=fdbc7f1491a89ee6 method=GET clientProtocol=http/1.1 upstreamProtocol=h2 status=200 contentType=image/webp bytesIn=7652 bytesOut=7652 cache=miss decision=safe reason=model_allow source=engine probability=0.01052323 basis=None decodeMs=4.000 inferenceMs=134.833 inferenceQueueMs=156.738 localDecisionMs=296.231  bodyAdmissionMs=291.639 bodyReadMs=0.141 hashMs=0.199 requestToDeliveryMs=857.875 upstreamHeadersMs=261.810 sanitizeMs=589.743 downstreamWriteMs=1.224
09-08 02:29:22.065 20204 21026 I ChromePhotosDataPlane: origin=real hostClass=network hostHash=fdbc7f1491a89ee6 method=GET clientProtocol=http/1.1 upstreamProtocol=h2 status=200 contentType=image/webp bytesIn=10418 bytesOut=10418 cache=miss decision=safe reason=model_allow source=engine probability=0.068992525 basis=None decodeMs=4.261 inferenceMs=135.728 inferenceQueueMs=125.712 localDecisionMs=266.616  bodyAdmissionMs=247.931 bodyReadMs=0.426 hashMs=1.018 requestToDeliveryMs=858.855 upstreamHeadersMs=325.430 sanitizeMs=527.569 downstreamWriteMs=1.842
09-08 02:29:22.212 20204 20933 I ChromePhotosDataPlane: origin=real hostClass=network hostHash=fdbc7f1491a89ee6 method=GET clientProtocol=http/1.1 upstreamProtocol=h2 status=200 contentType=image/webp bytesIn=13128 bytesOut=13128 cache=miss decision=safe reason=model_allow source=engine probability=0.15108785 basis=None decodeMs=5.149 inferenceMs=135.140 inferenceQueueMs=124.148 localDecisionMs=265.326  bodyAdmissionMs=192.812 bodyReadMs=0.385 hashMs=1.050 requestToDeliveryMs=863.501 upstreamHeadersMs=374.577 sanitizeMs=474.249 downstreamWriteMs=3.598
09-08 02:29:22.351 20204 20989 I ChromePhotosDataPlane: origin=real hostClass=network hostHash=fdbc7f1491a89ee6 method=GET clientProtocol=http/1.1 upstreamProtocol=h2 status=200 contentType=image/webp bytesIn=9462 bytesOut=9462 cache=miss decision=safe reason=model_allow source=engine probability=0.028835893 basis=None decodeMs=4.390 inferenceMs=136.689 inferenceQueueMs=125.261 localDecisionMs=267.653  bodyAdmissionMs=332.843 bodyReadMs=0.487 hashMs=1.105 requestToDeliveryMs=866.836 upstreamHeadersMs=241.005 sanitizeMs=615.860 downstreamWriteMs=3.239
09-08 02:29:22.481 20204 20940 I ChromePhotosDataPlane: phase=worker_ready correlationId=c169 admissionWaitMs=0.616
09-08 02:29:22.487 20204 21295 I ChromePhotosDataPlane: origin=real hostClass=network hostHash=fdbc7f1491a89ee6 method=GET clientProtocol=http/1.1 upstreamProtocol=h2 status=200 contentType=image/webp bytesIn=8932 bytesOut=8932 cache=miss decision=safe reason=model_allow source=engine probability=0.17002895 basis=None decodeMs=4.061 inferenceMs=134.853 inferenceQueueMs=120.641 localDecisionMs=260.560  bodyAdmissionMs=251.712 bodyReadMs=0.978 hashMs=1.271 requestToDeliveryMs=824.869 upstreamHeadersMs=287.494 sanitizeMs=530.864 downstreamWriteMs=3.118
09-08 02:29:22.582 20204 20940 I ChromePhotosDataPlane: phase=tls_certificate correlationId=c169 tlsCacheHit=false tlsCacheWaitMs=0.062 tlsCreationMs=41.888
09-08 02:29:22.582 20204 20940 I ChromePhotosDataPlane: phase=tls_material correlationId=c169 tlsMaterialMs=44.212
09-08 02:29:22.592 20204 20940 I ChromePhotosDataPlane: phase=tls_ready correlationId=c169 hostClass=network hostHash=1f1577c4f7feb6a1 clientProtocol=http/1.1 ca=8be2538814763f0c
09-08 02:29:22.632 20204 21097 I ChromePhotosDataPlane: origin=real hostClass=network hostHash=fdbc7f1491a89ee6 method=GET clientProtocol=http/1.1 upstreamProtocol=h2 status=200 contentType=image/webp bytesIn=13942 bytesOut=13942 cache=miss decision=safe reason=model_allow source=engine probability=0.0045351386 basis=None decodeMs=5.058 inferenceMs=139.052 inferenceQueueMs=122.632 localDecisionMs=268.167  bodyAdmissionMs=217.804 bodyReadMs=0.762 hashMs=0.475 requestToDeliveryMs=805.670 upstreamHeadersMs=298.964 sanitizeMs=501.066 downstreamWriteMs=1.432
09-08 02:29:22.972 20204 20938 I ChromePhotosDataPlane: phase=worker_ready correlationId=c170 admissionWaitMs=0.197
09-08 02:29:23.045 20204 20938 I ChromePhotosDataPlane: phase=tls_certificate correlationId=c170 tlsCacheHit=false tlsCacheWaitMs=0.023 tlsCreationMs=34.523
09-08 02:29:23.045 20204 20938 I ChromePhotosDataPlane: phase=tls_material correlationId=c170 tlsMaterialMs=35.125
09-08 02:29:23.180 20204 20938 I ChromePhotosDataPlane: phase=tls_ready correlationId=c170 hostClass=network hostHash=cff23f81cf11247e clientProtocol=http/1.1 ca=8be2538814763f0c
09-08 02:29:23.191 20204 21249 I ChromePhotosDataPlane: origin=real hostClass=network hostHash=fdbc7f1491a89ee6 method=GET clientProtocol=http/1.1 upstreamProtocol=h2 status=200 contentType=image/webp bytesIn=2542 bytesOut=2542 cache=miss decision=safe reason=model_allow source=engine probability=0.06777713 basis=None decodeMs=7.798 inferenceMs=554.218 inferenceQueueMs=140.814 localDecisionMs=703.881  bodyAdmissionMs=200.992 bodyReadMs=0.224 hashMs=0.607 requestToDeliveryMs=1205.898 upstreamHeadersMs=293.518 sanitizeMs=907.996 downstreamWriteMs=0.840
09-08 02:29:23.249 20204 21289 I ChromePhotosDataPlane: phase=worker_ready correlationId=c171 admissionWaitMs=0.415
09-08 02:29:23.260 20204 20839 I ChromePhotosDataPlane: phase=worker_ready correlationId=c172 admissionWaitMs=0.907
09-08 02:29:23.267 20204 20839 I ChromePhotosDataPlane: phase=tls_certificate correlationId=c172 tlsCacheHit=true tlsCacheWaitMs=0.010 tlsCreationMs=0.000
09-08 02:29:23.268 20204 20839 I ChromePhotosDataPlane: phase=tls_material correlationId=c172 tlsMaterialMs=0.209
09-08 02:29:23.284 20204 20839 I ChromePhotosDataPlane: phase=tls_ready correlationId=c172 hostClass=network hostHash=935e0b482f6ac80a clientProtocol=http/1.1 ca=8be2538814763f0c
09-08 02:29:23.294 20204 21289 I ChromePhotosDataPlane: phase=tls_certificate correlationId=c171 tlsCacheHit=true tlsCacheWaitMs=0.011 tlsCreationMs=0.000
09-08 02:29:23.294 20204 21289 I ChromePhotosDataPlane: phase=tls_material correlationId=c171 tlsMaterialMs=0.597
09-08 02:29:23.304 20204 21320 I ChromePhotosDataPlane: phase=worker_ready correlationId=c173 admissionWaitMs=0.202
09-08 02:29:23.314 20204 21098 I ChromePhotosDataPlane: origin=real hostClass=network hostHash=935e0b482f6ac80a method=GET clientProtocol=http/1.1 upstreamProtocol=h2 status=204 contentType= bytesIn=0 bytesOut=0 cache=miss decision=passthrough   requestToDeliveryMs=311.184 upstreamHeadersMs=308.843 sanitizeMs=0.045 downstreamWriteMs=0.723
09-08 02:29:23.335 20204 21289 I ChromePhotosDataPlane: phase=tls_ready correlationId=c171 hostClass=network hostHash=0843c9b16155ccbe clientProtocol=http/1.1 ca=8be2538814763f0c
09-08 02:29:23.336 20204 21320 I ChromePhotosDataPlane: phase=tls_certificate correlationId=c173 tlsCacheHit=true tlsCacheWaitMs=0.021 tlsCreationMs=0.000
09-08 02:29:23.336 20204 21320 I ChromePhotosDataPlane: phase=tls_material correlationId=c173 tlsMaterialMs=0.471
09-08 02:29:23.340 20204 20940 I ChromePhotosDataPlane: origin=real hostClass=network hostHash=1f1577c4f7feb6a1 method=POST clientProtocol=http/1.1 upstreamProtocol=h2 status=200 contentType=application/json bytesOut=0 transfer=fixed upstreamHeadersMs=746.765 downstreamWriteMs=0.349
09-08 02:29:23.341 20204 21026 I ChromePhotosDataPlane: origin=real hostClass=network hostHash=fdbc7f1491a89ee6 method=GET clientProtocol=http/1.1 upstreamProtocol=h2 status=200 contentType=image/webp bytesIn=4080 bytesOut=4080 cache=miss decision=safe reason=model_allow source=engine probability=0.011391073 basis=None decodeMs=4.117 inferenceMs=139.552 inferenceQueueMs=556.454 localDecisionMs=702.165  bodyAdmissionMs=188.771 bodyReadMs=0.262 hashMs=0.771 requestToDeliveryMs=1228.857 upstreamHeadersMs=323.503 sanitizeMs=896.096 downstreamWriteMs=6.217
09-08 02:29:23.371 20204 21320 I ChromePhotosDataPlane: phase=tls_ready correlationId=c173 hostClass=network hostHash=3e723b591bdb95ce clientProtocol=http/1.1 ca=8be2538814763f0c
09-08 02:29:23.372 20204 21299 I ChromePhotosDataPlane: phase=worker_ready correlationId=c174 admissionWaitMs=1.502
09-08 02:29:23.391 20204 21299 I ChromePhotosDataPlane: phase=tls_certificate correlationId=c174 tlsCacheHit=true tlsCacheWaitMs=0.015 tlsCreationMs=0.000
09-08 02:29:23.391 20204 21299 I ChromePhotosDataPlane: phase=tls_material correlationId=c174 tlsMaterialMs=0.454
09-08 02:29:23.415 20204 21299 I ChromePhotosDataPlane: phase=tls_ready correlationId=c174 hostClass=network hostHash=3e723b591bdb95ce clientProtocol=http/1.1 ca=8be2538814763f0c
09-08 02:29:23.417 20204 21084 I ChromePhotosDataPlane: phase=worker_ready correlationId=c175 admissionWaitMs=0.233
09-08 02:29:23.421 20204 21084 I ChromePhotosDataPlane: phase=tls_certificate correlationId=c175 tlsCacheHit=true tlsCacheWaitMs=0.009 tlsCreationMs=0.000
09-08 02:29:23.421 20204 21084 I ChromePhotosDataPlane: phase=tls_material correlationId=c175 tlsMaterialMs=0.201
09-08 02:29:23.427 20204 21084 I ChromePhotosDataPlane: phase=tls_ready correlationId=c175 hostClass=network hostHash=f58aed0f48e58f0c clientProtocol=http/1.1 ca=8be2538814763f0c
09-08 02:29:23.461 20204 20839 I ChromePhotosDataPlane: origin=real hostClass=network hostHash=935e0b482f6ac80a method=GET clientProtocol=http/1.1 upstreamProtocol=h2 status=200 contentType=application/x-javascript bytesOut=854 transfer=fixed upstreamHeadersMs=168.362 downstreamWriteMs=2.444
09-08 02:29:23.469 20204 20838 I ChromePhotosDataPlane: phase=worker_ready correlationId=c176 admissionWaitMs=0.463
09-08 02:29:23.475 20204 20838 I ChromePhotosDataPlane: phase=tls_certificate correlationId=c176 tlsCacheHit=true tlsCacheWaitMs=0.011 tlsCreationMs=0.000
09-08 02:29:23.475 20204 20838 I ChromePhotosDataPlane: phase=tls_material correlationId=c176 tlsMaterialMs=0.271
09-08 02:29:23.486 20204 20838 I ChromePhotosDataPlane: phase=tls_ready correlationId=c176 hostClass=network hostHash=f5594fab1b035ec0 clientProtocol=http/1.1 ca=8be2538814763f0c
09-08 02:29:23.491 20204 21320 I ChromePhotosDataPlane: phase=media_shield_document origin=real hostClass=network hostHash=3e723b591bdb95ce result=fail_closed reason=document_mime_unsupported bytesOut=41 upstreamHeadersMs=108.540 documentDecisionMs=0.127 downstreamWriteMs=0.931
09-08 02:29:23.491 20204 21404 I ChromePhotosDataPlane: phase=worker_ready correlationId=c177 admissionWaitMs=0.592
09-08 02:29:23.513 20204 21404 I ChromePhotosDataPlane: phase=tls_certificate correlationId=c177 tlsCacheHit=true tlsCacheWaitMs=0.010 tlsCreationMs=0.000
09-08 02:29:23.513 20204 21404 I ChromePhotosDataPlane: phase=tls_material correlationId=c177 tlsMaterialMs=0.270
09-08 02:29:23.539 20204 21404 I ChromePhotosDataPlane: phase=tls_ready correlationId=c177 hostClass=network hostHash=a552b937eecf21c7 clientProtocol=http/1.1 ca=8be2538814763f0c
09-08 02:29:23.576 20204 20933 I ChromePhotosDataPlane: origin=real hostClass=network hostHash=fdbc7f1491a89ee6 method=GET clientProtocol=http/1.1 upstreamProtocol=h2 status=200 contentType=image/webp bytesIn=11582 bytesOut=11582 cache=miss decision=safe reason=model_allow source=engine probability=0.004140049 basis=None decodeMs=7.917 inferenceMs=232.643 inferenceQueueMs=141.232 localDecisionMs=382.318  bodyAdmissionMs=741.907 bodyReadMs=0.143 hashMs=0.246 requestToDeliveryMs=1315.944 upstreamHeadersMs=183.418 sanitizeMs=1126.748 downstreamWriteMs=1.099
09-08 02:29:23.610 20204 21139 I ChromePhotosDataPlane: origin=real hostClass=network hostHash=f5594fab1b035ec0 method=POST clientProtocol=http/1.1 upstreamProtocol=h2 status=200 contentType= bytesOut=0 transfer=fixed upstreamHeadersMs=338.252 downstreamWriteMs=1.184
09-08 02:29:23.684 20204 21289 I ChromePhotosDataPlane: origin=real hostClass=network hostHash=0843c9b16155ccbe method=POST clientProtocol=http/1.1 upstreamProtocol=h2 status=200 contentType= bytesOut=0 transfer=fixed upstreamHeadersMs=295.076 downstreamWriteMs=0.838
09-08 02:29:23.704 20204 20838 I ChromePhotosDataPlane: origin=real hostClass=network hostHash=f5594fab1b035ec0 method=POST clientProtocol=http/1.1 upstreamProtocol=h2 status=200 contentType= bytesOut=0 transfer=fixed upstreamHeadersMs=202.110 downstreamWriteMs=0.891
09-08 02:29:23.720 20204 21404 I ChromePhotosDataPlane: origin=real hostClass=network hostHash=a552b937eecf21c7 method=GET clientProtocol=http/1.1 upstreamProtocol=h2 status=200 contentType=image/png bytesIn=0 bytesOut=704 cache=miss decision=unknown reason=encoded_image_unsupported source=error probability=-1.0 basis=none decodeMs=0.000 inferenceMs=0.000 inferenceQueueMs=0.000 localDecisionMs=0.000   requestToDeliveryMs=168.857 upstreamHeadersMs=165.405 sanitizeMs=0.275 downstreamWriteMs=1.199
09-08 02:29:23.735 20204 20989 I ChromePhotosDataPlane: origin=real hostClass=network hostHash=fdbc7f1491a89ee6 method=GET clientProtocol=http/1.1 upstreamProtocol=h2 status=200 contentType=image/webp bytesIn=4174 bytesOut=4174 cache=miss decision=safe reason=model_allow source=engine probability=0.0042713583 basis=None decodeMs=4.320 inferenceMs=149.622 inferenceQueueMs=235.823 localDecisionMs=390.512  bodyAdmissionMs=732.081 bodyReadMs=0.287 hashMs=0.472 requestToDeliveryMs=1338.687 upstreamHeadersMs=202.754 sanitizeMs=1125.100 downstreamWriteMs=4.952
09-08 02:29:23.777 20204 20978 I ChromePhotosDataPlane: origin=real hostClass=network hostHash=abf8fbf760ef2a86 method=GET clientProtocol=http/1.1 upstreamProtocol=h2 status=200 contentType=image/png bytesIn=0 bytesOut=704 cache=miss decision=unknown reason=encoded_image_unsupported source=error probability=-1.0 basis=none decodeMs=0.000 inferenceMs=0.000 inferenceQueueMs=0.000 localDecisionMs=0.000   requestToDeliveryMs=371.732 upstreamHeadersMs=370.008 sanitizeMs=0.121 downstreamWriteMs=0.576
09-08 02:29:23.820 20204 21398 I ChromePhotosDataPlane: phase=worker_ready correlationId=c178 admissionWaitMs=0.155
09-08 02:29:23.829 20204 21060 I ChromePhotosDataPlane: phase=worker_ready correlationId=c179 admissionWaitMs=0.218
09-08 02:29:23.843 20204 21398 I ChromePhotosDataPlane: phase=tls_certificate correlationId=c178 tlsCacheHit=true tlsCacheWaitMs=0.020 tlsCreationMs=0.000
09-08 02:29:23.843 20204 21398 I ChromePhotosDataPlane: phase=tls_material correlationId=c178 tlsMaterialMs=0.336
09-08 02:29:23.852 20204 21060 I ChromePhotosDataPlane: phase=tls_certificate correlationId=c179 tlsCacheHit=true tlsCacheWaitMs=0.014 tlsCreationMs=0.000
09-08 02:29:23.852 20204 21060 I ChromePhotosDataPlane: phase=tls_material correlationId=c179 tlsMaterialMs=0.253
09-08 02:29:23.868 20204 21398 I ChromePhotosDataPlane: phase=tls_ready correlationId=c178 hostClass=network hostHash=fdbc7f1491a89ee6 clientProtocol=http/1.1 ca=8be2538814763f0c
09-08 02:29:23.875 20204 21060 I ChromePhotosDataPlane: phase=tls_ready correlationId=c179 hostClass=network hostHash=fdbc7f1491a89ee6 clientProtocol=http/1.1 ca=8be2538814763f0c
09-08 02:29:23.878 20204 21158 I ChromePhotosDataPlane: phase=worker_ready correlationId=c180 admissionWaitMs=16.269
09-08 02:29:23.883 20204 21166 I ChromePhotosDataPlane: origin=real hostClass=network hostHash=f58aed0f48e58f0c method=POST clientProtocol=http/1.1 upstreamProtocol=h2 status=204 contentType= bytesOut=0 transfer=fixed upstreamHeadersMs=704.144 downstreamWriteMs=0.422
09-08 02:29:23.892 20204 21158 I ChromePhotosDataPlane: phase=tls_certificate correlationId=c180 tlsCacheHit=true tlsCacheWaitMs=0.021 tlsCreationMs=0.000
09-08 02:29:23.892 20204 21158 I ChromePhotosDataPlane: phase=tls_material correlationId=c180 tlsMaterialMs=0.532
09-08 02:29:23.902 20204 21158 I ChromePhotosDataPlane: phase=tls_ready correlationId=c180 hostClass=network hostHash=fdbc7f1491a89ee6 clientProtocol=http/1.1 ca=8be2538814763f0c
09-08 02:29:23.915 20204 20938 I ChromePhotosDataPlane: phase=client_disconnect direction=downstream_write correlationId=c170-r1
09-08 02:29:23.946 20204 21295 I ChromePhotosDataPlane: phase=client_disconnect direction=downstream_write correlationId=c111-r12
09-08 02:29:23.948 20204 20868 I ChromePhotosDataPlane: phase=client_disconnect direction=downstream_write correlationId=c106-r2
09-08 02:29:24.063 20204 21084 I ChromePhotosDataPlane: origin=real hostClass=network hostHash=f58aed0f48e58f0c method=GET clientProtocol=http/1.1 upstreamProtocol=h2 status=304 contentType= bytesOut=0 transfer=fixed upstreamHeadersMs=632.684 downstreamWriteMs=0.440
09-08 02:29:24.084 20204 21097 I ChromePhotosDataPlane: phase=client_disconnect direction=downstream_write correlationId=c110-r12
09-08 02:29:24.084 20204 21058 I ChromePhotosDataPlane: phase=client_disconnect direction=downstream_write correlationId=c104-r2
09-08 02:29:24.132 20204 20838 I ChromePhotosDataPlane: origin=real hostClass=network hostHash=f5594fab1b035ec0 method=POST clientProtocol=http/1.1 upstreamProtocol=h2 status=200 contentType=application/json bytesOut=16 transfer=fixed upstreamHeadersMs=183.273 downstreamWriteMs=0.712
09-08 02:29:24.139 20204 20838 W ChromePhotosDataPlane: phase=connection_failed correlationId=c176 error=SocketException
09-08 02:29:24.220 20204 21249 I ChromePhotosDataPlane: phase=client_disconnect direction=downstream_write correlationId=c112-r12
09-08 02:29:24.239 20204 20839 I ChromePhotosDataPlane: origin=real hostClass=network hostHash=935e0b482f6ac80a method=POST clientProtocol=http/1.1 upstreamProtocol=h2 status=204 contentType= bytesOut=0 transfer=fixed upstreamHeadersMs=285.245 downstreamWriteMs=0.783
09-08 02:29:24.267 20204 21166 I ChromePhotosDataPlane: origin=real hostClass=network hostHash=f58aed0f48e58f0c method=POST clientProtocol=http/1.1 upstreamProtocol=h2 status=204 contentType= bytesOut=0 transfer=fixed upstreamHeadersMs=331.143 downstreamWriteMs=0.476
09-08 02:29:24.361 20204 21026 I ChromePhotosDataPlane: phase=client_disconnect direction=downstream_write correlationId=c120-r12
09-08 02:29:24.498 20204 20933 I ChromePhotosDataPlane: phase=client_disconnect direction=downstream_write correlationId=c118-r12
09-08 02:29:24.635 20204 20989 I ChromePhotosDataPlane: phase=client_disconnect direction=downstream_write correlationId=c119-r12
09-08 02:29:46.879 20204 21207 I ChromePhotosDataPlane: phase=worker_ready correlationId=c181 admissionWaitMs=0.426
09-08 02:29:46.896 20204 21207 I ChromePhotosDataPlane: phase=tls_certificate correlationId=c181 tlsCacheHit=true tlsCacheWaitMs=0.018 tlsCreationMs=0.000
09-08 02:29:46.896 20204 21193 I ChromePhotosDataPlane: phase=worker_ready correlationId=c182 admissionWaitMs=0.559
09-08 02:29:46.896 20204 21207 I ChromePhotosDataPlane: phase=tls_material correlationId=c181 tlsMaterialMs=0.439
09-08 02:29:46.903 20204 21243 I ChromePhotosDataPlane: phase=worker_ready correlationId=c183 admissionWaitMs=1.099
09-08 02:29:46.910 20204 21193 I ChromePhotosDataPlane: phase=tls_certificate correlationId=c182 tlsCacheHit=true tlsCacheWaitMs=0.016 tlsCreationMs=0.000
09-08 02:29:46.911 20204 21207 I ChromePhotosDataPlane: phase=tls_ready correlationId=c181 hostClass=network hostHash=f58aed0f48e58f0c clientProtocol=http/1.1 ca=8be2538814763f0c
09-08 02:29:46.911 20204 21193 I ChromePhotosDataPlane: phase=tls_material correlationId=c182 tlsMaterialMs=0.509
09-08 02:29:46.914 20204 20938 I ChromePhotosDataPlane: phase=worker_ready correlationId=c184 admissionWaitMs=0.491
09-08 02:29:46.916 20204 20868 I ChromePhotosDataPlane: phase=worker_ready correlationId=c185 admissionWaitMs=0.326
09-08 02:29:46.919 20204 21193 I ChromePhotosDataPlane: phase=tls_ready correlationId=c182 hostClass=network hostHash=a552b937eecf21c7 clientProtocol=http/1.1 ca=8be2538814763f0c
09-08 02:29:46.921 20204 21295 I ChromePhotosDataPlane: phase=worker_ready correlationId=c186 admissionWaitMs=0.323
09-08 02:29:46.928 20204 21084 I ChromePhotosDataPlane: phase=worker_ready correlationId=c187 admissionWaitMs=0.535
09-08 02:29:46.931 20204 21097 I ChromePhotosDataPlane: phase=worker_ready correlationId=c188 admissionWaitMs=0.224
09-08 02:29:46.936 20204 20938 I ChromePhotosDataPlane: phase=tls_certificate correlationId=c184 tlsCacheHit=true tlsCacheWaitMs=0.017 tlsCreationMs=0.000
09-08 02:29:46.936 20204 20938 I ChromePhotosDataPlane: phase=tls_material correlationId=c184 tlsMaterialMs=0.397
09-08 02:29:46.941 20204 21058 I ChromePhotosDataPlane: phase=worker_ready correlationId=c189 admissionWaitMs=0.224
09-08 02:29:46.942 20204 21243 I ChromePhotosDataPlane: phase=tls_certificate correlationId=c183 tlsCacheHit=true tlsCacheWaitMs=0.010 tlsCreationMs=0.000
09-08 02:29:46.942 20204 21243 I ChromePhotosDataPlane: phase=tls_material correlationId=c183 tlsMaterialMs=0.254
09-08 02:29:46.950 20204 21243 I ChromePhotosDataPlane: phase=tls_ready correlationId=c183 hostClass=network hostHash=1c9aae1431eb8709 clientProtocol=http/1.1 ca=8be2538814763f0c
09-08 02:29:46.952 20204 20868 I ChromePhotosDataPlane: phase=tls_certificate correlationId=c185 tlsCacheHit=true tlsCacheWaitMs=0.009 tlsCreationMs=0.000
09-08 02:29:46.952 20204 20838 I ChromePhotosDataPlane: phase=worker_ready correlationId=c190 admissionWaitMs=0.203
09-08 02:29:46.952 20204 20868 I ChromePhotosDataPlane: phase=tls_material correlationId=c185 tlsMaterialMs=0.207
09-08 02:29:46.953 20204 21084 I ChromePhotosDataPlane: phase=tls_certificate correlationId=c187 tlsCacheHit=true tlsCacheWaitMs=0.013 tlsCreationMs=0.000
09-08 02:29:46.953 20204 21084 I ChromePhotosDataPlane: phase=tls_material correlationId=c187 tlsMaterialMs=0.293
09-08 02:29:46.954 20204 20938 I ChromePhotosDataPlane: phase=tls_ready correlationId=c184 hostClass=network hostHash=2d0f3c337e640d3a clientProtocol=http/1.1 ca=8be2538814763f0c
09-08 02:29:46.958 20204 21295 I ChromePhotosDataPlane: phase=tls_certificate correlationId=c186 tlsCacheHit=true tlsCacheWaitMs=0.017 tlsCreationMs=0.000
09-08 02:29:46.958 20204 21295 I ChromePhotosDataPlane: phase=tls_material correlationId=c186 tlsMaterialMs=0.448
09-08 02:29:46.964 20204 21084 I ChromePhotosDataPlane: phase=tls_ready correlationId=c187 hostClass=network hostHash=191347bfe55d0ca9 clientProtocol=http/1.1 ca=8be2538814763f0c
09-08 02:29:46.964 20204 21097 I ChromePhotosDataPlane: phase=tls_certificate correlationId=c188 tlsCacheHit=true tlsCacheWaitMs=0.014 tlsCreationMs=0.000
09-08 02:29:46.964 20204 21097 I ChromePhotosDataPlane: phase=tls_material correlationId=c188 tlsMaterialMs=0.355
09-08 02:29:46.968 20204 20868 I ChromePhotosDataPlane: phase=tls_ready correlationId=c185 hostClass=network hostHash=7df7caa0a5579e01 clientProtocol=http/1.1 ca=8be2538814763f0c
09-08 02:29:46.968 20204 21058 I ChromePhotosDataPlane: phase=tls_certificate correlationId=c189 tlsCacheHit=true tlsCacheWaitMs=0.015 tlsCreationMs=0.000
09-08 02:29:46.968 20204 21058 I ChromePhotosDataPlane: phase=tls_material correlationId=c189 tlsMaterialMs=0.373
09-08 02:29:46.971 20204 21295 I ChromePhotosDataPlane: phase=tls_ready correlationId=c186 hostClass=network hostHash=d8ecf352ffa86f18 clientProtocol=http/1.1 ca=8be2538814763f0c
09-08 02:29:46.973 20204 20838 I ChromePhotosDataPlane: phase=tls_certificate correlationId=c190 tlsCacheHit=true tlsCacheWaitMs=0.259 tlsCreationMs=0.000
09-08 02:29:46.974 20204 20838 I ChromePhotosDataPlane: phase=tls_material correlationId=c190 tlsMaterialMs=0.664
09-08 02:29:46.975 20204 21058 I ChromePhotosDataPlane: phase=tls_ready correlationId=c189 hostClass=network hostHash=3e723b591bdb95ce clientProtocol=http/1.1 ca=8be2538814763f0c
09-08 02:29:46.977 20204 21097 I ChromePhotosDataPlane: phase=tls_ready correlationId=c188 hostClass=network hostHash=e2ccecf673591338 clientProtocol=http/1.1 ca=8be2538814763f0c
09-08 02:29:46.981 20204 20838 I ChromePhotosDataPlane: phase=tls_ready correlationId=c190 hostClass=network hostHash=0a2b1f067e5ed787 clientProtocol=http/1.1 ca=8be2538814763f0c
09-08 02:29:48.263 20204 21207 I ChromePhotosDataPlane: phase=media_shield_document origin=real hostClass=network hostHash=f58aed0f48e58f0c result=transformed documentSequence=15 navigationSequence=8 token=ec80854fe6e3 bytesOut=955772 upstreamHeadersMs=200.568 documentDecisionMs=403.788 downstreamWriteMs=4.613
09-08 02:29:48.343 20204 21249 I ChromePhotosDataPlane: phase=worker_ready correlationId=c191 admissionWaitMs=0.344
09-08 02:29:48.357 20204 21026 I ChromePhotosDataPlane: phase=worker_ready correlationId=c192 admissionWaitMs=0.283
09-08 02:29:48.363 20204 20933 I ChromePhotosDataPlane: phase=worker_ready correlationId=c193 admissionWaitMs=2.441
09-08 02:29:48.373 20204 20933 I ChromePhotosDataPlane: phase=tls_certificate correlationId=c193 tlsCacheHit=true tlsCacheWaitMs=0.015 tlsCreationMs=0.000
09-08 02:29:48.373 20204 20933 I ChromePhotosDataPlane: phase=tls_material correlationId=c193 tlsMaterialMs=0.361
09-08 02:29:48.378 20204 21249 I ChromePhotosDataPlane: phase=tls_certificate correlationId=c191 tlsCacheHit=true tlsCacheWaitMs=0.011 tlsCreationMs=0.000
09-08 02:29:48.378 20204 21249 I ChromePhotosDataPlane: phase=tls_material correlationId=c191 tlsMaterialMs=0.358
09-08 02:29:48.384 20204 21026 I ChromePhotosDataPlane: phase=tls_certificate correlationId=c192 tlsCacheHit=true tlsCacheWaitMs=0.030 tlsCreationMs=0.000
09-08 02:29:48.384 20204 21026 I ChromePhotosDataPlane: phase=tls_material correlationId=c192 tlsMaterialMs=0.462
09-08 02:29:48.387 20204 20933 I ChromePhotosDataPlane: phase=tls_ready correlationId=c193 hostClass=network hostHash=7df7caa0a5579e01 clientProtocol=http/1.1 ca=8be2538814763f0c
09-08 02:29:48.387 20204 21207 I ChromePhotosDataPlane: phase=media_shield_ready origin=same_origin result=204 bytesOut=0
09-08 02:29:48.409 20204 21249 I ChromePhotosDataPlane: phase=tls_ready correlationId=c191 hostClass=network hostHash=816c1c4228e457b0 clientProtocol=http/1.1 ca=8be2538814763f0c
09-08 02:29:48.411 20204 21026 I ChromePhotosDataPlane: phase=tls_ready correlationId=c192 hostClass=network hostHash=fdbc7f1491a89ee6 clientProtocol=http/1.1 ca=8be2538814763f0c
09-08 02:29:48.412 20204 21207 I ChromePhotosDataPlane: phase=media_shield_ready origin=same_origin result=204 bytesOut=0
09-08 02:29:48.413 20204 20989 I ChromePhotosDataPlane: phase=worker_ready correlationId=c194 admissionWaitMs=0.343
09-08 02:29:48.423 20204 20989 I ChromePhotosDataPlane: phase=tls_certificate correlationId=c194 tlsCacheHit=true tlsCacheWaitMs=0.021 tlsCreationMs=0.000
09-08 02:29:48.423 20204 20989 I ChromePhotosDataPlane: phase=tls_material correlationId=c194 tlsMaterialMs=1.168
09-08 02:29:48.428 20204 21207 I ChromePhotosDataPlane: phase=media_shield_ready origin=same_origin result=204 bytesOut=0
09-08 02:29:48.440 20204 20989 I ChromePhotosDataPlane: phase=tls_ready correlationId=c194 hostClass=network hostHash=fdbc7f1491a89ee6 clientProtocol=http/1.1 ca=8be2538814763f0c
09-08 02:29:48.583 20204 21191 I ChromePhotosDataPlane: phase=worker_ready correlationId=c195 admissionWaitMs=0.640
09-08 02:29:48.596 20204 21191 I ChromePhotosDataPlane: phase=tls_certificate correlationId=c195 tlsCacheHit=true tlsCacheWaitMs=0.019 tlsCreationMs=0.000
09-08 02:29:48.596 20204 21191 I ChromePhotosDataPlane: phase=tls_material correlationId=c195 tlsMaterialMs=0.455
09-08 02:29:48.603 20204 21191 I ChromePhotosDataPlane: phase=tls_ready correlationId=c195 hostClass=network hostHash=fdbc7f1491a89ee6 clientProtocol=http/1.1 ca=8be2538814763f0c
09-08 02:29:48.604 20204 20840 I ChromePhotosDataPlane: phase=worker_ready correlationId=c196 admissionWaitMs=0.652
09-08 02:29:48.605 20204 21177 I ChromePhotosDataPlane: phase=worker_ready correlationId=c197 admissionWaitMs=0.223
09-08 02:29:48.608 20204 20840 I ChromePhotosDataPlane: phase=tls_certificate correlationId=c196 tlsCacheHit=true tlsCacheWaitMs=0.007 tlsCreationMs=0.000
09-08 02:29:48.608 20204 20840 I ChromePhotosDataPlane: phase=tls_material correlationId=c196 tlsMaterialMs=0.143
09-08 02:29:48.614 20204 21177 I ChromePhotosDataPlane: phase=tls_certificate correlationId=c197 tlsCacheHit=true tlsCacheWaitMs=0.009 tlsCreationMs=0.000
09-08 02:29:48.614 20204 21177 I ChromePhotosDataPlane: phase=tls_material correlationId=c197 tlsMaterialMs=0.169
09-08 02:29:48.616 20204 20840 I ChromePhotosDataPlane: phase=tls_ready correlationId=c196 hostClass=network hostHash=fdbc7f1491a89ee6 clientProtocol=http/1.1 ca=8be2538814763f0c
09-08 02:29:48.622 20204 21177 I ChromePhotosDataPlane: phase=tls_ready correlationId=c197 hostClass=network hostHash=fdbc7f1491a89ee6 clientProtocol=http/1.1 ca=8be2538814763f0c
09-08 02:29:48.722 20204 21249 I ChromePhotosDataPlane: origin=real hostClass=network hostHash=816c1c4228e457b0 method=POST clientProtocol=http/1.1 upstreamProtocol=h2 status=200 contentType=application/javascript bytesOut=0 transfer=fixed upstreamHeadersMs=309.608 downstreamWriteMs=0.878
09-08 02:29:48.856 20204 21243 I ChromePhotosDataPlane: origin=real hostClass=network hostHash=1c9aae1431eb8709 method=GET clientProtocol=http/1.1 upstreamProtocol=h2 status=200 contentType=application/javascript bytesOut=112 transfer=chunked upstreamHeadersMs=274.209 downstreamWriteMs=3.763
09-08 02:29:49.021 20204 21263 I ChromePhotosDataPlane: phase=worker_ready correlationId=c198 admissionWaitMs=0.534
09-08 02:29:49.037 20204 21279 I ChromePhotosDataPlane: phase=worker_ready correlationId=c199 admissionWaitMs=1.417
09-08 02:29:49.042 20204 21298 I ChromePhotosDataPlane: phase=worker_ready correlationId=c200 admissionWaitMs=0.308
09-08 02:29:49.058 20204 21263 I ChromePhotosDataPlane: phase=tls_certificate correlationId=c198 tlsCacheHit=true tlsCacheWaitMs=0.024 tlsCreationMs=0.000
09-08 02:29:49.058 20204 21263 I ChromePhotosDataPlane: phase=tls_material correlationId=c198 tlsMaterialMs=0.630
09-08 02:29:49.065 20204 21279 I ChromePhotosDataPlane: phase=tls_certificate correlationId=c199 tlsCacheHit=true tlsCacheWaitMs=0.029 tlsCreationMs=0.000
09-08 02:29:49.065 20204 21279 I ChromePhotosDataPlane: phase=tls_material correlationId=c199 tlsMaterialMs=1.202
09-08 02:29:49.080 20204 21298 I ChromePhotosDataPlane: phase=tls_certificate correlationId=c200 tlsCacheHit=true tlsCacheWaitMs=0.021 tlsCreationMs=0.000
09-08 02:29:49.081 20204 21298 I ChromePhotosDataPlane: phase=tls_material correlationId=c200 tlsMaterialMs=0.590
09-08 02:29:49.082 20204 21263 I ChromePhotosDataPlane: phase=tls_ready correlationId=c198 hostClass=network hostHash=ee8cdc867bba487e clientProtocol=http/1.1 ca=8be2538814763f0c
09-08 02:29:49.092 20204 21279 I ChromePhotosDataPlane: phase=tls_ready correlationId=c199 hostClass=network hostHash=fdbc7f1491a89ee6 clientProtocol=http/1.1 ca=8be2538814763f0c
09-08 02:29:49.104 20204 21298 I ChromePhotosDataPlane: phase=tls_ready correlationId=c200 hostClass=network hostHash=ee8cdc867bba487e clientProtocol=http/1.1 ca=8be2538814763f0c
09-08 02:29:49.215 20204 21026 I ChromePhotosDataPlane: origin=real hostClass=network hostHash=fdbc7f1491a89ee6 method=GET clientProtocol=http/1.1 upstreamProtocol=h2 status=200 contentType=image/webp bytesIn=21480 bytesOut=21480 cache=miss decision=safe reason=model_allow source=engine probability=0.019576043 basis=None decodeMs=15.494 inferenceMs=560.008 inferenceQueueMs=0.364 localDecisionMs=576.779  bodyAdmissionMs=0.037 bodyReadMs=0.805 hashMs=0.448 requestToDeliveryMs=799.803 upstreamHeadersMs=194.811 sanitizeMs=596.638 downstreamWriteMs=1.100
09-08 02:29:49.773 20204 20989 I ChromePhotosDataPlane: origin=real hostClass=network hostHash=fdbc7f1491a89ee6 method=GET clientProtocol=http/1.1 upstreamProtocol=h2 status=200 contentType=image/webp bytesIn=26888 bytesOut=26888 cache=miss decision=safe reason=model_allow source=engine probability=0.01354295 basis=None decodeMs=19.928 inferenceMs=539.726 inferenceQueueMs=422.658 localDecisionMs=983.277  bodyAdmissionMs=0.030 bodyReadMs=5.146 hashMs=0.224 requestToDeliveryMs=1331.298 upstreamHeadersMs=327.443 sanitizeMs=1000.202 downstreamWriteMs=1.277
09-08 02:29:50.325 20204 20840 I ChromePhotosDataPlane: origin=real hostClass=network hostHash=fdbc7f1491a89ee6 method=GET clientProtocol=http/1.1 upstreamProtocol=h2 status=200 contentType=image/webp bytesIn=25378 bytesOut=25378 cache=miss decision=safe reason=model_allow source=engine probability=0.09926775 basis=None decodeMs=15.668 inferenceMs=537.291 inferenceQueueMs=542.873 localDecisionMs=1096.599  bodyAdmissionMs=274.941 bodyReadMs=0.287 hashMs=0.379 requestToDeliveryMs=1704.636 upstreamHeadersMs=314.539 sanitizeMs=1388.317 downstreamWriteMs=0.524
09-08 02:29:50.891 20204 21191 I ChromePhotosDataPlane: origin=real hostClass=network hostHash=fdbc7f1491a89ee6 method=GET clientProtocol=http/1.1 upstreamProtocol=h2 status=200 contentType=image/webp bytesIn=16300 bytesOut=16300 cache=miss decision=safe reason=model_allow source=engine probability=0.26753896 basis=None decodeMs=15.194 inferenceMs=545.652 inferenceQueueMs=541.517 localDecisionMs=1103.861  bodyAdmissionMs=812.463 bodyReadMs=0.269 hashMs=0.420 requestToDeliveryMs=2276.377 upstreamHeadersMs=344.258 sanitizeMs=1927.957 downstreamWriteMs=1.402
09-08 02:29:51.446 20204 21263 I ChromePhotosDataPlane: origin=real hostClass=network hostHash=ee8cdc867bba487e method=GET clientProtocol=http/1.1 upstreamProtocol=h2 status=200 contentType=image/png bytesIn=42 bytesOut=704 cache=miss decision=unknown reason=unsupported_gif source=error probability=-1.0 basis=none decodeMs=0.000 inferenceMs=0.000 inferenceQueueMs=0.000 localDecisionMs=0.000  bodyAdmissionMs=2153.553 bodyReadMs=0.172 requestToDeliveryMs=2357.329 upstreamHeadersMs=196.738 sanitizeMs=2154.350 downstreamWriteMs=0.788
09-08 02:29:51.446 20204 21177 I ChromePhotosDataPlane: origin=real hostClass=network hostHash=fdbc7f1491a89ee6 method=GET clientProtocol=http/1.1 upstreamProtocol=h2 status=200 contentType=image/webp bytesIn=16002 bytesOut=16002 cache=miss decision=safe reason=model_allow source=engine probability=0.06782976 basis=None decodeMs=18.347 inferenceMs=538.704 inferenceQueueMs=539.946 localDecisionMs=1098.105  bodyAdmissionMs=1351.469 bodyReadMs=0.520 hashMs=2.218 requestToDeliveryMs=2821.618 upstreamHeadersMs=347.353 sanitizeMs=2470.989 downstreamWriteMs=1.127
09-08 02:29:51.448 20204 21298 I ChromePhotosDataPlane: origin=real hostClass=network hostHash=ee8cdc867bba487e method=GET clientProtocol=http/1.1 upstreamProtocol=h2 status=200 contentType=image/png bytesIn=42 bytesOut=704 cache=miss decision=unknown reason=unsupported_gif source=error probability=-1.0 basis=none decodeMs=0.000 inferenceMs=0.000 inferenceQueueMs=0.000 localDecisionMs=0.000  bodyAdmissionMs=2153.205 bodyReadMs=0.304 requestToDeliveryMs=2341.123 upstreamHeadersMs=184.286 sanitizeMs=2154.200 downstreamWriteMs=0.876
09-08 02:29:52.012 20204 21279 I ChromePhotosDataPlane: origin=real hostClass=network hostHash=fdbc7f1491a89ee6 method=GET clientProtocol=http/1.1 upstreamProtocol=h2 status=200 contentType=image/webp bytesIn=17738 bytesOut=17738 cache=miss decision=safe reason=model_allow source=engine probability=0.094395995 basis=None decodeMs=14.892 inferenceMs=543.616 inferenceQueueMs=540.494 localDecisionMs=1100.533  bodyAdmissionMs=1612.069 bodyReadMs=0.398 hashMs=0.685 requestToDeliveryMs=2914.078 upstreamHeadersMs=174.853 sanitizeMs=2728.819 downstreamWriteMs=3.278
09-08 02:29:52.025 20204 20989 I ChromePhotosDataPlane: origin=real hostClass=network hostHash=fdbc7f1491a89ee6 method=GET clientProtocol=http/1.1 upstreamProtocol=h2 status=200 contentType=image/png bytesIn=25318 bytesOut=25318 cache=hit decision=safe reason=model_allow source=cache probability=0.02602917 basis=None decodeMs=0.000 inferenceMs=0.000 inferenceQueueMs=0.000 localDecisionMs=0.107  bodyAdmissionMs=1984.593 bodyReadMs=0.873 hashMs=1.205 requestToDeliveryMs=2203.925 upstreamHeadersMs=197.943 sanitizeMs=2000.423 downstreamWriteMs=1.983
09-08 02:29:52.031 20204 20840 I ChromePhotosDataPlane: origin=real hostClass=network hostHash=fdbc7f1491a89ee6 method=GET clientProtocol=http/1.1 upstreamProtocol=h2 status=200 contentType=image/webp bytesIn=4032 bytesOut=4032 cache=hit decision=safe reason=model_allow source=cache probability=0.045313567 basis=None decodeMs=0.000 inferenceMs=0.000 inferenceQueueMs=0.000 localDecisionMs=0.783  bodyAdmissionMs=1455.117 bodyReadMs=0.309 hashMs=2.117 requestToDeliveryMs=1657.424 upstreamHeadersMs=189.137 sanitizeMs=1462.864 downstreamWriteMs=1.433
09-08 02:29:52.166 20204 21026 I ChromePhotosDataPlane: origin=real hostClass=network hostHash=fdbc7f1491a89ee6 method=GET clientProtocol=http/1.1 upstreamProtocol=h2 status=200 contentType=image/png bytesIn=6621 bytesOut=6621 cache=miss decision=safe reason=model_allow source=engine probability=0.010038227 basis=None decodeMs=3.019 inferenceMs=135.449 inferenceQueueMs=552.594 localDecisionMs=693.193  bodyAdmissionMs=2016.803 bodyReadMs=0.201 hashMs=0.571 requestToDeliveryMs=2896.867 upstreamHeadersMs=158.926 sanitizeMs=2712.758 downstreamWriteMs=8.266
09-08 02:29:52.297 20204 21191 I ChromePhotosDataPlane: origin=real hostClass=network hostHash=fdbc7f1491a89ee6 method=GET clientProtocol=http/1.1 upstreamProtocol=h2 status=200 contentType=image/webp bytesIn=4912 bytesOut=4912 cache=miss decision=safe reason=model_allow source=engine probability=0.029026985 basis=None decodeMs=6.002 inferenceMs=142.447 inferenceQueueMs=108.980 localDecisionMs=258.708  bodyAdmissionMs=906.020 bodyReadMs=0.320 hashMs=0.448 requestToDeliveryMs=1361.116 upstreamHeadersMs=185.158 sanitizeMs=1169.150 downstreamWriteMs=1.500
09-08 02:29:52.435 20204 21177 I ChromePhotosDataPlane: origin=real hostClass=network hostHash=fdbc7f1491a89ee6 method=GET clientProtocol=http/1.1 upstreamProtocol=h2 status=200 contentType=image/webp bytesIn=4858 bytesOut=4858 cache=miss decision=safe reason=model_allow source=engine probability=0.0034654438 basis=None decodeMs=5.629 inferenceMs=133.808 inferenceQueueMs=120.099 localDecisionMs=260.413  bodyAdmissionMs=480.701 bodyReadMs=0.832 hashMs=1.346 requestToDeliveryMs=938.295 upstreamHeadersMs=167.879 sanitizeMs=765.415 downstreamWriteMs=1.202
09-08 02:29:52.576 20204 20989 I ChromePhotosDataPlane: origin=real hostClass=network hostHash=fdbc7f1491a89ee6 method=GET clientProtocol=http/1.1 upstreamProtocol=h2 status=200 contentType=image/webp bytesIn=8344 bytesOut=8344 cache=miss decision=safe reason=model_allow source=engine probability=0.013767481 basis=None decodeMs=5.594 inferenceMs=136.086 inferenceQueueMs=62.599 localDecisionMs=204.885  bodyAdmissionMs=0.028 bodyReadMs=1.219 hashMs=1.054 requestToDeliveryMs=510.025 upstreamHeadersMs=289.574 sanitizeMs=215.616 downstreamWriteMs=1.456
09-08 02:29:52.727 20204 21279 I ChromePhotosDataPlane: origin=real hostClass=network hostHash=fdbc7f1491a89ee6 method=GET clientProtocol=http/1.1 upstreamProtocol=h2 status=200 contentType=image/webp bytesIn=4986 bytesOut=4986 cache=miss decision=safe reason=model_allow source=engine probability=0.006761968 basis=None decodeMs=5.342 inferenceMs=134.354 inferenceQueueMs=2.521 localDecisionMs=143.477  bodyAdmissionMs=0.035 bodyReadMs=5.074 hashMs=1.099 requestToDeliveryMs=665.748 upstreamHeadersMs=491.212 sanitizeMs=156.118 downstreamWriteMs=1.341
09-08 02:29:52.861 20204 21026 I ChromePhotosDataPlane: origin=real hostClass=network hostHash=fdbc7f1491a89ee6 method=GET clientProtocol=http/1.1 upstreamProtocol=h2 status=200 contentType=image/webp bytesIn=2266 bytesOut=2266 cache=miss decision=safe reason=model_allow source=engine probability=0.01720336 basis=None decodeMs=5.178 inferenceMs=138.255 inferenceQueueMs=137.392 localDecisionMs=281.593  bodyAdmissionMs=11.210 bodyReadMs=0.203 hashMs=0.696 requestToDeliveryMs=659.346 upstreamHeadersMs=356.809 sanitizeMs=295.527 downstreamWriteMs=1.621
09-08 02:29:52.866 20204 21177 I ChromePhotosDataPlane: origin=real hostClass=network hostHash=fdbc7f1491a89ee6 method=GET clientProtocol=http/1.1 upstreamProtocol=h2 status=200 contentType=image/webp bytesIn=6380 bytesOut=6380 cache=hit decision=safe reason=model_allow source=cache probability=0.07566276 basis=None decodeMs=0.000 inferenceMs=0.000 inferenceQueueMs=0.000 localDecisionMs=0.042  bodyAdmissionMs=88.842 bodyReadMs=0.324 hashMs=0.215 requestToDeliveryMs=386.429 upstreamHeadersMs=287.772 sanitizeMs=96.761 downstreamWriteMs=0.472
09-08 02:29:52.928 20204 21401 I ChromePhotosDataPlane: phase=worker_ready correlationId=c201 admissionWaitMs=0.376
09-08 02:29:52.950 20204 21401 I ChromePhotosDataPlane: phase=tls_certificate correlationId=c201 tlsCacheHit=true tlsCacheWaitMs=0.022 tlsCreationMs=0.000
09-08 02:29:52.950 20204 21401 I ChromePhotosDataPlane: phase=tls_material correlationId=c201 tlsMaterialMs=0.464
09-08 02:29:52.956 20204 21401 I ChromePhotosDataPlane: phase=tls_ready correlationId=c201 hostClass=network hostHash=f58aed0f48e58f0c clientProtocol=http/1.1 ca=8be2538814763f0c
09-08 02:29:52.958 20204 21115 I ChromePhotosDataPlane: phase=worker_ready correlationId=c202 admissionWaitMs=0.491
09-08 02:29:52.960 20204 21061 I ChromePhotosDataPlane: phase=worker_ready correlationId=c204 admissionWaitMs=0.217
09-08 02:29:52.960 20204 20937 I ChromePhotosDataPlane: phase=worker_ready correlationId=c203 admissionWaitMs=0.477
09-08 02:29:52.962 20204 21377 I ChromePhotosDataPlane: phase=worker_ready correlationId=c205 admissionWaitMs=0.337
09-08 02:29:52.966 20204 21115 I ChromePhotosDataPlane: phase=tls_certificate correlationId=c202 tlsCacheHit=true tlsCacheWaitMs=0.019 tlsCreationMs=0.000
09-08 02:29:52.966 20204 21115 I ChromePhotosDataPlane: phase=tls_material correlationId=c202 tlsMaterialMs=0.377
09-08 02:29:52.972 20204 21061 I ChromePhotosDataPlane: phase=tls_certificate correlationId=c204 tlsCacheHit=true tlsCacheWaitMs=0.022 tlsCreationMs=0.000
09-08 02:29:52.972 20204 21061 I ChromePhotosDataPlane: phase=tls_material correlationId=c204 tlsMaterialMs=0.477
09-08 02:29:52.974 20204 20937 I ChromePhotosDataPlane: phase=tls_certificate correlationId=c203 tlsCacheHit=true tlsCacheWaitMs=0.020 tlsCreationMs=0.000
09-08 02:29:52.974 20204 20937 I ChromePhotosDataPlane: phase=tls_material correlationId=c203 tlsMaterialMs=0.719
09-08 02:29:52.984 20204 21061 I ChromePhotosDataPlane: phase=tls_ready correlationId=c204 hostClass=network hostHash=f58aed0f48e58f0c clientProtocol=http/1.1 ca=8be2538814763f0c
09-08 02:29:52.985 20204 21377 I ChromePhotosDataPlane: phase=tls_certificate correlationId=c205 tlsCacheHit=true tlsCacheWaitMs=0.023 tlsCreationMs=0.000
09-08 02:29:52.985 20204 21377 I ChromePhotosDataPlane: phase=tls_material correlationId=c205 tlsMaterialMs=0.477
09-08 02:29:52.991 20204 21115 I ChromePhotosDataPlane: phase=tls_ready correlationId=c202 hostClass=network hostHash=f58aed0f48e58f0c clientProtocol=http/1.1 ca=8be2538814763f0c
09-08 02:29:52.992 20204 20937 I ChromePhotosDataPlane: phase=tls_ready correlationId=c203 hostClass=network hostHash=f58aed0f48e58f0c clientProtocol=http/1.1 ca=8be2538814763f0c
09-08 02:29:52.998 20204 21377 I ChromePhotosDataPlane: phase=tls_ready correlationId=c205 hostClass=network hostHash=f58aed0f48e58f0c clientProtocol=http/1.1 ca=8be2538814763f0c
09-08 02:29:53.001 20204 20840 I ChromePhotosDataPlane: origin=real hostClass=network hostHash=fdbc7f1491a89ee6 method=GET clientProtocol=http/1.1 upstreamProtocol=h2 status=200 contentType=image/webp bytesIn=2532 bytesOut=2532 cache=miss decision=safe reason=model_allow source=engine probability=0.008957833 basis=None decodeMs=5.398 inferenceMs=137.332 inferenceQueueMs=135.289 localDecisionMs=278.829  bodyAdmissionMs=152.582 bodyReadMs=0.284 hashMs=2.948 requestToDeliveryMs=925.336 upstreamHeadersMs=484.783 sanitizeMs=437.317 downstreamWriteMs=0.737
09-08 02:29:53.145 20204 21191 I ChromePhotosDataPlane: origin=real hostClass=network hostHash=fdbc7f1491a89ee6 method=GET clientProtocol=http/1.1 upstreamProtocol=h2 status=200 contentType=image/webp bytesIn=5666 bytesOut=5666 cache=miss decision=safe reason=model_allow source=engine probability=0.017977506 basis=None decodeMs=5.272 inferenceMs=135.760 inferenceQueueMs=126.716 localDecisionMs=268.572  bodyAdmissionMs=93.983 bodyReadMs=0.352 hashMs=0.897 requestToDeliveryMs=797.762 upstreamHeadersMs=420.030 sanitizeMs=370.480 downstreamWriteMs=1.451
09-08 02:29:53.165 20204 21207 I ChromePhotosDataPlane: origin=real hostClass=network hostHash=f58aed0f48e58f0c method=POST clientProtocol=http/1.1 upstreamProtocol=h2 status=200 contentType=application/json bytesOut=49 transfer=chunked upstreamHeadersMs=244.010 downstreamWriteMs=1.233
09-08 02:29:53.229 20204 21401 I ChromePhotosDataPlane: origin=real hostClass=network hostHash=f58aed0f48e58f0c method=POST clientProtocol=http/1.1 upstreamProtocol=h2 status=200 contentType=application/json bytesOut=832 transfer=chunked upstreamHeadersMs=250.118 downstreamWriteMs=0.586
09-08 02:29:53.234 20204 21115 I ChromePhotosDataPlane: origin=real hostClass=network hostHash=f58aed0f48e58f0c method=POST clientProtocol=http/1.1 upstreamProtocol=h2 status=200 contentType=application/json bytesOut=136 transfer=chunked upstreamHeadersMs=227.618 downstreamWriteMs=3.091
09-08 02:29:53.249 20204 20937 I ChromePhotosDataPlane: origin=real hostClass=network hostHash=f58aed0f48e58f0c method=POST clientProtocol=http/1.1 upstreamProtocol=h2 status=200 contentType=application/json bytesOut=94 transfer=chunked upstreamHeadersMs=240.768 downstreamWriteMs=2.451
09-08 02:29:53.264 20204 21061 I ChromePhotosDataPlane: origin=real hostClass=network hostHash=f58aed0f48e58f0c method=POST clientProtocol=http/1.1 upstreamProtocol=h2 status=200 contentType=application/json bytesOut=126 transfer=chunked upstreamHeadersMs=261.739 downstreamWriteMs=1.319
09-08 02:29:53.426 20204 21377 I ChromePhotosDataPlane: origin=real hostClass=network hostHash=f58aed0f48e58f0c method=POST clientProtocol=http/1.1 upstreamProtocol=h2 status=200 contentType=application/json bytesOut=33717 transfer=chunked upstreamHeadersMs=404.981 downstreamWriteMs=9.586
09-08 02:29:53.493 20204 21207 I ChromePhotosDataPlane: origin=real hostClass=network hostHash=f58aed0f48e58f0c method=POST clientProtocol=http/1.1 upstreamProtocol=h2 status=200 contentType=application/json bytesOut=92 transfer=chunked upstreamHeadersMs=309.780 downstreamWriteMs=0.895
09-08 02:29:53.493 20204 21401 I ChromePhotosDataPlane: origin=real hostClass=network hostHash=f58aed0f48e58f0c method=POST clientProtocol=http/1.1 upstreamProtocol=h2 status=200 contentType=application/json bytesOut=943 transfer=chunked upstreamHeadersMs=207.797 downstreamWriteMs=0.954
09-08 02:29:53.696 20204 21115 I ChromePhotosDataPlane: origin=real hostClass=network hostHash=f58aed0f48e58f0c method=POST clientProtocol=http/1.1 upstreamProtocol=h2 status=200 contentType=application/json bytesOut=23615 transfer=chunked upstreamHeadersMs=397.102 downstreamWriteMs=3.238
09-08 02:29:53.715 20204 20989 I ChromePhotosDataPlane: origin=real hostClass=network hostHash=fdbc7f1491a89ee6 method=GET clientProtocol=http/1.1 upstreamProtocol=h2 status=200 contentType=image/webp bytesIn=2190 bytesOut=2190 cache=miss decision=safe reason=model_allow source=engine probability=0.03790164 basis=None decodeMs=8.222 inferenceMs=551.853 inferenceQueueMs=139.748 localDecisionMs=702.196  bodyAdmissionMs=64.351 bodyReadMs=0.139 hashMs=0.352 requestToDeliveryMs=1091.538 upstreamHeadersMs=308.677 sanitizeMs=768.222 downstreamWriteMs=1.872
09-08 02:29:53.847 20204 21279 I ChromePhotosDataPlane: origin=real hostClass=network hostHash=fdbc7f1491a89ee6 method=GET clientProtocol=http/1.1 upstreamProtocol=h2 status=200 contentType=image/webp bytesIn=7148 bytesOut=7148 cache=miss decision=safe reason=model_allow source=engine probability=0.009210944 basis=None decodeMs=6.284 inferenceMs=133.641 inferenceQueueMs=549.010 localDecisionMs=689.545  bodyAdmissionMs=0.026 bodyReadMs=1.628 hashMs=0.710 requestToDeliveryMs=1072.349 upstreamHeadersMs=367.862 sanitizeMs=697.282 downstreamWriteMs=1.656
09-08 02:29:54.397 20204 21026 I ChromePhotosDataPlane: origin=real hostClass=network hostHash=fdbc7f1491a89ee6 method=GET clientProtocol=http/1.1 upstreamProtocol=h2 status=200 contentType=image/webp bytesIn=2878 bytesOut=2878 cache=miss decision=safe reason=model_allow source=engine probability=0.039949685 basis=None decodeMs=7.789 inferenceMs=536.596 inferenceQueueMs=127.681 localDecisionMs=673.279  bodyAdmissionMs=259.495 bodyReadMs=0.857 hashMs=1.024 requestToDeliveryMs=1463.147 upstreamHeadersMs=510.751 sanitizeMs=938.094 downstreamWriteMs=1.915
09-08 02:29:54.539 20204 20989 I ChromePhotosDataPlane: origin=real hostClass=network hostHash=fdbc7f1491a89ee6 method=GET clientProtocol=http/1.1 upstreamProtocol=h2 status=200 contentType=image/png bytesIn=7462 bytesOut=7462 cache=miss decision=safe reason=model_allow source=engine probability=0.022609293 basis=None decodeMs=2.793 inferenceMs=133.595 inferenceQueueMs=441.320 localDecisionMs=578.520  bodyAdmissionMs=0.018 bodyReadMs=0.183 hashMs=0.465 requestToDeliveryMs=765.549 upstreamHeadersMs=167.709 sanitizeMs=580.743 downstreamWriteMs=10.654
09-08 02:29:54.616 20204 21298 I ChromePhotosDataPlane: origin=real hostClass=network hostHash=ee8cdc867bba487e method=GET clientProtocol=http/1.1 upstreamProtocol=h2 status=302 contentType= bytesIn=0 bytesOut=0 cache=miss decision=passthrough   requestToDeliveryMs=169.844 upstreamHeadersMs=165.880 sanitizeMs=0.451 downstreamWriteMs=0.839
09-08 02:29:55.117 20204 21191 I ChromePhotosDataPlane: origin=real hostClass=network hostHash=fdbc7f1491a89ee6 method=GET clientProtocol=http/1.1 upstreamProtocol=h2 status=200 contentType=image/webp bytesIn=24630 bytesOut=24630 cache=miss decision=safe reason=model_allow source=engine probability=0.24903974 basis=None decodeMs=15.459 inferenceMs=573.783 inferenceQueueMs=108.664 localDecisionMs=698.760  bodyAdmissionMs=279.106 bodyReadMs=0.852 hashMs=0.591 requestToDeliveryMs=1343.302 upstreamHeadersMs=331.619 sanitizeMs=1005.095 downstreamWriteMs=1.769
09-08 02:29:55.146 20204 21177 I ChromePhotosDataPlane: origin=real hostClass=network hostHash=fdbc7f1491a89ee6 method=GET clientProtocol=http/1.1 upstreamProtocol=h2 status=200 contentType=image/webp bytesIn=31020 bytesOut=31020 cache=hit decision=safe reason=model_allow source=cache probability=0.12847963 basis=None decodeMs=0.000 inferenceMs=0.000 inferenceQueueMs=0.000 localDecisionMs=0.051  bodyAdmissionMs=961.410 bodyReadMs=0.299 hashMs=0.448 requestToDeliveryMs=1225.971 upstreamHeadersMs=230.139 sanitizeMs=986.106 downstreamWriteMs=1.948
09-08 02:29:55.457 20204 21115 I ChromePhotosDataPlane: origin=real hostClass=network hostHash=f58aed0f48e58f0c method=POST clientProtocol=http/1.1 upstreamProtocol=h2 status=200 contentType=application/json bytesOut=1057 transfer=chunked upstreamHeadersMs=339.068 downstreamWriteMs=6.592
09-08 02:29:55.473 20204 21257 I ChromePhotosDataPlane: phase=worker_ready correlationId=c206 admissionWaitMs=0.359
09-08 02:29:55.488 20204 21257 I ChromePhotosDataPlane: phase=tls_certificate correlationId=c206 tlsCacheHit=true tlsCacheWaitMs=0.012 tlsCreationMs=0.000
09-08 02:29:55.488 20204 21257 I ChromePhotosDataPlane: phase=tls_material correlationId=c206 tlsMaterialMs=0.269
09-08 02:29:55.499 20204 21257 I ChromePhotosDataPlane: phase=tls_ready correlationId=c206 hostClass=network hostHash=78545291017afd6d clientProtocol=http/1.1 ca=8be2538814763f0c
09-08 02:29:55.592 20204 20915 I ChromePhotosDataPlane: phase=worker_ready correlationId=c207 admissionWaitMs=0.384
09-08 02:29:55.608 20204 20915 I ChromePhotosDataPlane: phase=tls_certificate correlationId=c207 tlsCacheHit=true tlsCacheWaitMs=0.016 tlsCreationMs=0.000
09-08 02:29:55.608 20204 20915 I ChromePhotosDataPlane: phase=tls_material correlationId=c207 tlsMaterialMs=0.502
09-08 02:29:55.618 20204 20915 I ChromePhotosDataPlane: phase=tls_ready correlationId=c207 hostClass=network hostHash=8d9559743b8b4225 clientProtocol=http/1.1 ca=8be2538814763f0c
09-08 02:29:55.714 20204 21279 I ChromePhotosDataPlane: origin=real hostClass=network hostHash=fdbc7f1491a89ee6 method=GET clientProtocol=http/1.1 upstreamProtocol=h2 status=200 contentType=image/webp bytesIn=38268 bytesOut=38268 cache=miss decision=safe reason=model_allow source=engine probability=0.10734418 basis=None decodeMs=18.237 inferenceMs=578.692 inferenceQueueMs=545.489 localDecisionMs=1143.358  bodyAdmissionMs=394.891 bodyReadMs=3.493 hashMs=0.575 requestToDeliveryMs=1797.249 upstreamHeadersMs=205.923 sanitizeMs=1581.752 downstreamWriteMs=1.393
09-08 02:29:55.722 20204 21263 I ChromePhotosDataPlane: origin=real hostClass=network hostHash=ee8cdc867bba487e method=GET clientProtocol=http/1.1 upstreamProtocol=h2 status=200 contentType=image/png bytesIn=42 bytesOut=704 cache=miss decision=unknown reason=unsupported_gif source=error probability=-1.0 basis=none decodeMs=0.000 inferenceMs=0.000 inferenceQueueMs=0.000 localDecisionMs=0.000  bodyAdmissionMs=1163.830 bodyReadMs=0.249 requestToDeliveryMs=1269.309 upstreamHeadersMs=93.808 sanitizeMs=1164.646 downstreamWriteMs=1.049
09-08 02:29:55.795 20204 20915 I ChromePhotosDataPlane: origin=real hostClass=network hostHash=8d9559743b8b4225 method=POST clientProtocol=http/1.1 upstreamProtocol=h2 status=204 contentType=image/gif bytesIn=0 bytesOut=0 cache=miss decision=passthrough   requestToDeliveryMs=175.310 upstreamHeadersMs=170.567 sanitizeMs=0.105 downstreamWriteMs=1.102
09-08 02:29:56.277 20204 20840 I ChromePhotosDataPlane: origin=real hostClass=network hostHash=fdbc7f1491a89ee6 method=GET clientProtocol=http/1.1 upstreamProtocol=h2 status=200 contentType=image/webp bytesIn=22370 bytesOut=22370 cache=miss decision=safe reason=model_allow source=engine probability=0.24491698 basis=None decodeMs=15.515 inferenceMs=541.630 inferenceQueueMs=561.762 localDecisionMs=1119.572  bodyAdmissionMs=963.543 bodyReadMs=0.552 hashMs=0.295 requestToDeliveryMs=2361.246 upstreamHeadersMs=256.810 sanitizeMs=2090.190 downstreamWriteMs=5.536
09-08 02:29:56.426 20204 21026 I ChromePhotosDataPlane: origin=real hostClass=network hostHash=fdbc7f1491a89ee6 method=GET clientProtocol=http/1.1 upstreamProtocol=h2 status=200 contentType=image/webp bytesIn=20724 bytesOut=20724 cache=miss decision=safe reason=model_allow source=engine probability=0.03526777 basis=None decodeMs=6.885 inferenceMs=139.425 inferenceQueueMs=541.515 localDecisionMs=688.946  bodyAdmissionMs=1071.345 bodyReadMs=0.300 hashMs=0.754 requestToDeliveryMs=1970.307 upstreamHeadersMs=185.921 sanitizeMs=1773.999 downstreamWriteMs=3.429
09-08 02:29:56.987 20204 20989 I ChromePhotosDataPlane: origin=real hostClass=network hostHash=fdbc7f1491a89ee6 method=GET clientProtocol=http/1.1 upstreamProtocol=h2 status=200 contentType=image/webp bytesIn=14462 bytesOut=14462 cache=miss decision=safe reason=model_allow source=engine probability=0.029973358 basis=None decodeMs=19.352 inferenceMs=548.384 inferenceQueueMs=131.654 localDecisionMs=700.645  bodyAdmissionMs=1463.981 bodyReadMs=0.278 hashMs=0.487 requestToDeliveryMs=2402.979 upstreamHeadersMs=217.777 sanitizeMs=2179.686 downstreamWriteMs=1.129
09-08 02:29:57.025 20204 21179 I ChromePhotosDataPlane: phase=worker_ready correlationId=c208 admissionWaitMs=0.561
09-08 02:29:57.064 20204 21179 I ChromePhotosDataPlane: phase=tls_certificate correlationId=c208 tlsCacheHit=true tlsCacheWaitMs=0.018 tlsCreationMs=0.000
09-08 02:29:57.064 20204 21179 I ChromePhotosDataPlane: phase=tls_material correlationId=c208 tlsMaterialMs=0.613
09-08 02:29:57.074 20204 21179 I ChromePhotosDataPlane: phase=tls_ready correlationId=c208 hostClass=network hostHash=acb222ec7473b00e clientProtocol=http/1.1 ca=8be2538814763f0c
09-08 02:29:57.134 20204 21257 I ChromePhotosDataPlane: origin=real hostClass=network hostHash=78545291017afd6d method=GET clientProtocol=http/1.1 upstreamProtocol=h2 status=200 contentType=image/png bytesIn=127837 bytesOut=127837 cache=miss decision=safe reason=model_allow source=engine probability=0.05982989 basis=None decodeMs=11.679 inferenceMs=135.914 inferenceQueueMs=542.649 localDecisionMs=690.996  bodyAdmissionMs=780.049 bodyReadMs=4.272 hashMs=0.349 requestToDeliveryMs=1633.847 upstreamHeadersMs=134.634 sanitizeMs=1495.816 downstreamWriteMs=1.084
09-08 02:29:57.151 20204 21207 I ChromePhotosDataPlane: origin=real hostClass=network hostHash=f58aed0f48e58f0c method=GET clientProtocol=http/1.1 upstreamProtocol=h2 status=200 contentType=image/png bytesIn=769990 bytesOut=704 cache=miss decision=unknown reason=image_format_unknown source=error probability=-1.0 basis=none decodeMs=0.000 inferenceMs=0.000 inferenceQueueMs=0.000 localDecisionMs=0.000  bodyAdmissionMs=1215.706 bodyReadMs=12.118 requestToDeliveryMs=1949.650 upstreamHeadersMs=714.259 sanitizeMs=1230.588 downstreamWriteMs=2.138
09-08 02:29:57.158 20204 20946 I ChromePhotosDataPlane: phase=worker_ready correlationId=c209 admissionWaitMs=0.236
09-08 02:29:57.283 20204 21177 I ChromePhotosDataPlane: origin=real hostClass=network hostHash=fdbc7f1491a89ee6 method=GET clientProtocol=http/1.1 upstreamProtocol=h2 status=200 contentType=image/webp bytesIn=4476 bytesOut=4476 cache=miss decision=safe reason=model_allow source=engine probability=0.0146947205 basis=None decodeMs=4.171 inferenceMs=139.121 inferenceQueueMs=145.393 localDecisionMs=290.946  bodyAdmissionMs=1341.897 bodyReadMs=0.181 hashMs=0.381 requestToDeliveryMs=1801.829 upstreamHeadersMs=160.848 sanitizeMs=1635.441 downstreamWriteMs=2.079
09-08 02:29:57.311 20204 21179 I ChromePhotosDataPlane: phase=media_shield_document origin=real hostClass=network hostHash=acb222ec7473b00e result=transformed documentSequence=16 navigationSequence=8 token=ad9154b9cb95 bytesOut=112157 upstreamHeadersMs=185.677 documentDecisionMs=43.308 downstreamWriteMs=1.196
09-08 02:29:57.318 20204 20946 I ChromePhotosDataPlane: phase=tls_certificate correlationId=c209 tlsCacheHit=false tlsCacheWaitMs=0.031 tlsCreationMs=54.319
09-08 02:29:57.318 20204 20946 I ChromePhotosDataPlane: phase=tls_material correlationId=c209 tlsMaterialMs=55.107
09-08 02:29:57.359 20204 20946 I ChromePhotosDataPlane: phase=tls_ready correlationId=c209 hostClass=network hostHash=a21bcaf0303549c7 clientProtocol=http/1.1 ca=8be2538814763f0c
09-08 02:29:57.367 20204 21193 I ChromePhotosDataPlane: origin=real hostClass=network hostHash=a552b937eecf21c7 method=GET clientProtocol=http/1.1 upstreamProtocol=h2 status=200 contentType=image/png bytesIn=0 bytesOut=704 cache=miss decision=unknown reason=encoded_image_unsupported source=error probability=-1.0 basis=none decodeMs=0.000 inferenceMs=0.000 inferenceQueueMs=0.000 localDecisionMs=0.000   requestToDeliveryMs=232.201 upstreamHeadersMs=227.349 sanitizeMs=0.216 downstreamWriteMs=1.234
09-08 02:29:57.424 20204 21279 I ChromePhotosDataPlane: origin=real hostClass=network hostHash=fdbc7f1491a89ee6 method=GET clientProtocol=http/1.1 upstreamProtocol=h2 status=200 contentType=image/webp bytesIn=4082 bytesOut=4082 cache=miss decision=safe reason=model_allow source=engine probability=0.01923281 basis=None decodeMs=5.524 inferenceMs=137.788 inferenceQueueMs=124.534 localDecisionMs=268.910  bodyAdmissionMs=1158.147 bodyReadMs=0.355 hashMs=0.450 requestToDeliveryMs=1608.588 upstreamHeadersMs=173.184 sanitizeMs=1430.135 downstreamWriteMs=1.300
09-08 02:29:57.565 20204 21191 I ChromePhotosDataPlane: origin=real hostClass=network hostHash=fdbc7f1491a89ee6 method=GET clientProtocol=http/1.1 upstreamProtocol=h2 status=200 contentType=image/webp bytesIn=5646 bytesOut=5646 cache=miss decision=safe reason=model_allow source=engine probability=0.013387382 basis=None decodeMs=5.477 inferenceMs=134.608 inferenceQueueMs=135.627 localDecisionMs=277.008  bodyAdmissionMs=1142.145 bodyReadMs=0.393 hashMs=0.493 requestToDeliveryMs=1723.137 upstreamHeadersMs=294.172 sanitizeMs=1424.820 downstreamWriteMs=1.467
09-08 02:29:57.601 20204 20946 I ChromePhotosDataPlane: phase=media_shield_document origin=real hostClass=network hostHash=a21bcaf0303549c7 result=transformed documentSequence=17 navigationSequence=8 token=ed76f8335a99 bytesOut=119507 upstreamHeadersMs=158.935 documentDecisionMs=69.951 downstreamWriteMs=1.768
09-08 02:29:57.707 20204 20840 I ChromePhotosDataPlane: origin=real hostClass=network hostHash=fdbc7f1491a89ee6 method=GET clientProtocol=http/1.1 upstreamProtocol=h2 status=200 contentType=image/webp bytesIn=3862 bytesOut=3862 cache=miss decision=safe reason=model_allow source=engine probability=0.021878213 basis=None decodeMs=5.374 inferenceMs=135.572 inferenceQueueMs=136.792 localDecisionMs=278.655  bodyAdmissionMs=967.854 bodyReadMs=0.155 hashMs=0.489 requestToDeliveryMs=1419.445 upstreamHeadersMs=164.725 sanitizeMs=1249.408 downstreamWriteMs=1.321
09-08 02:29:58.257 20204 21026 I ChromePhotosDataPlane: origin=real hostClass=network hostHash=fdbc7f1491a89ee6 method=GET clientProtocol=http/1.1 upstreamProtocol=h2 status=200 contentType=image/webp bytesIn=1952 bytesOut=1952 cache=miss decision=safe reason=model_allow source=engine probability=0.031541497 basis=None decodeMs=7.799 inferenceMs=538.060 inferenceQueueMs=138.339 localDecisionMs=685.559  bodyAdmissionMs=919.193 bodyReadMs=0.150 hashMs=0.567 requestToDeliveryMs=1784.720 upstreamHeadersMs=169.180 sanitizeMs=1606.876 downstreamWriteMs=2.121
09-08 02:29:58.812 20204 20989 I ChromePhotosDataPlane: origin=real hostClass=network hostHash=fdbc7f1491a89ee6 method=GET clientProtocol=http/1.1 upstreamProtocol=h2 status=200 contentType=image/webp bytesIn=1754 bytesOut=1754 cache=miss decision=safe reason=model_allow source=engine probability=0.11835408 basis=None decodeMs=8.420 inferenceMs=546.814 inferenceQueueMs=543.037 localDecisionMs=1099.551  bodyAdmissionMs=498.373 bodyReadMs=0.237 hashMs=0.742 requestToDeliveryMs=1770.511 upstreamHeadersMs=162.152 sanitizeMs=1600.722 downstreamWriteMs=2.443
09-08 02:29:59.352 20204 21177 I ChromePhotosDataPlane: origin=real hostClass=network hostHash=fdbc7f1491a89ee6 method=GET clientProtocol=http/1.1 upstreamProtocol=h2 status=200 contentType=image/webp bytesIn=2028 bytesOut=2028 cache=miss decision=safe reason=model_allow source=engine probability=0.03386417 basis=None decodeMs=7.805 inferenceMs=537.730 inferenceQueueMs=553.731 localDecisionMs=1100.230  bodyAdmissionMs=661.237 bodyReadMs=0.099 hashMs=0.187 requestToDeliveryMs=1935.132 upstreamHeadersMs=169.817 sanitizeMs=1762.326 downstreamWriteMs=0.447
09-08 02:29:59.494 20204 21191 I ChromePhotosDataPlane: origin=real hostClass=network hostHash=fdbc7f1491a89ee6 method=GET clientProtocol=http/1.1 upstreamProtocol=h2 status=200 contentType=image/webp bytesIn=8426 bytesOut=8426 cache=miss decision=safe reason=model_allow source=engine probability=0.037530273 basis=None decodeMs=4.363 inferenceMs=133.341 inferenceQueueMs=529.632 localDecisionMs=668.119  bodyAdmissionMs=1055.709 bodyReadMs=0.426 hashMs=1.124 requestToDeliveryMs=1915.386 upstreamHeadersMs=171.636 sanitizeMs=1736.931 downstreamWriteMs=1.847
09-08 02:29:59.630 20204 21279 I ChromePhotosDataPlane: origin=real hostClass=network hostHash=fdbc7f1491a89ee6 method=GET clientProtocol=http/1.1 upstreamProtocol=h2 status=200 contentType=image/webp bytesIn=1242 bytesOut=1242 cache=miss decision=safe reason=model_allow source=engine probability=0.011096597 basis=None decodeMs=3.560 inferenceMs=133.329 inferenceQueueMs=135.124 localDecisionMs=272.883  bodyAdmissionMs=1598.815 bodyReadMs=0.279 hashMs=0.804 requestToDeliveryMs=2194.938 upstreamHeadersMs=315.449 sanitizeMs=1874.429 downstreamWriteMs=1.139
09-08 02:30:00.180 20204 20840 I ChromePhotosDataPlane: origin=real hostClass=network hostHash=fdbc7f1491a89ee6 method=GET clientProtocol=http/1.1 upstreamProtocol=h2 status=200 contentType=image/webp bytesIn=2038 bytesOut=2038 cache=miss decision=safe reason=model_allow source=engine probability=0.03242582 basis=None decodeMs=8.405 inferenceMs=541.466 inferenceQueueMs=129.634 localDecisionMs=680.599  bodyAdmissionMs=1567.901 bodyReadMs=0.330 hashMs=2.233 requestToDeliveryMs=2423.902 upstreamHeadersMs=165.799 sanitizeMs=2254.081 downstreamWriteMs=1.075
09-08 02:30:00.321 20204 21026 I ChromePhotosDataPlane: origin=real hostClass=network hostHash=fdbc7f1491a89ee6 method=GET clientProtocol=http/1.1 upstreamProtocol=h2 status=200 contentType=image/webp bytesIn=3140 bytesOut=3140 cache=miss decision=safe reason=model_allow source=engine probability=0.047480255 basis=None decodeMs=2.689 inferenceMs=132.788 inferenceQueueMs=539.972 localDecisionMs=676.309  bodyAdmissionMs=1133.988 bodyReadMs=0.343 hashMs=0.912 requestToDeliveryMs=2008.299 upstreamHeadersMs=181.896 sanitizeMs=1815.901 downstreamWriteMs=1.867
09-08 02:30:00.452 20204 20989 I ChromePhotosDataPlane: origin=real hostClass=network hostHash=fdbc7f1491a89ee6 method=GET clientProtocol=http/1.1 upstreamProtocol=h2 status=200 contentType=image/webp bytesIn=3980 bytesOut=3980 cache=miss decision=safe reason=model_allow source=engine probability=0.0044358373 basis=None decodeMs=3.826 inferenceMs=132.168 inferenceQueueMs=129.989 localDecisionMs=266.548  bodyAdmissionMs=1160.588 bodyReadMs=0.204 hashMs=0.488 requestToDeliveryMs=1597.716 upstreamHeadersMs=164.505 sanitizeMs=1429.720 downstreamWriteMs=0.976
09-08 02:30:00.593 20204 21177 I ChromePhotosDataPlane: origin=real hostClass=network hostHash=fdbc7f1491a89ee6 method=GET clientProtocol=http/1.1 upstreamProtocol=h2 status=200 contentType=image/webp bytesIn=12548 bytesOut=12548 cache=miss decision=safe reason=model_allow source=engine probability=0.0034264326 basis=None decodeMs=5.967 inferenceMs=131.265 inferenceQueueMs=114.630 localDecisionMs=253.123  bodyAdmissionMs=694.529 bodyReadMs=0.647 hashMs=0.454 requestToDeliveryMs=1222.929 upstreamHeadersMs=250.608 sanitizeMs=965.304 downstreamWriteMs=1.788
09-08 02:30:00.732 20204 21191 I ChromePhotosDataPlane: origin=real hostClass=network hostHash=fdbc7f1491a89ee6 method=GET clientProtocol=http/1.1 upstreamProtocol=h2 status=200 contentType=image/webp bytesIn=7354 bytesOut=7354 cache=miss decision=safe reason=model_allow source=engine probability=0.020469993 basis=None decodeMs=5.549 inferenceMs=131.704 inferenceQueueMs=132.780 localDecisionMs=270.863  bodyAdmissionMs=619.606 bodyReadMs=0.287 hashMs=0.781 requestToDeliveryMs=1183.374 upstreamHeadersMs=278.307 sanitizeMs=895.166 downstreamWriteMs=2.203
09-08 02:30:00.874 20204 21279 I ChromePhotosDataPlane: origin=real hostClass=network hostHash=fdbc7f1491a89ee6 method=GET clientProtocol=http/1.1 upstreamProtocol=h2 status=200 contentType=image/webp bytesIn=5412 bytesOut=5412 cache=miss decision=safe reason=model_allow source=engine probability=0.06589651 basis=None decodeMs=5.493 inferenceMs=135.362 inferenceQueueMs=127.498 localDecisionMs=269.644  bodyAdmissionMs=551.567 bodyReadMs=0.353 hashMs=2.233 requestToDeliveryMs=1197.654 upstreamHeadersMs=359.450 sanitizeMs=830.279 downstreamWriteMs=2.346
09-08 02:30:01.013 20204 20840 I ChromePhotosDataPlane: origin=real hostClass=network hostHash=fdbc7f1491a89ee6 method=GET clientProtocol=http/1.1 upstreamProtocol=h2 status=200 contentType=image/webp bytesIn=10530 bytesOut=10530 cache=miss decision=safe reason=model_allow source=engine probability=0.082609385 basis=None decodeMs=6.658 inferenceMs=134.077 inferenceQueueMs=126.256 localDecisionMs=267.752  bodyAdmissionMs=276.066 bodyReadMs=0.433 hashMs=1.457 requestToDeliveryMs=786.534 upstreamHeadersMs=222.710 sanitizeMs=557.894 downstreamWriteMs=1.529
09-08 02:30:01.152 20204 21177 I ChromePhotosDataPlane: origin=real hostClass=network hostHash=fdbc7f1491a89ee6 method=GET clientProtocol=http/1.1 upstreamProtocol=h2 status=200 contentType=image/webp bytesIn=10332 bytesOut=10332 cache=miss decision=safe reason=model_allow source=engine probability=0.19095385 basis=None decodeMs=4.023 inferenceMs=133.923 inferenceQueueMs=137.042 localDecisionMs=275.883  bodyAdmissionMs=11.261 bodyReadMs=0.163 hashMs=0.293 requestToDeliveryMs=516.252 upstreamHeadersMs=219.240 sanitizeMs=290.498 downstreamWriteMs=4.097
09-08 02:30:01.285 20204 21191 I ChromePhotosDataPlane: origin=real hostClass=network hostHash=fdbc7f1491a89ee6 method=GET clientProtocol=http/1.1 upstreamProtocol=h2 status=200 contentType=image/webp bytesIn=8446 bytesOut=8446 cache=miss decision=safe reason=model_allow source=engine probability=0.041372657 basis=None decodeMs=3.941 inferenceMs=132.612 inferenceQueueMs=84.481 localDecisionMs=221.827  bodyAdmissionMs=0.015 bodyReadMs=0.110 hashMs=0.247 requestToDeliveryMs=505.874 upstreamHeadersMs=279.438 sanitizeMs=223.697 downstreamWriteMs=0.793
09-08 02:30:01.428 20204 20989 I ChromePhotosDataPlane: origin=real hostClass=network hostHash=fdbc7f1491a89ee6 method=GET clientProtocol=http/1.1 upstreamProtocol=h2 status=200 contentType=image/webp bytesIn=6940 bytesOut=6940 cache=miss decision=safe reason=model_allow source=engine probability=0.008428872 basis=None decodeMs=4.119 inferenceMs=131.145 inferenceQueueMs=127.942 localDecisionMs=264.353  bodyAdmissionMs=84.509 bodyReadMs=0.318 hashMs=0.901 requestToDeliveryMs=643.065 upstreamHeadersMs=276.450 sanitizeMs=357.466 downstreamWriteMs=3.284
09-08 02:30:01.566 20204 21026 I ChromePhotosDataPlane: origin=real hostClass=network hostHash=fdbc7f1491a89ee6 method=GET clientProtocol=http/1.1 upstreamProtocol=h2 status=200 contentType=image/webp bytesIn=8122 bytesOut=8122 cache=miss decision=safe reason=model_allow source=engine probability=0.004171163 basis=None decodeMs=4.823 inferenceMs=137.167 inferenceQueueMs=131.230 localDecisionMs=274.090  bodyAdmissionMs=219.773 bodyReadMs=0.216 hashMs=0.537 requestToDeliveryMs=776.384 upstreamHeadersMs=272.730 sanitizeMs=498.114 downstreamWriteMs=1.936
09-08 02:30:02.111 20204 21279 I ChromePhotosDataPlane: origin=real hostClass=network hostHash=fdbc7f1491a89ee6 method=GET clientProtocol=http/1.1 upstreamProtocol=h2 status=200 contentType=image/webp bytesIn=2172 bytesOut=2172 cache=miss decision=safe reason=model_allow source=engine probability=0.04207182 basis=None decodeMs=7.521 inferenceMs=534.820 inferenceQueueMs=126.905 localDecisionMs=671.087  bodyAdmissionMs=155.257 bodyReadMs=0.417 hashMs=8.531 requestToDeliveryMs=1178.114 upstreamHeadersMs=330.446 sanitizeMs=840.451 downstreamWriteMs=1.404
09-08 02:30:02.248 20204 20840 I ChromePhotosDataPlane: origin=real hostClass=network hostHash=fdbc7f1491a89ee6 method=GET clientProtocol=http/1.1 upstreamProtocol=h2 status=200 contentType=image/webp bytesIn=14270 bytesOut=14270 cache=miss decision=safe reason=model_allow source=engine probability=0.010012716 basis=None decodeMs=5.136 inferenceMs=131.653 inferenceQueueMs=516.129 localDecisionMs=654.101  bodyAdmissionMs=90.724 bodyReadMs=0.452 hashMs=1.199 requestToDeliveryMs=1192.256 upstreamHeadersMs=414.573 sanitizeMs=770.762 downstreamWriteMs=2.476
09-08 02:30:02.783 20204 21177 I ChromePhotosDataPlane: origin=real hostClass=network hostHash=fdbc7f1491a89ee6 method=GET clientProtocol=http/1.1 upstreamProtocol=h2 status=200 contentType=image/webp bytesIn=1588 bytesOut=1588 cache=miss decision=safe reason=model_allow source=engine probability=0.0381563 basis=None decodeMs=7.525 inferenceMs=530.018 inferenceQueueMs=132.849 localDecisionMs=671.113  bodyAdmissionMs=633.424 bodyReadMs=0.235 hashMs=0.978 requestToDeliveryMs=1584.656 upstreamHeadersMs=271.150 sanitizeMs=1307.485 downstreamWriteMs=1.370
09-08 02:30:02.927 20204 21191 I ChromePhotosDataPlane: origin=real hostClass=network hostHash=fdbc7f1491a89ee6 method=GET clientProtocol=http/1.1 upstreamProtocol=h2 status=200 contentType=image/webp bytesIn=13682 bytesOut=13682 cache=miss decision=safe reason=model_allow source=engine probability=0.021669686 basis=None decodeMs=4.899 inferenceMs=134.251 inferenceQueueMs=522.979 localDecisionMs=662.965  bodyAdmissionMs=566.118 bodyReadMs=0.530 hashMs=0.442 requestToDeliveryMs=1574.661 upstreamHeadersMs=322.200 sanitizeMs=1243.303 downstreamWriteMs=5.260
09-08 02:30:03.064 20204 20989 I ChromePhotosDataPlane: origin=real hostClass=network hostHash=fdbc7f1491a89ee6 method=GET clientProtocol=http/1.1 upstreamProtocol=h2 status=200 contentType=image/webp bytesIn=3330 bytesOut=3330 cache=miss decision=safe reason=model_allow source=engine probability=0.024564207 basis=None decodeMs=3.844 inferenceMs=133.389 inferenceQueueMs=134.996 localDecisionMs=273.434  bodyAdmissionMs=1103.014 bodyReadMs=0.267 hashMs=0.867 requestToDeliveryMs=1606.720 upstreamHeadersMs=217.423 sanitizeMs=1380.685 downstreamWriteMs=1.420
09-08 02:30:03.233 20204 21026 I ChromePhotosDataPlane: origin=real hostClass=network hostHash=fdbc7f1491a89ee6 method=GET clientProtocol=http/1.1 upstreamProtocol=h2 status=200 contentType=image/webp bytesIn=5024 bytesOut=5024 cache=miss decision=safe reason=model_allow source=engine probability=0.036629498 basis=None decodeMs=3.920 inferenceMs=168.821 inferenceQueueMs=130.832 localDecisionMs=304.326  bodyAdmissionMs=1044.318 bodyReadMs=0.510 hashMs=0.437 requestToDeliveryMs=1633.554 upstreamHeadersMs=275.943 sanitizeMs=1351.947 downstreamWriteMs=1.467
09-08 02:30:03.372 20204 21279 I ChromePhotosDataPlane: origin=real hostClass=network hostHash=fdbc7f1491a89ee6 method=GET clientProtocol=http/1.1 upstreamProtocol=h2 status=200 contentType=image/png bytesIn=8334 bytesOut=704 cache=miss decision=block reason=model_filter source=engine probability=0.6941216 basis=FullThreshold decodeMs=4.301 inferenceMs=133.375 inferenceQueueMs=160.068 localDecisionMs=299.067  bodyAdmissionMs=714.239 bodyReadMs=0.461 hashMs=1.092 requestToDeliveryMs=1201.059 upstreamHeadersMs=172.619 sanitizeMs=1023.064 downstreamWriteMs=1.419
09-08 02:30:03.520 20204 20840 I ChromePhotosDataPlane: origin=real hostClass=network hostHash=fdbc7f1491a89ee6 method=GET clientProtocol=http/1.1 upstreamProtocol=h2 status=200 contentType=image/webp bytesIn=9008 bytesOut=9008 cache=miss decision=safe reason=model_allow source=engine probability=0.007853746 basis=None decodeMs=4.415 inferenceMs=135.598 inferenceQueueMs=128.046 localDecisionMs=269.260  bodyAdmissionMs=724.475 bodyReadMs=0.176 hashMs=0.835 requestToDeliveryMs=1226.795 upstreamHeadersMs=211.274 sanitizeMs=1003.446 downstreamWriteMs=2.916
09-08 02:30:03.662 20204 21177 I ChromePhotosDataPlane: origin=real hostClass=network hostHash=fdbc7f1491a89ee6 method=GET clientProtocol=http/1.1 upstreamProtocol=h2 status=200 contentType=image/webp bytesIn=4554 bytesOut=4554 cache=miss decision=safe reason=model_allow source=engine probability=0.026356846 basis=None decodeMs=5.174 inferenceMs=138.952 inferenceQueueMs=130.433 localDecisionMs=275.467  bodyAdmissionMs=356.922 bodyReadMs=0.370 hashMs=2.057 requestToDeliveryMs=828.763 upstreamHeadersMs=179.497 sanitizeMs=641.264 downstreamWriteMs=1.665
09-08 02:30:03.804 20204 21191 I ChromePhotosDataPlane: origin=real hostClass=network hostHash=fdbc7f1491a89ee6 method=GET clientProtocol=http/1.1 upstreamProtocol=h2 status=200 contentType=image/webp bytesIn=19806 bytesOut=19806 cache=miss decision=safe reason=model_allow source=engine probability=0.050527662 basis=None decodeMs=5.495 inferenceMs=139.160 inferenceQueueMs=123.535 localDecisionMs=269.120  bodyAdmissionMs=332.091 bodyReadMs=0.185 hashMs=1.705 requestToDeliveryMs=834.858 upstreamHeadersMs=206.980 sanitizeMs=621.332 downstreamWriteMs=1.897
09-08 02:30:03.943 20204 20989 I ChromePhotosDataPlane: origin=real hostClass=network hostHash=fdbc7f1491a89ee6 method=GET clientProtocol=http/1.1 upstreamProtocol=h2 status=200 contentType=image/webp bytesIn=14884 bytesOut=14884 cache=miss decision=safe reason=model_allow source=engine probability=0.009524494 basis=None decodeMs=5.471 inferenceMs=135.944 inferenceQueueMs=122.674 localDecisionMs=264.773  bodyAdmissionMs=315.568 bodyReadMs=0.672 hashMs=0.541 requestToDeliveryMs=831.549 upstreamHeadersMs=224.500 sanitizeMs=601.866 downstreamWriteMs=1.219
09-08 02:30:04.084 20204 21026 I ChromePhotosDataPlane: origin=real hostClass=network hostHash=fdbc7f1491a89ee6 method=GET clientProtocol=http/1.1 upstreamProtocol=h2 status=200 contentType=image/webp bytesIn=8642 bytesOut=8642 cache=miss decision=safe reason=model_allow source=engine probability=0.039247274 basis=None decodeMs=4.146 inferenceMs=135.866 inferenceQueueMs=119.322 localDecisionMs=260.219  bodyAdmissionMs=304.667 bodyReadMs=0.411 hashMs=1.309 requestToDeliveryMs=794.143 upstreamHeadersMs=199.465 sanitizeMs=586.683 downstreamWriteMs=1.269
09-08 02:30:04.226 20204 21279 I ChromePhotosDataPlane: origin=real hostClass=network hostHash=fdbc7f1491a89ee6 method=GET clientProtocol=http/1.1 upstreamProtocol=h2 status=200 contentType=image/webp bytesIn=8562 bytesOut=8562 cache=miss decision=safe reason=model_allow source=engine probability=0.023967534 basis=None decodeMs=3.966 inferenceMs=136.102 inferenceQueueMs=126.716 localDecisionMs=268.015  bodyAdmissionMs=272.101 bodyReadMs=0.253 hashMs=0.494 requestToDeliveryMs=803.064 upstreamHeadersMs=242.462 sanitizeMs=553.682 downstreamWriteMs=1.328
09-08 02:30:04.368 20204 20840 I ChromePhotosDataPlane: origin=real hostClass=network hostHash=fdbc7f1491a89ee6 method=GET clientProtocol=http/1.1 upstreamProtocol=h2 status=200 contentType=image/webp bytesIn=17956 bytesOut=17956 cache=miss decision=safe reason=model_allow source=engine probability=0.1295146 basis=None decodeMs=5.572 inferenceMs=133.749 inferenceQueueMs=118.063 localDecisionMs=258.604  bodyAdmissionMs=255.220 bodyReadMs=0.582 hashMs=0.900 requestToDeliveryMs=801.940 upstreamHeadersMs=260.321 sanitizeMs=531.784 downstreamWriteMs=2.299
09-08 02:30:04.508 20204 21177 I ChromePhotosDataPlane: origin=real hostClass=network hostHash=fdbc7f1491a89ee6 method=GET clientProtocol=http/1.1 upstreamProtocol=h2 status=200 contentType=image/webp bytesIn=10418 bytesOut=10418 cache=miss decision=safe reason=model_allow source=engine probability=0.068992525 basis=None decodeMs=4.238 inferenceMs=136.409 inferenceQueueMs=126.331 localDecisionMs=267.820  bodyAdmissionMs=241.925 bodyReadMs=0.446 hashMs=0.892 requestToDeliveryMs=801.358 upstreamHeadersMs=271.671 sanitizeMs=522.090 downstreamWriteMs=1.885
09-08 02:30:04.647 20204 21191 I ChromePhotosDataPlane: origin=real hostClass=network hostHash=fdbc7f1491a89ee6 method=GET clientProtocol=http/1.1 upstreamProtocol=h2 status=200 contentType=image/webp bytesIn=7652 bytesOut=7652 cache=miss decision=safe reason=model_allow source=engine probability=0.01052323 basis=None decodeMs=3.956 inferenceMs=134.727 inferenceQueueMs=126.083 localDecisionMs=266.049  bodyAdmissionMs=218.578 bodyReadMs=0.355 hashMs=1.738 requestToDeliveryMs=795.168 upstreamHeadersMs=289.860 sanitizeMs=498.541 downstreamWriteMs=1.482
09-08 02:30:04.787 20204 20989 I ChromePhotosDataPlane: origin=real hostClass=network hostHash=fdbc7f1491a89ee6 method=GET clientProtocol=http/1.1 upstreamProtocol=h2 status=200 contentType=image/webp bytesIn=13128 bytesOut=13128 cache=miss decision=safe reason=model_allow source=engine probability=0.15108785 basis=None decodeMs=5.128 inferenceMs=135.436 inferenceQueueMs=118.748 localDecisionMs=260.348  bodyAdmissionMs=187.003 bodyReadMs=0.498 hashMs=1.088 requestToDeliveryMs=789.776 upstreamHeadersMs=315.282 sanitizeMs=467.100 downstreamWriteMs=1.687
09-08 02:30:04.926 20204 21026 I ChromePhotosDataPlane: origin=real hostClass=network hostHash=fdbc7f1491a89ee6 method=GET clientProtocol=http/1.1 upstreamProtocol=h2 status=200 contentType=image/webp bytesIn=8932 bytesOut=8932 cache=miss decision=safe reason=model_allow source=engine probability=0.17002895 basis=None decodeMs=4.003 inferenceMs=134.714 inferenceQueueMs=128.116 localDecisionMs=267.654  bodyAdmissionMs=318.811 bodyReadMs=0.497 hashMs=1.064 requestToDeliveryMs=798.010 upstreamHeadersMs=194.315 sanitizeMs=598.295 downstreamWriteMs=1.490
09-08 02:30:05.068 20204 21279 I ChromePhotosDataPlane: origin=real hostClass=network hostHash=fdbc7f1491a89ee6 method=GET clientProtocol=http/1.1 upstreamProtocol=h2 status=200 contentType=image/webp bytesIn=9462 bytesOut=9462 cache=miss decision=safe reason=model_allow source=engine probability=0.028835893 basis=None decodeMs=4.019 inferenceMs=134.839 inferenceQueueMs=124.666 localDecisionMs=264.886  bodyAdmissionMs=312.561 bodyReadMs=0.401 hashMs=0.999 requestToDeliveryMs=789.504 upstreamHeadersMs=189.114 sanitizeMs=591.044 downstreamWriteMs=1.705
09-08 02:30:05.209 20204 20840 I ChromePhotosDataPlane: origin=real hostClass=network hostHash=fdbc7f1491a89ee6 method=GET clientProtocol=http/1.1 upstreamProtocol=h2 status=200 contentType=image/webp bytesIn=13942 bytesOut=13942 cache=miss decision=safe reason=model_allow source=engine probability=0.0045351386 basis=None decodeMs=4.846 inferenceMs=135.444 inferenceQueueMs=116.443 localDecisionMs=257.571  bodyAdmissionMs=281.390 bodyReadMs=0.454 hashMs=1.309 requestToDeliveryMs=787.043 upstreamHeadersMs=214.044 sanitizeMs=561.269 downstreamWriteMs=2.330
09-08 02:30:05.343 20204 21177 I ChromePhotosDataPlane: origin=real hostClass=network hostHash=fdbc7f1491a89ee6 method=GET clientProtocol=http/1.1 upstreamProtocol=h2 status=200 contentType=image/webp bytesIn=4080 bytesOut=4080 cache=miss decision=safe reason=model_allow source=engine probability=0.011391073 basis=None decodeMs=4.061 inferenceMs=134.786 inferenceQueueMs=130.853 localDecisionMs=270.865  bodyAdmissionMs=265.652 bodyReadMs=0.314 hashMs=1.397 requestToDeliveryMs=779.987 upstreamHeadersMs=229.129 sanitizeMs=545.097 downstreamWriteMs=1.011
09-08 02:30:05.897 20204 21191 I ChromePhotosDataPlane: origin=real hostClass=network hostHash=fdbc7f1491a89ee6 method=GET clientProtocol=http/1.1 upstreamProtocol=h2 status=200 contentType=image/webp bytesIn=2542 bytesOut=2542 cache=miss decision=safe reason=model_allow source=engine probability=0.06777713 basis=None decodeMs=8.012 inferenceMs=542.266 inferenceQueueMs=132.419 localDecisionMs=683.918  bodyAdmissionMs=241.674 bodyReadMs=0.345 hashMs=1.364 requestToDeliveryMs=1202.560 upstreamHeadersMs=264.818 sanitizeMs=931.659 downstreamWriteMs=1.625
09-08 02:30:06.042 20204 20989 I ChromePhotosDataPlane: origin=real hostClass=network hostHash=fdbc7f1491a89ee6 method=GET clientProtocol=http/1.1 upstreamProtocol=h2 status=200 contentType=image/webp bytesIn=11582 bytesOut=11582 cache=miss decision=safe reason=model_allow source=engine probability=0.004140049 basis=None decodeMs=4.639 inferenceMs=140.881 inferenceQueueMs=541.293 localDecisionMs=687.808  bodyAdmissionMs=212.218 bodyReadMs=0.274 hashMs=0.668 requestToDeliveryMs=1190.526 upstreamHeadersMs=275.931 sanitizeMs=907.975 downstreamWriteMs=1.410
09-08 02:30:06.177 20204 21279 I ChromePhotosDataPlane: origin=real hostClass=network hostHash=fdbc7f1491a89ee6 method=GET clientProtocol=http/1.1 upstreamProtocol=h2 status=200 contentType=image/webp bytesIn=4174 bytesOut=4174 cache=miss decision=safe reason=model_allow source=engine probability=0.0042713583 basis=None decodeMs=3.843 inferenceMs=133.587 inferenceQueueMs=135.924 localDecisionMs=274.094  bodyAdmissionMs=603.271 bodyReadMs=0.326 hashMs=3.561 requestToDeliveryMs=1066.695 upstreamHeadersMs=177.659 sanitizeMs=886.184 downstreamWriteMs=0.819
09-08 02:30:06.314 20204 21026 I ChromePhotosDataPlane: origin=real hostClass=network hostHash=fdbc7f1491a89ee6 method=GET clientProtocol=http/1.1 upstreamProtocol=h2 status=200 contentType=image/webp bytesIn=5498 bytesOut=5498 cache=miss decision=safe reason=model_allow source=engine probability=0.0055903792 basis=None decodeMs=3.958 inferenceMs=132.870 inferenceQueueMs=130.826 localDecisionMs=268.513  bodyAdmissionMs=744.642 bodyReadMs=0.410 hashMs=1.042 requestToDeliveryMs=1343.956 upstreamHeadersMs=320.868 sanitizeMs=1019.214 downstreamWriteMs=0.777
09-08 02:30:06.453 20204 20840 I ChromePhotosDataPlane: origin=real hostClass=network hostHash=fdbc7f1491a89ee6 method=GET clientProtocol=http/1.1 upstreamProtocol=h2 status=200 contentType=image/webp bytesIn=13510 bytesOut=13510 cache=miss decision=safe reason=model_allow source=engine probability=0.016775787 basis=None decodeMs=4.781 inferenceMs=133.034 inferenceQueueMs=130.064 localDecisionMs=268.868  bodyAdmissionMs=717.784 bodyReadMs=0.191 hashMs=0.397 requestToDeliveryMs=1196.626 upstreamHeadersMs=198.192 sanitizeMs=993.337 downstreamWriteMs=0.932
09-08 02:30:06.594 20204 21177 I ChromePhotosDataPlane: origin=real hostClass=network hostHash=fdbc7f1491a89ee6 method=GET clientProtocol=http/1.1 upstreamProtocol=h2 status=200 contentType=image/webp bytesIn=8904 bytesOut=8904 cache=miss decision=safe reason=model_allow source=engine probability=0.024157077 basis=None decodeMs=4.349 inferenceMs=134.165 inferenceQueueMs=130.436 localDecisionMs=269.731  bodyAdmissionMs=693.339 bodyReadMs=0.242 hashMs=1.325 requestToDeliveryMs=1200.874 upstreamHeadersMs=225.877 sanitizeMs=967.992 downstreamWriteMs=1.725
09-08 02:30:06.735 20204 21191 I ChromePhotosDataPlane: origin=real hostClass=network hostHash=fdbc7f1491a89ee6 method=GET clientProtocol=http/1.1 upstreamProtocol=h2 status=200 contentType=image/webp bytesIn=23638 bytesOut=23638 cache=miss decision=safe reason=model_allow source=engine probability=0.06449026 basis=None decodeMs=5.664 inferenceMs=133.285 inferenceQueueMs=126.506 localDecisionMs=266.361  bodyAdmissionMs=168.662 bodyReadMs=0.276 hashMs=0.553 requestToDeliveryMs=754.726 upstreamHeadersMs=300.880 sanitizeMs=446.932 downstreamWriteMs=1.788
09-08 02:30:06.872 20204 21279 I ChromePhotosDataPlane: origin=real hostClass=network hostHash=fdbc7f1491a89ee6 method=GET clientProtocol=http/1.1 upstreamProtocol=h2 status=200 contentType=image/webp bytesIn=6928 bytesOut=6928 cache=miss decision=safe reason=model_allow source=engine probability=0.13967103 basis=None decodeMs=4.138 inferenceMs=133.691 inferenceQueueMs=129.467 localDecisionMs=268.180  bodyAdmissionMs=104.526 bodyReadMs=0.397 hashMs=1.340 requestToDeliveryMs=634.299 upstreamHeadersMs=243.899 sanitizeMs=381.931 downstreamWriteMs=1.257
09-08 02:30:07.020 20204 20989 I ChromePhotosDataPlane: origin=real hostClass=network hostHash=fdbc7f1491a89ee6 method=GET clientProtocol=http/1.1 upstreamProtocol=h2 status=200 contentType=image/webp bytesIn=3360 bytesOut=3360 cache=miss decision=safe reason=model_allow source=engine probability=0.038284272 basis=None decodeMs=3.884 inferenceMs=137.477 inferenceQueueMs=128.915 localDecisionMs=271.520  bodyAdmissionMs=243.585 bodyReadMs=0.243 hashMs=1.192 requestToDeliveryMs=934.316 upstreamHeadersMs=398.836 sanitizeMs=523.555 downstreamWriteMs=1.505
09-08 02:30:07.168 20204 21026 I ChromePhotosDataPlane: origin=real hostClass=network hostHash=fdbc7f1491a89ee6 method=GET clientProtocol=http/1.1 upstreamProtocol=h2 status=200 contentType=image/webp bytesIn=3634 bytesOut=3634 cache=miss decision=safe reason=model_allow source=engine probability=0.00247401 basis=None decodeMs=3.774 inferenceMs=134.615 inferenceQueueMs=135.661 localDecisionMs=275.592  bodyAdmissionMs=177.400 bodyReadMs=0.252 hashMs=1.417 requestToDeliveryMs=785.903 upstreamHeadersMs=318.453 sanitizeMs=458.050 downstreamWriteMs=2.737
09-08 02:30:07.299 20204 20840 I ChromePhotosDataPlane: origin=real hostClass=network hostHash=fdbc7f1491a89ee6 method=GET clientProtocol=http/1.1 upstreamProtocol=h2 status=200 contentType=image/webp bytesIn=9276 bytesOut=9276 cache=miss decision=safe reason=model_allow source=engine probability=0.021775156 basis=None decodeMs=5.467 inferenceMs=133.767 inferenceQueueMs=127.505 localDecisionMs=267.938  bodyAdmissionMs=156.244 bodyReadMs=0.362 hashMs=0.797 requestToDeliveryMs=790.072 upstreamHeadersMs=343.605 sanitizeMs=434.543 downstreamWriteMs=2.371
09-08 02:30:07.439 20204 21177 I ChromePhotosDataPlane: origin=real hostClass=network hostHash=fdbc7f1491a89ee6 method=GET clientProtocol=http/1.1 upstreamProtocol=h2 status=200 contentType=image/webp bytesIn=6094 bytesOut=6094 cache=miss decision=safe reason=model_allow source=engine probability=0.016579151 basis=None decodeMs=5.647 inferenceMs=134.892 inferenceQueueMs=120.968 localDecisionMs=262.708  bodyAdmissionMs=289.479 bodyReadMs=0.434 hashMs=3.212 requestToDeliveryMs=788.551 upstreamHeadersMs=207.247 sanitizeMs=569.742 downstreamWriteMs=6.678
09-08 02:30:07.577 20204 21191 I ChromePhotosDataPlane: origin=real hostClass=network hostHash=fdbc7f1491a89ee6 method=GET clientProtocol=http/1.1 upstreamProtocol=h2 status=200 contentType=image/webp bytesIn=4186 bytesOut=4186 cache=miss decision=safe reason=model_allow source=engine probability=0.028872639 basis=None decodeMs=5.157 inferenceMs=134.725 inferenceQueueMs=125.906 localDecisionMs=266.674  bodyAdmissionMs=190.042 bodyReadMs=0.378 hashMs=1.888 requestToDeliveryMs=783.773 upstreamHeadersMs=305.445 sanitizeMs=467.912 downstreamWriteMs=2.097
09-08 02:30:07.717 20204 21279 I ChromePhotosDataPlane: origin=real hostClass=network hostHash=fdbc7f1491a89ee6 method=GET clientProtocol=http/1.1 upstreamProtocol=h2 status=200 contentType=image/webp bytesIn=4952 bytesOut=4952 cache=miss decision=safe reason=model_allow source=engine probability=0.028983265 basis=None decodeMs=7.063 inferenceMs=135.159 inferenceQueueMs=130.872 localDecisionMs=274.261  bodyAdmissionMs=122.550 bodyReadMs=0.316 hashMs=1.053 requestToDeliveryMs=793.796 upstreamHeadersMs=382.481 sanitizeMs=403.894 downstreamWriteMs=1.657
09-08 02:30:07.858 20204 20989 I ChromePhotosDataPlane: origin=real hostClass=network hostHash=fdbc7f1491a89ee6 method=GET clientProtocol=http/1.1 upstreamProtocol=h2 status=200 contentType=image/webp bytesIn=4388 bytesOut=4388 cache=miss decision=safe reason=model_allow source=engine probability=0.007515937 basis=None decodeMs=5.655 inferenceMs=134.073 inferenceQueueMs=140.374 localDecisionMs=281.480  bodyAdmissionMs=259.248 bodyReadMs=0.180 hashMs=0.179 requestToDeliveryMs=795.372 upstreamHeadersMs=246.755 sanitizeMs=542.155 downstreamWriteMs=2.269
09-08 02:30:13.332 20204 20204 I ChromePhotosDataPlane: phase=status statusSequence=5 lifecycle=PresentationReady active=true ready=true connections=209 requests=852 safe=193 blocked=10 unknown=41 passthrough=550 cacheHits=29 cacheMisses=188 failures=4 clientDisconnects=9 bytesIn=54936942 bytesOut=46677457 streamed=125 proxyQueueRejects=0 proxyActivePeak=61 proxyP50Ms=204.819 proxyP95Ms=2188.149 proxyP99Ms=2964.023 upstreamSockets=144 protectSuccess=144 protectFailure=0 web11a=not_run web11b=not_run modelLoadMs=306.189 engineCalls=183 dedupeHits=0 decisionCacheConfig=64 decisionConcurrencyConfig=1 decisionQueueConfig=2 decisionTimeoutMs=5000 engineCallsPerRequest=0.8632075471698113 inferencePeak=1 inFlightPeak=2 queuePeak=1 queueRejects=0 timeouts=0 inferenceP50Ms=136.058594 inferenceP95Ms=560.008176 inferenceP99Ms=590.967186 decisionP50Ms=275.46724 decisionP95Ms=1103.861198 decisionP99Ms=1158.405364 cacheHitP50Ms=0.091146 cacheHitP95Ms=0.316042 cacheEntries=64 cacheEvictions=119 preprocessP50Ms=5.54875 preprocessP95Ms=40.608855 preprocessP99Ms=140.456406 preparedCount1=141 preparedCount4=39 preparedCount5=2 preparedCountOther=1 decisionBasis=FullThreshold:9,None:172,Other:1,UncertainRegional:1 imageCandidates=255 imagePrefixPeeks=20 imageMagicCandidates=0 imageBodyAdmissionPeak=2 imageBodyAdmissionRejects=0 networkVisualCandidates=251 networkVisualReplaced=0 networkVisualRawDelivered=0 networkVisualSafeRawDelivered=193 networkVisualBlockedReplaced=10 networkVisualUnknownReplaced=0 networkVisualUnsupportedReplaced=40 networkVisualRawBlockedDelivered=0 networkVisualRawUnknownDelivered=0 networkVisualCacheHit=29 networkVisualInference=177 mediaDocumentsTransformed=17 mediaDocumentsFailClosed=4 documentTransformOutstanding=0 readyTokensOutstanding=17 uiSvgRegistered=1 uiSvgRegistryBytes=134 uiSvgCssRewritten=1 uiSvgCssRejected=0 uiSvgNetworkAccepted=11 uiSvgNetworkRejected=1 uiSvgAssetServed=3 uiSvgAssetRejected=0 h18=REPORT=not_run,EVENT_SEQUENCE=0,COMPAT_DOCS=0,STRICT_DOCS=0,STYLE_REQ=0,SCRIPT_REQ=0,DATA_REQ=0,NETWORK_REQ=0,REPORTS=0,LAST_DOC=none,NETWORK_SHA=ee17e3f62edde61823ce35732ea168f4f5986bff347ccfac063eca7f4009ee1b,AUDIT_SHA=74d4467bbf6833db4eeab998495b7dfc50db3b1f04f407704b839ad3f4b25582 h19=REPORT=not_run,DOCUMENTS=0,FRAMES=0,SCRIPTS=0,FIRST_ORIGINAL_SCRIPTS=0,STYLES=0,WORKERS=0,SERVICE_WORKERS=0,FRAME_REPORTS=0,FRAME_REPORT_REJECTS=0,FRAME_REPORT=not_run,FRAME_REPORT_SHA=not_run,FRAME_CHALLENGE_SHA=not_run,FRAME_GENERATION=0,FRAME_ACCEPTED_CHALLENGE_SHA=not_run,FRAME_REPORT_BINDING_SHA=not_run,SAME_URL_BODIES=0,REPORTS=0,SW_BOUNDARY={INSTALL_DOCS=0,WORKER_SCRIPTS=0,WORKER_PROBE_SCRIPTS=0,PROBE_DOCS=0,CLEANUP_DOCS=0,REPORTS_ACCEPTED=0,REPORTS_REJECTED=0,CONTROLLER_PRESENT=0,CONTROLLER_MISSING=0,NAV_FETCHES=0,SELF_READY_FETCHES=0,SELF_READY_PASS_THROUGH=0,SELF_READY_SYNTHETIC=0,NAV_SYNTHETIC=0,RESET_BASELINE_CLEAN=0,RESET_BASELINE_DIRTY=0,REGISTER_BLOCKED=0,REGISTER_SUCCEEDED=0,WORKER_REGISTER_BLOCKED=0,WORKER_REGISTER_SUCCEEDED=0,WORKER_REGISTER_UNSUPPORTED=0,WORKER_REGISTER_ERROR=0,LAST_CASE=none,LAST_EVENT=none,LAST_VALUE=none},UI_SVG={INLINE_ORIGINAL:PASS,INLINE_CLICK:PASS,SPRITE_ORIGINAL:PASS,UNSAFE_SPRITE_FAIL_CLOSED:PASS,AMBIGUOUS_REFERENCE_FAIL_CLOSED:PASS,STATIC_CSS:PASS,EXTERNAL_CSS:PASS,STYLE_ATTRIBUTE:PASS,DATA_IMAGE:PASS,FAVICON:PASS,PROTECTED_HEAD_RETENTION:PASS,NETWORK_SVG:PASS,UNSAFE_NETWORK_FAIL_CLOSED:PASS,DYNAMIC_CSS:PASS,RASTER_FAIL_CLOSED:PASS,UNSAFE_INLINE_FAIL_CLOSED:PASS} quicAttempts=0 directTcpAttempts=0 bootstrapResetGeneration=2 bootstrapCompleteGeneration=2 bootstrapResetCount=3 chromeSuspended=false guardSession=534 guardHeartbeatSequence=449 audit17State=0 audit17Navigation=0 audit17Events=258 audit17Dropped=0
09-08 02:30:13.332 20204 20204 I ChromeMediaShieldStatus: v=1 seq=5 kind=network mode=selective candidates=251 replaced=0 rawDelivered=0 safeRaw=193 blockedReplaced=10 unknownReplaced=0 unsupportedReplaced=40 rawBlocked=0 rawUnknown=0 cacheHit=29 decisionEngine=177 engineCalls=183
09-08 02:30:13.332 20204 20204 I ChromeMediaShieldStatus: v=1 seq=5 kind=document transformed=17 failClosed=4 outstanding=0 issued=17 claims=8 documentSequence=15 navigationSequence=8 readyRequests=24 readyPreflights=0 readyAccepted=8 readyRejected=0 parserBarrierRequests=0 parserBarrierReady=0 parserBarrierFailClosed=0 selfShield=true selfReadyRequests=8 selfReadyAccepted=8 selfReadyRejected=0 selfReadyRejectReason=none selfShieldReleaseCompleted=8 selfShieldParserContinued=8 selfShieldOriginalScriptStarted=0 selfShieldTraceRejected=0 selfShieldTraceOutstanding=5 bootstrapDiagnosticAccepted=0 bootstrapDiagnosticRejected=0 bootstrapDiagnosticRejectReason=none bootstrapDiagnosticStage=none bootstrapDiagnosticReason=none bootstrapDiagnosticOutstanding=0
09-08 02:30:13.332 20204 20204 I ChromeMediaShieldStatus: v=1 seq=5 kind=renderer reports=0 rejected=0 globalCallbacks=0 globalRecords=0 childRecords=0 attributeRecords=0 maxRecords=0 scanCalls=0 scanRoot=0 scanNodes=0 maxScanNodes=0 scanMicros=0 maxScanMicros=0 observerChildScans=0 observerAttributeScans=0 guardedScans=0 markupScans=0 shadowScans=0 initialScans=0 otherScans=0 sanitizeElement=0 sanitizeContainer=0 img=0 source=0 svg=0 iframe=0 canvas=0 video=0 safeIcon=0 lockIcon=0 geometryWrites=0 svgRecords=0 shadowRoots=0 shadowObservers=0 shadowCallbacks=0 shadowRecords=0 shadowScanCalls=0 ensureStyle=0 ensureCurtain=0 internalMutations=0
09-08 02:30:13.333 20204 20204 I ChromeMediaShieldStatus: v=1 seq=5 kind=rendererApis callScan=createElement=0/0 createElementNS=0/0 appendChild=0/0 insertBefore=0/0 replaceChild=0/0 append=0/0 prepend=0/0 replaceChildren=0/0 before=0/0 after=0/0 replaceWith=0/0 adjacentElement=0/0 moveBefore=0/0 rangeInsert=0/0 rangeSurround=0/0 adoptNode=0/0 cloneNode=0/0 importNode=0/0 safeMarkup=0/0 innerHTML=0/0 outerHTML=0/0 insertAdjacentHTML=0/0 setHTML=0/0 shadowInnerHTML=0/0 execCommandInsertHTML=0/0 mappedTextContent=0/0
09-08 02:30:13.333 20204 20204 I ChromeMediaShieldStatus: v=1 seq=5 kind=rendererFamilies roots=element/fragment/text/other factory:calls=0,scans=0,direct=0,roots=0/0/0/0,nodes=0,micros=0,maxMicros=0 domGuard:calls=0,scans=0,direct=0,roots=0/0/0/0,nodes=0,micros=0,maxMicros=0 markup:calls=0,scans=0,direct=0,roots=0/0/0/0,nodes=0,micros=0,maxMicros=0
09-08 02:30:13.333 20204 20204 I ChromeMediaShieldStatus: v=1 seq=5 kind=uiSvg registered=1 registryBytes=134 cssRewritten=1 cssRejected=0 networkAccepted=11 networkRejected=1 assetServed=3 assetRejected=0
09-08 02:30:13.333 20204 20204 I ChromeMediaShieldStatus: v=1 seq=5 kind=health failures=4 clientDisconnects=9 proxyQueueRejects=0 protectFailure=0 quicAttempts=0 directTcpAttempts=0 active=true ready=true
09-08 02:30:13.333 20204 20204 I ChromeMediaShieldStatus: v=1 seq=5 kind=fixture report=REPORT=not_run,DOCUMENTS=0,FRAMES=0,SCRIPTS=0,FIRST_ORIGINAL_SCRIPTS=0,STYLES=0,WORKERS=0,SERVICE_WORKERS=0,FRAME_REPORTS=0,FRAME_REPORT_REJECTS=0,FRAME_REPORT=not_run,FRAME_REPORT_SHA=not_run,FRAME_CHALLENGE_SHA=not_run,FRAME_GENERATION=0,FRAME_ACCEPTED_CHALLENGE_SHA=not_run,FRAME_REPORT_BINDING_SHA=not_run,SAME_URL_BODIES=0,REPORTS=0,SW_BOUNDARY={INSTALL_DOCS=0,WORKER_SCRIPTS=0,WORKER_PROBE_SCRIPTS=0,PROBE_DOCS=0,CLEANUP_DOCS=0,REPORTS_ACCEPTED=0,REPORTS_REJECTED=0,CONTROLLER_PRESENT=0,CONTROLLER_MISSING=0,NAV_FETCHES=0,SELF_READY_FETCHES=0,SELF_READY_PASS_THROUGH=0,SELF_READY_SYNTHETIC=0,NAV_SYNTHETIC=0,RESET_BASELINE_CLEAN=0,RESET_BASELINE_DIRTY=0,REGISTER_BLOCKED=0,REGISTER_SUCCEEDED=0,WORKER_REGISTER_BLOCKED=0,WORKER_REGISTER_SUCCEEDED=0,WORKER_REGISTER_UNSUPPORTED=0,WORKER_REGISTER_ERROR=0,LAST_CASE=none,LAST_EVENT=none,LAST_VALUE=none},UI_SVG={INLINE_ORIGINAL:PASS,INLINE_CLICK:PASS,SPRITE_ORIGINAL:PASS,UNSAFE_SPRITE_FAIL_CLOSED:PASS,AMBIGUOUS_REFERENCE_FAIL_CLOSED:PASS,STATIC_CSS:PASS,EXTERNAL_CSS:PASS,STYLE_ATTRIBUTE:PASS,DATA_IMAGE:PASS,FAVICON:PASS,PROTECTED_HEAD_RETENTION:PASS,NETWORK_SVG:PASS,UNSAFE_NETWORK_FAIL_CLOSED:PASS,DYNAMIC_CSS:PASS,RASTER_FAIL_CLOSED:PASS,UNSAFE_INLINE_FAIL_CLOSED:PASS}
09-08 02:30:18.838 20204 20989 I ChromePhotosDataPlane: origin=real hostClass=network hostHash=fdbc7f1491a89ee6 method=GET clientProtocol=http/1.1 upstreamProtocol=h2 status=200 contentType=image/webp bytesIn=5882 bytesOut=5882 cache=miss decision=safe reason=model_allow source=engine probability=0.019728243 basis=None decodeMs=6.091 inferenceMs=146.907 inferenceQueueMs=0.263 localDecisionMs=153.928  bodyAdmissionMs=0.047 bodyReadMs=0.259 hashMs=1.082 requestToDeliveryMs=392.905 upstreamHeadersMs=231.638 sanitizeMs=157.993 downstreamWriteMs=1.222
09-08 02:30:19.029 20204 20840 I ChromePhotosDataPlane: origin=real hostClass=network hostHash=fdbc7f1491a89ee6 method=GET clientProtocol=http/1.1 upstreamProtocol=h2 status=200 contentType=image/webp bytesIn=3832 bytesOut=3832 cache=miss decision=safe reason=model_allow source=engine probability=0.022616684 basis=None decodeMs=4.218 inferenceMs=142.372 inferenceQueueMs=0.130 localDecisionMs=147.685  bodyAdmissionMs=0.024 bodyReadMs=0.182 hashMs=0.591 requestToDeliveryMs=560.279 upstreamHeadersMs=404.929 sanitizeMs=151.028 downstreamWriteMs=1.648
09-08 02:30:19.172 20204 21279 I ChromePhotosDataPlane: origin=real hostClass=network hostHash=fdbc7f1491a89ee6 method=GET clientProtocol=http/1.1 upstreamProtocol=h2 status=200 contentType=image/webp bytesIn=7726 bytesOut=7726 cache=miss decision=safe reason=model_allow source=engine probability=0.011861503 basis=None decodeMs=6.127 inferenceMs=137.716 inferenceQueueMs=146.962 localDecisionMs=291.372  bodyAdmissionMs=0.023 bodyReadMs=0.263 hashMs=0.552 requestToDeliveryMs=712.656 upstreamHeadersMs=412.509 sanitizeMs=296.967 downstreamWriteMs=1.217
09-08 02:30:19.311 20204 21026 I ChromePhotosDataPlane: origin=real hostClass=network hostHash=fdbc7f1491a89ee6 method=GET clientProtocol=http/1.1 upstreamProtocol=h2 status=200 contentType=image/webp bytesIn=3438 bytesOut=3438 cache=miss decision=safe reason=model_allow source=engine probability=0.019150347 basis=None decodeMs=3.922 inferenceMs=134.568 inferenceQueueMs=136.577 localDecisionMs=275.696  bodyAdmissionMs=154.569 bodyReadMs=0.217 hashMs=0.574 requestToDeliveryMs=838.048 upstreamHeadersMs=401.577 sanitizeMs=433.225 downstreamWriteMs=1.065
09-08 02:30:19.452 20204 21177 I ChromePhotosDataPlane: origin=real hostClass=network hostHash=fdbc7f1491a89ee6 method=GET clientProtocol=http/1.1 upstreamProtocol=h2 status=200 contentType=image/webp bytesIn=6738 bytesOut=6738 cache=miss decision=safe reason=model_allow source=engine probability=0.013799995 basis=None decodeMs=5.678 inferenceMs=135.072 inferenceQueueMs=135.770 localDecisionMs=277.215  bodyAdmissionMs=293.400 bodyReadMs=0.171 hashMs=0.354 requestToDeliveryMs=986.714 upstreamHeadersMs=410.207 sanitizeMs=573.547 downstreamWriteMs=1.079
09-08 02:30:19.590 20204 21191 I ChromePhotosDataPlane: origin=real hostClass=network hostHash=fdbc7f1491a89ee6 method=GET clientProtocol=http/1.1 upstreamProtocol=h2 status=200 contentType=image/webp bytesIn=4086 bytesOut=4086 cache=miss decision=safe reason=model_allow source=engine probability=0.02936685 basis=None decodeMs=3.849 inferenceMs=133.646 inferenceQueueMs=135.737 localDecisionMs=273.890  bodyAdmissionMs=433.754 bodyReadMs=0.227 hashMs=0.396 requestToDeliveryMs=1126.610 upstreamHeadersMs=413.672 sanitizeMs=709.769 downstreamWriteMs=1.108
09-08 02:30:19.729 20204 20989 I ChromePhotosDataPlane: origin=real hostClass=network hostHash=fdbc7f1491a89ee6 method=GET clientProtocol=http/1.1 upstreamProtocol=h2 status=200 contentType=image/webp bytesIn=3504 bytesOut=3504 cache=miss decision=safe reason=model_allow source=engine probability=0.030646235 basis=None decodeMs=3.835 inferenceMs=134.389 inferenceQueueMs=132.799 localDecisionMs=271.605  bodyAdmissionMs=417.931 bodyReadMs=0.160 hashMs=0.429 requestToDeliveryMs=885.596 upstreamHeadersMs=189.983 sanitizeMs=691.638 downstreamWriteMs=1.014
09-08 02:30:19.738 20204 21232 I ChromePhotosDataPlane: phase=worker_ready correlationId=c210 admissionWaitMs=0.262
09-08 02:30:19.780 20204 21232 I ChromePhotosDataPlane: phase=tls_certificate correlationId=c210 tlsCacheHit=true tlsCacheWaitMs=0.037 tlsCreationMs=0.000
09-08 02:30:19.781 20204 21232 I ChromePhotosDataPlane: phase=tls_material correlationId=c210 tlsMaterialMs=0.738
09-08 02:30:19.794 20204 21232 I ChromePhotosDataPlane: phase=tls_ready correlationId=c210 hostClass=network hostHash=816c1c4228e457b0 clientProtocol=http/1.1 ca=8be2538814763f0c
09-08 02:30:19.871 20204 20840 I ChromePhotosDataPlane: origin=real hostClass=network hostHash=fdbc7f1491a89ee6 method=GET clientProtocol=http/1.1 upstreamProtocol=h2 status=200 contentType=image/webp bytesIn=7270 bytesOut=7270 cache=miss decision=safe reason=model_allow source=engine probability=0.02072692 basis=None decodeMs=6.276 inferenceMs=133.592 inferenceQueueMs=129.954 localDecisionMs=270.711  bodyAdmissionMs=326.528 bodyReadMs=0.162 hashMs=0.385 requestToDeliveryMs=821.167 upstreamHeadersMs=201.963 sanitizeMs=605.638 downstreamWriteMs=1.241
09-08 02:30:20.008 20204 21279 I ChromePhotosDataPlane: origin=real hostClass=network hostHash=fdbc7f1491a89ee6 method=GET clientProtocol=http/1.1 upstreamProtocol=h2 status=200 contentType=image/webp bytesIn=3978 bytesOut=3978 cache=miss decision=safe reason=model_allow source=engine probability=0.037555695 basis=None decodeMs=3.985 inferenceMs=132.869 inferenceQueueMs=135.052 localDecisionMs=272.669  bodyAdmissionMs=234.228 bodyReadMs=0.211 hashMs=0.544 requestToDeliveryMs=822.154 upstreamHeadersMs=305.038 sanitizeMs=511.663 downstreamWriteMs=1.276
09-08 02:30:20.100 20204 21232 I ChromePhotosDataPlane: origin=real hostClass=network hostHash=816c1c4228e457b0 method=POST clientProtocol=http/1.1 upstreamProtocol=h2 status=200 contentType=application/javascript bytesOut=0 transfer=fixed upstreamHeadersMs=299.388 downstreamWriteMs=1.129
09-08 02:30:20.148 20204 21177 I ChromePhotosDataPlane: origin=real hostClass=network hostHash=fdbc7f1491a89ee6 method=GET clientProtocol=http/1.1 upstreamProtocol=h2 status=200 contentType=image/webp bytesIn=3766 bytesOut=3766 cache=miss decision=safe reason=model_allow source=engine probability=0.021158576 basis=None decodeMs=3.866 inferenceMs=132.533 inferenceQueueMs=131.921 localDecisionMs=269.506  bodyAdmissionMs=167.778 bodyReadMs=0.257 hashMs=0.742 requestToDeliveryMs=685.228 upstreamHeadersMs=234.560 sanitizeMs=441.925 downstreamWriteMs=1.739
09-08 02:30:20.290 20204 21026 I ChromePhotosDataPlane: origin=real hostClass=network hostHash=fdbc7f1491a89ee6 method=GET clientProtocol=http/1.1 upstreamProtocol=h2 status=200 contentType=image/webp bytesIn=4222 bytesOut=4222 cache=miss decision=safe reason=model_allow source=engine probability=0.031920522 basis=None decodeMs=3.910 inferenceMs=140.000 inferenceQueueMs=131.352 localDecisionMs=276.652  bodyAdmissionMs=303.562 bodyReadMs=0.256 hashMs=0.769 requestToDeliveryMs=961.537 upstreamHeadersMs=371.278 sanitizeMs=585.133 downstreamWriteMs=1.443
09-08 02:30:20.433 20204 21191 I ChromePhotosDataPlane: origin=real hostClass=network hostHash=fdbc7f1491a89ee6 method=GET clientProtocol=http/1.1 upstreamProtocol=h2 status=200 contentType=image/webp bytesIn=4166 bytesOut=4166 cache=miss decision=safe reason=model_allow source=engine probability=0.04555753 basis=None decodeMs=4.283 inferenceMs=134.254 inferenceQueueMs=135.775 localDecisionMs=275.502  bodyAdmissionMs=265.948 bodyReadMs=0.375 hashMs=1.173 requestToDeliveryMs=830.256 upstreamHeadersMs=271.785 sanitizeMs=549.003 downstreamWriteMs=2.086
09-08 02:30:20.573 20204 20989 I ChromePhotosDataPlane: origin=real hostClass=network hostHash=fdbc7f1491a89ee6 method=GET clientProtocol=http/1.1 upstreamProtocol=h2 status=200 contentType=image/webp bytesIn=4062 bytesOut=4062 cache=miss decision=safe reason=model_allow source=engine probability=0.024045825 basis=None decodeMs=4.044 inferenceMs=135.370 inferenceQueueMs=128.071 localDecisionMs=268.205  bodyAdmissionMs=247.878 bodyReadMs=0.285 hashMs=1.236 requestToDeliveryMs=799.812 upstreamHeadersMs=264.436 sanitizeMs=525.560 downstreamWriteMs=2.823
09-08 02:30:20.708 20204 20840 I ChromePhotosDataPlane: origin=real hostClass=network hostHash=fdbc7f1491a89ee6 method=GET clientProtocol=http/1.1 upstreamProtocol=h2 status=200 contentType=image/webp bytesIn=11928 bytesOut=11928 cache=miss decision=safe reason=model_allow source=engine probability=0.036678493 basis=None decodeMs=4.776 inferenceMs=133.217 inferenceQueueMs=117.722 localDecisionMs=257.010  bodyAdmissionMs=217.157 bodyReadMs=0.542 hashMs=1.405 requestToDeliveryMs=788.962 upstreamHeadersMs=287.171 sanitizeMs=495.250 downstreamWriteMs=1.694
09-08 02:30:20.849 20204 20867 I ChromePhotosDataPlane: phase=worker_ready correlationId=c211 admissionWaitMs=0.630
09-08 02:30:20.855 20204 21279 I ChromePhotosDataPlane: origin=real hostClass=network hostHash=fdbc7f1491a89ee6 method=GET clientProtocol=http/1.1 upstreamProtocol=h2 status=200 contentType=image/webp bytesIn=2482 bytesOut=2482 cache=miss decision=safe reason=model_allow source=engine probability=0.01466921 basis=None decodeMs=3.811 inferenceMs=146.135 inferenceQueueMs=131.164 localDecisionMs=282.213  bodyAdmissionMs=203.868 bodyReadMs=0.324 hashMs=2.733 requestToDeliveryMs=795.478 upstreamHeadersMs=296.613 sanitizeMs=492.795 downstreamWriteMs=0.898
09-08 02:30:20.865 20204 20867 W ChromePhotosDataPlane: phase=connection_failed correlationId=c211 error=UnknownHostException
09-08 02:30:20.906 20204 20922 I ChromePhotosDataPlane: phase=worker_ready correlationId=c212 admissionWaitMs=0.543
09-08 02:30:20.915 20204 20916 I ChromePhotosDataPlane: phase=worker_ready correlationId=c213 admissionWaitMs=0.295
09-08 02:30:20.958 20204 20916 I ChromePhotosDataPlane: phase=tls_certificate correlationId=c213 tlsCacheHit=true tlsCacheWaitMs=0.038 tlsCreationMs=0.000
09-08 02:30:20.958 20204 20916 I ChromePhotosDataPlane: phase=tls_material correlationId=c213 tlsMaterialMs=0.727
09-08 02:30:20.965 20204 20922 I ChromePhotosDataPlane: phase=tls_certificate correlationId=c212 tlsCacheHit=true tlsCacheWaitMs=0.031 tlsCreationMs=0.000
09-08 02:30:20.965 20204 20922 I ChromePhotosDataPlane: phase=tls_material correlationId=c212 tlsMaterialMs=0.799
09-08 02:30:20.976 20204 20916 I ChromePhotosDataPlane: phase=tls_ready correlationId=c213 hostClass=network hostHash=f5594fab1b035ec0 clientProtocol=http/1.1 ca=8be2538814763f0c
09-08 02:30:20.978 20204 20922 I ChromePhotosDataPlane: phase=tls_ready correlationId=c212 hostClass=network hostHash=df8ab3acb3324531 clientProtocol=http/1.1 ca=8be2538814763f0c
09-08 02:30:20.992 20204 20963 I ChromePhotosDataPlane: phase=worker_ready correlationId=c214 admissionWaitMs=0.594
09-08 02:30:20.996 20204 21242 I ChromePhotosDataPlane: phase=worker_ready correlationId=c215 admissionWaitMs=0.252
09-08 02:30:20.998 20204 21026 I ChromePhotosDataPlane: origin=real hostClass=network hostHash=fdbc7f1491a89ee6 method=GET clientProtocol=http/1.1 upstreamProtocol=h2 status=200 contentType=image/webp bytesIn=3534 bytesOut=3534 cache=miss decision=safe reason=model_allow source=engine probability=0.04546851 basis=None decodeMs=3.944 inferenceMs=137.637 inferenceQueueMs=137.871 localDecisionMs=280.520  bodyAdmissionMs=179.643 bodyReadMs=0.395 hashMs=1.097 requestToDeliveryMs=656.039 upstreamHeadersMs=181.483 sanitizeMs=468.396 downstreamWriteMs=1.091
09-08 02:30:21.058 20204 21242 I ChromePhotosDataPlane: phase=tls_certificate correlationId=c215 tlsCacheHit=true tlsCacheWaitMs=0.021 tlsCreationMs=0.000
09-08 02:30:21.058 20204 21242 I ChromePhotosDataPlane: phase=tls_material correlationId=c215 tlsMaterialMs=0.463
09-08 02:30:21.064 20204 20963 I ChromePhotosDataPlane: phase=tls_certificate correlationId=c214 tlsCacheHit=true tlsCacheWaitMs=0.015 tlsCreationMs=0.000
09-08 02:30:21.064 20204 20963 I ChromePhotosDataPlane: phase=tls_material correlationId=c214 tlsMaterialMs=0.470
09-08 02:30:21.072 20204 21242 I ChromePhotosDataPlane: phase=tls_ready correlationId=c215 hostClass=network hostHash=ee8cdc867bba487e clientProtocol=http/1.1 ca=8be2538814763f0c
09-08 02:30:21.084 20204 20963 I ChromePhotosDataPlane: phase=tls_ready correlationId=c214 hostClass=network hostHash=191347bfe55d0ca9 clientProtocol=http/1.1 ca=8be2538814763f0c
09-08 02:30:21.140 20204 21177 I ChromePhotosDataPlane: origin=real hostClass=network hostHash=fdbc7f1491a89ee6 method=GET clientProtocol=http/1.1 upstreamProtocol=h2 status=200 contentType=image/webp bytesIn=5208 bytesOut=5208 cache=miss decision=safe reason=model_allow source=engine probability=0.0024002194 basis=None decodeMs=4.200 inferenceMs=138.502 inferenceQueueMs=138.470 localDecisionMs=282.015  bodyAdmissionMs=322.843 bodyReadMs=0.240 hashMs=0.374 requestToDeliveryMs=929.066 upstreamHeadersMs=317.984 sanitizeMs=607.478 downstreamWriteMs=0.778
09-08 02:30:21.282 20204 20963 I ChromePhotosDataPlane: origin=real hostClass=network hostHash=191347bfe55d0ca9 method=POST clientProtocol=http/1.1 upstreamProtocol=h2 status=200 contentType=text/plain bytesOut=0 transfer=fixed upstreamHeadersMs=190.820 downstreamWriteMs=1.350
09-08 02:30:21.282 20204 21242 I ChromePhotosDataPlane: origin=real hostClass=network hostHash=ee8cdc867bba487e method=POST clientProtocol=http/1.1 upstreamProtocol=h2 status=204 contentType=text/html bytesOut=0 transfer=fixed upstreamHeadersMs=198.481 downstreamWriteMs=1.674
09-08 02:30:21.286 20204 21191 I ChromePhotosDataPlane: origin=real hostClass=network hostHash=fdbc7f1491a89ee6 method=GET clientProtocol=http/1.1 upstreamProtocol=h2 status=200 contentType=image/webp bytesIn=4520 bytesOut=4520 cache=miss decision=safe reason=model_allow source=engine probability=0.02315098 basis=None decodeMs=4.090 inferenceMs=137.666 inferenceQueueMs=135.937 localDecisionMs=278.666  bodyAdmissionMs=306.514 bodyReadMs=0.248 hashMs=0.554 requestToDeliveryMs=809.548 upstreamHeadersMs=216.213 sanitizeMs=588.113 downstreamWriteMs=1.782
09-08 02:30:21.309 20204 21107 I ChromePhotosDataPlane: phase=worker_ready correlationId=c216 admissionWaitMs=0.221
09-08 02:30:21.318 20204 20974 I ChromePhotosDataPlane: phase=worker_ready correlationId=c217 admissionWaitMs=0.683
09-08 02:30:21.324 20204 21107 I ChromePhotosDataPlane: phase=tls_certificate correlationId=c216 tlsCacheHit=true tlsCacheWaitMs=0.141 tlsCreationMs=0.000
09-08 02:30:21.324 20204 21107 I ChromePhotosDataPlane: phase=tls_material correlationId=c216 tlsMaterialMs=0.503
09-08 02:30:21.336 20204 20916 I ChromePhotosDataPlane: origin=real hostClass=network hostHash=f5594fab1b035ec0 method=GET clientProtocol=http/1.1 upstreamProtocol=h2 status=200 contentType=application/javascript bytesOut=2557 transfer=fixed upstreamHeadersMs=351.445 downstreamWriteMs=1.354
09-08 02:30:21.336 20204 21107 I ChromePhotosDataPlane: phase=tls_ready correlationId=c216 hostClass=network hostHash=29078f5ef8eb9960 clientProtocol=http/1.1 ca=8be2538814763f0c
09-08 02:30:21.348 20204 21152 I ChromePhotosDataPlane: phase=worker_ready correlationId=c218 admissionWaitMs=0.271
09-08 02:30:21.368 20204 20922 I ChromePhotosDataPlane: origin=real hostClass=network hostHash=df8ab3acb3324531 method=GET clientProtocol=http/1.1 upstreamProtocol=h2 status=304 contentType= bytesOut=0 transfer=fixed upstreamHeadersMs=383.684 downstreamWriteMs=0.349
09-08 02:30:21.385 20204 20974 I ChromePhotosDataPlane: phase=tls_certificate correlationId=c217 tlsCacheHit=true tlsCacheWaitMs=0.018 tlsCreationMs=0.000
09-08 02:30:21.385 20204 20974 I ChromePhotosDataPlane: phase=tls_material correlationId=c217 tlsMaterialMs=0.798
09-08 02:30:21.391 20204 21152 I ChromePhotosDataPlane: phase=tls_certificate correlationId=c218 tlsCacheHit=true tlsCacheWaitMs=0.024 tlsCreationMs=0.000
09-08 02:30:21.391 20204 21152 I ChromePhotosDataPlane: phase=tls_material correlationId=c218 tlsMaterialMs=0.517
09-08 02:30:21.407 20204 21152 I ChromePhotosDataPlane: phase=tls_ready correlationId=c218 hostClass=network hostHash=4dce8d0b280a268f clientProtocol=http/1.1 ca=8be2538814763f0c
09-08 02:30:21.407 20204 20974 I ChromePhotosDataPlane: phase=tls_ready correlationId=c217 hostClass=network hostHash=9d6e17ba2c400ce0 clientProtocol=http/1.1 ca=8be2538814763f0c
09-08 02:30:21.434 20204 20989 I ChromePhotosDataPlane: origin=real hostClass=network hostHash=fdbc7f1491a89ee6 method=GET clientProtocol=http/1.1 upstreamProtocol=h2 status=200 contentType=image/webp bytesIn=8086 bytesOut=8086 cache=miss decision=safe reason=model_allow source=engine probability=0.1825251 basis=None decodeMs=5.606 inferenceMs=145.237 inferenceQueueMs=137.587 localDecisionMs=289.010  bodyAdmissionMs=280.235 bodyReadMs=0.162 hashMs=0.504 requestToDeliveryMs=817.231 upstreamHeadersMs=241.498 sanitizeMs=572.733 downstreamWriteMs=0.935
09-08 02:30:21.470 20204 21133 I ChromePhotosDataPlane: phase=worker_ready correlationId=c219 admissionWaitMs=0.316
09-08 02:30:21.495 20204 21107 I ChromePhotosDataPlane: origin=real hostClass=network hostHash=29078f5ef8eb9960 method=GET clientProtocol=http/1.1 upstreamProtocol=h2 status=304 contentType= bytesOut=0 transfer=fixed upstreamHeadersMs=137.409 downstreamWriteMs=0.443
09-08 02:30:21.525 20204 21133 I ChromePhotosDataPlane: phase=tls_certificate correlationId=c219 tlsCacheHit=true tlsCacheWaitMs=0.021 tlsCreationMs=0.000
09-08 02:30:21.525 20204 21133 I ChromePhotosDataPlane: phase=tls_material correlationId=c219 tlsMaterialMs=0.531
09-08 02:30:21.535 20204 21133 I ChromePhotosDataPlane: phase=tls_ready correlationId=c219 hostClass=network hostHash=66f6975d8388801b clientProtocol=http/1.1 ca=8be2538814763f0c
09-08 02:30:21.578 20204 20840 I ChromePhotosDataPlane: origin=real hostClass=network hostHash=fdbc7f1491a89ee6 method=GET clientProtocol=http/1.1 upstreamProtocol=h2 status=200 contentType=image/webp bytesIn=2632 bytesOut=2632 cache=miss decision=safe reason=model_allow source=engine probability=0.009011596 basis=None decodeMs=3.894 inferenceMs=139.513 inferenceQueueMs=131.229 localDecisionMs=275.173  bodyAdmissionMs=249.228 bodyReadMs=0.464 hashMs=15.345 requestToDeliveryMs=818.749 upstreamHeadersMs=270.776 sanitizeMs=543.600 downstreamWriteMs=0.879
09-08 02:30:21.720 20204 21279 I ChromePhotosDataPlane: origin=real hostClass=network hostHash=fdbc7f1491a89ee6 method=GET clientProtocol=http/1.1 upstreamProtocol=h2 status=200 contentType=image/webp bytesIn=5412 bytesOut=5412 cache=miss decision=safe reason=model_allow source=engine probability=0.08441201 basis=None decodeMs=4.049 inferenceMs=136.035 inferenceQueueMs=140.086 localDecisionMs=280.945  bodyAdmissionMs=227.929 bodyReadMs=0.182 hashMs=0.404 requestToDeliveryMs=818.892 upstreamHeadersMs=301.822 sanitizeMs=512.326 downstreamWriteMs=1.586
09-08 02:30:21.767 20204 20974 I ChromePhotosDataPlane: origin=real hostClass=network hostHash=9d6e17ba2c400ce0 method=GET clientProtocol=http/1.1 upstreamProtocol=h2 status=200 contentType=text/html bytesOut=2743 transfer=chunked upstreamHeadersMs=349.942 downstreamWriteMs=2.743
09-08 02:30:22.019 20204 20983 I ChromePhotosDataPlane: phase=worker_ready correlationId=c220 admissionWaitMs=0.434
09-08 02:30:22.021 20204 21031 I ChromePhotosDataPlane: phase=worker_ready correlationId=c221 admissionWaitMs=0.254
09-08 02:30:22.025 20204 21031 I ChromePhotosDataPlane: phase=tls_certificate correlationId=c221 tlsCacheHit=true tlsCacheWaitMs=0.012 tlsCreationMs=0.000
09-08 02:30:22.025 20204 21031 I ChromePhotosDataPlane: phase=tls_material correlationId=c221 tlsMaterialMs=0.228
09-08 02:30:22.031 20204 21031 I ChromePhotosDataPlane: phase=tls_ready correlationId=c221 hostClass=network hostHash=191347bfe55d0ca9 clientProtocol=http/1.1 ca=8be2538814763f0c
09-08 02:30:22.044 20204 21375 I ChromePhotosDataPlane: phase=worker_ready correlationId=c222 admissionWaitMs=0.543
09-08 02:30:22.047 20204 21062 I ChromePhotosDataPlane: phase=worker_ready correlationId=c223 admissionWaitMs=0.355
09-08 02:30:22.051 20204 21062 I ChromePhotosDataPlane: phase=tls_certificate correlationId=c223 tlsCacheHit=true tlsCacheWaitMs=0.015 tlsCreationMs=0.000
09-08 02:30:22.051 20204 21062 I ChromePhotosDataPlane: phase=tls_material correlationId=c223 tlsMaterialMs=0.208
09-08 02:30:22.056 20204 21375 I ChromePhotosDataPlane: phase=tls_certificate correlationId=c222 tlsCacheHit=true tlsCacheWaitMs=0.026 tlsCreationMs=0.000
09-08 02:30:22.057 20204 21375 I ChromePhotosDataPlane: phase=tls_material correlationId=c222 tlsMaterialMs=0.652
09-08 02:30:22.057 20204 21018 I ChromePhotosDataPlane: phase=worker_ready correlationId=c224 admissionWaitMs=0.441
09-08 02:30:22.065 20204 21062 I ChromePhotosDataPlane: phase=tls_ready correlationId=c223 hostClass=network hostHash=ee8cdc867bba487e clientProtocol=http/1.1 ca=8be2538814763f0c
09-08 02:30:22.069 20204 20983 I ChromePhotosDataPlane: phase=tls_certificate correlationId=c220 tlsCacheHit=true tlsCacheWaitMs=0.030 tlsCreationMs=0.000
09-08 02:30:22.069 20204 20983 I ChromePhotosDataPlane: phase=tls_material correlationId=c220 tlsMaterialMs=0.665
09-08 02:30:22.078 20204 20983 I ChromePhotosDataPlane: phase=tls_ready correlationId=c220 hostClass=network hostHash=fa24434ded0218fe clientProtocol=http/1.1 ca=8be2538814763f0c
09-08 02:30:22.081 20204 21375 I ChromePhotosDataPlane: phase=tls_ready correlationId=c222 hostClass=network hostHash=191347bfe55d0ca9 clientProtocol=http/1.1 ca=8be2538814763f0c
09-08 02:30:22.084 20204 20932 I ChromePhotosDataPlane: phase=worker_ready correlationId=c225 admissionWaitMs=0.371
09-08 02:30:22.089 20204 21152 I ChromePhotosDataPlane: origin=real hostClass=network hostHash=4dce8d0b280a268f method=GET clientProtocol=http/1.1 upstreamProtocol=h2 status=204 contentType= bytesIn=0 bytesOut=0 cache=miss decision=passthrough   requestToDeliveryMs=679.384 upstreamHeadersMs=676.951 sanitizeMs=0.033 downstreamWriteMs=0.597
09-08 02:30:22.094 20204 20932 I ChromePhotosDataPlane: phase=tls_certificate correlationId=c225 tlsCacheHit=true tlsCacheWaitMs=0.012 tlsCreationMs=0.000
09-08 02:30:22.095 20204 20932 I ChromePhotosDataPlane: phase=tls_material correlationId=c225 tlsMaterialMs=0.261
09-08 02:30:22.100 20204 21133 I ChromePhotosDataPlane: origin=real hostClass=network hostHash=66f6975d8388801b method=GET clientProtocol=http/1.1 upstreamProtocol=h2 status=403 contentType=application/xml bytesOut=263 transfer=chunked upstreamHeadersMs=556.937 downstreamWriteMs=1.577
09-08 02:30:22.102 20204 21018 I ChromePhotosDataPlane: phase=tls_certificate correlationId=c224 tlsCacheHit=true tlsCacheWaitMs=0.022 tlsCreationMs=0.000
09-08 02:30:22.102 20204 21018 I ChromePhotosDataPlane: phase=tls_material correlationId=c224 tlsMaterialMs=0.777
09-08 02:30:22.103 20204 20932 I ChromePhotosDataPlane: phase=tls_ready correlationId=c225 hostClass=network hostHash=191347bfe55d0ca9 clientProtocol=http/1.1 ca=8be2538814763f0c
09-08 02:30:22.118 20204 21018 I ChromePhotosDataPlane: phase=tls_ready correlationId=c224 hostClass=network hostHash=ef6a1cd63150fbbc clientProtocol=http/1.1 ca=8be2538814763f0c
09-08 02:30:22.173 20204 20932 I ChromePhotosDataPlane: origin=real hostClass=network hostHash=191347bfe55d0ca9 method=POST clientProtocol=http/1.1 upstreamProtocol=h2 status=200 contentType=text/plain bytesOut=0 transfer=fixed upstreamHeadersMs=64.545 downstreamWriteMs=1.070
09-08 02:30:22.185 20204 21031 I ChromePhotosDataPlane: origin=real hostClass=network hostHash=191347bfe55d0ca9 method=POST clientProtocol=http/1.1 upstreamProtocol=h2 status=200 contentType=text/html bytesOut=0 transfer=fixed upstreamHeadersMs=149.723 downstreamWriteMs=1.018
09-08 02:30:22.189 20204 21031 I ChromePhotosDataPlane: phase=worker_ready correlationId=c226 admissionWaitMs=0.496
09-08 02:30:22.192 20204 21092 I ChromePhotosDataPlane: phase=worker_ready correlationId=c227 admissionWaitMs=0.274
09-08 02:30:22.196 20204 21092 I ChromePhotosDataPlane: phase=tls_certificate correlationId=c227 tlsCacheHit=true tlsCacheWaitMs=0.013 tlsCreationMs=0.000
09-08 02:30:22.196 20204 21092 I ChromePhotosDataPlane: phase=tls_material correlationId=c227 tlsMaterialMs=0.216
09-08 02:30:22.199 20204 21031 I ChromePhotosDataPlane: phase=tls_certificate correlationId=c226 tlsCacheHit=true tlsCacheWaitMs=0.017 tlsCreationMs=0.000
09-08 02:30:22.199 20204 21031 I ChromePhotosDataPlane: phase=tls_material correlationId=c226 tlsMaterialMs=0.388
09-08 02:30:22.203 20204 21092 I ChromePhotosDataPlane: phase=tls_ready correlationId=c227 hostClass=network hostHash=191347bfe55d0ca9 clientProtocol=http/1.1 ca=8be2538814763f0c
09-08 02:30:22.206 20204 21031 I ChromePhotosDataPlane: phase=tls_ready correlationId=c226 hostClass=network hostHash=fa24434ded0218fe clientProtocol=http/1.1 ca=8be2538814763f0c
09-08 02:30:22.207 20204 21012 I ChromePhotosDataPlane: phase=worker_ready correlationId=c228 admissionWaitMs=0.316
09-08 02:30:22.215 20204 21012 I ChromePhotosDataPlane: phase=tls_certificate correlationId=c228 tlsCacheHit=true tlsCacheWaitMs=0.014 tlsCreationMs=0.000
09-08 02:30:22.215 20204 21012 I ChromePhotosDataPlane: phase=tls_material correlationId=c228 tlsMaterialMs=0.388
09-08 02:30:22.229 20204 21375 I ChromePhotosDataPlane: origin=real hostClass=network hostHash=191347bfe55d0ca9 method=POST clientProtocol=http/1.1 upstreamProtocol=h2 status=200 contentType=text/plain bytesOut=0 transfer=fixed upstreamHeadersMs=139.716 downstreamWriteMs=0.809
09-08 02:30:22.242 20204 21012 I ChromePhotosDataPlane: phase=tls_ready correlationId=c228 hostClass=network hostHash=191347bfe55d0ca9 clientProtocol=http/1.1 ca=8be2538814763f0c
09-08 02:30:22.288 20204 21092 I ChromePhotosDataPlane: origin=real hostClass=network hostHash=191347bfe55d0ca9 method=POST clientProtocol=http/1.1 upstreamProtocol=h2 status=200 contentType=text/html bytesOut=0 transfer=fixed upstreamHeadersMs=76.935 downstreamWriteMs=0.401
09-08 02:30:22.314 20204 21012 I ChromePhotosDataPlane: origin=real hostClass=network hostHash=191347bfe55d0ca9 method=POST clientProtocol=http/1.1 upstreamProtocol=h2 status=200 contentType=text/plain bytesOut=0 transfer=fixed upstreamHeadersMs=63.116 downstreamWriteMs=0.457
09-08 02:30:22.338 20204 21018 I ChromePhotosDataPlane: phase=media_shield_document origin=real hostClass=network hostHash=ef6a1cd63150fbbc result=transformed documentSequence=18 navigationSequence=8 token=8fc503973ecb bytesOut=113041 upstreamHeadersMs=169.867 documentDecisionMs=41.484 downstreamWriteMs=1.298
09-08 02:30:22.342 20204 21170 I ChromePhotosDataPlane: phase=worker_ready correlationId=c229 admissionWaitMs=0.265
09-08 02:30:22.353 20204 21170 I ChromePhotosDataPlane: phase=tls_certificate correlationId=c229 tlsCacheHit=true tlsCacheWaitMs=0.021 tlsCreationMs=0.000
09-08 02:30:22.353 20204 21170 I ChromePhotosDataPlane: phase=tls_material correlationId=c229 tlsMaterialMs=0.560
09-08 02:30:22.354 20204 20983 I ChromePhotosDataPlane: origin=real hostClass=network hostHash=fa24434ded0218fe method=GET clientProtocol=http/1.1 upstreamProtocol=h2 status=200 contentType=text/javascript bytesOut=2753 transfer=fixed upstreamHeadersMs=268.380 downstreamWriteMs=1.188
09-08 02:30:22.362 20204 21005 I ChromePhotosDataPlane: phase=worker_ready correlationId=c230 admissionWaitMs=0.226
09-08 02:30:22.367 20204 21005 I ChromePhotosDataPlane: phase=tls_certificate correlationId=c230 tlsCacheHit=true tlsCacheWaitMs=0.019 tlsCreationMs=0.000
09-08 02:30:22.367 20204 21005 I ChromePhotosDataPlane: phase=tls_material correlationId=c230 tlsMaterialMs=0.451
09-08 02:30:22.370 20204 21170 I ChromePhotosDataPlane: phase=tls_ready correlationId=c229 hostClass=network hostHash=191347bfe55d0ca9 clientProtocol=http/1.1 ca=8be2538814763f0c
09-08 02:30:22.379 20204 21031 I ChromePhotosDataPlane: origin=real hostClass=network hostHash=fa24434ded0218fe method=GET clientProtocol=http/1.1 upstreamProtocol=h2 status=200 contentType=text/javascript bytesOut=2762 transfer=fixed upstreamHeadersMs=159.451 downstreamWriteMs=1.131
09-08 02:30:22.382 20204 21005 I ChromePhotosDataPlane: phase=tls_ready correlationId=c230 hostClass=network hostHash=191347bfe55d0ca9 clientProtocol=http/1.1 ca=8be2538814763f0c
09-08 02:30:22.414 20204 21062 I ChromePhotosDataPlane: origin=real hostClass=network hostHash=ee8cdc867bba487e method=POST clientProtocol=http/1.1 upstreamProtocol=h2 status=302 contentType= bytesIn=0 bytesOut=0 cache=miss decision=passthrough   requestToDeliveryMs=345.188 upstreamHeadersMs=340.100 sanitizeMs=0.990 downstreamWriteMs=1.112
09-08 02:30:22.415 20204 21165 I ChromePhotosDataPlane: phase=worker_ready correlationId=c231 admissionWaitMs=0.260
09-08 02:30:22.418 20204 21165 I ChromePhotosDataPlane: phase=tls_certificate correlationId=c231 tlsCacheHit=true tlsCacheWaitMs=0.008 tlsCreationMs=0.000
09-08 02:30:22.418 20204 21165 I ChromePhotosDataPlane: phase=tls_material correlationId=c231 tlsMaterialMs=0.154
09-08 02:30:22.428 20204 21165 I ChromePhotosDataPlane: phase=tls_ready correlationId=c231 hostClass=network hostHash=191347bfe55d0ca9 clientProtocol=http/1.1 ca=8be2538814763f0c
09-08 02:30:22.452 20204 21005 I ChromePhotosDataPlane: origin=real hostClass=network hostHash=191347bfe55d0ca9 method=POST clientProtocol=http/1.1 upstreamProtocol=h2 status=200 contentType=text/plain bytesOut=0 transfer=fixed upstreamHeadersMs=65.112 downstreamWriteMs=0.379
09-08 02:30:22.452 20204 21170 I ChromePhotosDataPlane: origin=real hostClass=network hostHash=191347bfe55d0ca9 method=POST clientProtocol=http/1.1 upstreamProtocol=h2 status=200 contentType=text/html bytesOut=0 transfer=fixed upstreamHeadersMs=70.024 downstreamWriteMs=0.943
09-08 02:30:22.465 20204 21098 I ChromePhotosDataPlane: phase=worker_ready correlationId=c232 admissionWaitMs=0.465
09-08 02:30:22.469 20204 21098 I ChromePhotosDataPlane: phase=tls_certificate correlationId=c232 tlsCacheHit=true tlsCacheWaitMs=0.009 tlsCreationMs=0.000
09-08 02:30:22.469 20204 21098 I ChromePhotosDataPlane: phase=tls_material correlationId=c232 tlsMaterialMs=0.205
09-08 02:30:22.480 20204 20940 I ChromePhotosDataPlane: phase=worker_ready correlationId=c233 admissionWaitMs=0.497
09-08 02:30:22.480 20204 21098 I ChromePhotosDataPlane: phase=tls_ready correlationId=c232 hostClass=network hostHash=191347bfe55d0ca9 clientProtocol=http/1.1 ca=8be2538814763f0c
09-08 02:30:22.486 20204 20940 I ChromePhotosDataPlane: phase=tls_certificate correlationId=c233 tlsCacheHit=true tlsCacheWaitMs=0.096 tlsCreationMs=0.000
09-08 02:30:22.486 20204 20940 I ChromePhotosDataPlane: phase=tls_material correlationId=c233 tlsMaterialMs=0.462
09-08 02:30:22.494 20204 20940 I ChromePhotosDataPlane: phase=tls_ready correlationId=c233 hostClass=network hostHash=191347bfe55d0ca9 clientProtocol=http/1.1 ca=8be2538814763f0c
09-08 02:30:22.532 20204 21031 I ChromePhotosDataPlane: origin=real hostClass=network hostHash=fa24434ded0218fe method=GET clientProtocol=http/1.1 upstreamProtocol=h2 status=200 contentType=text/javascript bytesOut=2756 transfer=fixed upstreamHeadersMs=66.008 downstreamWriteMs=1.820
09-08 02:30:22.550 20204 21098 I ChromePhotosDataPlane: origin=real hostClass=network hostHash=191347bfe55d0ca9 method=POST clientProtocol=http/1.1 upstreamProtocol=h2 status=200 contentType=text/html bytesOut=0 transfer=fixed upstreamHeadersMs=65.700 downstreamWriteMs=0.377
09-08 02:30:22.554 20204 20983 I ChromePhotosDataPlane: origin=real hostClass=network hostHash=fa24434ded0218fe method=GET clientProtocol=http/1.1 upstreamProtocol=h2 status=200 contentType=text/javascript bytesOut=2764 transfer=fixed upstreamHeadersMs=76.288 downstreamWriteMs=2.160
09-08 02:30:22.557 20204 21299 I ChromePhotosDataPlane: phase=worker_ready correlationId=c234 admissionWaitMs=0.666
09-08 02:30:22.558 20204 20940 I ChromePhotosDataPlane: origin=real hostClass=network hostHash=191347bfe55d0ca9 method=POST clientProtocol=http/1.1 upstreamProtocol=h2 status=200 contentType=text/plain bytesOut=0 transfer=fixed upstreamHeadersMs=58.080 downstreamWriteMs=0.379
09-08 02:30:22.589 20204 21320 I ChromePhotosDataPlane: phase=worker_ready correlationId=c235 admissionWaitMs=0.455
09-08 02:30:22.593 20204 21139 I ChromePhotosDataPlane: phase=worker_ready correlationId=c236 admissionWaitMs=0.640
09-08 02:30:22.604 20204 21299 I ChromePhotosDataPlane: phase=tls_certificate correlationId=c234 tlsCacheHit=true tlsCacheWaitMs=0.027 tlsCreationMs=0.000
09-08 02:30:22.605 20204 21299 I ChromePhotosDataPlane: phase=tls_material correlationId=c234 tlsMaterialMs=0.488
09-08 02:30:22.613 20204 21299 I ChromePhotosDataPlane: phase=tls_ready correlationId=c234 hostClass=network hostHash=07caf1d8d64e8f89 clientProtocol=http/1.1 ca=8be2538814763f0c
09-08 02:30:22.617 20204 21139 I ChromePhotosDataPlane: phase=tls_certificate correlationId=c236 tlsCacheHit=true tlsCacheWaitMs=0.032 tlsCreationMs=0.000
09-08 02:30:22.617 20204 21139 I ChromePhotosDataPlane: phase=tls_material correlationId=c236 tlsMaterialMs=1.500
09-08 02:30:22.632 20204 21139 I ChromePhotosDataPlane: phase=tls_ready correlationId=c236 hostClass=network hostHash=505bd18b6650e44b clientProtocol=http/1.1 ca=8be2538814763f0c
09-08 02:30:22.669 20204 21320 I ChromePhotosDataPlane: phase=tls_certificate correlationId=c235 tlsCacheHit=true tlsCacheWaitMs=0.021 tlsCreationMs=0.000
09-08 02:30:22.669 20204 21320 I ChromePhotosDataPlane: phase=tls_material correlationId=c235 tlsMaterialMs=0.465
09-08 02:30:22.679 20204 21320 I ChromePhotosDataPlane: phase=tls_ready correlationId=c235 hostClass=network hostHash=f58aed0f48e58f0c clientProtocol=http/1.1 ca=8be2538814763f0c
09-08 02:30:22.683 20204 21165 I ChromePhotosDataPlane: origin=real hostClass=network hostHash=191347bfe55d0ca9 method=GET clientProtocol=http/1.1 upstreamProtocol=h2 status=200 contentType=image/png bytesIn=42 bytesOut=704 cache=miss decision=unknown reason=unsupported_gif source=error probability=-1.0 basis=none decodeMs=0.000 inferenceMs=0.000 inferenceQueueMs=0.000 localDecisionMs=0.000  bodyAdmissionMs=0.027 bodyReadMs=0.308 requestToDeliveryMs=248.667 upstreamHeadersMs=242.715 sanitizeMs=1.488 downstreamWriteMs=1.458
09-08 02:30:22.724 20204 21289 I ChromePhotosDataPlane: phase=worker_ready correlationId=c237 admissionWaitMs=0.502
09-08 02:30:22.742 20204 21289 I ChromePhotosDataPlane: phase=tls_certificate correlationId=c237 tlsCacheHit=true tlsCacheWaitMs=0.023 tlsCreationMs=0.000
09-08 02:30:22.742 20204 21289 I ChromePhotosDataPlane: phase=tls_material correlationId=c237 tlsMaterialMs=0.656
09-08 02:30:22.751 20204 21289 I ChromePhotosDataPlane: phase=tls_ready correlationId=c237 hostClass=network hostHash=7ffe8698ca81d914 clientProtocol=http/1.1 ca=8be2538814763f0c
09-08 02:30:22.821 20204 21139 I ChromePhotosDataPlane: origin=real hostClass=network hostHash=505bd18b6650e44b method=POST clientProtocol=http/1.1 upstreamProtocol=h2 status=204 contentType=text/plain bytesOut=0 transfer=fixed upstreamHeadersMs=183.952 downstreamWriteMs=0.811
09-08 02:30:22.940 20204 21289 I ChromePhotosDataPlane: origin=real hostClass=network hostHash=7ffe8698ca81d914 method=GET clientProtocol=http/1.1 upstreamProtocol=h2 status=200 contentType=image/png bytesIn=42 bytesOut=704 cache=miss decision=unknown reason=unsupported_gif source=error probability=-1.0 basis=none decodeMs=0.000 inferenceMs=0.000 inferenceQueueMs=0.000 localDecisionMs=0.000  bodyAdmissionMs=0.026 bodyReadMs=0.302 requestToDeliveryMs=186.690 upstreamHeadersMs=180.285 sanitizeMs=1.537 downstreamWriteMs=1.884
09-08 02:30:23.035 20204 21404 I ChromePhotosDataPlane: phase=worker_ready correlationId=c238 admissionWaitMs=0.161
09-08 02:30:23.057 20204 21404 I ChromePhotosDataPlane: phase=tls_certificate correlationId=c238 tlsCacheHit=true tlsCacheWaitMs=0.018 tlsCreationMs=0.000
09-08 02:30:23.057 20204 21404 I ChromePhotosDataPlane: phase=tls_material correlationId=c238 tlsMaterialMs=0.415
09-08 02:30:23.072 20204 21404 I ChromePhotosDataPlane: phase=tls_ready correlationId=c238 hostClass=network hostHash=0cb87e7c434c3594 clientProtocol=http/1.1 ca=8be2538814763f0c
09-08 02:30:23.197 20204 21320 I ChromePhotosDataPlane: origin=real hostClass=network hostHash=f58aed0f48e58f0c method=POST clientProtocol=http/1.1 upstreamProtocol=h2 status=204 contentType= bytesOut=0 transfer=fixed upstreamHeadersMs=510.110 downstreamWriteMs=0.975
09-08 02:30:23.302 20204 20978 I ChromePhotosDataPlane: phase=worker_ready correlationId=c239 admissionWaitMs=0.412
09-08 02:30:23.309 20204 20978 I ChromePhotosDataPlane: phase=tls_certificate correlationId=c239 tlsCacheHit=true tlsCacheWaitMs=0.011 tlsCreationMs=0.000
09-08 02:30:23.309 20204 20978 I ChromePhotosDataPlane: phase=tls_material correlationId=c239 tlsMaterialMs=0.262
09-08 02:30:23.315 20204 20978 I ChromePhotosDataPlane: phase=tls_ready correlationId=c239 hostClass=network hostHash=2e2e8e2b4eb0d095 clientProtocol=http/1.1 ca=8be2538814763f0c
09-08 02:30:23.321 20204 21398 I ChromePhotosDataPlane: phase=worker_ready correlationId=c240 admissionWaitMs=0.316
09-08 02:30:23.354 20204 21398 I ChromePhotosDataPlane: phase=tls_certificate correlationId=c240 tlsCacheHit=true tlsCacheWaitMs=0.024 tlsCreationMs=0.000
09-08 02:30:23.354 20204 21398 I ChromePhotosDataPlane: phase=tls_material correlationId=c240 tlsMaterialMs=0.634
09-08 02:30:23.365 20204 21398 I ChromePhotosDataPlane: phase=tls_ready correlationId=c240 hostClass=network hostHash=935e0b482f6ac80a clientProtocol=http/1.1 ca=8be2538814763f0c
09-08 02:30:23.389 20204 21060 I ChromePhotosDataPlane: phase=worker_ready correlationId=c241 admissionWaitMs=0.325
09-08 02:30:23.392 20204 21158 I ChromePhotosDataPlane: phase=worker_ready correlationId=c242 admissionWaitMs=0.702
09-08 02:30:23.412 20204 21158 I ChromePhotosDataPlane: phase=tls_certificate correlationId=c242 tlsCacheHit=true tlsCacheWaitMs=0.015 tlsCreationMs=0.000
09-08 02:30:23.412 20204 21158 I ChromePhotosDataPlane: phase=tls_material correlationId=c242 tlsMaterialMs=0.403
09-08 02:30:23.419 20204 21060 I ChromePhotosDataPlane: phase=tls_certificate correlationId=c241 tlsCacheHit=true tlsCacheWaitMs=0.016 tlsCreationMs=0.000
09-08 02:30:23.419 20204 21158 I ChromePhotosDataPlane: phase=tls_ready correlationId=c242 hostClass=network hostHash=e2ccecf673591338 clientProtocol=http/1.1 ca=8be2538814763f0c
09-08 02:30:23.421 20204 21060 I ChromePhotosDataPlane: phase=tls_material correlationId=c241 tlsMaterialMs=1.782
09-08 02:30:23.427 20204 21060 I ChromePhotosDataPlane: phase=tls_ready correlationId=c241 hostClass=network hostHash=d8ecf352ffa86f18 clientProtocol=http/1.1 ca=8be2538814763f0c
09-08 02:30:23.504 20204 20978 I ChromePhotosDataPlane: origin=real hostClass=network hostHash=2e2e8e2b4eb0d095 method=GET clientProtocol=http/1.1 upstreamProtocol=h2 status=200 contentType=image/png bytesIn=42 bytesOut=704 cache=miss decision=unknown reason=unsupported_gif source=error probability=-1.0 basis=none decodeMs=0.000 inferenceMs=0.000 inferenceQueueMs=0.000 localDecisionMs=0.000  bodyAdmissionMs=0.013 bodyReadMs=0.260 requestToDeliveryMs=184.792 upstreamHeadersMs=182.246 sanitizeMs=0.507 downstreamWriteMs=0.329
09-08 02:30:23.535 20204 21299 I ChromePhotosDataPlane: origin=real hostClass=network hostHash=07caf1d8d64e8f89 method=GET clientProtocol=http/1.1 upstreamProtocol=h2 status=200 contentType=image/png bytesIn=43 bytesOut=704 cache=miss decision=unknown reason=unsupported_gif source=error probability=-1.0 basis=none decodeMs=0.000 inferenceMs=0.000 inferenceQueueMs=0.000 localDecisionMs=0.000  bodyAdmissionMs=0.021 bodyReadMs=0.429 requestToDeliveryMs=921.147 upstreamHeadersMs=915.754 sanitizeMs=1.627 downstreamWriteMs=1.371
09-08 02:30:23.652 20204 21398 I ChromePhotosDataPlane: origin=real hostClass=network hostHash=935e0b482f6ac80a method=GET clientProtocol=http/1.1 upstreamProtocol=h2 status=200 contentType=application/javascript bytesOut=874 transfer=chunked upstreamHeadersMs=284.504 downstreamWriteMs=0.470
09-08 02:30:23.698 20204 21158 I ChromePhotosDataPlane: origin=real hostClass=network hostHash=e2ccecf673591338 method=GET clientProtocol=http/1.1 upstreamProtocol=h2 status=200 contentType=image/png bytesIn=43 bytesOut=704 cache=miss decision=unknown reason=unsupported_gif source=error probability=-1.0 basis=none decodeMs=0.000 inferenceMs=0.000 inferenceQueueMs=0.000 localDecisionMs=0.000  bodyAdmissionMs=0.026 bodyReadMs=0.289 requestToDeliveryMs=276.971 upstreamHeadersMs=271.836 sanitizeMs=1.700 downstreamWriteMs=1.199
09-08 02:30:23.738 20204 20839 I ChromePhotosDataPlane: phase=worker_ready correlationId=c243 admissionWaitMs=0.491
09-08 02:30:23.756 20204 20839 I ChromePhotosDataPlane: phase=tls_certificate correlationId=c243 tlsCacheHit=true tlsCacheWaitMs=0.018 tlsCreationMs=0.000
09-08 02:30:23.756 20204 20839 I ChromePhotosDataPlane: phase=tls_material correlationId=c243 tlsMaterialMs=0.428
09-08 02:30:23.764 20204 20839 I ChromePhotosDataPlane: phase=tls_ready correlationId=c243 hostClass=network hostHash=f58aed0f48e58f0c clientProtocol=http/1.1 ca=8be2538814763f0c
09-08 02:30:23.794 20204 21060 I ChromePhotosDataPlane: origin=real hostClass=network hostHash=d8ecf352ffa86f18 method=GET clientProtocol=http/1.1 upstreamProtocol=h2 status=200 contentType=image/png bytesIn=43 bytesOut=704 cache=miss decision=unknown reason=unsupported_gif source=error probability=-1.0 basis=none decodeMs=0.000 inferenceMs=0.000 inferenceQueueMs=0.000 localDecisionMs=0.000  bodyAdmissionMs=0.014 bodyReadMs=0.114 requestToDeliveryMs=363.703 upstreamHeadersMs=361.029 sanitizeMs=0.388 downstreamWriteMs=0.409
09-08 02:30:23.835 20204 21166 I ChromePhotosDataPlane: phase=worker_ready correlationId=c244 admissionWaitMs=0.344
09-08 02:30:23.838 20204 20938 I ChromePhotosDataPlane: phase=worker_ready correlationId=c245 admissionWaitMs=0.711
09-08 02:30:23.855 20204 21166 I ChromePhotosDataPlane: phase=tls_certificate correlationId=c244 tlsCacheHit=true tlsCacheWaitMs=0.014 tlsCreationMs=0.000
09-08 02:30:23.855 20204 21166 I ChromePhotosDataPlane: phase=tls_material correlationId=c244 tlsMaterialMs=0.368
09-08 02:30:23.855 20204 20938 I ChromePhotosDataPlane: phase=tls_certificate correlationId=c245 tlsCacheHit=true tlsCacheWaitMs=0.014 tlsCreationMs=0.000
09-08 02:30:23.855 20204 20938 I ChromePhotosDataPlane: phase=tls_material correlationId=c245 tlsMaterialMs=0.410
09-08 02:30:23.865 20204 20938 I ChromePhotosDataPlane: phase=tls_ready correlationId=c245 hostClass=network hostHash=7ffe8698ca81d914 clientProtocol=http/1.1 ca=8be2538814763f0c
09-08 02:30:23.872 20204 21166 I ChromePhotosDataPlane: phase=tls_ready correlationId=c244 hostClass=network hostHash=191347bfe55d0ca9 clientProtocol=http/1.1 ca=8be2538814763f0c
09-08 02:30:23.950 20204 21404 I ChromePhotosDataPlane: origin=real hostClass=network hostHash=0cb87e7c434c3594 method=GET clientProtocol=http/1.1 upstreamProtocol=h2 status=200 contentType=application/xml bytesOut=86 transfer=fixed upstreamHeadersMs=872.767 downstreamWriteMs=1.380
09-08 02:30:23.960 20204 20839 I ChromePhotosDataPlane: origin=real hostClass=network hostHash=f58aed0f48e58f0c method=GET clientProtocol=http/1.1 upstreamProtocol=h2 status=200 contentType=application/json bytesOut=441 transfer=fixed upstreamHeadersMs=191.944 downstreamWriteMs=0.636
09-08 02:30:23.970 20204 21165 I ChromePhotosDataPlane: origin=real hostClass=network hostHash=191347bfe55d0ca9 method=GET clientProtocol=http/1.1 upstreamProtocol=h2 status=200 contentType=image/png bytesIn=42 bytesOut=704 cache=miss decision=unknown reason=unsupported_gif source=error probability=-1.0 basis=none decodeMs=0.000 inferenceMs=0.000 inferenceQueueMs=0.000 localDecisionMs=0.000  bodyAdmissionMs=0.018 bodyReadMs=0.203 requestToDeliveryMs=229.385 upstreamHeadersMs=225.853 sanitizeMs=0.789 downstreamWriteMs=1.142
09-08 02:30:23.990 20204 21084 I ChromePhotosDataPlane: phase=worker_ready correlationId=c246 admissionWaitMs=0.228
09-08 02:30:23.993 20204 21084 I ChromePhotosDataPlane: phase=tls_certificate correlationId=c246 tlsCacheHit=true tlsCacheWaitMs=0.007 tlsCreationMs=0.000
09-08 02:30:23.993 20204 21084 I ChromePhotosDataPlane: phase=tls_material correlationId=c246 tlsMaterialMs=0.139
09-08 02:30:23.999 20204 21084 I ChromePhotosDataPlane: phase=tls_ready correlationId=c246 hostClass=network hostHash=7ffe8698ca81d914 clientProtocol=http/1.1 ca=8be2538814763f0c
09-08 02:30:24.000 20204 20868 I ChromePhotosDataPlane: phase=worker_ready correlationId=c247 admissionWaitMs=0.257
09-08 02:30:24.004 20204 20868 I ChromePhotosDataPlane: phase=tls_certificate correlationId=c247 tlsCacheHit=true tlsCacheWaitMs=0.008 tlsCreationMs=0.000
09-08 02:30:24.004 20204 20868 I ChromePhotosDataPlane: phase=tls_material correlationId=c247 tlsMaterialMs=0.135
09-08 02:30:24.008 20204 20868 I ChromePhotosDataPlane: phase=tls_ready correlationId=c247 hostClass=network hostHash=191347bfe55d0ca9 clientProtocol=http/1.1 ca=8be2538814763f0c
09-08 02:30:24.012 20204 21295 I ChromePhotosDataPlane: phase=worker_ready correlationId=c248 admissionWaitMs=0.326
09-08 02:30:24.015 20204 21295 I ChromePhotosDataPlane: phase=tls_certificate correlationId=c248 tlsCacheHit=true tlsCacheWaitMs=0.007 tlsCreationMs=0.000
09-08 02:30:24.015 20204 21295 I ChromePhotosDataPlane: phase=tls_material correlationId=c248 tlsMaterialMs=0.175
09-08 02:30:24.025 20204 21295 I ChromePhotosDataPlane: phase=tls_ready correlationId=c248 hostClass=network hostHash=7ffe8698ca81d914 clientProtocol=http/1.1 ca=8be2538814763f0c
09-08 02:30:24.044 20204 21289 I ChromePhotosDataPlane: origin=real hostClass=network hostHash=7ffe8698ca81d914 method=GET clientProtocol=http/1.1 upstreamProtocol=h2 status=200 contentType=image/png bytesIn=42 bytesOut=704 cache=miss decision=unknown reason=unsupported_gif source=error probability=-1.0 basis=none decodeMs=0.000 inferenceMs=0.000 inferenceQueueMs=0.000 localDecisionMs=0.000  bodyAdmissionMs=0.016 bodyReadMs=0.113 requestToDeliveryMs=203.126 upstreamHeadersMs=196.572 sanitizeMs=0.582 downstreamWriteMs=1.240
09-08 02:30:24.058 20204 21166 I ChromePhotosDataPlane: origin=real hostClass=network hostHash=191347bfe55d0ca9 method=GET clientProtocol=http/1.1 upstreamProtocol=h2 status=200 contentType=image/png bytesIn=42 bytesOut=704 cache=miss decision=unknown reason=unsupported_gif source=error probability=-1.0 basis=none decodeMs=0.000 inferenceMs=0.000 inferenceQueueMs=0.000 localDecisionMs=0.000  bodyAdmissionMs=0.036 bodyReadMs=0.281 requestToDeliveryMs=184.285 upstreamHeadersMs=174.201 sanitizeMs=3.926 downstreamWriteMs=2.536
09-08 02:30:24.061 20204 21165 I ChromePhotosDataPlane: origin=real hostClass=network hostHash=191347bfe55d0ca9 method=GET clientProtocol=http/1.1 upstreamProtocol=h2 status=200 contentType=image/png bytesIn=42 bytesOut=704 cache=miss decision=unknown reason=unsupported_gif source=error probability=-1.0 basis=none decodeMs=0.000 inferenceMs=0.000 inferenceQueueMs=0.000 localDecisionMs=0.000  bodyAdmissionMs=0.012 bodyReadMs=0.750 requestToDeliveryMs=81.617 upstreamHeadersMs=79.168 sanitizeMs=1.058 downstreamWriteMs=0.512
09-08 02:30:24.067 20204 20938 I ChromePhotosDataPlane: origin=real hostClass=network hostHash=7ffe8698ca81d914 method=GET clientProtocol=http/1.1 upstreamProtocol=h2 status=200 contentType=image/png bytesIn=42 bytesOut=704 cache=miss decision=unknown reason=unsupported_gif source=error probability=-1.0 basis=none decodeMs=0.000 inferenceMs=0.000 inferenceQueueMs=0.000 localDecisionMs=0.000  bodyAdmissionMs=0.036 bodyReadMs=0.291 requestToDeliveryMs=199.934 upstreamHeadersMs=192.060 sanitizeMs=1.843 downstreamWriteMs=2.109
09-08 02:30:24.091 20204 20868 I ChromePhotosDataPlane: origin=real hostClass=network hostHash=191347bfe55d0ca9 method=GET clientProtocol=http/1.1 upstreamProtocol=h2 status=200 contentType=image/png bytesIn=42 bytesOut=704 cache=miss decision=unknown reason=unsupported_gif source=error probability=-1.0 basis=none decodeMs=0.000 inferenceMs=0.000 inferenceQueueMs=0.000 localDecisionMs=0.000  bodyAdmissionMs=0.013 bodyReadMs=1.012 requestToDeliveryMs=74.410 upstreamHeadersMs=71.282 sanitizeMs=1.553 downstreamWriteMs=0.461
09-08 02:30:24.100 20204 21084 I ChromePhotosDataPlane: origin=real hostClass=network hostHash=7ffe8698ca81d914 method=GET clientProtocol=http/1.1 upstreamProtocol=h2 status=200 contentType=image/png bytesIn=42 bytesOut=704 cache=miss decision=unknown reason=unsupported_gif source=error probability=-1.0 basis=none decodeMs=0.000 inferenceMs=0.000 inferenceQueueMs=0.000 localDecisionMs=0.000  bodyAdmissionMs=0.055 bodyReadMs=1.023 requestToDeliveryMs=85.167 upstreamHeadersMs=76.145 sanitizeMs=3.455 downstreamWriteMs=1.902
09-08 02:30:24.114 20204 21295 I ChromePhotosDataPlane: origin=real hostClass=network hostHash=7ffe8698ca81d914 method=GET clientProtocol=http/1.1 upstreamProtocol=h2 status=200 contentType=image/png bytesIn=42 bytesOut=704 cache=miss decision=unknown reason=unsupported_gif source=error probability=-1.0 basis=none decodeMs=0.000 inferenceMs=0.000 inferenceQueueMs=0.000 localDecisionMs=0.000  bodyAdmissionMs=0.014 bodyReadMs=1.868 requestToDeliveryMs=88.195 upstreamHeadersMs=84.569 sanitizeMs=2.187 downstreamWriteMs=0.388
09-08 02:30:24.128 20204 21097 I ChromePhotosDataPlane: phase=worker_ready correlationId=c249 admissionWaitMs=0.444
09-08 02:30:24.181 20204 21097 I ChromePhotosDataPlane: phase=tls_certificate correlationId=c249 tlsCacheHit=true tlsCacheWaitMs=0.031 tlsCreationMs=0.000
09-08 02:30:24.181 20204 21097 I ChromePhotosDataPlane: phase=tls_material correlationId=c249 tlsMaterialMs=0.770
09-08 02:30:24.193 20204 21097 I ChromePhotosDataPlane: phase=tls_ready correlationId=c249 hostClass=network hostHash=1f1577c4f7feb6a1 clientProtocol=http/1.1 ca=8be2538814763f0c
09-08 02:30:24.234 20204 21058 I ChromePhotosDataPlane: phase=worker_ready correlationId=c250 admissionWaitMs=0.424
09-08 02:30:24.243 20204 21058 I ChromePhotosDataPlane: phase=tls_certificate correlationId=c250 tlsCacheHit=true tlsCacheWaitMs=0.009 tlsCreationMs=0.000
09-08 02:30:24.243 20204 21058 I ChromePhotosDataPlane: phase=tls_material correlationId=c250 tlsMaterialMs=0.256
09-08 02:30:24.251 20204 21058 I ChromePhotosDataPlane: phase=tls_ready correlationId=c250 hostClass=network hostHash=cff23f81cf11247e clientProtocol=http/1.1 ca=8be2538814763f0c
09-08 02:30:24.263 20204 20838 I ChromePhotosDataPlane: phase=worker_ready correlationId=c251 admissionWaitMs=0.340
09-08 02:30:24.280 20204 20933 I ChromePhotosDataPlane: phase=worker_ready correlationId=c252 admissionWaitMs=0.363
09-08 02:30:24.329 20204 20838 I ChromePhotosDataPlane: phase=tls_certificate correlationId=c251 tlsCacheHit=true tlsCacheWaitMs=0.020 tlsCreationMs=0.000
09-08 02:30:24.329 20204 20838 I ChromePhotosDataPlane: phase=tls_material correlationId=c251 tlsMaterialMs=0.482
09-08 02:30:24.337 20204 20933 I ChromePhotosDataPlane: phase=tls_certificate correlationId=c252 tlsCacheHit=true tlsCacheWaitMs=0.015 tlsCreationMs=0.000
09-08 02:30:24.338 20204 20933 I ChromePhotosDataPlane: phase=tls_material correlationId=c252 tlsMaterialMs=0.539
09-08 02:30:24.345 20204 20838 I ChromePhotosDataPlane: phase=tls_ready correlationId=c251 hostClass=network hostHash=3e723b591bdb95ce clientProtocol=http/1.1 ca=8be2538814763f0c
09-08 02:30:24.353 20204 21249 I ChromePhotosDataPlane: phase=worker_ready correlationId=c253 admissionWaitMs=0.238
09-08 02:30:24.369 20204 20933 I ChromePhotosDataPlane: phase=tls_ready correlationId=c252 hostClass=network hostHash=3e723b591bdb95ce clientProtocol=http/1.1 ca=8be2538814763f0c
09-08 02:30:24.390 20204 21249 I ChromePhotosDataPlane: phase=tls_certificate correlationId=c253 tlsCacheHit=true tlsCacheWaitMs=0.018 tlsCreationMs=0.000
09-08 02:30:24.390 20204 21249 I ChromePhotosDataPlane: phase=tls_material correlationId=c253 tlsMaterialMs=0.453
09-08 02:30:24.402 20204 20916 I ChromePhotosDataPlane: origin=real hostClass=network hostHash=f5594fab1b035ec0 method=POST clientProtocol=http/1.1 upstreamProtocol=h2 status=200 contentType= bytesOut=0 transfer=fixed upstreamHeadersMs=318.189 downstreamWriteMs=0.917
09-08 02:30:24.407 20204 21243 I ChromePhotosDataPlane: phase=worker_ready correlationId=c254 admissionWaitMs=0.237
09-08 02:30:24.411 20204 21243 I ChromePhotosDataPlane: phase=tls_certificate correlationId=c254 tlsCacheHit=true tlsCacheWaitMs=0.009 tlsCreationMs=0.000
09-08 02:30:24.411 20204 21243 I ChromePhotosDataPlane: phase=tls_material correlationId=c254 tlsMaterialMs=0.183
09-08 02:30:24.425 20204 21243 I ChromePhotosDataPlane: phase=tls_ready correlationId=c254 hostClass=network hostHash=935e0b482f6ac80a clientProtocol=http/1.1 ca=8be2538814763f0c
09-08 02:30:24.426 20204 21249 I ChromePhotosDataPlane: phase=tls_ready correlationId=c253 hostClass=network hostHash=abf8fbf760ef2a86 clientProtocol=http/1.1 ca=8be2538814763f0c
09-08 02:30:24.474 20204 20838 I ChromePhotosDataPlane: phase=media_shield_document origin=real hostClass=network hostHash=3e723b591bdb95ce result=fail_closed reason=document_mime_unsupported bytesOut=41 upstreamHeadersMs=118.051 documentDecisionMs=0.094 downstreamWriteMs=0.755
09-08 02:30:24.565 20204 21398 I ChromePhotosDataPlane: phase=client_disconnect direction=downstream_write correlationId=c240-r2
09-08 02:30:24.570 20204 20937 I ChromePhotosDataPlane: phase=worker_ready correlationId=c255 admissionWaitMs=0.424
09-08 02:30:24.578 20204 20937 I ChromePhotosDataPlane: phase=tls_certificate correlationId=c255 tlsCacheHit=true tlsCacheWaitMs=0.013 tlsCreationMs=0.000
09-08 02:30:24.578 20204 20937 I ChromePhotosDataPlane: phase=tls_material correlationId=c255 tlsMaterialMs=0.313
09-08 02:30:24.586 20204 20937 I ChromePhotosDataPlane: phase=tls_ready correlationId=c255 hostClass=network hostHash=1f1577c4f7feb6a1 clientProtocol=http/1.1 ca=8be2538814763f0c
09-08 02:30:24.593 20204 21243 I ChromePhotosDataPlane: origin=real hostClass=network hostHash=935e0b482f6ac80a method=GET clientProtocol=http/1.1 upstreamProtocol=h2 status=204 contentType= bytesIn=0 bytesOut=0 cache=miss decision=passthrough   requestToDeliveryMs=164.134 upstreamHeadersMs=162.763 sanitizeMs=0.024 downstreamWriteMs=0.398
09-08 02:30:24.665 20204 21061 I ChromePhotosDataPlane: phase=worker_ready correlationId=c256 admissionWaitMs=0.793
09-08 02:30:24.676 20204 21061 I ChromePhotosDataPlane: phase=tls_certificate correlationId=c256 tlsCacheHit=true tlsCacheWaitMs=0.018 tlsCreationMs=0.000
09-08 02:30:24.676 20204 21061 I ChromePhotosDataPlane: phase=tls_material correlationId=c256 tlsMaterialMs=0.427
09-08 02:30:24.683 20204 21061 I ChromePhotosDataPlane: phase=tls_ready correlationId=c256 hostClass=network hostHash=f58aed0f48e58f0c clientProtocol=http/1.1 ca=8be2538814763f0c
09-08 02:30:24.770 20204 21249 I ChromePhotosDataPlane: origin=real hostClass=network hostHash=abf8fbf760ef2a86 method=GET clientProtocol=http/1.1 upstreamProtocol=h2 status=200 contentType=image/png bytesIn=0 bytesOut=704 cache=miss decision=unknown reason=encoded_image_unsupported source=error probability=-1.0 basis=none decodeMs=0.000 inferenceMs=0.000 inferenceQueueMs=0.000 localDecisionMs=0.000   requestToDeliveryMs=338.172 upstreamHeadersMs=336.966 sanitizeMs=0.058 downstreamWriteMs=0.317
09-08 02:30:24.805 20204 20916 I ChromePhotosDataPlane: origin=real hostClass=network hostHash=f5594fab1b035ec0 method=POST clientProtocol=http/1.1 upstreamProtocol=h2 status=200 contentType= bytesOut=0 transfer=fixed upstreamHeadersMs=212.782 downstreamWriteMs=0.933
09-08 02:30:24.848 20204 21320 I ChromePhotosDataPlane: origin=real hostClass=network hostHash=f58aed0f48e58f0c method=POST clientProtocol=http/1.1 upstreamProtocol=h2 status=204 contentType= bytesOut=0 transfer=fixed upstreamHeadersMs=185.448 downstreamWriteMs=1.238
09-08 02:30:24.943 20204 21097 I ChromePhotosDataPlane: origin=real hostClass=network hostHash=1f1577c4f7feb6a1 method=POST clientProtocol=http/1.1 upstreamProtocol=h2 status=200 contentType=application/json bytesOut=0 transfer=fixed upstreamHeadersMs=747.475 downstreamWriteMs=0.663
09-08 02:30:24.943 20204 21058 I ChromePhotosDataPlane: phase=client_disconnect direction=downstream_write correlationId=c250-r1
09-08 02:30:24.999 20204 21061 I ChromePhotosDataPlane: origin=real hostClass=network hostHash=f58aed0f48e58f0c method=POST clientProtocol=http/1.1 upstreamProtocol=h2 status=204 contentType= bytesOut=0 transfer=fixed upstreamHeadersMs=311.986 downstreamWriteMs=0.636
09-08 02:30:25.125 20204 21243 I ChromePhotosDataPlane: origin=real hostClass=network hostHash=935e0b482f6ac80a method=POST clientProtocol=http/1.1 upstreamProtocol=h2 status=204 contentType= bytesOut=0 transfer=fixed upstreamHeadersMs=172.603 downstreamWriteMs=1.279
09-08 02:30:25.333 20204 20937 I ChromePhotosDataPlane: origin=real hostClass=network hostHash=1f1577c4f7feb6a1 method=POST clientProtocol=http/1.1 upstreamProtocol=h2 status=200 contentType=application/json bytesOut=0 transfer=fixed upstreamHeadersMs=742.737 downstreamWriteMs=1.016
09-08 02:30:25.460 20204 21404 I ChromePhotosDataPlane: phase=client_disconnect direction=downstream_write correlationId=c238-r2
09-08 02:31:13.593 20204 20204 I ChromePhotosDataPlane: phase=status statusSequence=6 lifecycle=PresentationReady active=true ready=true connections=256 requests=929 safe=214 blocked=10 unknown=56 passthrough=586 cacheHits=29 cacheMisses=209 failures=5 clientDisconnects=12 bytesIn=55062942 bytesOut=46925570 streamed=158 proxyQueueRejects=0 proxyActivePeak=61 proxyP50Ms=265.861 proxyP95Ms=2185.666 proxyP99Ms=2964.023 upstreamSockets=180 protectSuccess=180 protectFailure=0 web11a=not_run web11b=not_run modelLoadMs=306.189 engineCalls=204 dedupeHits=0 decisionCacheConfig=64 decisionConcurrencyConfig=1 decisionQueueConfig=2 decisionTimeoutMs=5000 engineCallsPerRequest=0.8755364806866953 inferencePeak=1 inFlightPeak=2 queuePeak=1 queueRejects=0 timeouts=0 inferenceP50Ms=136.034844 inferenceP95Ms=554.350938 inferenceP99Ms=578.692239 decisionP50Ms=275.502083 decisionP95Ms=1100.532812 decisionP99Ms=1158.405364 cacheHitP50Ms=0.091146 cacheHitP95Ms=0.316042 cacheEntries=64 cacheEvictions=140 preprocessP50Ms=5.471459 preprocessP95Ms=37.721614 preprocessP99Ms=89.661354 preparedCount1=162 preparedCount4=39 preparedCount5=2 preparedCountOther=1 decisionBasis=FullThreshold:9,None:193,Other:1,UncertainRegional:1 imageCandidates=294 imagePrefixPeeks=28 imageMagicCandidates=0 imageBodyAdmissionPeak=2 imageBodyAdmissionRejects=0 networkVisualCandidates=288 networkVisualReplaced=0 networkVisualRawDelivered=0 networkVisualSafeRawDelivered=214 networkVisualBlockedReplaced=10 networkVisualUnknownReplaced=0 networkVisualUnsupportedReplaced=55 networkVisualRawBlockedDelivered=0 networkVisualRawUnknownDelivered=0 networkVisualCacheHit=29 networkVisualInference=198 mediaDocumentsTransformed=18 mediaDocumentsFailClosed=5 documentTransformOutstanding=0 readyTokensOutstanding=18 uiSvgRegistered=1 uiSvgRegistryBytes=134 uiSvgCssRewritten=1 uiSvgCssRejected=0 uiSvgNetworkAccepted=11 uiSvgNetworkRejected=1 uiSvgAssetServed=3 uiSvgAssetRejected=0 h18=REPORT=not_run,EVENT_SEQUENCE=0,COMPAT_DOCS=0,STRICT_DOCS=0,STYLE_REQ=0,SCRIPT_REQ=0,DATA_REQ=0,NETWORK_REQ=0,REPORTS=0,LAST_DOC=none,NETWORK_SHA=ee17e3f62edde61823ce35732ea168f4f5986bff347ccfac063eca7f4009ee1b,AUDIT_SHA=74d4467bbf6833db4eeab998495b7dfc50db3b1f04f407704b839ad3f4b25582 h19=REPORT=not_run,DOCUMENTS=0,FRAMES=0,SCRIPTS=0,FIRST_ORIGINAL_SCRIPTS=0,STYLES=0,WORKERS=0,SERVICE_WORKERS=0,FRAME_REPORTS=0,FRAME_REPORT_REJECTS=0,FRAME_REPORT=not_run,FRAME_REPORT_SHA=not_run,FRAME_CHALLENGE_SHA=not_run,FRAME_GENERATION=0,FRAME_ACCEPTED_CHALLENGE_SHA=not_run,FRAME_REPORT_BINDING_SHA=not_run,SAME_URL_BODIES=0,REPORTS=0,SW_BOUNDARY={INSTALL_DOCS=0,WORKER_SCRIPTS=0,WORKER_PROBE_SCRIPTS=0,PROBE_DOCS=0,CLEANUP_DOCS=0,REPORTS_ACCEPTED=0,REPORTS_REJECTED=0,CONTROLLER_PRESENT=0,CONTROLLER_MISSING=0,NAV_FETCHES=0,SELF_READY_FETCHES=0,SELF_READY_PASS_THROUGH=0,SELF_READY_SYNTHETIC=0,NAV_SYNTHETIC=0,RESET_BASELINE_CLEAN=0,RESET_BASELINE_DIRTY=0,REGISTER_BLOCKED=0,REGISTER_SUCCEEDED=0,WORKER_REGISTER_BLOCKED=0,WORKER_REGISTER_SUCCEEDED=0,WORKER_REGISTER_UNSUPPORTED=0,WORKER_REGISTER_ERROR=0,LAST_CASE=none,LAST_EVENT=none,LAST_VALUE=none},UI_SVG={INLINE_ORIGINAL:PASS,INLINE_CLICK:PASS,SPRITE_ORIGINAL:PASS,UNSAFE_SPRITE_FAIL_CLOSED:PASS,AMBIGUOUS_REFERENCE_FAIL_CLOSED:PASS,STATIC_CSS:PASS,EXTERNAL_CSS:PASS,STYLE_ATTRIBUTE:PASS,DATA_IMAGE:PASS,FAVICON:PASS,PROTECTED_HEAD_RETENTION:PASS,NETWORK_SVG:PASS,UNSAFE_NETWORK_FAIL_CLOSED:PASS,DYNAMIC_CSS:PASS,RASTER_FAIL_CLOSED:PASS,UNSAFE_INLINE_FAIL_CLOSED:PASS} quicAttempts=0 directTcpAttempts=0 bootstrapResetGeneration=2 bootstrapCompleteGeneration=2 bootstrapResetCount=3 chromeSuspended=false guardSession=534 guardHeartbeatSequence=558 audit17State=0 audit17Navigation=0 audit17Events=297 audit17Dropped=0
09-08 02:31:13.593 20204 20204 I ChromeMediaShieldStatus: v=1 seq=6 kind=network mode=selective candidates=288 replaced=0 rawDelivered=0 safeRaw=214 blockedReplaced=10 unknownReplaced=0 unsupportedReplaced=55 rawBlocked=0 rawUnknown=0 cacheHit=29 decisionEngine=198 engineCalls=204
09-08 02:31:13.593 20204 20204 I ChromeMediaShieldStatus: v=1 seq=6 kind=document transformed=18 failClosed=5 outstanding=0 issued=18 claims=8 documentSequence=15 navigationSequence=8 readyRequests=24 readyPreflights=0 readyAccepted=8 readyRejected=0 parserBarrierRequests=0 parserBarrierReady=0 parserBarrierFailClosed=0 selfShield=true selfReadyRequests=8 selfReadyAccepted=8 selfReadyRejected=0 selfReadyRejectReason=none selfShieldReleaseCompleted=8 selfShieldParserContinued=8 selfShieldOriginalScriptStarted=0 selfShieldTraceRejected=0 selfShieldTraceOutstanding=5 bootstrapDiagnosticAccepted=0 bootstrapDiagnosticRejected=0 bootstrapDiagnosticRejectReason=none bootstrapDiagnosticStage=none bootstrapDiagnosticReason=none bootstrapDiagnosticOutstanding=0
09-08 02:31:13.594 20204 20204 I ChromeMediaShieldStatus: v=1 seq=6 kind=renderer reports=0 rejected=0 globalCallbacks=0 globalRecords=0 childRecords=0 attributeRecords=0 maxRecords=0 scanCalls=0 scanRoot=0 scanNodes=0 maxScanNodes=0 scanMicros=0 maxScanMicros=0 observerChildScans=0 observerAttributeScans=0 guardedScans=0 markupScans=0 shadowScans=0 initialScans=0 otherScans=0 sanitizeElement=0 sanitizeContainer=0 img=0 source=0 svg=0 iframe=0 canvas=0 video=0 safeIcon=0 lockIcon=0 geometryWrites=0 svgRecords=0 shadowRoots=0 shadowObservers=0 shadowCallbacks=0 shadowRecords=0 shadowScanCalls=0 ensureStyle=0 ensureCurtain=0 internalMutations=0
09-08 02:31:13.594 20204 20204 I ChromeMediaShieldStatus: v=1 seq=6 kind=rendererApis callScan=createElement=0/0 createElementNS=0/0 appendChild=0/0 insertBefore=0/0 replaceChild=0/0 append=0/0 prepend=0/0 replaceChildren=0/0 before=0/0 after=0/0 replaceWith=0/0 adjacentElement=0/0 moveBefore=0/0 rangeInsert=0/0 rangeSurround=0/0 adoptNode=0/0 cloneNode=0/0 importNode=0/0 safeMarkup=0/0 innerHTML=0/0 outerHTML=0/0 insertAdjacentHTML=0/0 setHTML=0/0 shadowInnerHTML=0/0 execCommandInsertHTML=0/0 mappedTextContent=0/0
09-08 02:31:13.595 20204 20204 I ChromeMediaShieldStatus: v=1 seq=6 kind=rendererFamilies roots=element/fragment/text/other factory:calls=0,scans=0,direct=0,roots=0/0/0/0,nodes=0,micros=0,maxMicros=0 domGuard:calls=0,scans=0,direct=0,roots=0/0/0/0,nodes=0,micros=0,maxMicros=0 markup:calls=0,scans=0,direct=0,roots=0/0/0/0,nodes=0,micros=0,maxMicros=0
09-08 02:31:13.595 20204 20204 I ChromeMediaShieldStatus: v=1 seq=6 kind=uiSvg registered=1 registryBytes=134 cssRewritten=1 cssRejected=0 networkAccepted=11 networkRejected=1 assetServed=3 assetRejected=0
09-08 02:31:13.595 20204 20204 I ChromeMediaShieldStatus: v=1 seq=6 kind=health failures=5 clientDisconnects=12 proxyQueueRejects=0 protectFailure=0 quicAttempts=0 directTcpAttempts=0 active=true ready=true
09-08 02:31:13.595 20204 20204 I ChromeMediaShieldStatus: v=1 seq=6 kind=fixture report=REPORT=not_run,DOCUMENTS=0,FRAMES=0,SCRIPTS=0,FIRST_ORIGINAL_SCRIPTS=0,STYLES=0,WORKERS=0,SERVICE_WORKERS=0,FRAME_REPORTS=0,FRAME_REPORT_REJECTS=0,FRAME_REPORT=not_run,FRAME_REPORT_SHA=not_run,FRAME_CHALLENGE_SHA=not_run,FRAME_GENERATION=0,FRAME_ACCEPTED_CHALLENGE_SHA=not_run,FRAME_REPORT_BINDING_SHA=not_run,SAME_URL_BODIES=0,REPORTS=0,SW_BOUNDARY={INSTALL_DOCS=0,WORKER_SCRIPTS=0,WORKER_PROBE_SCRIPTS=0,PROBE_DOCS=0,CLEANUP_DOCS=0,REPORTS_ACCEPTED=0,REPORTS_REJECTED=0,CONTROLLER_PRESENT=0,CONTROLLER_MISSING=0,NAV_FETCHES=0,SELF_READY_FETCHES=0,SELF_READY_PASS_THROUGH=0,SELF_READY_SYNTHETIC=0,NAV_SYNTHETIC=0,RESET_BASELINE_CLEAN=0,RESET_BASELINE_DIRTY=0,REGISTER_BLOCKED=0,REGISTER_SUCCEEDED=0,WORKER_REGISTER_BLOCKED=0,WORKER_REGISTER_SUCCEEDED=0,WORKER_REGISTER_UNSUPPORTED=0,WORKER_REGISTER_ERROR=0,LAST_CASE=none,LAST_EVENT=none,LAST_VALUE=none},UI_SVG={INLINE_ORIGINAL:PASS,INLINE_CLICK:PASS,SPRITE_ORIGINAL:PASS,UNSAFE_SPRITE_FAIL_CLOSED:PASS,AMBIGUOUS_REFERENCE_FAIL_CLOSED:PASS,STATIC_CSS:PASS,EXTERNAL_CSS:PASS,STYLE_ATTRIBUTE:PASS,DATA_IMAGE:PASS,FAVICON:PASS,PROTECTED_HEAD_RETENTION:PASS,NETWORK_SVG:PASS,UNSAFE_NETWORK_FAIL_CLOSED:PASS,DYNAMIC_CSS:PASS,RASTER_FAIL_CLOSED:PASS,UNSAFE_INLINE_FAIL_CLOSED:PASS}
09-08 02:32:13.345 20204 20204 I ChromePhotosDataPlane: phase=status statusSequence=7 lifecycle=PresentationReady active=true ready=true connections=256 requests=929 safe=214 blocked=10 unknown=56 passthrough=586 cacheHits=29 cacheMisses=209 failures=5 clientDisconnects=12 bytesIn=55062942 bytesOut=46925570 streamed=158 proxyQueueRejects=0 proxyActivePeak=61 proxyP50Ms=265.861 proxyP95Ms=2185.666 proxyP99Ms=2964.023 upstreamSockets=180 protectSuccess=180 protectFailure=0 web11a=not_run web11b=not_run modelLoadMs=306.189 engineCalls=204 dedupeHits=0 decisionCacheConfig=64 decisionConcurrencyConfig=1 decisionQueueConfig=2 decisionTimeoutMs=5000 engineCallsPerRequest=0.8755364806866953 inferencePeak=1 inFlightPeak=2 queuePeak=1 queueRejects=0 timeouts=0 inferenceP50Ms=136.034844 inferenceP95Ms=554.350938 inferenceP99Ms=578.692239 decisionP50Ms=275.502083 decisionP95Ms=1100.532812 decisionP99Ms=1158.405364 cacheHitP50Ms=0.091146 cacheHitP95Ms=0.316042 cacheEntries=64 cacheEvictions=140 preprocessP50Ms=5.471459 preprocessP95Ms=37.721614 preprocessP99Ms=89.661354 preparedCount1=162 preparedCount4=39 preparedCount5=2 preparedCountOther=1 decisionBasis=FullThreshold:9,None:193,Other:1,UncertainRegional:1 imageCandidates=294 imagePrefixPeeks=28 imageMagicCandidates=0 imageBodyAdmissionPeak=2 imageBodyAdmissionRejects=0 networkVisualCandidates=288 networkVisualReplaced=0 networkVisualRawDelivered=0 networkVisualSafeRawDelivered=214 networkVisualBlockedReplaced=10 networkVisualUnknownReplaced=0 networkVisualUnsupportedReplaced=55 networkVisualRawBlockedDelivered=0 networkVisualRawUnknownDelivered=0 networkVisualCacheHit=29 networkVisualInference=198 mediaDocumentsTransformed=18 mediaDocumentsFailClosed=5 documentTransformOutstanding=0 readyTokensOutstanding=18 uiSvgRegistered=1 uiSvgRegistryBytes=134 uiSvgCssRewritten=1 uiSvgCssRejected=0 uiSvgNetworkAccepted=11 uiSvgNetworkRejected=1 uiSvgAssetServed=3 uiSvgAssetRejected=0 h18=REPORT=not_run,EVENT_SEQUENCE=0,COMPAT_DOCS=0,STRICT_DOCS=0,STYLE_REQ=0,SCRIPT_REQ=0,DATA_REQ=0,NETWORK_REQ=0,REPORTS=0,LAST_DOC=none,NETWORK_SHA=ee17e3f62edde61823ce35732ea168f4f5986bff347ccfac063eca7f4009ee1b,AUDIT_SHA=74d4467bbf6833db4eeab998495b7dfc50db3b1f04f407704b839ad3f4b25582 h19=REPORT=not_run,DOCUMENTS=0,FRAMES=0,SCRIPTS=0,FIRST_ORIGINAL_SCRIPTS=0,STYLES=0,WORKERS=0,SERVICE_WORKERS=0,FRAME_REPORTS=0,FRAME_REPORT_REJECTS=0,FRAME_REPORT=not_run,FRAME_REPORT_SHA=not_run,FRAME_CHALLENGE_SHA=not_run,FRAME_GENERATION=0,FRAME_ACCEPTED_CHALLENGE_SHA=not_run,FRAME_REPORT_BINDING_SHA=not_run,SAME_URL_BODIES=0,REPORTS=0,SW_BOUNDARY={INSTALL_DOCS=0,WORKER_SCRIPTS=0,WORKER_PROBE_SCRIPTS=0,PROBE_DOCS=0,CLEANUP_DOCS=0,REPORTS_ACCEPTED=0,REPORTS_REJECTED=0,CONTROLLER_PRESENT=0,CONTROLLER_MISSING=0,NAV_FETCHES=0,SELF_READY_FETCHES=0,SELF_READY_PASS_THROUGH=0,SELF_READY_SYNTHETIC=0,NAV_SYNTHETIC=0,RESET_BASELINE_CLEAN=0,RESET_BASELINE_DIRTY=0,REGISTER_BLOCKED=0,REGISTER_SUCCEEDED=0,WORKER_REGISTER_BLOCKED=0,WORKER_REGISTER_SUCCEEDED=0,WORKER_REGISTER_UNSUPPORTED=0,WORKER_REGISTER_ERROR=0,LAST_CASE=none,LAST_EVENT=none,LAST_VALUE=none},UI_SVG={INLINE_ORIGINAL:PASS,INLINE_CLICK:PASS,SPRITE_ORIGINAL:PASS,UNSAFE_SPRITE_FAIL_CLOSED:PASS,AMBIGUOUS_REFERENCE_FAIL_CLOSED:PASS,STATIC_CSS:PASS,EXTERNAL_CSS:PASS,STYLE_ATTRIBUTE:PASS,DATA_IMAGE:PASS,FAVICON:PASS,PROTECTED_HEAD_RETENTION:PASS,NETWORK_SVG:PASS,UNSAFE_NETWORK_FAIL_CLOSED:PASS,DYNAMIC_CSS:PASS,RASTER_FAIL_CLOSED:PASS,UNSAFE_INLINE_FAIL_CLOSED:PASS} quicAttempts=0 directTcpAttempts=0 bootstrapResetGeneration=2 bootstrapCompleteGeneration=2 bootstrapResetCount=3 chromeSuspended=false guardSession=534 guardHeartbeatSequence=665 audit17State=0 audit17Navigation=0 audit17Events=297 audit17Dropped=0
09-08 02:32:13.345 20204 20204 I ChromeMediaShieldStatus: v=1 seq=7 kind=network mode=selective candidates=288 replaced=0 rawDelivered=0 safeRaw=214 blockedReplaced=10 unknownReplaced=0 unsupportedReplaced=55 rawBlocked=0 rawUnknown=0 cacheHit=29 decisionEngine=198 engineCalls=204
09-08 02:32:13.346 20204 20204 I ChromeMediaShieldStatus: v=1 seq=7 kind=document transformed=18 failClosed=5 outstanding=0 issued=18 claims=8 documentSequence=15 navigationSequence=8 readyRequests=24 readyPreflights=0 readyAccepted=8 readyRejected=0 parserBarrierRequests=0 parserBarrierReady=0 parserBarrierFailClosed=0 selfShield=true selfReadyRequests=8 selfReadyAccepted=8 selfReadyRejected=0 selfReadyRejectReason=none selfShieldReleaseCompleted=8 selfShieldParserContinued=8 selfShieldOriginalScriptStarted=0 selfShieldTraceRejected=0 selfShieldTraceOutstanding=5 bootstrapDiagnosticAccepted=0 bootstrapDiagnosticRejected=0 bootstrapDiagnosticRejectReason=none bootstrapDiagnosticStage=none bootstrapDiagnosticReason=none bootstrapDiagnosticOutstanding=0
09-08 02:32:13.346 20204 20204 I ChromeMediaShieldStatus: v=1 seq=7 kind=renderer reports=0 rejected=0 globalCallbacks=0 globalRecords=0 childRecords=0 attributeRecords=0 maxRecords=0 scanCalls=0 scanRoot=0 scanNodes=0 maxScanNodes=0 scanMicros=0 maxScanMicros=0 observerChildScans=0 observerAttributeScans=0 guardedScans=0 markupScans=0 shadowScans=0 initialScans=0 otherScans=0 sanitizeElement=0 sanitizeContainer=0 img=0 source=0 svg=0 iframe=0 canvas=0 video=0 safeIcon=0 lockIcon=0 geometryWrites=0 svgRecords=0 shadowRoots=0 shadowObservers=0 shadowCallbacks=0 shadowRecords=0 shadowScanCalls=0 ensureStyle=0 ensureCurtain=0 internalMutations=0
09-08 02:32:13.346 20204 20204 I ChromeMediaShieldStatus: v=1 seq=7 kind=rendererApis callScan=createElement=0/0 createElementNS=0/0 appendChild=0/0 insertBefore=0/0 replaceChild=0/0 append=0/0 prepend=0/0 replaceChildren=0/0 before=0/0 after=0/0 replaceWith=0/0 adjacentElement=0/0 moveBefore=0/0 rangeInsert=0/0 rangeSurround=0/0 adoptNode=0/0 cloneNode=0/0 importNode=0/0 safeMarkup=0/0 innerHTML=0/0 outerHTML=0/0 insertAdjacentHTML=0/0 setHTML=0/0 shadowInnerHTML=0/0 execCommandInsertHTML=0/0 mappedTextContent=0/0
09-08 02:32:13.346 20204 20204 I ChromeMediaShieldStatus: v=1 seq=7 kind=rendererFamilies roots=element/fragment/text/other factory:calls=0,scans=0,direct=0,roots=0/0/0/0,nodes=0,micros=0,maxMicros=0 domGuard:calls=0,scans=0,direct=0,roots=0/0/0/0,nodes=0,micros=0,maxMicros=0 markup:calls=0,scans=0,direct=0,roots=0/0/0/0,nodes=0,micros=0,maxMicros=0
09-08 02:32:13.346 20204 20204 I ChromeMediaShieldStatus: v=1 seq=7 kind=uiSvg registered=1 registryBytes=134 cssRewritten=1 cssRejected=0 networkAccepted=11 networkRejected=1 assetServed=3 assetRejected=0
09-08 02:32:13.346 20204 20204 I ChromeMediaShieldStatus: v=1 seq=7 kind=health failures=5 clientDisconnects=12 proxyQueueRejects=0 protectFailure=0 quicAttempts=0 directTcpAttempts=0 active=true ready=true
09-08 02:32:13.346 20204 20204 I ChromeMediaShieldStatus: v=1 seq=7 kind=fixture report=REPORT=not_run,DOCUMENTS=0,FRAMES=0,SCRIPTS=0,FIRST_ORIGINAL_SCRIPTS=0,STYLES=0,WORKERS=0,SERVICE_WORKERS=0,FRAME_REPORTS=0,FRAME_REPORT_REJECTS=0,FRAME_REPORT=not_run,FRAME_REPORT_SHA=not_run,FRAME_CHALLENGE_SHA=not_run,FRAME_GENERATION=0,FRAME_ACCEPTED_CHALLENGE_SHA=not_run,FRAME_REPORT_BINDING_SHA=not_run,SAME_URL_BODIES=0,REPORTS=0,SW_BOUNDARY={INSTALL_DOCS=0,WORKER_SCRIPTS=0,WORKER_PROBE_SCRIPTS=0,PROBE_DOCS=0,CLEANUP_DOCS=0,REPORTS_ACCEPTED=0,REPORTS_REJECTED=0,CONTROLLER_PRESENT=0,CONTROLLER_MISSING=0,NAV_FETCHES=0,SELF_READY_FETCHES=0,SELF_READY_PASS_THROUGH=0,SELF_READY_SYNTHETIC=0,NAV_SYNTHETIC=0,RESET_BASELINE_CLEAN=0,RESET_BASELINE_DIRTY=0,REGISTER_BLOCKED=0,REGISTER_SUCCEEDED=0,WORKER_REGISTER_BLOCKED=0,WORKER_REGISTER_SUCCEEDED=0,WORKER_REGISTER_UNSUPPORTED=0,WORKER_REGISTER_ERROR=0,LAST_CASE=none,LAST_EVENT=none,LAST_VALUE=none},UI_SVG={INLINE_ORIGINAL:PASS,INLINE_CLICK:PASS,SPRITE_ORIGINAL:PASS,UNSAFE_SPRITE_FAIL_CLOSED:PASS,AMBIGUOUS_REFERENCE_FAIL_CLOSED:PASS,STATIC_CSS:PASS,EXTERNAL_CSS:PASS,STYLE_ATTRIBUTE:PASS,DATA_IMAGE:PASS,FAVICON:PASS,PROTECTED_HEAD_RETENTION:PASS,NETWORK_SVG:PASS,UNSAFE_NETWORK_FAIL_CLOSED:PASS,DYNAMIC_CSS:PASS,RASTER_FAIL_CLOSED:PASS,UNSAFE_INLINE_FAIL_CLOSED:PASS}
09-08 02:33:13.336 20204 20204 I ChromePhotosDataPlane: phase=status statusSequence=8 lifecycle=PresentationReady active=true ready=true connections=256 requests=929 safe=214 blocked=10 unknown=56 passthrough=586 cacheHits=29 cacheMisses=209 failures=5 clientDisconnects=12 bytesIn=55062942 bytesOut=46925570 streamed=158 proxyQueueRejects=0 proxyActivePeak=61 proxyP50Ms=265.861 proxyP95Ms=2185.666 proxyP99Ms=2964.023 upstreamSockets=180 protectSuccess=180 protectFailure=0 web11a=not_run web11b=not_run modelLoadMs=306.189 engineCalls=204 dedupeHits=0 decisionCacheConfig=64 decisionConcurrencyConfig=1 decisionQueueConfig=2 decisionTimeoutMs=5000 engineCallsPerRequest=0.8755364806866953 inferencePeak=1 inFlightPeak=2 queuePeak=1 queueRejects=0 timeouts=0 inferenceP50Ms=136.034844 inferenceP95Ms=554.350938 inferenceP99Ms=578.692239 decisionP50Ms=275.502083 decisionP95Ms=1100.532812 decisionP99Ms=1158.405364 cacheHitP50Ms=0.091146 cacheHitP95Ms=0.316042 cacheEntries=64 cacheEvictions=140 preprocessP50Ms=5.471459 preprocessP95Ms=37.721614 preprocessP99Ms=89.661354 preparedCount1=162 preparedCount4=39 preparedCount5=2 preparedCountOther=1 decisionBasis=FullThreshold:9,None:193,Other:1,UncertainRegional:1 imageCandidates=294 imagePrefixPeeks=28 imageMagicCandidates=0 imageBodyAdmissionPeak=2 imageBodyAdmissionRejects=0 networkVisualCandidates=288 networkVisualReplaced=0 networkVisualRawDelivered=0 networkVisualSafeRawDelivered=214 networkVisualBlockedReplaced=10 networkVisualUnknownReplaced=0 networkVisualUnsupportedReplaced=55 networkVisualRawBlockedDelivered=0 networkVisualRawUnknownDelivered=0 networkVisualCacheHit=29 networkVisualInference=198 mediaDocumentsTransformed=18 mediaDocumentsFailClosed=5 documentTransformOutstanding=0 readyTokensOutstanding=18 uiSvgRegistered=1 uiSvgRegistryBytes=134 uiSvgCssRewritten=1 uiSvgCssRejected=0 uiSvgNetworkAccepted=11 uiSvgNetworkRejected=1 uiSvgAssetServed=3 uiSvgAssetRejected=0 h18=REPORT=not_run,EVENT_SEQUENCE=0,COMPAT_DOCS=0,STRICT_DOCS=0,STYLE_REQ=0,SCRIPT_REQ=0,DATA_REQ=0,NETWORK_REQ=0,REPORTS=0,LAST_DOC=none,NETWORK_SHA=ee17e3f62edde61823ce35732ea168f4f5986bff347ccfac063eca7f4009ee1b,AUDIT_SHA=74d4467bbf6833db4eeab998495b7dfc50db3b1f04f407704b839ad3f4b25582 h19=REPORT=not_run,DOCUMENTS=0,FRAMES=0,SCRIPTS=0,FIRST_ORIGINAL_SCRIPTS=0,STYLES=0,WORKERS=0,SERVICE_WORKERS=0,FRAME_REPORTS=0,FRAME_REPORT_REJECTS=0,FRAME_REPORT=not_run,FRAME_REPORT_SHA=not_run,FRAME_CHALLENGE_SHA=not_run,FRAME_GENERATION=0,FRAME_ACCEPTED_CHALLENGE_SHA=not_run,FRAME_REPORT_BINDING_SHA=not_run,SAME_URL_BODIES=0,REPORTS=0,SW_BOUNDARY={INSTALL_DOCS=0,WORKER_SCRIPTS=0,WORKER_PROBE_SCRIPTS=0,PROBE_DOCS=0,CLEANUP_DOCS=0,REPORTS_ACCEPTED=0,REPORTS_REJECTED=0,CONTROLLER_PRESENT=0,CONTROLLER_MISSING=0,NAV_FETCHES=0,SELF_READY_FETCHES=0,SELF_READY_PASS_THROUGH=0,SELF_READY_SYNTHETIC=0,NAV_SYNTHETIC=0,RESET_BASELINE_CLEAN=0,RESET_BASELINE_DIRTY=0,REGISTER_BLOCKED=0,REGISTER_SUCCEEDED=0,WORKER_REGISTER_BLOCKED=0,WORKER_REGISTER_SUCCEEDED=0,WORKER_REGISTER_UNSUPPORTED=0,WORKER_REGISTER_ERROR=0,LAST_CASE=none,LAST_EVENT=none,LAST_VALUE=none},UI_SVG={INLINE_ORIGINAL:PASS,INLINE_CLICK:PASS,SPRITE_ORIGINAL:PASS,UNSAFE_SPRITE_FAIL_CLOSED:PASS,AMBIGUOUS_REFERENCE_FAIL_CLOSED:PASS,STATIC_CSS:PASS,EXTERNAL_CSS:PASS,STYLE_ATTRIBUTE:PASS,DATA_IMAGE:PASS,FAVICON:PASS,PROTECTED_HEAD_RETENTION:PASS,NETWORK_SVG:PASS,UNSAFE_NETWORK_FAIL_CLOSED:PASS,DYNAMIC_CSS:PASS,RASTER_FAIL_CLOSED:PASS,UNSAFE_INLINE_FAIL_CLOSED:PASS} quicAttempts=0 directTcpAttempts=0 bootstrapResetGeneration=2 bootstrapCompleteGeneration=2 bootstrapResetCount=3 chromeSuspended=false guardSession=534 guardHeartbeatSequence=774 audit17State=0 audit17Navigation=0 audit17Events=297 audit17Dropped=0
09-08 02:33:13.336 20204 20204 I ChromeMediaShieldStatus: v=1 seq=8 kind=network mode=selective candidates=288 replaced=0 rawDelivered=0 safeRaw=214 blockedReplaced=10 unknownReplaced=0 unsupportedReplaced=55 rawBlocked=0 rawUnknown=0 cacheHit=29 decisionEngine=198 engineCalls=204
09-08 02:33:13.336 20204 20204 I ChromeMediaShieldStatus: v=1 seq=8 kind=document transformed=18 failClosed=5 outstanding=0 issued=18 claims=8 documentSequence=15 navigationSequence=8 readyRequests=24 readyPreflights=0 readyAccepted=8 readyRejected=0 parserBarrierRequests=0 parserBarrierReady=0 parserBarrierFailClosed=0 selfShield=true selfReadyRequests=8 selfReadyAccepted=8 selfReadyRejected=0 selfReadyRejectReason=none selfShieldReleaseCompleted=8 selfShieldParserContinued=8 selfShieldOriginalScriptStarted=0 selfShieldTraceRejected=0 selfShieldTraceOutstanding=5 bootstrapDiagnosticAccepted=0 bootstrapDiagnosticRejected=0 bootstrapDiagnosticRejectReason=none bootstrapDiagnosticStage=none bootstrapDiagnosticReason=none bootstrapDiagnosticOutstanding=0
09-08 02:33:13.336 20204 20204 I ChromeMediaShieldStatus: v=1 seq=8 kind=renderer reports=0 rejected=0 globalCallbacks=0 globalRecords=0 childRecords=0 attributeRecords=0 maxRecords=0 scanCalls=0 scanRoot=0 scanNodes=0 maxScanNodes=0 scanMicros=0 maxScanMicros=0 observerChildScans=0 observerAttributeScans=0 guardedScans=0 markupScans=0 shadowScans=0 initialScans=0 otherScans=0 sanitizeElement=0 sanitizeContainer=0 img=0 source=0 svg=0 iframe=0 canvas=0 video=0 safeIcon=0 lockIcon=0 geometryWrites=0 svgRecords=0 shadowRoots=0 shadowObservers=0 shadowCallbacks=0 shadowRecords=0 shadowScanCalls=0 ensureStyle=0 ensureCurtain=0 internalMutations=0
09-08 02:33:13.336 20204 20204 I ChromeMediaShieldStatus: v=1 seq=8 kind=rendererApis callScan=createElement=0/0 createElementNS=0/0 appendChild=0/0 insertBefore=0/0 replaceChild=0/0 append=0/0 prepend=0/0 replaceChildren=0/0 before=0/0 after=0/0 replaceWith=0/0 adjacentElement=0/0 moveBefore=0/0 rangeInsert=0/0 rangeSurround=0/0 adoptNode=0/0 cloneNode=0/0 importNode=0/0 safeMarkup=0/0 innerHTML=0/0 outerHTML=0/0 insertAdjacentHTML=0/0 setHTML=0/0 shadowInnerHTML=0/0 execCommandInsertHTML=0/0 mappedTextContent=0/0
09-08 02:33:13.336 20204 20204 I ChromeMediaShieldStatus: v=1 seq=8 kind=rendererFamilies roots=element/fragment/text/other factory:calls=0,scans=0,direct=0,roots=0/0/0/0,nodes=0,micros=0,maxMicros=0 domGuard:calls=0,scans=0,direct=0,roots=0/0/0/0,nodes=0,micros=0,maxMicros=0 markup:calls=0,scans=0,direct=0,roots=0/0/0/0,nodes=0,micros=0,maxMicros=0
09-08 02:33:13.336 20204 20204 I ChromeMediaShieldStatus: v=1 seq=8 kind=uiSvg registered=1 registryBytes=134 cssRewritten=1 cssRejected=0 networkAccepted=11 networkRejected=1 assetServed=3 assetRejected=0
09-08 02:33:13.336 20204 20204 I ChromeMediaShieldStatus: v=1 seq=8 kind=health failures=5 clientDisconnects=12 proxyQueueRejects=0 protectFailure=0 quicAttempts=0 directTcpAttempts=0 active=true ready=true
09-08 02:33:13.336 20204 20204 I ChromeMediaShieldStatus: v=1 seq=8 kind=fixture report=REPORT=not_run,DOCUMENTS=0,FRAMES=0,SCRIPTS=0,FIRST_ORIGINAL_SCRIPTS=0,STYLES=0,WORKERS=0,SERVICE_WORKERS=0,FRAME_REPORTS=0,FRAME_REPORT_REJECTS=0,FRAME_REPORT=not_run,FRAME_REPORT_SHA=not_run,FRAME_CHALLENGE_SHA=not_run,FRAME_GENERATION=0,FRAME_ACCEPTED_CHALLENGE_SHA=not_run,FRAME_REPORT_BINDING_SHA=not_run,SAME_URL_BODIES=0,REPORTS=0,SW_BOUNDARY={INSTALL_DOCS=0,WORKER_SCRIPTS=0,WORKER_PROBE_SCRIPTS=0,PROBE_DOCS=0,CLEANUP_DOCS=0,REPORTS_ACCEPTED=0,REPORTS_REJECTED=0,CONTROLLER_PRESENT=0,CONTROLLER_MISSING=0,NAV_FETCHES=0,SELF_READY_FETCHES=0,SELF_READY_PASS_THROUGH=0,SELF_READY_SYNTHETIC=0,NAV_SYNTHETIC=0,RESET_BASELINE_CLEAN=0,RESET_BASELINE_DIRTY=0,REGISTER_BLOCKED=0,REGISTER_SUCCEEDED=0,WORKER_REGISTER_BLOCKED=0,WORKER_REGISTER_SUCCEEDED=0,WORKER_REGISTER_UNSUPPORTED=0,WORKER_REGISTER_ERROR=0,LAST_CASE=none,LAST_EVENT=none,LAST_VALUE=none},UI_SVG={INLINE_ORIGINAL:PASS,INLINE_CLICK:PASS,SPRITE_ORIGINAL:PASS,UNSAFE_SPRITE_FAIL_CLOSED:PASS,AMBIGUOUS_REFERENCE_FAIL_CLOSED:PASS,STATIC_CSS:PASS,EXTERNAL_CSS:PASS,STYLE_ATTRIBUTE:PASS,DATA_IMAGE:PASS,FAVICON:PASS,PROTECTED_HEAD_RETENTION:PASS,NETWORK_SVG:PASS,UNSAFE_NETWORK_FAIL_CLOSED:PASS,DYNAMIC_CSS:PASS,RASTER_FAIL_CLOSED:PASS,UNSAFE_INLINE_FAIL_CLOSED:PASS}
09-08 02:34:13.298 20204 20204 I ChromePhotosDataPlane: phase=status statusSequence=9 lifecycle=PresentationReady active=true ready=true connections=256 requests=929 safe=214 blocked=10 unknown=56 passthrough=586 cacheHits=29 cacheMisses=209 failures=5 clientDisconnects=12 bytesIn=55062942 bytesOut=46925570 streamed=158 proxyQueueRejects=0 proxyActivePeak=61 proxyP50Ms=265.861 proxyP95Ms=2185.666 proxyP99Ms=2964.023 upstreamSockets=180 protectSuccess=180 protectFailure=0 web11a=not_run web11b=not_run modelLoadMs=306.189 engineCalls=204 dedupeHits=0 decisionCacheConfig=64 decisionConcurrencyConfig=1 decisionQueueConfig=2 decisionTimeoutMs=5000 engineCallsPerRequest=0.8755364806866953 inferencePeak=1 inFlightPeak=2 queuePeak=1 queueRejects=0 timeouts=0 inferenceP50Ms=136.034844 inferenceP95Ms=554.350938 inferenceP99Ms=578.692239 decisionP50Ms=275.502083 decisionP95Ms=1100.532812 decisionP99Ms=1158.405364 cacheHitP50Ms=0.091146 cacheHitP95Ms=0.316042 cacheEntries=64 cacheEvictions=140 preprocessP50Ms=5.471459 preprocessP95Ms=37.721614 preprocessP99Ms=89.661354 preparedCount1=162 preparedCount4=39 preparedCount5=2 preparedCountOther=1 decisionBasis=FullThreshold:9,None:193,Other:1,UncertainRegional:1 imageCandidates=294 imagePrefixPeeks=28 imageMagicCandidates=0 imageBodyAdmissionPeak=2 imageBodyAdmissionRejects=0 networkVisualCandidates=288 networkVisualReplaced=0 networkVisualRawDelivered=0 networkVisualSafeRawDelivered=214 networkVisualBlockedReplaced=10 networkVisualUnknownReplaced=0 networkVisualUnsupportedReplaced=55 networkVisualRawBlockedDelivered=0 networkVisualRawUnknownDelivered=0 networkVisualCacheHit=29 networkVisualInference=198 mediaDocumentsTransformed=18 mediaDocumentsFailClosed=5 documentTransformOutstanding=0 readyTokensOutstanding=18 uiSvgRegistered=1 uiSvgRegistryBytes=134 uiSvgCssRewritten=1 uiSvgCssRejected=0 uiSvgNetworkAccepted=11 uiSvgNetworkRejected=1 uiSvgAssetServed=3 uiSvgAssetRejected=0 h18=REPORT=not_run,EVENT_SEQUENCE=0,COMPAT_DOCS=0,STRICT_DOCS=0,STYLE_REQ=0,SCRIPT_REQ=0,DATA_REQ=0,NETWORK_REQ=0,REPORTS=0,LAST_DOC=none,NETWORK_SHA=ee17e3f62edde61823ce35732ea168f4f5986bff347ccfac063eca7f4009ee1b,AUDIT_SHA=74d4467bbf6833db4eeab998495b7dfc50db3b1f04f407704b839ad3f4b25582 h19=REPORT=not_run,DOCUMENTS=0,FRAMES=0,SCRIPTS=0,FIRST_ORIGINAL_SCRIPTS=0,STYLES=0,WORKERS=0,SERVICE_WORKERS=0,FRAME_REPORTS=0,FRAME_REPORT_REJECTS=0,FRAME_REPORT=not_run,FRAME_REPORT_SHA=not_run,FRAME_CHALLENGE_SHA=not_run,FRAME_GENERATION=0,FRAME_ACCEPTED_CHALLENGE_SHA=not_run,FRAME_REPORT_BINDING_SHA=not_run,SAME_URL_BODIES=0,REPORTS=0,SW_BOUNDARY={INSTALL_DOCS=0,WORKER_SCRIPTS=0,WORKER_PROBE_SCRIPTS=0,PROBE_DOCS=0,CLEANUP_DOCS=0,REPORTS_ACCEPTED=0,REPORTS_REJECTED=0,CONTROLLER_PRESENT=0,CONTROLLER_MISSING=0,NAV_FETCHES=0,SELF_READY_FETCHES=0,SELF_READY_PASS_THROUGH=0,SELF_READY_SYNTHETIC=0,NAV_SYNTHETIC=0,RESET_BASELINE_CLEAN=0,RESET_BASELINE_DIRTY=0,REGISTER_BLOCKED=0,REGISTER_SUCCEEDED=0,WORKER_REGISTER_BLOCKED=0,WORKER_REGISTER_SUCCEEDED=0,WORKER_REGISTER_UNSUPPORTED=0,WORKER_REGISTER_ERROR=0,LAST_CASE=none,LAST_EVENT=none,LAST_VALUE=none},UI_SVG={INLINE_ORIGINAL:PASS,INLINE_CLICK:PASS,SPRITE_ORIGINAL:PASS,UNSAFE_SPRITE_FAIL_CLOSED:PASS,AMBIGUOUS_REFERENCE_FAIL_CLOSED:PASS,STATIC_CSS:PASS,EXTERNAL_CSS:PASS,STYLE_ATTRIBUTE:PASS,DATA_IMAGE:PASS,FAVICON:PASS,PROTECTED_HEAD_RETENTION:PASS,NETWORK_SVG:PASS,UNSAFE_NETWORK_FAIL_CLOSED:PASS,DYNAMIC_CSS:PASS,RASTER_FAIL_CLOSED:PASS,UNSAFE_INLINE_FAIL_CLOSED:PASS} quicAttempts=0 directTcpAttempts=0 bootstrapResetGeneration=2 bootstrapCompleteGeneration=2 bootstrapResetCount=3 chromeSuspended=false guardSession=534 guardHeartbeatSequence=881 audit17State=0 audit17Navigation=0 audit17Events=297 audit17Dropped=0
09-08 02:34:13.298 20204 20204 I ChromeMediaShieldStatus: v=1 seq=9 kind=network mode=selective candidates=288 replaced=0 rawDelivered=0 safeRaw=214 blockedReplaced=10 unknownReplaced=0 unsupportedReplaced=55 rawBlocked=0 rawUnknown=0 cacheHit=29 decisionEngine=198 engineCalls=204
09-08 02:34:13.299 20204 20204 I ChromeMediaShieldStatus: v=1 seq=9 kind=document transformed=18 failClosed=5 outstanding=0 issued=18 claims=8 documentSequence=15 navigationSequence=8 readyRequests=24 readyPreflights=0 readyAccepted=8 readyRejected=0 parserBarrierRequests=0 parserBarrierReady=0 parserBarrierFailClosed=0 selfShield=true selfReadyRequests=8 selfReadyAccepted=8 selfReadyRejected=0 selfReadyRejectReason=none selfShieldReleaseCompleted=8 selfShieldParserContinued=8 selfShieldOriginalScriptStarted=0 selfShieldTraceRejected=0 selfShieldTraceOutstanding=5 bootstrapDiagnosticAccepted=0 bootstrapDiagnosticRejected=0 bootstrapDiagnosticRejectReason=none bootstrapDiagnosticStage=none bootstrapDiagnosticReason=none bootstrapDiagnosticOutstanding=0
09-08 02:34:13.299 20204 20204 I ChromeMediaShieldStatus: v=1 seq=9 kind=renderer reports=0 rejected=0 globalCallbacks=0 globalRecords=0 childRecords=0 attributeRecords=0 maxRecords=0 scanCalls=0 scanRoot=0 scanNodes=0 maxScanNodes=0 scanMicros=0 maxScanMicros=0 observerChildScans=0 observerAttributeScans=0 guardedScans=0 markupScans=0 shadowScans=0 initialScans=0 otherScans=0 sanitizeElement=0 sanitizeContainer=0 img=0 source=0 svg=0 iframe=0 canvas=0 video=0 safeIcon=0 lockIcon=0 geometryWrites=0 svgRecords=0 shadowRoots=0 shadowObservers=0 shadowCallbacks=0 shadowRecords=0 shadowScanCalls=0 ensureStyle=0 ensureCurtain=0 internalMutations=0
09-08 02:34:13.299 20204 20204 I ChromeMediaShieldStatus: v=1 seq=9 kind=rendererApis callScan=createElement=0/0 createElementNS=0/0 appendChild=0/0 insertBefore=0/0 replaceChild=0/0 append=0/0 prepend=0/0 replaceChildren=0/0 before=0/0 after=0/0 replaceWith=0/0 adjacentElement=0/0 moveBefore=0/0 rangeInsert=0/0 rangeSurround=0/0 adoptNode=0/0 cloneNode=0/0 importNode=0/0 safeMarkup=0/0 innerHTML=0/0 outerHTML=0/0 insertAdjacentHTML=0/0 setHTML=0/0 shadowInnerHTML=0/0 execCommandInsertHTML=0/0 mappedTextContent=0/0
09-08 02:34:13.299 20204 20204 I ChromeMediaShieldStatus: v=1 seq=9 kind=rendererFamilies roots=element/fragment/text/other factory:calls=0,scans=0,direct=0,roots=0/0/0/0,nodes=0,micros=0,maxMicros=0 domGuard:calls=0,scans=0,direct=0,roots=0/0/0/0,nodes=0,micros=0,maxMicros=0 markup:calls=0,scans=0,direct=0,roots=0/0/0/0,nodes=0,micros=0,maxMicros=0
09-08 02:34:13.299 20204 20204 I ChromeMediaShieldStatus: v=1 seq=9 kind=uiSvg registered=1 registryBytes=134 cssRewritten=1 cssRejected=0 networkAccepted=11 networkRejected=1 assetServed=3 assetRejected=0
09-08 02:34:13.299 20204 20204 I ChromeMediaShieldStatus: v=1 seq=9 kind=health failures=5 clientDisconnects=12 proxyQueueRejects=0 protectFailure=0 quicAttempts=0 directTcpAttempts=0 active=true ready=true
09-08 02:34:13.299 20204 20204 I ChromeMediaShieldStatus: v=1 seq=9 kind=fixture report=REPORT=not_run,DOCUMENTS=0,FRAMES=0,SCRIPTS=0,FIRST_ORIGINAL_SCRIPTS=0,STYLES=0,WORKERS=0,SERVICE_WORKERS=0,FRAME_REPORTS=0,FRAME_REPORT_REJECTS=0,FRAME_REPORT=not_run,FRAME_REPORT_SHA=not_run,FRAME_CHALLENGE_SHA=not_run,FRAME_GENERATION=0,FRAME_ACCEPTED_CHALLENGE_SHA=not_run,FRAME_REPORT_BINDING_SHA=not_run,SAME_URL_BODIES=0,REPORTS=0,SW_BOUNDARY={INSTALL_DOCS=0,WORKER_SCRIPTS=0,WORKER_PROBE_SCRIPTS=0,PROBE_DOCS=0,CLEANUP_DOCS=0,REPORTS_ACCEPTED=0,REPORTS_REJECTED=0,CONTROLLER_PRESENT=0,CONTROLLER_MISSING=0,NAV_FETCHES=0,SELF_READY_FETCHES=0,SELF_READY_PASS_THROUGH=0,SELF_READY_SYNTHETIC=0,NAV_SYNTHETIC=0,RESET_BASELINE_CLEAN=0,RESET_BASELINE_DIRTY=0,REGISTER_BLOCKED=0,REGISTER_SUCCEEDED=0,WORKER_REGISTER_BLOCKED=0,WORKER_REGISTER_SUCCEEDED=0,WORKER_REGISTER_UNSUPPORTED=0,WORKER_REGISTER_ERROR=0,LAST_CASE=none,LAST_EVENT=none,LAST_VALUE=none},UI_SVG={INLINE_ORIGINAL:PASS,INLINE_CLICK:PASS,SPRITE_ORIGINAL:PASS,UNSAFE_SPRITE_FAIL_CLOSED:PASS,AMBIGUOUS_REFERENCE_FAIL_CLOSED:PASS,STATIC_CSS:PASS,EXTERNAL_CSS:PASS,STYLE_ATTRIBUTE:PASS,DATA_IMAGE:PASS,FAVICON:PASS,PROTECTED_HEAD_RETENTION:PASS,NETWORK_SVG:PASS,UNSAFE_NETWORK_FAIL_CLOSED:PASS,DYNAMIC_CSS:PASS,RASTER_FAIL_CLOSED:PASS,UNSAFE_INLINE_FAIL_CLOSED:PASS}
09-08 02:35:13.314 20204 20204 I ChromePhotosDataPlane: phase=status statusSequence=10 lifecycle=PresentationReady active=true ready=true connections=256 requests=929 safe=214 blocked=10 unknown=56 passthrough=586 cacheHits=29 cacheMisses=209 failures=5 clientDisconnects=12 bytesIn=55062942 bytesOut=46925570 streamed=158 proxyQueueRejects=0 proxyActivePeak=61 proxyP50Ms=265.861 proxyP95Ms=2185.666 proxyP99Ms=2964.023 upstreamSockets=180 protectSuccess=180 protectFailure=0 web11a=not_run web11b=not_run modelLoadMs=306.189 engineCalls=204 dedupeHits=0 decisionCacheConfig=64 decisionConcurrencyConfig=1 decisionQueueConfig=2 decisionTimeoutMs=5000 engineCallsPerRequest=0.8755364806866953 inferencePeak=1 inFlightPeak=2 queuePeak=1 queueRejects=0 timeouts=0 inferenceP50Ms=136.034844 inferenceP95Ms=554.350938 inferenceP99Ms=578.692239 decisionP50Ms=275.502083 decisionP95Ms=1100.532812 decisionP99Ms=1158.405364 cacheHitP50Ms=0.091146 cacheHitP95Ms=0.316042 cacheEntries=64 cacheEvictions=140 preprocessP50Ms=5.471459 preprocessP95Ms=37.721614 preprocessP99Ms=89.661354 preparedCount1=162 preparedCount4=39 preparedCount5=2 preparedCountOther=1 decisionBasis=FullThreshold:9,None:193,Other:1,UncertainRegional:1 imageCandidates=294 imagePrefixPeeks=28 imageMagicCandidates=0 imageBodyAdmissionPeak=2 imageBodyAdmissionRejects=0 networkVisualCandidates=288 networkVisualReplaced=0 networkVisualRawDelivered=0 networkVisualSafeRawDelivered=214 networkVisualBlockedReplaced=10 networkVisualUnknownReplaced=0 networkVisualUnsupportedReplaced=55 networkVisualRawBlockedDelivered=0 networkVisualRawUnknownDelivered=0 networkVisualCacheHit=29 networkVisualInference=198 mediaDocumentsTransformed=18 mediaDocumentsFailClosed=5 documentTransformOutstanding=0 readyTokensOutstanding=18 uiSvgRegistered=1 uiSvgRegistryBytes=134 uiSvgCssRewritten=1 uiSvgCssRejected=0 uiSvgNetworkAccepted=11 uiSvgNetworkRejected=1 uiSvgAssetServed=3 uiSvgAssetRejected=0 h18=REPORT=not_run,EVENT_SEQUENCE=0,COMPAT_DOCS=0,STRICT_DOCS=0,STYLE_REQ=0,SCRIPT_REQ=0,DATA_REQ=0,NETWORK_REQ=0,REPORTS=0,LAST_DOC=none,NETWORK_SHA=ee17e3f62edde61823ce35732ea168f4f5986bff347ccfac063eca7f4009ee1b,AUDIT_SHA=74d4467bbf6833db4eeab998495b7dfc50db3b1f04f407704b839ad3f4b25582 h19=REPORT=not_run,DOCUMENTS=0,FRAMES=0,SCRIPTS=0,FIRST_ORIGINAL_SCRIPTS=0,STYLES=0,WORKERS=0,SERVICE_WORKERS=0,FRAME_REPORTS=0,FRAME_REPORT_REJECTS=0,FRAME_REPORT=not_run,FRAME_REPORT_SHA=not_run,FRAME_CHALLENGE_SHA=not_run,FRAME_GENERATION=0,FRAME_ACCEPTED_CHALLENGE_SHA=not_run,FRAME_REPORT_BINDING_SHA=not_run,SAME_URL_BODIES=0,REPORTS=0,SW_BOUNDARY={INSTALL_DOCS=0,WORKER_SCRIPTS=0,WORKER_PROBE_SCRIPTS=0,PROBE_DOCS=0,CLEANUP_DOCS=0,REPORTS_ACCEPTED=0,REPORTS_REJECTED=0,CONTROLLER_PRESENT=0,CONTROLLER_MISSING=0,NAV_FETCHES=0,SELF_READY_FETCHES=0,SELF_READY_PASS_THROUGH=0,SELF_READY_SYNTHETIC=0,NAV_SYNTHETIC=0,RESET_BASELINE_CLEAN=0,RESET_BASELINE_DIRTY=0,REGISTER_BLOCKED=0,REGISTER_SUCCEEDED=0,WORKER_REGISTER_BLOCKED=0,WORKER_REGISTER_SUCCEEDED=0,WORKER_REGISTER_UNSUPPORTED=0,WORKER_REGISTER_ERROR=0,LAST_CASE=none,LAST_EVENT=none,LAST_VALUE=none},UI_SVG={INLINE_ORIGINAL:PASS,INLINE_CLICK:PASS,SPRITE_ORIGINAL:PASS,UNSAFE_SPRITE_FAIL_CLOSED:PASS,AMBIGUOUS_REFERENCE_FAIL_CLOSED:PASS,STATIC_CSS:PASS,EXTERNAL_CSS:PASS,STYLE_ATTRIBUTE:PASS,DATA_IMAGE:PASS,FAVICON:PASS,PROTECTED_HEAD_RETENTION:PASS,NETWORK_SVG:PASS,UNSAFE_NETWORK_FAIL_CLOSED:PASS,DYNAMIC_CSS:PASS,RASTER_FAIL_CLOSED:PASS,UNSAFE_INLINE_FAIL_CLOSED:PASS} quicAttempts=0 directTcpAttempts=0 bootstrapResetGeneration=2 bootstrapCompleteGeneration=2 bootstrapResetCount=3 chromeSuspended=false guardSession=534 guardHeartbeatSequence=989 audit17State=0 audit17Navigation=0 audit17Events=297 audit17Dropped=0
09-08 02:35:13.314 20204 20204 I ChromeMediaShieldStatus: v=1 seq=10 kind=network mode=selective candidates=288 replaced=0 rawDelivered=0 safeRaw=214 blockedReplaced=10 unknownReplaced=0 unsupportedReplaced=55 rawBlocked=0 rawUnknown=0 cacheHit=29 decisionEngine=198 engineCalls=204
09-08 02:35:13.315 20204 20204 I ChromeMediaShieldStatus: v=1 seq=10 kind=document transformed=18 failClosed=5 outstanding=0 issued=18 claims=8 documentSequence=15 navigationSequence=8 readyRequests=24 readyPreflights=0 readyAccepted=8 readyRejected=0 parserBarrierRequests=0 parserBarrierReady=0 parserBarrierFailClosed=0 selfShield=true selfReadyRequests=8 selfReadyAccepted=8 selfReadyRejected=0 selfReadyRejectReason=none selfShieldReleaseCompleted=8 selfShieldParserContinued=8 selfShieldOriginalScriptStarted=0 selfShieldTraceRejected=0 selfShieldTraceOutstanding=5 bootstrapDiagnosticAccepted=0 bootstrapDiagnosticRejected=0 bootstrapDiagnosticRejectReason=none bootstrapDiagnosticStage=none bootstrapDiagnosticReason=none bootstrapDiagnosticOutstanding=0
09-08 02:35:13.315 20204 20204 I ChromeMediaShieldStatus: v=1 seq=10 kind=renderer reports=0 rejected=0 globalCallbacks=0 globalRecords=0 childRecords=0 attributeRecords=0 maxRecords=0 scanCalls=0 scanRoot=0 scanNodes=0 maxScanNodes=0 scanMicros=0 maxScanMicros=0 observerChildScans=0 observerAttributeScans=0 guardedScans=0 markupScans=0 shadowScans=0 initialScans=0 otherScans=0 sanitizeElement=0 sanitizeContainer=0 img=0 source=0 svg=0 iframe=0 canvas=0 video=0 safeIcon=0 lockIcon=0 geometryWrites=0 svgRecords=0 shadowRoots=0 shadowObservers=0 shadowCallbacks=0 shadowRecords=0 shadowScanCalls=0 ensureStyle=0 ensureCurtain=0 internalMutations=0
09-08 02:35:13.315 20204 20204 I ChromeMediaShieldStatus: v=1 seq=10 kind=rendererApis callScan=createElement=0/0 createElementNS=0/0 appendChild=0/0 insertBefore=0/0 replaceChild=0/0 append=0/0 prepend=0/0 replaceChildren=0/0 before=0/0 after=0/0 replaceWith=0/0 adjacentElement=0/0 moveBefore=0/0 rangeInsert=0/0 rangeSurround=0/0 adoptNode=0/0 cloneNode=0/0 importNode=0/0 safeMarkup=0/0 innerHTML=0/0 outerHTML=0/0 insertAdjacentHTML=0/0 setHTML=0/0 shadowInnerHTML=0/0 execCommandInsertHTML=0/0 mappedTextContent=0/0
09-08 02:35:13.315 20204 20204 I ChromeMediaShieldStatus: v=1 seq=10 kind=rendererFamilies roots=element/fragment/text/other factory:calls=0,scans=0,direct=0,roots=0/0/0/0,nodes=0,micros=0,maxMicros=0 domGuard:calls=0,scans=0,direct=0,roots=0/0/0/0,nodes=0,micros=0,maxMicros=0 markup:calls=0,scans=0,direct=0,roots=0/0/0/0,nodes=0,micros=0,maxMicros=0
09-08 02:35:13.315 20204 20204 I ChromeMediaShieldStatus: v=1 seq=10 kind=uiSvg registered=1 registryBytes=134 cssRewritten=1 cssRejected=0 networkAccepted=11 networkRejected=1 assetServed=3 assetRejected=0
09-08 02:35:13.315 20204 20204 I ChromeMediaShieldStatus: v=1 seq=10 kind=health failures=5 clientDisconnects=12 proxyQueueRejects=0 protectFailure=0 quicAttempts=0 directTcpAttempts=0 active=true ready=true
09-08 02:35:13.315 20204 20204 I ChromeMediaShieldStatus: v=1 seq=10 kind=fixture report=REPORT=not_run,DOCUMENTS=0,FRAMES=0,SCRIPTS=0,FIRST_ORIGINAL_SCRIPTS=0,STYLES=0,WORKERS=0,SERVICE_WORKERS=0,FRAME_REPORTS=0,FRAME_REPORT_REJECTS=0,FRAME_REPORT=not_run,FRAME_REPORT_SHA=not_run,FRAME_CHALLENGE_SHA=not_run,FRAME_GENERATION=0,FRAME_ACCEPTED_CHALLENGE_SHA=not_run,FRAME_REPORT_BINDING_SHA=not_run,SAME_URL_BODIES=0,REPORTS=0,SW_BOUNDARY={INSTALL_DOCS=0,WORKER_SCRIPTS=0,WORKER_PROBE_SCRIPTS=0,PROBE_DOCS=0,CLEANUP_DOCS=0,REPORTS_ACCEPTED=0,REPORTS_REJECTED=0,CONTROLLER_PRESENT=0,CONTROLLER_MISSING=0,NAV_FETCHES=0,SELF_READY_FETCHES=0,SELF_READY_PASS_THROUGH=0,SELF_READY_SYNTHETIC=0,NAV_SYNTHETIC=0,RESET_BASELINE_CLEAN=0,RESET_BASELINE_DIRTY=0,REGISTER_BLOCKED=0,REGISTER_SUCCEEDED=0,WORKER_REGISTER_BLOCKED=0,WORKER_REGISTER_SUCCEEDED=0,WORKER_REGISTER_UNSUPPORTED=0,WORKER_REGISTER_ERROR=0,LAST_CASE=none,LAST_EVENT=none,LAST_VALUE=none},UI_SVG={INLINE_ORIGINAL:PASS,INLINE_CLICK:PASS,SPRITE_ORIGINAL:PASS,UNSAFE_SPRITE_FAIL_CLOSED:PASS,AMBIGUOUS_REFERENCE_FAIL_CLOSED:PASS,STATIC_CSS:PASS,EXTERNAL_CSS:PASS,STYLE_ATTRIBUTE:PASS,DATA_IMAGE:PASS,FAVICON:PASS,PROTECTED_HEAD_RETENTION:PASS,NETWORK_SVG:PASS,UNSAFE_NETWORK_FAIL_CLOSED:PASS,DYNAMIC_CSS:PASS,RASTER_FAIL_CLOSED:PASS,UNSAFE_INLINE_FAIL_CLOSED:PASS}
09-08 02:35:20.164 20204 21377 I ChromePhotosDataPlane: phase=worker_ready correlationId=c257 admissionWaitMs=0.700
09-08 02:35:20.225 20204 21377 I ChromePhotosDataPlane: phase=tls_certificate correlationId=c257 tlsCacheHit=true tlsCacheWaitMs=0.036 tlsCreationMs=0.000
09-08 02:35:20.225 20204 21377 I ChromePhotosDataPlane: phase=tls_material correlationId=c257 tlsMaterialMs=0.909
09-08 02:35:20.250 20204 21377 I ChromePhotosDataPlane: phase=tls_ready correlationId=c257 hostClass=network hostHash=816c1c4228e457b0 clientProtocol=http/1.1 ca=8be2538814763f0c
09-08 02:35:20.555 20204 21377 I ChromePhotosDataPlane: origin=real hostClass=network hostHash=816c1c4228e457b0 method=POST clientProtocol=http/1.1 upstreamProtocol=h2 status=200 contentType=application/javascript bytesOut=0 transfer=fixed upstreamHeadersMs=296.109 downstreamWriteMs=1.227
09-08 02:36:13.341 20204 20204 I ChromePhotosDataPlane: phase=status statusSequence=11 lifecycle=PresentationReady active=true ready=true connections=257 requests=930 safe=214 blocked=10 unknown=56 passthrough=587 cacheHits=29 cacheMisses=209 failures=5 clientDisconnects=12 bytesIn=55062942 bytesOut=46925570 streamed=159 proxyQueueRejects=0 proxyActivePeak=61 proxyP50Ms=267.415 proxyP95Ms=2185.666 proxyP99Ms=2964.023 upstreamSockets=181 protectSuccess=181 protectFailure=0 web11a=not_run web11b=not_run modelLoadMs=306.189 engineCalls=204 dedupeHits=0 decisionCacheConfig=64 decisionConcurrencyConfig=1 decisionQueueConfig=2 decisionTimeoutMs=5000 engineCallsPerRequest=0.8755364806866953 inferencePeak=1 inFlightPeak=2 queuePeak=1 queueRejects=0 timeouts=0 inferenceP50Ms=136.034844 inferenceP95Ms=554.350938 inferenceP99Ms=578.692239 decisionP50Ms=275.502083 decisionP95Ms=1100.532812 decisionP99Ms=1158.405364 cacheHitP50Ms=0.091146 cacheHitP95Ms=0.316042 cacheEntries=64 cacheEvictions=140 preprocessP50Ms=5.471459 preprocessP95Ms=37.721614 preprocessP99Ms=89.661354 preparedCount1=162 preparedCount4=39 preparedCount5=2 preparedCountOther=1 decisionBasis=FullThreshold:9,None:193,Other:1,UncertainRegional:1 imageCandidates=294 imagePrefixPeeks=28 imageMagicCandidates=0 imageBodyAdmissionPeak=2 imageBodyAdmissionRejects=0 networkVisualCandidates=288 networkVisualReplaced=0 networkVisualRawDelivered=0 networkVisualSafeRawDelivered=214 networkVisualBlockedReplaced=10 networkVisualUnknownReplaced=0 networkVisualUnsupportedReplaced=55 networkVisualRawBlockedDelivered=0 networkVisualRawUnknownDelivered=0 networkVisualCacheHit=29 networkVisualInference=198 mediaDocumentsTransformed=18 mediaDocumentsFailClosed=5 documentTransformOutstanding=0 readyTokensOutstanding=18 uiSvgRegistered=1 uiSvgRegistryBytes=134 uiSvgCssRewritten=1 uiSvgCssRejected=0 uiSvgNetworkAccepted=11 uiSvgNetworkRejected=1 uiSvgAssetServed=3 uiSvgAssetRejected=0 h18=REPORT=not_run,EVENT_SEQUENCE=0,COMPAT_DOCS=0,STRICT_DOCS=0,STYLE_REQ=0,SCRIPT_REQ=0,DATA_REQ=0,NETWORK_REQ=0,REPORTS=0,LAST_DOC=none,NETWORK_SHA=ee17e3f62edde61823ce35732ea168f4f5986bff347ccfac063eca7f4009ee1b,AUDIT_SHA=74d4467bbf6833db4eeab998495b7dfc50db3b1f04f407704b839ad3f4b25582 h19=REPORT=not_run,DOCUMENTS=0,FRAMES=0,SCRIPTS=0,FIRST_ORIGINAL_SCRIPTS=0,STYLES=0,WORKERS=0,SERVICE_WORKERS=0,FRAME_REPORTS=0,FRAME_REPORT_REJECTS=0,FRAME_REPORT=not_run,FRAME_REPORT_SHA=not_run,FRAME_CHALLENGE_SHA=not_run,FRAME_GENERATION=0,FRAME_ACCEPTED_CHALLENGE_SHA=not_run,FRAME_REPORT_BINDING_SHA=not_run,SAME_URL_BODIES=0,REPORTS=0,SW_BOUNDARY={INSTALL_DOCS=0,WORKER_SCRIPTS=0,WORKER_PROBE_SCRIPTS=0,PROBE_DOCS=0,CLEANUP_DOCS=0,REPORTS_ACCEPTED=0,REPORTS_REJECTED=0,CONTROLLER_PRESENT=0,CONTROLLER_MISSING=0,NAV_FETCHES=0,SELF_READY_FETCHES=0,SELF_READY_PASS_THROUGH=0,SELF_READY_SYNTHETIC=0,NAV_SYNTHETIC=0,RESET_BASELINE_CLEAN=0,RESET_BASELINE_DIRTY=0,REGISTER_BLOCKED=0,REGISTER_SUCCEEDED=0,WORKER_REGISTER_BLOCKED=0,WORKER_REGISTER_SUCCEEDED=0,WORKER_REGISTER_UNSUPPORTED=0,WORKER_REGISTER_ERROR=0,LAST_CASE=none,LAST_EVENT=none,LAST_VALUE=none},UI_SVG={INLINE_ORIGINAL:PASS,INLINE_CLICK:PASS,SPRITE_ORIGINAL:PASS,UNSAFE_SPRITE_FAIL_CLOSED:PASS,AMBIGUOUS_REFERENCE_FAIL_CLOSED:PASS,STATIC_CSS:PASS,EXTERNAL_CSS:PASS,STYLE_ATTRIBUTE:PASS,DATA_IMAGE:PASS,FAVICON:PASS,PROTECTED_HEAD_RETENTION:PASS,NETWORK_SVG:PASS,UNSAFE_NETWORK_FAIL_CLOSED:PASS,DYNAMIC_CSS:PASS,RASTER_FAIL_CLOSED:PASS,UNSAFE_INLINE_FAIL_CLOSED:PASS} quicAttempts=0 directTcpAttempts=0 bootstrapResetGeneration=2 bootstrapCompleteGeneration=2 bootstrapResetCount=3 chromeSuspended=false guardSession=534 guardHeartbeatSequence=1097 audit17State=0 audit17Navigation=0 audit17Events=297 audit17Dropped=0
09-08 02:36:13.341 20204 20204 I ChromeMediaShieldStatus: v=1 seq=11 kind=network mode=selective candidates=288 replaced=0 rawDelivered=0 safeRaw=214 blockedReplaced=10 unknownReplaced=0 unsupportedReplaced=55 rawBlocked=0 rawUnknown=0 cacheHit=29 decisionEngine=198 engineCalls=204
09-08 02:36:13.341 20204 20204 I ChromeMediaShieldStatus: v=1 seq=11 kind=document transformed=18 failClosed=5 outstanding=0 issued=18 claims=8 documentSequence=15 navigationSequence=8 readyRequests=24 readyPreflights=0 readyAccepted=8 readyRejected=0 parserBarrierRequests=0 parserBarrierReady=0 parserBarrierFailClosed=0 selfShield=true selfReadyRequests=8 selfReadyAccepted=8 selfReadyRejected=0 selfReadyRejectReason=none selfShieldReleaseCompleted=8 selfShieldParserContinued=8 selfShieldOriginalScriptStarted=0 selfShieldTraceRejected=0 selfShieldTraceOutstanding=5 bootstrapDiagnosticAccepted=0 bootstrapDiagnosticRejected=0 bootstrapDiagnosticRejectReason=none bootstrapDiagnosticStage=none bootstrapDiagnosticReason=none bootstrapDiagnosticOutstanding=0
09-08 02:36:13.341 20204 20204 I ChromeMediaShieldStatus: v=1 seq=11 kind=renderer reports=0 rejected=0 globalCallbacks=0 globalRecords=0 childRecords=0 attributeRecords=0 maxRecords=0 scanCalls=0 scanRoot=0 scanNodes=0 maxScanNodes=0 scanMicros=0 maxScanMicros=0 observerChildScans=0 observerAttributeScans=0 guardedScans=0 markupScans=0 shadowScans=0 initialScans=0 otherScans=0 sanitizeElement=0 sanitizeContainer=0 img=0 source=0 svg=0 iframe=0 canvas=0 video=0 safeIcon=0 lockIcon=0 geometryWrites=0 svgRecords=0 shadowRoots=0 shadowObservers=0 shadowCallbacks=0 shadowRecords=0 shadowScanCalls=0 ensureStyle=0 ensureCurtain=0 internalMutations=0
09-08 02:36:13.341 20204 20204 I ChromeMediaShieldStatus: v=1 seq=11 kind=rendererApis callScan=createElement=0/0 createElementNS=0/0 appendChild=0/0 insertBefore=0/0 replaceChild=0/0 append=0/0 prepend=0/0 replaceChildren=0/0 before=0/0 after=0/0 replaceWith=0/0 adjacentElement=0/0 moveBefore=0/0 rangeInsert=0/0 rangeSurround=0/0 adoptNode=0/0 cloneNode=0/0 importNode=0/0 safeMarkup=0/0 innerHTML=0/0 outerHTML=0/0 insertAdjacentHTML=0/0 setHTML=0/0 shadowInnerHTML=0/0 execCommandInsertHTML=0/0 mappedTextContent=0/0
09-08 02:36:13.341 20204 20204 I ChromeMediaShieldStatus: v=1 seq=11 kind=rendererFamilies roots=element/fragment/text/other factory:calls=0,scans=0,direct=0,roots=0/0/0/0,nodes=0,micros=0,maxMicros=0 domGuard:calls=0,scans=0,direct=0,roots=0/0/0/0,nodes=0,micros=0,maxMicros=0 markup:calls=0,scans=0,direct=0,roots=0/0/0/0,nodes=0,micros=0,maxMicros=0
09-08 02:36:13.341 20204 20204 I ChromeMediaShieldStatus: v=1 seq=11 kind=uiSvg registered=1 registryBytes=134 cssRewritten=1 cssRejected=0 networkAccepted=11 networkRejected=1 assetServed=3 assetRejected=0
09-08 02:36:13.341 20204 20204 I ChromeMediaShieldStatus: v=1 seq=11 kind=health failures=5 clientDisconnects=12 proxyQueueRejects=0 protectFailure=0 quicAttempts=0 directTcpAttempts=0 active=true ready=true
09-08 02:36:13.341 20204 20204 I ChromeMediaShieldStatus: v=1 seq=11 kind=fixture report=REPORT=not_run,DOCUMENTS=0,FRAMES=0,SCRIPTS=0,FIRST_ORIGINAL_SCRIPTS=0,STYLES=0,WORKERS=0,SERVICE_WORKERS=0,FRAME_REPORTS=0,FRAME_REPORT_REJECTS=0,FRAME_REPORT=not_run,FRAME_REPORT_SHA=not_run,FRAME_CHALLENGE_SHA=not_run,FRAME_GENERATION=0,FRAME_ACCEPTED_CHALLENGE_SHA=not_run,FRAME_REPORT_BINDING_SHA=not_run,SAME_URL_BODIES=0,REPORTS=0,SW_BOUNDARY={INSTALL_DOCS=0,WORKER_SCRIPTS=0,WORKER_PROBE_SCRIPTS=0,PROBE_DOCS=0,CLEANUP_DOCS=0,REPORTS_ACCEPTED=0,REPORTS_REJECTED=0,CONTROLLER_PRESENT=0,CONTROLLER_MISSING=0,NAV_FETCHES=0,SELF_READY_FETCHES=0,SELF_READY_PASS_THROUGH=0,SELF_READY_SYNTHETIC=0,NAV_SYNTHETIC=0,RESET_BASELINE_CLEAN=0,RESET_BASELINE_DIRTY=0,REGISTER_BLOCKED=0,REGISTER_SUCCEEDED=0,WORKER_REGISTER_BLOCKED=0,WORKER_REGISTER_SUCCEEDED=0,WORKER_REGISTER_UNSUPPORTED=0,WORKER_REGISTER_ERROR=0,LAST_CASE=none,LAST_EVENT=none,LAST_VALUE=none},UI_SVG={INLINE_ORIGINAL:PASS,INLINE_CLICK:PASS,SPRITE_ORIGINAL:PASS,UNSAFE_SPRITE_FAIL_CLOSED:PASS,AMBIGUOUS_REFERENCE_FAIL_CLOSED:PASS,STATIC_CSS:PASS,EXTERNAL_CSS:PASS,STYLE_ATTRIBUTE:PASS,DATA_IMAGE:PASS,FAVICON:PASS,PROTECTED_HEAD_RETENTION:PASS,NETWORK_SVG:PASS,UNSAFE_NETWORK_FAIL_CLOSED:PASS,DYNAMIC_CSS:PASS,RASTER_FAIL_CLOSED:PASS,UNSAFE_INLINE_FAIL_CLOSED:PASS}
09-08 02:37:13.347 20204 20204 I ChromePhotosDataPlane: phase=status statusSequence=12 lifecycle=PresentationReady active=true ready=true connections=257 requests=930 safe=214 blocked=10 unknown=56 passthrough=587 cacheHits=29 cacheMisses=209 failures=5 clientDisconnects=12 bytesIn=55062942 bytesOut=46925570 streamed=159 proxyQueueRejects=0 proxyActivePeak=61 proxyP50Ms=267.415 proxyP95Ms=2185.666 proxyP99Ms=2964.023 upstreamSockets=181 protectSuccess=181 protectFailure=0 web11a=not_run web11b=not_run modelLoadMs=306.189 engineCalls=204 dedupeHits=0 decisionCacheConfig=64 decisionConcurrencyConfig=1 decisionQueueConfig=2 decisionTimeoutMs=5000 engineCallsPerRequest=0.8755364806866953 inferencePeak=1 inFlightPeak=2 queuePeak=1 queueRejects=0 timeouts=0 inferenceP50Ms=136.034844 inferenceP95Ms=554.350938 inferenceP99Ms=578.692239 decisionP50Ms=275.502083 decisionP95Ms=1100.532812 decisionP99Ms=1158.405364 cacheHitP50Ms=0.091146 cacheHitP95Ms=0.316042 cacheEntries=64 cacheEvictions=140 preprocessP50Ms=5.471459 preprocessP95Ms=37.721614 preprocessP99Ms=89.661354 preparedCount1=162 preparedCount4=39 preparedCount5=2 preparedCountOther=1 decisionBasis=FullThreshold:9,None:193,Other:1,UncertainRegional:1 imageCandidates=294 imagePrefixPeeks=28 imageMagicCandidates=0 imageBodyAdmissionPeak=2 imageBodyAdmissionRejects=0 networkVisualCandidates=288 networkVisualReplaced=0 networkVisualRawDelivered=0 networkVisualSafeRawDelivered=214 networkVisualBlockedReplaced=10 networkVisualUnknownReplaced=0 networkVisualUnsupportedReplaced=55 networkVisualRawBlockedDelivered=0 networkVisualRawUnknownDelivered=0 networkVisualCacheHit=29 networkVisualInference=198 mediaDocumentsTransformed=18 mediaDocumentsFailClosed=5 documentTransformOutstanding=0 readyTokensOutstanding=18 uiSvgRegistered=1 uiSvgRegistryBytes=134 uiSvgCssRewritten=1 uiSvgCssRejected=0 uiSvgNetworkAccepted=11 uiSvgNetworkRejected=1 uiSvgAssetServed=3 uiSvgAssetRejected=0 h18=REPORT=not_run,EVENT_SEQUENCE=0,COMPAT_DOCS=0,STRICT_DOCS=0,STYLE_REQ=0,SCRIPT_REQ=0,DATA_REQ=0,NETWORK_REQ=0,REPORTS=0,LAST_DOC=none,NETWORK_SHA=ee17e3f62edde61823ce35732ea168f4f5986bff347ccfac063eca7f4009ee1b,AUDIT_SHA=74d4467bbf6833db4eeab998495b7dfc50db3b1f04f407704b839ad3f4b25582 h19=REPORT=not_run,DOCUMENTS=0,FRAMES=0,SCRIPTS=0,FIRST_ORIGINAL_SCRIPTS=0,STYLES=0,WORKERS=0,SERVICE_WORKERS=0,FRAME_REPORTS=0,FRAME_REPORT_REJECTS=0,FRAME_REPORT=not_run,FRAME_REPORT_SHA=not_run,FRAME_CHALLENGE_SHA=not_run,FRAME_GENERATION=0,FRAME_ACCEPTED_CHALLENGE_SHA=not_run,FRAME_REPORT_BINDING_SHA=not_run,SAME_URL_BODIES=0,REPORTS=0,SW_BOUNDARY={INSTALL_DOCS=0,WORKER_SCRIPTS=0,WORKER_PROBE_SCRIPTS=0,PROBE_DOCS=0,CLEANUP_DOCS=0,REPORTS_ACCEPTED=0,REPORTS_REJECTED=0,CONTROLLER_PRESENT=0,CONTROLLER_MISSING=0,NAV_FETCHES=0,SELF_READY_FETCHES=0,SELF_READY_PASS_THROUGH=0,SELF_READY_SYNTHETIC=0,NAV_SYNTHETIC=0,RESET_BASELINE_CLEAN=0,RESET_BASELINE_DIRTY=0,REGISTER_BLOCKED=0,REGISTER_SUCCEEDED=0,WORKER_REGISTER_BLOCKED=0,WORKER_REGISTER_SUCCEEDED=0,WORKER_REGISTER_UNSUPPORTED=0,WORKER_REGISTER_ERROR=0,LAST_CASE=none,LAST_EVENT=none,LAST_VALUE=none},UI_SVG={INLINE_ORIGINAL:PASS,INLINE_CLICK:PASS,SPRITE_ORIGINAL:PASS,UNSAFE_SPRITE_FAIL_CLOSED:PASS,AMBIGUOUS_REFERENCE_FAIL_CLOSED:PASS,STATIC_CSS:PASS,EXTERNAL_CSS:PASS,STYLE_ATTRIBUTE:PASS,DATA_IMAGE:PASS,FAVICON:PASS,PROTECTED_HEAD_RETENTION:PASS,NETWORK_SVG:PASS,UNSAFE_NETWORK_FAIL_CLOSED:PASS,DYNAMIC_CSS:PASS,RASTER_FAIL_CLOSED:PASS,UNSAFE_INLINE_FAIL_CLOSED:PASS} quicAttempts=0 directTcpAttempts=0 bootstrapResetGeneration=2 bootstrapCompleteGeneration=2 bootstrapResetCount=3 chromeSuspended=false guardSession=534 guardHeartbeatSequence=1205 audit17State=0 audit17Navigation=0 audit17Events=297 audit17Dropped=0
09-08 02:37:13.347 20204 20204 I ChromeMediaShieldStatus: v=1 seq=12 kind=network mode=selective candidates=288 replaced=0 rawDelivered=0 safeRaw=214 blockedReplaced=10 unknownReplaced=0 unsupportedReplaced=55 rawBlocked=0 rawUnknown=0 cacheHit=29 decisionEngine=198 engineCalls=204
09-08 02:37:13.347 20204 20204 I ChromeMediaShieldStatus: v=1 seq=12 kind=document transformed=18 failClosed=5 outstanding=0 issued=18 claims=8 documentSequence=15 navigationSequence=8 readyRequests=24 readyPreflights=0 readyAccepted=8 readyRejected=0 parserBarrierRequests=0 parserBarrierReady=0 parserBarrierFailClosed=0 selfShield=true selfReadyRequests=8 selfReadyAccepted=8 selfReadyRejected=0 selfReadyRejectReason=none selfShieldReleaseCompleted=8 selfShieldParserContinued=8 selfShieldOriginalScriptStarted=0 selfShieldTraceRejected=0 selfShieldTraceOutstanding=5 bootstrapDiagnosticAccepted=0 bootstrapDiagnosticRejected=0 bootstrapDiagnosticRejectReason=none bootstrapDiagnosticStage=none bootstrapDiagnosticReason=none bootstrapDiagnosticOutstanding=0
09-08 02:37:13.347 20204 20204 I ChromeMediaShieldStatus: v=1 seq=12 kind=renderer reports=0 rejected=0 globalCallbacks=0 globalRecords=0 childRecords=0 attributeRecords=0 maxRecords=0 scanCalls=0 scanRoot=0 scanNodes=0 maxScanNodes=0 scanMicros=0 maxScanMicros=0 observerChildScans=0 observerAttributeScans=0 guardedScans=0 markupScans=0 shadowScans=0 initialScans=0 otherScans=0 sanitizeElement=0 sanitizeContainer=0 img=0 source=0 svg=0 iframe=0 canvas=0 video=0 safeIcon=0 lockIcon=0 geometryWrites=0 svgRecords=0 shadowRoots=0 shadowObservers=0 shadowCallbacks=0 shadowRecords=0 shadowScanCalls=0 ensureStyle=0 ensureCurtain=0 internalMutations=0
09-08 02:37:13.348 20204 20204 I ChromeMediaShieldStatus: v=1 seq=12 kind=rendererApis callScan=createElement=0/0 createElementNS=0/0 appendChild=0/0 insertBefore=0/0 replaceChild=0/0 append=0/0 prepend=0/0 replaceChildren=0/0 before=0/0 after=0/0 replaceWith=0/0 adjacentElement=0/0 moveBefore=0/0 rangeInsert=0/0 rangeSurround=0/0 adoptNode=0/0 cloneNode=0/0 importNode=0/0 safeMarkup=0/0 innerHTML=0/0 outerHTML=0/0 insertAdjacentHTML=0/0 setHTML=0/0 shadowInnerHTML=0/0 execCommandInsertHTML=0/0 mappedTextContent=0/0
09-08 02:37:13.348 20204 20204 I ChromeMediaShieldStatus: v=1 seq=12 kind=rendererFamilies roots=element/fragment/text/other factory:calls=0,scans=0,direct=0,roots=0/0/0/0,nodes=0,micros=0,maxMicros=0 domGuard:calls=0,scans=0,direct=0,roots=0/0/0/0,nodes=0,micros=0,maxMicros=0 markup:calls=0,scans=0,direct=0,roots=0/0/0/0,nodes=0,micros=0,maxMicros=0
09-08 02:37:13.348 20204 20204 I ChromeMediaShieldStatus: v=1 seq=12 kind=uiSvg registered=1 registryBytes=134 cssRewritten=1 cssRejected=0 networkAccepted=11 networkRejected=1 assetServed=3 assetRejected=0
09-08 02:37:13.348 20204 20204 I ChromeMediaShieldStatus: v=1 seq=12 kind=health failures=5 clientDisconnects=12 proxyQueueRejects=0 protectFailure=0 quicAttempts=0 directTcpAttempts=0 active=true ready=true
09-08 02:37:13.348 20204 20204 I ChromeMediaShieldStatus: v=1 seq=12 kind=fixture report=REPORT=not_run,DOCUMENTS=0,FRAMES=0,SCRIPTS=0,FIRST_ORIGINAL_SCRIPTS=0,STYLES=0,WORKERS=0,SERVICE_WORKERS=0,FRAME_REPORTS=0,FRAME_REPORT_REJECTS=0,FRAME_REPORT=not_run,FRAME_REPORT_SHA=not_run,FRAME_CHALLENGE_SHA=not_run,FRAME_GENERATION=0,FRAME_ACCEPTED_CHALLENGE_SHA=not_run,FRAME_REPORT_BINDING_SHA=not_run,SAME_URL_BODIES=0,REPORTS=0,SW_BOUNDARY={INSTALL_DOCS=0,WORKER_SCRIPTS=0,WORKER_PROBE_SCRIPTS=0,PROBE_DOCS=0,CLEANUP_DOCS=0,REPORTS_ACCEPTED=0,REPORTS_REJECTED=0,CONTROLLER_PRESENT=0,CONTROLLER_MISSING=0,NAV_FETCHES=0,SELF_READY_FETCHES=0,SELF_READY_PASS_THROUGH=0,SELF_READY_SYNTHETIC=0,NAV_SYNTHETIC=0,RESET_BASELINE_CLEAN=0,RESET_BASELINE_DIRTY=0,REGISTER_BLOCKED=0,REGISTER_SUCCEEDED=0,WORKER_REGISTER_BLOCKED=0,WORKER_REGISTER_SUCCEEDED=0,WORKER_REGISTER_UNSUPPORTED=0,WORKER_REGISTER_ERROR=0,LAST_CASE=none,LAST_EVENT=none,LAST_VALUE=none},UI_SVG={INLINE_ORIGINAL:PASS,INLINE_CLICK:PASS,SPRITE_ORIGINAL:PASS,UNSAFE_SPRITE_FAIL_CLOSED:PASS,AMBIGUOUS_REFERENCE_FAIL_CLOSED:PASS,STATIC_CSS:PASS,EXTERNAL_CSS:PASS,STYLE_ATTRIBUTE:PASS,DATA_IMAGE:PASS,FAVICON:PASS,PROTECTED_HEAD_RETENTION:PASS,NETWORK_SVG:PASS,UNSAFE_NETWORK_FAIL_CLOSED:PASS,DYNAMIC_CSS:PASS,RASTER_FAIL_CLOSED:PASS,UNSAFE_INLINE_FAIL_CLOSED:PASS}
09-08 02:38:13.828 20204 20204 I ChromePhotosDataPlane: phase=status statusSequence=13 lifecycle=PresentationReady active=true ready=true connections=257 requests=930 safe=214 blocked=10 unknown=56 passthrough=587 cacheHits=29 cacheMisses=209 failures=5 clientDisconnects=12 bytesIn=55062942 bytesOut=46925570 streamed=159 proxyQueueRejects=0 proxyActivePeak=61 proxyP50Ms=267.415 proxyP95Ms=2185.666 proxyP99Ms=2964.023 upstreamSockets=181 protectSuccess=181 protectFailure=0 web11a=not_run web11b=not_run modelLoadMs=306.189 engineCalls=204 dedupeHits=0 decisionCacheConfig=64 decisionConcurrencyConfig=1 decisionQueueConfig=2 decisionTimeoutMs=5000 engineCallsPerRequest=0.8755364806866953 inferencePeak=1 inFlightPeak=2 queuePeak=1 queueRejects=0 timeouts=0 inferenceP50Ms=136.034844 inferenceP95Ms=554.350938 inferenceP99Ms=578.692239 decisionP50Ms=275.502083 decisionP95Ms=1100.532812 decisionP99Ms=1158.405364 cacheHitP50Ms=0.091146 cacheHitP95Ms=0.316042 cacheEntries=64 cacheEvictions=140 preprocessP50Ms=5.471459 preprocessP95Ms=37.721614 preprocessP99Ms=89.661354 preparedCount1=162 preparedCount4=39 preparedCount5=2 preparedCountOther=1 decisionBasis=FullThreshold:9,None:193,Other:1,UncertainRegional:1 imageCandidates=294 imagePrefixPeeks=28 imageMagicCandidates=0 imageBodyAdmissionPeak=2 imageBodyAdmissionRejects=0 networkVisualCandidates=288 networkVisualReplaced=0 networkVisualRawDelivered=0 networkVisualSafeRawDelivered=214 networkVisualBlockedReplaced=10 networkVisualUnknownReplaced=0 networkVisualUnsupportedReplaced=55 networkVisualRawBlockedDelivered=0 networkVisualRawUnknownDelivered=0 networkVisualCacheHit=29 networkVisualInference=198 mediaDocumentsTransformed=18 mediaDocumentsFailClosed=5 documentTransformOutstanding=0 readyTokensOutstanding=18 uiSvgRegistered=1 uiSvgRegistryBytes=134 uiSvgCssRewritten=1 uiSvgCssRejected=0 uiSvgNetworkAccepted=11 uiSvgNetworkRejected=1 uiSvgAssetServed=3 uiSvgAssetRejected=0 h18=REPORT=not_run,EVENT_SEQUENCE=0,COMPAT_DOCS=0,STRICT_DOCS=0,STYLE_REQ=0,SCRIPT_REQ=0,DATA_REQ=0,NETWORK_REQ=0,REPORTS=0,LAST_DOC=none,NETWORK_SHA=ee17e3f62edde61823ce35732ea168f4f5986bff347ccfac063eca7f4009ee1b,AUDIT_SHA=74d4467bbf6833db4eeab998495b7dfc50db3b1f04f407704b839ad3f4b25582 h19=REPORT=not_run,DOCUMENTS=0,FRAMES=0,SCRIPTS=0,FIRST_ORIGINAL_SCRIPTS=0,STYLES=0,WORKERS=0,SERVICE_WORKERS=0,FRAME_REPORTS=0,FRAME_REPORT_REJECTS=0,FRAME_REPORT=not_run,FRAME_REPORT_SHA=not_run,FRAME_CHALLENGE_SHA=not_run,FRAME_GENERATION=0,FRAME_ACCEPTED_CHALLENGE_SHA=not_run,FRAME_REPORT_BINDING_SHA=not_run,SAME_URL_BODIES=0,REPORTS=0,SW_BOUNDARY={INSTALL_DOCS=0,WORKER_SCRIPTS=0,WORKER_PROBE_SCRIPTS=0,PROBE_DOCS=0,CLEANUP_DOCS=0,REPORTS_ACCEPTED=0,REPORTS_REJECTED=0,CONTROLLER_PRESENT=0,CONTROLLER_MISSING=0,NAV_FETCHES=0,SELF_READY_FETCHES=0,SELF_READY_PASS_THROUGH=0,SELF_READY_SYNTHETIC=0,NAV_SYNTHETIC=0,RESET_BASELINE_CLEAN=0,RESET_BASELINE_DIRTY=0,REGISTER_BLOCKED=0,REGISTER_SUCCEEDED=0,WORKER_REGISTER_BLOCKED=0,WORKER_REGISTER_SUCCEEDED=0,WORKER_REGISTER_UNSUPPORTED=0,WORKER_REGISTER_ERROR=0,LAST_CASE=none,LAST_EVENT=none,LAST_VALUE=none},UI_SVG={INLINE_ORIGINAL:PASS,INLINE_CLICK:PASS,SPRITE_ORIGINAL:PASS,UNSAFE_SPRITE_FAIL_CLOSED:PASS,AMBIGUOUS_REFERENCE_FAIL_CLOSED:PASS,STATIC_CSS:PASS,EXTERNAL_CSS:PASS,STYLE_ATTRIBUTE:PASS,DATA_IMAGE:PASS,FAVICON:PASS,PROTECTED_HEAD_RETENTION:PASS,NETWORK_SVG:PASS,UNSAFE_NETWORK_FAIL_CLOSED:PASS,DYNAMIC_CSS:PASS,RASTER_FAIL_CLOSED:PASS,UNSAFE_INLINE_FAIL_CLOSED:PASS} quicAttempts=0 directTcpAttempts=0 bootstrapResetGeneration=2 bootstrapCompleteGeneration=2 bootstrapResetCount=3 chromeSuspended=false guardSession=534 guardHeartbeatSequence=1314 audit17State=0 audit17Navigation=0 audit17Events=297 audit17Dropped=0
09-08 02:38:13.828 20204 20204 I ChromeMediaShieldStatus: v=1 seq=13 kind=network mode=selective candidates=288 replaced=0 rawDelivered=0 safeRaw=214 blockedReplaced=10 unknownReplaced=0 unsupportedReplaced=55 rawBlocked=0 rawUnknown=0 cacheHit=29 decisionEngine=198 engineCalls=204
09-08 02:38:13.828 20204 20204 I ChromeMediaShieldStatus: v=1 seq=13 kind=document transformed=18 failClosed=5 outstanding=0 issued=18 claims=8 documentSequence=15 navigationSequence=8 readyRequests=24 readyPreflights=0 readyAccepted=8 readyRejected=0 parserBarrierRequests=0 parserBarrierReady=0 parserBarrierFailClosed=0 selfShield=true selfReadyRequests=8 selfReadyAccepted=8 selfReadyRejected=0 selfReadyRejectReason=none selfShieldReleaseCompleted=8 selfShieldParserContinued=8 selfShieldOriginalScriptStarted=0 selfShieldTraceRejected=0 selfShieldTraceOutstanding=5 bootstrapDiagnosticAccepted=0 bootstrapDiagnosticRejected=0 bootstrapDiagnosticRejectReason=none bootstrapDiagnosticStage=none bootstrapDiagnosticReason=none bootstrapDiagnosticOutstanding=0
09-08 02:38:13.829 20204 20204 I ChromeMediaShieldStatus: v=1 seq=13 kind=renderer reports=0 rejected=0 globalCallbacks=0 globalRecords=0 childRecords=0 attributeRecords=0 maxRecords=0 scanCalls=0 scanRoot=0 scanNodes=0 maxScanNodes=0 scanMicros=0 maxScanMicros=0 observerChildScans=0 observerAttributeScans=0 guardedScans=0 markupScans=0 shadowScans=0 initialScans=0 otherScans=0 sanitizeElement=0 sanitizeContainer=0 img=0 source=0 svg=0 iframe=0 canvas=0 video=0 safeIcon=0 lockIcon=0 geometryWrites=0 svgRecords=0 shadowRoots=0 shadowObservers=0 shadowCallbacks=0 shadowRecords=0 shadowScanCalls=0 ensureStyle=0 ensureCurtain=0 internalMutations=0
09-08 02:38:13.829 20204 20204 I ChromeMediaShieldStatus: v=1 seq=13 kind=rendererApis callScan=createElement=0/0 createElementNS=0/0 appendChild=0/0 insertBefore=0/0 replaceChild=0/0 append=0/0 prepend=0/0 replaceChildren=0/0 before=0/0 after=0/0 replaceWith=0/0 adjacentElement=0/0 moveBefore=0/0 rangeInsert=0/0 rangeSurround=0/0 adoptNode=0/0 cloneNode=0/0 importNode=0/0 safeMarkup=0/0 innerHTML=0/0 outerHTML=0/0 insertAdjacentHTML=0/0 setHTML=0/0 shadowInnerHTML=0/0 execCommandInsertHTML=0/0 mappedTextContent=0/0
09-08 02:38:13.829 20204 20204 I ChromeMediaShieldStatus: v=1 seq=13 kind=rendererFamilies roots=element/fragment/text/other factory:calls=0,scans=0,direct=0,roots=0/0/0/0,nodes=0,micros=0,maxMicros=0 domGuard:calls=0,scans=0,direct=0,roots=0/0/0/0,nodes=0,micros=0,maxMicros=0 markup:calls=0,scans=0,direct=0,roots=0/0/0/0,nodes=0,micros=0,maxMicros=0
09-08 02:38:13.829 20204 20204 I ChromeMediaShieldStatus: v=1 seq=13 kind=uiSvg registered=1 registryBytes=134 cssRewritten=1 cssRejected=0 networkAccepted=11 networkRejected=1 assetServed=3 assetRejected=0
09-08 02:38:13.829 20204 20204 I ChromeMediaShieldStatus: v=1 seq=13 kind=health failures=5 clientDisconnects=12 proxyQueueRejects=0 protectFailure=0 quicAttempts=0 directTcpAttempts=0 active=true ready=true
09-08 02:38:13.829 20204 20204 I ChromeMediaShieldStatus: v=1 seq=13 kind=fixture report=REPORT=not_run,DOCUMENTS=0,FRAMES=0,SCRIPTS=0,FIRST_ORIGINAL_SCRIPTS=0,STYLES=0,WORKERS=0,SERVICE_WORKERS=0,FRAME_REPORTS=0,FRAME_REPORT_REJECTS=0,FRAME_REPORT=not_run,FRAME_REPORT_SHA=not_run,FRAME_CHALLENGE_SHA=not_run,FRAME_GENERATION=0,FRAME_ACCEPTED_CHALLENGE_SHA=not_run,FRAME_REPORT_BINDING_SHA=not_run,SAME_URL_BODIES=0,REPORTS=0,SW_BOUNDARY={INSTALL_DOCS=0,WORKER_SCRIPTS=0,WORKER_PROBE_SCRIPTS=0,PROBE_DOCS=0,CLEANUP_DOCS=0,REPORTS_ACCEPTED=0,REPORTS_REJECTED=0,CONTROLLER_PRESENT=0,CONTROLLER_MISSING=0,NAV_FETCHES=0,SELF_READY_FETCHES=0,SELF_READY_PASS_THROUGH=0,SELF_READY_SYNTHETIC=0,NAV_SYNTHETIC=0,RESET_BASELINE_CLEAN=0,RESET_BASELINE_DIRTY=0,REGISTER_BLOCKED=0,REGISTER_SUCCEEDED=0,WORKER_REGISTER_BLOCKED=0,WORKER_REGISTER_SUCCEEDED=0,WORKER_REGISTER_UNSUPPORTED=0,WORKER_REGISTER_ERROR=0,LAST_CASE=none,LAST_EVENT=none,LAST_VALUE=none},UI_SVG={INLINE_ORIGINAL:PASS,INLINE_CLICK:PASS,SPRITE_ORIGINAL:PASS,UNSAFE_SPRITE_FAIL_CLOSED:PASS,AMBIGUOUS_REFERENCE_FAIL_CLOSED:PASS,STATIC_CSS:PASS,EXTERNAL_CSS:PASS,STYLE_ATTRIBUTE:PASS,DATA_IMAGE:PASS,FAVICON:PASS,PROTECTED_HEAD_RETENTION:PASS,NETWORK_SVG:PASS,UNSAFE_NETWORK_FAIL_CLOSED:PASS,DYNAMIC_CSS:PASS,RASTER_FAIL_CLOSED:PASS,UNSAFE_INLINE_FAIL_CLOSED:PASS}
09-08 02:39:13.422 20204 20204 I ChromePhotosDataPlane: phase=status statusSequence=14 lifecycle=PresentationReady active=true ready=true connections=257 requests=930 safe=214 blocked=10 unknown=56 passthrough=587 cacheHits=29 cacheMisses=209 failures=5 clientDisconnects=12 bytesIn=55062942 bytesOut=46925570 streamed=159 proxyQueueRejects=0 proxyActivePeak=61 proxyP50Ms=267.415 proxyP95Ms=2185.666 proxyP99Ms=2964.023 upstreamSockets=181 protectSuccess=181 protectFailure=0 web11a=not_run web11b=not_run modelLoadMs=306.189 engineCalls=204 dedupeHits=0 decisionCacheConfig=64 decisionConcurrencyConfig=1 decisionQueueConfig=2 decisionTimeoutMs=5000 engineCallsPerRequest=0.8755364806866953 inferencePeak=1 inFlightPeak=2 queuePeak=1 queueRejects=0 timeouts=0 inferenceP50Ms=136.034844 inferenceP95Ms=554.350938 inferenceP99Ms=578.692239 decisionP50Ms=275.502083 decisionP95Ms=1100.532812 decisionP99Ms=1158.405364 cacheHitP50Ms=0.091146 cacheHitP95Ms=0.316042 cacheEntries=64 cacheEvictions=140 preprocessP50Ms=5.471459 preprocessP95Ms=37.721614 preprocessP99Ms=89.661354 preparedCount1=162 preparedCount4=39 preparedCount5=2 preparedCountOther=1 decisionBasis=FullThreshold:9,None:193,Other:1,UncertainRegional:1 imageCandidates=294 imagePrefixPeeks=28 imageMagicCandidates=0 imageBodyAdmissionPeak=2 imageBodyAdmissionRejects=0 networkVisualCandidates=288 networkVisualReplaced=0 networkVisualRawDelivered=0 networkVisualSafeRawDelivered=214 networkVisualBlockedReplaced=10 networkVisualUnknownReplaced=0 networkVisualUnsupportedReplaced=55 networkVisualRawBlockedDelivered=0 networkVisualRawUnknownDelivered=0 networkVisualCacheHit=29 networkVisualInference=198 mediaDocumentsTransformed=18 mediaDocumentsFailClosed=5 documentTransformOutstanding=0 readyTokensOutstanding=18 uiSvgRegistered=1 uiSvgRegistryBytes=134 uiSvgCssRewritten=1 uiSvgCssRejected=0 uiSvgNetworkAccepted=11 uiSvgNetworkRejected=1 uiSvgAssetServed=3 uiSvgAssetRejected=0 h18=REPORT=not_run,EVENT_SEQUENCE=0,COMPAT_DOCS=0,STRICT_DOCS=0,STYLE_REQ=0,SCRIPT_REQ=0,DATA_REQ=0,NETWORK_REQ=0,REPORTS=0,LAST_DOC=none,NETWORK_SHA=ee17e3f62edde61823ce35732ea168f4f5986bff347ccfac063eca7f4009ee1b,AUDIT_SHA=74d4467bbf6833db4eeab998495b7dfc50db3b1f04f407704b839ad3f4b25582 h19=REPORT=not_run,DOCUMENTS=0,FRAMES=0,SCRIPTS=0,FIRST_ORIGINAL_SCRIPTS=0,STYLES=0,WORKERS=0,SERVICE_WORKERS=0,FRAME_REPORTS=0,FRAME_REPORT_REJECTS=0,FRAME_REPORT=not_run,FRAME_REPORT_SHA=not_run,FRAME_CHALLENGE_SHA=not_run,FRAME_GENERATION=0,FRAME_ACCEPTED_CHALLENGE_SHA=not_run,FRAME_REPORT_BINDING_SHA=not_run,SAME_URL_BODIES=0,REPORTS=0,SW_BOUNDARY={INSTALL_DOCS=0,WORKER_SCRIPTS=0,WORKER_PROBE_SCRIPTS=0,PROBE_DOCS=0,CLEANUP_DOCS=0,REPORTS_ACCEPTED=0,REPORTS_REJECTED=0,CONTROLLER_PRESENT=0,CONTROLLER_MISSING=0,NAV_FETCHES=0,SELF_READY_FETCHES=0,SELF_READY_PASS_THROUGH=0,SELF_READY_SYNTHETIC=0,NAV_SYNTHETIC=0,RESET_BASELINE_CLEAN=0,RESET_BASELINE_DIRTY=0,REGISTER_BLOCKED=0,REGISTER_SUCCEEDED=0,WORKER_REGISTER_BLOCKED=0,WORKER_REGISTER_SUCCEEDED=0,WORKER_REGISTER_UNSUPPORTED=0,WORKER_REGISTER_ERROR=0,LAST_CASE=none,LAST_EVENT=none,LAST_VALUE=none},UI_SVG={INLINE_ORIGINAL:PASS,INLINE_CLICK:PASS,SPRITE_ORIGINAL:PASS,UNSAFE_SPRITE_FAIL_CLOSED:PASS,AMBIGUOUS_REFERENCE_FAIL_CLOSED:PASS,STATIC_CSS:PASS,EXTERNAL_CSS:PASS,STYLE_ATTRIBUTE:PASS,DATA_IMAGE:PASS,FAVICON:PASS,PROTECTED_HEAD_RETENTION:PASS,NETWORK_SVG:PASS,UNSAFE_NETWORK_FAIL_CLOSED:PASS,DYNAMIC_CSS:PASS,RASTER_FAIL_CLOSED:PASS,UNSAFE_INLINE_FAIL_CLOSED:PASS} quicAttempts=0 directTcpAttempts=0 bootstrapResetGeneration=2 bootstrapCompleteGeneration=2 bootstrapResetCount=3 chromeSuspended=false guardSession=534 guardHeartbeatSequence=1421 audit17State=0 audit17Navigation=0 audit17Events=297 audit17Dropped=0
09-08 02:39:13.422 20204 20204 I ChromeMediaShieldStatus: v=1 seq=14 kind=network mode=selective candidates=288 replaced=0 rawDelivered=0 safeRaw=214 blockedReplaced=10 unknownReplaced=0 unsupportedReplaced=55 rawBlocked=0 rawUnknown=0 cacheHit=29 decisionEngine=198 engineCalls=204
09-08 02:39:13.423 20204 20204 I ChromeMediaShieldStatus: v=1 seq=14 kind=document transformed=18 failClosed=5 outstanding=0 issued=18 claims=8 documentSequence=15 navigationSequence=8 readyRequests=24 readyPreflights=0 readyAccepted=8 readyRejected=0 parserBarrierRequests=0 parserBarrierReady=0 parserBarrierFailClosed=0 selfShield=true selfReadyRequests=8 selfReadyAccepted=8 selfReadyRejected=0 selfReadyRejectReason=none selfShieldReleaseCompleted=8 selfShieldParserContinued=8 selfShieldOriginalScriptStarted=0 selfShieldTraceRejected=0 selfShieldTraceOutstanding=5 bootstrapDiagnosticAccepted=0 bootstrapDiagnosticRejected=0 bootstrapDiagnosticRejectReason=none bootstrapDiagnosticStage=none bootstrapDiagnosticReason=none bootstrapDiagnosticOutstanding=0
09-08 02:39:13.423 20204 20204 I ChromeMediaShieldStatus: v=1 seq=14 kind=renderer reports=0 rejected=0 globalCallbacks=0 globalRecords=0 childRecords=0 attributeRecords=0 maxRecords=0 scanCalls=0 scanRoot=0 scanNodes=0 maxScanNodes=0 scanMicros=0 maxScanMicros=0 observerChildScans=0 observerAttributeScans=0 guardedScans=0 markupScans=0 shadowScans=0 initialScans=0 otherScans=0 sanitizeElement=0 sanitizeContainer=0 img=0 source=0 svg=0 iframe=0 canvas=0 video=0 safeIcon=0 lockIcon=0 geometryWrites=0 svgRecords=0 shadowRoots=0 shadowObservers=0 shadowCallbacks=0 shadowRecords=0 shadowScanCalls=0 ensureStyle=0 ensureCurtain=0 internalMutations=0
09-08 02:39:13.424 20204 20204 I ChromeMediaShieldStatus: v=1 seq=14 kind=rendererApis callScan=createElement=0/0 createElementNS=0/0 appendChild=0/0 insertBefore=0/0 replaceChild=0/0 append=0/0 prepend=0/0 replaceChildren=0/0 before=0/0 after=0/0 replaceWith=0/0 adjacentElement=0/0 moveBefore=0/0 rangeInsert=0/0 rangeSurround=0/0 adoptNode=0/0 cloneNode=0/0 importNode=0/0 safeMarkup=0/0 innerHTML=0/0 outerHTML=0/0 insertAdjacentHTML=0/0 setHTML=0/0 shadowInnerHTML=0/0 execCommandInsertHTML=0/0 mappedTextContent=0/0
09-08 02:39:13.424 20204 20204 I ChromeMediaShieldStatus: v=1 seq=14 kind=rendererFamilies roots=element/fragment/text/other factory:calls=0,scans=0,direct=0,roots=0/0/0/0,nodes=0,micros=0,maxMicros=0 domGuard:calls=0,scans=0,direct=0,roots=0/0/0/0,nodes=0,micros=0,maxMicros=0 markup:calls=0,scans=0,direct=0,roots=0/0/0/0,nodes=0,micros=0,maxMicros=0
09-08 02:39:13.424 20204 20204 I ChromeMediaShieldStatus: v=1 seq=14 kind=uiSvg registered=1 registryBytes=134 cssRewritten=1 cssRejected=0 networkAccepted=11 networkRejected=1 assetServed=3 assetRejected=0
09-08 02:39:13.424 20204 20204 I ChromeMediaShieldStatus: v=1 seq=14 kind=health failures=5 clientDisconnects=12 proxyQueueRejects=0 protectFailure=0 quicAttempts=0 directTcpAttempts=0 active=true ready=true
09-08 02:39:13.424 20204 20204 I ChromeMediaShieldStatus: v=1 seq=14 kind=fixture report=REPORT=not_run,DOCUMENTS=0,FRAMES=0,SCRIPTS=0,FIRST_ORIGINAL_SCRIPTS=0,STYLES=0,WORKERS=0,SERVICE_WORKERS=0,FRAME_REPORTS=0,FRAME_REPORT_REJECTS=0,FRAME_REPORT=not_run,FRAME_REPORT_SHA=not_run,FRAME_CHALLENGE_SHA=not_run,FRAME_GENERATION=0,FRAME_ACCEPTED_CHALLENGE_SHA=not_run,FRAME_REPORT_BINDING_SHA=not_run,SAME_URL_BODIES=0,REPORTS=0,SW_BOUNDARY={INSTALL_DOCS=0,WORKER_SCRIPTS=0,WORKER_PROBE_SCRIPTS=0,PROBE_DOCS=0,CLEANUP_DOCS=0,REPORTS_ACCEPTED=0,REPORTS_REJECTED=0,CONTROLLER_PRESENT=0,CONTROLLER_MISSING=0,NAV_FETCHES=0,SELF_READY_FETCHES=0,SELF_READY_PASS_THROUGH=0,SELF_READY_SYNTHETIC=0,NAV_SYNTHETIC=0,RESET_BASELINE_CLEAN=0,RESET_BASELINE_DIRTY=0,REGISTER_BLOCKED=0,REGISTER_SUCCEEDED=0,WORKER_REGISTER_BLOCKED=0,WORKER_REGISTER_SUCCEEDED=0,WORKER_REGISTER_UNSUPPORTED=0,WORKER_REGISTER_ERROR=0,LAST_CASE=none,LAST_EVENT=none,LAST_VALUE=none},UI_SVG={INLINE_ORIGINAL:PASS,INLINE_CLICK:PASS,SPRITE_ORIGINAL:PASS,UNSAFE_SPRITE_FAIL_CLOSED:PASS,AMBIGUOUS_REFERENCE_FAIL_CLOSED:PASS,STATIC_CSS:PASS,EXTERNAL_CSS:PASS,STYLE_ATTRIBUTE:PASS,DATA_IMAGE:PASS,FAVICON:PASS,PROTECTED_HEAD_RETENTION:PASS,NETWORK_SVG:PASS,UNSAFE_NETWORK_FAIL_CLOSED:PASS,DYNAMIC_CSS:PASS,RASTER_FAIL_CLOSED:PASS,UNSAFE_INLINE_FAIL_CLOSED:PASS}
09-08 02:40:13.646 20204 20204 I ChromePhotosDataPlane: phase=status statusSequence=15 lifecycle=PresentationReady active=true ready=true connections=257 requests=930 safe=214 blocked=10 unknown=56 passthrough=587 cacheHits=29 cacheMisses=209 failures=5 clientDisconnects=12 bytesIn=55062942 bytesOut=46925570 streamed=159 proxyQueueRejects=0 proxyActivePeak=61 proxyP50Ms=267.415 proxyP95Ms=2185.666 proxyP99Ms=2964.023 upstreamSockets=181 protectSuccess=181 protectFailure=0 web11a=not_run web11b=not_run modelLoadMs=306.189 engineCalls=204 dedupeHits=0 decisionCacheConfig=64 decisionConcurrencyConfig=1 decisionQueueConfig=2 decisionTimeoutMs=5000 engineCallsPerRequest=0.8755364806866953 inferencePeak=1 inFlightPeak=2 queuePeak=1 queueRejects=0 timeouts=0 inferenceP50Ms=136.034844 inferenceP95Ms=554.350938 inferenceP99Ms=578.692239 decisionP50Ms=275.502083 decisionP95Ms=1100.532812 decisionP99Ms=1158.405364 cacheHitP50Ms=0.091146 cacheHitP95Ms=0.316042 cacheEntries=64 cacheEvictions=140 preprocessP50Ms=5.471459 preprocessP95Ms=37.721614 preprocessP99Ms=89.661354 preparedCount1=162 preparedCount4=39 preparedCount5=2 preparedCountOther=1 decisionBasis=FullThreshold:9,None:193,Other:1,UncertainRegional:1 imageCandidates=294 imagePrefixPeeks=28 imageMagicCandidates=0 imageBodyAdmissionPeak=2 imageBodyAdmissionRejects=0 networkVisualCandidates=288 networkVisualReplaced=0 networkVisualRawDelivered=0 networkVisualSafeRawDelivered=214 networkVisualBlockedReplaced=10 networkVisualUnknownReplaced=0 networkVisualUnsupportedReplaced=55 networkVisualRawBlockedDelivered=0 networkVisualRawUnknownDelivered=0 networkVisualCacheHit=29 networkVisualInference=198 mediaDocumentsTransformed=18 mediaDocumentsFailClosed=5 documentTransformOutstanding=0 readyTokensOutstanding=18 uiSvgRegistered=1 uiSvgRegistryBytes=134 uiSvgCssRewritten=1 uiSvgCssRejected=0 uiSvgNetworkAccepted=11 uiSvgNetworkRejected=1 uiSvgAssetServed=3 uiSvgAssetRejected=0 h18=REPORT=not_run,EVENT_SEQUENCE=0,COMPAT_DOCS=0,STRICT_DOCS=0,STYLE_REQ=0,SCRIPT_REQ=0,DATA_REQ=0,NETWORK_REQ=0,REPORTS=0,LAST_DOC=none,NETWORK_SHA=ee17e3f62edde61823ce35732ea168f4f5986bff347ccfac063eca7f4009ee1b,AUDIT_SHA=74d4467bbf6833db4eeab998495b7dfc50db3b1f04f407704b839ad3f4b25582 h19=REPORT=not_run,DOCUMENTS=0,FRAMES=0,SCRIPTS=0,FIRST_ORIGINAL_SCRIPTS=0,STYLES=0,WORKERS=0,SERVICE_WORKERS=0,FRAME_REPORTS=0,FRAME_REPORT_REJECTS=0,FRAME_REPORT=not_run,FRAME_REPORT_SHA=not_run,FRAME_CHALLENGE_SHA=not_run,FRAME_GENERATION=0,FRAME_ACCEPTED_CHALLENGE_SHA=not_run,FRAME_REPORT_BINDING_SHA=not_run,SAME_URL_BODIES=0,REPORTS=0,SW_BOUNDARY={INSTALL_DOCS=0,WORKER_SCRIPTS=0,WORKER_PROBE_SCRIPTS=0,PROBE_DOCS=0,CLEANUP_DOCS=0,REPORTS_ACCEPTED=0,REPORTS_REJECTED=0,CONTROLLER_PRESENT=0,CONTROLLER_MISSING=0,NAV_FETCHES=0,SELF_READY_FETCHES=0,SELF_READY_PASS_THROUGH=0,SELF_READY_SYNTHETIC=0,NAV_SYNTHETIC=0,RESET_BASELINE_CLEAN=0,RESET_BASELINE_DIRTY=0,REGISTER_BLOCKED=0,REGISTER_SUCCEEDED=0,WORKER_REGISTER_BLOCKED=0,WORKER_REGISTER_SUCCEEDED=0,WORKER_REGISTER_UNSUPPORTED=0,WORKER_REGISTER_ERROR=0,LAST_CASE=none,LAST_EVENT=none,LAST_VALUE=none},UI_SVG={INLINE_ORIGINAL:PASS,INLINE_CLICK:PASS,SPRITE_ORIGINAL:PASS,UNSAFE_SPRITE_FAIL_CLOSED:PASS,AMBIGUOUS_REFERENCE_FAIL_CLOSED:PASS,STATIC_CSS:PASS,EXTERNAL_CSS:PASS,STYLE_ATTRIBUTE:PASS,DATA_IMAGE:PASS,FAVICON:PASS,PROTECTED_HEAD_RETENTION:PASS,NETWORK_SVG:PASS,UNSAFE_NETWORK_FAIL_CLOSED:PASS,DYNAMIC_CSS:PASS,RASTER_FAIL_CLOSED:PASS,UNSAFE_INLINE_FAIL_CLOSED:PASS} quicAttempts=0 directTcpAttempts=0 bootstrapResetGeneration=2 bootstrapCompleteGeneration=2 bootstrapResetCount=3 chromeSuspended=false guardSession=534 guardHeartbeatSequence=1529 audit17State=0 audit17Navigation=0 audit17Events=297 audit17Dropped=0
09-08 02:40:13.647 20204 20204 I ChromeMediaShieldStatus: v=1 seq=15 kind=network mode=selective candidates=288 replaced=0 rawDelivered=0 safeRaw=214 blockedReplaced=10 unknownReplaced=0 unsupportedReplaced=55 rawBlocked=0 rawUnknown=0 cacheHit=29 decisionEngine=198 engineCalls=204
09-08 02:40:13.647 20204 20204 I ChromeMediaShieldStatus: v=1 seq=15 kind=document transformed=18 failClosed=5 outstanding=0 issued=18 claims=8 documentSequence=15 navigationSequence=8 readyRequests=24 readyPreflights=0 readyAccepted=8 readyRejected=0 parserBarrierRequests=0 parserBarrierReady=0 parserBarrierFailClosed=0 selfShield=true selfReadyRequests=8 selfReadyAccepted=8 selfReadyRejected=0 selfReadyRejectReason=none selfShieldReleaseCompleted=8 selfShieldParserContinued=8 selfShieldOriginalScriptStarted=0 selfShieldTraceRejected=0 selfShieldTraceOutstanding=5 bootstrapDiagnosticAccepted=0 bootstrapDiagnosticRejected=0 bootstrapDiagnosticRejectReason=none bootstrapDiagnosticStage=none bootstrapDiagnosticReason=none bootstrapDiagnosticOutstanding=0
09-08 02:40:13.647 20204 20204 I ChromeMediaShieldStatus: v=1 seq=15 kind=renderer reports=0 rejected=0 globalCallbacks=0 globalRecords=0 childRecords=0 attributeRecords=0 maxRecords=0 scanCalls=0 scanRoot=0 scanNodes=0 maxScanNodes=0 scanMicros=0 maxScanMicros=0 observerChildScans=0 observerAttributeScans=0 guardedScans=0 markupScans=0 shadowScans=0 initialScans=0 otherScans=0 sanitizeElement=0 sanitizeContainer=0 img=0 source=0 svg=0 iframe=0 canvas=0 video=0 safeIcon=0 lockIcon=0 geometryWrites=0 svgRecords=0 shadowRoots=0 shadowObservers=0 shadowCallbacks=0 shadowRecords=0 shadowScanCalls=0 ensureStyle=0 ensureCurtain=0 internalMutations=0
09-08 02:40:13.648 20204 20204 I ChromeMediaShieldStatus: v=1 seq=15 kind=rendererApis callScan=createElement=0/0 createElementNS=0/0 appendChild=0/0 insertBefore=0/0 replaceChild=0/0 append=0/0 prepend=0/0 replaceChildren=0/0 before=0/0 after=0/0 replaceWith=0/0 adjacentElement=0/0 moveBefore=0/0 rangeInsert=0/0 rangeSurround=0/0 adoptNode=0/0 cloneNode=0/0 importNode=0/0 safeMarkup=0/0 innerHTML=0/0 outerHTML=0/0 insertAdjacentHTML=0/0 setHTML=0/0 shadowInnerHTML=0/0 execCommandInsertHTML=0/0 mappedTextContent=0/0
09-08 02:40:13.648 20204 20204 I ChromeMediaShieldStatus: v=1 seq=15 kind=rendererFamilies roots=element/fragment/text/other factory:calls=0,scans=0,direct=0,roots=0/0/0/0,nodes=0,micros=0,maxMicros=0 domGuard:calls=0,scans=0,direct=0,roots=0/0/0/0,nodes=0,micros=0,maxMicros=0 markup:calls=0,scans=0,direct=0,roots=0/0/0/0,nodes=0,micros=0,maxMicros=0
09-08 02:40:13.649 20204 20204 I ChromeMediaShieldStatus: v=1 seq=15 kind=uiSvg registered=1 registryBytes=134 cssRewritten=1 cssRejected=0 networkAccepted=11 networkRejected=1 assetServed=3 assetRejected=0
09-08 02:40:13.649 20204 20204 I ChromeMediaShieldStatus: v=1 seq=15 kind=health failures=5 clientDisconnects=12 proxyQueueRejects=0 protectFailure=0 quicAttempts=0 directTcpAttempts=0 active=true ready=true
09-08 02:40:13.649 20204 20204 I ChromeMediaShieldStatus: v=1 seq=15 kind=fixture report=REPORT=not_run,DOCUMENTS=0,FRAMES=0,SCRIPTS=0,FIRST_ORIGINAL_SCRIPTS=0,STYLES=0,WORKERS=0,SERVICE_WORKERS=0,FRAME_REPORTS=0,FRAME_REPORT_REJECTS=0,FRAME_REPORT=not_run,FRAME_REPORT_SHA=not_run,FRAME_CHALLENGE_SHA=not_run,FRAME_GENERATION=0,FRAME_ACCEPTED_CHALLENGE_SHA=not_run,FRAME_REPORT_BINDING_SHA=not_run,SAME_URL_BODIES=0,REPORTS=0,SW_BOUNDARY={INSTALL_DOCS=0,WORKER_SCRIPTS=0,WORKER_PROBE_SCRIPTS=0,PROBE_DOCS=0,CLEANUP_DOCS=0,REPORTS_ACCEPTED=0,REPORTS_REJECTED=0,CONTROLLER_PRESENT=0,CONTROLLER_MISSING=0,NAV_FETCHES=0,SELF_READY_FETCHES=0,SELF_READY_PASS_THROUGH=0,SELF_READY_SYNTHETIC=0,NAV_SYNTHETIC=0,RESET_BASELINE_CLEAN=0,RESET_BASELINE_DIRTY=0,REGISTER_BLOCKED=0,REGISTER_SUCCEEDED=0,WORKER_REGISTER_BLOCKED=0,WORKER_REGISTER_SUCCEEDED=0,WORKER_REGISTER_UNSUPPORTED=0,WORKER_REGISTER_ERROR=0,LAST_CASE=none,LAST_EVENT=none,LAST_VALUE=none},UI_SVG={INLINE_ORIGINAL:PASS,INLINE_CLICK:PASS,SPRITE_ORIGINAL:PASS,UNSAFE_SPRITE_FAIL_CLOSED:PASS,AMBIGUOUS_REFERENCE_FAIL_CLOSED:PASS,STATIC_CSS:PASS,EXTERNAL_CSS:PASS,STYLE_ATTRIBUTE:PASS,DATA_IMAGE:PASS,FAVICON:PASS,PROTECTED_HEAD_RETENTION:PASS,NETWORK_SVG:PASS,UNSAFE_NETWORK_FAIL_CLOSED:PASS,DYNAMIC_CSS:PASS,RASTER_FAIL_CLOSED:PASS,UNSAFE_INLINE_FAIL_CLOSED:PASS}
09-08 02:41:13.453 20204 20204 I ChromePhotosDataPlane: phase=status statusSequence=16 lifecycle=PresentationReady active=true ready=true connections=257 requests=930 safe=214 blocked=10 unknown=56 passthrough=587 cacheHits=29 cacheMisses=209 failures=5 clientDisconnects=12 bytesIn=55062942 bytesOut=46925570 streamed=159 proxyQueueRejects=0 proxyActivePeak=61 proxyP50Ms=267.415 proxyP95Ms=2185.666 proxyP99Ms=2964.023 upstreamSockets=181 protectSuccess=181 protectFailure=0 web11a=not_run web11b=not_run modelLoadMs=306.189 engineCalls=204 dedupeHits=0 decisionCacheConfig=64 decisionConcurrencyConfig=1 decisionQueueConfig=2 decisionTimeoutMs=5000 engineCallsPerRequest=0.8755364806866953 inferencePeak=1 inFlightPeak=2 queuePeak=1 queueRejects=0 timeouts=0 inferenceP50Ms=136.034844 inferenceP95Ms=554.350938 inferenceP99Ms=578.692239 decisionP50Ms=275.502083 decisionP95Ms=1100.532812 decisionP99Ms=1158.405364 cacheHitP50Ms=0.091146 cacheHitP95Ms=0.316042 cacheEntries=64 cacheEvictions=140 preprocessP50Ms=5.471459 preprocessP95Ms=37.721614 preprocessP99Ms=89.661354 preparedCount1=162 preparedCount4=39 preparedCount5=2 preparedCountOther=1 decisionBasis=FullThreshold:9,None:193,Other:1,UncertainRegional:1 imageCandidates=294 imagePrefixPeeks=28 imageMagicCandidates=0 imageBodyAdmissionPeak=2 imageBodyAdmissionRejects=0 networkVisualCandidates=288 networkVisualReplaced=0 networkVisualRawDelivered=0 networkVisualSafeRawDelivered=214 networkVisualBlockedReplaced=10 networkVisualUnknownReplaced=0 networkVisualUnsupportedReplaced=55 networkVisualRawBlockedDelivered=0 networkVisualRawUnknownDelivered=0 networkVisualCacheHit=29 networkVisualInference=198 mediaDocumentsTransformed=18 mediaDocumentsFailClosed=5 documentTransformOutstanding=0 readyTokensOutstanding=18 uiSvgRegistered=1 uiSvgRegistryBytes=134 uiSvgCssRewritten=1 uiSvgCssRejected=0 uiSvgNetworkAccepted=11 uiSvgNetworkRejected=1 uiSvgAssetServed=3 uiSvgAssetRejected=0 h18=REPORT=not_run,EVENT_SEQUENCE=0,COMPAT_DOCS=0,STRICT_DOCS=0,STYLE_REQ=0,SCRIPT_REQ=0,DATA_REQ=0,NETWORK_REQ=0,REPORTS=0,LAST_DOC=none,NETWORK_SHA=ee17e3f62edde61823ce35732ea168f4f5986bff347ccfac063eca7f4009ee1b,AUDIT_SHA=74d4467bbf6833db4eeab998495b7dfc50db3b1f04f407704b839ad3f4b25582 h19=REPORT=not_run,DOCUMENTS=0,FRAMES=0,SCRIPTS=0,FIRST_ORIGINAL_SCRIPTS=0,STYLES=0,WORKERS=0,SERVICE_WORKERS=0,FRAME_REPORTS=0,FRAME_REPORT_REJECTS=0,FRAME_REPORT=not_run,FRAME_REPORT_SHA=not_run,FRAME_CHALLENGE_SHA=not_run,FRAME_GENERATION=0,FRAME_ACCEPTED_CHALLENGE_SHA=not_run,FRAME_REPORT_BINDING_SHA=not_run,SAME_URL_BODIES=0,REPORTS=0,SW_BOUNDARY={INSTALL_DOCS=0,WORKER_SCRIPTS=0,WORKER_PROBE_SCRIPTS=0,PROBE_DOCS=0,CLEANUP_DOCS=0,REPORTS_ACCEPTED=0,REPORTS_REJECTED=0,CONTROLLER_PRESENT=0,CONTROLLER_MISSING=0,NAV_FETCHES=0,SELF_READY_FETCHES=0,SELF_READY_PASS_THROUGH=0,SELF_READY_SYNTHETIC=0,NAV_SYNTHETIC=0,RESET_BASELINE_CLEAN=0,RESET_BASELINE_DIRTY=0,REGISTER_BLOCKED=0,REGISTER_SUCCEEDED=0,WORKER_REGISTER_BLOCKED=0,WORKER_REGISTER_SUCCEEDED=0,WORKER_REGISTER_UNSUPPORTED=0,WORKER_REGISTER_ERROR=0,LAST_CASE=none,LAST_EVENT=none,LAST_VALUE=none},UI_SVG={INLINE_ORIGINAL:PASS,INLINE_CLICK:PASS,SPRITE_ORIGINAL:PASS,UNSAFE_SPRITE_FAIL_CLOSED:PASS,AMBIGUOUS_REFERENCE_FAIL_CLOSED:PASS,STATIC_CSS:PASS,EXTERNAL_CSS:PASS,STYLE_ATTRIBUTE:PASS,DATA_IMAGE:PASS,FAVICON:PASS,PROTECTED_HEAD_RETENTION:PASS,NETWORK_SVG:PASS,UNSAFE_NETWORK_FAIL_CLOSED:PASS,DYNAMIC_CSS:PASS,RASTER_FAIL_CLOSED:PASS,UNSAFE_INLINE_FAIL_CLOSED:PASS} quicAttempts=0 directTcpAttempts=0 bootstrapResetGeneration=2 bootstrapCompleteGeneration=2 bootstrapResetCount=3 chromeSuspended=false guardSession=534 guardHeartbeatSequence=1636 audit17State=0 audit17Navigation=0 audit17Events=297 audit17Dropped=0
09-08 02:41:13.453 20204 20204 I ChromeMediaShieldStatus: v=1 seq=16 kind=network mode=selective candidates=288 replaced=0 rawDelivered=0 safeRaw=214 blockedReplaced=10 unknownReplaced=0 unsupportedReplaced=55 rawBlocked=0 rawUnknown=0 cacheHit=29 decisionEngine=198 engineCalls=204
09-08 02:41:13.454 20204 20204 I ChromeMediaShieldStatus: v=1 seq=16 kind=document transformed=18 failClosed=5 outstanding=0 issued=18 claims=8 documentSequence=15 navigationSequence=8 readyRequests=24 readyPreflights=0 readyAccepted=8 readyRejected=0 parserBarrierRequests=0 parserBarrierReady=0 parserBarrierFailClosed=0 selfShield=true selfReadyRequests=8 selfReadyAccepted=8 selfReadyRejected=0 selfReadyRejectReason=none selfShieldReleaseCompleted=8 selfShieldParserContinued=8 selfShieldOriginalScriptStarted=0 selfShieldTraceRejected=0 selfShieldTraceOutstanding=5 bootstrapDiagnosticAccepted=0 bootstrapDiagnosticRejected=0 bootstrapDiagnosticRejectReason=none bootstrapDiagnosticStage=none bootstrapDiagnosticReason=none bootstrapDiagnosticOutstanding=0
09-08 02:41:13.454 20204 20204 I ChromeMediaShieldStatus: v=1 seq=16 kind=renderer reports=0 rejected=0 globalCallbacks=0 globalRecords=0 childRecords=0 attributeRecords=0 maxRecords=0 scanCalls=0 scanRoot=0 scanNodes=0 maxScanNodes=0 scanMicros=0 maxScanMicros=0 observerChildScans=0 observerAttributeScans=0 guardedScans=0 markupScans=0 shadowScans=0 initialScans=0 otherScans=0 sanitizeElement=0 sanitizeContainer=0 img=0 source=0 svg=0 iframe=0 canvas=0 video=0 safeIcon=0 lockIcon=0 geometryWrites=0 svgRecords=0 shadowRoots=0 shadowObservers=0 shadowCallbacks=0 shadowRecords=0 shadowScanCalls=0 ensureStyle=0 ensureCurtain=0 internalMutations=0
09-08 02:41:13.454 20204 20204 I ChromeMediaShieldStatus: v=1 seq=16 kind=rendererApis callScan=createElement=0/0 createElementNS=0/0 appendChild=0/0 insertBefore=0/0 replaceChild=0/0 append=0/0 prepend=0/0 replaceChildren=0/0 before=0/0 after=0/0 replaceWith=0/0 adjacentElement=0/0 moveBefore=0/0 rangeInsert=0/0 rangeSurround=0/0 adoptNode=0/0 cloneNode=0/0 importNode=0/0 safeMarkup=0/0 innerHTML=0/0 outerHTML=0/0 insertAdjacentHTML=0/0 setHTML=0/0 shadowInnerHTML=0/0 execCommandInsertHTML=0/0 mappedTextContent=0/0
09-08 02:41:13.454 20204 20204 I ChromeMediaShieldStatus: v=1 seq=16 kind=rendererFamilies roots=element/fragment/text/other factory:calls=0,scans=0,direct=0,roots=0/0/0/0,nodes=0,micros=0,maxMicros=0 domGuard:calls=0,scans=0,direct=0,roots=0/0/0/0,nodes=0,micros=0,maxMicros=0 markup:calls=0,scans=0,direct=0,roots=0/0/0/0,nodes=0,micros=0,maxMicros=0
09-08 02:41:13.454 20204 20204 I ChromeMediaShieldStatus: v=1 seq=16 kind=uiSvg registered=1 registryBytes=134 cssRewritten=1 cssRejected=0 networkAccepted=11 networkRejected=1 assetServed=3 assetRejected=0
09-08 02:41:13.454 20204 20204 I ChromeMediaShieldStatus: v=1 seq=16 kind=health failures=5 clientDisconnects=12 proxyQueueRejects=0 protectFailure=0 quicAttempts=0 directTcpAttempts=0 active=true ready=true
09-08 02:41:13.455 20204 20204 I ChromeMediaShieldStatus: v=1 seq=16 kind=fixture report=REPORT=not_run,DOCUMENTS=0,FRAMES=0,SCRIPTS=0,FIRST_ORIGINAL_SCRIPTS=0,STYLES=0,WORKERS=0,SERVICE_WORKERS=0,FRAME_REPORTS=0,FRAME_REPORT_REJECTS=0,FRAME_REPORT=not_run,FRAME_REPORT_SHA=not_run,FRAME_CHALLENGE_SHA=not_run,FRAME_GENERATION=0,FRAME_ACCEPTED_CHALLENGE_SHA=not_run,FRAME_REPORT_BINDING_SHA=not_run,SAME_URL_BODIES=0,REPORTS=0,SW_BOUNDARY={INSTALL_DOCS=0,WORKER_SCRIPTS=0,WORKER_PROBE_SCRIPTS=0,PROBE_DOCS=0,CLEANUP_DOCS=0,REPORTS_ACCEPTED=0,REPORTS_REJECTED=0,CONTROLLER_PRESENT=0,CONTROLLER_MISSING=0,NAV_FETCHES=0,SELF_READY_FETCHES=0,SELF_READY_PASS_THROUGH=0,SELF_READY_SYNTHETIC=0,NAV_SYNTHETIC=0,RESET_BASELINE_CLEAN=0,RESET_BASELINE_DIRTY=0,REGISTER_BLOCKED=0,REGISTER_SUCCEEDED=0,WORKER_REGISTER_BLOCKED=0,WORKER_REGISTER_SUCCEEDED=0,WORKER_REGISTER_UNSUPPORTED=0,WORKER_REGISTER_ERROR=0,LAST_CASE=none,LAST_EVENT=none,LAST_VALUE=none},UI_SVG={INLINE_ORIGINAL:PASS,INLINE_CLICK:PASS,SPRITE_ORIGINAL:PASS,UNSAFE_SPRITE_FAIL_CLOSED:PASS,AMBIGUOUS_REFERENCE_FAIL_CLOSED:PASS,STATIC_CSS:PASS,EXTERNAL_CSS:PASS,STYLE_ATTRIBUTE:PASS,DATA_IMAGE:PASS,FAVICON:PASS,PROTECTED_HEAD_RETENTION:PASS,NETWORK_SVG:PASS,UNSAFE_NETWORK_FAIL_CLOSED:PASS,DYNAMIC_CSS:PASS,RASTER_FAIL_CLOSED:PASS,UNSAFE_INLINE_FAIL_CLOSED:PASS}
