--------- beginning of main
09-08 02:07:33.628 15801 16002 I ChromePhotosDataPlane: bootstrap=chrome_blocked reason=session_start
09-08 02:07:33.841 15801 16018 I ChromePhotosDataPlane: vpnAttestation=revoked session=8f92b189 fullTunnelApplied=false chromePackageAdmitted=true
09-08 02:07:33.900 15801 16002 I ChromePhotosDataPlane: rollback=complete proxy=cleared ca=removed
09-08 02:07:33.900 15801 16002 I ChromePhotosDataPlane: bootstrap=chrome_reset_skipped generation=2 resetCount=3
09-08 02:07:35.053 15801 16028 I ChromePhotosDataPlane: phase=proxy_ready bind=loopback port=8877
09-08 02:07:35.193 15801 16028 I ChromePhotosDataPlane: policy=chrome-only proxy=fixed stockMedia=true policyTypes=AIModeSettings:Integer,AllowBackForwardCacheForCacheControlNoStorePageEnabled:Boolean,BackForwardCacheEnabled:Boolean,DataUrlInSvgUseEnabled:Boolean,FindsSettings:Integer,ForceGoogleSafeSearch:Boolean,IncognitoModeAvailability:Integer,NTPContentSuggestionsEnabled:Boolean,SearchContentSharingSettings:Integer,SearchSuggestEnabled:Boolean,URLAllowlist:String,URLBlocklist:String ca=18643df0efe2b2de
09-08 02:07:35.203 15801 16028 I ChromePhotosDataPlane: phase=active owner=device_owner scope=chrome_only session=53eeb5e0 ca=18643df0efe2b2de model=R3.1 modelSha=c8b64af8092d3718c58736a511c996d0d443dacf3eaa74620b1e5af439a3cd48 policy=dag-36 modelLoadMs=455.629 fixture=controlled fallbackHosts=5 routes=0 udpFixture=false udpTarget=:0 transport=full_tunnel_dev networkVisualMode=selective stockMediaAuthority=true documentSelfShield=true privacy=public_only_memory_only
09-08 02:07:35.203 15801 15801 I ChromePhotosDataPlane: vpnAttestation=revoked session=53eeb5e0 fullTunnelApplied=false chromePackageAdmitted=false
09-08 02:07:35.484 15801 16024 I ChromePhotosDataPlane: vpnAttestation=confirmed session=53eeb5e0 fullTunnelApplied=true chromePackageAdmitted=true
09-08 02:07:35.780 15801 16033 I ChromePhotosDataPlane: phase=presentation_ready scope=real_web failSafe=armed
09-08 02:09:25.810 15801 16258 I ChromePhotosDataPlane: phase=worker_ready correlationId=c1 admissionWaitMs=1.608
09-08 02:09:26.611 15801 16258 I ChromePhotosDataPlane: phase=tls_certificate correlationId=c1 tlsCacheHit=false tlsCacheWaitMs=0.034 tlsCreationMs=728.213
09-08 02:09:26.612 15801 16258 I ChromePhotosDataPlane: phase=tls_material correlationId=c1 tlsMaterialMs=740.308
09-08 02:09:27.136 15801 16258 I ChromePhotosDataPlane: phase=tls_ready correlationId=c1 hostClass=network hostHash=816c1c4228e457b0 clientProtocol=http/1.1 ca=18643df0efe2b2de
09-08 02:09:27.491 15801 16258 I ChromePhotosDataPlane: origin=real hostClass=network hostHash=816c1c4228e457b0 method=POST clientProtocol=http/1.1 upstreamProtocol=h2 status=200 contentType=application/javascript bytesOut=0 transfer=fixed upstreamHeadersMs=324.317 downstreamWriteMs=3.095
09-08 02:09:35.698 15801 15993 I ChromePhotosDataPlane: bootstrap=chrome_blocked reason=gloshia_lost
09-08 02:09:35.700 15801 15997 I ChromePhotosDataPlane: bootstrap=chrome_blocked reason=manual_stop
09-08 02:09:35.706 15801 15997 I ChromePhotosDataPlane: phase=fail_closed reason=manual_stop
09-08 02:09:35.711 15801 15993 I ChromePhotosDataPlane: phase=fail_closed reason=gloshia_lost
09-08 02:09:35.714 15801 15997 I ChromePhotosDataPlane: phase=status statusSequence=1 lifecycle=PresentationReady active=true ready=false connections=1 requests=1 safe=0 blocked=0 unknown=0 passthrough=1 cacheHits=0 cacheMisses=0 failures=0 clientDisconnects=0 bytesIn=0 bytesOut=0 streamed=1 proxyQueueRejects=0 proxyActivePeak=1 proxyP50Ms=336.255 proxyP95Ms=336.255 proxyP99Ms=336.255 upstreamSockets=1 protectSuccess=1 protectFailure=0 web11a=not_run web11b=not_run modelLoadMs=455.629 engineCalls=0 dedupeHits=0 decisionCacheConfig=64 decisionConcurrencyConfig=1 decisionQueueConfig=2 decisionTimeoutMs=5000 engineCallsPerRequest=0.0 inferencePeak=0 inFlightPeak=0 queuePeak=0 queueRejects=0 timeouts=0 inferenceP50Ms=0.0 inferenceP95Ms=0.0 inferenceP99Ms=0.0 decisionP50Ms=0.0 decisionP95Ms=0.0 decisionP99Ms=0.0 cacheHitP50Ms=0.0 cacheHitP95Ms=0.0 cacheEntries=0 cacheEvictions=0 preprocessP50Ms=0.0 preprocessP95Ms=0.0 preprocessP99Ms=0.0 preparedCount1=0 preparedCount4=0 preparedCount5=0 preparedCountOther=0 decisionBasis= imageCandidates=0 imagePrefixPeeks=0 imageMagicCandidates=0 imageBodyAdmissionPeak=0 imageBodyAdmissionRejects=0 networkVisualCandidates=0 networkVisualReplaced=0 networkVisualRawDelivered=0 networkVisualSafeRawDelivered=0 networkVisualBlockedReplaced=0 networkVisualUnknownReplaced=0 networkVisualUnsupportedReplaced=0 networkVisualRawBlockedDelivered=0 networkVisualRawUnknownDelivered=0 networkVisualCacheHit=0 networkVisualInference=0 mediaDocumentsTransformed=0 mediaDocumentsFailClosed=0 documentTransformOutstanding=0 readyTokensOutstanding=0 uiSvgRegistered=0 uiSvgRegistryBytes=0 uiSvgCssRewritten=0 uiSvgCssRejected=0 uiSvgNetworkAccepted=0 uiSvgNetworkRejected=0 uiSvgAssetServed=0 uiSvgAssetRejected=0 h18=REPORT=not_run,EVENT_SEQUENCE=0,COMPAT_DOCS=0,STRICT_DOCS=0,STYLE_REQ=0,SCRIPT_REQ=0,DATA_REQ=0,NETWORK_REQ=0,REPORTS=0,LAST_DOC=none,NETWORK_SHA=ee17e3f62edde61823ce35732ea168f4f5986bff347ccfac063eca7f4009ee1b,AUDIT_SHA=74d4467bbf6833db4eeab998495b7dfc50db3b1f04f407704b839ad3f4b25582 h19=REPORT=not_run,DOCUMENTS=0,FRAMES=0,SCRIPTS=0,FIRST_ORIGINAL_SCRIPTS=0,STYLES=0,WORKERS=0,SERVICE_WORKERS=0,FRAME_REPORTS=0,FRAME_REPORT_REJECTS=0,FRAME_REPORT=not_run,FRAME_REPORT_SHA=not_run,FRAME_CHALLENGE_SHA=not_run,FRAME_GENERATION=0,FRAME_ACCEPTED_CHALLENGE_SHA=not_run,FRAME_REPORT_BINDING_SHA=not_run,SAME_URL_BODIES=0,REPORTS=0,SW_BOUNDARY={INSTALL_DOCS=0,WORKER_SCRIPTS=0,WORKER_PROBE_SCRIPTS=0,PROBE_DOCS=0,CLEANUP_DOCS=0,REPORTS_ACCEPTED=0,REPORTS_REJECTED=0,CONTROLLER_PRESENT=0,CONTROLLER_MISSING=0,NAV_FETCHES=0,SELF_READY_FETCHES=0,SELF_READY_PASS_THROUGH=0,SELF_READY_SYNTHETIC=0,NAV_SYNTHETIC=0,RESET_BASELINE_CLEAN=0,RESET_BASELINE_DIRTY=0,REGISTER_BLOCKED=0,REGISTER_SUCCEEDED=0,WORKER_REGISTER_BLOCKED=0,WORKER_REGISTER_SUCCEEDED=0,WORKER_REGISTER_UNSUPPORTED=0,WORKER_REGISTER_ERROR=0,LAST_CASE=none,LAST_EVENT=none,LAST_VALUE=none},UI_SVG={not_run} quicAttempts=0 directTcpAttempts=0 bootstrapResetGeneration=2 bootstrapCompleteGeneration=2 bootstrapResetCount=3 chromeSuspended=true guardSession=531 guardHeartbeatSequence=216 audit17State=0 audit17Navigation=0 audit17Events=0 audit17Dropped=0
09-08 02:09:35.715 15801 15997 I ChromeMediaShieldStatus: v=1 seq=1 kind=network mode=selective candidates=0 replaced=0 rawDelivered=0 safeRaw=0 blockedReplaced=0 unknownReplaced=0 unsupportedReplaced=0 rawBlocked=0 rawUnknown=0 cacheHit=0 decisionEngine=0 engineCalls=0
09-08 02:09:35.715 15801 15997 I ChromeMediaShieldStatus: v=1 seq=1 kind=document transformed=0 failClosed=0 outstanding=0 issued=0 claims=0 documentSequence=0 navigationSequence=0 readyRequests=0 readyPreflights=0 readyAccepted=0 readyRejected=0 parserBarrierRequests=0 parserBarrierReady=0 parserBarrierFailClosed=0 selfShield=true selfReadyRequests=0 selfReadyAccepted=0 selfReadyRejected=0 selfReadyRejectReason=none selfShieldReleaseCompleted=0 selfShieldParserContinued=0 selfShieldOriginalScriptStarted=0 selfShieldTraceRejected=0 selfShieldTraceOutstanding=0 bootstrapDiagnosticAccepted=0 bootstrapDiagnosticRejected=0 bootstrapDiagnosticRejectReason=none bootstrapDiagnosticStage=none bootstrapDiagnosticReason=none bootstrapDiagnosticOutstanding=0
09-08 02:09:35.715 15801 15997 I ChromeMediaShieldStatus: v=1 seq=1 kind=renderer reports=0 rejected=0 globalCallbacks=0 globalRecords=0 childRecords=0 attributeRecords=0 maxRecords=0 scanCalls=0 scanRoot=0 scanNodes=0 maxScanNodes=0 scanMicros=0 maxScanMicros=0 observerChildScans=0 observerAttributeScans=0 guardedScans=0 markupScans=0 shadowScans=0 initialScans=0 otherScans=0 sanitizeElement=0 sanitizeContainer=0 img=0 source=0 svg=0 iframe=0 canvas=0 video=0 safeIcon=0 lockIcon=0 geometryWrites=0 svgRecords=0 shadowRoots=0 shadowObservers=0 shadowCallbacks=0 shadowRecords=0 shadowScanCalls=0 ensureStyle=0 ensureCurtain=0 internalMutations=0
09-08 02:09:35.716 15801 15997 I ChromeMediaShieldStatus: v=1 seq=1 kind=rendererApis callScan=createElement=0/0 createElementNS=0/0 appendChild=0/0 insertBefore=0/0 replaceChild=0/0 append=0/0 prepend=0/0 replaceChildren=0/0 before=0/0 after=0/0 replaceWith=0/0 adjacentElement=0/0 moveBefore=0/0 rangeInsert=0/0 rangeSurround=0/0 adoptNode=0/0 cloneNode=0/0 importNode=0/0 safeMarkup=0/0 innerHTML=0/0 outerHTML=0/0 insertAdjacentHTML=0/0 setHTML=0/0 shadowInnerHTML=0/0 execCommandInsertHTML=0/0 mappedTextContent=0/0
09-08 02:09:35.716 15801 15997 I ChromeMediaShieldStatus: v=1 seq=1 kind=rendererFamilies roots=element/fragment/text/other factory:calls=0,scans=0,direct=0,roots=0/0/0/0,nodes=0,micros=0,maxMicros=0 domGuard:calls=0,scans=0,direct=0,roots=0/0/0/0,nodes=0,micros=0,maxMicros=0 markup:calls=0,scans=0,direct=0,roots=0/0/0/0,nodes=0,micros=0,maxMicros=0
09-08 02:09:35.716 15801 15997 I ChromeMediaShieldStatus: v=1 seq=1 kind=uiSvg registered=0 registryBytes=0 cssRewritten=0 cssRejected=0 networkAccepted=0 networkRejected=0 assetServed=0 assetRejected=0
09-08 02:09:35.716 15801 15997 I ChromeMediaShieldStatus: v=1 seq=1 kind=health failures=0 clientDisconnects=0 proxyQueueRejects=0 protectFailure=0 quicAttempts=0 directTcpAttempts=0 active=true ready=false
09-08 02:09:35.716 15801 15997 I ChromeMediaShieldStatus: v=1 seq=1 kind=fixture report=REPORT=not_run,DOCUMENTS=0,FRAMES=0,SCRIPTS=0,FIRST_ORIGINAL_SCRIPTS=0,STYLES=0,WORKERS=0,SERVICE_WORKERS=0,FRAME_REPORTS=0,FRAME_REPORT_REJECTS=0,FRAME_REPORT=not_run,FRAME_REPORT_SHA=not_run,FRAME_CHALLENGE_SHA=not_run,FRAME_GENERATION=0,FRAME_ACCEPTED_CHALLENGE_SHA=not_run,FRAME_REPORT_BINDING_SHA=not_run,SAME_URL_BODIES=0,REPORTS=0,SW_BOUNDARY={INSTALL_DOCS=0,WORKER_SCRIPTS=0,WORKER_PROBE_SCRIPTS=0,PROBE_DOCS=0,CLEANUP_DOCS=0,REPORTS_ACCEPTED=0,REPORTS_REJECTED=0,CONTROLLER_PRESENT=0,CONTROLLER_MISSING=0,NAV_FETCHES=0,SELF_READY_FETCHES=0,SELF_READY_PASS_THROUGH=0,SELF_READY_SYNTHETIC=0,NAV_SYNTHETIC=0,RESET_BASELINE_CLEAN=0,RESET_BASELINE_DIRTY=0,REGISTER_BLOCKED=0,REGISTER_SUCCEEDED=0,WORKER_REGISTER_BLOCKED=0,WORKER_REGISTER_SUCCEEDED=0,WORKER_REGISTER_UNSUPPORTED=0,WORKER_REGISTER_ERROR=0,LAST_CASE=none,LAST_EVENT=none,LAST_VALUE=none},UI_SVG={not_run}
09-08 02:09:35.719 15801 16258 W ChromePhotosDataPlane: phase=connection_failed correlationId=c1 error=SocketException
09-08 02:09:35.749 15801 15997 I ChromePhotosDataPlane: phase=proxy_stopped cacheEntries=0 cleanup=complete
09-08 02:09:35.809 15801 15997 I ChromePhotosDataPlane: rollback=complete proxy=cleared ca=removed
09-08 02:09:35.814 15801 15997 I ChromePhotosDataPlane: rollback=vpn_restored action=refresh_routes
09-08 02:09:35.822 15801 15801 I ChromePhotosDataPlane: vpnAttestation=revoked session=53eeb5e0 fullTunnelApplied=false chromePackageAdmitted=false
09-08 02:09:35.826 15801 15997 I ChromePhotosDataPlane: phase=stopped rollback=complete cache=cleared
09-08 02:09:35.897 15801 15801 I ChromePhotosDataPlane: bootstrap=chrome_blocked reason=service_destroyed
09-08 02:09:35.899 15801 15801 I ChromePhotosDataPlane: phase=fail_closed reason=service_destroyed
09-08 02:09:35.900 15801 15801 I ChromePhotosDataPlane: rollback=complete proxy=cleared ca=removed
09-08 02:09:36.016 15801 16027 I ChromePhotosDataPlane: vpnAttestation=revoked session=53eeb5e0 fullTunnelApplied=false chromePackageAdmitted=true
09-08 02:09:51.022 15801 16031 I ChromePhotosDataPlane: bootstrap=chrome_blocked reason=session_start
09-08 02:09:51.025 15801 16031 I ChromePhotosDataPlane: rollback=complete proxy=cleared ca=removed
09-08 02:09:51.026 15801 16031 I ChromePhotosDataPlane: bootstrap=chrome_reset_skipped generation=2 resetCount=3
09-08 02:09:51.728 15801 16031 I ChromePhotosDataPlane: phase=proxy_ready bind=loopback port=8877
09-08 02:09:51.809 15801 16031 I ChromePhotosDataPlane: policy=chrome-only proxy=fixed stockMedia=true policyTypes=AIModeSettings:Integer,AllowBackForwardCacheForCacheControlNoStorePageEnabled:Boolean,BackForwardCacheEnabled:Boolean,DataUrlInSvgUseEnabled:Boolean,FindsSettings:Integer,ForceGoogleSafeSearch:Boolean,IncognitoModeAvailability:Integer,NTPContentSuggestionsEnabled:Boolean,SearchContentSharingSettings:Integer,SearchSuggestEnabled:Boolean,URLAllowlist:String,URLBlocklist:String ca=b84fe96087814860
09-08 02:09:51.824 15801 16031 I ChromePhotosDataPlane: phase=active owner=device_owner scope=chrome_only session=35a46a02 ca=b84fe96087814860 model=R3.1 modelSha=c8b64af8092d3718c58736a511c996d0d443dacf3eaa74620b1e5af439a3cd48 policy=dag-36 modelLoadMs=281.008 fixture=controlled fallbackHosts=5 routes=0 udpFixture=false udpTarget=:0 transport=full_tunnel_dev networkVisualMode=selective stockMediaAuthority=true documentSelfShield=true privacy=public_only_memory_only
09-08 02:09:51.833 15801 15801 I ChromePhotosDataPlane: vpnAttestation=revoked session=35a46a02 fullTunnelApplied=false chromePackageAdmitted=false
09-08 02:09:52.033 15801 15994 I ChromePhotosDataPlane: vpnAttestation=confirmed session=35a46a02 fullTunnelApplied=true chromePackageAdmitted=true
09-08 02:09:52.087 15801 16018 I ChromePhotosDataPlane: phase=presentation_ready scope=real_web failSafe=armed
09-08 02:10:28.519 15801 15801 I ChromePhotosDataPlane: phase=status statusSequence=1 lifecycle=PresentationReady active=true ready=true connections=0 requests=0 safe=0 blocked=0 unknown=0 passthrough=0 cacheHits=0 cacheMisses=0 failures=0 clientDisconnects=0 bytesIn=0 bytesOut=0 streamed=0 proxyQueueRejects=0 proxyActivePeak=0 proxyP50Ms=0.000 proxyP95Ms=0.000 proxyP99Ms=0.000 upstreamSockets=0 protectSuccess=0 protectFailure=0 web11a=not_run web11b=not_run modelLoadMs=281.008 engineCalls=0 dedupeHits=0 decisionCacheConfig=64 decisionConcurrencyConfig=1 decisionQueueConfig=2 decisionTimeoutMs=5000 engineCallsPerRequest=0.0 inferencePeak=0 inFlightPeak=0 queuePeak=0 queueRejects=0 timeouts=0 inferenceP50Ms=0.0 inferenceP95Ms=0.0 inferenceP99Ms=0.0 decisionP50Ms=0.0 decisionP95Ms=0.0 decisionP99Ms=0.0 cacheHitP50Ms=0.0 cacheHitP95Ms=0.0 cacheEntries=0 cacheEvictions=0 preprocessP50Ms=0.0 preprocessP95Ms=0.0 preprocessP99Ms=0.0 preparedCount1=0 preparedCount4=0 preparedCount5=0 preparedCountOther=0 decisionBasis= imageCandidates=0 imagePrefixPeeks=0 imageMagicCandidates=0 imageBodyAdmissionPeak=0 imageBodyAdmissionRejects=0 networkVisualCandidates=0 networkVisualReplaced=0 networkVisualRawDelivered=0 networkVisualSafeRawDelivered=0 networkVisualBlockedReplaced=0 networkVisualUnknownReplaced=0 networkVisualUnsupportedReplaced=0 networkVisualRawBlockedDelivered=0 networkVisualRawUnknownDelivered=0 networkVisualCacheHit=0 networkVisualInference=0 mediaDocumentsTransformed=0 mediaDocumentsFailClosed=0 documentTransformOutstanding=0 readyTokensOutstanding=0 uiSvgRegistered=0 uiSvgRegistryBytes=0 uiSvgCssRewritten=0 uiSvgCssRejected=0 uiSvgNetworkAccepted=0 uiSvgNetworkRejected=0 uiSvgAssetServed=0 uiSvgAssetRejected=0 h18=REPORT=not_run,EVENT_SEQUENCE=0,COMPAT_DOCS=0,STRICT_DOCS=0,STYLE_REQ=0,SCRIPT_REQ=0,DATA_REQ=0,NETWORK_REQ=0,REPORTS=0,LAST_DOC=none,NETWORK_SHA=ee17e3f62edde61823ce35732ea168f4f5986bff347ccfac063eca7f4009ee1b,AUDIT_SHA=74d4467bbf6833db4eeab998495b7dfc50db3b1f04f407704b839ad3f4b25582 h19=REPORT=not_run,DOCUMENTS=0,FRAMES=0,SCRIPTS=0,FIRST_ORIGINAL_SCRIPTS=0,STYLES=0,WORKERS=0,SERVICE_WORKERS=0,FRAME_REPORTS=0,FRAME_REPORT_REJECTS=0,FRAME_REPORT=not_run,FRAME_REPORT_SHA=not_run,FRAME_CHALLENGE_SHA=not_run,FRAME_GENERATION=0,FRAME_ACCEPTED_CHALLENGE_SHA=not_run,FRAME_REPORT_BINDING_SHA=not_run,SAME_URL_BODIES=0,REPORTS=0,SW_BOUNDARY={INSTALL_DOCS=0,WORKER_SCRIPTS=0,WORKER_PROBE_SCRIPTS=0,PROBE_DOCS=0,CLEANUP_DOCS=0,REPORTS_ACCEPTED=0,REPORTS_REJECTED=0,CONTROLLER_PRESENT=0,CONTROLLER_MISSING=0,NAV_FETCHES=0,SELF_READY_FETCHES=0,SELF_READY_PASS_THROUGH=0,SELF_READY_SYNTHETIC=0,NAV_SYNTHETIC=0,RESET_BASELINE_CLEAN=0,RESET_BASELINE_DIRTY=0,REGISTER_BLOCKED=0,REGISTER_SUCCEEDED=0,WORKER_REGISTER_BLOCKED=0,WORKER_REGISTER_SUCCEEDED=0,WORKER_REGISTER_UNSUPPORTED=0,WORKER_REGISTER_ERROR=0,LAST_CASE=none,LAST_EVENT=none,LAST_VALUE=none},UI_SVG={not_run} quicAttempts=0 directTcpAttempts=0 bootstrapResetGeneration=2 bootstrapCompleteGeneration=2 bootstrapResetCount=3 chromeSuspended=false guardSession=532 guardHeartbeatSequence=66 audit17State=0 audit17Navigation=0 audit17Events=0 audit17Dropped=0
09-08 02:10:28.519 15801 15801 I ChromeMediaShieldStatus: v=1 seq=1 kind=network mode=selective candidates=0 replaced=0 rawDelivered=0 safeRaw=0 blockedReplaced=0 unknownReplaced=0 unsupportedReplaced=0 rawBlocked=0 rawUnknown=0 cacheHit=0 decisionEngine=0 engineCalls=0
09-08 02:10:28.519 15801 15801 I ChromeMediaShieldStatus: v=1 seq=1 kind=document transformed=0 failClosed=0 outstanding=0 issued=0 claims=0 documentSequence=0 navigationSequence=0 readyRequests=0 readyPreflights=0 readyAccepted=0 readyRejected=0 parserBarrierRequests=0 parserBarrierReady=0 parserBarrierFailClosed=0 selfShield=true selfReadyRequests=0 selfReadyAccepted=0 selfReadyRejected=0 selfReadyRejectReason=none selfShieldReleaseCompleted=0 selfShieldParserContinued=0 selfShieldOriginalScriptStarted=0 selfShieldTraceRejected=0 selfShieldTraceOutstanding=0 bootstrapDiagnosticAccepted=0 bootstrapDiagnosticRejected=0 bootstrapDiagnosticRejectReason=none bootstrapDiagnosticStage=none bootstrapDiagnosticReason=none bootstrapDiagnosticOutstanding=0
09-08 02:10:28.519 15801 15801 I ChromeMediaShieldStatus: v=1 seq=1 kind=renderer reports=0 rejected=0 globalCallbacks=0 globalRecords=0 childRecords=0 attributeRecords=0 maxRecords=0 scanCalls=0 scanRoot=0 scanNodes=0 maxScanNodes=0 scanMicros=0 maxScanMicros=0 observerChildScans=0 observerAttributeScans=0 guardedScans=0 markupScans=0 shadowScans=0 initialScans=0 otherScans=0 sanitizeElement=0 sanitizeContainer=0 img=0 source=0 svg=0 iframe=0 canvas=0 video=0 safeIcon=0 lockIcon=0 geometryWrites=0 svgRecords=0 shadowRoots=0 shadowObservers=0 shadowCallbacks=0 shadowRecords=0 shadowScanCalls=0 ensureStyle=0 ensureCurtain=0 internalMutations=0
09-08 02:10:28.520 15801 15801 I ChromeMediaShieldStatus: v=1 seq=1 kind=rendererApis callScan=createElement=0/0 createElementNS=0/0 appendChild=0/0 insertBefore=0/0 replaceChild=0/0 append=0/0 prepend=0/0 replaceChildren=0/0 before=0/0 after=0/0 replaceWith=0/0 adjacentElement=0/0 moveBefore=0/0 rangeInsert=0/0 rangeSurround=0/0 adoptNode=0/0 cloneNode=0/0 importNode=0/0 safeMarkup=0/0 innerHTML=0/0 outerHTML=0/0 insertAdjacentHTML=0/0 setHTML=0/0 shadowInnerHTML=0/0 execCommandInsertHTML=0/0 mappedTextContent=0/0
09-08 02:10:28.520 15801 15801 I ChromeMediaShieldStatus: v=1 seq=1 kind=rendererFamilies roots=element/fragment/text/other factory:calls=0,scans=0,direct=0,roots=0/0/0/0,nodes=0,micros=0,maxMicros=0 domGuard:calls=0,scans=0,direct=0,roots=0/0/0/0,nodes=0,micros=0,maxMicros=0 markup:calls=0,scans=0,direct=0,roots=0/0/0/0,nodes=0,micros=0,maxMicros=0
09-08 02:10:28.520 15801 15801 I ChromeMediaShieldStatus: v=1 seq=1 kind=uiSvg registered=0 registryBytes=0 cssRewritten=0 cssRejected=0 networkAccepted=0 networkRejected=0 assetServed=0 assetRejected=0
09-08 02:10:28.520 15801 15801 I ChromeMediaShieldStatus: v=1 seq=1 kind=health failures=0 clientDisconnects=0 proxyQueueRejects=0 protectFailure=0 quicAttempts=0 directTcpAttempts=0 active=true ready=true
09-08 02:10:28.520 15801 15801 I ChromeMediaShieldStatus: v=1 seq=1 kind=fixture report=REPORT=not_run,DOCUMENTS=0,FRAMES=0,SCRIPTS=0,FIRST_ORIGINAL_SCRIPTS=0,STYLES=0,WORKERS=0,SERVICE_WORKERS=0,FRAME_REPORTS=0,FRAME_REPORT_REJECTS=0,FRAME_REPORT=not_run,FRAME_REPORT_SHA=not_run,FRAME_CHALLENGE_SHA=not_run,FRAME_GENERATION=0,FRAME_ACCEPTED_CHALLENGE_SHA=not_run,FRAME_REPORT_BINDING_SHA=not_run,SAME_URL_BODIES=0,REPORTS=0,SW_BOUNDARY={INSTALL_DOCS=0,WORKER_SCRIPTS=0,WORKER_PROBE_SCRIPTS=0,PROBE_DOCS=0,CLEANUP_DOCS=0,REPORTS_ACCEPTED=0,REPORTS_REJECTED=0,CONTROLLER_PRESENT=0,CONTROLLER_MISSING=0,NAV_FETCHES=0,SELF_READY_FETCHES=0,SELF_READY_PASS_THROUGH=0,SELF_READY_SYNTHETIC=0,NAV_SYNTHETIC=0,RESET_BASELINE_CLEAN=0,RESET_BASELINE_DIRTY=0,REGISTER_BLOCKED=0,REGISTER_SUCCEEDED=0,WORKER_REGISTER_BLOCKED=0,WORKER_REGISTER_SUCCEEDED=0,WORKER_REGISTER_UNSUPPORTED=0,WORKER_REGISTER_ERROR=0,LAST_CASE=none,LAST_EVENT=none,LAST_VALUE=none},UI_SVG={not_run}
09-08 02:10:30.756 15801 16415 I ChromePhotosDataPlane: phase=worker_ready correlationId=c1 admissionWaitMs=1.104
09-08 02:10:30.759 15801 16416 I ChromePhotosDataPlane: phase=worker_ready correlationId=c2 admissionWaitMs=0.571
09-08 02:10:30.761 15801 16417 I ChromePhotosDataPlane: phase=worker_ready correlationId=c3 admissionWaitMs=0.789
09-08 02:10:31.012 15801 16443 I ChromePhotosDataPlane: phase=worker_ready correlationId=c5 admissionWaitMs=2.684
09-08 02:10:31.017 15801 16442 I ChromePhotosDataPlane: phase=worker_ready correlationId=c4 admissionWaitMs=3.853
09-08 02:10:31.209 15801 16416 I ChromePhotosDataPlane: phase=tls_certificate correlationId=c2 tlsCacheHit=false tlsCacheWaitMs=0.009 tlsCreationMs=392.639
09-08 02:10:31.209 15801 16416 I ChromePhotosDataPlane: phase=tls_material correlationId=c2 tlsMaterialMs=393.143
09-08 02:10:31.768 15801 16416 I ChromePhotosDataPlane: phase=tls_ready correlationId=c2 hostClass=network hostHash=11363e395d87adea clientProtocol=http/1.1 ca=b84fe96087814860
09-08 02:10:32.019 15801 16415 I ChromePhotosDataPlane: phase=tls_certificate correlationId=c1 tlsCacheHit=false tlsCacheWaitMs=400.038 tlsCreationMs=802.076
09-08 02:10:32.019 15801 16415 I ChromePhotosDataPlane: phase=tls_material correlationId=c1 tlsMaterialMs=1202.438
09-08 02:10:32.028 15801 16415 I ChromePhotosDataPlane: phase=tls_ready correlationId=c1 hostClass=network hostHash=a817ab236a289c0c clientProtocol=http/1.1 ca=b84fe96087814860
09-08 02:10:32.332 15801 16417 I ChromePhotosDataPlane: phase=tls_certificate correlationId=c3 tlsCacheHit=false tlsCacheWaitMs=1171.892 tlsCreationMs=312.542
09-08 02:10:32.332 15801 16417 I ChromePhotosDataPlane: phase=tls_material correlationId=c3 tlsMaterialMs=1485.024
09-08 02:10:32.341 15801 16417 I ChromePhotosDataPlane: phase=tls_ready correlationId=c3 hostClass=network hostHash=e1bb38766871feb8 clientProtocol=http/1.1 ca=b84fe96087814860
09-08 02:10:32.467 15801 16415 I ChromePhotosDataPlane: phase=media_shield_document origin=real hostClass=network hostHash=a817ab236a289c0c result=transformed documentSequence=1 navigationSequence=1 token=ad50e0a621fc bytesOut=1019944 upstreamHeadersMs=117.478 documentDecisionMs=189.811 downstreamWriteMs=5.729
09-08 02:10:32.490 15801 16481 I ChromePhotosDataPlane: phase=worker_ready correlationId=c6 admissionWaitMs=1.667
09-08 02:10:32.500 15801 16486 I ChromePhotosDataPlane: phase=worker_ready correlationId=c7 admissionWaitMs=0.449
09-08 02:10:32.510 15801 16486 I ChromePhotosDataPlane: phase=tls_certificate correlationId=c7 tlsCacheHit=true tlsCacheWaitMs=0.009 tlsCreationMs=0.000
09-08 02:10:32.510 15801 16486 I ChromePhotosDataPlane: phase=tls_material correlationId=c7 tlsMaterialMs=0.237
09-08 02:10:32.520 15801 16486 I ChromePhotosDataPlane: phase=tls_ready correlationId=c7 hostClass=network hostHash=e1bb38766871feb8 clientProtocol=http/1.1 ca=b84fe96087814860
09-08 02:10:32.541 15801 16488 I ChromePhotosDataPlane: phase=worker_ready correlationId=c8 admissionWaitMs=0.404
09-08 02:10:32.551 15801 16488 I ChromePhotosDataPlane: phase=tls_certificate correlationId=c8 tlsCacheHit=true tlsCacheWaitMs=0.009 tlsCreationMs=0.000
09-08 02:10:32.551 15801 16488 I ChromePhotosDataPlane: phase=tls_material correlationId=c8 tlsMaterialMs=0.297
09-08 02:10:32.571 15801 16488 I ChromePhotosDataPlane: phase=tls_ready correlationId=c8 hostClass=network hostHash=e1bb38766871feb8 clientProtocol=http/1.1 ca=b84fe96087814860
09-08 02:10:32.655 15801 16415 I ChromePhotosDataPlane: phase=media_shield_ready origin=same_origin result=204 bytesOut=0
09-08 02:10:32.664 15801 16443 I ChromePhotosDataPlane: phase=tls_certificate correlationId=c5 tlsCacheHit=false tlsCacheWaitMs=1248.909 tlsCreationMs=331.834
09-08 02:10:32.664 15801 16443 I ChromePhotosDataPlane: phase=tls_material correlationId=c5 tlsMaterialMs=1581.330
09-08 02:10:32.669 15801 16415 I ChromePhotosDataPlane: phase=media_shield_ready origin=same_origin result=204 bytesOut=0
09-08 02:10:32.675 15801 16443 I ChromePhotosDataPlane: phase=tls_ready correlationId=c5 hostClass=network hostHash=3e723b591bdb95ce clientProtocol=http/1.1 ca=b84fe96087814860
09-08 02:10:32.685 15801 16415 I ChromePhotosDataPlane: phase=media_shield_ready origin=same_origin result=204 bytesOut=0
09-08 02:10:32.802 15801 16497 I ChromePhotosDataPlane: phase=worker_ready correlationId=c9 admissionWaitMs=2.223
09-08 02:10:32.828 15801 16497 I ChromePhotosDataPlane: phase=tls_certificate correlationId=c9 tlsCacheHit=true tlsCacheWaitMs=0.023 tlsCreationMs=0.000
09-08 02:10:32.828 15801 16497 I ChromePhotosDataPlane: phase=tls_material correlationId=c9 tlsMaterialMs=0.931
09-08 02:10:32.851 15801 16499 I ChromePhotosDataPlane: phase=worker_ready correlationId=c10 admissionWaitMs=7.779
09-08 02:10:32.861 15801 16500 I ChromePhotosDataPlane: phase=worker_ready correlationId=c11 admissionWaitMs=9.305
09-08 02:10:32.881 15801 16500 I ChromePhotosDataPlane: phase=tls_certificate correlationId=c11 tlsCacheHit=true tlsCacheWaitMs=0.012 tlsCreationMs=0.000
09-08 02:10:32.881 15801 16500 I ChromePhotosDataPlane: phase=tls_material correlationId=c11 tlsMaterialMs=0.344
09-08 02:10:32.882 15801 16497 I ChromePhotosDataPlane: phase=tls_ready correlationId=c9 hostClass=network hostHash=e1bb38766871feb8 clientProtocol=http/1.1 ca=b84fe96087814860
09-08 02:10:32.892 15801 16499 I ChromePhotosDataPlane: phase=tls_certificate correlationId=c10 tlsCacheHit=true tlsCacheWaitMs=0.307 tlsCreationMs=0.000
09-08 02:10:32.892 15801 16499 I ChromePhotosDataPlane: phase=tls_material correlationId=c10 tlsMaterialMs=2.091
09-08 02:10:32.901 15801 16442 I ChromePhotosDataPlane: phase=tls_certificate correlationId=c4 tlsCacheHit=false tlsCacheWaitMs=1575.969 tlsCreationMs=237.215
09-08 02:10:32.901 15801 16442 I ChromePhotosDataPlane: phase=tls_material correlationId=c4 tlsMaterialMs=1813.656
09-08 02:10:32.915 15801 16500 I ChromePhotosDataPlane: phase=tls_ready correlationId=c11 hostClass=network hostHash=e1bb38766871feb8 clientProtocol=http/1.1 ca=b84fe96087814860
09-08 02:10:32.925 15801 16499 I ChromePhotosDataPlane: phase=tls_ready correlationId=c10 hostClass=network hostHash=e1bb38766871feb8 clientProtocol=http/1.1 ca=b84fe96087814860
09-08 02:10:32.928 15801 16486 I ChromePhotosDataPlane: origin=real hostClass=network hostHash=e1bb38766871feb8 method=GET clientProtocol=http/1.1 upstreamProtocol=h2 status=200 contentType=image/webp bytesIn=22390 bytesOut=22390 cache=miss decision=safe reason=model_allow source=engine probability=0.07228577 basis=None decodeMs=21.079 inferenceMs=222.692 inferenceQueueMs=0.980 localDecisionMs=253.190  bodyAdmissionMs=0.455 bodyReadMs=0.716 hashMs=0.233 requestToDeliveryMs=380.540 upstreamHeadersMs=91.967 sanitizeMs=284.412 downstreamWriteMs=0.656
09-08 02:10:32.933 15801 16510 I ChromePhotosDataPlane: phase=worker_ready correlationId=c13 admissionWaitMs=1.093
09-08 02:10:32.937 15801 16509 I ChromePhotosDataPlane: phase=worker_ready correlationId=c12 admissionWaitMs=8.619
09-08 02:10:32.947 15801 16511 I ChromePhotosDataPlane: phase=worker_ready correlationId=c14 admissionWaitMs=5.531
09-08 02:10:32.950 15801 16442 I ChromePhotosDataPlane: phase=tls_ready correlationId=c4 hostClass=network hostHash=8c8ca01276b5a685 clientProtocol=http/1.1 ca=b84fe96087814860
09-08 02:10:32.973 15801 16521 I ChromePhotosDataPlane: phase=worker_ready correlationId=c15 admissionWaitMs=4.909
09-08 02:10:33.183 15801 16531 I ChromePhotosDataPlane: phase=worker_ready correlationId=c16 admissionWaitMs=19.758
09-08 02:10:33.279 15801 16533 I ChromePhotosDataPlane: phase=worker_ready correlationId=c17 admissionWaitMs=6.889
09-08 02:10:33.292 15801 16533 I ChromePhotosDataPlane: phase=tls_certificate correlationId=c17 tlsCacheHit=true tlsCacheWaitMs=0.021 tlsCreationMs=0.000
09-08 02:10:33.293 15801 16533 I ChromePhotosDataPlane: phase=tls_material correlationId=c17 tlsMaterialMs=0.559
09-08 02:10:33.312 15801 16533 I ChromePhotosDataPlane: phase=tls_ready correlationId=c17 hostClass=network hostHash=8c8ca01276b5a685 clientProtocol=http/1.1 ca=b84fe96087814860
09-08 02:10:33.330 15801 16488 I ChromePhotosDataPlane: origin=real hostClass=network hostHash=e1bb38766871feb8 method=GET clientProtocol=http/1.1 upstreamProtocol=h2 status=200 contentType=image/webp bytesIn=382772 bytesOut=382772 cache=miss decision=safe reason=model_allow source=engine probability=0.026281804 basis=None decodeMs=46.146 inferenceMs=221.944 inferenceQueueMs=0.279 localDecisionMs=269.668  bodyAdmissionMs=0.028 bodyReadMs=87.261 hashMs=0.597 requestToDeliveryMs=533.577 upstreamHeadersMs=31.865 sanitizeMs=497.152 downstreamWriteMs=2.455
09-08 02:10:33.390 15801 16481 I ChromePhotosDataPlane: phase=tls_certificate correlationId=c6 tlsCacheHit=false tlsCacheWaitMs=369.920 tlsCreationMs=488.245
09-08 02:10:33.390 15801 16481 I ChromePhotosDataPlane: phase=tls_material correlationId=c6 tlsMaterialMs=858.898
09-08 02:10:33.407 15801 16481 I ChromePhotosDataPlane: phase=tls_ready correlationId=c6 hostClass=network hostHash=816c1c4228e457b0 clientProtocol=http/1.1 ca=b84fe96087814860
09-08 02:10:33.449 15801 16539 I ChromePhotosDataPlane: phase=worker_ready correlationId=c18 admissionWaitMs=0.762
09-08 02:10:33.502 15801 16497 I ChromePhotosDataPlane: origin=real hostClass=network hostHash=e1bb38766871feb8 method=GET clientProtocol=http/1.1 upstreamProtocol=h2 status=200 contentType=image/webp bytesIn=351576 bytesOut=351576 cache=miss decision=safe reason=model_allow source=engine probability=0.06512773 basis=None decodeMs=31.893 inferenceMs=139.409 inferenceQueueMs=193.394 localDecisionMs=365.784  bodyAdmissionMs=0.018 bodyReadMs=42.524 hashMs=1.054 requestToDeliveryMs=580.866 upstreamHeadersMs=26.820 sanitizeMs=549.372 downstreamWriteMs=2.355
09-08 02:10:33.681 15801 16481 I ChromePhotosDataPlane: origin=real hostClass=network hostHash=816c1c4228e457b0 method=POST clientProtocol=http/1.1 upstreamProtocol=h2 status=200 contentType=application/javascript bytesOut=0 transfer=fixed upstreamHeadersMs=268.654 downstreamWriteMs=0.417
09-08 02:10:33.698 15801 16509 I ChromePhotosDataPlane: phase=tls_certificate correlationId=c12 tlsCacheHit=false tlsCacheWaitMs=401.166 tlsCreationMs=306.531
09-08 02:10:33.698 15801 16509 I ChromePhotosDataPlane: phase=tls_material correlationId=c12 tlsMaterialMs=708.319
09-08 02:10:33.700 15801 16547 I ChromePhotosDataPlane: phase=worker_ready correlationId=c19 admissionWaitMs=3.068
09-08 02:10:33.715 15801 16509 I ChromePhotosDataPlane: phase=tls_ready correlationId=c12 hostClass=network hostHash=191347bfe55d0ca9 clientProtocol=http/1.1 ca=b84fe96087814860
09-08 02:10:33.729 15801 16553 I ChromePhotosDataPlane: phase=worker_ready correlationId=c20 admissionWaitMs=6.228
09-08 02:10:33.730 15801 16554 I ChromePhotosDataPlane: phase=worker_ready correlationId=c21 admissionWaitMs=2.285
09-08 02:10:33.754 15801 16556 I ChromePhotosDataPlane: phase=worker_ready correlationId=c22 admissionWaitMs=21.149
09-08 02:10:33.779 15801 16568 I ChromePhotosDataPlane: phase=worker_ready correlationId=c23 admissionWaitMs=1.350
09-08 02:10:33.872 15801 16509 I ChromePhotosDataPlane: origin=real hostClass=network hostHash=191347bfe55d0ca9 method=GET clientProtocol=http/1.1 upstreamProtocol=h2 status=200 contentType=text/javascript bytesOut=1060 transfer=chunked upstreamHeadersMs=150.292 downstreamWriteMs=0.528
09-08 02:10:34.041 15801 16571 I ChromePhotosDataPlane: phase=worker_ready correlationId=c24 admissionWaitMs=0.711
09-08 02:10:34.049 15801 16571 I ChromePhotosDataPlane: phase=tls_certificate correlationId=c24 tlsCacheHit=true tlsCacheWaitMs=0.018 tlsCreationMs=0.000
09-08 02:10:34.049 15801 16571 I ChromePhotosDataPlane: phase=tls_material correlationId=c24 tlsMaterialMs=0.570
09-08 02:10:34.073 15801 16571 I ChromePhotosDataPlane: phase=tls_ready correlationId=c24 hostClass=network hostHash=191347bfe55d0ca9 clientProtocol=http/1.1 ca=b84fe96087814860
09-08 02:10:34.109 15801 16500 I ChromePhotosDataPlane: origin=real hostClass=network hostHash=e1bb38766871feb8 method=GET clientProtocol=http/1.1 upstreamProtocol=h2 status=200 contentType=image/webp bytesIn=369798 bytesOut=369798 cache=miss decision=safe reason=model_allow source=engine probability=0.14357123 basis=None decodeMs=35.088 inferenceMs=195.476 inferenceQueueMs=0.143 localDecisionMs=232.014  bodyAdmissionMs=0.033 bodyReadMs=454.893 hashMs=0.612 requestToDeliveryMs=1174.284 upstreamHeadersMs=415.770 sanitizeMs=748.973 downstreamWriteMs=6.286
09-08 02:10:34.112 15801 16511 I ChromePhotosDataPlane: phase=tls_certificate correlationId=c14 tlsCacheHit=false tlsCacheWaitMs=689.202 tlsCreationMs=414.468
09-08 02:10:34.113 15801 16511 I ChromePhotosDataPlane: phase=tls_material correlationId=c14 tlsMaterialMs=1104.182
09-08 02:10:34.126 15801 16511 I ChromePhotosDataPlane: phase=tls_ready correlationId=c14 hostClass=network hostHash=9d072a4c12ae89c4 clientProtocol=http/1.1 ca=b84fe96087814860
09-08 02:10:34.226 15801 16511 I ChromePhotosDataPlane: origin=real hostClass=network hostHash=9d072a4c12ae89c4 method=GET clientProtocol=http/1.1 upstreamProtocol=h2 status=304 contentType= bytesOut=0 transfer=fixed upstreamHeadersMs=96.287 downstreamWriteMs=0.474
09-08 02:10:34.237 15801 16571 I ChromePhotosDataPlane: phase=media_shield_document origin=real hostClass=network hostHash=191347bfe55d0ca9 result=transformed documentSequence=2 navigationSequence=1 token=b42f46ec8400 bytesOut=167255 upstreamHeadersMs=74.396 documentDecisionMs=47.777 downstreamWriteMs=1.396
09-08 02:10:34.302 15801 16595 I ChromePhotosDataPlane: phase=worker_ready correlationId=c25 admissionWaitMs=1.599
09-08 02:10:34.307 15801 16596 I ChromePhotosDataPlane: phase=worker_ready correlationId=c26 admissionWaitMs=2.211
09-08 02:10:34.336 15801 16510 I ChromePhotosDataPlane: phase=tls_certificate correlationId=c13 tlsCacheHit=false tlsCacheWaitMs=1094.431 tlsCreationMs=222.965
09-08 02:10:34.336 15801 16510 I ChromePhotosDataPlane: phase=tls_material correlationId=c13 tlsMaterialMs=1318.029
09-08 02:10:34.354 15801 16510 I ChromePhotosDataPlane: phase=tls_ready correlationId=c13 hostClass=network hostHash=b80cc6598e129db1 clientProtocol=http/1.1 ca=b84fe96087814860
09-08 02:10:34.505 15801 16510 I ChromePhotosDataPlane: origin=real hostClass=network hostHash=b80cc6598e129db1 method=GET clientProtocol=http/1.1 upstreamProtocol=h2 status=304 contentType=application/javascript bytesOut=0 transfer=fixed upstreamHeadersMs=147.544 downstreamWriteMs=0.364
09-08 02:10:34.595 15801 16609 I ChromePhotosDataPlane: phase=worker_ready correlationId=c27 admissionWaitMs=2.035
09-08 02:10:34.715 15801 16415 I ChromePhotosDataPlane: origin=real hostClass=network hostHash=a817ab236a289c0c method=POST clientProtocol=http/1.1 upstreamProtocol=h2 status=200 contentType=application/json bytesOut=346 transfer=chunked upstreamHeadersMs=450.500 downstreamWriteMs=2.363
09-08 02:10:34.718 15801 16521 I ChromePhotosDataPlane: phase=tls_certificate correlationId=c15 tlsCacheHit=false tlsCacheWaitMs=1308.203 tlsCreationMs=381.019
09-08 02:10:34.718 15801 16521 I ChromePhotosDataPlane: phase=tls_material correlationId=c15 tlsMaterialMs=1690.008
09-08 02:10:34.719 15801 16531 I ChromePhotosDataPlane: phase=tls_certificate correlationId=c16 tlsCacheHit=true tlsCacheWaitMs=1526.337 tlsCreationMs=0.000
09-08 02:10:34.719 15801 16531 I ChromePhotosDataPlane: phase=tls_material correlationId=c16 tlsMaterialMs=1527.425
09-08 02:10:34.731 15801 16521 I ChromePhotosDataPlane: phase=tls_ready correlationId=c15 hostClass=network hostHash=a599aeb3c7c1dfa5 clientProtocol=http/1.1 ca=b84fe96087814860
09-08 02:10:34.732 15801 16531 I ChromePhotosDataPlane: phase=tls_ready correlationId=c16 hostClass=network hostHash=9d072a4c12ae89c4 clientProtocol=http/1.1 ca=b84fe96087814860
09-08 02:10:34.760 15801 16531 I ChromePhotosDataPlane: origin=real hostClass=network hostHash=9d072a4c12ae89c4 method=GET clientProtocol=http/1.1 upstreamProtocol=h2 status=304 contentType= bytesOut=0 transfer=fixed upstreamHeadersMs=22.820 downstreamWriteMs=0.404
09-08 02:10:34.891 15801 16521 I ChromePhotosDataPlane: origin=real hostClass=network hostHash=a599aeb3c7c1dfa5 method=GET clientProtocol=http/1.1 upstreamProtocol=h2 status=304 contentType=application/javascript bytesOut=0 transfer=fixed upstreamHeadersMs=152.992 downstreamWriteMs=1.469
09-08 02:10:34.988 15801 16539 I ChromePhotosDataPlane: phase=tls_certificate correlationId=c18 tlsCacheHit=false tlsCacheWaitMs=1232.963 tlsCreationMs=268.729
09-08 02:10:34.989 15801 16539 I ChromePhotosDataPlane: phase=tls_material correlationId=c18 tlsMaterialMs=1502.380
09-08 02:10:34.999 15801 16539 I ChromePhotosDataPlane: phase=tls_ready correlationId=c18 hostClass=network hostHash=fc1e48f201e43606 clientProtocol=http/1.1 ca=b84fe96087814860
09-08 02:10:35.033 15801 16620 I ChromePhotosDataPlane: phase=worker_ready correlationId=c28 admissionWaitMs=0.977
09-08 02:10:35.059 15801 16625 I ChromePhotosDataPlane: phase=worker_ready correlationId=c29 admissionWaitMs=0.430
09-08 02:10:35.169 15801 16630 I ChromePhotosDataPlane: phase=worker_ready correlationId=c30 admissionWaitMs=1.354
09-08 02:10:35.182 15801 16632 I ChromePhotosDataPlane: phase=worker_ready correlationId=c32 admissionWaitMs=1.044
09-08 02:10:35.187 15801 16631 I ChromePhotosDataPlane: phase=worker_ready correlationId=c31 admissionWaitMs=5.858
09-08 02:10:35.232 15801 16645 I ChromePhotosDataPlane: phase=worker_ready correlationId=c33 admissionWaitMs=1.520
09-08 02:10:35.245 15801 16647 I ChromePhotosDataPlane: phase=worker_ready correlationId=c34 admissionWaitMs=2.339
09-08 02:10:35.282 15801 16547 I ChromePhotosDataPlane: phase=tls_certificate correlationId=c19 tlsCacheHit=false tlsCacheWaitMs=1243.507 tlsCreationMs=292.816
09-08 02:10:35.282 15801 16547 I ChromePhotosDataPlane: phase=tls_material correlationId=c19 tlsMaterialMs=1536.851
09-08 02:10:35.302 15801 16547 I ChromePhotosDataPlane: phase=tls_ready correlationId=c19 hostClass=network hostHash=0f165ff6c05ff65a clientProtocol=http/1.1 ca=b84fe96087814860
09-08 02:10:35.306 15801 16659 I ChromePhotosDataPlane: phase=worker_ready correlationId=c35 admissionWaitMs=6.866
09-08 02:10:35.314 15801 16659 I ChromePhotosDataPlane: phase=tls_certificate correlationId=c35 tlsCacheHit=true tlsCacheWaitMs=0.014 tlsCreationMs=0.000
09-08 02:10:35.314 15801 16659 I ChromePhotosDataPlane: phase=tls_material correlationId=c35 tlsMaterialMs=0.514
09-08 02:10:35.315 15801 16521 I ChromePhotosDataPlane: origin=real hostClass=network hostHash=a599aeb3c7c1dfa5 method=GET clientProtocol=http/1.1 upstreamProtocol=h2 status=200 contentType=application/javascript bytesOut=190804 transfer=fixed upstreamHeadersMs=50.169 downstreamWriteMs=103.145
09-08 02:10:35.317 15801 16661 I ChromePhotosDataPlane: phase=worker_ready correlationId=c36 admissionWaitMs=4.873
09-08 02:10:35.325 15801 16661 I ChromePhotosDataPlane: phase=tls_certificate correlationId=c36 tlsCacheHit=true tlsCacheWaitMs=0.019 tlsCreationMs=0.000
09-08 02:10:35.325 15801 16661 I ChromePhotosDataPlane: phase=tls_material correlationId=c36 tlsMaterialMs=0.582
09-08 02:10:35.329 15801 16659 I ChromePhotosDataPlane: phase=tls_ready correlationId=c35 hostClass=network hostHash=0f165ff6c05ff65a clientProtocol=http/1.1 ca=b84fe96087814860
09-08 02:10:35.340 15801 16661 I ChromePhotosDataPlane: phase=tls_ready correlationId=c36 hostClass=network hostHash=0f165ff6c05ff65a clientProtocol=http/1.1 ca=b84fe96087814860
09-08 02:10:35.384 15801 16509 I ChromePhotosDataPlane: origin=real hostClass=network hostHash=191347bfe55d0ca9 method=POST clientProtocol=http/1.1 upstreamProtocol=h2 status=200 contentType=text/plain bytesOut=0 transfer=fixed upstreamHeadersMs=141.501 downstreamWriteMs=0.706
09-08 02:10:35.433 15801 16668 I ChromePhotosDataPlane: phase=worker_ready correlationId=c37 admissionWaitMs=2.113
09-08 02:10:35.438 15801 16415 I ChromePhotosDataPlane: origin=real hostClass=network hostHash=a817ab236a289c0c method=GET clientProtocol=http/1.1 upstreamProtocol=h2 status=200 contentType=text/javascript bytesOut=408 transfer=chunked upstreamHeadersMs=24.473 downstreamWriteMs=0.675
09-08 02:10:35.452 15801 16668 I ChromePhotosDataPlane: phase=tls_certificate correlationId=c37 tlsCacheHit=true tlsCacheWaitMs=0.008 tlsCreationMs=0.000
09-08 02:10:35.452 15801 16668 I ChromePhotosDataPlane: phase=tls_material correlationId=c37 tlsMaterialMs=0.202
09-08 02:10:35.463 15801 16674 I ChromePhotosDataPlane: phase=worker_ready correlationId=c38 admissionWaitMs=2.168
09-08 02:10:35.464 15801 16668 I ChromePhotosDataPlane: phase=tls_ready correlationId=c37 hostClass=network hostHash=a817ab236a289c0c clientProtocol=http/1.1 ca=b84fe96087814860
09-08 02:10:35.466 15801 16676 I ChromePhotosDataPlane: phase=worker_ready correlationId=c39 admissionWaitMs=1.562
09-08 02:10:35.471 15801 16674 I ChromePhotosDataPlane: phase=tls_certificate correlationId=c38 tlsCacheHit=true tlsCacheWaitMs=0.010 tlsCreationMs=0.000
09-08 02:10:35.471 15801 16674 I ChromePhotosDataPlane: phase=tls_material correlationId=c38 tlsMaterialMs=0.306
09-08 02:10:35.475 15801 16676 I ChromePhotosDataPlane: phase=tls_certificate correlationId=c39 tlsCacheHit=true tlsCacheWaitMs=0.007 tlsCreationMs=0.000
09-08 02:10:35.475 15801 16676 I ChromePhotosDataPlane: phase=tls_material correlationId=c39 tlsMaterialMs=0.178
09-08 02:10:35.487 15801 16674 I ChromePhotosDataPlane: phase=tls_ready correlationId=c38 hostClass=network hostHash=a817ab236a289c0c clientProtocol=http/1.1 ca=b84fe96087814860
09-08 02:10:35.489 15801 16678 I ChromePhotosDataPlane: phase=worker_ready correlationId=c40 admissionWaitMs=0.704
09-08 02:10:35.493 15801 16678 I ChromePhotosDataPlane: phase=tls_certificate correlationId=c40 tlsCacheHit=true tlsCacheWaitMs=0.010 tlsCreationMs=0.000
09-08 02:10:35.493 15801 16678 I ChromePhotosDataPlane: phase=tls_material correlationId=c40 tlsMaterialMs=0.225
09-08 02:10:35.494 15801 16676 I ChromePhotosDataPlane: phase=tls_ready correlationId=c39 hostClass=network hostHash=a817ab236a289c0c clientProtocol=http/1.1 ca=b84fe96087814860
09-08 02:10:35.506 15801 16678 I ChromePhotosDataPlane: phase=tls_ready correlationId=c40 hostClass=network hostHash=a817ab236a289c0c clientProtocol=http/1.1 ca=b84fe96087814860
09-08 02:10:35.538 15801 16668 I ChromePhotosDataPlane: origin=real hostClass=network hostHash=a817ab236a289c0c method=GET clientProtocol=http/1.1 upstreamProtocol=h2 status=304 contentType= bytesOut=0 transfer=fixed upstreamHeadersMs=63.735 downstreamWriteMs=0.502
09-08 02:10:35.544 15801 16676 I ChromePhotosDataPlane: origin=real hostClass=network hostHash=a817ab236a289c0c method=GET clientProtocol=http/1.1 upstreamProtocol=h2 status=304 contentType= bytesOut=0 transfer=fixed upstreamHeadersMs=37.710 downstreamWriteMs=0.391
09-08 02:10:35.545 15801 16674 I ChromePhotosDataPlane: origin=real hostClass=network hostHash=a817ab236a289c0c method=GET clientProtocol=http/1.1 upstreamProtocol=h2 status=304 contentType= bytesOut=0 transfer=fixed upstreamHeadersMs=43.118 downstreamWriteMs=1.783
09-08 02:10:35.556 15801 16678 I ChromePhotosDataPlane: origin=real hostClass=network hostHash=a817ab236a289c0c method=GET clientProtocol=http/1.1 upstreamProtocol=h2 status=304 contentType= bytesOut=0 transfer=fixed upstreamHeadersMs=41.924 downstreamWriteMs=0.392
09-08 02:10:35.595 15801 16553 I ChromePhotosDataPlane: phase=tls_certificate correlationId=c20 tlsCacheHit=false tlsCacheWaitMs=1515.797 tlsCreationMs=313.466
09-08 02:10:35.595 15801 16553 I ChromePhotosDataPlane: phase=tls_material correlationId=c20 tlsMaterialMs=1829.796
09-08 02:10:35.605 15801 16547 I ChromePhotosDataPlane: origin=real hostClass=network hostHash=0f165ff6c05ff65a method=POST clientProtocol=http/1.1 upstreamProtocol=h2 status=202 contentType=application/json bytesOut=21 transfer=fixed upstreamHeadersMs=294.240 downstreamWriteMs=0.400
09-08 02:10:35.609 15801 16553 I ChromePhotosDataPlane: phase=tls_ready correlationId=c20 hostClass=network hostHash=6e158e80db65e59b clientProtocol=http/1.1 ca=b84fe96087814860
09-08 02:10:35.624 15801 16659 I ChromePhotosDataPlane: origin=real hostClass=network hostHash=0f165ff6c05ff65a method=POST clientProtocol=http/1.1 upstreamProtocol=h2 status=202 contentType=application/json bytesOut=21 transfer=fixed upstreamHeadersMs=291.615 downstreamWriteMs=0.433
09-08 02:10:35.624 15801 16661 I ChromePhotosDataPlane: origin=real hostClass=network hostHash=0f165ff6c05ff65a method=POST clientProtocol=http/1.1 upstreamProtocol=h2 status=202 contentType=application/json bytesOut=21 transfer=fixed upstreamHeadersMs=280.555 downstreamWriteMs=0.331
09-08 02:10:35.719 15801 16678 I ChromePhotosDataPlane: origin=real hostClass=network hostHash=a817ab236a289c0c method=GET clientProtocol=http/1.1 upstreamProtocol=h2 status=200 contentType=application/json bytesOut=73 transfer=fixed upstreamHeadersMs=23.924 downstreamWriteMs=2.376
09-08 02:10:35.780 15801 16690 I ChromePhotosDataPlane: phase=worker_ready correlationId=c41 admissionWaitMs=1.748
09-08 02:10:35.800 15801 16497 I ChromePhotosDataPlane: origin=real hostClass=network hostHash=e1bb38766871feb8 method=GET clientProtocol=http/1.1 upstreamProtocol=h2 status=200 contentType=image/webp bytesIn=22390 bytesOut=22390 cache=hit decision=safe reason=model_allow source=cache probability=0.07228577 basis=None decodeMs=0.000 inferenceMs=0.000 inferenceQueueMs=0.000 localDecisionMs=0.044  bodyAdmissionMs=0.020 bodyReadMs=0.202 hashMs=0.237 requestToDeliveryMs=34.448 upstreamHeadersMs=26.093 sanitizeMs=4.296 downstreamWriteMs=1.927
09-08 02:10:35.831 15801 16571 I ChromePhotosDataPlane: phase=media_shield_document origin=real hostClass=network hostHash=191347bfe55d0ca9 result=transformed documentSequence=3 navigationSequence=1 token=e1ae418bafd2 bytesOut=167320 upstreamHeadersMs=66.608 documentDecisionMs=58.277 downstreamWriteMs=9.039
09-08 02:10:35.834 15801 16547 I ChromePhotosDataPlane: origin=real hostClass=network hostHash=0f165ff6c05ff65a method=POST clientProtocol=http/1.1 upstreamProtocol=h2 status=202 contentType=application/json bytesOut=21 transfer=fixed upstreamHeadersMs=186.224 downstreamWriteMs=1.568
09-08 02:10:35.856 15801 16691 I ChromePhotosDataPlane: phase=worker_ready correlationId=c42 admissionWaitMs=0.793
09-08 02:10:35.862 15801 16692 I ChromePhotosDataPlane: phase=worker_ready correlationId=c43 admissionWaitMs=3.069
09-08 02:10:35.887 15801 16693 I ChromePhotosDataPlane: phase=worker_ready correlationId=c44 admissionWaitMs=8.098
09-08 02:10:35.912 15801 16539 I ChromePhotosDataPlane: origin=real hostClass=network hostHash=fc1e48f201e43606 method=POST clientProtocol=http/1.1 upstreamProtocol=h2 status=200 contentType=application/json bytesOut=0 transfer=fixed upstreamHeadersMs=906.551 downstreamWriteMs=1.108
09-08 02:10:35.940 15801 16676 I ChromePhotosDataPlane: origin=real hostClass=network hostHash=a817ab236a289c0c method=GET clientProtocol=http/1.1 upstreamProtocol=h2 status=200 contentType=application/json bytesOut=22 transfer=chunked upstreamHeadersMs=28.452 downstreamWriteMs=0.960
09-08 02:10:35.944 15801 16659 I ChromePhotosDataPlane: origin=real hostClass=network hostHash=0f165ff6c05ff65a method=POST clientProtocol=http/1.1 upstreamProtocol=h2 status=202 contentType=application/json bytesOut=21 transfer=fixed upstreamHeadersMs=177.357 downstreamWriteMs=0.809
09-08 02:10:35.953 15801 16553 I ChromePhotosDataPlane: origin=real hostClass=network hostHash=6e158e80db65e59b method=POST clientProtocol=http/1.1 upstreamProtocol=h2 status=200 contentType=text/plain bytesOut=2 transfer=fixed upstreamHeadersMs=324.308 downstreamWriteMs=4.572
09-08 02:10:35.961 15801 16415 I ChromePhotosDataPlane: origin=real hostClass=network hostHash=a817ab236a289c0c method=POST clientProtocol=http/1.1 upstreamProtocol=h2 status=200 contentType=application/json bytesOut=912 transfer=fixed upstreamHeadersMs=507.249 downstreamWriteMs=2.897
09-08 02:10:35.981 15801 16668 I ChromePhotosDataPlane: origin=real hostClass=network hostHash=a817ab236a289c0c method=GET clientProtocol=http/1.1 upstreamProtocol=h2 status=200 contentType=application/json bytesOut=22 transfer=fixed upstreamHeadersMs=39.449 downstreamWriteMs=2.724
09-08 02:10:35.989 15801 16698 I ChromePhotosDataPlane: phase=worker_ready correlationId=c45 admissionWaitMs=1.203
09-08 02:10:35.992 15801 16678 I ChromePhotosDataPlane: origin=real hostClass=network hostHash=a817ab236a289c0c method=GET clientProtocol=http/1.1 upstreamProtocol=h2 status=200 contentType=application/json bytesOut=22 transfer=fixed upstreamHeadersMs=52.862 downstreamWriteMs=1.922
09-08 02:10:36.004 15801 16698 I ChromePhotosDataPlane: phase=tls_certificate correlationId=c45 tlsCacheHit=true tlsCacheWaitMs=0.032 tlsCreationMs=0.000
09-08 02:10:36.005 15801 16698 I ChromePhotosDataPlane: phase=tls_material correlationId=c45 tlsMaterialMs=2.117
09-08 02:10:36.015 15801 16674 I ChromePhotosDataPlane: origin=real hostClass=network hostHash=a817ab236a289c0c method=GET clientProtocol=http/1.1 upstreamProtocol=h2 status=200 contentType=application/json bytesOut=5014 transfer=chunked upstreamHeadersMs=71.681 downstreamWriteMs=2.545
09-08 02:10:36.019 15801 16699 I ChromePhotosDataPlane: phase=worker_ready correlationId=c46 admissionWaitMs=2.420
09-08 02:10:36.024 15801 16698 I ChromePhotosDataPlane: phase=tls_ready correlationId=c45 hostClass=network hostHash=a817ab236a289c0c clientProtocol=http/1.1 ca=b84fe96087814860
09-08 02:10:36.035 15801 16701 I ChromePhotosDataPlane: phase=worker_ready correlationId=c47 admissionWaitMs=0.965
09-08 02:10:36.044 15801 16704 I ChromePhotosDataPlane: phase=worker_ready correlationId=c48 admissionWaitMs=0.997
09-08 02:10:36.063 15801 16712 I ChromePhotosDataPlane: phase=worker_ready correlationId=c49 admissionWaitMs=1.245
09-08 02:10:36.079 15801 16713 I ChromePhotosDataPlane: phase=worker_ready correlationId=c50 admissionWaitMs=0.930
09-08 02:10:36.312 15801 16718 I ChromePhotosDataPlane: phase=worker_ready correlationId=c51 admissionWaitMs=1.084
09-08 02:10:36.370 15801 16723 I ChromePhotosDataPlane: phase=worker_ready correlationId=c52 admissionWaitMs=1.335
09-08 02:10:36.381 15801 16723 I ChromePhotosDataPlane: phase=tls_certificate correlationId=c52 tlsCacheHit=true tlsCacheWaitMs=0.028 tlsCreationMs=0.000
09-08 02:10:36.382 15801 16723 I ChromePhotosDataPlane: phase=tls_material correlationId=c52 tlsMaterialMs=0.599
09-08 02:10:36.401 15801 16723 I ChromePhotosDataPlane: phase=tls_ready correlationId=c52 hostClass=network hostHash=a599aeb3c7c1dfa5 clientProtocol=http/1.1 ca=b84fe96087814860
09-08 02:10:36.443 15801 16729 I ChromePhotosDataPlane: phase=worker_ready correlationId=c53 admissionWaitMs=1.334
09-08 02:10:36.465 15801 16735 I ChromePhotosDataPlane: phase=worker_ready correlationId=c54 admissionWaitMs=2.351
09-08 02:10:36.478 15801 16415 I ChromePhotosDataPlane: origin=real hostClass=network hostHash=a817ab236a289c0c method=POST clientProtocol=http/1.1 upstreamProtocol=h2 status=202 contentType=text/plain bytesOut=8 transfer=fixed upstreamHeadersMs=443.707 downstreamWriteMs=1.818
09-08 02:10:36.506 15801 16554 I ChromePhotosDataPlane: phase=tls_certificate correlationId=c21 tlsCacheHit=false tlsCacheWaitMs=1814.521 tlsCreationMs=910.526
09-08 02:10:36.506 15801 16554 I ChromePhotosDataPlane: phase=tls_material correlationId=c21 tlsMaterialMs=2725.490
09-08 02:10:36.506 15801 16568 I ChromePhotosDataPlane: phase=tls_certificate correlationId=c23 tlsCacheHit=true tlsCacheWaitMs=2719.865 tlsCreationMs=0.000
09-08 02:10:36.506 15801 16568 I ChromePhotosDataPlane: phase=tls_material correlationId=c23 tlsMaterialMs=2720.466
09-08 02:10:36.516 15801 16568 I ChromePhotosDataPlane: phase=tls_ready correlationId=c23 hostClass=network hostHash=0f165ff6c05ff65a clientProtocol=http/1.1 ca=b84fe96087814860
09-08 02:10:36.519 15801 16554 I ChromePhotosDataPlane: phase=tls_ready correlationId=c21 hostClass=network hostHash=cc6d3a91ec6770df clientProtocol=http/1.1 ca=b84fe96087814860
09-08 02:10:36.619 15801 16554 I ChromePhotosDataPlane: origin=real hostClass=network hostHash=cc6d3a91ec6770df method=GET clientProtocol=http/1.1 upstreamProtocol=h2 status=304 contentType= bytesOut=0 transfer=fixed upstreamHeadersMs=96.258 downstreamWriteMs=0.674
09-08 02:10:36.624 15801 16723 I ChromePhotosDataPlane: origin=real hostClass=network hostHash=a599aeb3c7c1dfa5 method=GET clientProtocol=http/1.1 upstreamProtocol=h2 status=200 contentType=application/javascript bytesOut=187325 transfer=fixed upstreamHeadersMs=130.638 downstreamWriteMs=86.460
09-08 02:10:36.629 15801 16521 I ChromePhotosDataPlane: origin=real hostClass=network hostHash=a599aeb3c7c1dfa5 method=GET clientProtocol=http/1.1 upstreamProtocol=h2 status=200 contentType=application/javascript bytesOut=162471 transfer=fixed upstreamHeadersMs=149.677 downstreamWriteMs=107.279
09-08 02:10:36.723 15801 16415 I ChromePhotosDataPlane: phase=media_shield_ready origin=same_origin result=200 bytesOut=1461
09-08 02:10:36.781 15801 16748 I ChromePhotosDataPlane: phase=worker_ready correlationId=c55 admissionWaitMs=0.849
09-08 02:10:36.904 15801 16753 I ChromePhotosDataPlane: phase=worker_ready correlationId=c56 admissionWaitMs=1.070
09-08 02:10:36.951 15801 16753 I ChromePhotosDataPlane: phase=tls_certificate correlationId=c56 tlsCacheHit=true tlsCacheWaitMs=0.019 tlsCreationMs=0.000
09-08 02:10:36.951 15801 16753 I ChromePhotosDataPlane: phase=tls_material correlationId=c56 tlsMaterialMs=0.486
09-08 02:10:36.970 15801 16556 I ChromePhotosDataPlane: phase=tls_certificate correlationId=c22 tlsCacheHit=false tlsCacheWaitMs=2709.007 tlsCreationMs=462.957
09-08 02:10:36.970 15801 16556 I ChromePhotosDataPlane: phase=tls_material correlationId=c22 tlsMaterialMs=3172.347
09-08 02:10:36.980 15801 16753 I ChromePhotosDataPlane: phase=tls_ready correlationId=c56 hostClass=network hostHash=191347bfe55d0ca9 clientProtocol=http/1.1 ca=b84fe96087814860
09-08 02:10:36.984 15801 16556 I ChromePhotosDataPlane: phase=tls_ready correlationId=c22 hostClass=network hostHash=7df7caa0a5579e01 clientProtocol=http/1.1 ca=b84fe96087814860
09-08 02:10:36.988 15801 16760 I ChromePhotosDataPlane: phase=worker_ready correlationId=c57 admissionWaitMs=1.575
09-08 02:10:36.991 15801 16761 I ChromePhotosDataPlane: phase=worker_ready correlationId=c58 admissionWaitMs=0.815
09-08 02:10:36.996 15801 16760 I ChromePhotosDataPlane: phase=tls_certificate correlationId=c57 tlsCacheHit=true tlsCacheWaitMs=0.016 tlsCreationMs=0.000
09-08 02:10:36.996 15801 16760 I ChromePhotosDataPlane: phase=tls_material correlationId=c57 tlsMaterialMs=0.281
09-08 02:10:37.012 15801 16760 I ChromePhotosDataPlane: phase=tls_ready correlationId=c57 hostClass=network hostHash=191347bfe55d0ca9 clientProtocol=http/1.1 ca=b84fe96087814860
09-08 02:10:37.144 15801 16753 I ChromePhotosDataPlane: origin=real hostClass=network hostHash=191347bfe55d0ca9 method=POST clientProtocol=http/1.1 upstreamProtocol=h2 status=200 contentType=text/plain bytesOut=0 transfer=fixed upstreamHeadersMs=154.667 downstreamWriteMs=0.917
09-08 02:10:37.201 15801 16760 I ChromePhotosDataPlane: origin=real hostClass=network hostHash=191347bfe55d0ca9 method=POST clientProtocol=http/1.1 upstreamProtocol=h2 status=200 contentType=text/plain bytesOut=0 transfer=fixed upstreamHeadersMs=180.441 downstreamWriteMs=1.755
09-08 02:10:37.303 15801 16595 I ChromePhotosDataPlane: phase=tls_certificate correlationId=c25 tlsCacheHit=false tlsCacheWaitMs=2637.374 tlsCreationMs=332.920
09-08 02:10:37.303 15801 16595 I ChromePhotosDataPlane: phase=tls_material correlationId=c25 tlsMaterialMs=2970.703
09-08 02:10:37.305 15801 16596 I ChromePhotosDataPlane: phase=tls_certificate correlationId=c26 tlsCacheHit=true tlsCacheWaitMs=2963.706 tlsCreationMs=0.000
09-08 02:10:37.305 15801 16596 I ChromePhotosDataPlane: phase=tls_material correlationId=c26 tlsMaterialMs=2964.433
09-08 02:10:37.319 15801 16595 I ChromePhotosDataPlane: phase=tls_ready correlationId=c25 hostClass=network hostHash=80255870a6218fe0 clientProtocol=http/1.1 ca=b84fe96087814860
09-08 02:10:37.346 15801 16596 I ChromePhotosDataPlane: phase=tls_ready correlationId=c26 hostClass=network hostHash=80255870a6218fe0 clientProtocol=http/1.1 ca=b84fe96087814860
09-08 02:10:37.601 15801 16609 I ChromePhotosDataPlane: phase=tls_certificate correlationId=c27 tlsCacheHit=false tlsCacheWaitMs=2669.058 tlsCreationMs=296.077
09-08 02:10:37.601 15801 16609 I ChromePhotosDataPlane: phase=tls_material correlationId=c27 tlsMaterialMs=2965.914
09-08 02:10:37.622 15801 16609 I ChromePhotosDataPlane: phase=tls_ready correlationId=c27 hostClass=network hostHash=abf8fbf760ef2a86 clientProtocol=http/1.1 ca=b84fe96087814860
09-08 02:10:37.688 15801 16595 I ChromePhotosDataPlane: origin=real hostClass=network hostHash=80255870a6218fe0 method=GET clientProtocol=http/1.1 upstreamProtocol=h2 status=200 contentType=text/javascript bytesOut=354184 transfer=fixed upstreamHeadersMs=25.568 downstreamWriteMs=46.925
09-08 02:10:37.718 15801 16596 I ChromePhotosDataPlane: origin=real hostClass=network hostHash=80255870a6218fe0 method=GET clientProtocol=http/1.1 upstreamProtocol=h2 status=200 contentType=text/javascript bytesOut=354184 transfer=fixed upstreamHeadersMs=57.728 downstreamWriteMs=30.682
09-08 02:10:37.916 15801 16620 I ChromePhotosDataPlane: phase=tls_certificate correlationId=c28 tlsCacheHit=false tlsCacheWaitMs=2533.657 tlsCreationMs=313.091
09-08 02:10:37.916 15801 16620 I ChromePhotosDataPlane: phase=tls_material correlationId=c28 tlsMaterialMs=2847.314
09-08 02:10:37.926 15801 16620 I ChromePhotosDataPlane: phase=tls_ready correlationId=c28 hostClass=network hostHash=100d2a11512096b7 clientProtocol=http/1.1 ca=b84fe96087814860
09-08 02:10:37.937 15801 16609 I ChromePhotosDataPlane: origin=real hostClass=network hostHash=abf8fbf760ef2a86 method=GET clientProtocol=http/1.1 upstreamProtocol=h2 status=200 contentType=image/png bytesIn=0 bytesOut=704 cache=miss decision=unknown reason=encoded_image_unsupported source=error probability=-1.0 basis=none decodeMs=0.000 inferenceMs=0.000 inferenceQueueMs=0.000 localDecisionMs=0.000   requestToDeliveryMs=308.697 upstreamHeadersMs=305.349 sanitizeMs=0.527 downstreamWriteMs=0.785
09-08 02:10:38.113 15801 16625 I ChromePhotosDataPlane: phase=tls_certificate correlationId=c29 tlsCacheHit=false tlsCacheWaitMs=2827.520 tlsCreationMs=197.042
09-08 02:10:38.113 15801 16625 I ChromePhotosDataPlane: phase=tls_material correlationId=c29 tlsMaterialMs=3024.962
09-08 02:10:38.123 15801 16625 I ChromePhotosDataPlane: phase=tls_ready correlationId=c29 hostClass=network hostHash=d84a36a05e56cc9d clientProtocol=http/1.1 ca=b84fe96087814860
09-08 02:10:38.195 15801 16609 I ChromePhotosDataPlane: origin=real hostClass=network hostHash=abf8fbf760ef2a86 method=GET clientProtocol=http/1.1 upstreamProtocol=h2 status=200 contentType=image/png bytesIn=0 bytesOut=704 cache=miss decision=unknown reason=encoded_image_unsupported source=error probability=-1.0 basis=none decodeMs=0.000 inferenceMs=0.000 inferenceQueueMs=0.000 localDecisionMs=0.000   requestToDeliveryMs=214.648 upstreamHeadersMs=211.086 sanitizeMs=0.189 downstreamWriteMs=0.863
09-08 02:10:38.279 15801 16625 I ChromePhotosDataPlane: origin=real hostClass=network hostHash=d84a36a05e56cc9d method=GET clientProtocol=http/1.1 upstreamProtocol=h2 status=200 contentType=application/x-javascript bytesOut=71436 transfer=fixed upstreamHeadersMs=102.467 downstreamWriteMs=48.216
09-08 02:10:38.440 15801 16609 I ChromePhotosDataPlane: origin=real hostClass=network hostHash=abf8fbf760ef2a86 method=GET clientProtocol=http/1.1 upstreamProtocol=h2 status=200 contentType=image/png bytesIn=0 bytesOut=704 cache=miss decision=unknown reason=encoded_image_unsupported source=error probability=-1.0 basis=none decodeMs=0.000 inferenceMs=0.000 inferenceQueueMs=0.000 localDecisionMs=0.000   requestToDeliveryMs=205.980 upstreamHeadersMs=203.827 sanitizeMs=0.084 downstreamWriteMs=0.454
09-08 02:10:38.505 15801 16631 I ChromePhotosDataPlane: phase=tls_certificate correlationId=c31 tlsCacheHit=false tlsCacheWaitMs=2899.079 tlsCreationMs=391.177
09-08 02:10:38.505 15801 16631 I ChromePhotosDataPlane: phase=tls_material correlationId=c31 tlsMaterialMs=3290.767
09-08 02:10:38.526 15801 16631 I ChromePhotosDataPlane: phase=tls_ready correlationId=c31 hostClass=network hostHash=e2dd3580aeebec64 clientProtocol=http/1.1 ca=b84fe96087814860
09-08 02:10:38.529 15801 16443 I ChromePhotosDataPlane: origin=real hostClass=network hostHash=3e723b591bdb95ce method=GET clientProtocol=http/1.1 upstreamProtocol=h2 status=200 contentType=image/png bytesIn=0 bytesOut=704 cache=miss decision=unknown reason=image_format_unknown source=error probability=-1.0 basis=none decodeMs=0.000 inferenceMs=0.000 inferenceQueueMs=0.000 localDecisionMs=0.000  bodyAdmissionMs=0.048 bodyReadMs=0.095 requestToDeliveryMs=105.808 upstreamHeadersMs=102.151 sanitizeMs=1.007 downstreamWriteMs=0.753
09-08 02:10:38.664 15801 16631 I ChromePhotosDataPlane: origin=real hostClass=network hostHash=e2dd3580aeebec64 method=GET clientProtocol=http/1.1 upstreamProtocol=h2 status=302 contentType= bytesIn=0 bytesOut=0 cache=miss decision=passthrough   requestToDeliveryMs=136.665 upstreamHeadersMs=122.480 sanitizeMs=0.186 downstreamWriteMs=0.915
09-08 02:10:38.697 15801 16609 I ChromePhotosDataPlane: origin=real hostClass=network hostHash=abf8fbf760ef2a86 method=GET clientProtocol=http/1.1 upstreamProtocol=h2 status=200 contentType=image/png bytesIn=0 bytesOut=704 cache=miss decision=unknown reason=encoded_image_unsupported source=error probability=-1.0 basis=none decodeMs=0.000 inferenceMs=0.000 inferenceQueueMs=0.000 localDecisionMs=0.000   requestToDeliveryMs=214.972 upstreamHeadersMs=212.186 sanitizeMs=0.189 downstreamWriteMs=0.715
09-08 02:10:38.737 15801 16804 I ChromePhotosDataPlane: phase=worker_ready correlationId=c59 admissionWaitMs=0.476
09-08 02:10:38.744 15801 16804 I ChromePhotosDataPlane: phase=tls_certificate correlationId=c59 tlsCacheHit=true tlsCacheWaitMs=0.015 tlsCreationMs=0.000
09-08 02:10:38.744 15801 16804 I ChromePhotosDataPlane: phase=tls_material correlationId=c59 tlsMaterialMs=0.280
09-08 02:10:38.752 15801 16809 I ChromePhotosDataPlane: phase=worker_ready correlationId=c60 admissionWaitMs=0.749
09-08 02:10:38.755 15801 16630 I ChromePhotosDataPlane: phase=tls_certificate correlationId=c30 tlsCacheHit=false tlsCacheWaitMs=3290.144 tlsCreationMs=250.020
09-08 02:10:38.756 15801 16630 I ChromePhotosDataPlane: phase=tls_material correlationId=c30 tlsMaterialMs=3540.610
09-08 02:10:38.757 15801 16804 I ChromePhotosDataPlane: phase=tls_ready correlationId=c59 hostClass=network hostHash=7df7caa0a5579e01 clientProtocol=http/1.1 ca=b84fe96087814860
09-08 02:10:38.760 15801 16809 I ChromePhotosDataPlane: phase=tls_certificate correlationId=c60 tlsCacheHit=true tlsCacheWaitMs=0.023 tlsCreationMs=0.000
09-08 02:10:38.760 15801 16809 I ChromePhotosDataPlane: phase=tls_material correlationId=c60 tlsMaterialMs=0.348
09-08 02:10:38.764 15801 16630 I ChromePhotosDataPlane: phase=tls_ready correlationId=c30 hostClass=network hostHash=a2a6d789aa872a52 clientProtocol=http/1.1 ca=b84fe96087814860
09-08 02:10:38.770 15801 16809 I ChromePhotosDataPlane: phase=tls_ready correlationId=c60 hostClass=network hostHash=7df7caa0a5579e01 clientProtocol=http/1.1 ca=b84fe96087814860
09-08 02:10:38.852 15801 16620 I ChromePhotosDataPlane: origin=real hostClass=network hostHash=100d2a11512096b7 method=OPTIONS clientProtocol=http/1.1 upstreamProtocol=h2 status=204 contentType= bytesOut=0 transfer=fixed upstreamHeadersMs=898.521 downstreamWriteMs=1.549
09-08 02:10:38.859 15801 16818 I ChromePhotosDataPlane: phase=worker_ready correlationId=c61 admissionWaitMs=1.855
09-08 02:10:38.865 15801 16818 I ChromePhotosDataPlane: phase=tls_certificate correlationId=c61 tlsCacheHit=true tlsCacheWaitMs=0.018 tlsCreationMs=0.000
09-08 02:10:38.865 15801 16818 I ChromePhotosDataPlane: phase=tls_material correlationId=c61 tlsMaterialMs=0.488
09-08 02:10:38.884 15801 16818 I ChromePhotosDataPlane: phase=tls_ready correlationId=c61 hostClass=network hostHash=100d2a11512096b7 clientProtocol=http/1.1 ca=b84fe96087814860
09-08 02:10:38.899 15801 16630 I ChromePhotosDataPlane: origin=real hostClass=network hostHash=a2a6d789aa872a52 method=GET clientProtocol=http/1.1 upstreamProtocol=h2 status=200 contentType=application/javascript bytesOut=5834 transfer=chunked upstreamHeadersMs=130.518 downstreamWriteMs=1.563
09-08 02:10:38.906 15801 16596 I ChromePhotosDataPlane: origin=real hostClass=network hostHash=80255870a6218fe0 method=GET clientProtocol=http/1.1 upstreamProtocol=h2 status=200 contentType=image/png bytesIn=2228 bytesOut=2228 cache=miss decision=safe reason=model_allow source=engine probability=0.025308132 basis=None decodeMs=11.653 inferenceMs=133.076 inferenceQueueMs=0.175 localDecisionMs=145.552  bodyAdmissionMs=0.018 bodyReadMs=0.078 hashMs=0.129 requestToDeliveryMs=172.916 upstreamHeadersMs=23.401 sanitizeMs=146.224 downstreamWriteMs=1.053
09-08 02:10:38.908 15801 16595 I ChromePhotosDataPlane: origin=real hostClass=network hostHash=80255870a6218fe0 method=GET clientProtocol=http/1.1 upstreamProtocol=h2 status=200 contentType=image/png bytesIn=2228 bytesOut=2228 cache=miss decision=safe reason=model_allow source=inflight probability=0.025308132 basis=None decodeMs=11.653 inferenceMs=133.076 inferenceQueueMs=0.175 localDecisionMs=124.213  bodyAdmissionMs=0.018 bodyReadMs=0.171 hashMs=0.191 requestToDeliveryMs=160.251 upstreamHeadersMs=30.096 sanitizeMs=125.049 downstreamWriteMs=1.053
09-08 02:10:38.929 15801 16632 I ChromePhotosDataPlane: phase=tls_certificate correlationId=c32 tlsCacheHit=false tlsCacheWaitMs=3536.301 tlsCreationMs=173.037
09-08 02:10:38.929 15801 16632 I ChromePhotosDataPlane: phase=tls_material correlationId=c32 tlsMaterialMs=3709.857
09-08 02:10:38.939 15801 16632 I ChromePhotosDataPlane: phase=tls_ready correlationId=c32 hostClass=network hostHash=4dce8d0b280a268f clientProtocol=http/1.1 ca=b84fe96087814860
09-08 02:10:38.943 15801 16804 I ChromePhotosDataPlane: origin=real hostClass=network hostHash=7df7caa0a5579e01 method=GET clientProtocol=http/1.1 upstreamProtocol=h2 status=200 contentType=font/woff2 bytesOut=34668 transfer=fixed upstreamHeadersMs=148.372 downstreamWriteMs=35.242
09-08 02:10:38.947 15801 16809 I ChromePhotosDataPlane: origin=real hostClass=network hostHash=7df7caa0a5579e01 method=GET clientProtocol=http/1.1 upstreamProtocol=h2 status=200 contentType=font/woff2 bytesOut=34668 transfer=fixed upstreamHeadersMs=156.369 downstreamWriteMs=17.943
09-08 02:10:38.974 15801 16827 I ChromePhotosDataPlane: phase=worker_ready correlationId=c62 admissionWaitMs=1.226
09-08 02:10:38.981 15801 16827 I ChromePhotosDataPlane: phase=tls_certificate correlationId=c62 tlsCacheHit=true tlsCacheWaitMs=0.013 tlsCreationMs=0.000
09-08 02:10:38.981 15801 16827 I ChromePhotosDataPlane: phase=tls_material correlationId=c62 tlsMaterialMs=0.289
09-08 02:10:39.000 15801 16827 I ChromePhotosDataPlane: phase=tls_ready correlationId=c62 hostClass=network hostHash=a817ab236a289c0c clientProtocol=http/1.1 ca=b84fe96087814860
09-08 02:10:39.072 15801 16818 I ChromePhotosDataPlane: origin=real hostClass=network hostHash=100d2a11512096b7 method=POST clientProtocol=http/1.1 upstreamProtocol=h2 status=204 contentType= bytesOut=0 transfer=fixed upstreamHeadersMs=180.849 downstreamWriteMs=0.620
09-08 02:10:39.498 15801 16645 I ChromePhotosDataPlane: phase=tls_certificate correlationId=c33 tlsCacheHit=false tlsCacheWaitMs=3656.071 tlsCreationMs=569.149
09-08 02:10:39.498 15801 16645 I ChromePhotosDataPlane: phase=tls_material correlationId=c33 tlsMaterialMs=4225.673
09-08 02:10:39.507 15801 16827 I ChromePhotosDataPlane: origin=real hostClass=network hostHash=a817ab236a289c0c method=GET clientProtocol=http/1.1 upstreamProtocol=h2 status=304 contentType= bytesOut=0 transfer=fixed upstreamHeadersMs=502.608 downstreamWriteMs=0.936
09-08 02:10:39.516 15801 16645 I ChromePhotosDataPlane: phase=tls_ready correlationId=c33 hostClass=network hostHash=f5594fab1b035ec0 clientProtocol=http/1.1 ca=b84fe96087814860
09-08 02:10:39.613 15801 16632 I ChromePhotosDataPlane: phase=media_shield_document origin=real hostClass=network hostHash=4dce8d0b280a268f result=fail_closed reason=document_status_204 bytesOut=41 upstreamHeadersMs=670.895 documentDecisionMs=0.203 downstreamWriteMs=0.376
09-08 02:10:39.842 15801 16645 I ChromePhotosDataPlane: origin=real hostClass=network hostHash=f5594fab1b035ec0 method=GET clientProtocol=http/1.1 upstreamProtocol=h2 status=200 contentType=application/javascript bytesOut=2454 transfer=fixed upstreamHeadersMs=315.667 downstreamWriteMs=5.047
09-08 02:10:39.996 15801 16632 I ChromePhotosDataPlane: phase=media_shield_document origin=real hostClass=network hostHash=4dce8d0b280a268f result=fail_closed reason=document_status_204 bytesOut=41 upstreamHeadersMs=324.428 documentDecisionMs=0.295 downstreamWriteMs=5.608
09-08 02:10:40.051 15801 16842 I ChromePhotosDataPlane: phase=worker_ready correlationId=c63 admissionWaitMs=0.939
09-08 02:10:40.287 15801 16847 I ChromePhotosDataPlane: phase=worker_ready correlationId=c64 admissionWaitMs=1.999
09-08 02:10:40.313 15801 16847 I ChromePhotosDataPlane: phase=tls_certificate correlationId=c64 tlsCacheHit=true tlsCacheWaitMs=0.022 tlsCreationMs=0.000
09-08 02:10:40.313 15801 16847 I ChromePhotosDataPlane: phase=tls_material correlationId=c64 tlsMaterialMs=0.553
09-08 02:10:40.328 15801 16847 I ChromePhotosDataPlane: phase=tls_ready correlationId=c64 hostClass=network hostHash=f5594fab1b035ec0 clientProtocol=http/1.1 ca=b84fe96087814860
09-08 02:10:40.399 15801 16647 I ChromePhotosDataPlane: phase=tls_certificate correlationId=c34 tlsCacheHit=false tlsCacheWaitMs=4213.015 tlsCreationMs=900.085
09-08 02:10:40.399 15801 16647 I ChromePhotosDataPlane: phase=tls_material correlationId=c34 tlsMaterialMs=5113.687
09-08 02:10:40.400 15801 16690 I ChromePhotosDataPlane: phase=tls_certificate correlationId=c41 tlsCacheHit=true tlsCacheWaitMs=4600.036 tlsCreationMs=0.000
09-08 02:10:40.400 15801 16690 I ChromePhotosDataPlane: phase=tls_material correlationId=c41 tlsMaterialMs=4600.432
09-08 02:10:40.401 15801 16691 I ChromePhotosDataPlane: phase=tls_certificate correlationId=c42 tlsCacheHit=true tlsCacheWaitMs=4536.472 tlsCreationMs=0.000
09-08 02:10:40.401 15801 16692 I ChromePhotosDataPlane: phase=tls_certificate correlationId=c43 tlsCacheHit=true tlsCacheWaitMs=4531.012 tlsCreationMs=0.000
09-08 02:10:40.401 15801 16692 I ChromePhotosDataPlane: phase=tls_material correlationId=c43 tlsMaterialMs=4531.330
09-08 02:10:40.401 15801 16691 I ChromePhotosDataPlane: phase=tls_material correlationId=c42 tlsMaterialMs=4539.050
09-08 02:10:40.409 15801 16690 I ChromePhotosDataPlane: phase=tls_ready correlationId=c41 hostClass=network hostHash=abf8fbf760ef2a86 clientProtocol=http/1.1 ca=b84fe96087814860
09-08 02:10:40.410 15801 16647 I ChromePhotosDataPlane: phase=tls_ready correlationId=c34 hostClass=network hostHash=ee8cdc867bba487e clientProtocol=http/1.1 ca=b84fe96087814860
09-08 02:10:40.410 15801 16692 I ChromePhotosDataPlane: phase=tls_ready correlationId=c43 hostClass=network hostHash=80255870a6218fe0 clientProtocol=http/1.1 ca=b84fe96087814860
09-08 02:10:40.433 15801 16691 I ChromePhotosDataPlane: phase=tls_ready correlationId=c42 hostClass=network hostHash=80255870a6218fe0 clientProtocol=http/1.1 ca=b84fe96087814860
09-08 02:10:40.491 15801 16645 I ChromePhotosDataPlane: origin=real hostClass=network hostHash=f5594fab1b035ec0 method=POST clientProtocol=http/1.1 upstreamProtocol=h2 status=200 contentType= bytesOut=0 transfer=fixed upstreamHeadersMs=433.067 downstreamWriteMs=1.561
09-08 02:10:40.564 15801 16647 I ChromePhotosDataPlane: origin=real hostClass=network hostHash=ee8cdc867bba487e method=POST clientProtocol=http/1.1 upstreamProtocol=h2 status=204 contentType=text/html bytesOut=0 transfer=fixed upstreamHeadersMs=149.804 downstreamWriteMs=0.871
09-08 02:10:40.593 15801 16847 I ChromePhotosDataPlane: origin=real hostClass=network hostHash=f5594fab1b035ec0 method=POST clientProtocol=http/1.1 upstreamProtocol=h2 status=200 contentType= bytesOut=0 transfer=fixed upstreamHeadersMs=257.565 downstreamWriteMs=1.983
09-08 02:10:40.890 15801 16693 I ChromePhotosDataPlane: phase=tls_certificate correlationId=c44 tlsCacheHit=false tlsCacheWaitMs=4455.776 tlsCreationMs=488.319
09-08 02:10:40.890 15801 16693 I ChromePhotosDataPlane: phase=tls_material correlationId=c44 tlsMaterialMs=4944.988
09-08 02:10:40.891 15801 16699 I ChromePhotosDataPlane: phase=tls_certificate correlationId=c46 tlsCacheHit=true tlsCacheWaitMs=4865.444 tlsCreationMs=0.000
09-08 02:10:40.892 15801 16699 I ChromePhotosDataPlane: phase=tls_material correlationId=c46 tlsMaterialMs=4866.492
09-08 02:10:40.904 15801 16693 I ChromePhotosDataPlane: phase=tls_ready correlationId=c44 hostClass=network hostHash=38b36076ca933259 clientProtocol=http/1.1 ca=b84fe96087814860
09-08 02:10:40.934 15801 16699 I ChromePhotosDataPlane: phase=tls_ready correlationId=c46 hostClass=network hostHash=4dce8d0b280a268f clientProtocol=http/1.1 ca=b84fe96087814860
09-08 02:10:41.099 15801 16701 I ChromePhotosDataPlane: phase=tls_certificate correlationId=c47 tlsCacheHit=false tlsCacheWaitMs=4820.092 tlsCreationMs=207.190
09-08 02:10:41.099 15801 16701 I ChromePhotosDataPlane: phase=tls_material correlationId=c47 tlsMaterialMs=5027.975
09-08 02:10:41.108 15801 16701 I ChromePhotosDataPlane: phase=tls_ready correlationId=c47 hostClass=network hostHash=b5c4d3f9fde897ed clientProtocol=http/1.1 ca=b84fe96087814860
09-08 02:10:41.179 15801 16693 I ChromePhotosDataPlane: origin=real hostClass=network hostHash=38b36076ca933259 method=GET clientProtocol=http/1.1 upstreamProtocol=http/1.1 status=200 contentType=application/x-javascript bytesOut=591 transfer=fixed upstreamHeadersMs=268.344 downstreamWriteMs=1.501
09-08 02:10:41.355 15801 16509 I ChromePhotosDataPlane: phase=worker_ready correlationId=c65 admissionWaitMs=0.167
09-08 02:10:41.603 15801 16704 I ChromePhotosDataPlane: phase=tls_certificate correlationId=c48 tlsCacheHit=false tlsCacheWaitMs=5016.597 tlsCreationMs=502.615
09-08 02:10:41.603 15801 16704 I ChromePhotosDataPlane: phase=tls_material correlationId=c48 tlsMaterialMs=5519.896
09-08 02:10:41.603 15801 16712 I ChromePhotosDataPlane: phase=tls_certificate correlationId=c49 tlsCacheHit=true tlsCacheWaitMs=5516.906 tlsCreationMs=0.000
09-08 02:10:41.603 15801 16712 I ChromePhotosDataPlane: phase=tls_material correlationId=c49 tlsMaterialMs=5517.649
09-08 02:10:41.613 15801 16712 I ChromePhotosDataPlane: phase=tls_ready correlationId=c49 hostClass=network hostHash=abf8fbf760ef2a86 clientProtocol=http/1.1 ca=b84fe96087814860
09-08 02:10:41.613 15801 16704 I ChromePhotosDataPlane: phase=tls_ready correlationId=c48 hostClass=network hostHash=67093c854a7c66ad clientProtocol=http/1.1 ca=b84fe96087814860
09-08 02:10:41.702 15801 16497 I ChromePhotosDataPlane: origin=real hostClass=network hostHash=e1bb38766871feb8 method=GET clientProtocol=http/1.1 upstreamProtocol=h2 status=200 contentType=image/webp bytesIn=579250 bytesOut=579250 cache=miss decision=safe reason=model_allow source=engine probability=0.0022100806 basis=None decodeMs=39.018 inferenceMs=132.863 inferenceQueueMs=0.144 localDecisionMs=173.179  bodyAdmissionMs=0.082 bodyReadMs=85.919 hashMs=0.696 requestToDeliveryMs=550.839 upstreamHeadersMs=152.016 sanitizeMs=391.619 downstreamWriteMs=4.288
09-08 02:10:41.876 15801 16704 I ChromePhotosDataPlane: origin=real hostClass=network hostHash=67093c854a7c66ad method=GET clientProtocol=http/1.1 upstreamProtocol=h2 status=304 contentType= bytesOut=0 transfer=fixed upstreamHeadersMs=254.264 downstreamWriteMs=0.885
09-08 02:10:41.901 15801 16539 I ChromePhotosDataPlane: phase=worker_ready correlationId=c66 admissionWaitMs=0.136
09-08 02:10:41.903 15801 16521 I ChromePhotosDataPlane: phase=worker_ready correlationId=c67 admissionWaitMs=0.816
09-08 02:10:41.903 15801 16723 I ChromePhotosDataPlane: phase=worker_ready correlationId=c68 admissionWaitMs=0.096
09-08 02:10:41.904 15801 16827 I ChromePhotosDataPlane: phase=worker_ready correlationId=c69 admissionWaitMs=0.363
09-08 02:10:41.907 15801 16753 I ChromePhotosDataPlane: phase=worker_ready correlationId=c70 admissionWaitMs=2.565
09-08 02:10:41.908 15801 16760 I ChromePhotosDataPlane: phase=worker_ready correlationId=c71 admissionWaitMs=2.304
09-08 02:10:42.055 15801 16701 I ChromePhotosDataPlane: origin=real hostClass=network hostHash=b5c4d3f9fde897ed method=OPTIONS clientProtocol=http/1.1 upstreamProtocol=h2 status=200 contentType=application/json bytesOut=0 transfer=fixed upstreamHeadersMs=942.242 downstreamWriteMs=1.116
09-08 02:10:42.056 15801 16690 I ChromePhotosDataPlane: phase=worker_ready correlationId=c72 admissionWaitMs=0.313
09-08 02:10:42.065 15801 16690 I ChromePhotosDataPlane: phase=tls_certificate correlationId=c72 tlsCacheHit=true tlsCacheWaitMs=0.030 tlsCreationMs=0.000
09-08 02:10:42.065 15801 16690 I ChromePhotosDataPlane: phase=tls_material correlationId=c72 tlsMaterialMs=0.708
09-08 02:10:42.083 15801 16690 I ChromePhotosDataPlane: phase=tls_ready correlationId=c72 hostClass=network hostHash=b5c4d3f9fde897ed clientProtocol=http/1.1 ca=b84fe96087814860
09-08 02:10:42.165 15801 16713 I ChromePhotosDataPlane: phase=tls_certificate correlationId=c50 tlsCacheHit=false tlsCacheWaitMs=5480.435 tlsCreationMs=561.148
09-08 02:10:42.165 15801 16713 I ChromePhotosDataPlane: phase=tls_material correlationId=c50 tlsMaterialMs=6042.226
09-08 02:10:42.179 15801 16713 W ChromePhotosDataPlane: phase=tls_failed side=client stage=handshake correlationId=c50 hostClass=network hostHash=acb222ec7473b00e authorityHash=b0626205f59d6217 sniHash=not_observed error=SSLHandshakeException rootCause=EOFException causeChain=w4>SSLHandshakeException>EOFException
09-08 02:10:42.280 15801 16690 I ChromePhotosDataPlane: origin=real hostClass=network hostHash=b5c4d3f9fde897ed method=POST clientProtocol=http/1.1 upstreamProtocol=h2 status=200 contentType=application/json bytesOut=0 transfer=fixed upstreamHeadersMs=193.988 downstreamWriteMs=0.386
09-08 02:10:42.562 15801 16718 I ChromePhotosDataPlane: phase=tls_certificate correlationId=c51 tlsCacheHit=false tlsCacheWaitMs=5818.333 tlsCreationMs=396.005
09-08 02:10:42.562 15801 16718 I ChromePhotosDataPlane: phase=tls_material correlationId=c51 tlsMaterialMs=6215.030
09-08 02:10:42.569 15801 16718 W ChromePhotosDataPlane: phase=tls_failed side=client stage=handshake correlationId=c51 hostClass=network hostHash=4172597e1d9e2600 authorityHash=33698c8736273869 sniHash=not_observed error=SSLHandshakeException rootCause=EOFException causeChain=w4>SSLHandshakeException>EOFException
09-08 02:10:42.766 15801 16729 I ChromePhotosDataPlane: phase=tls_certificate correlationId=c53 tlsCacheHit=false tlsCacheWaitMs=6078.146 tlsCreationMs=202.790
09-08 02:10:42.766 15801 16729 I ChromePhotosDataPlane: phase=tls_material correlationId=c53 tlsMaterialMs=6281.653
09-08 02:10:42.772 15801 16729 W ChromePhotosDataPlane: phase=tls_failed side=client stage=handshake correlationId=c53 hostClass=network hostHash=505bd18b6650e44b authorityHash=5bd36264183cdbe9 sniHash=not_observed error=SSLHandshakeException rootCause=EOFException causeChain=w4>SSLHandshakeException>EOFException
09-08 02:10:43.406 15801 16735 I ChromePhotosDataPlane: phase=tls_certificate correlationId=c54 tlsCacheHit=false tlsCacheWaitMs=6244.970 tlsCreationMs=639.590
09-08 02:10:43.406 15801 16735 I ChromePhotosDataPlane: phase=tls_material correlationId=c54 tlsMaterialMs=6885.075
09-08 02:10:43.413 15801 16735 W ChromePhotosDataPlane: phase=tls_failed side=client stage=handshake correlationId=c54 hostClass=network hostHash=7ffe8698ca81d914 authorityHash=6f0aab4b3b9c7c91 sniHash=not_observed error=SSLHandshakeException rootCause=EOFException causeChain=w4>SSLHandshakeException>EOFException
09-08 02:10:43.598 15801 16748 I ChromePhotosDataPlane: phase=tls_certificate correlationId=c55 tlsCacheHit=false tlsCacheWaitMs=6571.029 tlsCreationMs=190.630
09-08 02:10:43.598 15801 16748 I ChromePhotosDataPlane: phase=tls_material correlationId=c55 tlsMaterialMs=6762.258
09-08 02:10:43.599 15801 16761 I ChromePhotosDataPlane: phase=tls_certificate correlationId=c58 tlsCacheHit=true tlsCacheWaitMs=6593.364 tlsCreationMs=0.000
09-08 02:10:43.599 15801 16761 I ChromePhotosDataPlane: phase=tls_material correlationId=c58 tlsMaterialMs=6593.913
09-08 02:10:43.605 15801 16748 W ChromePhotosDataPlane: phase=tls_failed side=client stage=handshake correlationId=c55 hostClass=network hostHash=2a933d2460faea37 authorityHash=8bcc907af5a5c406 sniHash=not_observed error=SSLHandshakeException rootCause=EOFException causeChain=w4>SSLHandshakeException>EOFException
09-08 02:10:43.620 15801 16761 W ChromePhotosDataPlane: phase=tls_failed side=client stage=handshake correlationId=c58 hostClass=network hostHash=abf8fbf760ef2a86 authorityHash=3ff935baa24d2721 sniHash=not_observed error=SSLHandshakeException rootCause=EOFException causeChain=w4>SSLHandshakeException>EOFException
09-08 02:10:44.016 15801 16842 I ChromePhotosDataPlane: phase=tls_certificate correlationId=c63 tlsCacheHit=false tlsCacheWaitMs=3498.253 tlsCreationMs=416.908
09-08 02:10:44.016 15801 16842 I ChromePhotosDataPlane: phase=tls_material correlationId=c63 tlsMaterialMs=3915.736
09-08 02:10:44.023 15801 16842 W ChromePhotosDataPlane: phase=tls_failed side=client stage=handshake correlationId=c63 hostClass=network hostHash=0843c9b16155ccbe authorityHash=be00fdb61d7f13d1 sniHash=not_observed error=SSLHandshakeException rootCause=EOFException causeChain=w4>SSLHandshakeException>EOFException
09-08 02:10:44.492 15801 16509 I ChromePhotosDataPlane: phase=tls_certificate correlationId=c65 tlsCacheHit=false tlsCacheWaitMs=2632.334 tlsCreationMs=475.280
09-08 02:10:44.492 15801 16509 I ChromePhotosDataPlane: phase=tls_material correlationId=c65 tlsMaterialMs=3108.230
09-08 02:10:44.494 15801 16521 I ChromePhotosDataPlane: phase=tls_certificate correlationId=c67 tlsCacheHit=true tlsCacheWaitMs=2581.601 tlsCreationMs=0.000
09-08 02:10:44.494 15801 16521 I ChromePhotosDataPlane: phase=tls_material correlationId=c67 tlsMaterialMs=2582.325
09-08 02:10:44.495 15801 16723 I ChromePhotosDataPlane: phase=tls_certificate correlationId=c68 tlsCacheHit=true tlsCacheWaitMs=2576.395 tlsCreationMs=0.000
09-08 02:10:44.495 15801 16723 I ChromePhotosDataPlane: phase=tls_material correlationId=c68 tlsMaterialMs=2576.991
09-08 02:10:44.496 15801 16539 I ChromePhotosDataPlane: phase=tls_certificate correlationId=c66 tlsCacheHit=true tlsCacheWaitMs=2576.369 tlsCreationMs=0.000
09-08 02:10:44.496 15801 16539 I ChromePhotosDataPlane: phase=tls_material correlationId=c66 tlsMaterialMs=2577.007
09-08 02:10:44.497 15801 16760 I ChromePhotosDataPlane: phase=tls_certificate correlationId=c71 tlsCacheHit=true tlsCacheWaitMs=2567.982 tlsCreationMs=0.000
09-08 02:10:44.497 15801 16760 I ChromePhotosDataPlane: phase=tls_material correlationId=c71 tlsMaterialMs=2568.758
09-08 02:10:44.499 15801 16509 W ChromePhotosDataPlane: phase=tls_failed side=client stage=handshake correlationId=c65 hostClass=network hostHash=fb66c9c8cfe48aef authorityHash=777ce8eb62b75c2d sniHash=not_observed error=SSLHandshakeException rootCause=EOFException causeChain=w4>SSLHandshakeException>EOFException
09-08 02:10:44.500 15801 16753 I ChromePhotosDataPlane: phase=tls_certificate correlationId=c70 tlsCacheHit=true tlsCacheWaitMs=2566.264 tlsCreationMs=0.000
09-08 02:10:44.500 15801 16753 I ChromePhotosDataPlane: phase=tls_material correlationId=c70 tlsMaterialMs=2567.030
09-08 02:10:44.500 15801 16827 I ChromePhotosDataPlane: phase=tls_certificate correlationId=c69 tlsCacheHit=true tlsCacheWaitMs=2564.557 tlsCreationMs=0.000
09-08 02:10:44.500 15801 16827 I ChromePhotosDataPlane: phase=tls_material correlationId=c69 tlsMaterialMs=2565.219
09-08 02:10:44.531 15801 16760 I ChromePhotosDataPlane: phase=tls_ready correlationId=c71 hostClass=network hostHash=0843c9b16155ccbe clientProtocol=http/1.1 ca=b84fe96087814860
09-08 02:10:44.539 15801 16521 I ChromePhotosDataPlane: phase=tls_ready correlationId=c67 hostClass=network hostHash=fb66c9c8cfe48aef clientProtocol=http/1.1 ca=b84fe96087814860
09-08 02:10:44.545 15801 16539 I ChromePhotosDataPlane: phase=tls_ready correlationId=c66 hostClass=network hostHash=505bd18b6650e44b clientProtocol=http/1.1 ca=b84fe96087814860
09-08 02:10:44.549 15801 16827 I ChromePhotosDataPlane: phase=tls_ready correlationId=c69 hostClass=network hostHash=2a933d2460faea37 clientProtocol=http/1.1 ca=b84fe96087814860
09-08 02:10:44.555 15801 16753 I ChromePhotosDataPlane: phase=tls_ready correlationId=c70 hostClass=network hostHash=7ffe8698ca81d914 clientProtocol=http/1.1 ca=b84fe96087814860
09-08 02:10:44.555 15801 16723 I ChromePhotosDataPlane: phase=tls_ready correlationId=c68 hostClass=network hostHash=4172597e1d9e2600 clientProtocol=http/1.1 ca=b84fe96087814860
09-08 02:10:44.737 15801 16827 I ChromePhotosDataPlane: origin=real hostClass=network hostHash=2a933d2460faea37 method=GET clientProtocol=http/1.1 upstreamProtocol=h2 status=302 contentType= bytesIn=0 bytesOut=0 cache=miss decision=passthrough   requestToDeliveryMs=172.596 upstreamHeadersMs=166.813 sanitizeMs=0.987 downstreamWriteMs=1.365
09-08 02:10:44.743 15801 16712 I ChromePhotosDataPlane: phase=worker_ready correlationId=c73 admissionWaitMs=0.312
09-08 02:10:44.782 15801 16539 I ChromePhotosDataPlane: origin=real hostClass=network hostHash=505bd18b6650e44b method=POST clientProtocol=http/1.1 upstreamProtocol=h2 status=204 contentType=text/plain bytesOut=0 transfer=fixed upstreamHeadersMs=216.599 downstreamWriteMs=1.287
09-08 02:10:44.826 15801 16753 I ChromePhotosDataPlane: origin=real hostClass=network hostHash=7ffe8698ca81d914 method=GET clientProtocol=http/1.1 upstreamProtocol=h2 status=200 contentType=image/png bytesIn=42 bytesOut=704 cache=miss decision=unknown reason=unsupported_gif source=error probability=-1.0 basis=none decodeMs=0.000 inferenceMs=0.000 inferenceQueueMs=0.000 localDecisionMs=0.000  bodyAdmissionMs=0.054 bodyReadMs=1.716 requestToDeliveryMs=254.685 upstreamHeadersMs=248.030 sanitizeMs=2.864 downstreamWriteMs=1.231
09-08 02:10:44.961 15801 16760 I ChromePhotosDataPlane: origin=real hostClass=network hostHash=0843c9b16155ccbe method=POST clientProtocol=http/1.1 upstreamProtocol=h2 status=200 contentType= bytesOut=0 transfer=fixed upstreamHeadersMs=403.639 downstreamWriteMs=3.502
09-08 02:10:45.127 15801 16712 I ChromePhotosDataPlane: phase=tls_certificate correlationId=c73 tlsCacheHit=false tlsCacheWaitMs=0.028 tlsCreationMs=320.463
09-08 02:10:45.127 15801 16712 I ChromePhotosDataPlane: phase=tls_material correlationId=c73 tlsMaterialMs=321.091
09-08 02:10:45.141 15801 16712 I ChromePhotosDataPlane: phase=tls_ready correlationId=c73 hostClass=network hostHash=cebab728d0c21358 clientProtocol=http/1.1 ca=b84fe96087814860
09-08 02:10:45.341 15801 16521 I ChromePhotosDataPlane: origin=real hostClass=network hostHash=fb66c9c8cfe48aef method=POST clientProtocol=http/1.1 upstreamProtocol=http/1.1 status=204 contentType= bytesOut=0 transfer=fixed upstreamHeadersMs=785.403 downstreamWriteMs=1.053
09-08 02:10:45.359 15801 16723 I ChromePhotosDataPlane: origin=real hostClass=network hostHash=4172597e1d9e2600 method=OPTIONS clientProtocol=http/1.1 upstreamProtocol=h2 status=200 contentType= bytesOut=0 transfer=fixed upstreamHeadersMs=780.665 downstreamWriteMs=2.799
09-08 02:10:45.392 15801 16712 I ChromePhotosDataPlane: origin=real hostClass=network hostHash=cebab728d0c21358 method=GET clientProtocol=http/1.1 upstreamProtocol=h2 status=200 contentType=image/jpeg bytesIn=13887 bytesOut=13887 cache=miss decision=safe reason=model_allow source=engine probability=0.041383058 basis=None decodeMs=22.472 inferenceMs=155.100 inferenceQueueMs=0.494 localDecisionMs=179.340  bodyAdmissionMs=0.059 bodyReadMs=4.133 hashMs=0.425 requestToDeliveryMs=249.207 upstreamHeadersMs=63.029 sanitizeMs=184.293 downstreamWriteMs=0.477
09-08 02:10:45.540 15801 16556 I ChromePhotosDataPlane: phase=worker_ready correlationId=c74 admissionWaitMs=0.267
09-08 02:10:45.557 15801 16556 I ChromePhotosDataPlane: phase=tls_certificate correlationId=c74 tlsCacheHit=true tlsCacheWaitMs=0.020 tlsCreationMs=0.000
09-08 02:10:45.557 15801 16556 I ChromePhotosDataPlane: phase=tls_material correlationId=c74 tlsMaterialMs=0.391
09-08 02:10:45.567 15801 16556 I ChromePhotosDataPlane: phase=tls_ready correlationId=c74 hostClass=network hostHash=fc1e48f201e43606 clientProtocol=http/1.1 ca=b84fe96087814860
09-08 02:10:45.585 15801 16442 I ChromePhotosDataPlane: phase=worker_ready correlationId=c75 admissionWaitMs=0.503
09-08 02:10:45.592 15801 16533 I ChromePhotosDataPlane: phase=worker_ready correlationId=c76 admissionWaitMs=0.257
09-08 02:10:45.600 15801 16442 I ChromePhotosDataPlane: phase=tls_certificate correlationId=c75 tlsCacheHit=true tlsCacheWaitMs=0.020 tlsCreationMs=0.000
09-08 02:10:45.600 15801 16442 I ChromePhotosDataPlane: phase=tls_material correlationId=c75 tlsMaterialMs=0.538
09-08 02:10:45.609 15801 16533 I ChromePhotosDataPlane: phase=tls_certificate correlationId=c76 tlsCacheHit=true tlsCacheWaitMs=0.020 tlsCreationMs=0.000
09-08 02:10:45.609 15801 16533 I ChromePhotosDataPlane: phase=tls_material correlationId=c76 tlsMaterialMs=0.485
09-08 02:10:45.616 15801 16442 I ChromePhotosDataPlane: phase=tls_ready correlationId=c75 hostClass=network hostHash=a817ab236a289c0c clientProtocol=http/1.1 ca=b84fe96087814860
09-08 02:10:45.623 15801 16533 I ChromePhotosDataPlane: phase=tls_ready correlationId=c76 hostClass=network hostHash=acb222ec7473b00e clientProtocol=http/1.1 ca=b84fe96087814860
09-08 02:10:45.807 15801 16533 I ChromePhotosDataPlane: origin=real hostClass=network hostHash=acb222ec7473b00e method=GET clientProtocol=http/1.1 upstreamProtocol=h2 status=302 contentType= bytesIn=0 bytesOut=0 cache=miss decision=passthrough   requestToDeliveryMs=180.805 upstreamHeadersMs=174.459 sanitizeMs=1.126 downstreamWriteMs=1.712
09-08 02:10:45.819 15801 16847 I ChromePhotosDataPlane: phase=worker_ready correlationId=c77 admissionWaitMs=0.528
09-08 02:10:46.315 15801 16442 I ChromePhotosDataPlane: origin=real hostClass=network hostHash=a817ab236a289c0c method=GET clientProtocol=http/1.1 upstreamProtocol=h2 status=200 contentType=image/png bytesIn=3584 bytesOut=3584 cache=miss decision=safe reason=model_allow source=engine probability=0.026260942 basis=None decodeMs=2.971 inferenceMs=129.883 inferenceQueueMs=0.225 localDecisionMs=133.944  bodyAdmissionMs=0.070 bodyReadMs=0.856 hashMs=5.455 requestToDeliveryMs=693.068 upstreamHeadersMs=541.083 sanitizeMs=144.049 downstreamWriteMs=2.310
09-08 02:10:46.403 15801 16847 I ChromePhotosDataPlane: phase=tls_certificate correlationId=c77 tlsCacheHit=false tlsCacheWaitMs=0.045 tlsCreationMs=538.480
09-08 02:10:46.403 15801 16847 I ChromePhotosDataPlane: phase=tls_material correlationId=c77 tlsMaterialMs=539.087
09-08 02:10:46.419 15801 16847 I ChromePhotosDataPlane: phase=tls_ready correlationId=c77 hostClass=network hostHash=db116db5f2465415 clientProtocol=http/1.1 ca=b84fe96087814860
09-08 02:10:46.659 15801 16556 I ChromePhotosDataPlane: origin=real hostClass=network hostHash=fc1e48f201e43606 method=POST clientProtocol=http/1.1 upstreamProtocol=h2 status=200 contentType=application/json bytesOut=0 transfer=fixed upstreamHeadersMs=1088.428 downstreamWriteMs=0.766
09-08 02:10:47.159 15801 16847 I ChromePhotosDataPlane: origin=real hostClass=network hostHash=db116db5f2465415 method=GET clientProtocol=http/1.1 upstreamProtocol=h2 status=200 contentType=image/png bytesIn=397 bytesOut=704 cache=miss decision=unknown reason=image_format_unknown source=error probability=-1.0 basis=none decodeMs=0.000 inferenceMs=0.000 inferenceQueueMs=0.000 localDecisionMs=0.000  bodyAdmissionMs=0.070 bodyReadMs=0.485 requestToDeliveryMs=735.777 upstreamHeadersMs=728.736 sanitizeMs=2.405 downstreamWriteMs=1.376
09-08 02:10:47.975 15801 16442 W ChromePhotosDataPlane: phase=upstream_failed correlationId=c75-r2 hostClass=network hostHash=a817ab236a289c0c responseStarted=false errorResponseWritten=true error=IOException
09-08 02:10:48.072 15801 15801 I ChromePhotosDataPlane: phase=status statusSequence=2 lifecycle=PresentationReady active=true ready=true connections=77 requests=96 safe=10 blocked=0 unknown=7 passthrough=70 cacheHits=1 cacheMisses=19 failures=9 clientDisconnects=0 bytesIn=4352578 bytesOut=4695764 streamed=55 proxyQueueRejects=0 proxyActivePeak=60 proxyP50Ms=195.190 proxyP95Ms=791.288 proxyP99Ms=1090.774 upstreamSockets=47 protectSuccess=47 protectFailure=0 web11a=not_run web11b=not_run modelLoadMs=281.008 engineCalls=8 dedupeHits=1 decisionCacheConfig=64 decisionConcurrencyConfig=1 decisionQueueConfig=2 decisionTimeoutMs=5000 engineCallsPerRequest=0.8 inferencePeak=1 inFlightPeak=2 queuePeak=1 queueRejects=0 timeouts=0 inferenceP50Ms=139.40901 inferenceP95Ms=221.943802 inferenceP99Ms=221.943802 decisionP50Ms=173.179479 decisionP95Ms=269.668125 decisionP99Ms=269.668125 cacheHitP50Ms=0.043698 cacheHitP95Ms=0.043698 cacheEntries=8 cacheEvictions=0 preprocessP50Ms=22.472187 preprocessP95Ms=39.017552 preprocessP99Ms=39.017552 preparedCount1=8 preparedCount4=0 preparedCount5=0 preparedCountOther=0 decisionBasis=None:8 imageCandidates=17 imagePrefixPeeks=9 imageMagicCandidates=0 imageBodyAdmissionPeak=2 imageBodyAdmissionRejects=0 networkVisualCandidates=17 networkVisualReplaced=0 networkVisualRawDelivered=0 networkVisualSafeRawDelivered=10 networkVisualBlockedReplaced=0 networkVisualUnknownReplaced=0 networkVisualUnsupportedReplaced=7 networkVisualRawBlockedDelivered=0 networkVisualRawUnknownDelivered=0 networkVisualCacheHit=1 networkVisualInference=8 mediaDocumentsTransformed=3 mediaDocumentsFailClosed=2 documentTransformOutstanding=0 readyTokensOutstanding=3 uiSvgRegistered=0 uiSvgRegistryBytes=0 uiSvgCssRewritten=0 uiSvgCssRejected=0 uiSvgNetworkAccepted=10 uiSvgNetworkRejected=0 uiSvgAssetServed=0 uiSvgAssetRejected=0 h18=REPORT=not_run,EVENT_SEQUENCE=0,COMPAT_DOCS=0,STRICT_DOCS=0,STYLE_REQ=0,SCRIPT_REQ=0,DATA_REQ=0,NETWORK_REQ=0,REPORTS=0,LAST_DOC=none,NETWORK_SHA=ee17e3f62edde61823ce35732ea168f4f5986bff347ccfac063eca7f4009ee1b,AUDIT_SHA=74d4467bbf6833db4eeab998495b7dfc50db3b1f04f407704b839ad3f4b25582 h19=REPORT=not_run,DOCUMENTS=0,FRAMES=0,SCRIPTS=0,FIRST_ORIGINAL_SCRIPTS=0,STYLES=0,WORKERS=0,SERVICE_WORKERS=0,FRAME_REPORTS=0,FRAME_REPORT_REJECTS=0,FRAME_REPORT=not_run,FRAME_REPORT_SHA=not_run,FRAME_CHALLENGE_SHA=not_run,FRAME_GENERATION=0,FRAME_ACCEPTED_CHALLENGE_SHA=not_run,FRAME_REPORT_BINDING_SHA=not_run,SAME_URL_BODIES=0,REPORTS=0,SW_BOUNDARY={INSTALL_DOCS=0,WORKER_SCRIPTS=0,WORKER_PROBE_SCRIPTS=0,PROBE_DOCS=0,CLEANUP_DOCS=0,REPORTS_ACCEPTED=0,REPORTS_REJECTED=0,CONTROLLER_PRESENT=0,CONTROLLER_MISSING=0,NAV_FETCHES=0,SELF_READY_FETCHES=0,SELF_READY_PASS_THROUGH=0,SELF_READY_SYNTHETIC=0,NAV_SYNTHETIC=0,RESET_BASELINE_CLEAN=0,RESET_BASELINE_DIRTY=0,REGISTER_BLOCKED=0,REGISTER_SUCCEEDED=0,WORKER_REGISTER_BLOCKED=0,WORKER_REGISTER_SUCCEEDED=0,WORKER_REGISTER_UNSUPPORTED=0,WORKER_REGISTER_ERROR=0,LAST_CASE=none,LAST_EVENT=none,LAST_VALUE=none},UI_SVG={not_run} quicAttempts=0 directTcpAttempts=0 bootstrapResetGeneration=2 bootstrapCompleteGeneration=2 bootstrapResetCount=3 chromeSuspended=false guardSession=532 guardHeartbeatSequence=102 audit17State=0 audit17Navigation=0 audit17Events=21 audit17Dropped=0
09-08 02:10:48.072 15801 15801 I ChromeMediaShieldStatus: v=1 seq=2 kind=network mode=selective candidates=17 replaced=0 rawDelivered=0 safeRaw=10 blockedReplaced=0 unknownReplaced=0 unsupportedReplaced=7 rawBlocked=0 rawUnknown=0 cacheHit=1 decisionEngine=8 engineCalls=8
09-08 02:10:48.072 15801 15801 I ChromeMediaShieldStatus: v=1 seq=2 kind=document transformed=3 failClosed=2 outstanding=0 issued=3 claims=1 documentSequence=1 navigationSequence=1 readyRequests=3 readyPreflights=0 readyAccepted=1 readyRejected=0 parserBarrierRequests=0 parserBarrierReady=0 parserBarrierFailClosed=0 selfShield=true selfReadyRequests=1 selfReadyAccepted=1 selfReadyRejected=0 selfReadyRejectReason=none selfShieldReleaseCompleted=1 selfShieldParserContinued=1 selfShieldOriginalScriptStarted=0 selfShieldTraceRejected=0 selfShieldTraceOutstanding=0 bootstrapDiagnosticAccepted=0 bootstrapDiagnosticRejected=0 bootstrapDiagnosticRejectReason=none bootstrapDiagnosticStage=none bootstrapDiagnosticReason=none bootstrapDiagnosticOutstanding=0
09-08 02:10:48.073 15801 15801 I ChromeMediaShieldStatus: v=1 seq=2 kind=renderer reports=0 rejected=0 globalCallbacks=0 globalRecords=0 childRecords=0 attributeRecords=0 maxRecords=0 scanCalls=0 scanRoot=0 scanNodes=0 maxScanNodes=0 scanMicros=0 maxScanMicros=0 observerChildScans=0 observerAttributeScans=0 guardedScans=0 markupScans=0 shadowScans=0 initialScans=0 otherScans=0 sanitizeElement=0 sanitizeContainer=0 img=0 source=0 svg=0 iframe=0 canvas=0 video=0 safeIcon=0 lockIcon=0 geometryWrites=0 svgRecords=0 shadowRoots=0 shadowObservers=0 shadowCallbacks=0 shadowRecords=0 shadowScanCalls=0 ensureStyle=0 ensureCurtain=0 internalMutations=0
09-08 02:10:48.073 15801 15801 I ChromeMediaShieldStatus: v=1 seq=2 kind=rendererApis callScan=createElement=0/0 createElementNS=0/0 appendChild=0/0 insertBefore=0/0 replaceChild=0/0 append=0/0 prepend=0/0 replaceChildren=0/0 before=0/0 after=0/0 replaceWith=0/0 adjacentElement=0/0 moveBefore=0/0 rangeInsert=0/0 rangeSurround=0/0 adoptNode=0/0 cloneNode=0/0 importNode=0/0 safeMarkup=0/0 innerHTML=0/0 outerHTML=0/0 insertAdjacentHTML=0/0 setHTML=0/0 shadowInnerHTML=0/0 execCommandInsertHTML=0/0 mappedTextContent=0/0
09-08 02:10:48.073 15801 15801 I ChromeMediaShieldStatus: v=1 seq=2 kind=rendererFamilies roots=element/fragment/text/other factory:calls=0,scans=0,direct=0,roots=0/0/0/0,nodes=0,micros=0,maxMicros=0 domGuard:calls=0,scans=0,direct=0,roots=0/0/0/0,nodes=0,micros=0,maxMicros=0 markup:calls=0,scans=0,direct=0,roots=0/0/0/0,nodes=0,micros=0,maxMicros=0
09-08 02:10:48.073 15801 15801 I ChromeMediaShieldStatus: v=1 seq=2 kind=uiSvg registered=0 registryBytes=0 cssRewritten=0 cssRejected=0 networkAccepted=10 networkRejected=0 assetServed=0 assetRejected=0
09-08 02:10:48.073 15801 15801 I ChromeMediaShieldStatus: v=1 seq=2 kind=health failures=9 clientDisconnects=0 proxyQueueRejects=0 protectFailure=0 quicAttempts=0 directTcpAttempts=0 active=true ready=true
09-08 02:10:48.074 15801 15801 I ChromeMediaShieldStatus: v=1 seq=2 kind=fixture report=REPORT=not_run,DOCUMENTS=0,FRAMES=0,SCRIPTS=0,FIRST_ORIGINAL_SCRIPTS=0,STYLES=0,WORKERS=0,SERVICE_WORKERS=0,FRAME_REPORTS=0,FRAME_REPORT_REJECTS=0,FRAME_REPORT=not_run,FRAME_REPORT_SHA=not_run,FRAME_CHALLENGE_SHA=not_run,FRAME_GENERATION=0,FRAME_ACCEPTED_CHALLENGE_SHA=not_run,FRAME_REPORT_BINDING_SHA=not_run,SAME_URL_BODIES=0,REPORTS=0,SW_BOUNDARY={INSTALL_DOCS=0,WORKER_SCRIPTS=0,WORKER_PROBE_SCRIPTS=0,PROBE_DOCS=0,CLEANUP_DOCS=0,REPORTS_ACCEPTED=0,REPORTS_REJECTED=0,CONTROLLER_PRESENT=0,CONTROLLER_MISSING=0,NAV_FETCHES=0,SELF_READY_FETCHES=0,SELF_READY_PASS_THROUGH=0,SELF_READY_SYNTHETIC=0,NAV_SYNTHETIC=0,RESET_BASELINE_CLEAN=0,RESET_BASELINE_DIRTY=0,REGISTER_BLOCKED=0,REGISTER_SUCCEEDED=0,WORKER_REGISTER_BLOCKED=0,WORKER_REGISTER_SUCCEEDED=0,WORKER_REGISTER_UNSUPPORTED=0,WORKER_REGISTER_ERROR=0,LAST_CASE=none,LAST_EVENT=none,LAST_VALUE=none},UI_SVG={not_run}
09-08 02:10:50.584 15801 16531 I ChromePhotosDataPlane: phase=worker_ready correlationId=c78 admissionWaitMs=1.048
09-08 02:10:50.614 15801 16531 I ChromePhotosDataPlane: phase=tls_certificate correlationId=c78 tlsCacheHit=true tlsCacheWaitMs=0.018 tlsCreationMs=0.000
09-08 02:10:50.615 15801 16531 I ChromePhotosDataPlane: phase=tls_material correlationId=c78 tlsMaterialMs=0.895
09-08 02:10:50.638 15801 16531 I ChromePhotosDataPlane: phase=tls_ready correlationId=c78 hostClass=network hostHash=505bd18b6650e44b clientProtocol=http/1.1 ca=b84fe96087814860
09-08 02:10:50.848 15801 16531 I ChromePhotosDataPlane: origin=real hostClass=network hostHash=505bd18b6650e44b method=POST clientProtocol=http/1.1 upstreamProtocol=h2 status=204 contentType=text/plain bytesOut=0 transfer=fixed upstreamHeadersMs=195.783 downstreamWriteMs=1.132
09-08 02:10:54.117 15801 16486 I ChromePhotosDataPlane: phase=worker_ready correlationId=c79 admissionWaitMs=0.260
09-08 02:10:54.132 15801 16486 I ChromePhotosDataPlane: phase=tls_certificate correlationId=c79 tlsCacheHit=true tlsCacheWaitMs=0.016 tlsCreationMs=0.000
09-08 02:10:54.132 15801 16486 I ChromePhotosDataPlane: phase=tls_material correlationId=c79 tlsMaterialMs=0.438
09-08 02:10:54.150 15801 16486 I ChromePhotosDataPlane: phase=tls_ready correlationId=c79 hostClass=network hostHash=191347bfe55d0ca9 clientProtocol=http/1.1 ca=b84fe96087814860
09-08 02:10:54.506 15801 16486 I ChromePhotosDataPlane: phase=media_shield_document origin=real hostClass=network hostHash=191347bfe55d0ca9 result=transformed documentSequence=4 navigationSequence=1 token=94a3631428eb bytesOut=167096 upstreamHeadersMs=223.365 documentDecisionMs=90.795 downstreamWriteMs=2.110
09-08 02:10:54.578 15801 16499 I ChromePhotosDataPlane: phase=worker_ready correlationId=c80 admissionWaitMs=0.389
09-08 02:10:54.583 15801 16488 I ChromePhotosDataPlane: phase=worker_ready correlationId=c81 admissionWaitMs=0.250
09-08 02:10:54.592 15801 16499 I ChromePhotosDataPlane: phase=tls_certificate correlationId=c80 tlsCacheHit=true tlsCacheWaitMs=0.019 tlsCreationMs=0.000
09-08 02:10:54.592 15801 16499 I ChromePhotosDataPlane: phase=tls_material correlationId=c80 tlsMaterialMs=0.606
09-08 02:10:54.594 15801 16488 I ChromePhotosDataPlane: phase=tls_certificate correlationId=c81 tlsCacheHit=true tlsCacheWaitMs=0.014 tlsCreationMs=0.000
09-08 02:10:54.594 15801 16488 I ChromePhotosDataPlane: phase=tls_material correlationId=c81 tlsMaterialMs=0.428
09-08 02:10:54.608 15801 16499 I ChromePhotosDataPlane: phase=tls_ready correlationId=c80 hostClass=network hostHash=80255870a6218fe0 clientProtocol=http/1.1 ca=b84fe96087814860
09-08 02:10:54.608 15801 16488 I ChromePhotosDataPlane: phase=tls_ready correlationId=c81 hostClass=network hostHash=80255870a6218fe0 clientProtocol=http/1.1 ca=b84fe96087814860
09-08 02:10:54.861 15801 16488 I ChromePhotosDataPlane: origin=real hostClass=network hostHash=80255870a6218fe0 method=GET clientProtocol=http/1.1 upstreamProtocol=h2 status=200 contentType=text/javascript bytesOut=354184 transfer=fixed upstreamHeadersMs=137.019 downstreamWriteMs=112.421
09-08 02:10:55.556 15801 16804 I ChromePhotosDataPlane: phase=worker_ready correlationId=c82 admissionWaitMs=0.227
09-08 02:10:55.567 15801 16804 I ChromePhotosDataPlane: phase=tls_certificate correlationId=c82 tlsCacheHit=true tlsCacheWaitMs=0.016 tlsCreationMs=0.000
09-08 02:10:55.568 15801 16804 I ChromePhotosDataPlane: phase=tls_material correlationId=c82 tlsMaterialMs=1.181
09-08 02:10:55.583 15801 16499 I ChromePhotosDataPlane: origin=real hostClass=network hostHash=80255870a6218fe0 method=GET clientProtocol=http/1.1 upstreamProtocol=h2 status=200 contentType=image/png bytesIn=2228 bytesOut=2228 cache=hit decision=safe reason=model_allow source=cache probability=0.025308132 basis=None decodeMs=0.000 inferenceMs=0.000 inferenceQueueMs=0.000 localDecisionMs=0.410  bodyAdmissionMs=0.044 bodyReadMs=0.821 hashMs=0.383 requestToDeliveryMs=29.027 upstreamHeadersMs=20.598 sanitizeMs=3.323 downstreamWriteMs=1.160
09-08 02:10:55.585 15801 16804 I ChromePhotosDataPlane: phase=tls_ready correlationId=c82 hostClass=network hostHash=7df7caa0a5579e01 clientProtocol=http/1.1 ca=b84fe96087814860
09-08 02:10:55.748 15801 16804 I ChromePhotosDataPlane: origin=real hostClass=network hostHash=7df7caa0a5579e01 method=GET clientProtocol=http/1.1 upstreamProtocol=h2 status=200 contentType=font/woff2 bytesOut=34668 transfer=fixed upstreamHeadersMs=134.576 downstreamWriteMs=26.318
09-08 02:10:55.806 15801 16486 I ChromePhotosDataPlane: phase=media_shield_document origin=real hostClass=network hostHash=191347bfe55d0ca9 result=transformed documentSequence=5 navigationSequence=1 token=726cb54acf63 bytesOut=167199 upstreamHeadersMs=73.212 documentDecisionMs=41.458 downstreamWriteMs=1.561
09-08 02:10:55.915 15801 16488 I ChromePhotosDataPlane: origin=real hostClass=network hostHash=80255870a6218fe0 method=GET clientProtocol=http/1.1 upstreamProtocol=h2 status=200 contentType=text/javascript bytesOut=354184 transfer=fixed upstreamHeadersMs=45.161 downstreamWriteMs=36.567
09-08 02:10:56.654 15801 16488 I ChromePhotosDataPlane: origin=real hostClass=network hostHash=80255870a6218fe0 method=GET clientProtocol=http/1.1 upstreamProtocol=h2 status=200 contentType=image/png bytesIn=2228 bytesOut=2228 cache=hit decision=safe reason=model_allow source=cache probability=0.025308132 basis=None decodeMs=0.000 inferenceMs=0.000 inferenceQueueMs=0.000 localDecisionMs=0.069  bodyAdmissionMs=0.039 bodyReadMs=0.222 hashMs=0.515 requestToDeliveryMs=34.706 upstreamHeadersMs=28.307 sanitizeMs=1.568 downstreamWriteMs=1.275
09-08 02:10:56.669 15801 16804 I ChromePhotosDataPlane: origin=real hostClass=network hostHash=7df7caa0a5579e01 method=GET clientProtocol=http/1.1 upstreamProtocol=h2 status=200 contentType=font/woff2 bytesOut=34668 transfer=fixed upstreamHeadersMs=28.694 downstreamWriteMs=10.230
09-08 02:11:09.394 15801 16500 I ChromePhotosDataPlane: phase=worker_ready correlationId=c83 admissionWaitMs=0.343
09-08 02:11:09.451 15801 16500 I ChromePhotosDataPlane: phase=tls_certificate correlationId=c83 tlsCacheHit=true tlsCacheWaitMs=0.027 tlsCreationMs=0.000
09-08 02:11:09.451 15801 16500 I ChromePhotosDataPlane: phase=tls_material correlationId=c83 tlsMaterialMs=1.211
09-08 02:11:09.479 15801 16500 I ChromePhotosDataPlane: phase=tls_ready correlationId=c83 hostClass=network hostHash=abf8fbf760ef2a86 clientProtocol=http/1.1 ca=b84fe96087814860
09-08 02:11:09.867 15801 16500 I ChromePhotosDataPlane: origin=real hostClass=network hostHash=abf8fbf760ef2a86 method=GET clientProtocol=http/1.1 upstreamProtocol=h2 status=200 contentType=image/png bytesIn=0 bytesOut=704 cache=miss decision=unknown reason=encoded_image_unsupported source=error probability=-1.0 basis=none decodeMs=0.000 inferenceMs=0.000 inferenceQueueMs=0.000 localDecisionMs=0.000   requestToDeliveryMs=384.416 upstreamHeadersMs=377.141 sanitizeMs=0.503 downstreamWriteMs=2.114
09-08 02:11:42.301 15801 16497 I ChromePhotosDataPlane: phase=worker_ready correlationId=c84 admissionWaitMs=0.686
09-08 02:11:42.370 15801 16497 I ChromePhotosDataPlane: phase=tls_certificate correlationId=c84 tlsCacheHit=true tlsCacheWaitMs=0.007 tlsCreationMs=0.000
09-08 02:11:42.370 15801 16497 I ChromePhotosDataPlane: phase=tls_material correlationId=c84 tlsMaterialMs=0.191
09-08 02:11:42.399 15801 16497 I ChromePhotosDataPlane: phase=tls_ready correlationId=c84 hostClass=network hostHash=fb66c9c8cfe48aef clientProtocol=http/1.1 ca=b84fe96087814860
09-08 02:11:43.257 15801 16497 I ChromePhotosDataPlane: origin=real hostClass=network hostHash=fb66c9c8cfe48aef method=POST clientProtocol=http/1.1 upstreamProtocol=http/1.1 status=204 contentType= bytesOut=0 transfer=fixed upstreamHeadersMs=848.345 downstreamWriteMs=0.999
09-08 02:11:48.314 15801 15801 I ChromePhotosDataPlane: phase=status statusSequence=3 lifecycle=PresentationReady active=true ready=true connections=84 requests=109 safe=12 blocked=0 unknown=8 passthrough=78 cacheHits=3 cacheMisses=19 failures=9 clientDisconnects=0 bytesIn=5410789 bytesOut=5978883 streamed=61 proxyQueueRejects=0 proxyActivePeak=60 proxyP50Ms=195.190 proxyP95Ms=791.288 proxyP99Ms=945.792 upstreamSockets=54 protectSuccess=54 protectFailure=0 web11a=not_run web11b=not_run modelLoadMs=281.008 engineCalls=8 dedupeHits=1 decisionCacheConfig=64 decisionConcurrencyConfig=1 decisionQueueConfig=2 decisionTimeoutMs=5000 engineCallsPerRequest=0.6666666666666666 inferencePeak=1 inFlightPeak=2 queuePeak=1 queueRejects=0 timeouts=0 inferenceP50Ms=139.40901 inferenceP95Ms=221.943802 inferenceP99Ms=221.943802 decisionP50Ms=145.551719 decisionP95Ms=269.668125 decisionP99Ms=269.668125 cacheHitP50Ms=0.068541 cacheHitP95Ms=0.068541 cacheEntries=8 cacheEvictions=0 preprocessP50Ms=22.472187 preprocessP95Ms=39.017552 preprocessP99Ms=39.017552 preparedCount1=8 preparedCount4=0 preparedCount5=0 preparedCountOther=0 decisionBasis=None:8 imageCandidates=20 imagePrefixPeeks=9 imageMagicCandidates=0 imageBodyAdmissionPeak=2 imageBodyAdmissionRejects=0 networkVisualCandidates=20 networkVisualReplaced=0 networkVisualRawDelivered=0 networkVisualSafeRawDelivered=12 networkVisualBlockedReplaced=0 networkVisualUnknownReplaced=0 networkVisualUnsupportedReplaced=8 networkVisualRawBlockedDelivered=0 networkVisualRawUnknownDelivered=0 networkVisualCacheHit=3 networkVisualInference=8 mediaDocumentsTransformed=5 mediaDocumentsFailClosed=2 documentTransformOutstanding=0 readyTokensOutstanding=5 uiSvgRegistered=0 uiSvgRegistryBytes=0 uiSvgCssRewritten=0 uiSvgCssRejected=0 uiSvgNetworkAccepted=10 uiSvgNetworkRejected=0 uiSvgAssetServed=0 uiSvgAssetRejected=0 h18=REPORT=not_run,EVENT_SEQUENCE=0,COMPAT_DOCS=0,STRICT_DOCS=0,STYLE_REQ=0,SCRIPT_REQ=0,DATA_REQ=0,NETWORK_REQ=0,REPORTS=0,LAST_DOC=none,NETWORK_SHA=ee17e3f62edde61823ce35732ea168f4f5986bff347ccfac063eca7f4009ee1b,AUDIT_SHA=74d4467bbf6833db4eeab998495b7dfc50db3b1f04f407704b839ad3f4b25582 h19=REPORT=not_run,DOCUMENTS=0,FRAMES=0,SCRIPTS=0,FIRST_ORIGINAL_SCRIPTS=0,STYLES=0,WORKERS=0,SERVICE_WORKERS=0,FRAME_REPORTS=0,FRAME_REPORT_REJECTS=0,FRAME_REPORT=not_run,FRAME_REPORT_SHA=not_run,FRAME_CHALLENGE_SHA=not_run,FRAME_GENERATION=0,FRAME_ACCEPTED_CHALLENGE_SHA=not_run,FRAME_REPORT_BINDING_SHA=not_run,SAME_URL_BODIES=0,REPORTS=0,SW_BOUNDARY={INSTALL_DOCS=0,WORKER_SCRIPTS=0,WORKER_PROBE_SCRIPTS=0,PROBE_DOCS=0,CLEANUP_DOCS=0,REPORTS_ACCEPTED=0,REPORTS_REJECTED=0,CONTROLLER_PRESENT=0,CONTROLLER_MISSING=0,NAV_FETCHES=0,SELF_READY_FETCHES=0,SELF_READY_PASS_THROUGH=0,SELF_READY_SYNTHETIC=0,NAV_SYNTHETIC=0,RESET_BASELINE_CLEAN=0,RESET_BASELINE_DIRTY=0,REGISTER_BLOCKED=0,REGISTER_SUCCEEDED=0,WORKER_REGISTER_BLOCKED=0,WORKER_REGISTER_SUCCEEDED=0,WORKER_REGISTER_UNSUPPORTED=0,WORKER_REGISTER_ERROR=0,LAST_CASE=none,LAST_EVENT=none,LAST_VALUE=none},UI_SVG={not_run} quicAttempts=0 directTcpAttempts=0 bootstrapResetGeneration=2 bootstrapCompleteGeneration=2 bootstrapResetCount=3 chromeSuspended=false guardSession=532 guardHeartbeatSequence=211 audit17State=0 audit17Navigation=0 audit17Events=24 audit17Dropped=0
09-08 02:11:48.314 15801 15801 I ChromeMediaShieldStatus: v=1 seq=3 kind=network mode=selective candidates=20 replaced=0 rawDelivered=0 safeRaw=12 blockedReplaced=0 unknownReplaced=0 unsupportedReplaced=8 rawBlocked=0 rawUnknown=0 cacheHit=3 decisionEngine=8 engineCalls=8
09-08 02:11:48.314 15801 15801 I ChromeMediaShieldStatus: v=1 seq=3 kind=document transformed=5 failClosed=2 outstanding=0 issued=5 claims=1 documentSequence=1 navigationSequence=1 readyRequests=3 readyPreflights=0 readyAccepted=1 readyRejected=0 parserBarrierRequests=0 parserBarrierReady=0 parserBarrierFailClosed=0 selfShield=true selfReadyRequests=1 selfReadyAccepted=1 selfReadyRejected=0 selfReadyRejectReason=none selfShieldReleaseCompleted=1 selfShieldParserContinued=1 selfShieldOriginalScriptStarted=0 selfShieldTraceRejected=0 selfShieldTraceOutstanding=0 bootstrapDiagnosticAccepted=0 bootstrapDiagnosticRejected=0 bootstrapDiagnosticRejectReason=none bootstrapDiagnosticStage=none bootstrapDiagnosticReason=none bootstrapDiagnosticOutstanding=0
09-08 02:11:48.314 15801 15801 I ChromeMediaShieldStatus: v=1 seq=3 kind=renderer reports=0 rejected=0 globalCallbacks=0 globalRecords=0 childRecords=0 attributeRecords=0 maxRecords=0 scanCalls=0 scanRoot=0 scanNodes=0 maxScanNodes=0 scanMicros=0 maxScanMicros=0 observerChildScans=0 observerAttributeScans=0 guardedScans=0 markupScans=0 shadowScans=0 initialScans=0 otherScans=0 sanitizeElement=0 sanitizeContainer=0 img=0 source=0 svg=0 iframe=0 canvas=0 video=0 safeIcon=0 lockIcon=0 geometryWrites=0 svgRecords=0 shadowRoots=0 shadowObservers=0 shadowCallbacks=0 shadowRecords=0 shadowScanCalls=0 ensureStyle=0 ensureCurtain=0 internalMutations=0
09-08 02:11:48.314 15801 15801 I ChromeMediaShieldStatus: v=1 seq=3 kind=rendererApis callScan=createElement=0/0 createElementNS=0/0 appendChild=0/0 insertBefore=0/0 replaceChild=0/0 append=0/0 prepend=0/0 replaceChildren=0/0 before=0/0 after=0/0 replaceWith=0/0 adjacentElement=0/0 moveBefore=0/0 rangeInsert=0/0 rangeSurround=0/0 adoptNode=0/0 cloneNode=0/0 importNode=0/0 safeMarkup=0/0 innerHTML=0/0 outerHTML=0/0 insertAdjacentHTML=0/0 setHTML=0/0 shadowInnerHTML=0/0 execCommandInsertHTML=0/0 mappedTextContent=0/0
09-08 02:11:48.314 15801 15801 I ChromeMediaShieldStatus: v=1 seq=3 kind=rendererFamilies roots=element/fragment/text/other factory:calls=0,scans=0,direct=0,roots=0/0/0/0,nodes=0,micros=0,maxMicros=0 domGuard:calls=0,scans=0,direct=0,roots=0/0/0/0,nodes=0,micros=0,maxMicros=0 markup:calls=0,scans=0,direct=0,roots=0/0/0/0,nodes=0,micros=0,maxMicros=0
09-08 02:11:48.315 15801 15801 I ChromeMediaShieldStatus: v=1 seq=3 kind=uiSvg registered=0 registryBytes=0 cssRewritten=0 cssRejected=0 networkAccepted=10 networkRejected=0 assetServed=0 assetRejected=0
09-08 02:11:48.315 15801 15801 I ChromeMediaShieldStatus: v=1 seq=3 kind=health failures=9 clientDisconnects=0 proxyQueueRejects=0 protectFailure=0 quicAttempts=0 directTcpAttempts=0 active=true ready=true
09-08 02:11:48.315 15801 15801 I ChromeMediaShieldStatus: v=1 seq=3 kind=fixture report=REPORT=not_run,DOCUMENTS=0,FRAMES=0,SCRIPTS=0,FIRST_ORIGINAL_SCRIPTS=0,STYLES=0,WORKERS=0,SERVICE_WORKERS=0,FRAME_REPORTS=0,FRAME_REPORT_REJECTS=0,FRAME_REPORT=not_run,FRAME_REPORT_SHA=not_run,FRAME_CHALLENGE_SHA=not_run,FRAME_GENERATION=0,FRAME_ACCEPTED_CHALLENGE_SHA=not_run,FRAME_REPORT_BINDING_SHA=not_run,SAME_URL_BODIES=0,REPORTS=0,SW_BOUNDARY={INSTALL_DOCS=0,WORKER_SCRIPTS=0,WORKER_PROBE_SCRIPTS=0,PROBE_DOCS=0,CLEANUP_DOCS=0,REPORTS_ACCEPTED=0,REPORTS_REJECTED=0,CONTROLLER_PRESENT=0,CONTROLLER_MISSING=0,NAV_FETCHES=0,SELF_READY_FETCHES=0,SELF_READY_PASS_THROUGH=0,SELF_READY_SYNTHETIC=0,NAV_SYNTHETIC=0,RESET_BASELINE_CLEAN=0,RESET_BASELINE_DIRTY=0,REGISTER_BLOCKED=0,REGISTER_SUCCEEDED=0,WORKER_REGISTER_BLOCKED=0,WORKER_REGISTER_SUCCEEDED=0,WORKER_REGISTER_UNSUPPORTED=0,WORKER_REGISTER_ERROR=0,LAST_CASE=none,LAST_EVENT=none,LAST_VALUE=none},UI_SVG={not_run}
09-08 02:12:43.284 15801 16704 I ChromePhotosDataPlane: phase=worker_ready correlationId=c85 admissionWaitMs=2.812
09-08 02:12:43.359 15801 16704 I ChromePhotosDataPlane: phase=tls_certificate correlationId=c85 tlsCacheHit=true tlsCacheWaitMs=0.047 tlsCreationMs=0.000
09-08 02:12:43.359 15801 16704 I ChromePhotosDataPlane: phase=tls_material correlationId=c85 tlsMaterialMs=11.088
09-08 02:12:43.403 15801 16704 I ChromePhotosDataPlane: phase=tls_ready correlationId=c85 hostClass=network hostHash=fb66c9c8cfe48aef clientProtocol=http/1.1 ca=b84fe96087814860
09-08 02:12:44.301 15801 16704 I ChromePhotosDataPlane: origin=real hostClass=network hostHash=fb66c9c8cfe48aef method=POST clientProtocol=http/1.1 upstreamProtocol=http/1.1 status=204 contentType= bytesOut=0 transfer=fixed upstreamHeadersMs=883.400 downstreamWriteMs=3.138
09-08 02:12:48.501 15801 15801 I ChromePhotosDataPlane: phase=status statusSequence=4 lifecycle=PresentationReady active=true ready=true connections=85 requests=110 safe=12 blocked=0 unknown=8 passthrough=79 cacheHits=3 cacheMisses=19 failures=9 clientDisconnects=0 bytesIn=5410789 bytesOut=5978883 streamed=62 proxyQueueRejects=0 proxyActivePeak=60 proxyP50Ms=195.190 proxyP95Ms=854.538 proxyP99Ms=945.792 upstreamSockets=55 protectSuccess=55 protectFailure=0 web11a=not_run web11b=not_run modelLoadMs=281.008 engineCalls=8 dedupeHits=1 decisionCacheConfig=64 decisionConcurrencyConfig=1 decisionQueueConfig=2 decisionTimeoutMs=5000 engineCallsPerRequest=0.6666666666666666 inferencePeak=1 inFlightPeak=2 queuePeak=1 queueRejects=0 timeouts=0 inferenceP50Ms=139.40901 inferenceP95Ms=221.943802 inferenceP99Ms=221.943802 decisionP50Ms=145.551719 decisionP95Ms=269.668125 decisionP99Ms=269.668125 cacheHitP50Ms=0.068541 cacheHitP95Ms=0.068541 cacheEntries=8 cacheEvictions=0 preprocessP50Ms=22.472187 preprocessP95Ms=39.017552 preprocessP99Ms=39.017552 preparedCount1=8 preparedCount4=0 preparedCount5=0 preparedCountOther=0 decisionBasis=None:8 imageCandidates=20 imagePrefixPeeks=9 imageMagicCandidates=0 imageBodyAdmissionPeak=2 imageBodyAdmissionRejects=0 networkVisualCandidates=20 networkVisualReplaced=0 networkVisualRawDelivered=0 networkVisualSafeRawDelivered=12 networkVisualBlockedReplaced=0 networkVisualUnknownReplaced=0 networkVisualUnsupportedReplaced=8 networkVisualRawBlockedDelivered=0 networkVisualRawUnknownDelivered=0 networkVisualCacheHit=3 networkVisualInference=8 mediaDocumentsTransformed=5 mediaDocumentsFailClosed=2 documentTransformOutstanding=0 readyTokensOutstanding=5 uiSvgRegistered=0 uiSvgRegistryBytes=0 uiSvgCssRewritten=0 uiSvgCssRejected=0 uiSvgNetworkAccepted=10 uiSvgNetworkRejected=0 uiSvgAssetServed=0 uiSvgAssetRejected=0 h18=REPORT=not_run,EVENT_SEQUENCE=0,COMPAT_DOCS=0,STRICT_DOCS=0,STYLE_REQ=0,SCRIPT_REQ=0,DATA_REQ=0,NETWORK_REQ=0,REPORTS=0,LAST_DOC=none,NETWORK_SHA=ee17e3f62edde61823ce35732ea168f4f5986bff347ccfac063eca7f4009ee1b,AUDIT_SHA=74d4467bbf6833db4eeab998495b7dfc50db3b1f04f407704b839ad3f4b25582 h19=REPORT=not_run,DOCUMENTS=0,FRAMES=0,SCRIPTS=0,FIRST_ORIGINAL_SCRIPTS=0,STYLES=0,WORKERS=0,SERVICE_WORKERS=0,FRAME_REPORTS=0,FRAME_REPORT_REJECTS=0,FRAME_REPORT=not_run,FRAME_REPORT_SHA=not_run,FRAME_CHALLENGE_SHA=not_run,FRAME_GENERATION=0,FRAME_ACCEPTED_CHALLENGE_SHA=not_run,FRAME_REPORT_BINDING_SHA=not_run,SAME_URL_BODIES=0,REPORTS=0,SW_BOUNDARY={INSTALL_DOCS=0,WORKER_SCRIPTS=0,WORKER_PROBE_SCRIPTS=0,PROBE_DOCS=0,CLEANUP_DOCS=0,REPORTS_ACCEPTED=0,REPORTS_REJECTED=0,CONTROLLER_PRESENT=0,CONTROLLER_MISSING=0,NAV_FETCHES=0,SELF_READY_FETCHES=0,SELF_READY_PASS_THROUGH=0,SELF_READY_SYNTHETIC=0,NAV_SYNTHETIC=0,RESET_BASELINE_CLEAN=0,RESET_BASELINE_DIRTY=0,REGISTER_BLOCKED=0,REGISTER_SUCCEEDED=0,WORKER_REGISTER_BLOCKED=0,WORKER_REGISTER_SUCCEEDED=0,WORKER_REGISTER_UNSUPPORTED=0,WORKER_REGISTER_ERROR=0,LAST_CASE=none,LAST_EVENT=none,LAST_VALUE=none},UI_SVG={not_run} quicAttempts=0 directTcpAttempts=0 bootstrapResetGeneration=2 bootstrapCompleteGeneration=2 bootstrapResetCount=3 chromeSuspended=false guardSession=532 guardHeartbeatSequence=319 audit17State=0 audit17Navigation=0 audit17Events=24 audit17Dropped=0
09-08 02:12:48.501 15801 15801 I ChromeMediaShieldStatus: v=1 seq=4 kind=network mode=selective candidates=20 replaced=0 rawDelivered=0 safeRaw=12 blockedReplaced=0 unknownReplaced=0 unsupportedReplaced=8 rawBlocked=0 rawUnknown=0 cacheHit=3 decisionEngine=8 engineCalls=8
09-08 02:12:48.501 15801 15801 I ChromeMediaShieldStatus: v=1 seq=4 kind=document transformed=5 failClosed=2 outstanding=0 issued=5 claims=1 documentSequence=1 navigationSequence=1 readyRequests=3 readyPreflights=0 readyAccepted=1 readyRejected=0 parserBarrierRequests=0 parserBarrierReady=0 parserBarrierFailClosed=0 selfShield=true selfReadyRequests=1 selfReadyAccepted=1 selfReadyRejected=0 selfReadyRejectReason=none selfShieldReleaseCompleted=1 selfShieldParserContinued=1 selfShieldOriginalScriptStarted=0 selfShieldTraceRejected=0 selfShieldTraceOutstanding=0 bootstrapDiagnosticAccepted=0 bootstrapDiagnosticRejected=0 bootstrapDiagnosticRejectReason=none bootstrapDiagnosticStage=none bootstrapDiagnosticReason=none bootstrapDiagnosticOutstanding=0
09-08 02:12:48.501 15801 15801 I ChromeMediaShieldStatus: v=1 seq=4 kind=renderer reports=0 rejected=0 globalCallbacks=0 globalRecords=0 childRecords=0 attributeRecords=0 maxRecords=0 scanCalls=0 scanRoot=0 scanNodes=0 maxScanNodes=0 scanMicros=0 maxScanMicros=0 observerChildScans=0 observerAttributeScans=0 guardedScans=0 markupScans=0 shadowScans=0 initialScans=0 otherScans=0 sanitizeElement=0 sanitizeContainer=0 img=0 source=0 svg=0 iframe=0 canvas=0 video=0 safeIcon=0 lockIcon=0 geometryWrites=0 svgRecords=0 shadowRoots=0 shadowObservers=0 shadowCallbacks=0 shadowRecords=0 shadowScanCalls=0 ensureStyle=0 ensureCurtain=0 internalMutations=0
09-08 02:12:48.502 15801 15801 I ChromeMediaShieldStatus: v=1 seq=4 kind=rendererApis callScan=createElement=0/0 createElementNS=0/0 appendChild=0/0 insertBefore=0/0 replaceChild=0/0 append=0/0 prepend=0/0 replaceChildren=0/0 before=0/0 after=0/0 replaceWith=0/0 adjacentElement=0/0 moveBefore=0/0 rangeInsert=0/0 rangeSurround=0/0 adoptNode=0/0 cloneNode=0/0 importNode=0/0 safeMarkup=0/0 innerHTML=0/0 outerHTML=0/0 insertAdjacentHTML=0/0 setHTML=0/0 shadowInnerHTML=0/0 execCommandInsertHTML=0/0 mappedTextContent=0/0
09-08 02:12:48.502 15801 15801 I ChromeMediaShieldStatus: v=1 seq=4 kind=rendererFamilies roots=element/fragment/text/other factory:calls=0,scans=0,direct=0,roots=0/0/0/0,nodes=0,micros=0,maxMicros=0 domGuard:calls=0,scans=0,direct=0,roots=0/0/0/0,nodes=0,micros=0,maxMicros=0 markup:calls=0,scans=0,direct=0,roots=0/0/0/0,nodes=0,micros=0,maxMicros=0
09-08 02:12:48.502 15801 15801 I ChromeMediaShieldStatus: v=1 seq=4 kind=uiSvg registered=0 registryBytes=0 cssRewritten=0 cssRejected=0 networkAccepted=10 networkRejected=0 assetServed=0 assetRejected=0
09-08 02:12:48.502 15801 15801 I ChromeMediaShieldStatus: v=1 seq=4 kind=health failures=9 clientDisconnects=0 proxyQueueRejects=0 protectFailure=0 quicAttempts=0 directTcpAttempts=0 active=true ready=true
09-08 02:12:48.502 15801 15801 I ChromeMediaShieldStatus: v=1 seq=4 kind=fixture report=REPORT=not_run,DOCUMENTS=0,FRAMES=0,SCRIPTS=0,FIRST_ORIGINAL_SCRIPTS=0,STYLES=0,WORKERS=0,SERVICE_WORKERS=0,FRAME_REPORTS=0,FRAME_REPORT_REJECTS=0,FRAME_REPORT=not_run,FRAME_REPORT_SHA=not_run,FRAME_CHALLENGE_SHA=not_run,FRAME_GENERATION=0,FRAME_ACCEPTED_CHALLENGE_SHA=not_run,FRAME_REPORT_BINDING_SHA=not_run,SAME_URL_BODIES=0,REPORTS=0,SW_BOUNDARY={INSTALL_DOCS=0,WORKER_SCRIPTS=0,WORKER_PROBE_SCRIPTS=0,PROBE_DOCS=0,CLEANUP_DOCS=0,REPORTS_ACCEPTED=0,REPORTS_REJECTED=0,CONTROLLER_PRESENT=0,CONTROLLER_MISSING=0,NAV_FETCHES=0,SELF_READY_FETCHES=0,SELF_READY_PASS_THROUGH=0,SELF_READY_SYNTHETIC=0,NAV_SYNTHETIC=0,RESET_BASELINE_CLEAN=0,RESET_BASELINE_DIRTY=0,REGISTER_BLOCKED=0,REGISTER_SUCCEEDED=0,WORKER_REGISTER_BLOCKED=0,WORKER_REGISTER_SUCCEEDED=0,WORKER_REGISTER_UNSUPPORTED=0,WORKER_REGISTER_ERROR=0,LAST_CASE=none,LAST_EVENT=none,LAST_VALUE=none},UI_SVG={not_run}
09-08 02:13:44.266 15801 16661 I ChromePhotosDataPlane: phase=worker_ready correlationId=c86 admissionWaitMs=0.690
09-08 02:13:44.366 15801 16661 I ChromePhotosDataPlane: phase=tls_certificate correlationId=c86 tlsCacheHit=true tlsCacheWaitMs=0.031 tlsCreationMs=0.000
09-08 02:13:44.367 15801 16661 I ChromePhotosDataPlane: phase=tls_material correlationId=c86 tlsMaterialMs=1.288
09-08 02:13:44.403 15801 16661 I ChromePhotosDataPlane: phase=tls_ready correlationId=c86 hostClass=network hostHash=fb66c9c8cfe48aef clientProtocol=http/1.1 ca=b84fe96087814860
09-08 02:13:45.329 15801 16661 I ChromePhotosDataPlane: origin=real hostClass=network hostHash=fb66c9c8cfe48aef method=POST clientProtocol=http/1.1 upstreamProtocol=http/1.1 status=204 contentType= bytesOut=0 transfer=fixed upstreamHeadersMs=916.394 downstreamWriteMs=1.827
09-08 02:13:48.086 15801 15801 I ChromePhotosDataPlane: phase=status statusSequence=5 lifecycle=PresentationReady active=true ready=true connections=86 requests=111 safe=12 blocked=0 unknown=8 passthrough=80 cacheHits=3 cacheMisses=19 failures=9 clientDisconnects=0 bytesIn=5410789 bytesOut=5978883 streamed=63 proxyQueueRejects=0 proxyActivePeak=60 proxyP50Ms=195.726 proxyP95Ms=901.919 proxyP99Ms=945.792 upstreamSockets=56 protectSuccess=56 protectFailure=0 web11a=not_run web11b=not_run modelLoadMs=281.008 engineCalls=8 dedupeHits=1 decisionCacheConfig=64 decisionConcurrencyConfig=1 decisionQueueConfig=2 decisionTimeoutMs=5000 engineCallsPerRequest=0.6666666666666666 inferencePeak=1 inFlightPeak=2 queuePeak=1 queueRejects=0 timeouts=0 inferenceP50Ms=139.40901 inferenceP95Ms=221.943802 inferenceP99Ms=221.943802 decisionP50Ms=145.551719 decisionP95Ms=269.668125 decisionP99Ms=269.668125 cacheHitP50Ms=0.068541 cacheHitP95Ms=0.068541 cacheEntries=8 cacheEvictions=0 preprocessP50Ms=22.472187 preprocessP95Ms=39.017552 preprocessP99Ms=39.017552 preparedCount1=8 preparedCount4=0 preparedCount5=0 preparedCountOther=0 decisionBasis=None:8 imageCandidates=20 imagePrefixPeeks=9 imageMagicCandidates=0 imageBodyAdmissionPeak=2 imageBodyAdmissionRejects=0 networkVisualCandidates=20 networkVisualReplaced=0 networkVisualRawDelivered=0 networkVisualSafeRawDelivered=12 networkVisualBlockedReplaced=0 networkVisualUnknownReplaced=0 networkVisualUnsupportedReplaced=8 networkVisualRawBlockedDelivered=0 networkVisualRawUnknownDelivered=0 networkVisualCacheHit=3 networkVisualInference=8 mediaDocumentsTransformed=5 mediaDocumentsFailClosed=2 documentTransformOutstanding=0 readyTokensOutstanding=5 uiSvgRegistered=0 uiSvgRegistryBytes=0 uiSvgCssRewritten=0 uiSvgCssRejected=0 uiSvgNetworkAccepted=10 uiSvgNetworkRejected=0 uiSvgAssetServed=0 uiSvgAssetRejected=0 h18=REPORT=not_run,EVENT_SEQUENCE=0,COMPAT_DOCS=0,STRICT_DOCS=0,STYLE_REQ=0,SCRIPT_REQ=0,DATA_REQ=0,NETWORK_REQ=0,REPORTS=0,LAST_DOC=none,NETWORK_SHA=ee17e3f62edde61823ce35732ea168f4f5986bff347ccfac063eca7f4009ee1b,AUDIT_SHA=74d4467bbf6833db4eeab998495b7dfc50db3b1f04f407704b839ad3f4b25582 h19=REPORT=not_run,DOCUMENTS=0,FRAMES=0,SCRIPTS=0,FIRST_ORIGINAL_SCRIPTS=0,STYLES=0,WORKERS=0,SERVICE_WORKERS=0,FRAME_REPORTS=0,FRAME_REPORT_REJECTS=0,FRAME_REPORT=not_run,FRAME_REPORT_SHA=not_run,FRAME_CHALLENGE_SHA=not_run,FRAME_GENERATION=0,FRAME_ACCEPTED_CHALLENGE_SHA=not_run,FRAME_REPORT_BINDING_SHA=not_run,SAME_URL_BODIES=0,REPORTS=0,SW_BOUNDARY={INSTALL_DOCS=0,WORKER_SCRIPTS=0,WORKER_PROBE_SCRIPTS=0,PROBE_DOCS=0,CLEANUP_DOCS=0,REPORTS_ACCEPTED=0,REPORTS_REJECTED=0,CONTROLLER_PRESENT=0,CONTROLLER_MISSING=0,NAV_FETCHES=0,SELF_READY_FETCHES=0,SELF_READY_PASS_THROUGH=0,SELF_READY_SYNTHETIC=0,NAV_SYNTHETIC=0,RESET_BASELINE_CLEAN=0,RESET_BASELINE_DIRTY=0,REGISTER_BLOCKED=0,REGISTER_SUCCEEDED=0,WORKER_REGISTER_BLOCKED=0,WORKER_REGISTER_SUCCEEDED=0,WORKER_REGISTER_UNSUPPORTED=0,WORKER_REGISTER_ERROR=0,LAST_CASE=none,LAST_EVENT=none,LAST_VALUE=none},UI_SVG={not_run} quicAttempts=0 directTcpAttempts=0 bootstrapResetGeneration=2 bootstrapCompleteGeneration=2 bootstrapResetCount=3 chromeSuspended=false guardSession=532 guardHeartbeatSequence=426 audit17State=0 audit17Navigation=0 audit17Events=24 audit17Dropped=0
09-08 02:13:48.087 15801 15801 I ChromeMediaShieldStatus: v=1 seq=5 kind=network mode=selective candidates=20 replaced=0 rawDelivered=0 safeRaw=12 blockedReplaced=0 unknownReplaced=0 unsupportedReplaced=8 rawBlocked=0 rawUnknown=0 cacheHit=3 decisionEngine=8 engineCalls=8
09-08 02:13:48.087 15801 15801 I ChromeMediaShieldStatus: v=1 seq=5 kind=document transformed=5 failClosed=2 outstanding=0 issued=5 claims=1 documentSequence=1 navigationSequence=1 readyRequests=3 readyPreflights=0 readyAccepted=1 readyRejected=0 parserBarrierRequests=0 parserBarrierReady=0 parserBarrierFailClosed=0 selfShield=true selfReadyRequests=1 selfReadyAccepted=1 selfReadyRejected=0 selfReadyRejectReason=none selfShieldReleaseCompleted=1 selfShieldParserContinued=1 selfShieldOriginalScriptStarted=0 selfShieldTraceRejected=0 selfShieldTraceOutstanding=0 bootstrapDiagnosticAccepted=0 bootstrapDiagnosticRejected=0 bootstrapDiagnosticRejectReason=none bootstrapDiagnosticStage=none bootstrapDiagnosticReason=none bootstrapDiagnosticOutstanding=0
09-08 02:13:48.087 15801 15801 I ChromeMediaShieldStatus: v=1 seq=5 kind=renderer reports=0 rejected=0 globalCallbacks=0 globalRecords=0 childRecords=0 attributeRecords=0 maxRecords=0 scanCalls=0 scanRoot=0 scanNodes=0 maxScanNodes=0 scanMicros=0 maxScanMicros=0 observerChildScans=0 observerAttributeScans=0 guardedScans=0 markupScans=0 shadowScans=0 initialScans=0 otherScans=0 sanitizeElement=0 sanitizeContainer=0 img=0 source=0 svg=0 iframe=0 canvas=0 video=0 safeIcon=0 lockIcon=0 geometryWrites=0 svgRecords=0 shadowRoots=0 shadowObservers=0 shadowCallbacks=0 shadowRecords=0 shadowScanCalls=0 ensureStyle=0 ensureCurtain=0 internalMutations=0
09-08 02:13:48.087 15801 15801 I ChromeMediaShieldStatus: v=1 seq=5 kind=rendererApis callScan=createElement=0/0 createElementNS=0/0 appendChild=0/0 insertBefore=0/0 replaceChild=0/0 append=0/0 prepend=0/0 replaceChildren=0/0 before=0/0 after=0/0 replaceWith=0/0 adjacentElement=0/0 moveBefore=0/0 rangeInsert=0/0 rangeSurround=0/0 adoptNode=0/0 cloneNode=0/0 importNode=0/0 safeMarkup=0/0 innerHTML=0/0 outerHTML=0/0 insertAdjacentHTML=0/0 setHTML=0/0 shadowInnerHTML=0/0 execCommandInsertHTML=0/0 mappedTextContent=0/0
09-08 02:13:48.087 15801 15801 I ChromeMediaShieldStatus: v=1 seq=5 kind=rendererFamilies roots=element/fragment/text/other factory:calls=0,scans=0,direct=0,roots=0/0/0/0,nodes=0,micros=0,maxMicros=0 domGuard:calls=0,scans=0,direct=0,roots=0/0/0/0,nodes=0,micros=0,maxMicros=0 markup:calls=0,scans=0,direct=0,roots=0/0/0/0,nodes=0,micros=0,maxMicros=0
09-08 02:13:48.087 15801 15801 I ChromeMediaShieldStatus: v=1 seq=5 kind=uiSvg registered=0 registryBytes=0 cssRewritten=0 cssRejected=0 networkAccepted=10 networkRejected=0 assetServed=0 assetRejected=0
09-08 02:13:48.088 15801 15801 I ChromeMediaShieldStatus: v=1 seq=5 kind=health failures=9 clientDisconnects=0 proxyQueueRejects=0 protectFailure=0 quicAttempts=0 directTcpAttempts=0 active=true ready=true
09-08 02:13:48.088 15801 15801 I ChromeMediaShieldStatus: v=1 seq=5 kind=fixture report=REPORT=not_run,DOCUMENTS=0,FRAMES=0,SCRIPTS=0,FIRST_ORIGINAL_SCRIPTS=0,STYLES=0,WORKERS=0,SERVICE_WORKERS=0,FRAME_REPORTS=0,FRAME_REPORT_REJECTS=0,FRAME_REPORT=not_run,FRAME_REPORT_SHA=not_run,FRAME_CHALLENGE_SHA=not_run,FRAME_GENERATION=0,FRAME_ACCEPTED_CHALLENGE_SHA=not_run,FRAME_REPORT_BINDING_SHA=not_run,SAME_URL_BODIES=0,REPORTS=0,SW_BOUNDARY={INSTALL_DOCS=0,WORKER_SCRIPTS=0,WORKER_PROBE_SCRIPTS=0,PROBE_DOCS=0,CLEANUP_DOCS=0,REPORTS_ACCEPTED=0,REPORTS_REJECTED=0,CONTROLLER_PRESENT=0,CONTROLLER_MISSING=0,NAV_FETCHES=0,SELF_READY_FETCHES=0,SELF_READY_PASS_THROUGH=0,SELF_READY_SYNTHETIC=0,NAV_SYNTHETIC=0,RESET_BASELINE_CLEAN=0,RESET_BASELINE_DIRTY=0,REGISTER_BLOCKED=0,REGISTER_SUCCEEDED=0,WORKER_REGISTER_BLOCKED=0,WORKER_REGISTER_SUCCEEDED=0,WORKER_REGISTER_UNSUPPORTED=0,WORKER_REGISTER_ERROR=0,LAST_CASE=none,LAST_EVENT=none,LAST_VALUE=none},UI_SVG={not_run}
09-08 02:14:45.281 15801 16609 I ChromePhotosDataPlane: phase=worker_ready correlationId=c87 admissionWaitMs=0.601
09-08 02:14:45.344 15801 16609 I ChromePhotosDataPlane: phase=tls_certificate correlationId=c87 tlsCacheHit=true tlsCacheWaitMs=0.030 tlsCreationMs=0.000
09-08 02:14:45.345 15801 16609 I ChromePhotosDataPlane: phase=tls_material correlationId=c87 tlsMaterialMs=1.013
09-08 02:14:45.382 15801 16609 I ChromePhotosDataPlane: phase=tls_ready correlationId=c87 hostClass=network hostHash=fb66c9c8cfe48aef clientProtocol=http/1.1 ca=b84fe96087814860
09-08 02:14:46.258 15801 16609 I ChromePhotosDataPlane: origin=real hostClass=network hostHash=fb66c9c8cfe48aef method=POST clientProtocol=http/1.1 upstreamProtocol=http/1.1 status=204 contentType= bytesOut=0 transfer=fixed upstreamHeadersMs=866.483 downstreamWriteMs=1.509
09-08 02:14:48.356 15801 15801 I ChromePhotosDataPlane: phase=status statusSequence=6 lifecycle=PresentationReady active=true ready=true connections=87 requests=112 safe=12 blocked=0 unknown=8 passthrough=81 cacheHits=3 cacheMisses=19 failures=9 clientDisconnects=0 bytesIn=5410789 bytesOut=5978883 streamed=64 proxyQueueRejects=0 proxyActivePeak=60 proxyP50Ms=195.726 proxyP95Ms=901.919 proxyP99Ms=945.792 upstreamSockets=57 protectSuccess=57 protectFailure=0 web11a=not_run web11b=not_run modelLoadMs=281.008 engineCalls=8 dedupeHits=1 decisionCacheConfig=64 decisionConcurrencyConfig=1 decisionQueueConfig=2 decisionTimeoutMs=5000 engineCallsPerRequest=0.6666666666666666 inferencePeak=1 inFlightPeak=2 queuePeak=1 queueRejects=0 timeouts=0 inferenceP50Ms=139.40901 inferenceP95Ms=221.943802 inferenceP99Ms=221.943802 decisionP50Ms=145.551719 decisionP95Ms=269.668125 decisionP99Ms=269.668125 cacheHitP50Ms=0.068541 cacheHitP95Ms=0.068541 cacheEntries=8 cacheEvictions=0 preprocessP50Ms=22.472187 preprocessP95Ms=39.017552 preprocessP99Ms=39.017552 preparedCount1=8 preparedCount4=0 preparedCount5=0 preparedCountOther=0 decisionBasis=None:8 imageCandidates=20 imagePrefixPeeks=9 imageMagicCandidates=0 imageBodyAdmissionPeak=2 imageBodyAdmissionRejects=0 networkVisualCandidates=20 networkVisualReplaced=0 networkVisualRawDelivered=0 networkVisualSafeRawDelivered=12 networkVisualBlockedReplaced=0 networkVisualUnknownReplaced=0 networkVisualUnsupportedReplaced=8 networkVisualRawBlockedDelivered=0 networkVisualRawUnknownDelivered=0 networkVisualCacheHit=3 networkVisualInference=8 mediaDocumentsTransformed=5 mediaDocumentsFailClosed=2 documentTransformOutstanding=0 readyTokensOutstanding=5 uiSvgRegistered=0 uiSvgRegistryBytes=0 uiSvgCssRewritten=0 uiSvgCssRejected=0 uiSvgNetworkAccepted=10 uiSvgNetworkRejected=0 uiSvgAssetServed=0 uiSvgAssetRejected=0 h18=REPORT=not_run,EVENT_SEQUENCE=0,COMPAT_DOCS=0,STRICT_DOCS=0,STYLE_REQ=0,SCRIPT_REQ=0,DATA_REQ=0,NETWORK_REQ=0,REPORTS=0,LAST_DOC=none,NETWORK_SHA=ee17e3f62edde61823ce35732ea168f4f5986bff347ccfac063eca7f4009ee1b,AUDIT_SHA=74d4467bbf6833db4eeab998495b7dfc50db3b1f04f407704b839ad3f4b25582 h19=REPORT=not_run,DOCUMENTS=0,FRAMES=0,SCRIPTS=0,FIRST_ORIGINAL_SCRIPTS=0,STYLES=0,WORKERS=0,SERVICE_WORKERS=0,FRAME_REPORTS=0,FRAME_REPORT_REJECTS=0,FRAME_REPORT=not_run,FRAME_REPORT_SHA=not_run,FRAME_CHALLENGE_SHA=not_run,FRAME_GENERATION=0,FRAME_ACCEPTED_CHALLENGE_SHA=not_run,FRAME_REPORT_BINDING_SHA=not_run,SAME_URL_BODIES=0,REPORTS=0,SW_BOUNDARY={INSTALL_DOCS=0,WORKER_SCRIPTS=0,WORKER_PROBE_SCRIPTS=0,PROBE_DOCS=0,CLEANUP_DOCS=0,REPORTS_ACCEPTED=0,REPORTS_REJECTED=0,CONTROLLER_PRESENT=0,CONTROLLER_MISSING=0,NAV_FETCHES=0,SELF_READY_FETCHES=0,SELF_READY_PASS_THROUGH=0,SELF_READY_SYNTHETIC=0,NAV_SYNTHETIC=0,RESET_BASELINE_CLEAN=0,RESET_BASELINE_DIRTY=0,REGISTER_BLOCKED=0,REGISTER_SUCCEEDED=0,WORKER_REGISTER_BLOCKED=0,WORKER_REGISTER_SUCCEEDED=0,WORKER_REGISTER_UNSUPPORTED=0,WORKER_REGISTER_ERROR=0,LAST_CASE=none,LAST_EVENT=none,LAST_VALUE=none},UI_SVG={not_run} quicAttempts=0 directTcpAttempts=0 bootstrapResetGeneration=2 bootstrapCompleteGeneration=2 bootstrapResetCount=3 chromeSuspended=false guardSession=532 guardHeartbeatSequence=534 audit17State=0 audit17Navigation=0 audit17Events=24 audit17Dropped=0
09-08 02:14:48.356 15801 15801 I ChromeMediaShieldStatus: v=1 seq=6 kind=network mode=selective candidates=20 replaced=0 rawDelivered=0 safeRaw=12 blockedReplaced=0 unknownReplaced=0 unsupportedReplaced=8 rawBlocked=0 rawUnknown=0 cacheHit=3 decisionEngine=8 engineCalls=8
09-08 02:14:48.356 15801 15801 I ChromeMediaShieldStatus: v=1 seq=6 kind=document transformed=5 failClosed=2 outstanding=0 issued=5 claims=1 documentSequence=1 navigationSequence=1 readyRequests=3 readyPreflights=0 readyAccepted=1 readyRejected=0 parserBarrierRequests=0 parserBarrierReady=0 parserBarrierFailClosed=0 selfShield=true selfReadyRequests=1 selfReadyAccepted=1 selfReadyRejected=0 selfReadyRejectReason=none selfShieldReleaseCompleted=1 selfShieldParserContinued=1 selfShieldOriginalScriptStarted=0 selfShieldTraceRejected=0 selfShieldTraceOutstanding=0 bootstrapDiagnosticAccepted=0 bootstrapDiagnosticRejected=0 bootstrapDiagnosticRejectReason=none bootstrapDiagnosticStage=none bootstrapDiagnosticReason=none bootstrapDiagnosticOutstanding=0
09-08 02:14:48.356 15801 15801 I ChromeMediaShieldStatus: v=1 seq=6 kind=renderer reports=0 rejected=0 globalCallbacks=0 globalRecords=0 childRecords=0 attributeRecords=0 maxRecords=0 scanCalls=0 scanRoot=0 scanNodes=0 maxScanNodes=0 scanMicros=0 maxScanMicros=0 observerChildScans=0 observerAttributeScans=0 guardedScans=0 markupScans=0 shadowScans=0 initialScans=0 otherScans=0 sanitizeElement=0 sanitizeContainer=0 img=0 source=0 svg=0 iframe=0 canvas=0 video=0 safeIcon=0 lockIcon=0 geometryWrites=0 svgRecords=0 shadowRoots=0 shadowObservers=0 shadowCallbacks=0 shadowRecords=0 shadowScanCalls=0 ensureStyle=0 ensureCurtain=0 internalMutations=0
09-08 02:14:48.356 15801 15801 I ChromeMediaShieldStatus: v=1 seq=6 kind=rendererApis callScan=createElement=0/0 createElementNS=0/0 appendChild=0/0 insertBefore=0/0 replaceChild=0/0 append=0/0 prepend=0/0 replaceChildren=0/0 before=0/0 after=0/0 replaceWith=0/0 adjacentElement=0/0 moveBefore=0/0 rangeInsert=0/0 rangeSurround=0/0 adoptNode=0/0 cloneNode=0/0 importNode=0/0 safeMarkup=0/0 innerHTML=0/0 outerHTML=0/0 insertAdjacentHTML=0/0 setHTML=0/0 shadowInnerHTML=0/0 execCommandInsertHTML=0/0 mappedTextContent=0/0
09-08 02:14:48.357 15801 15801 I ChromeMediaShieldStatus: v=1 seq=6 kind=rendererFamilies roots=element/fragment/text/other factory:calls=0,scans=0,direct=0,roots=0/0/0/0,nodes=0,micros=0,maxMicros=0 domGuard:calls=0,scans=0,direct=0,roots=0/0/0/0,nodes=0,micros=0,maxMicros=0 markup:calls=0,scans=0,direct=0,roots=0/0/0/0,nodes=0,micros=0,maxMicros=0
09-08 02:14:48.357 15801 15801 I ChromeMediaShieldStatus: v=1 seq=6 kind=uiSvg registered=0 registryBytes=0 cssRewritten=0 cssRejected=0 networkAccepted=10 networkRejected=0 assetServed=0 assetRejected=0
09-08 02:14:48.357 15801 15801 I ChromeMediaShieldStatus: v=1 seq=6 kind=health failures=9 clientDisconnects=0 proxyQueueRejects=0 protectFailure=0 quicAttempts=0 directTcpAttempts=0 active=true ready=true
09-08 02:14:48.357 15801 15801 I ChromeMediaShieldStatus: v=1 seq=6 kind=fixture report=REPORT=not_run,DOCUMENTS=0,FRAMES=0,SCRIPTS=0,FIRST_ORIGINAL_SCRIPTS=0,STYLES=0,WORKERS=0,SERVICE_WORKERS=0,FRAME_REPORTS=0,FRAME_REPORT_REJECTS=0,FRAME_REPORT=not_run,FRAME_REPORT_SHA=not_run,FRAME_CHALLENGE_SHA=not_run,FRAME_GENERATION=0,FRAME_ACCEPTED_CHALLENGE_SHA=not_run,FRAME_REPORT_BINDING_SHA=not_run,SAME_URL_BODIES=0,REPORTS=0,SW_BOUNDARY={INSTALL_DOCS=0,WORKER_SCRIPTS=0,WORKER_PROBE_SCRIPTS=0,PROBE_DOCS=0,CLEANUP_DOCS=0,REPORTS_ACCEPTED=0,REPORTS_REJECTED=0,CONTROLLER_PRESENT=0,CONTROLLER_MISSING=0,NAV_FETCHES=0,SELF_READY_FETCHES=0,SELF_READY_PASS_THROUGH=0,SELF_READY_SYNTHETIC=0,NAV_SYNTHETIC=0,RESET_BASELINE_CLEAN=0,RESET_BASELINE_DIRTY=0,REGISTER_BLOCKED=0,REGISTER_SUCCEEDED=0,WORKER_REGISTER_BLOCKED=0,WORKER_REGISTER_SUCCEEDED=0,WORKER_REGISTER_UNSUPPORTED=0,WORKER_REGISTER_ERROR=0,LAST_CASE=none,LAST_EVENT=none,LAST_VALUE=none},UI_SVG={not_run}
09-08 02:15:35.130 15801 16554 I ChromePhotosDataPlane: phase=worker_ready correlationId=c88 admissionWaitMs=2.237
09-08 02:15:35.191 15801 16554 I ChromePhotosDataPlane: phase=tls_certificate correlationId=c88 tlsCacheHit=true tlsCacheWaitMs=0.016 tlsCreationMs=0.000
09-08 02:15:35.191 15801 16554 I ChromePhotosDataPlane: phase=tls_material correlationId=c88 tlsMaterialMs=0.532
09-08 02:15:35.217 15801 16554 I ChromePhotosDataPlane: phase=tls_ready correlationId=c88 hostClass=network hostHash=100d2a11512096b7 clientProtocol=http/1.1 ca=b84fe96087814860
09-08 02:15:36.269 15801 16554 I ChromePhotosDataPlane: origin=real hostClass=network hostHash=100d2a11512096b7 method=OPTIONS clientProtocol=http/1.1 upstreamProtocol=h2 status=204 contentType= bytesOut=0 transfer=fixed upstreamHeadersMs=1048.798 downstreamWriteMs=0.907
09-08 02:15:36.290 15801 16809 I ChromePhotosDataPlane: phase=worker_ready correlationId=c89 admissionWaitMs=0.419
09-08 02:15:36.299 15801 16809 I ChromePhotosDataPlane: phase=tls_certificate correlationId=c89 tlsCacheHit=true tlsCacheWaitMs=0.015 tlsCreationMs=0.000
09-08 02:15:36.299 15801 16809 I ChromePhotosDataPlane: phase=tls_material correlationId=c89 tlsMaterialMs=0.480
09-08 02:15:36.314 15801 16809 I ChromePhotosDataPlane: phase=tls_ready correlationId=c89 hostClass=network hostHash=100d2a11512096b7 clientProtocol=http/1.1 ca=b84fe96087814860
09-08 02:15:36.573 15801 16809 I ChromePhotosDataPlane: origin=real hostClass=network hostHash=100d2a11512096b7 method=POST clientProtocol=http/1.1 upstreamProtocol=h2 status=204 contentType= bytesOut=0 transfer=fixed upstreamHeadersMs=251.911 downstreamWriteMs=0.647
09-08 02:15:41.288 15801 16547 I ChromePhotosDataPlane: phase=worker_ready correlationId=c90 admissionWaitMs=0.340
09-08 02:15:41.337 15801 16547 I ChromePhotosDataPlane: phase=tls_certificate correlationId=c90 tlsCacheHit=true tlsCacheWaitMs=0.029 tlsCreationMs=0.000
09-08 02:15:41.337 15801 16547 I ChromePhotosDataPlane: phase=tls_material correlationId=c90 tlsMaterialMs=0.894
09-08 02:15:41.371 15801 16547 I ChromePhotosDataPlane: phase=tls_ready correlationId=c90 hostClass=network hostHash=fb66c9c8cfe48aef clientProtocol=http/1.1 ca=b84fe96087814860
09-08 02:15:42.297 15801 16547 I ChromePhotosDataPlane: origin=real hostClass=network hostHash=fb66c9c8cfe48aef method=POST clientProtocol=http/1.1 upstreamProtocol=http/1.1 status=204 contentType= bytesOut=0 transfer=fixed upstreamHeadersMs=914.214 downstreamWriteMs=0.731
09-08 02:15:48.046 15801 15801 I ChromePhotosDataPlane: phase=status statusSequence=7 lifecycle=PresentationReady active=true ready=true connections=90 requests=115 safe=12 blocked=0 unknown=8 passthrough=84 cacheHits=3 cacheMisses=19 failures=9 clientDisconnects=0 bytesIn=5410789 bytesOut=5978883 streamed=67 proxyQueueRejects=0 proxyActivePeak=60 proxyP50Ms=206.462 proxyP95Ms=912.403 proxyP99Ms=1051.467 upstreamSockets=59 protectSuccess=59 protectFailure=0 web11a=not_run web11b=not_run modelLoadMs=281.008 engineCalls=8 dedupeHits=1 decisionCacheConfig=64 decisionConcurrencyConfig=1 decisionQueueConfig=2 decisionTimeoutMs=5000 engineCallsPerRequest=0.6666666666666666 inferencePeak=1 inFlightPeak=2 queuePeak=1 queueRejects=0 timeouts=0 inferenceP50Ms=139.40901 inferenceP95Ms=221.943802 inferenceP99Ms=221.943802 decisionP50Ms=145.551719 decisionP95Ms=269.668125 decisionP99Ms=269.668125 cacheHitP50Ms=0.068541 cacheHitP95Ms=0.068541 cacheEntries=8 cacheEvictions=0 preprocessP50Ms=22.472187 preprocessP95Ms=39.017552 preprocessP99Ms=39.017552 preparedCount1=8 preparedCount4=0 preparedCount5=0 preparedCountOther=0 decisionBasis=None:8 imageCandidates=20 imagePrefixPeeks=9 imageMagicCandidates=0 imageBodyAdmissionPeak=2 imageBodyAdmissionRejects=0 networkVisualCandidates=20 networkVisualReplaced=0 networkVisualRawDelivered=0 networkVisualSafeRawDelivered=12 networkVisualBlockedReplaced=0 networkVisualUnknownReplaced=0 networkVisualUnsupportedReplaced=8 networkVisualRawBlockedDelivered=0 networkVisualRawUnknownDelivered=0 networkVisualCacheHit=3 networkVisualInference=8 mediaDocumentsTransformed=5 mediaDocumentsFailClosed=2 documentTransformOutstanding=0 readyTokensOutstanding=5 uiSvgRegistered=0 uiSvgRegistryBytes=0 uiSvgCssRewritten=0 uiSvgCssRejected=0 uiSvgNetworkAccepted=10 uiSvgNetworkRejected=0 uiSvgAssetServed=0 uiSvgAssetRejected=0 h18=REPORT=not_run,EVENT_SEQUENCE=0,COMPAT_DOCS=0,STRICT_DOCS=0,STYLE_REQ=0,SCRIPT_REQ=0,DATA_REQ=0,NETWORK_REQ=0,REPORTS=0,LAST_DOC=none,NETWORK_SHA=ee17e3f62edde61823ce35732ea168f4f5986bff347ccfac063eca7f4009ee1b,AUDIT_SHA=74d4467bbf6833db4eeab998495b7dfc50db3b1f04f407704b839ad3f4b25582 h19=REPORT=not_run,DOCUMENTS=0,FRAMES=0,SCRIPTS=0,FIRST_ORIGINAL_SCRIPTS=0,STYLES=0,WORKERS=0,SERVICE_WORKERS=0,FRAME_REPORTS=0,FRAME_REPORT_REJECTS=0,FRAME_REPORT=not_run,FRAME_REPORT_SHA=not_run,FRAME_CHALLENGE_SHA=not_run,FRAME_GENERATION=0,FRAME_ACCEPTED_CHALLENGE_SHA=not_run,FRAME_REPORT_BINDING_SHA=not_run,SAME_URL_BODIES=0,REPORTS=0,SW_BOUNDARY={INSTALL_DOCS=0,WORKER_SCRIPTS=0,WORKER_PROBE_SCRIPTS=0,PROBE_DOCS=0,CLEANUP_DOCS=0,REPORTS_ACCEPTED=0,REPORTS_REJECTED=0,CONTROLLER_PRESENT=0,CONTROLLER_MISSING=0,NAV_FETCHES=0,SELF_READY_FETCHES=0,SELF_READY_PASS_THROUGH=0,SELF_READY_SYNTHETIC=0,NAV_SYNTHETIC=0,RESET_BASELINE_CLEAN=0,RESET_BASELINE_DIRTY=0,REGISTER_BLOCKED=0,REGISTER_SUCCEEDED=0,WORKER_REGISTER_BLOCKED=0,WORKER_REGISTER_SUCCEEDED=0,WORKER_REGISTER_UNSUPPORTED=0,WORKER_REGISTER_ERROR=0,LAST_CASE=none,LAST_EVENT=none,LAST_VALUE=none},UI_SVG={not_run} quicAttempts=0 directTcpAttempts=0 bootstrapResetGeneration=2 bootstrapCompleteGeneration=2 bootstrapResetCount=3 chromeSuspended=false guardSession=532 guardHeartbeatSequence=641 audit17State=0 audit17Navigation=0 audit17Events=24 audit17Dropped=0
09-08 02:15:48.046 15801 15801 I ChromeMediaShieldStatus: v=1 seq=7 kind=network mode=selective candidates=20 replaced=0 rawDelivered=0 safeRaw=12 blockedReplaced=0 unknownReplaced=0 unsupportedReplaced=8 rawBlocked=0 rawUnknown=0 cacheHit=3 decisionEngine=8 engineCalls=8
09-08 02:15:48.046 15801 15801 I ChromeMediaShieldStatus: v=1 seq=7 kind=document transformed=5 failClosed=2 outstanding=0 issued=5 claims=1 documentSequence=1 navigationSequence=1 readyRequests=3 readyPreflights=0 readyAccepted=1 readyRejected=0 parserBarrierRequests=0 parserBarrierReady=0 parserBarrierFailClosed=0 selfShield=true selfReadyRequests=1 selfReadyAccepted=1 selfReadyRejected=0 selfReadyRejectReason=none selfShieldReleaseCompleted=1 selfShieldParserContinued=1 selfShieldOriginalScriptStarted=0 selfShieldTraceRejected=0 selfShieldTraceOutstanding=0 bootstrapDiagnosticAccepted=0 bootstrapDiagnosticRejected=0 bootstrapDiagnosticRejectReason=none bootstrapDiagnosticStage=none bootstrapDiagnosticReason=none bootstrapDiagnosticOutstanding=0
09-08 02:15:48.046 15801 15801 I ChromeMediaShieldStatus: v=1 seq=7 kind=renderer reports=0 rejected=0 globalCallbacks=0 globalRecords=0 childRecords=0 attributeRecords=0 maxRecords=0 scanCalls=0 scanRoot=0 scanNodes=0 maxScanNodes=0 scanMicros=0 maxScanMicros=0 observerChildScans=0 observerAttributeScans=0 guardedScans=0 markupScans=0 shadowScans=0 initialScans=0 otherScans=0 sanitizeElement=0 sanitizeContainer=0 img=0 source=0 svg=0 iframe=0 canvas=0 video=0 safeIcon=0 lockIcon=0 geometryWrites=0 svgRecords=0 shadowRoots=0 shadowObservers=0 shadowCallbacks=0 shadowRecords=0 shadowScanCalls=0 ensureStyle=0 ensureCurtain=0 internalMutations=0
09-08 02:15:48.047 15801 15801 I ChromeMediaShieldStatus: v=1 seq=7 kind=rendererApis callScan=createElement=0/0 createElementNS=0/0 appendChild=0/0 insertBefore=0/0 replaceChild=0/0 append=0/0 prepend=0/0 replaceChildren=0/0 before=0/0 after=0/0 replaceWith=0/0 adjacentElement=0/0 moveBefore=0/0 rangeInsert=0/0 rangeSurround=0/0 adoptNode=0/0 cloneNode=0/0 importNode=0/0 safeMarkup=0/0 innerHTML=0/0 outerHTML=0/0 insertAdjacentHTML=0/0 setHTML=0/0 shadowInnerHTML=0/0 execCommandInsertHTML=0/0 mappedTextContent=0/0
09-08 02:15:48.047 15801 15801 I ChromeMediaShieldStatus: v=1 seq=7 kind=rendererFamilies roots=element/fragment/text/other factory:calls=0,scans=0,direct=0,roots=0/0/0/0,nodes=0,micros=0,maxMicros=0 domGuard:calls=0,scans=0,direct=0,roots=0/0/0/0,nodes=0,micros=0,maxMicros=0 markup:calls=0,scans=0,direct=0,roots=0/0/0/0,nodes=0,micros=0,maxMicros=0
09-08 02:15:48.047 15801 15801 I ChromeMediaShieldStatus: v=1 seq=7 kind=uiSvg registered=0 registryBytes=0 cssRewritten=0 cssRejected=0 networkAccepted=10 networkRejected=0 assetServed=0 assetRejected=0
09-08 02:15:48.047 15801 15801 I ChromeMediaShieldStatus: v=1 seq=7 kind=health failures=9 clientDisconnects=0 proxyQueueRejects=0 protectFailure=0 quicAttempts=0 directTcpAttempts=0 active=true ready=true
09-08 02:15:48.047 15801 15801 I ChromeMediaShieldStatus: v=1 seq=7 kind=fixture report=REPORT=not_run,DOCUMENTS=0,FRAMES=0,SCRIPTS=0,FIRST_ORIGINAL_SCRIPTS=0,STYLES=0,WORKERS=0,SERVICE_WORKERS=0,FRAME_REPORTS=0,FRAME_REPORT_REJECTS=0,FRAME_REPORT=not_run,FRAME_REPORT_SHA=not_run,FRAME_CHALLENGE_SHA=not_run,FRAME_GENERATION=0,FRAME_ACCEPTED_CHALLENGE_SHA=not_run,FRAME_REPORT_BINDING_SHA=not_run,SAME_URL_BODIES=0,REPORTS=0,SW_BOUNDARY={INSTALL_DOCS=0,WORKER_SCRIPTS=0,WORKER_PROBE_SCRIPTS=0,PROBE_DOCS=0,CLEANUP_DOCS=0,REPORTS_ACCEPTED=0,REPORTS_REJECTED=0,CONTROLLER_PRESENT=0,CONTROLLER_MISSING=0,NAV_FETCHES=0,SELF_READY_FETCHES=0,SELF_READY_PASS_THROUGH=0,SELF_READY_SYNTHETIC=0,NAV_SYNTHETIC=0,RESET_BASELINE_CLEAN=0,RESET_BASELINE_DIRTY=0,REGISTER_BLOCKED=0,REGISTER_SUCCEEDED=0,WORKER_REGISTER_BLOCKED=0,WORKER_REGISTER_SUCCEEDED=0,WORKER_REGISTER_UNSUPPORTED=0,WORKER_REGISTER_ERROR=0,LAST_CASE=none,LAST_EVENT=none,LAST_VALUE=none},UI_SVG={not_run}
09-08 02:16:48.304 15801 15801 I ChromePhotosDataPlane: phase=status statusSequence=8 lifecycle=PresentationReady active=true ready=true connections=90 requests=115 safe=12 blocked=0 unknown=8 passthrough=84 cacheHits=3 cacheMisses=19 failures=9 clientDisconnects=0 bytesIn=5410789 bytesOut=5978883 streamed=67 proxyQueueRejects=0 proxyActivePeak=60 proxyP50Ms=206.462 proxyP95Ms=912.403 proxyP99Ms=1051.467 upstreamSockets=59 protectSuccess=59 protectFailure=0 web11a=not_run web11b=not_run modelLoadMs=281.008 engineCalls=8 dedupeHits=1 decisionCacheConfig=64 decisionConcurrencyConfig=1 decisionQueueConfig=2 decisionTimeoutMs=5000 engineCallsPerRequest=0.6666666666666666 inferencePeak=1 inFlightPeak=2 queuePeak=1 queueRejects=0 timeouts=0 inferenceP50Ms=139.40901 inferenceP95Ms=221.943802 inferenceP99Ms=221.943802 decisionP50Ms=145.551719 decisionP95Ms=269.668125 decisionP99Ms=269.668125 cacheHitP50Ms=0.068541 cacheHitP95Ms=0.068541 cacheEntries=8 cacheEvictions=0 preprocessP50Ms=22.472187 preprocessP95Ms=39.017552 preprocessP99Ms=39.017552 preparedCount1=8 preparedCount4=0 preparedCount5=0 preparedCountOther=0 decisionBasis=None:8 imageCandidates=20 imagePrefixPeeks=9 imageMagicCandidates=0 imageBodyAdmissionPeak=2 imageBodyAdmissionRejects=0 networkVisualCandidates=20 networkVisualReplaced=0 networkVisualRawDelivered=0 networkVisualSafeRawDelivered=12 networkVisualBlockedReplaced=0 networkVisualUnknownReplaced=0 networkVisualUnsupportedReplaced=8 networkVisualRawBlockedDelivered=0 networkVisualRawUnknownDelivered=0 networkVisualCacheHit=3 networkVisualInference=8 mediaDocumentsTransformed=5 mediaDocumentsFailClosed=2 documentTransformOutstanding=0 readyTokensOutstanding=5 uiSvgRegistered=0 uiSvgRegistryBytes=0 uiSvgCssRewritten=0 uiSvgCssRejected=0 uiSvgNetworkAccepted=10 uiSvgNetworkRejected=0 uiSvgAssetServed=0 uiSvgAssetRejected=0 h18=REPORT=not_run,EVENT_SEQUENCE=0,COMPAT_DOCS=0,STRICT_DOCS=0,STYLE_REQ=0,SCRIPT_REQ=0,DATA_REQ=0,NETWORK_REQ=0,REPORTS=0,LAST_DOC=none,NETWORK_SHA=ee17e3f62edde61823ce35732ea168f4f5986bff347ccfac063eca7f4009ee1b,AUDIT_SHA=74d4467bbf6833db4eeab998495b7dfc50db3b1f04f407704b839ad3f4b25582 h19=REPORT=not_run,DOCUMENTS=0,FRAMES=0,SCRIPTS=0,FIRST_ORIGINAL_SCRIPTS=0,STYLES=0,WORKERS=0,SERVICE_WORKERS=0,FRAME_REPORTS=0,FRAME_REPORT_REJECTS=0,FRAME_REPORT=not_run,FRAME_REPORT_SHA=not_run,FRAME_CHALLENGE_SHA=not_run,FRAME_GENERATION=0,FRAME_ACCEPTED_CHALLENGE_SHA=not_run,FRAME_REPORT_BINDING_SHA=not_run,SAME_URL_BODIES=0,REPORTS=0,SW_BOUNDARY={INSTALL_DOCS=0,WORKER_SCRIPTS=0,WORKER_PROBE_SCRIPTS=0,PROBE_DOCS=0,CLEANUP_DOCS=0,REPORTS_ACCEPTED=0,REPORTS_REJECTED=0,CONTROLLER_PRESENT=0,CONTROLLER_MISSING=0,NAV_FETCHES=0,SELF_READY_FETCHES=0,SELF_READY_PASS_THROUGH=0,SELF_READY_SYNTHETIC=0,NAV_SYNTHETIC=0,RESET_BASELINE_CLEAN=0,RESET_BASELINE_DIRTY=0,REGISTER_BLOCKED=0,REGISTER_SUCCEEDED=0,WORKER_REGISTER_BLOCKED=0,WORKER_REGISTER_SUCCEEDED=0,WORKER_REGISTER_UNSUPPORTED=0,WORKER_REGISTER_ERROR=0,LAST_CASE=none,LAST_EVENT=none,LAST_VALUE=none},UI_SVG={not_run} quicAttempts=0 directTcpAttempts=0 bootstrapResetGeneration=2 bootstrapCompleteGeneration=2 bootstrapResetCount=3 chromeSuspended=false guardSession=532 guardHeartbeatSequence=750 audit17State=0 audit17Navigation=0 audit17Events=24 audit17Dropped=0
09-08 02:16:48.304 15801 15801 I ChromeMediaShieldStatus: v=1 seq=8 kind=network mode=selective candidates=20 replaced=0 rawDelivered=0 safeRaw=12 blockedReplaced=0 unknownReplaced=0 unsupportedReplaced=8 rawBlocked=0 rawUnknown=0 cacheHit=3 decisionEngine=8 engineCalls=8
09-08 02:16:48.304 15801 15801 I ChromeMediaShieldStatus: v=1 seq=8 kind=document transformed=5 failClosed=2 outstanding=0 issued=5 claims=1 documentSequence=1 navigationSequence=1 readyRequests=3 readyPreflights=0 readyAccepted=1 readyRejected=0 parserBarrierRequests=0 parserBarrierReady=0 parserBarrierFailClosed=0 selfShield=true selfReadyRequests=1 selfReadyAccepted=1 selfReadyRejected=0 selfReadyRejectReason=none selfShieldReleaseCompleted=1 selfShieldParserContinued=1 selfShieldOriginalScriptStarted=0 selfShieldTraceRejected=0 selfShieldTraceOutstanding=0 bootstrapDiagnosticAccepted=0 bootstrapDiagnosticRejected=0 bootstrapDiagnosticRejectReason=none bootstrapDiagnosticStage=none bootstrapDiagnosticReason=none bootstrapDiagnosticOutstanding=0
09-08 02:16:48.304 15801 15801 I ChromeMediaShieldStatus: v=1 seq=8 kind=renderer reports=0 rejected=0 globalCallbacks=0 globalRecords=0 childRecords=0 attributeRecords=0 maxRecords=0 scanCalls=0 scanRoot=0 scanNodes=0 maxScanNodes=0 scanMicros=0 maxScanMicros=0 observerChildScans=0 observerAttributeScans=0 guardedScans=0 markupScans=0 shadowScans=0 initialScans=0 otherScans=0 sanitizeElement=0 sanitizeContainer=0 img=0 source=0 svg=0 iframe=0 canvas=0 video=0 safeIcon=0 lockIcon=0 geometryWrites=0 svgRecords=0 shadowRoots=0 shadowObservers=0 shadowCallbacks=0 shadowRecords=0 shadowScanCalls=0 ensureStyle=0 ensureCurtain=0 internalMutations=0
09-08 02:16:48.304 15801 15801 I ChromeMediaShieldStatus: v=1 seq=8 kind=rendererApis callScan=createElement=0/0 createElementNS=0/0 appendChild=0/0 insertBefore=0/0 replaceChild=0/0 append=0/0 prepend=0/0 replaceChildren=0/0 before=0/0 after=0/0 replaceWith=0/0 adjacentElement=0/0 moveBefore=0/0 rangeInsert=0/0 rangeSurround=0/0 adoptNode=0/0 cloneNode=0/0 importNode=0/0 safeMarkup=0/0 innerHTML=0/0 outerHTML=0/0 insertAdjacentHTML=0/0 setHTML=0/0 shadowInnerHTML=0/0 execCommandInsertHTML=0/0 mappedTextContent=0/0
09-08 02:16:48.304 15801 15801 I ChromeMediaShieldStatus: v=1 seq=8 kind=rendererFamilies roots=element/fragment/text/other factory:calls=0,scans=0,direct=0,roots=0/0/0/0,nodes=0,micros=0,maxMicros=0 domGuard:calls=0,scans=0,direct=0,roots=0/0/0/0,nodes=0,micros=0,maxMicros=0 markup:calls=0,scans=0,direct=0,roots=0/0/0/0,nodes=0,micros=0,maxMicros=0
09-08 02:16:48.304 15801 15801 I ChromeMediaShieldStatus: v=1 seq=8 kind=uiSvg registered=0 registryBytes=0 cssRewritten=0 cssRejected=0 networkAccepted=10 networkRejected=0 assetServed=0 assetRejected=0
09-08 02:16:48.305 15801 15801 I ChromeMediaShieldStatus: v=1 seq=8 kind=health failures=9 clientDisconnects=0 proxyQueueRejects=0 protectFailure=0 quicAttempts=0 directTcpAttempts=0 active=true ready=true
09-08 02:16:48.305 15801 15801 I ChromeMediaShieldStatus: v=1 seq=8 kind=fixture report=REPORT=not_run,DOCUMENTS=0,FRAMES=0,SCRIPTS=0,FIRST_ORIGINAL_SCRIPTS=0,STYLES=0,WORKERS=0,SERVICE_WORKERS=0,FRAME_REPORTS=0,FRAME_REPORT_REJECTS=0,FRAME_REPORT=not_run,FRAME_REPORT_SHA=not_run,FRAME_CHALLENGE_SHA=not_run,FRAME_GENERATION=0,FRAME_ACCEPTED_CHALLENGE_SHA=not_run,FRAME_REPORT_BINDING_SHA=not_run,SAME_URL_BODIES=0,REPORTS=0,SW_BOUNDARY={INSTALL_DOCS=0,WORKER_SCRIPTS=0,WORKER_PROBE_SCRIPTS=0,PROBE_DOCS=0,CLEANUP_DOCS=0,REPORTS_ACCEPTED=0,REPORTS_REJECTED=0,CONTROLLER_PRESENT=0,CONTROLLER_MISSING=0,NAV_FETCHES=0,SELF_READY_FETCHES=0,SELF_READY_PASS_THROUGH=0,SELF_READY_SYNTHETIC=0,NAV_SYNTHETIC=0,RESET_BASELINE_CLEAN=0,RESET_BASELINE_DIRTY=0,REGISTER_BLOCKED=0,REGISTER_SUCCEEDED=0,WORKER_REGISTER_BLOCKED=0,WORKER_REGISTER_SUCCEEDED=0,WORKER_REGISTER_UNSUPPORTED=0,WORKER_REGISTER_ERROR=0,LAST_CASE=none,LAST_EVENT=none,LAST_VALUE=none},UI_SVG={not_run}
09-08 02:16:49.662 15801 16659 I ChromePhotosDataPlane: phase=worker_ready correlationId=c91 admissionWaitMs=0.828
09-08 02:16:49.763 15801 16659 W ChromePhotosDataPlane: phase=upstream_failed correlationId=c91-r1 hostClass=network hostHash=c5fac4b2a68b1d29 responseStarted=false errorResponseWritten=true error=UnknownServiceException
09-08 02:17:48.304 15801 15801 I ChromePhotosDataPlane: phase=status statusSequence=9 lifecycle=PresentationReady active=true ready=true connections=91 requests=115 safe=12 blocked=0 unknown=8 passthrough=84 cacheHits=3 cacheMisses=19 failures=10 clientDisconnects=0 bytesIn=5410789 bytesOut=5978883 streamed=67 proxyQueueRejects=0 proxyActivePeak=60 proxyP50Ms=206.462 proxyP95Ms=912.403 proxyP99Ms=1051.467 upstreamSockets=59 protectSuccess=59 protectFailure=0 web11a=not_run web11b=not_run modelLoadMs=281.008 engineCalls=8 dedupeHits=1 decisionCacheConfig=64 decisionConcurrencyConfig=1 decisionQueueConfig=2 decisionTimeoutMs=5000 engineCallsPerRequest=0.6666666666666666 inferencePeak=1 inFlightPeak=2 queuePeak=1 queueRejects=0 timeouts=0 inferenceP50Ms=139.40901 inferenceP95Ms=221.943802 inferenceP99Ms=221.943802 decisionP50Ms=145.551719 decisionP95Ms=269.668125 decisionP99Ms=269.668125 cacheHitP50Ms=0.068541 cacheHitP95Ms=0.068541 cacheEntries=8 cacheEvictions=0 preprocessP50Ms=22.472187 preprocessP95Ms=39.017552 preprocessP99Ms=39.017552 preparedCount1=8 preparedCount4=0 preparedCount5=0 preparedCountOther=0 decisionBasis=None:8 imageCandidates=20 imagePrefixPeeks=9 imageMagicCandidates=0 imageBodyAdmissionPeak=2 imageBodyAdmissionRejects=0 networkVisualCandidates=20 networkVisualReplaced=0 networkVisualRawDelivered=0 networkVisualSafeRawDelivered=12 networkVisualBlockedReplaced=0 networkVisualUnknownReplaced=0 networkVisualUnsupportedReplaced=8 networkVisualRawBlockedDelivered=0 networkVisualRawUnknownDelivered=0 networkVisualCacheHit=3 networkVisualInference=8 mediaDocumentsTransformed=5 mediaDocumentsFailClosed=2 documentTransformOutstanding=0 readyTokensOutstanding=5 uiSvgRegistered=0 uiSvgRegistryBytes=0 uiSvgCssRewritten=0 uiSvgCssRejected=0 uiSvgNetworkAccepted=10 uiSvgNetworkRejected=0 uiSvgAssetServed=0 uiSvgAssetRejected=0 h18=REPORT=not_run,EVENT_SEQUENCE=0,COMPAT_DOCS=0,STRICT_DOCS=0,STYLE_REQ=0,SCRIPT_REQ=0,DATA_REQ=0,NETWORK_REQ=0,REPORTS=0,LAST_DOC=none,NETWORK_SHA=ee17e3f62edde61823ce35732ea168f4f5986bff347ccfac063eca7f4009ee1b,AUDIT_SHA=74d4467bbf6833db4eeab998495b7dfc50db3b1f04f407704b839ad3f4b25582 h19=REPORT=not_run,DOCUMENTS=0,FRAMES=0,SCRIPTS=0,FIRST_ORIGINAL_SCRIPTS=0,STYLES=0,WORKERS=0,SERVICE_WORKERS=0,FRAME_REPORTS=0,FRAME_REPORT_REJECTS=0,FRAME_REPORT=not_run,FRAME_REPORT_SHA=not_run,FRAME_CHALLENGE_SHA=not_run,FRAME_GENERATION=0,FRAME_ACCEPTED_CHALLENGE_SHA=not_run,FRAME_REPORT_BINDING_SHA=not_run,SAME_URL_BODIES=0,REPORTS=0,SW_BOUNDARY={INSTALL_DOCS=0,WORKER_SCRIPTS=0,WORKER_PROBE_SCRIPTS=0,PROBE_DOCS=0,CLEANUP_DOCS=0,REPORTS_ACCEPTED=0,REPORTS_REJECTED=0,CONTROLLER_PRESENT=0,CONTROLLER_MISSING=0,NAV_FETCHES=0,SELF_READY_FETCHES=0,SELF_READY_PASS_THROUGH=0,SELF_READY_SYNTHETIC=0,NAV_SYNTHETIC=0,RESET_BASELINE_CLEAN=0,RESET_BASELINE_DIRTY=0,REGISTER_BLOCKED=0,REGISTER_SUCCEEDED=0,WORKER_REGISTER_BLOCKED=0,WORKER_REGISTER_SUCCEEDED=0,WORKER_REGISTER_UNSUPPORTED=0,WORKER_REGISTER_ERROR=0,LAST_CASE=none,LAST_EVENT=none,LAST_VALUE=none},UI_SVG={not_run} quicAttempts=0 directTcpAttempts=0 bootstrapResetGeneration=2 bootstrapCompleteGeneration=2 bootstrapResetCount=3 chromeSuspended=false guardSession=532 guardHeartbeatSequence=857 audit17State=0 audit17Navigation=0 audit17Events=25 audit17Dropped=0
09-08 02:17:48.305 15801 15801 I ChromeMediaShieldStatus: v=1 seq=9 kind=network mode=selective candidates=20 replaced=0 rawDelivered=0 safeRaw=12 blockedReplaced=0 unknownReplaced=0 unsupportedReplaced=8 rawBlocked=0 rawUnknown=0 cacheHit=3 decisionEngine=8 engineCalls=8
09-08 02:17:48.305 15801 15801 I ChromeMediaShieldStatus: v=1 seq=9 kind=document transformed=5 failClosed=2 outstanding=0 issued=5 claims=1 documentSequence=1 navigationSequence=1 readyRequests=3 readyPreflights=0 readyAccepted=1 readyRejected=0 parserBarrierRequests=0 parserBarrierReady=0 parserBarrierFailClosed=0 selfShield=true selfReadyRequests=1 selfReadyAccepted=1 selfReadyRejected=0 selfReadyRejectReason=none selfShieldReleaseCompleted=1 selfShieldParserContinued=1 selfShieldOriginalScriptStarted=0 selfShieldTraceRejected=0 selfShieldTraceOutstanding=0 bootstrapDiagnosticAccepted=0 bootstrapDiagnosticRejected=0 bootstrapDiagnosticRejectReason=none bootstrapDiagnosticStage=none bootstrapDiagnosticReason=none bootstrapDiagnosticOutstanding=0
09-08 02:17:48.305 15801 15801 I ChromeMediaShieldStatus: v=1 seq=9 kind=renderer reports=0 rejected=0 globalCallbacks=0 globalRecords=0 childRecords=0 attributeRecords=0 maxRecords=0 scanCalls=0 scanRoot=0 scanNodes=0 maxScanNodes=0 scanMicros=0 maxScanMicros=0 observerChildScans=0 observerAttributeScans=0 guardedScans=0 markupScans=0 shadowScans=0 initialScans=0 otherScans=0 sanitizeElement=0 sanitizeContainer=0 img=0 source=0 svg=0 iframe=0 canvas=0 video=0 safeIcon=0 lockIcon=0 geometryWrites=0 svgRecords=0 shadowRoots=0 shadowObservers=0 shadowCallbacks=0 shadowRecords=0 shadowScanCalls=0 ensureStyle=0 ensureCurtain=0 internalMutations=0
09-08 02:17:48.305 15801 15801 I ChromeMediaShieldStatus: v=1 seq=9 kind=rendererApis callScan=createElement=0/0 createElementNS=0/0 appendChild=0/0 insertBefore=0/0 replaceChild=0/0 append=0/0 prepend=0/0 replaceChildren=0/0 before=0/0 after=0/0 replaceWith=0/0 adjacentElement=0/0 moveBefore=0/0 rangeInsert=0/0 rangeSurround=0/0 adoptNode=0/0 cloneNode=0/0 importNode=0/0 safeMarkup=0/0 innerHTML=0/0 outerHTML=0/0 insertAdjacentHTML=0/0 setHTML=0/0 shadowInnerHTML=0/0 execCommandInsertHTML=0/0 mappedTextContent=0/0
09-08 02:17:48.305 15801 15801 I ChromeMediaShieldStatus: v=1 seq=9 kind=rendererFamilies roots=element/fragment/text/other factory:calls=0,scans=0,direct=0,roots=0/0/0/0,nodes=0,micros=0,maxMicros=0 domGuard:calls=0,scans=0,direct=0,roots=0/0/0/0,nodes=0,micros=0,maxMicros=0 markup:calls=0,scans=0,direct=0,roots=0/0/0/0,nodes=0,micros=0,maxMicros=0
09-08 02:17:48.305 15801 15801 I ChromeMediaShieldStatus: v=1 seq=9 kind=uiSvg registered=0 registryBytes=0 cssRewritten=0 cssRejected=0 networkAccepted=10 networkRejected=0 assetServed=0 assetRejected=0
09-08 02:17:48.305 15801 15801 I ChromeMediaShieldStatus: v=1 seq=9 kind=health failures=10 clientDisconnects=0 proxyQueueRejects=0 protectFailure=0 quicAttempts=0 directTcpAttempts=0 active=true ready=true
09-08 02:17:48.305 15801 15801 I ChromeMediaShieldStatus: v=1 seq=9 kind=fixture report=REPORT=not_run,DOCUMENTS=0,FRAMES=0,SCRIPTS=0,FIRST_ORIGINAL_SCRIPTS=0,STYLES=0,WORKERS=0,SERVICE_WORKERS=0,FRAME_REPORTS=0,FRAME_REPORT_REJECTS=0,FRAME_REPORT=not_run,FRAME_REPORT_SHA=not_run,FRAME_CHALLENGE_SHA=not_run,FRAME_GENERATION=0,FRAME_ACCEPTED_CHALLENGE_SHA=not_run,FRAME_REPORT_BINDING_SHA=not_run,SAME_URL_BODIES=0,REPORTS=0,SW_BOUNDARY={INSTALL_DOCS=0,WORKER_SCRIPTS=0,WORKER_PROBE_SCRIPTS=0,PROBE_DOCS=0,CLEANUP_DOCS=0,REPORTS_ACCEPTED=0,REPORTS_REJECTED=0,CONTROLLER_PRESENT=0,CONTROLLER_MISSING=0,NAV_FETCHES=0,SELF_READY_FETCHES=0,SELF_READY_PASS_THROUGH=0,SELF_READY_SYNTHETIC=0,NAV_SYNTHETIC=0,RESET_BASELINE_CLEAN=0,RESET_BASELINE_DIRTY=0,REGISTER_BLOCKED=0,REGISTER_SUCCEEDED=0,WORKER_REGISTER_BLOCKED=0,WORKER_REGISTER_SUCCEEDED=0,WORKER_REGISTER_UNSUPPORTED=0,WORKER_REGISTER_ERROR=0,LAST_CASE=none,LAST_EVENT=none,LAST_VALUE=none},UI_SVG={not_run}
09-08 02:18:48.319 15801 15801 I ChromePhotosDataPlane: phase=status statusSequence=10 lifecycle=PresentationReady active=true ready=true connections=91 requests=115 safe=12 blocked=0 unknown=8 passthrough=84 cacheHits=3 cacheMisses=19 failures=10 clientDisconnects=0 bytesIn=5410789 bytesOut=5978883 streamed=67 proxyQueueRejects=0 proxyActivePeak=60 proxyP50Ms=206.462 proxyP95Ms=912.403 proxyP99Ms=1051.467 upstreamSockets=59 protectSuccess=59 protectFailure=0 web11a=not_run web11b=not_run modelLoadMs=281.008 engineCalls=8 dedupeHits=1 decisionCacheConfig=64 decisionConcurrencyConfig=1 decisionQueueConfig=2 decisionTimeoutMs=5000 engineCallsPerRequest=0.6666666666666666 inferencePeak=1 inFlightPeak=2 queuePeak=1 queueRejects=0 timeouts=0 inferenceP50Ms=139.40901 inferenceP95Ms=221.943802 inferenceP99Ms=221.943802 decisionP50Ms=145.551719 decisionP95Ms=269.668125 decisionP99Ms=269.668125 cacheHitP50Ms=0.068541 cacheHitP95Ms=0.068541 cacheEntries=8 cacheEvictions=0 preprocessP50Ms=22.472187 preprocessP95Ms=39.017552 preprocessP99Ms=39.017552 preparedCount1=8 preparedCount4=0 preparedCount5=0 preparedCountOther=0 decisionBasis=None:8 imageCandidates=20 imagePrefixPeeks=9 imageMagicCandidates=0 imageBodyAdmissionPeak=2 imageBodyAdmissionRejects=0 networkVisualCandidates=20 networkVisualReplaced=0 networkVisualRawDelivered=0 networkVisualSafeRawDelivered=12 networkVisualBlockedReplaced=0 networkVisualUnknownReplaced=0 networkVisualUnsupportedReplaced=8 networkVisualRawBlockedDelivered=0 networkVisualRawUnknownDelivered=0 networkVisualCacheHit=3 networkVisualInference=8 mediaDocumentsTransformed=5 mediaDocumentsFailClosed=2 documentTransformOutstanding=0 readyTokensOutstanding=5 uiSvgRegistered=0 uiSvgRegistryBytes=0 uiSvgCssRewritten=0 uiSvgCssRejected=0 uiSvgNetworkAccepted=10 uiSvgNetworkRejected=0 uiSvgAssetServed=0 uiSvgAssetRejected=0 h18=REPORT=not_run,EVENT_SEQUENCE=0,COMPAT_DOCS=0,STRICT_DOCS=0,STYLE_REQ=0,SCRIPT_REQ=0,DATA_REQ=0,NETWORK_REQ=0,REPORTS=0,LAST_DOC=none,NETWORK_SHA=ee17e3f62edde61823ce35732ea168f4f5986bff347ccfac063eca7f4009ee1b,AUDIT_SHA=74d4467bbf6833db4eeab998495b7dfc50db3b1f04f407704b839ad3f4b25582 h19=REPORT=not_run,DOCUMENTS=0,FRAMES=0,SCRIPTS=0,FIRST_ORIGINAL_SCRIPTS=0,STYLES=0,WORKERS=0,SERVICE_WORKERS=0,FRAME_REPORTS=0,FRAME_REPORT_REJECTS=0,FRAME_REPORT=not_run,FRAME_REPORT_SHA=not_run,FRAME_CHALLENGE_SHA=not_run,FRAME_GENERATION=0,FRAME_ACCEPTED_CHALLENGE_SHA=not_run,FRAME_REPORT_BINDING_SHA=not_run,SAME_URL_BODIES=0,REPORTS=0,SW_BOUNDARY={INSTALL_DOCS=0,WORKER_SCRIPTS=0,WORKER_PROBE_SCRIPTS=0,PROBE_DOCS=0,CLEANUP_DOCS=0,REPORTS_ACCEPTED=0,REPORTS_REJECTED=0,CONTROLLER_PRESENT=0,CONTROLLER_MISSING=0,NAV_FETCHES=0,SELF_READY_FETCHES=0,SELF_READY_PASS_THROUGH=0,SELF_READY_SYNTHETIC=0,NAV_SYNTHETIC=0,RESET_BASELINE_CLEAN=0,RESET_BASELINE_DIRTY=0,REGISTER_BLOCKED=0,REGISTER_SUCCEEDED=0,WORKER_REGISTER_BLOCKED=0,WORKER_REGISTER_SUCCEEDED=0,WORKER_REGISTER_UNSUPPORTED=0,WORKER_REGISTER_ERROR=0,LAST_CASE=none,LAST_EVENT=none,LAST_VALUE=none},UI_SVG={not_run} quicAttempts=0 directTcpAttempts=0 bootstrapResetGeneration=2 bootstrapCompleteGeneration=2 bootstrapResetCount=3 chromeSuspended=false guardSession=532 guardHeartbeatSequence=965 audit17State=0 audit17Navigation=0 audit17Events=25 audit17Dropped=0
09-08 02:18:48.319 15801 15801 I ChromeMediaShieldStatus: v=1 seq=10 kind=network mode=selective candidates=20 replaced=0 rawDelivered=0 safeRaw=12 blockedReplaced=0 unknownReplaced=0 unsupportedReplaced=8 rawBlocked=0 rawUnknown=0 cacheHit=3 decisionEngine=8 engineCalls=8
09-08 02:18:48.319 15801 15801 I ChromeMediaShieldStatus: v=1 seq=10 kind=document transformed=5 failClosed=2 outstanding=0 issued=5 claims=1 documentSequence=1 navigationSequence=1 readyRequests=3 readyPreflights=0 readyAccepted=1 readyRejected=0 parserBarrierRequests=0 parserBarrierReady=0 parserBarrierFailClosed=0 selfShield=true selfReadyRequests=1 selfReadyAccepted=1 selfReadyRejected=0 selfReadyRejectReason=none selfShieldReleaseCompleted=1 selfShieldParserContinued=1 selfShieldOriginalScriptStarted=0 selfShieldTraceRejected=0 selfShieldTraceOutstanding=0 bootstrapDiagnosticAccepted=0 bootstrapDiagnosticRejected=0 bootstrapDiagnosticRejectReason=none bootstrapDiagnosticStage=none bootstrapDiagnosticReason=none bootstrapDiagnosticOutstanding=0
09-08 02:18:48.320 15801 15801 I ChromeMediaShieldStatus: v=1 seq=10 kind=renderer reports=0 rejected=0 globalCallbacks=0 globalRecords=0 childRecords=0 attributeRecords=0 maxRecords=0 scanCalls=0 scanRoot=0 scanNodes=0 maxScanNodes=0 scanMicros=0 maxScanMicros=0 observerChildScans=0 observerAttributeScans=0 guardedScans=0 markupScans=0 shadowScans=0 initialScans=0 otherScans=0 sanitizeElement=0 sanitizeContainer=0 img=0 source=0 svg=0 iframe=0 canvas=0 video=0 safeIcon=0 lockIcon=0 geometryWrites=0 svgRecords=0 shadowRoots=0 shadowObservers=0 shadowCallbacks=0 shadowRecords=0 shadowScanCalls=0 ensureStyle=0 ensureCurtain=0 internalMutations=0
09-08 02:18:48.320 15801 15801 I ChromeMediaShieldStatus: v=1 seq=10 kind=rendererApis callScan=createElement=0/0 createElementNS=0/0 appendChild=0/0 insertBefore=0/0 replaceChild=0/0 append=0/0 prepend=0/0 replaceChildren=0/0 before=0/0 after=0/0 replaceWith=0/0 adjacentElement=0/0 moveBefore=0/0 rangeInsert=0/0 rangeSurround=0/0 adoptNode=0/0 cloneNode=0/0 importNode=0/0 safeMarkup=0/0 innerHTML=0/0 outerHTML=0/0 insertAdjacentHTML=0/0 setHTML=0/0 shadowInnerHTML=0/0 execCommandInsertHTML=0/0 mappedTextContent=0/0
09-08 02:18:48.320 15801 15801 I ChromeMediaShieldStatus: v=1 seq=10 kind=rendererFamilies roots=element/fragment/text/other factory:calls=0,scans=0,direct=0,roots=0/0/0/0,nodes=0,micros=0,maxMicros=0 domGuard:calls=0,scans=0,direct=0,roots=0/0/0/0,nodes=0,micros=0,maxMicros=0 markup:calls=0,scans=0,direct=0,roots=0/0/0/0,nodes=0,micros=0,maxMicros=0
09-08 02:18:48.320 15801 15801 I ChromeMediaShieldStatus: v=1 seq=10 kind=uiSvg registered=0 registryBytes=0 cssRewritten=0 cssRejected=0 networkAccepted=10 networkRejected=0 assetServed=0 assetRejected=0
09-08 02:18:48.320 15801 15801 I ChromeMediaShieldStatus: v=1 seq=10 kind=health failures=10 clientDisconnects=0 proxyQueueRejects=0 protectFailure=0 quicAttempts=0 directTcpAttempts=0 active=true ready=true
09-08 02:18:48.320 15801 15801 I ChromeMediaShieldStatus: v=1 seq=10 kind=fixture report=REPORT=not_run,DOCUMENTS=0,FRAMES=0,SCRIPTS=0,FIRST_ORIGINAL_SCRIPTS=0,STYLES=0,WORKERS=0,SERVICE_WORKERS=0,FRAME_REPORTS=0,FRAME_REPORT_REJECTS=0,FRAME_REPORT=not_run,FRAME_REPORT_SHA=not_run,FRAME_CHALLENGE_SHA=not_run,FRAME_GENERATION=0,FRAME_ACCEPTED_CHALLENGE_SHA=not_run,FRAME_REPORT_BINDING_SHA=not_run,SAME_URL_BODIES=0,REPORTS=0,SW_BOUNDARY={INSTALL_DOCS=0,WORKER_SCRIPTS=0,WORKER_PROBE_SCRIPTS=0,PROBE_DOCS=0,CLEANUP_DOCS=0,REPORTS_ACCEPTED=0,REPORTS_REJECTED=0,CONTROLLER_PRESENT=0,CONTROLLER_MISSING=0,NAV_FETCHES=0,SELF_READY_FETCHES=0,SELF_READY_PASS_THROUGH=0,SELF_READY_SYNTHETIC=0,NAV_SYNTHETIC=0,RESET_BASELINE_CLEAN=0,RESET_BASELINE_DIRTY=0,REGISTER_BLOCKED=0,REGISTER_SUCCEEDED=0,WORKER_REGISTER_BLOCKED=0,WORKER_REGISTER_SUCCEEDED=0,WORKER_REGISTER_UNSUPPORTED=0,WORKER_REGISTER_ERROR=0,LAST_CASE=none,LAST_EVENT=none,LAST_VALUE=none},UI_SVG={not_run}
09-08 02:19:48.058 15801 15801 I ChromePhotosDataPlane: phase=status statusSequence=11 lifecycle=PresentationReady active=true ready=true connections=91 requests=115 safe=12 blocked=0 unknown=8 passthrough=84 cacheHits=3 cacheMisses=19 failures=10 clientDisconnects=0 bytesIn=5410789 bytesOut=5978883 streamed=67 proxyQueueRejects=0 proxyActivePeak=60 proxyP50Ms=206.462 proxyP95Ms=912.403 proxyP99Ms=1051.467 upstreamSockets=59 protectSuccess=59 protectFailure=0 web11a=not_run web11b=not_run modelLoadMs=281.008 engineCalls=8 dedupeHits=1 decisionCacheConfig=64 decisionConcurrencyConfig=1 decisionQueueConfig=2 decisionTimeoutMs=5000 engineCallsPerRequest=0.6666666666666666 inferencePeak=1 inFlightPeak=2 queuePeak=1 queueRejects=0 timeouts=0 inferenceP50Ms=139.40901 inferenceP95Ms=221.943802 inferenceP99Ms=221.943802 decisionP50Ms=145.551719 decisionP95Ms=269.668125 decisionP99Ms=269.668125 cacheHitP50Ms=0.068541 cacheHitP95Ms=0.068541 cacheEntries=8 cacheEvictions=0 preprocessP50Ms=22.472187 preprocessP95Ms=39.017552 preprocessP99Ms=39.017552 preparedCount1=8 preparedCount4=0 preparedCount5=0 preparedCountOther=0 decisionBasis=None:8 imageCandidates=20 imagePrefixPeeks=9 imageMagicCandidates=0 imageBodyAdmissionPeak=2 imageBodyAdmissionRejects=0 networkVisualCandidates=20 networkVisualReplaced=0 networkVisualRawDelivered=0 networkVisualSafeRawDelivered=12 networkVisualBlockedReplaced=0 networkVisualUnknownReplaced=0 networkVisualUnsupportedReplaced=8 networkVisualRawBlockedDelivered=0 networkVisualRawUnknownDelivered=0 networkVisualCacheHit=3 networkVisualInference=8 mediaDocumentsTransformed=5 mediaDocumentsFailClosed=2 documentTransformOutstanding=0 readyTokensOutstanding=5 uiSvgRegistered=0 uiSvgRegistryBytes=0 uiSvgCssRewritten=0 uiSvgCssRejected=0 uiSvgNetworkAccepted=10 uiSvgNetworkRejected=0 uiSvgAssetServed=0 uiSvgAssetRejected=0 h18=REPORT=not_run,EVENT_SEQUENCE=0,COMPAT_DOCS=0,STRICT_DOCS=0,STYLE_REQ=0,SCRIPT_REQ=0,DATA_REQ=0,NETWORK_REQ=0,REPORTS=0,LAST_DOC=none,NETWORK_SHA=ee17e3f62edde61823ce35732ea168f4f5986bff347ccfac063eca7f4009ee1b,AUDIT_SHA=74d4467bbf6833db4eeab998495b7dfc50db3b1f04f407704b839ad3f4b25582 h19=REPORT=not_run,DOCUMENTS=0,FRAMES=0,SCRIPTS=0,FIRST_ORIGINAL_SCRIPTS=0,STYLES=0,WORKERS=0,SERVICE_WORKERS=0,FRAME_REPORTS=0,FRAME_REPORT_REJECTS=0,FRAME_REPORT=not_run,FRAME_REPORT_SHA=not_run,FRAME_CHALLENGE_SHA=not_run,FRAME_GENERATION=0,FRAME_ACCEPTED_CHALLENGE_SHA=not_run,FRAME_REPORT_BINDING_SHA=not_run,SAME_URL_BODIES=0,REPORTS=0,SW_BOUNDARY={INSTALL_DOCS=0,WORKER_SCRIPTS=0,WORKER_PROBE_SCRIPTS=0,PROBE_DOCS=0,CLEANUP_DOCS=0,REPORTS_ACCEPTED=0,REPORTS_REJECTED=0,CONTROLLER_PRESENT=0,CONTROLLER_MISSING=0,NAV_FETCHES=0,SELF_READY_FETCHES=0,SELF_READY_PASS_THROUGH=0,SELF_READY_SYNTHETIC=0,NAV_SYNTHETIC=0,RESET_BASELINE_CLEAN=0,RESET_BASELINE_DIRTY=0,REGISTER_BLOCKED=0,REGISTER_SUCCEEDED=0,WORKER_REGISTER_BLOCKED=0,WORKER_REGISTER_SUCCEEDED=0,WORKER_REGISTER_UNSUPPORTED=0,WORKER_REGISTER_ERROR=0,LAST_CASE=none,LAST_EVENT=none,LAST_VALUE=none},UI_SVG={not_run} quicAttempts=0 directTcpAttempts=0 bootstrapResetGeneration=2 bootstrapCompleteGeneration=2 bootstrapResetCount=3 chromeSuspended=false guardSession=532 guardHeartbeatSequence=1072 audit17State=0 audit17Navigation=0 audit17Events=25 audit17Dropped=0
09-08 02:19:48.058 15801 15801 I ChromeMediaShieldStatus: v=1 seq=11 kind=network mode=selective candidates=20 replaced=0 rawDelivered=0 safeRaw=12 blockedReplaced=0 unknownReplaced=0 unsupportedReplaced=8 rawBlocked=0 rawUnknown=0 cacheHit=3 decisionEngine=8 engineCalls=8
09-08 02:19:48.059 15801 15801 I ChromeMediaShieldStatus: v=1 seq=11 kind=document transformed=5 failClosed=2 outstanding=0 issued=5 claims=1 documentSequence=1 navigationSequence=1 readyRequests=3 readyPreflights=0 readyAccepted=1 readyRejected=0 parserBarrierRequests=0 parserBarrierReady=0 parserBarrierFailClosed=0 selfShield=true selfReadyRequests=1 selfReadyAccepted=1 selfReadyRejected=0 selfReadyRejectReason=none selfShieldReleaseCompleted=1 selfShieldParserContinued=1 selfShieldOriginalScriptStarted=0 selfShieldTraceRejected=0 selfShieldTraceOutstanding=0 bootstrapDiagnosticAccepted=0 bootstrapDiagnosticRejected=0 bootstrapDiagnosticRejectReason=none bootstrapDiagnosticStage=none bootstrapDiagnosticReason=none bootstrapDiagnosticOutstanding=0
09-08 02:19:48.059 15801 15801 I ChromeMediaShieldStatus: v=1 seq=11 kind=renderer reports=0 rejected=0 globalCallbacks=0 globalRecords=0 childRecords=0 attributeRecords=0 maxRecords=0 scanCalls=0 scanRoot=0 scanNodes=0 maxScanNodes=0 scanMicros=0 maxScanMicros=0 observerChildScans=0 observerAttributeScans=0 guardedScans=0 markupScans=0 shadowScans=0 initialScans=0 otherScans=0 sanitizeElement=0 sanitizeContainer=0 img=0 source=0 svg=0 iframe=0 canvas=0 video=0 safeIcon=0 lockIcon=0 geometryWrites=0 svgRecords=0 shadowRoots=0 shadowObservers=0 shadowCallbacks=0 shadowRecords=0 shadowScanCalls=0 ensureStyle=0 ensureCurtain=0 internalMutations=0
09-08 02:19:48.059 15801 15801 I ChromeMediaShieldStatus: v=1 seq=11 kind=rendererApis callScan=createElement=0/0 createElementNS=0/0 appendChild=0/0 insertBefore=0/0 replaceChild=0/0 append=0/0 prepend=0/0 replaceChildren=0/0 before=0/0 after=0/0 replaceWith=0/0 adjacentElement=0/0 moveBefore=0/0 rangeInsert=0/0 rangeSurround=0/0 adoptNode=0/0 cloneNode=0/0 importNode=0/0 safeMarkup=0/0 innerHTML=0/0 outerHTML=0/0 insertAdjacentHTML=0/0 setHTML=0/0 shadowInnerHTML=0/0 execCommandInsertHTML=0/0 mappedTextContent=0/0
09-08 02:19:48.059 15801 15801 I ChromeMediaShieldStatus: v=1 seq=11 kind=rendererFamilies roots=element/fragment/text/other factory:calls=0,scans=0,direct=0,roots=0/0/0/0,nodes=0,micros=0,maxMicros=0 domGuard:calls=0,scans=0,direct=0,roots=0/0/0/0,nodes=0,micros=0,maxMicros=0 markup:calls=0,scans=0,direct=0,roots=0/0/0/0,nodes=0,micros=0,maxMicros=0
09-08 02:19:48.059 15801 15801 I ChromeMediaShieldStatus: v=1 seq=11 kind=uiSvg registered=0 registryBytes=0 cssRewritten=0 cssRejected=0 networkAccepted=10 networkRejected=0 assetServed=0 assetRejected=0
09-08 02:19:48.059 15801 15801 I ChromeMediaShieldStatus: v=1 seq=11 kind=health failures=10 clientDisconnects=0 proxyQueueRejects=0 protectFailure=0 quicAttempts=0 directTcpAttempts=0 active=true ready=true
09-08 02:19:48.059 15801 15801 I ChromeMediaShieldStatus: v=1 seq=11 kind=fixture report=REPORT=not_run,DOCUMENTS=0,FRAMES=0,SCRIPTS=0,FIRST_ORIGINAL_SCRIPTS=0,STYLES=0,WORKERS=0,SERVICE_WORKERS=0,FRAME_REPORTS=0,FRAME_REPORT_REJECTS=0,FRAME_REPORT=not_run,FRAME_REPORT_SHA=not_run,FRAME_CHALLENGE_SHA=not_run,FRAME_GENERATION=0,FRAME_ACCEPTED_CHALLENGE_SHA=not_run,FRAME_REPORT_BINDING_SHA=not_run,SAME_URL_BODIES=0,REPORTS=0,SW_BOUNDARY={INSTALL_DOCS=0,WORKER_SCRIPTS=0,WORKER_PROBE_SCRIPTS=0,PROBE_DOCS=0,CLEANUP_DOCS=0,REPORTS_ACCEPTED=0,REPORTS_REJECTED=0,CONTROLLER_PRESENT=0,CONTROLLER_MISSING=0,NAV_FETCHES=0,SELF_READY_FETCHES=0,SELF_READY_PASS_THROUGH=0,SELF_READY_SYNTHETIC=0,NAV_SYNTHETIC=0,RESET_BASELINE_CLEAN=0,RESET_BASELINE_DIRTY=0,REGISTER_BLOCKED=0,REGISTER_SUCCEEDED=0,WORKER_REGISTER_BLOCKED=0,WORKER_REGISTER_SUCCEEDED=0,WORKER_REGISTER_UNSUPPORTED=0,WORKER_REGISTER_ERROR=0,LAST_CASE=none,LAST_EVENT=none,LAST_VALUE=none},UI_SVG={not_run}
09-08 02:20:35.098 15801 16568 I ChromePhotosDataPlane: phase=worker_ready correlationId=c92 admissionWaitMs=0.552
09-08 02:20:35.178 15801 16568 I ChromePhotosDataPlane: phase=tls_certificate correlationId=c92 tlsCacheHit=true tlsCacheWaitMs=0.034 tlsCreationMs=0.000
09-08 02:20:35.178 15801 16568 I ChromePhotosDataPlane: phase=tls_material correlationId=c92 tlsMaterialMs=1.105
09-08 02:20:35.217 15801 16568 I ChromePhotosDataPlane: phase=tls_ready correlationId=c92 hostClass=network hostHash=100d2a11512096b7 clientProtocol=http/1.1 ca=b84fe96087814860
09-08 02:20:36.514 15801 16568 I ChromePhotosDataPlane: origin=real hostClass=network hostHash=100d2a11512096b7 method=OPTIONS clientProtocol=http/1.1 upstreamProtocol=h2 status=204 contentType= bytesOut=0 transfer=fixed upstreamHeadersMs=1285.784 downstreamWriteMs=1.116
09-08 02:20:36.532 15801 16631 I ChromePhotosDataPlane: phase=worker_ready correlationId=c93 admissionWaitMs=0.276
09-08 02:20:36.540 15801 16631 I ChromePhotosDataPlane: phase=tls_certificate correlationId=c93 tlsCacheHit=true tlsCacheWaitMs=0.016 tlsCreationMs=0.000
09-08 02:20:36.540 15801 16631 I ChromePhotosDataPlane: phase=tls_material correlationId=c93 tlsMaterialMs=0.473
09-08 02:20:36.557 15801 16631 I ChromePhotosDataPlane: phase=tls_ready correlationId=c93 hostClass=network hostHash=100d2a11512096b7 clientProtocol=http/1.1 ca=b84fe96087814860
09-08 02:20:36.822 15801 16631 I ChromePhotosDataPlane: origin=real hostClass=network hostHash=100d2a11512096b7 method=POST clientProtocol=http/1.1 upstreamProtocol=h2 status=204 contentType= bytesOut=0 transfer=fixed upstreamHeadersMs=256.876 downstreamWriteMs=1.052
09-08 02:20:39.732 15801 16693 I ChromePhotosDataPlane: phase=worker_ready correlationId=c94 admissionWaitMs=0.283
09-08 02:20:39.876 15801 16571 I ChromePhotosDataPlane: phase=worker_ready correlationId=c95 admissionWaitMs=0.368
09-08 02:20:39.884 15801 16443 I ChromePhotosDataPlane: phase=worker_ready correlationId=c96 admissionWaitMs=0.617
09-08 02:20:39.908 15801 16417 I ChromePhotosDataPlane: phase=worker_ready correlationId=c97 admissionWaitMs=0.491
09-08 02:20:39.919 15801 16511 I ChromePhotosDataPlane: phase=worker_ready correlationId=c98 admissionWaitMs=1.444
09-08 02:20:39.926 15801 16620 I ChromePhotosDataPlane: phase=worker_ready correlationId=c99 admissionWaitMs=0.882
09-08 02:20:39.931 15801 16510 I ChromePhotosDataPlane: phase=worker_ready correlationId=c100 admissionWaitMs=0.222
09-08 02:20:39.936 15801 16818 I ChromePhotosDataPlane: phase=worker_ready correlationId=c101 admissionWaitMs=0.404
09-08 02:20:39.950 15801 16417 I ChromePhotosDataPlane: phase=tls_certificate correlationId=c97 tlsCacheHit=true tlsCacheWaitMs=0.017 tlsCreationMs=0.000
09-08 02:20:39.950 15801 16417 I ChromePhotosDataPlane: phase=tls_material correlationId=c97 tlsMaterialMs=0.722
09-08 02:20:39.965 15801 16620 I ChromePhotosDataPlane: phase=tls_certificate correlationId=c99 tlsCacheHit=true tlsCacheWaitMs=0.013 tlsCreationMs=0.000
09-08 02:20:39.966 15801 16620 I ChromePhotosDataPlane: phase=tls_material correlationId=c99 tlsMaterialMs=0.356
09-08 02:20:39.973 15801 16417 I ChromePhotosDataPlane: phase=tls_ready correlationId=c97 hostClass=network hostHash=7df7caa0a5579e01 clientProtocol=http/1.1 ca=b84fe96087814860
09-08 02:20:39.983 15801 16620 I ChromePhotosDataPlane: phase=tls_ready correlationId=c99 hostClass=network hostHash=191347bfe55d0ca9 clientProtocol=http/1.1 ca=b84fe96087814860
09-08 02:20:40.267 15801 16693 I ChromePhotosDataPlane: phase=tls_certificate correlationId=c94 tlsCacheHit=false tlsCacheWaitMs=0.022 tlsCreationMs=461.491
09-08 02:20:40.267 15801 16693 I ChromePhotosDataPlane: phase=tls_material correlationId=c94 tlsMaterialMs=462.028
09-08 02:20:40.278 15801 16693 I ChromePhotosDataPlane: phase=tls_ready correlationId=c94 hostClass=network hostHash=f58aed0f48e58f0c clientProtocol=http/1.1 ca=b84fe96087814860
09-08 02:20:40.481 15801 16571 I ChromePhotosDataPlane: phase=tls_certificate correlationId=c95 tlsCacheHit=false tlsCacheWaitMs=345.715 tlsCreationMs=212.842
09-08 02:20:40.481 15801 16571 I ChromePhotosDataPlane: phase=tls_material correlationId=c95 tlsMaterialMs=558.871
09-08 02:20:40.494 15801 16571 I ChromePhotosDataPlane: phase=tls_ready correlationId=c95 hostClass=network hostHash=1c9aae1431eb8709 clientProtocol=http/1.1 ca=b84fe96087814860
09-08 02:20:40.699 15801 16443 I ChromePhotosDataPlane: phase=tls_certificate correlationId=c96 tlsCacheHit=false tlsCacheWaitMs=535.960 tlsCreationMs=215.054
09-08 02:20:40.699 15801 16443 I ChromePhotosDataPlane: phase=tls_material correlationId=c96 tlsMaterialMs=751.475
09-08 02:20:40.717 15801 16443 I ChromePhotosDataPlane: phase=tls_ready correlationId=c96 hostClass=network hostHash=2d0f3c337e640d3a clientProtocol=http/1.1 ca=b84fe96087814860
09-08 02:20:40.984 15801 16511 I ChromePhotosDataPlane: phase=tls_certificate correlationId=c98 tlsCacheHit=false tlsCacheWaitMs=739.040 tlsCreationMs=284.734
09-08 02:20:40.984 15801 16511 I ChromePhotosDataPlane: phase=tls_material correlationId=c98 tlsMaterialMs=1024.204
09-08 02:20:40.999 15801 16511 I ChromePhotosDataPlane: phase=tls_ready correlationId=c98 hostClass=network hostHash=a552b937eecf21c7 clientProtocol=http/1.1 ca=b84fe96087814860
09-08 02:20:41.441 15801 16510 I ChromePhotosDataPlane: phase=tls_certificate correlationId=c100 tlsCacheHit=false tlsCacheWaitMs=1019.694 tlsCreationMs=456.181
09-08 02:20:41.441 15801 16510 I ChromePhotosDataPlane: phase=tls_material correlationId=c100 tlsMaterialMs=1476.316
09-08 02:20:41.457 15801 16510 I ChromePhotosDataPlane: phase=tls_ready correlationId=c100 hostClass=network hostHash=d8ecf352ffa86f18 clientProtocol=http/1.1 ca=b84fe96087814860
09-08 02:20:41.797 15801 16818 I ChromePhotosDataPlane: phase=tls_certificate correlationId=c101 tlsCacheHit=false tlsCacheWaitMs=1462.183 tlsCreationMs=354.259
09-08 02:20:41.797 15801 16818 I ChromePhotosDataPlane: phase=tls_material correlationId=c101 tlsMaterialMs=1816.772
09-08 02:20:41.809 15801 16818 I ChromePhotosDataPlane: phase=tls_ready correlationId=c101 hostClass=network hostHash=e2ccecf673591338 clientProtocol=http/1.1 ca=b84fe96087814860
09-08 02:20:43.044 15801 16693 I ChromePhotosDataPlane: phase=media_shield_document origin=real hostClass=network hostHash=f58aed0f48e58f0c result=transformed documentSequence=6 navigationSequence=2 token=a2a3e3ae8426 bytesOut=955770 upstreamHeadersMs=1453.358 documentDecisionMs=422.903 downstreamWriteMs=4.355
09-08 02:20:43.151 15801 16692 I ChromePhotosDataPlane: phase=worker_ready correlationId=c102 admissionWaitMs=0.283
09-08 02:20:43.219 15801 16691 I ChromePhotosDataPlane: phase=worker_ready correlationId=c103 admissionWaitMs=0.241
09-08 02:20:43.239 15801 16693 I ChromePhotosDataPlane: phase=media_shield_ready origin=same_origin result=204 bytesOut=0
09-08 02:20:43.239 15801 16691 I ChromePhotosDataPlane: phase=tls_certificate correlationId=c103 tlsCacheHit=true tlsCacheWaitMs=0.014 tlsCreationMs=0.000
09-08 02:20:43.239 15801 16691 I ChromePhotosDataPlane: phase=tls_material correlationId=c103 tlsMaterialMs=0.424
09-08 02:20:43.257 15801 16691 I ChromePhotosDataPlane: phase=tls_ready correlationId=c103 hostClass=network hostHash=7df7caa0a5579e01 clientProtocol=http/1.1 ca=b84fe96087814860
09-08 02:20:43.262 15801 16693 I ChromePhotosDataPlane: phase=media_shield_ready origin=same_origin result=204 bytesOut=0
09-08 02:20:43.281 15801 16693 I ChromePhotosDataPlane: phase=media_shield_ready origin=same_origin result=204 bytesOut=0
09-08 02:20:43.288 15801 16676 I ChromePhotosDataPlane: phase=worker_ready correlationId=c104 admissionWaitMs=0.473
09-08 02:20:43.299 15801 16668 I ChromePhotosDataPlane: phase=worker_ready correlationId=c105 admissionWaitMs=0.474
09-08 02:20:43.326 15801 16676 I ChromePhotosDataPlane: phase=tls_certificate correlationId=c104 tlsCacheHit=true tlsCacheWaitMs=0.011 tlsCreationMs=0.000
09-08 02:20:43.326 15801 16676 I ChromePhotosDataPlane: phase=tls_material correlationId=c104 tlsMaterialMs=0.341
09-08 02:20:43.330 15801 16668 I ChromePhotosDataPlane: phase=tls_certificate correlationId=c105 tlsCacheHit=true tlsCacheWaitMs=0.009 tlsCreationMs=0.000
09-08 02:20:43.330 15801 16668 I ChromePhotosDataPlane: phase=tls_material correlationId=c105 tlsMaterialMs=0.271
09-08 02:20:43.340 15801 16678 I ChromePhotosDataPlane: phase=worker_ready correlationId=c106 admissionWaitMs=0.284
09-08 02:20:43.346 15801 16668 I ChromePhotosDataPlane: phase=tls_ready correlationId=c105 hostClass=network hostHash=7ffe8698ca81d914 clientProtocol=http/1.1 ca=b84fe96087814860
09-08 02:20:43.351 15801 16676 I ChromePhotosDataPlane: phase=tls_ready correlationId=c104 hostClass=network hostHash=505bd18b6650e44b clientProtocol=http/1.1 ca=b84fe96087814860
09-08 02:20:43.385 15801 16678 I ChromePhotosDataPlane: phase=tls_certificate correlationId=c106 tlsCacheHit=true tlsCacheWaitMs=0.019 tlsCreationMs=0.000
09-08 02:20:43.385 15801 16678 I ChromePhotosDataPlane: phase=tls_material correlationId=c106 tlsMaterialMs=0.601
09-08 02:20:43.400 15801 16698 I ChromePhotosDataPlane: phase=worker_ready correlationId=c107 admissionWaitMs=0.626
09-08 02:20:43.406 15801 16698 I ChromePhotosDataPlane: phase=tls_certificate correlationId=c107 tlsCacheHit=true tlsCacheWaitMs=0.008 tlsCreationMs=0.000
09-08 02:20:43.407 15801 16698 I ChromePhotosDataPlane: phase=tls_material correlationId=c107 tlsMaterialMs=0.213
09-08 02:20:43.410 15801 16678 I ChromePhotosDataPlane: phase=tls_ready correlationId=c106 hostClass=network hostHash=fc1e48f201e43606 clientProtocol=http/1.1 ca=b84fe96087814860
09-08 02:20:43.442 15801 16698 I ChromePhotosDataPlane: phase=tls_ready correlationId=c107 hostClass=network hostHash=fc1e48f201e43606 clientProtocol=http/1.1 ca=b84fe96087814860
09-08 02:20:43.449 15801 16692 I ChromePhotosDataPlane: phase=tls_certificate correlationId=c102 tlsCacheHit=false tlsCacheWaitMs=0.018 tlsCreationMs=238.072
09-08 02:20:43.450 15801 16692 I ChromePhotosDataPlane: phase=tls_material correlationId=c102 tlsMaterialMs=238.665
09-08 02:20:43.472 15801 16645 I ChromePhotosDataPlane: phase=worker_ready correlationId=c108 admissionWaitMs=1.425
09-08 02:20:43.476 15801 16415 I ChromePhotosDataPlane: phase=worker_ready correlationId=c109 admissionWaitMs=0.332
09-08 02:20:43.488 15801 16699 I ChromePhotosDataPlane: phase=worker_ready correlationId=c110 admissionWaitMs=0.246
09-08 02:20:43.491 15801 16674 I ChromePhotosDataPlane: phase=worker_ready correlationId=c111 admissionWaitMs=0.149
09-08 02:20:43.497 15801 16630 I ChromePhotosDataPlane: phase=worker_ready correlationId=c112 admissionWaitMs=0.205
09-08 02:20:43.502 15801 16415 I ChromePhotosDataPlane: phase=tls_certificate correlationId=c109 tlsCacheHit=true tlsCacheWaitMs=0.007 tlsCreationMs=0.000
09-08 02:20:43.502 15801 16699 I ChromePhotosDataPlane: phase=tls_certificate correlationId=c110 tlsCacheHit=true tlsCacheWaitMs=0.017 tlsCreationMs=0.000
09-08 02:20:43.502 15801 16415 I ChromePhotosDataPlane: phase=tls_material correlationId=c109 tlsMaterialMs=0.417
09-08 02:20:43.502 15801 16699 I ChromePhotosDataPlane: phase=tls_material correlationId=c110 tlsMaterialMs=0.603
09-08 02:20:43.503 15801 16553 I ChromePhotosDataPlane: phase=worker_ready correlationId=c113 admissionWaitMs=1.069
09-08 02:20:43.503 15801 16645 I ChromePhotosDataPlane: phase=tls_certificate correlationId=c108 tlsCacheHit=true tlsCacheWaitMs=0.013 tlsCreationMs=0.000
09-08 02:20:43.503 15801 16645 I ChromePhotosDataPlane: phase=tls_material correlationId=c108 tlsMaterialMs=0.451
09-08 02:20:43.508 15801 16553 I ChromePhotosDataPlane: phase=tls_certificate correlationId=c113 tlsCacheHit=true tlsCacheWaitMs=0.009 tlsCreationMs=0.000
09-08 02:20:43.508 15801 16553 I ChromePhotosDataPlane: phase=tls_material correlationId=c113 tlsMaterialMs=0.206
09-08 02:20:43.512 15801 16692 I ChromePhotosDataPlane: phase=tls_ready correlationId=c102 hostClass=network hostHash=fdbc7f1491a89ee6 clientProtocol=http/1.1 ca=b84fe96087814860
09-08 02:20:43.514 15801 16674 I ChromePhotosDataPlane: phase=tls_certificate correlationId=c111 tlsCacheHit=true tlsCacheWaitMs=0.008 tlsCreationMs=0.000
09-08 02:20:43.514 15801 16674 I ChromePhotosDataPlane: phase=tls_material correlationId=c111 tlsMaterialMs=0.318
09-08 02:20:43.526 15801 16553 I ChromePhotosDataPlane: phase=tls_ready correlationId=c113 hostClass=network hostHash=fdbc7f1491a89ee6 clientProtocol=http/1.1 ca=b84fe96087814860
09-08 02:20:43.526 15801 16645 I ChromePhotosDataPlane: phase=tls_ready correlationId=c108 hostClass=network hostHash=ee8cdc867bba487e clientProtocol=http/1.1 ca=b84fe96087814860
09-08 02:20:43.528 15801 16415 I ChromePhotosDataPlane: phase=tls_ready correlationId=c109 hostClass=network hostHash=ee8cdc867bba487e clientProtocol=http/1.1 ca=b84fe96087814860
09-08 02:20:43.531 15801 16674 I ChromePhotosDataPlane: phase=tls_ready correlationId=c111 hostClass=network hostHash=ee8cdc867bba487e clientProtocol=http/1.1 ca=b84fe96087814860
09-08 02:20:43.531 15801 16699 I ChromePhotosDataPlane: phase=tls_ready correlationId=c110 hostClass=network hostHash=ee8cdc867bba487e clientProtocol=http/1.1 ca=b84fe96087814860
09-08 02:20:43.532 15801 16595 I ChromePhotosDataPlane: phase=worker_ready correlationId=c114 admissionWaitMs=0.230
09-08 02:20:43.535 15801 16632 I ChromePhotosDataPlane: phase=worker_ready correlationId=c115 admissionWaitMs=1.582
09-08 02:20:43.537 15801 16647 I ChromePhotosDataPlane: phase=worker_ready correlationId=c116 admissionWaitMs=2.018
09-08 02:20:43.538 15801 16481 I ChromePhotosDataPlane: phase=worker_ready correlationId=c117 admissionWaitMs=0.221
09-08 02:20:43.538 15801 16676 I ChromePhotosDataPlane: origin=real hostClass=network hostHash=505bd18b6650e44b method=POST clientProtocol=http/1.1 upstreamProtocol=h2 status=204 contentType=text/plain bytesOut=0 transfer=fixed upstreamHeadersMs=178.898 downstreamWriteMs=0.323
09-08 02:20:43.545 15801 16595 I ChromePhotosDataPlane: phase=tls_certificate correlationId=c114 tlsCacheHit=true tlsCacheWaitMs=0.012 tlsCreationMs=0.000
09-08 02:20:43.545 15801 16595 I ChromePhotosDataPlane: phase=tls_material correlationId=c114 tlsMaterialMs=0.329
09-08 02:20:43.545 15801 16632 I ChromePhotosDataPlane: phase=tls_certificate correlationId=c115 tlsCacheHit=true tlsCacheWaitMs=0.008 tlsCreationMs=0.000
09-08 02:20:43.545 15801 16632 I ChromePhotosDataPlane: phase=tls_material correlationId=c115 tlsMaterialMs=0.138
09-08 02:20:43.560 15801 16668 I ChromePhotosDataPlane: origin=real hostClass=network hostHash=7ffe8698ca81d914 method=GET clientProtocol=http/1.1 upstreamProtocol=h2 status=200 contentType=image/png bytesIn=42 bytesOut=704 cache=miss decision=unknown reason=unsupported_gif source=error probability=-1.0 basis=none decodeMs=0.000 inferenceMs=0.000 inferenceQueueMs=0.000 localDecisionMs=0.000  bodyAdmissionMs=0.060 bodyReadMs=0.258 requestToDeliveryMs=208.939 upstreamHeadersMs=204.724 sanitizeMs=1.176 downstreamWriteMs=0.733
09-08 02:20:43.561 15801 16647 I ChromePhotosDataPlane: phase=tls_certificate correlationId=c116 tlsCacheHit=true tlsCacheWaitMs=0.018 tlsCreationMs=0.000
09-08 02:20:43.561 15801 16647 I ChromePhotosDataPlane: phase=tls_material correlationId=c116 tlsMaterialMs=0.739
09-08 02:20:43.566 15801 16481 I ChromePhotosDataPlane: phase=tls_certificate correlationId=c117 tlsCacheHit=true tlsCacheWaitMs=0.007 tlsCreationMs=0.000
09-08 02:20:43.566 15801 16481 I ChromePhotosDataPlane: phase=tls_material correlationId=c117 tlsMaterialMs=0.190
09-08 02:20:43.573 15801 16632 I ChromePhotosDataPlane: phase=tls_ready correlationId=c115 hostClass=network hostHash=fdbc7f1491a89ee6 clientProtocol=http/1.1 ca=b84fe96087814860
09-08 02:20:43.585 15801 16647 I ChromePhotosDataPlane: phase=tls_ready correlationId=c116 hostClass=network hostHash=fdbc7f1491a89ee6 clientProtocol=http/1.1 ca=b84fe96087814860
09-08 02:20:43.590 15801 16595 I ChromePhotosDataPlane: phase=tls_ready correlationId=c114 hostClass=network hostHash=fdbc7f1491a89ee6 clientProtocol=http/1.1 ca=b84fe96087814860
09-08 02:20:43.603 15801 16481 I ChromePhotosDataPlane: phase=tls_ready correlationId=c117 hostClass=network hostHash=fdbc7f1491a89ee6 clientProtocol=http/1.1 ca=b84fe96087814860
09-08 02:20:43.789 15801 16415 I ChromePhotosDataPlane: origin=real hostClass=network hostHash=ee8cdc867bba487e method=GET clientProtocol=http/1.1 upstreamProtocol=h2 status=200 contentType=image/png bytesIn=42 bytesOut=704 cache=miss decision=unknown reason=unsupported_gif source=error probability=-1.0 basis=none decodeMs=0.000 inferenceMs=0.000 inferenceQueueMs=0.000 localDecisionMs=0.000  bodyAdmissionMs=0.064 bodyReadMs=0.386 requestToDeliveryMs=175.451 upstreamHeadersMs=166.990 sanitizeMs=2.327 downstreamWriteMs=1.888
09-08 02:20:43.801 15801 16511 I ChromePhotosDataPlane: origin=real hostClass=network hostHash=a552b937eecf21c7 method=GET clientProtocol=http/1.1 upstreamProtocol=h2 status=304 contentType= bytesOut=0 transfer=fixed upstreamHeadersMs=165.222 downstreamWriteMs=1.158
09-08 02:20:43.812 15801 16645 I ChromePhotosDataPlane: origin=real hostClass=network hostHash=ee8cdc867bba487e method=GET clientProtocol=http/1.1 upstreamProtocol=h2 status=200 contentType=image/png bytesIn=42 bytesOut=704 cache=miss decision=unknown reason=unsupported_gif source=error probability=-1.0 basis=none decodeMs=0.000 inferenceMs=0.000 inferenceQueueMs=0.000 localDecisionMs=0.000  bodyAdmissionMs=0.057 bodyReadMs=5.604 requestToDeliveryMs=199.872 upstreamHeadersMs=185.676 sanitizeMs=7.755 downstreamWriteMs=3.308
09-08 02:20:43.817 15801 16674 I ChromePhotosDataPlane: origin=real hostClass=network hostHash=ee8cdc867bba487e method=GET clientProtocol=http/1.1 upstreamProtocol=h2 status=200 contentType=image/png bytesIn=42 bytesOut=704 cache=miss decision=unknown reason=unsupported_gif source=error probability=-1.0 basis=none decodeMs=0.000 inferenceMs=0.000 inferenceQueueMs=0.000 localDecisionMs=0.000  bodyAdmissionMs=0.044 bodyReadMs=2.226 requestToDeliveryMs=189.091 upstreamHeadersMs=181.456 sanitizeMs=3.261 downstreamWriteMs=1.440
09-08 02:20:43.834 15801 16693 I ChromePhotosDataPlane: origin=real hostClass=network hostHash=f58aed0f48e58f0c method=GET clientProtocol=http/1.1 upstreamProtocol=h2 status=304 contentType=application/javascript bytesOut=0 transfer=fixed upstreamHeadersMs=199.290 downstreamWriteMs=1.510
09-08 02:20:43.891 15801 16571 I ChromePhotosDataPlane: origin=real hostClass=network hostHash=1c9aae1431eb8709 method=GET clientProtocol=http/1.1 upstreamProtocol=h2 status=200 contentType=application/javascript bytesOut=112 transfer=chunked upstreamHeadersMs=459.761 downstreamWriteMs=6.648
09-08 02:20:43.909 15801 16699 I ChromePhotosDataPlane: origin=real hostClass=network hostHash=ee8cdc867bba487e method=GET clientProtocol=http/1.1 upstreamProtocol=h2 status=302 contentType= bytesIn=0 bytesOut=0 cache=miss decision=passthrough   requestToDeliveryMs=289.026 upstreamHeadersMs=287.377 sanitizeMs=0.255 downstreamWriteMs=0.330
09-08 02:20:44.127 15801 16630 I ChromePhotosDataPlane: phase=tls_certificate correlationId=c112 tlsCacheHit=false tlsCacheWaitMs=0.010 tlsCreationMs=578.534
09-08 02:20:44.127 15801 16630 I ChromePhotosDataPlane: phase=tls_material correlationId=c112 tlsMaterialMs=578.846
09-08 02:20:44.136 15801 16630 I ChromePhotosDataPlane: phase=tls_ready correlationId=c112 hostClass=network hostHash=78545291017afd6d clientProtocol=http/1.1 ca=b84fe96087814860
09-08 02:20:44.267 15801 16678 I ChromePhotosDataPlane: origin=real hostClass=network hostHash=fc1e48f201e43606 method=POST clientProtocol=http/1.1 upstreamProtocol=h2 status=200 contentType=application/json bytesOut=0 transfer=fixed upstreamHeadersMs=851.037 downstreamWriteMs=0.464
09-08 02:20:44.348 15801 16698 I ChromePhotosDataPlane: origin=real hostClass=network hostHash=fc1e48f201e43606 method=POST clientProtocol=http/1.1 upstreamProtocol=h2 status=200 contentType=application/json bytesOut=0 transfer=fixed upstreamHeadersMs=829.930 downstreamWriteMs=0.867
09-08 02:20:44.886 15801 16595 I ChromePhotosDataPlane: origin=real hostClass=network hostHash=fdbc7f1491a89ee6 method=GET clientProtocol=http/1.1 upstreamProtocol=h2 status=200 contentType=image/webp bytesIn=16002 bytesOut=16002 cache=miss decision=safe reason=model_allow source=engine probability=0.06782976 basis=None decodeMs=27.313 inferenceMs=624.758 inferenceQueueMs=0.161 localDecisionMs=653.795  bodyAdmissionMs=0.037 bodyReadMs=0.298 hashMs=0.541 requestToDeliveryMs=1244.220 upstreamHeadersMs=574.099 sanitizeMs=662.567 downstreamWriteMs=2.193
09-08 02:20:45.037 15801 16630 I ChromePhotosDataPlane: origin=real hostClass=network hostHash=78545291017afd6d method=GET clientProtocol=http/1.1 upstreamProtocol=h2 status=200 contentType=image/png bytesIn=127837 bytesOut=127837 cache=miss decision=safe reason=model_allow source=engine probability=0.05982989 basis=None decodeMs=11.673 inferenceMs=135.023 inferenceQueueMs=573.877 localDecisionMs=721.556  bodyAdmissionMs=0.038 bodyReadMs=24.119 hashMs=1.429 requestToDeliveryMs=899.770 upstreamHeadersMs=103.943 sanitizeMs=783.552 downstreamWriteMs=6.065
09-08 02:20:45.588 15801 16692 I ChromePhotosDataPlane: origin=real hostClass=network hostHash=fdbc7f1491a89ee6 method=GET clientProtocol=http/1.1 upstreamProtocol=h2 status=200 contentType=image/webp bytesIn=21480 bytesOut=21480 cache=miss decision=safe reason=model_allow source=engine probability=0.019576043 basis=None decodeMs=15.598 inferenceMs=541.909 inferenceQueueMs=117.680 localDecisionMs=676.160  bodyAdmissionMs=636.671 bodyReadMs=0.687 hashMs=1.033 requestToDeliveryMs=2018.786 upstreamHeadersMs=672.692 sanitizeMs=1340.958 downstreamWriteMs=1.938
09-08 02:20:46.151 15801 16553 I ChromePhotosDataPlane: origin=real hostClass=network hostHash=fdbc7f1491a89ee6 method=GET clientProtocol=http/1.1 upstreamProtocol=h2 status=200 contentType=image/webp bytesIn=26888 bytesOut=26888 cache=miss decision=safe reason=model_allow source=engine probability=0.01354295 basis=None decodeMs=20.288 inferenceMs=539.627 inferenceQueueMs=530.510 localDecisionMs=1091.912  bodyAdmissionMs=660.761 bodyReadMs=0.787 hashMs=0.616 requestToDeliveryMs=2560.398 upstreamHeadersMs=772.749 sanitizeMs=1780.060 downstreamWriteMs=2.663
09-08 02:20:46.341 15801 16416 I ChromePhotosDataPlane: phase=worker_ready correlationId=c118 admissionWaitMs=0.274
09-08 02:20:46.350 15801 16596 I ChromePhotosDataPlane: phase=worker_ready correlationId=c119 admissionWaitMs=0.487
09-08 02:20:46.360 15801 16416 I ChromePhotosDataPlane: phase=tls_certificate correlationId=c118 tlsCacheHit=true tlsCacheWaitMs=0.036 tlsCreationMs=0.000
09-08 02:20:46.361 15801 16416 I ChromePhotosDataPlane: phase=tls_material correlationId=c118 tlsMaterialMs=0.583
09-08 02:20:46.378 15801 16596 W ChromePhotosDataPlane: phase=connection_failed correlationId=c119 error=UnknownHostException
09-08 02:20:46.386 15801 16625 I ChromePhotosDataPlane: phase=worker_ready correlationId=c120 admissionWaitMs=0.240
09-08 02:20:46.387 15801 16701 I ChromePhotosDataPlane: phase=worker_ready correlationId=c121 admissionWaitMs=0.218
09-08 02:20:46.388 15801 16416 I ChromePhotosDataPlane: phase=tls_ready correlationId=c118 hostClass=network hostHash=f58aed0f48e58f0c clientProtocol=http/1.1 ca=b84fe96087814860
09-08 02:20:46.390 15801 16713 I ChromePhotosDataPlane: phase=worker_ready correlationId=c122 admissionWaitMs=0.269
09-08 02:20:46.394 15801 16625 I ChromePhotosDataPlane: phase=tls_certificate correlationId=c120 tlsCacheHit=true tlsCacheWaitMs=0.010 tlsCreationMs=0.000
09-08 02:20:46.394 15801 16625 I ChromePhotosDataPlane: phase=tls_material correlationId=c120 tlsMaterialMs=0.286
09-08 02:20:46.406 15801 16713 I ChromePhotosDataPlane: phase=tls_certificate correlationId=c122 tlsCacheHit=true tlsCacheWaitMs=0.011 tlsCreationMs=0.000
09-08 02:20:46.406 15801 16713 I ChromePhotosDataPlane: phase=tls_material correlationId=c122 tlsMaterialMs=0.267
09-08 02:20:46.406 15801 16701 I ChromePhotosDataPlane: phase=tls_certificate correlationId=c121 tlsCacheHit=true tlsCacheWaitMs=0.011 tlsCreationMs=0.000
09-08 02:20:46.406 15801 16701 I ChromePhotosDataPlane: phase=tls_material correlationId=c121 tlsMaterialMs=0.316
09-08 02:20:46.419 15801 16625 I ChromePhotosDataPlane: phase=tls_ready correlationId=c120 hostClass=network hostHash=f58aed0f48e58f0c clientProtocol=http/1.1 ca=b84fe96087814860
09-08 02:20:46.422 15801 16718 I ChromePhotosDataPlane: phase=worker_ready correlationId=c123 admissionWaitMs=0.361
09-08 02:20:46.427 15801 16713 I ChromePhotosDataPlane: phase=tls_ready correlationId=c122 hostClass=network hostHash=f58aed0f48e58f0c clientProtocol=http/1.1 ca=b84fe96087814860
09-08 02:20:46.430 15801 16718 I ChromePhotosDataPlane: phase=tls_certificate correlationId=c123 tlsCacheHit=true tlsCacheWaitMs=0.011 tlsCreationMs=0.000
09-08 02:20:46.430 15801 16718 I ChromePhotosDataPlane: phase=tls_material correlationId=c123 tlsMaterialMs=0.253
09-08 02:20:46.434 15801 16701 I ChromePhotosDataPlane: phase=tls_ready correlationId=c121 hostClass=network hostHash=f58aed0f48e58f0c clientProtocol=http/1.1 ca=b84fe96087814860
09-08 02:20:46.444 15801 16718 I ChromePhotosDataPlane: phase=tls_ready correlationId=c123 hostClass=network hostHash=f58aed0f48e58f0c clientProtocol=http/1.1 ca=b84fe96087814860
09-08 02:20:46.448 15801 16729 I ChromePhotosDataPlane: phase=worker_ready correlationId=c124 admissionWaitMs=0.205
09-08 02:20:46.469 15801 16735 I ChromePhotosDataPlane: phase=worker_ready correlationId=c125 admissionWaitMs=0.269
09-08 02:20:46.481 15801 16748 I ChromePhotosDataPlane: phase=worker_ready correlationId=c126 admissionWaitMs=0.272
09-08 02:20:46.486 15801 16761 I ChromePhotosDataPlane: phase=worker_ready correlationId=c127 admissionWaitMs=0.324
09-08 02:20:46.498 15801 16729 I ChromePhotosDataPlane: phase=tls_certificate correlationId=c124 tlsCacheHit=true tlsCacheWaitMs=0.024 tlsCreationMs=0.000
09-08 02:20:46.498 15801 16729 I ChromePhotosDataPlane: phase=tls_material correlationId=c124 tlsMaterialMs=0.831
09-08 02:20:46.529 15801 16729 I ChromePhotosDataPlane: phase=tls_ready correlationId=c124 hostClass=network hostHash=f5594fab1b035ec0 clientProtocol=http/1.1 ca=b84fe96087814860
09-08 02:20:46.660 15801 16416 I ChromePhotosDataPlane: origin=real hostClass=network hostHash=f58aed0f48e58f0c method=GET clientProtocol=http/1.1 upstreamProtocol=h2 status=200 contentType=application/javascript bytesOut=175720 transfer=fixed upstreamHeadersMs=214.682 downstreamWriteMs=33.589
09-08 02:20:46.728 15801 16632 I ChromePhotosDataPlane: origin=real hostClass=network hostHash=fdbc7f1491a89ee6 method=GET clientProtocol=http/1.1 upstreamProtocol=h2 status=200 contentType=image/webp bytesIn=16300 bytesOut=16300 cache=miss decision=safe reason=model_allow source=engine probability=0.26753896 basis=None decodeMs=15.388 inferenceMs=560.389 inferenceQueueMs=547.179 localDecisionMs=1124.046  bodyAdmissionMs=1163.449 bodyReadMs=0.295 hashMs=0.694 requestToDeliveryMs=3090.513 upstreamHeadersMs=781.197 sanitizeMs=2300.555 downstreamWriteMs=1.068
09-08 02:20:46.870 15801 16729 I ChromePhotosDataPlane: origin=real hostClass=network hostHash=f5594fab1b035ec0 method=GET clientProtocol=http/1.1 upstreamProtocol=h2 status=200 contentType=application/javascript bytesOut=2578 transfer=fixed upstreamHeadersMs=334.233 downstreamWriteMs=1.131
09-08 02:20:46.880 15801 16701 I ChromePhotosDataPlane: origin=real hostClass=network hostHash=f58aed0f48e58f0c method=GET clientProtocol=http/1.1 upstreamProtocol=h2 status=200 contentType=application/javascript bytesOut=171663 transfer=fixed upstreamHeadersMs=334.113 downstreamWriteMs=96.781
09-08 02:20:46.893 15801 16625 I ChromePhotosDataPlane: origin=real hostClass=network hostHash=f58aed0f48e58f0c method=GET clientProtocol=http/1.1 upstreamProtocol=h2 status=200 contentType=application/javascript bytesOut=173011 transfer=fixed upstreamHeadersMs=328.049 downstreamWriteMs=89.166
09-08 02:20:46.905 15801 16713 I ChromePhotosDataPlane: origin=real hostClass=network hostHash=f58aed0f48e58f0c method=GET clientProtocol=http/1.1 upstreamProtocol=h2 status=200 contentType=application/javascript bytesOut=161143 transfer=fixed upstreamHeadersMs=337.412 downstreamWriteMs=120.448
09-08 02:20:46.908 15801 16718 I ChromePhotosDataPlane: origin=real hostClass=network hostHash=f58aed0f48e58f0c method=GET clientProtocol=http/1.1 upstreamProtocol=h2 status=200 contentType=application/javascript bytesOut=195194 transfer=fixed upstreamHeadersMs=320.666 downstreamWriteMs=112.135
09-08 02:20:46.962 15801 16416 I ChromePhotosDataPlane: origin=real hostClass=network hostHash=f58aed0f48e58f0c method=POST clientProtocol=http/1.1 upstreamProtocol=h2 status=200 contentType=application/json bytesOut=49 transfer=chunked upstreamHeadersMs=243.658 downstreamWriteMs=0.508
09-08 02:20:47.044 15801 16748 I ChromePhotosDataPlane: phase=tls_certificate correlationId=c126 tlsCacheHit=false tlsCacheWaitMs=0.013 tlsCreationMs=528.604
09-08 02:20:47.044 15801 16748 I ChromePhotosDataPlane: phase=tls_material correlationId=c126 tlsMaterialMs=529.057
09-08 02:20:47.062 15801 16748 I ChromePhotosDataPlane: phase=tls_ready correlationId=c126 hostClass=network hostHash=9d6e17ba2c400ce0 clientProtocol=http/1.1 ca=b84fe96087814860
09-08 02:20:47.102 15801 16701 I ChromePhotosDataPlane: origin=real hostClass=network hostHash=f58aed0f48e58f0c method=POST clientProtocol=http/1.1 upstreamProtocol=h2 status=200 contentType=application/json bytesOut=832 transfer=chunked upstreamHeadersMs=204.340 downstreamWriteMs=1.488
09-08 02:20:47.227 15801 16718 I ChromePhotosDataPlane: origin=real hostClass=network hostHash=f58aed0f48e58f0c method=POST clientProtocol=http/1.1 upstreamProtocol=h2 status=200 contentType=application/json bytesOut=94 transfer=chunked upstreamHeadersMs=272.107 downstreamWriteMs=2.212
09-08 02:20:47.239 15801 16713 I ChromePhotosDataPlane: origin=real hostClass=network hostHash=f58aed0f48e58f0c method=POST clientProtocol=http/1.1 upstreamProtocol=h2 status=200 contentType=application/json bytesOut=136 transfer=chunked upstreamHeadersMs=298.093 downstreamWriteMs=1.938
09-08 02:20:47.264 15801 16625 I ChromePhotosDataPlane: origin=real hostClass=network hostHash=f58aed0f48e58f0c method=POST clientProtocol=http/1.1 upstreamProtocol=h2 status=200 contentType=application/json bytesOut=126 transfer=chunked upstreamHeadersMs=351.894 downstreamWriteMs=1.413
09-08 02:20:47.355 15801 16735 I ChromePhotosDataPlane: phase=tls_certificate correlationId=c125 tlsCacheHit=false tlsCacheWaitMs=525.842 tlsCreationMs=309.977
09-08 02:20:47.355 15801 16735 I ChromePhotosDataPlane: phase=tls_material correlationId=c125 tlsMaterialMs=836.285
09-08 02:20:47.369 15801 16735 I ChromePhotosDataPlane: phase=tls_ready correlationId=c125 hostClass=network hostHash=df8ab3acb3324531 clientProtocol=http/1.1 ca=b84fe96087814860
09-08 02:20:47.378 15801 16647 I ChromePhotosDataPlane: origin=real hostClass=network hostHash=fdbc7f1491a89ee6 method=GET clientProtocol=http/1.1 upstreamProtocol=h2 status=200 contentType=image/webp bytesIn=25378 bytesOut=25378 cache=miss decision=safe reason=model_allow source=engine probability=0.09926775 basis=None decodeMs=15.587 inferenceMs=637.185 inferenceQueueMs=558.945 localDecisionMs=1213.229  bodyAdmissionMs=1720.075 bodyReadMs=0.655 hashMs=0.690 requestToDeliveryMs=3738.005 upstreamHeadersMs=784.395 sanitizeMs=2949.163 downstreamWriteMs=1.214
09-08 02:20:47.388 15801 16693 I ChromePhotosDataPlane: origin=real hostClass=network hostHash=f58aed0f48e58f0c method=GET clientProtocol=http/1.1 upstreamProtocol=h2 status=200 contentType=image/png bytesIn=769924 bytesOut=704 cache=miss decision=unknown reason=image_format_unknown source=error probability=-1.0 basis=none decodeMs=0.000 inferenceMs=0.000 inferenceQueueMs=0.000 localDecisionMs=0.000  bodyAdmissionMs=2763.159 bodyReadMs=5.404 requestToDeliveryMs=3386.069 upstreamHeadersMs=609.163 sanitizeMs=2770.580 downstreamWriteMs=4.087
09-08 02:20:47.415 15801 16701 I ChromePhotosDataPlane: origin=real hostClass=network hostHash=f58aed0f48e58f0c method=POST clientProtocol=http/1.1 upstreamProtocol=h2 status=200 contentType=application/json bytesOut=92 transfer=chunked upstreamHeadersMs=259.091 downstreamWriteMs=1.416
09-08 02:20:47.480 15801 16748 I ChromePhotosDataPlane: origin=real hostClass=network hostHash=9d6e17ba2c400ce0 method=GET clientProtocol=http/1.1 upstreamProtocol=h2 status=200 contentType=text/html bytesOut=2743 transfer=chunked upstreamHeadersMs=414.535 downstreamWriteMs=1.232
09-08 02:20:47.530 15801 16718 I ChromePhotosDataPlane: origin=real hostClass=network hostHash=f58aed0f48e58f0c method=POST clientProtocol=http/1.1 upstreamProtocol=h2 status=200 contentType=application/json bytesOut=943 transfer=chunked upstreamHeadersMs=229.407 downstreamWriteMs=1.504
09-08 02:20:47.692 15801 16842 I ChromePhotosDataPlane: phase=worker_ready correlationId=c128 admissionWaitMs=1.093
09-08 02:20:47.730 15801 16842 I ChromePhotosDataPlane: phase=tls_certificate correlationId=c128 tlsCacheHit=true tlsCacheWaitMs=0.018 tlsCreationMs=0.000
09-08 02:20:47.730 15801 16842 I ChromePhotosDataPlane: phase=tls_material correlationId=c128 tlsMaterialMs=0.594
09-08 02:20:47.745 15801 16842 I ChromePhotosDataPlane: phase=tls_ready correlationId=c128 hostClass=network hostHash=4dce8d0b280a268f clientProtocol=http/1.1 ca=b84fe96087814860
09-08 02:20:47.774 15801 16699 I ChromePhotosDataPlane: origin=real hostClass=network hostHash=ee8cdc867bba487e method=POST clientProtocol=http/1.1 upstreamProtocol=h2 status=204 contentType=text/html bytesOut=0 transfer=fixed upstreamHeadersMs=56.915 downstreamWriteMs=0.841
09-08 02:20:47.840 15801 16509 I ChromePhotosDataPlane: phase=worker_ready correlationId=c129 admissionWaitMs=0.242
09-08 02:20:47.847 15801 16539 I ChromePhotosDataPlane: phase=worker_ready correlationId=c130 admissionWaitMs=2.099
09-08 02:20:47.892 15801 16509 I ChromePhotosDataPlane: phase=tls_certificate correlationId=c129 tlsCacheHit=true tlsCacheWaitMs=0.031 tlsCreationMs=0.000
09-08 02:20:47.892 15801 16509 I ChromePhotosDataPlane: phase=tls_material correlationId=c129 tlsMaterialMs=1.142
09-08 02:20:47.909 15801 16509 I ChromePhotosDataPlane: phase=tls_ready correlationId=c129 hostClass=network hostHash=abf8fbf760ef2a86 clientProtocol=http/1.1 ca=b84fe96087814860
09-08 02:20:47.920 15801 16620 I ChromePhotosDataPlane: origin=real hostClass=network hostHash=191347bfe55d0ca9 method=POST clientProtocol=http/1.1 upstreamProtocol=h2 status=200 contentType=text/plain bytesOut=0 transfer=fixed upstreamHeadersMs=212.360 downstreamWriteMs=0.967
09-08 02:20:47.931 15801 16481 I ChromePhotosDataPlane: origin=real hostClass=network hostHash=fdbc7f1491a89ee6 method=GET clientProtocol=http/1.1 upstreamProtocol=h2 status=200 contentType=image/webp bytesIn=17738 bytesOut=17738 cache=miss decision=safe reason=model_allow source=engine probability=0.094395995 basis=None decodeMs=18.646 inferenceMs=533.051 inferenceQueueMs=644.128 localDecisionMs=1197.125  bodyAdmissionMs=2261.300 bodyReadMs=0.279 hashMs=0.452 requestToDeliveryMs=4281.402 upstreamHeadersMs=809.281 sanitizeMs=3467.317 downstreamWriteMs=1.317
09-08 02:20:48.014 15801 16556 I ChromePhotosDataPlane: phase=worker_ready correlationId=c131 admissionWaitMs=0.618
09-08 02:20:48.015 15801 16761 I ChromePhotosDataPlane: phase=tls_certificate correlationId=c127 tlsCacheHit=false tlsCacheWaitMs=806.337 tlsCreationMs=658.709
09-08 02:20:48.015 15801 16761 I ChromePhotosDataPlane: phase=tls_material correlationId=c127 tlsMaterialMs=1465.670
09-08 02:20:48.030 15801 16761 I ChromePhotosDataPlane: phase=tls_ready correlationId=c127 hostClass=network hostHash=29078f5ef8eb9960 clientProtocol=http/1.1 ca=b84fe96087814860
09-08 02:20:48.063 15801 16718 I ChromePhotosDataPlane: origin=real hostClass=network hostHash=f58aed0f48e58f0c method=POST clientProtocol=http/1.1 upstreamProtocol=h2 status=200 contentType=application/json bytesOut=1057 transfer=chunked upstreamHeadersMs=320.784 downstreamWriteMs=1.529
09-08 02:20:48.072 15801 16595 I ChromePhotosDataPlane: origin=real hostClass=network hostHash=fdbc7f1491a89ee6 method=GET clientProtocol=http/1.1 upstreamProtocol=h2 status=200 contentType=image/webp bytesIn=4858 bytesOut=4858 cache=miss decision=safe reason=model_allow source=engine probability=0.0034654438 basis=None decodeMs=5.998 inferenceMs=136.747 inferenceQueueMs=541.229 localDecisionMs=684.754  bodyAdmissionMs=2258.959 bodyReadMs=0.200 hashMs=0.381 requestToDeliveryMs=3120.536 upstreamHeadersMs=167.971 sanitizeMs=2946.352 downstreamWriteMs=0.916
09-08 02:20:48.093 15801 15801 I ChromePhotosDataPlane: phase=status statusSequence=12 lifecycle=PresentationReady active=true ready=true connections=131 requests=162 safe=20 blocked=0 unknown=13 passthrough=110 cacheHits=3 cacheMisses=27 failures=11 clientDisconnects=0 bytesIn=8145428 bytesOut=8080147 streamed=92 proxyQueueRejects=0 proxyActivePeak=60 proxyP50Ms=250.875 proxyP95Ms=1290.942 proxyP99Ms=3386.317 upstreamSockets=85 protectSuccess=85 protectFailure=0 web11a=not_run web11b=not_run modelLoadMs=281.008 engineCalls=17 dedupeHits=1 decisionCacheConfig=64 decisionConcurrencyConfig=1 decisionQueueConfig=2 decisionTimeoutMs=5000 engineCallsPerRequest=0.7727272727272727 inferencePeak=1 inFlightPeak=2 queuePeak=1 queueRejects=0 timeouts=0 inferenceP50Ms=195.475833 inferenceP95Ms=624.758176 inferenceP99Ms=624.758176 decisionP50Ms=253.189739 decisionP95Ms=1197.125207 decisionP99Ms=1197.125207 cacheHitP50Ms=0.068541 cacheHitP95Ms=0.068541 cacheEntries=16 cacheEvictions=0 preprocessP50Ms=18.646094 preprocessP95Ms=39.017552 preprocessP99Ms=39.017552 preparedCount1=10 preparedCount4=6 preparedCount5=0 preparedCountOther=0 decisionBasis=None:16 imageCandidates=37 imagePrefixPeeks=10 imageMagicCandidates=0 imageBodyAdmissionPeak=2 imageBodyAdmissionRejects=0 networkVisualCandidates=37 networkVisualReplaced=0 networkVisualRawDelivered=0 networkVisualSafeRawDelivered=20 networkVisualBlockedReplaced=0 networkVisualUnknownReplaced=0 networkVisualUnsupportedReplaced=13 networkVisualRawBlockedDelivered=0 networkVisualRawUnknownDelivered=0 networkVisualCacheHit=3 networkVisualInference=16 mediaDocumentsTransformed=6 mediaDocumentsFailClosed=2 documentTransformOutstanding=0 readyTokensOutstanding=6 uiSvgRegistered=0 uiSvgRegistryBytes=0 uiSvgCssRewritten=0 uiSvgCssRejected=0 uiSvgNetworkAccepted=10 uiSvgNetworkRejected=0 uiSvgAssetServed=0 uiSvgAssetRejected=0 h18=REPORT=not_run,EVENT_SEQUENCE=0,COMPAT_DOCS=0,STRICT_DOCS=0,STYLE_REQ=0,SCRIPT_REQ=0,DATA_REQ=0,NETWORK_REQ=0,REPORTS=0,LAST_DOC=none,NETWORK_SHA=ee17e3f62edde61823ce35732ea168f4f5986bff347ccfac063eca7f4009ee1b,AUDIT_SHA=74d4467bbf6833db4eeab998495b7dfc50db3b1f04f407704b839ad3f4b25582 h19=REPORT=not_run,DOCUMENTS=0,FRAMES=0,SCRIPTS=0,FIRST_ORIGINAL_SCRIPTS=0,STYLES=0,WORKERS=0,SERVICE_WORKERS=0,FRAME_REPORTS=0,FRAME_REPORT_REJECTS=0,FRAME_REPORT=not_run,FRAME_REPORT_SHA=not_run,FRAME_CHALLENGE_SHA=not_run,FRAME_GENERATION=0,FRAME_ACCEPTED_CHALLENGE_SHA=not_run,FRAME_REPORT_BINDING_SHA=not_run,SAME_URL_BODIES=0,REPORTS=0,SW_BOUNDARY={INSTALL_DOCS=0,WORKER_SCRIPTS=0,WORKER_PROBE_SCRIPTS=0,PROBE_DOCS=0,CLEANUP_DOCS=0,REPORTS_ACCEPTED=0,REPORTS_REJECTED=0,CONTROLLER_PRESENT=0,CONTROLLER_MISSING=0,NAV_FETCHES=0,SELF_READY_FETCHES=0,SELF_READY_PASS_THROUGH=0,SELF_READY_SYNTHETIC=0,NAV_SYNTHETIC=0,RESET_BASELINE_CLEAN=0,RESET_BASELINE_DIRTY=0,REGISTER_BLOCKED=0,REGISTER_SUCCEEDED=0,WORKER_REGISTER_BLOCKED=0,WORKER_REGISTER_SUCCEEDED=0,WORKER_REGISTER_UNSUPPORTED=0,WORKER_REGISTER_ERROR=0,LAST_CASE=none,LAST_EVENT=none,LAST_VALUE=none},UI_SVG={not_run} quicAttempts=0 directTcpAttempts=0 bootstrapResetGeneration=2 bootstrapCompleteGeneration=2 bootstrapResetCount=3 chromeSuspended=false guardSession=532 guardHeartbeatSequence=1180 audit17State=0 audit17Navigation=0 audit17Events=39 audit17Dropped=0
09-08 02:20:48.093 15801 15801 I ChromeMediaShieldStatus: v=1 seq=12 kind=network mode=selective candidates=37 replaced=0 rawDelivered=0 safeRaw=20 blockedReplaced=0 unknownReplaced=0 unsupportedReplaced=13 rawBlocked=0 rawUnknown=0 cacheHit=3 decisionEngine=16 engineCalls=17
09-08 02:20:48.093 15801 15801 I ChromeMediaShieldStatus: v=1 seq=12 kind=document transformed=6 failClosed=2 outstanding=0 issued=6 claims=2 documentSequence=6 navigationSequence=2 readyRequests=6 readyPreflights=0 readyAccepted=2 readyRejected=0 parserBarrierRequests=0 parserBarrierReady=0 parserBarrierFailClosed=0 selfShield=true selfReadyRequests=2 selfReadyAccepted=2 selfReadyRejected=0 selfReadyRejectReason=none selfShieldReleaseCompleted=2 selfShieldParserContinued=2 selfShieldOriginalScriptStarted=0 selfShieldTraceRejected=0 selfShieldTraceOutstanding=0 bootstrapDiagnosticAccepted=0 bootstrapDiagnosticRejected=0 bootstrapDiagnosticRejectReason=none bootstrapDiagnosticStage=none bootstrapDiagnosticReason=none bootstrapDiagnosticOutstanding=0
09-08 02:20:48.094 15801 15801 I ChromeMediaShieldStatus: v=1 seq=12 kind=renderer reports=0 rejected=0 globalCallbacks=0 globalRecords=0 childRecords=0 attributeRecords=0 maxRecords=0 scanCalls=0 scanRoot=0 scanNodes=0 maxScanNodes=0 scanMicros=0 maxScanMicros=0 observerChildScans=0 observerAttributeScans=0 guardedScans=0 markupScans=0 shadowScans=0 initialScans=0 otherScans=0 sanitizeElement=0 sanitizeContainer=0 img=0 source=0 svg=0 iframe=0 canvas=0 video=0 safeIcon=0 lockIcon=0 geometryWrites=0 svgRecords=0 shadowRoots=0 shadowObservers=0 shadowCallbacks=0 shadowRecords=0 shadowScanCalls=0 ensureStyle=0 ensureCurtain=0 internalMutations=0
09-08 02:20:48.094 15801 15801 I ChromeMediaShieldStatus: v=1 seq=12 kind=rendererApis callScan=createElement=0/0 createElementNS=0/0 appendChild=0/0 insertBefore=0/0 replaceChild=0/0 append=0/0 prepend=0/0 replaceChildren=0/0 before=0/0 after=0/0 replaceWith=0/0 adjacentElement=0/0 moveBefore=0/0 rangeInsert=0/0 rangeSurround=0/0 adoptNode=0/0 cloneNode=0/0 importNode=0/0 safeMarkup=0/0 innerHTML=0/0 outerHTML=0/0 insertAdjacentHTML=0/0 setHTML=0/0 shadowInnerHTML=0/0 execCommandInsertHTML=0/0 mappedTextContent=0/0
09-08 02:20:48.094 15801 15801 I ChromeMediaShieldStatus: v=1 seq=12 kind=rendererFamilies roots=element/fragment/text/other factory:calls=0,scans=0,direct=0,roots=0/0/0/0,nodes=0,micros=0,maxMicros=0 domGuard:calls=0,scans=0,direct=0,roots=0/0/0/0,nodes=0,micros=0,maxMicros=0 markup:calls=0,scans=0,direct=0,roots=0/0/0/0,nodes=0,micros=0,maxMicros=0
09-08 02:20:48.094 15801 15801 I ChromeMediaShieldStatus: v=1 seq=12 kind=uiSvg registered=0 registryBytes=0 cssRewritten=0 cssRejected=0 networkAccepted=10 networkRejected=0 assetServed=0 assetRejected=0
09-08 02:20:48.094 15801 15801 I ChromeMediaShieldStatus: v=1 seq=12 kind=health failures=11 clientDisconnects=0 proxyQueueRejects=0 protectFailure=0 quicAttempts=0 directTcpAttempts=0 active=true ready=true
09-08 02:20:48.094 15801 15801 I ChromeMediaShieldStatus: v=1 seq=12 kind=fixture report=REPORT=not_run,DOCUMENTS=0,FRAMES=0,SCRIPTS=0,FIRST_ORIGINAL_SCRIPTS=0,STYLES=0,WORKERS=0,SERVICE_WORKERS=0,FRAME_REPORTS=0,FRAME_REPORT_REJECTS=0,FRAME_REPORT=not_run,FRAME_REPORT_SHA=not_run,FRAME_CHALLENGE_SHA=not_run,FRAME_GENERATION=0,FRAME_ACCEPTED_CHALLENGE_SHA=not_run,FRAME_REPORT_BINDING_SHA=not_run,SAME_URL_BODIES=0,REPORTS=0,SW_BOUNDARY={INSTALL_DOCS=0,WORKER_SCRIPTS=0,WORKER_PROBE_SCRIPTS=0,PROBE_DOCS=0,CLEANUP_DOCS=0,REPORTS_ACCEPTED=0,REPORTS_REJECTED=0,CONTROLLER_PRESENT=0,CONTROLLER_MISSING=0,NAV_FETCHES=0,SELF_READY_FETCHES=0,SELF_READY_PASS_THROUGH=0,SELF_READY_SYNTHETIC=0,NAV_SYNTHETIC=0,RESET_BASELINE_CLEAN=0,RESET_BASELINE_DIRTY=0,REGISTER_BLOCKED=0,REGISTER_SUCCEEDED=0,WORKER_REGISTER_BLOCKED=0,WORKER_REGISTER_SUCCEEDED=0,WORKER_REGISTER_UNSUPPORTED=0,WORKER_REGISTER_ERROR=0,LAST_CASE=none,LAST_EVENT=none,LAST_VALUE=none},UI_SVG={not_run}
09-08 02:20:48.112 15801 16442 I ChromePhotosDataPlane: phase=worker_ready correlationId=c132 admissionWaitMs=0.393
09-08 02:20:48.149 15801 16761 I ChromePhotosDataPlane: origin=real hostClass=network hostHash=29078f5ef8eb9960 method=GET clientProtocol=http/1.1 upstreamProtocol=h2 status=304 contentType= bytesOut=0 transfer=fixed upstreamHeadersMs=116.795 downstreamWriteMs=0.297
09-08 02:20:48.228 15801 16692 I ChromePhotosDataPlane: origin=real hostClass=network hostHash=fdbc7f1491a89ee6 method=GET clientProtocol=http/1.1 upstreamProtocol=h2 status=200 contentType=image/webp bytesIn=8344 bytesOut=8344 cache=miss decision=safe reason=model_allow source=engine probability=0.013767481 basis=None decodeMs=5.733 inferenceMs=149.250 inferenceQueueMs=135.850 localDecisionMs=292.067  bodyAdmissionMs=2144.635 bodyReadMs=0.292 hashMs=0.475 requestToDeliveryMs=2626.361 upstreamHeadersMs=178.138 sanitizeMs=2443.216 downstreamWriteMs=0.926
09-08 02:20:48.272 15801 16509 I ChromePhotosDataPlane: origin=real hostClass=network hostHash=abf8fbf760ef2a86 method=GET clientProtocol=http/1.1 upstreamProtocol=h2 status=200 contentType=image/png bytesIn=0 bytesOut=704 cache=miss decision=unknown reason=encoded_image_unsupported source=error probability=-1.0 basis=none decodeMs=0.000 inferenceMs=0.000 inferenceQueueMs=0.000 localDecisionMs=0.000   requestToDeliveryMs=360.235 upstreamHeadersMs=345.355 sanitizeMs=0.576 downstreamWriteMs=5.708
09-08 02:20:48.280 15801 16531 I ChromePhotosDataPlane: phase=worker_ready correlationId=c133 admissionWaitMs=1.025
09-08 02:20:48.315 15801 16531 I ChromePhotosDataPlane: phase=tls_certificate correlationId=c133 tlsCacheHit=true tlsCacheWaitMs=0.016 tlsCreationMs=0.000
09-08 02:20:48.315 15801 16531 I ChromePhotosDataPlane: phase=tls_material correlationId=c133 tlsMaterialMs=0.564
09-08 02:20:48.355 15801 16531 I ChromePhotosDataPlane: phase=tls_ready correlationId=c133 hostClass=network hostHash=abf8fbf760ef2a86 clientProtocol=http/1.1 ca=b84fe96087814860
09-08 02:20:48.373 15801 16553 I ChromePhotosDataPlane: origin=real hostClass=network hostHash=fdbc7f1491a89ee6 method=GET clientProtocol=http/1.1 upstreamProtocol=h2 status=200 contentType=image/webp bytesIn=2266 bytesOut=2266 cache=miss decision=safe reason=model_allow source=engine probability=0.01720336 basis=None decodeMs=4.975 inferenceMs=138.372 inferenceQueueMs=153.311 localDecisionMs=297.265  bodyAdmissionMs=1678.133 bodyReadMs=0.179 hashMs=0.401 requestToDeliveryMs=2164.082 upstreamHeadersMs=180.284 sanitizeMs=1977.293 downstreamWriteMs=0.964
09-08 02:20:48.398 15801 16539 I ChromePhotosDataPlane: phase=tls_certificate correlationId=c130 tlsCacheHit=false tlsCacheWaitMs=120.929 tlsCreationMs=383.272
09-08 02:20:48.399 15801 16539 I ChromePhotosDataPlane: phase=tls_material correlationId=c130 tlsMaterialMs=504.625
09-08 02:20:48.413 15801 16539 I ChromePhotosDataPlane: phase=tls_ready correlationId=c130 hostClass=network hostHash=8d9559743b8b4225 clientProtocol=http/1.1 ca=b84fe96087814860
09-08 02:20:48.438 15801 16842 I ChromePhotosDataPlane: origin=real hostClass=network hostHash=4dce8d0b280a268f method=GET clientProtocol=http/1.1 upstreamProtocol=h2 status=204 contentType= bytesIn=0 bytesOut=0 cache=miss decision=passthrough   requestToDeliveryMs=690.667 upstreamHeadersMs=687.621 sanitizeMs=0.055 downstreamWriteMs=0.571
09-08 02:20:48.450 15801 16735 I ChromePhotosDataPlane: origin=real hostClass=network hostHash=df8ab3acb3324531 method=GET clientProtocol=http/1.1 upstreamProtocol=h2 status=304 contentType= bytesOut=0 transfer=fixed upstreamHeadersMs=1076.540 downstreamWriteMs=0.519
09-08 02:20:48.518 15801 16632 I ChromePhotosDataPlane: origin=real hostClass=network hostHash=fdbc7f1491a89ee6 method=GET clientProtocol=http/1.1 upstreamProtocol=h2 status=200 contentType=image/webp bytesIn=5666 bytesOut=5666 cache=miss decision=safe reason=model_allow source=engine probability=0.017977506 basis=None decodeMs=5.288 inferenceMs=135.377 inferenceQueueMs=135.360 localDecisionMs=276.794  bodyAdmissionMs=1292.344 bodyReadMs=0.220 hashMs=1.121 requestToDeliveryMs=1749.370 upstreamHeadersMs=166.273 sanitizeMs=1574.034 downstreamWriteMs=1.022
09-08 02:20:48.560 15801 16509 I ChromePhotosDataPlane: origin=real hostClass=network hostHash=abf8fbf760ef2a86 method=GET clientProtocol=http/1.1 upstreamProtocol=h2 status=200 contentType=image/png bytesIn=0 bytesOut=704 cache=miss decision=unknown reason=encoded_image_unsupported source=error probability=-1.0 basis=none decodeMs=0.000 inferenceMs=0.000 inferenceQueueMs=0.000 localDecisionMs=0.000   requestToDeliveryMs=225.887 upstreamHeadersMs=221.792 sanitizeMs=0.222 downstreamWriteMs=1.118
09-08 02:20:48.592 15801 16539 I ChromePhotosDataPlane: origin=real hostClass=network hostHash=8d9559743b8b4225 method=POST clientProtocol=http/1.1 upstreamProtocol=h2 status=204 contentType=image/gif bytesIn=0 bytesOut=0 cache=miss decision=passthrough   requestToDeliveryMs=172.875 upstreamHeadersMs=169.611 sanitizeMs=0.060 downstreamWriteMs=0.775
09-08 02:20:48.648 15801 16556 I ChromePhotosDataPlane: phase=tls_certificate correlationId=c131 tlsCacheHit=false tlsCacheWaitMs=319.289 tlsCreationMs=249.147
09-08 02:20:48.648 15801 16556 I ChromePhotosDataPlane: phase=tls_material correlationId=c131 tlsMaterialMs=568.986
09-08 02:20:48.655 15801 16647 I ChromePhotosDataPlane: origin=real hostClass=network hostHash=fdbc7f1491a89ee6 method=GET clientProtocol=http/1.1 upstreamProtocol=h2 status=200 contentType=image/webp bytesIn=4986 bytesOut=4986 cache=miss decision=safe reason=model_allow source=engine probability=0.006761968 basis=None decodeMs=5.463 inferenceMs=136.258 inferenceQueueMs=137.896 localDecisionMs=280.221  bodyAdmissionMs=775.669 bodyReadMs=0.227 hashMs=0.681 requestToDeliveryMs=1227.755 upstreamHeadersMs=164.451 sanitizeMs=1058.997 downstreamWriteMs=0.887
09-08 02:20:48.663 15801 16556 I ChromePhotosDataPlane: phase=tls_ready correlationId=c131 hostClass=network hostHash=0a2b1f067e5ed787 clientProtocol=http/1.1 ca=b84fe96087814860
09-08 02:20:48.745 15801 16690 I ChromePhotosDataPlane: phase=worker_ready correlationId=c134 admissionWaitMs=1.413
09-08 02:20:48.749 15801 16827 I ChromePhotosDataPlane: phase=worker_ready correlationId=c135 admissionWaitMs=0.241
09-08 02:20:48.791 15801 16556 I ChromePhotosDataPlane: origin=real hostClass=network hostHash=0a2b1f067e5ed787 method=GET clientProtocol=http/1.1 upstreamProtocol=h2 status=304 contentType= bytesOut=0 transfer=fixed upstreamHeadersMs=124.662 downstreamWriteMs=0.723
09-08 02:20:48.800 15801 16713 I ChromePhotosDataPlane: origin=real hostClass=network hostHash=f58aed0f48e58f0c method=POST clientProtocol=http/1.1 upstreamProtocol=h2 status=200 contentType=application/json bytesOut=27550 transfer=chunked upstreamHeadersMs=1474.237 downstreamWriteMs=21.696
09-08 02:20:48.807 15801 16481 I ChromePhotosDataPlane: origin=real hostClass=network hostHash=fdbc7f1491a89ee6 method=GET clientProtocol=http/1.1 upstreamProtocol=h2 status=200 contentType=image/webp bytesIn=4912 bytesOut=4912 cache=miss decision=safe reason=model_allow source=engine probability=0.029026985 basis=None decodeMs=5.654 inferenceMs=145.351 inferenceQueueMs=138.887 localDecisionMs=290.744  bodyAdmissionMs=358.255 bodyReadMs=0.238 hashMs=0.402 requestToDeliveryMs=828.703 upstreamHeadersMs=168.493 sanitizeMs=651.514 downstreamWriteMs=0.834
09-08 02:20:49.035 15801 16595 I ChromePhotosDataPlane: origin=real hostClass=network hostHash=fdbc7f1491a89ee6 method=GET clientProtocol=http/1.1 upstreamProtocol=h2 status=200 contentType=image/webp bytesIn=2532 bytesOut=2532 cache=miss decision=safe reason=model_allow source=engine probability=0.008957833 basis=None decodeMs=6.454 inferenceMs=206.928 inferenceQueueMs=146.454 localDecisionMs=373.603  bodyAdmissionMs=343.972 bodyReadMs=0.233 hashMs=0.438 requestToDeliveryMs=909.644 upstreamHeadersMs=183.821 sanitizeMs=719.666 downstreamWriteMs=1.121
09-08 02:20:49.230 15801 16753 I ChromePhotosDataPlane: phase=worker_ready correlationId=c136 admissionWaitMs=1.127
09-08 02:20:49.244 15801 16760 I ChromePhotosDataPlane: phase=worker_ready correlationId=c137 admissionWaitMs=0.393
09-08 02:20:49.257 15801 16760 I ChromePhotosDataPlane: phase=tls_certificate correlationId=c137 tlsCacheHit=true tlsCacheWaitMs=0.041 tlsCreationMs=0.000
09-08 02:20:49.257 15801 16760 I ChromePhotosDataPlane: phase=tls_material correlationId=c137 tlsMaterialMs=0.782
09-08 02:20:49.305 15801 16692 I ChromePhotosDataPlane: origin=real hostClass=network hostHash=fdbc7f1491a89ee6 method=GET clientProtocol=http/1.1 upstreamProtocol=h2 status=200 contentType=image/webp bytesIn=7148 bytesOut=7148 cache=miss decision=safe reason=model_allow source=engine probability=0.009210944 basis=None decodeMs=21.690 inferenceMs=249.301 inferenceQueueMs=210.808 localDecisionMs=483.150  bodyAdmissionMs=303.206 bodyReadMs=0.190 hashMs=0.382 requestToDeliveryMs=979.133 upstreamHeadersMs=173.326 sanitizeMs=789.958 downstreamWriteMs=1.782
09-08 02:20:49.323 15801 16760 I ChromePhotosDataPlane: phase=tls_ready correlationId=c137 hostClass=network hostHash=191347bfe55d0ca9 clientProtocol=http/1.1 ca=b84fe96087814860
09-08 02:20:49.535 15801 16521 I ChromePhotosDataPlane: phase=worker_ready correlationId=c138 admissionWaitMs=1.447
09-08 02:20:49.535 15801 16723 I ChromePhotosDataPlane: phase=worker_ready correlationId=c139 admissionWaitMs=0.330
09-08 02:20:49.575 15801 16521 I ChromePhotosDataPlane: phase=tls_certificate correlationId=c138 tlsCacheHit=true tlsCacheWaitMs=0.008 tlsCreationMs=0.000
09-08 02:20:49.575 15801 16521 I ChromePhotosDataPlane: phase=tls_material correlationId=c138 tlsMaterialMs=0.334
09-08 02:20:49.592 15801 16712 I ChromePhotosDataPlane: phase=worker_ready correlationId=c140 admissionWaitMs=0.262
09-08 02:20:49.593 15801 16521 I ChromePhotosDataPlane: phase=tls_ready correlationId=c138 hostClass=network hostHash=191347bfe55d0ca9 clientProtocol=http/1.1 ca=b84fe96087814860
09-08 02:20:49.607 15801 16712 I ChromePhotosDataPlane: phase=tls_certificate correlationId=c140 tlsCacheHit=true tlsCacheWaitMs=0.009 tlsCreationMs=0.000
09-08 02:20:49.607 15801 16712 I ChromePhotosDataPlane: phase=tls_material correlationId=c140 tlsMaterialMs=0.361
09-08 02:20:49.627 15801 16712 I ChromePhotosDataPlane: phase=tls_ready correlationId=c140 hostClass=network hostHash=191347bfe55d0ca9 clientProtocol=http/1.1 ca=b84fe96087814860
09-08 02:20:49.657 15801 16521 I ChromePhotosDataPlane: origin=real hostClass=network hostHash=191347bfe55d0ca9 method=POST clientProtocol=http/1.1 upstreamProtocol=h2 status=200 contentType=text/plain bytesOut=0 transfer=fixed upstreamHeadersMs=54.782 downstreamWriteMs=0.376
09-08 02:20:49.657 15801 16760 I ChromePhotosDataPlane: origin=real hostClass=network hostHash=191347bfe55d0ca9 method=POST clientProtocol=http/1.1 upstreamProtocol=h2 status=200 contentType=text/html bytesOut=0 transfer=fixed upstreamHeadersMs=313.359 downstreamWriteMs=0.923
09-08 02:20:49.687 15801 16712 I ChromePhotosDataPlane: origin=real hostClass=network hostHash=191347bfe55d0ca9 method=POST clientProtocol=http/1.1 upstreamProtocol=h2 status=200 contentType=text/plain bytesOut=0 transfer=fixed upstreamHeadersMs=47.818 downstreamWriteMs=1.064
09-08 02:20:49.768 15801 16533 I ChromePhotosDataPlane: phase=worker_ready correlationId=c141 admissionWaitMs=0.393
09-08 02:20:49.778 15801 16442 I ChromePhotosDataPlane: phase=tls_certificate correlationId=c132 tlsCacheHit=false tlsCacheWaitMs=494.224 tlsCreationMs=1128.510
09-08 02:20:49.778 15801 16442 I ChromePhotosDataPlane: phase=tls_material correlationId=c132 tlsMaterialMs=1623.157
09-08 02:20:49.799 15801 16442 I ChromePhotosDataPlane: phase=tls_ready correlationId=c132 hostClass=network hostHash=66f6975d8388801b clientProtocol=http/1.1 ca=b84fe96087814860
09-08 02:20:49.814 15801 16533 I ChromePhotosDataPlane: phase=tls_certificate correlationId=c141 tlsCacheHit=true tlsCacheWaitMs=0.013 tlsCreationMs=0.000
09-08 02:20:49.814 15801 16533 I ChromePhotosDataPlane: phase=tls_material correlationId=c141 tlsMaterialMs=0.545
09-08 02:20:49.835 15801 16847 I ChromePhotosDataPlane: phase=worker_ready correlationId=c142 admissionWaitMs=0.229
09-08 02:20:49.840 15801 16533 I ChromePhotosDataPlane: phase=tls_ready correlationId=c141 hostClass=network hostHash=191347bfe55d0ca9 clientProtocol=http/1.1 ca=b84fe96087814860
09-08 02:20:49.843 15801 16847 I ChromePhotosDataPlane: phase=tls_certificate correlationId=c142 tlsCacheHit=true tlsCacheWaitMs=0.008 tlsCreationMs=0.000
09-08 02:20:49.844 15801 16847 I ChromePhotosDataPlane: phase=tls_material correlationId=c142 tlsMaterialMs=0.253
09-08 02:20:49.869 15801 16847 I ChromePhotosDataPlane: phase=tls_ready correlationId=c142 hostClass=network hostHash=191347bfe55d0ca9 clientProtocol=http/1.1 ca=b84fe96087814860
09-08 02:20:49.924 15801 16674 I ChromePhotosDataPlane: origin=real hostClass=network hostHash=ee8cdc867bba487e method=POST clientProtocol=http/1.1 upstreamProtocol=h2 status=302 contentType= bytesIn=0 bytesOut=0 cache=miss decision=passthrough   requestToDeliveryMs=383.973 upstreamHeadersMs=380.338 sanitizeMs=0.528 downstreamWriteMs=0.485
09-08 02:20:49.929 15801 16533 I ChromePhotosDataPlane: origin=real hostClass=network hostHash=191347bfe55d0ca9 method=POST clientProtocol=http/1.1 upstreamProtocol=h2 status=200 contentType=text/html bytesOut=0 transfer=fixed upstreamHeadersMs=75.546 downstreamWriteMs=0.444
09-08 02:20:49.931 15801 16486 I ChromePhotosDataPlane: phase=worker_ready correlationId=c143 admissionWaitMs=0.743
09-08 02:20:49.932 15801 16847 I ChromePhotosDataPlane: origin=real hostClass=network hostHash=191347bfe55d0ca9 method=POST clientProtocol=http/1.1 upstreamProtocol=h2 status=200 contentType=text/plain bytesOut=0 transfer=fixed upstreamHeadersMs=57.194 downstreamWriteMs=0.434
09-08 02:20:49.958 15801 16486 I ChromePhotosDataPlane: phase=tls_certificate correlationId=c143 tlsCacheHit=true tlsCacheWaitMs=0.009 tlsCreationMs=0.000
09-08 02:20:49.958 15801 16486 I ChromePhotosDataPlane: phase=tls_material correlationId=c143 tlsMaterialMs=0.258
09-08 02:20:49.977 15801 16486 I ChromePhotosDataPlane: phase=tls_ready correlationId=c143 hostClass=network hostHash=191347bfe55d0ca9 clientProtocol=http/1.1 ca=b84fe96087814860
09-08 02:20:50.025 15801 16499 I ChromePhotosDataPlane: phase=worker_ready correlationId=c144 admissionWaitMs=1.423
09-08 02:20:50.052 15801 16499 I ChromePhotosDataPlane: phase=tls_certificate correlationId=c144 tlsCacheHit=true tlsCacheWaitMs=0.022 tlsCreationMs=0.000
09-08 02:20:50.052 15801 16499 I ChromePhotosDataPlane: phase=tls_material correlationId=c144 tlsMaterialMs=1.839
09-08 02:20:50.071 15801 16488 I ChromePhotosDataPlane: phase=worker_ready correlationId=c145 admissionWaitMs=0.308
09-08 02:20:50.085 15801 16499 I ChromePhotosDataPlane: phase=tls_ready correlationId=c144 hostClass=network hostHash=191347bfe55d0ca9 clientProtocol=http/1.1 ca=b84fe96087814860
09-08 02:20:50.086 15801 16804 I ChromePhotosDataPlane: phase=worker_ready correlationId=c146 admissionWaitMs=0.261
09-08 02:20:50.092 15801 16804 I ChromePhotosDataPlane: phase=tls_certificate correlationId=c146 tlsCacheHit=true tlsCacheWaitMs=0.007 tlsCreationMs=0.000
09-08 02:20:50.092 15801 16804 I ChromePhotosDataPlane: phase=tls_material correlationId=c146 tlsMaterialMs=0.186
09-08 02:20:50.113 15801 16804 I ChromePhotosDataPlane: phase=tls_ready correlationId=c146 hostClass=network hostHash=191347bfe55d0ca9 clientProtocol=http/1.1 ca=b84fe96087814860
09-08 02:20:50.161 15801 16499 I ChromePhotosDataPlane: origin=real hostClass=network hostHash=191347bfe55d0ca9 method=POST clientProtocol=http/1.1 upstreamProtocol=h2 status=200 contentType=text/html bytesOut=0 transfer=fixed upstreamHeadersMs=67.425 downstreamWriteMs=0.800
09-08 02:20:50.172 15801 16804 I ChromePhotosDataPlane: origin=real hostClass=network hostHash=191347bfe55d0ca9 method=POST clientProtocol=http/1.1 upstreamProtocol=h2 status=200 contentType=text/plain bytesOut=0 transfer=fixed upstreamHeadersMs=50.187 downstreamWriteMs=0.717
09-08 02:20:50.254 15801 16500 I ChromePhotosDataPlane: phase=worker_ready correlationId=c147 admissionWaitMs=0.305
09-08 02:20:50.278 15801 16500 I ChromePhotosDataPlane: phase=tls_certificate correlationId=c147 tlsCacheHit=true tlsCacheWaitMs=0.013 tlsCreationMs=0.000
09-08 02:20:50.278 15801 16500 I ChromePhotosDataPlane: phase=tls_material correlationId=c147 tlsMaterialMs=0.542
09-08 02:20:50.278 15801 16827 I ChromePhotosDataPlane: phase=tls_certificate correlationId=c135 tlsCacheHit=false tlsCacheWaitMs=997.950 tlsCreationMs=500.267
09-08 02:20:50.278 15801 16827 I ChromePhotosDataPlane: phase=tls_material correlationId=c135 tlsMaterialMs=1498.653
09-08 02:20:50.285 15801 16553 I ChromePhotosDataPlane: origin=real hostClass=network hostHash=fdbc7f1491a89ee6 method=GET clientProtocol=http/1.1 upstreamProtocol=h2 status=200 contentType=image/webp bytesIn=2878 bytesOut=2878 cache=miss decision=safe reason=model_allow source=engine probability=0.039949685 basis=None decodeMs=9.864 inferenceMs=981.092 inferenceQueueMs=244.434 localDecisionMs=1236.458  bodyAdmissionMs=397.098 bodyReadMs=0.260 hashMs=0.621 requestToDeliveryMs=1865.536 upstreamHeadersMs=221.451 sanitizeMs=1638.991 downstreamWriteMs=0.919
09-08 02:20:50.296 15801 16827 I ChromePhotosDataPlane: phase=tls_ready correlationId=c135 hostClass=network hostHash=0cb87e7c434c3594 clientProtocol=http/1.1 ca=b84fe96087814860
09-08 02:20:50.307 15801 16500 I ChromePhotosDataPlane: phase=tls_ready correlationId=c147 hostClass=network hostHash=505bd18b6650e44b clientProtocol=http/1.1 ca=b84fe96087814860
09-08 02:20:50.318 15801 16497 I ChromePhotosDataPlane: phase=worker_ready correlationId=c148 admissionWaitMs=1.659
09-08 02:20:50.343 15801 16497 I ChromePhotosDataPlane: phase=tls_certificate correlationId=c148 tlsCacheHit=true tlsCacheWaitMs=0.016 tlsCreationMs=0.000
09-08 02:20:50.343 15801 16497 I ChromePhotosDataPlane: phase=tls_material correlationId=c148 tlsMaterialMs=0.557
09-08 02:20:50.355 15801 16442 I ChromePhotosDataPlane: origin=real hostClass=network hostHash=66f6975d8388801b method=GET clientProtocol=http/1.1 upstreamProtocol=h2 status=403 contentType=application/xml bytesOut=243 transfer=chunked upstreamHeadersMs=551.603 downstreamWriteMs=1.757
09-08 02:20:50.360 15801 16704 I ChromePhotosDataPlane: phase=worker_ready correlationId=c149 admissionWaitMs=0.229
09-08 02:20:50.360 15801 16497 I ChromePhotosDataPlane: phase=tls_ready correlationId=c148 hostClass=network hostHash=7ffe8698ca81d914 clientProtocol=http/1.1 ca=b84fe96087814860
09-08 02:20:50.433 15801 16713 I ChromePhotosDataPlane: origin=real hostClass=network hostHash=f58aed0f48e58f0c method=POST clientProtocol=http/1.1 upstreamProtocol=h2 status=204 contentType= bytesOut=0 transfer=fixed upstreamHeadersMs=185.417 downstreamWriteMs=0.899
09-08 02:20:50.500 15801 16500 I ChromePhotosDataPlane: origin=real hostClass=network hostHash=505bd18b6650e44b method=POST clientProtocol=http/1.1 upstreamProtocol=h2 status=204 contentType=text/plain bytesOut=0 transfer=fixed upstreamHeadersMs=188.003 downstreamWriteMs=1.790
09-08 02:20:50.546 15801 16661 I ChromePhotosDataPlane: phase=worker_ready correlationId=c150 admissionWaitMs=0.308
09-08 02:20:50.564 15801 16661 I ChromePhotosDataPlane: phase=tls_certificate correlationId=c150 tlsCacheHit=true tlsCacheWaitMs=0.014 tlsCreationMs=0.000
09-08 02:20:50.564 15801 16661 I ChromePhotosDataPlane: phase=tls_material correlationId=c150 tlsMaterialMs=0.505
09-08 02:20:50.586 15801 16661 I ChromePhotosDataPlane: phase=tls_ready correlationId=c150 hostClass=network hostHash=191347bfe55d0ca9 clientProtocol=http/1.1 ca=b84fe96087814860
09-08 02:20:50.588 15801 16609 I ChromePhotosDataPlane: phase=worker_ready correlationId=c151 admissionWaitMs=0.352
09-08 02:20:50.600 15801 16690 I ChromePhotosDataPlane: phase=tls_certificate correlationId=c134 tlsCacheHit=false tlsCacheWaitMs=1487.583 tlsCreationMs=320.254
09-08 02:20:50.600 15801 16690 I ChromePhotosDataPlane: phase=tls_material correlationId=c134 tlsMaterialMs=1808.385
09-08 02:20:50.609 15801 16609 I ChromePhotosDataPlane: phase=tls_certificate correlationId=c151 tlsCacheHit=true tlsCacheWaitMs=0.023 tlsCreationMs=0.000
09-08 02:20:50.609 15801 16609 I ChromePhotosDataPlane: phase=tls_material correlationId=c151 tlsMaterialMs=0.654
09-08 02:20:50.611 15801 16690 I ChromePhotosDataPlane: phase=tls_ready correlationId=c134 hostClass=network hostHash=07caf1d8d64e8f89 clientProtocol=http/1.1 ca=b84fe96087814860
09-08 02:20:50.641 15801 16609 I ChromePhotosDataPlane: phase=tls_ready correlationId=c151 hostClass=network hostHash=191347bfe55d0ca9 clientProtocol=http/1.1 ca=b84fe96087814860
09-08 02:20:50.649 15801 16554 I ChromePhotosDataPlane: phase=worker_ready correlationId=c152 admissionWaitMs=1.121
09-08 02:20:50.663 15801 16661 I ChromePhotosDataPlane: origin=real hostClass=network hostHash=191347bfe55d0ca9 method=POST clientProtocol=http/1.1 upstreamProtocol=h2 status=200 contentType=text/html bytesOut=0 transfer=fixed upstreamHeadersMs=66.402 downstreamWriteMs=0.335
09-08 02:20:50.695 15801 16609 I ChromePhotosDataPlane: origin=real hostClass=network hostHash=191347bfe55d0ca9 method=POST clientProtocol=http/1.1 upstreamProtocol=h2 status=200 contentType=text/plain bytesOut=0 transfer=fixed upstreamHeadersMs=42.453 downstreamWriteMs=0.864
09-08 02:20:50.746 15801 16809 I ChromePhotosDataPlane: phase=worker_ready correlationId=c153 admissionWaitMs=0.640
09-08 02:20:50.793 15801 16809 I ChromePhotosDataPlane: phase=tls_certificate correlationId=c153 tlsCacheHit=true tlsCacheWaitMs=0.017 tlsCreationMs=0.000
09-08 02:20:50.793 15801 16809 I ChromePhotosDataPlane: phase=tls_material correlationId=c153 tlsMaterialMs=0.543
09-08 02:20:50.821 15801 16809 I ChromePhotosDataPlane: phase=tls_ready correlationId=c153 hostClass=network hostHash=acb222ec7473b00e clientProtocol=http/1.1 ca=b84fe96087814860
09-08 02:20:50.842 15801 16547 I ChromePhotosDataPlane: phase=worker_ready correlationId=c154 admissionWaitMs=0.653
09-08 02:20:50.862 15801 16753 I ChromePhotosDataPlane: phase=tls_certificate correlationId=c136 tlsCacheHit=false tlsCacheWaitMs=1324.685 tlsCreationMs=261.719
09-08 02:20:50.862 15801 16753 I ChromePhotosDataPlane: phase=tls_material correlationId=c136 tlsMaterialMs=1587.177
09-08 02:20:50.873 15801 16753 I ChromePhotosDataPlane: phase=tls_ready correlationId=c136 hostClass=network hostHash=fa24434ded0218fe clientProtocol=http/1.1 ca=b84fe96087814860
09-08 02:20:50.891 15801 16632 I ChromePhotosDataPlane: origin=real hostClass=network hostHash=fdbc7f1491a89ee6 method=GET clientProtocol=http/1.1 upstreamProtocol=h2 status=200 contentType=image/webp bytesIn=1952 bytesOut=1952 cache=miss decision=safe reason=model_allow source=engine probability=0.031541497 basis=None decodeMs=8.493 inferenceMs=596.993 inferenceQueueMs=981.220 localDecisionMs=1587.699  bodyAdmissionMs=494.682 bodyReadMs=3.269 hashMs=0.715 requestToDeliveryMs=2324.368 upstreamHeadersMs=231.602 sanitizeMs=2088.321 downstreamWriteMs=0.734
09-08 02:20:50.949 15801 16659 I ChromePhotosDataPlane: phase=worker_ready correlationId=c155 admissionWaitMs=0.347
09-08 02:20:51.039 15801 16753 I ChromePhotosDataPlane: origin=real hostClass=network hostHash=fa24434ded0218fe method=GET clientProtocol=http/1.1 upstreamProtocol=h2 status=200 contentType=text/javascript bytesOut=2757 transfer=fixed upstreamHeadersMs=161.792 downstreamWriteMs=1.193
09-08 02:20:51.103 15801 16809 I ChromePhotosDataPlane: phase=media_shield_document origin=real hostClass=network hostHash=acb222ec7473b00e result=transformed documentSequence=7 navigationSequence=2 token=7bfd0f17c9a5 bytesOut=112156 upstreamHeadersMs=167.101 documentDecisionMs=102.816 downstreamWriteMs=3.818
09-08 02:20:51.127 15801 16511 I ChromePhotosDataPlane: origin=real hostClass=network hostHash=a552b937eecf21c7 method=GET clientProtocol=http/1.1 upstreamProtocol=h2 status=200 contentType=image/png bytesIn=0 bytesOut=704 cache=miss decision=unknown reason=encoded_image_unsupported source=error probability=-1.0 basis=none decodeMs=0.000 inferenceMs=0.000 inferenceQueueMs=0.000 localDecisionMs=0.000   requestToDeliveryMs=224.580 upstreamHeadersMs=213.771 sanitizeMs=0.280 downstreamWriteMs=6.418
09-08 02:20:51.167 15801 16753 I ChromePhotosDataPlane: origin=real hostClass=network hostHash=fa24434ded0218fe method=GET clientProtocol=http/1.1 upstreamProtocol=h2 status=200 contentType=text/javascript bytesOut=2767 transfer=fixed upstreamHeadersMs=64.808 downstreamWriteMs=6.197
09-08 02:20:51.171 15801 16827 I ChromePhotosDataPlane: origin=real hostClass=network hostHash=0cb87e7c434c3594 method=GET clientProtocol=http/1.1 upstreamProtocol=h2 status=200 contentType=application/xml bytesOut=86 transfer=fixed upstreamHeadersMs=871.560 downstreamWriteMs=1.692
09-08 02:20:51.184 15801 16723 I ChromePhotosDataPlane: phase=tls_certificate correlationId=c139 tlsCacheHit=false tlsCacheWaitMs=1234.196 tlsCreationMs=321.282
09-08 02:20:51.184 15801 16723 I ChromePhotosDataPlane: phase=tls_material correlationId=c139 tlsMaterialMs=1555.916
09-08 02:20:51.187 15801 16488 I ChromePhotosDataPlane: phase=tls_certificate correlationId=c145 tlsCacheHit=true tlsCacheWaitMs=1101.362 tlsCreationMs=0.000
09-08 02:20:51.187 15801 16488 I ChromePhotosDataPlane: phase=tls_material correlationId=c145 tlsMaterialMs=1102.063
09-08 02:20:51.188 15801 16704 I ChromePhotosDataPlane: phase=tls_certificate correlationId=c149 tlsCacheHit=true tlsCacheWaitMs=822.373 tlsCreationMs=0.000
09-08 02:20:51.188 15801 16704 I ChromePhotosDataPlane: phase=tls_material correlationId=c149 tlsMaterialMs=822.858
09-08 02:20:51.202 15801 16723 I ChromePhotosDataPlane: phase=tls_ready correlationId=c139 hostClass=network hostHash=ef6a1cd63150fbbc clientProtocol=http/1.1 ca=b84fe96087814860
09-08 02:20:51.227 15801 16704 I ChromePhotosDataPlane: phase=tls_ready correlationId=c149 hostClass=network hostHash=fa24434ded0218fe clientProtocol=http/1.1 ca=b84fe96087814860
09-08 02:20:51.236 15801 16488 I ChromePhotosDataPlane: phase=tls_ready correlationId=c145 hostClass=network hostHash=fa24434ded0218fe clientProtocol=http/1.1 ca=b84fe96087814860
09-08 02:20:51.281 15801 16753 I ChromePhotosDataPlane: origin=real hostClass=network hostHash=fa24434ded0218fe method=GET clientProtocol=http/1.1 upstreamProtocol=h2 status=200 contentType=text/javascript bytesOut=2759 transfer=fixed upstreamHeadersMs=72.093 downstreamWriteMs=2.131
09-08 02:20:51.304 15801 16704 I ChromePhotosDataPlane: origin=real hostClass=network hostHash=fa24434ded0218fe method=GET clientProtocol=http/1.1 upstreamProtocol=h2 status=200 contentType=text/javascript bytesOut=2755 transfer=fixed upstreamHeadersMs=71.906 downstreamWriteMs=1.695
09-08 02:20:51.475 15801 16723 I ChromePhotosDataPlane: phase=media_shield_document origin=real hostClass=network hostHash=ef6a1cd63150fbbc result=transformed documentSequence=8 navigationSequence=2 token=652c08af290d bytesOut=113039 upstreamHeadersMs=187.746 documentDecisionMs=78.381 downstreamWriteMs=3.656
09-08 02:20:51.513 15801 16647 I ChromePhotosDataPlane: origin=real hostClass=network hostHash=fdbc7f1491a89ee6 method=GET clientProtocol=http/1.1 upstreamProtocol=h2 status=200 contentType=image/webp bytesIn=1754 bytesOut=1754 cache=miss decision=safe reason=model_allow source=engine probability=0.11835408 basis=None decodeMs=8.296 inferenceMs=612.879 inferenceQueueMs=602.727 localDecisionMs=1224.885  bodyAdmissionMs=1257.269 bodyReadMs=0.194 hashMs=0.451 requestToDeliveryMs=2809.143 upstreamHeadersMs=319.851 sanitizeMs=2484.673 downstreamWriteMs=0.857
09-08 02:20:51.532 15801 16554 I ChromePhotosDataPlane: phase=tls_certificate correlationId=c152 tlsCacheHit=false tlsCacheWaitMs=475.176 tlsCreationMs=341.656
09-08 02:20:51.532 15801 16554 I ChromePhotosDataPlane: phase=tls_material correlationId=c152 tlsMaterialMs=817.603
09-08 02:20:51.533 15801 16547 I ChromePhotosDataPlane: phase=tls_certificate correlationId=c154 tlsCacheHit=true tlsCacheWaitMs=678.082 tlsCreationMs=0.000
09-08 02:20:51.533 15801 16547 I ChromePhotosDataPlane: phase=tls_material correlationId=c154 tlsMaterialMs=679.058
09-08 02:20:51.551 15801 16554 I ChromePhotosDataPlane: phase=tls_ready correlationId=c152 hostClass=network hostHash=935e0b482f6ac80a clientProtocol=http/1.1 ca=b84fe96087814860
09-08 02:20:51.561 15801 16547 I ChromePhotosDataPlane: phase=tls_ready correlationId=c154 hostClass=network hostHash=fa24434ded0218fe clientProtocol=http/1.1 ca=b84fe96087814860
09-08 02:20:51.850 15801 16554 I ChromePhotosDataPlane: origin=real hostClass=network hostHash=935e0b482f6ac80a method=GET clientProtocol=http/1.1 upstreamProtocol=h2 status=200 contentType=application/javascript bytesOut=874 transfer=chunked upstreamHeadersMs=293.623 downstreamWriteMs=1.541
09-08 02:20:51.927 15801 16659 I ChromePhotosDataPlane: phase=tls_certificate correlationId=c155 tlsCacheHit=false tlsCacheWaitMs=500.590 tlsCreationMs=388.084
09-08 02:20:51.927 15801 16659 I ChromePhotosDataPlane: phase=tls_material correlationId=c155 tlsMaterialMs=889.705
09-08 02:20:51.943 15801 16659 I ChromePhotosDataPlane: phase=tls_ready correlationId=c155 hostClass=network hostHash=1a9811b02805aef4 clientProtocol=http/1.1 ca=b84fe96087814860
09-08 02:20:52.073 15801 16481 I ChromePhotosDataPlane: origin=real hostClass=network hostHash=fdbc7f1491a89ee6 method=GET clientProtocol=http/1.1 upstreamProtocol=h2 status=200 contentType=image/webp bytesIn=2190 bytesOut=2190 cache=miss decision=safe reason=model_allow source=engine probability=0.03790164 basis=None decodeMs=8.521 inferenceMs=539.861 inferenceQueueMs=618.929 localDecisionMs=1168.540  bodyAdmissionMs=1771.071 bodyReadMs=0.141 hashMs=0.332 requestToDeliveryMs=3212.835 upstreamHeadersMs=247.107 sanitizeMs=2942.100 downstreamWriteMs=1.955
09-08 02:20:52.172 15801 16659 I ChromePhotosDataPlane: phase=media_shield_document origin=real hostClass=network hostHash=1a9811b02805aef4 result=transformed documentSequence=9 navigationSequence=2 token=9d13728753ff bytesOut=119506 upstreamHeadersMs=149.408 documentDecisionMs=75.429 downstreamWriteMs=1.330
09-08 02:20:52.616 15801 16595 I ChromePhotosDataPlane: origin=real hostClass=network hostHash=fdbc7f1491a89ee6 method=GET clientProtocol=http/1.1 upstreamProtocol=h2 status=200 contentType=image/webp bytesIn=2028 bytesOut=2028 cache=miss decision=safe reason=model_allow source=engine probability=0.03386417 basis=None decodeMs=7.714 inferenceMs=544.975 inferenceQueueMs=546.503 localDecisionMs=1100.615  bodyAdmissionMs=2230.283 bodyReadMs=0.173 hashMs=0.405 requestToDeliveryMs=3519.711 upstreamHeadersMs=176.851 sanitizeMs=3332.654 downstreamWriteMs=0.932
09-08 02:20:52.617 15801 16486 I ChromePhotosDataPlane: origin=real hostClass=network hostHash=191347bfe55d0ca9 method=GET clientProtocol=http/1.1 upstreamProtocol=h2 status=200 contentType=image/png bytesIn=42 bytesOut=704 cache=miss decision=unknown reason=unsupported_gif source=error probability=-1.0 basis=none decodeMs=0.000 inferenceMs=0.000 inferenceQueueMs=0.000 localDecisionMs=0.000  bodyAdmissionMs=2344.175 bodyReadMs=0.292 requestToDeliveryMs=2631.158 upstreamHeadersMs=281.597 sanitizeMs=2345.285 downstreamWriteMs=0.858
09-08 02:20:52.760 15801 16692 I ChromePhotosDataPlane: origin=real hostClass=network hostHash=fdbc7f1491a89ee6 method=GET clientProtocol=http/1.1 upstreamProtocol=h2 status=200 contentType=image/webp bytesIn=6380 bytesOut=6380 cache=miss decision=safe reason=model_allow source=engine probability=0.07566276 basis=None decodeMs=4.469 inferenceMs=134.700 inferenceQueueMs=541.874 localDecisionMs=682.148  bodyAdmissionMs=2519.447 bodyReadMs=0.436 hashMs=1.788 requestToDeliveryMs=3409.202 upstreamHeadersMs=189.278 sanitizeMs=3212.017 downstreamWriteMs=2.193
09-08 02:20:52.767 15801 16497 I ChromePhotosDataPlane: origin=real hostClass=network hostHash=7ffe8698ca81d914 method=GET clientProtocol=http/1.1 upstreamProtocol=h2 status=200 contentType=image/png bytesIn=42 bytesOut=704 cache=miss decision=unknown reason=unsupported_gif source=error probability=-1.0 basis=none decodeMs=0.000 inferenceMs=0.000 inferenceQueueMs=0.000 localDecisionMs=0.000  bodyAdmissionMs=2185.362 bodyReadMs=0.471 requestToDeliveryMs=2396.513 upstreamHeadersMs=197.951 sanitizeMs=2187.245 downstreamWriteMs=1.673
09-08 02:20:52.899 15801 16553 I ChromePhotosDataPlane: origin=real hostClass=network hostHash=fdbc7f1491a89ee6 method=GET clientProtocol=http/1.1 upstreamProtocol=h2 status=200 contentType=image/png bytesIn=6621 bytesOut=6621 cache=miss decision=safe reason=model_allow source=engine probability=0.010038227 basis=None decodeMs=2.783 inferenceMs=134.446 inferenceQueueMs=134.322 localDecisionMs=272.493  bodyAdmissionMs=2108.835 bodyReadMs=0.266 hashMs=0.498 requestToDeliveryMs=2558.963 upstreamHeadersMs=165.097 sanitizeMs=2384.487 downstreamWriteMs=4.268
09-08 02:20:52.900 15801 16818 I ChromePhotosDataPlane: origin=real hostClass=network hostHash=e2ccecf673591338 method=GET clientProtocol=http/1.1 upstreamProtocol=h2 status=200 contentType=image/png bytesIn=43 bytesOut=704 cache=miss decision=unknown reason=unsupported_gif source=error probability=-1.0 basis=none decodeMs=0.000 inferenceMs=0.000 inferenceQueueMs=0.000 localDecisionMs=0.000  bodyAdmissionMs=1174.728 bodyReadMs=0.396 requestToDeliveryMs=1481.711 upstreamHeadersMs=299.315 sanitizeMs=1177.257 downstreamWriteMs=1.934
09-08 02:20:52.909 15801 16690 I ChromePhotosDataPlane: origin=real hostClass=network hostHash=07caf1d8d64e8f89 method=GET clientProtocol=http/1.1 upstreamProtocol=h2 status=200 contentType=image/png bytesIn=43 bytesOut=704 cache=miss decision=unknown reason=unsupported_gif source=error probability=-1.0 basis=none decodeMs=0.000 inferenceMs=0.000 inferenceQueueMs=0.000 localDecisionMs=0.000  bodyAdmissionMs=1346.028 bodyReadMs=0.415 requestToDeliveryMs=2291.256 upstreamHeadersMs=925.815 sanitizeMs=1347.591 downstreamWriteMs=13.759
09-08 02:20:53.044 15801 16632 I ChromePhotosDataPlane: origin=real hostClass=network hostHash=fdbc7f1491a89ee6 method=GET clientProtocol=http/1.1 upstreamProtocol=h2 status=200 contentType=image/png bytesIn=7462 bytesOut=7462 cache=miss decision=safe reason=model_allow source=engine probability=0.022609293 basis=None decodeMs=2.828 inferenceMs=135.336 inferenceQueueMs=123.948 localDecisionMs=263.180  bodyAdmissionMs=1661.842 bodyReadMs=0.267 hashMs=1.424 requestToDeliveryMs=2112.610 upstreamHeadersMs=161.804 sanitizeMs=1935.774 downstreamWriteMs=2.447
09-08 02:20:53.054 15801 16510 I ChromePhotosDataPlane: origin=real hostClass=network hostHash=d8ecf352ffa86f18 method=GET clientProtocol=http/1.1 upstreamProtocol=h2 status=200 contentType=image/png bytesIn=43 bytesOut=704 cache=miss decision=unknown reason=unsupported_gif source=error probability=-1.0 basis=none decodeMs=0.000 inferenceMs=0.000 inferenceQueueMs=0.000 localDecisionMs=0.000  bodyAdmissionMs=1243.872 bodyReadMs=0.748 requestToDeliveryMs=1645.712 upstreamHeadersMs=381.395 sanitizeMs=1247.193 downstreamWriteMs=9.048
09-08 02:20:53.176 15801 16647 I ChromePhotosDataPlane: origin=real hostClass=network hostHash=fdbc7f1491a89ee6 method=GET clientProtocol=http/1.1 upstreamProtocol=h2 status=200 contentType=image/png bytesIn=25318 bytesOut=25318 cache=miss decision=safe reason=model_allow source=engine probability=0.02602917 basis=None decodeMs=5.228 inferenceMs=138.178 inferenceQueueMs=115.713 localDecisionMs=259.863  bodyAdmissionMs=1153.300 bodyReadMs=0.724 hashMs=0.456 requestToDeliveryMs=1608.706 upstreamHeadersMs=170.730 sanitizeMs=1429.754 downstreamWriteMs=1.332
09-08 02:20:53.320 15801 16481 I ChromePhotosDataPlane: origin=real hostClass=network hostHash=fdbc7f1491a89ee6 method=GET clientProtocol=http/1.1 upstreamProtocol=h2 status=200 contentType=image/webp bytesIn=7354 bytesOut=7354 cache=miss decision=safe reason=model_allow source=engine probability=0.020469993 basis=None decodeMs=5.673 inferenceMs=135.241 inferenceQueueMs=118.485 localDecisionMs=260.760  bodyAdmissionMs=747.914 bodyReadMs=0.644 hashMs=0.417 requestToDeliveryMs=1199.108 upstreamHeadersMs=167.190 sanitizeMs=1023.764 downstreamWriteMs=1.449
09-08 02:20:53.467 15801 16595 I ChromePhotosDataPlane: origin=real hostClass=network hostHash=fdbc7f1491a89ee6 method=GET clientProtocol=http/1.1 upstreamProtocol=h2 status=200 contentType=image/webp bytesIn=12548 bytesOut=12548 cache=miss decision=safe reason=model_allow source=engine probability=0.0034264326 basis=None decodeMs=6.336 inferenceMs=142.946 inferenceQueueMs=134.129 localDecisionMs=284.130  bodyAdmissionMs=326.504 bodyReadMs=0.282 hashMs=0.545 requestToDeliveryMs=801.879 upstreamHeadersMs=180.498 sanitizeMs=617.670 downstreamWriteMs=1.187
09-08 02:20:53.609 15801 16692 I ChromePhotosDataPlane: origin=real hostClass=network hostHash=fdbc7f1491a89ee6 method=GET clientProtocol=http/1.1 upstreamProtocol=h2 status=200 contentType=image/webp bytesIn=5412 bytesOut=5412 cache=miss decision=safe reason=model_allow source=engine probability=0.06589651 basis=None decodeMs=5.846 inferenceMs=137.402 inferenceQueueMs=147.189 localDecisionMs=291.079  bodyAdmissionMs=317.703 bodyReadMs=0.147 hashMs=0.194 requestToDeliveryMs=841.803 upstreamHeadersMs=229.831 sanitizeMs=610.219 downstreamWriteMs=0.478
09-08 02:20:54.175 15801 16553 I ChromePhotosDataPlane: origin=real hostClass=network hostHash=fdbc7f1491a89ee6 method=GET clientProtocol=http/1.1 upstreamProtocol=h2 status=200 contentType=image/webp bytesIn=24630 bytesOut=24630 cache=miss decision=safe reason=model_allow source=engine probability=0.24903974 basis=None decodeMs=16.265 inferenceMs=541.438 inferenceQueueMs=128.489 localDecisionMs=687.585  bodyAdmissionMs=295.168 bodyReadMs=0.360 hashMs=0.782 requestToDeliveryMs=1228.191 upstreamHeadersMs=221.490 sanitizeMs=997.735 downstreamWriteMs=6.108
09-08 02:20:54.745 15801 16632 I ChromePhotosDataPlane: origin=real hostClass=network hostHash=fdbc7f1491a89ee6 method=GET clientProtocol=http/1.1 upstreamProtocol=h2 status=200 contentType=image/webp bytesIn=38268 bytesOut=38268 cache=miss decision=safe reason=model_allow source=engine probability=0.10734418 basis=None decodeMs=18.723 inferenceMs=556.750 inferenceQueueMs=519.271 localDecisionMs=1095.808  bodyAdmissionMs=283.130 bodyReadMs=1.630 hashMs=0.628 requestToDeliveryMs=1661.841 upstreamHeadersMs=240.670 sanitizeMs=1416.387 downstreamWriteMs=1.343
09-08 02:20:55.320 15801 16647 I ChromePhotosDataPlane: origin=real hostClass=network hostHash=fdbc7f1491a89ee6 method=GET clientProtocol=http/1.1 upstreamProtocol=h2 status=200 contentType=image/webp bytesIn=22370 bytesOut=22370 cache=miss decision=safe reason=model_allow source=engine probability=0.24491698 basis=None decodeMs=17.006 inferenceMs=554.385 inferenceQueueMs=558.257 localDecisionMs=1131.127  bodyAdmissionMs=686.918 bodyReadMs=0.401 hashMs=0.467 requestToDeliveryMs=2102.471 upstreamHeadersMs=263.991 sanitizeMs=1832.964 downstreamWriteMs=1.769
09-08 02:20:55.869 15801 16481 I ChromePhotosDataPlane: origin=real hostClass=network hostHash=fdbc7f1491a89ee6 method=GET clientProtocol=http/1.1 upstreamProtocol=h2 status=200 contentType=image/webp bytesIn=31020 bytesOut=31020 cache=miss decision=safe reason=model_allow source=engine probability=0.12847963 basis=None decodeMs=17.544 inferenceMs=530.898 inferenceQueueMs=551.949 localDecisionMs=1101.479  bodyAdmissionMs=1103.593 bodyReadMs=0.401 hashMs=0.532 requestToDeliveryMs=2498.997 upstreamHeadersMs=268.917 sanitizeMs=2221.663 downstreamWriteMs=1.873
09-08 02:20:56.015 15801 16595 I ChromePhotosDataPlane: origin=real hostClass=network hostHash=fdbc7f1491a89ee6 method=GET clientProtocol=http/1.1 upstreamProtocol=h2 status=200 contentType=image/webp bytesIn=20724 bytesOut=20724 cache=miss decision=safe reason=model_allow source=engine probability=0.03526777 basis=None decodeMs=6.825 inferenceMs=136.795 inferenceQueueMs=525.039 localDecisionMs=669.806  bodyAdmissionMs=1506.457 bodyReadMs=0.576 hashMs=0.746 requestToDeliveryMs=2494.533 upstreamHeadersMs=290.341 sanitizeMs=2192.389 downstreamWriteMs=2.805
09-08 02:20:56.569 15801 16692 I ChromePhotosDataPlane: origin=real hostClass=network hostHash=fdbc7f1491a89ee6 method=GET clientProtocol=http/1.1 upstreamProtocol=h2 status=200 contentType=image/webp bytesIn=14462 bytesOut=14462 cache=miss decision=safe reason=model_allow source=engine probability=0.029973358 basis=None decodeMs=13.983 inferenceMs=539.844 inferenceQueueMs=128.753 localDecisionMs=683.604  bodyAdmissionMs=1892.140 bodyReadMs=0.424 hashMs=0.830 requestToDeliveryMs=2910.280 upstreamHeadersMs=310.685 sanitizeMs=2590.525 downstreamWriteMs=1.088
09-08 02:20:56.705 15801 16553 I ChromePhotosDataPlane: origin=real hostClass=network hostHash=fdbc7f1491a89ee6 method=GET clientProtocol=http/1.1 upstreamProtocol=h2 status=200 contentType=image/webp bytesIn=4476 bytesOut=4476 cache=miss decision=safe reason=model_allow source=engine probability=0.0146947205 basis=None decodeMs=3.707 inferenceMs=134.792 inferenceQueueMs=547.348 localDecisionMs=686.737  bodyAdmissionMs=1616.260 bodyReadMs=0.464 hashMs=0.481 requestToDeliveryMs=2479.515 upstreamHeadersMs=164.973 sanitizeMs=2308.870 downstreamWriteMs=1.107
09-08 02:20:56.849 15801 16632 I ChromePhotosDataPlane: origin=real hostClass=network hostHash=fdbc7f1491a89ee6 method=GET clientProtocol=http/1.1 upstreamProtocol=h2 status=200 contentType=image/webp bytesIn=4032 bytesOut=4032 cache=miss decision=safe reason=model_allow source=engine probability=0.045313567 basis=None decodeMs=5.176 inferenceMs=134.459 inferenceQueueMs=133.423 localDecisionMs=274.275  bodyAdmissionMs=1597.049 bodyReadMs=0.227 hashMs=0.445 requestToDeliveryMs=2061.549 upstreamHeadersMs=180.686 sanitizeMs=1874.395 downstreamWriteMs=1.792
09-08 02:20:56.990 15801 16647 I ChromePhotosDataPlane: origin=real hostClass=network hostHash=fdbc7f1491a89ee6 method=GET clientProtocol=http/1.1 upstreamProtocol=h2 status=200 contentType=image/webp bytesIn=4082 bytesOut=4082 cache=miss decision=safe reason=model_allow source=engine probability=0.01923281 basis=None decodeMs=5.666 inferenceMs=135.637 inferenceQueueMs=131.743 localDecisionMs=273.736  bodyAdmissionMs=1155.531 bodyReadMs=0.451 hashMs=0.596 requestToDeliveryMs=1622.549 upstreamHeadersMs=181.627 sanitizeMs=1433.202 downstreamWriteMs=1.808
09-08 02:20:57.133 15801 16481 I ChromePhotosDataPlane: origin=real hostClass=network hostHash=fdbc7f1491a89ee6 method=GET clientProtocol=http/1.1 upstreamProtocol=h2 status=200 contentType=image/webp bytesIn=5646 bytesOut=5646 cache=miss decision=safe reason=model_allow source=engine probability=0.013387382 basis=None decodeMs=5.287 inferenceMs=138.793 inferenceQueueMs=129.444 localDecisionMs=274.463  bodyAdmissionMs=668.529 bodyReadMs=0.739 hashMs=1.417 requestToDeliveryMs=1216.539 upstreamHeadersMs=255.704 sanitizeMs=954.035 downstreamWriteMs=1.520
09-08 02:20:57.271 15801 16595 I ChromePhotosDataPlane: origin=real hostClass=network hostHash=fdbc7f1491a89ee6 method=GET clientProtocol=http/1.1 upstreamProtocol=h2 status=200 contentType=image/webp bytesIn=3862 bytesOut=3862 cache=miss decision=safe reason=model_allow source=engine probability=0.021878213 basis=None decodeMs=5.558 inferenceMs=135.479 inferenceQueueMs=142.920 localDecisionMs=284.795  bodyAdmissionMs=502.310 bodyReadMs=0.131 hashMs=0.171 requestToDeliveryMs=1213.683 upstreamHeadersMs=423.738 sanitizeMs=788.177 downstreamWriteMs=0.494
09-08 02:20:57.412 15801 16692 I ChromePhotosDataPlane: origin=real hostClass=network hostHash=fdbc7f1491a89ee6 method=GET clientProtocol=http/1.1 upstreamProtocol=h2 status=200 contentType=image/webp bytesIn=1242 bytesOut=1242 cache=miss decision=safe reason=model_allow source=engine probability=0.011096597 basis=None decodeMs=3.810 inferenceMs=132.970 inferenceQueueMs=138.415 localDecisionMs=276.395  bodyAdmissionMs=329.301 bodyReadMs=0.200 hashMs=0.932 requestToDeliveryMs=793.588 upstreamHeadersMs=177.166 sanitizeMs=608.011 downstreamWriteMs=1.466
09-08 02:20:57.544 15801 16416 I ChromePhotosDataPlane: origin=real hostClass=network hostHash=f58aed0f48e58f0c method=POST clientProtocol=http/1.1 upstreamProtocol=h2 status=200 contentType=application/json bytesOut=46162 transfer=chunked upstreamHeadersMs=10489.700 downstreamWriteMs=28.373
09-08 02:20:57.964 15801 16553 I ChromePhotosDataPlane: origin=real hostClass=network hostHash=fdbc7f1491a89ee6 method=GET clientProtocol=http/1.1 upstreamProtocol=h2 status=200 contentType=image/webp bytesIn=2038 bytesOut=2038 cache=miss decision=safe reason=model_allow source=engine probability=0.03242582 basis=None decodeMs=8.603 inferenceMs=542.210 inferenceQueueMs=132.278 localDecisionMs=684.068  bodyAdmissionMs=276.312 bodyReadMs=0.386 hashMs=0.950 requestToDeliveryMs=1215.949 upstreamHeadersMs=245.562 sanitizeMs=964.688 downstreamWriteMs=1.357
09-08 02:20:58.105 15801 16632 I ChromePhotosDataPlane: origin=real hostClass=network hostHash=fdbc7f1491a89ee6 method=GET clientProtocol=http/1.1 upstreamProtocol=h2 status=200 contentType=image/webp bytesIn=8426 bytesOut=8426 cache=miss decision=safe reason=model_allow source=engine probability=0.037530273 basis=None decodeMs=4.381 inferenceMs=135.134 inferenceQueueMs=537.189 localDecisionMs=677.597  bodyAdmissionMs=208.433 bodyReadMs=0.452 hashMs=1.178 requestToDeliveryMs=1213.275 upstreamHeadersMs=305.440 sanitizeMs=899.724 downstreamWriteMs=2.456
09-08 02:20:58.169 15801 16676 I ChromePhotosDataPlane: phase=worker_ready correlationId=c156 admissionWaitMs=0.377
09-08 02:20:58.244 15801 16481 I ChromePhotosDataPlane: origin=real hostClass=network hostHash=fdbc7f1491a89ee6 method=GET clientProtocol=http/1.1 upstreamProtocol=h2 status=200 contentType=image/webp bytesIn=3980 bytesOut=3980 cache=miss decision=safe reason=model_allow source=engine probability=0.0044358373 basis=None decodeMs=4.001 inferenceMs=138.744 inferenceQueueMs=138.604 localDecisionMs=281.974  bodyAdmissionMs=555.409 bodyReadMs=0.121 hashMs=0.156 requestToDeliveryMs=1070.600 upstreamHeadersMs=229.095 sanitizeMs=838.557 downstreamWriteMs=0.852
09-08 02:20:58.414 15801 16647 I ChromePhotosDataPlane: origin=real hostClass=network hostHash=fdbc7f1491a89ee6 method=GET clientProtocol=http/1.1 upstreamProtocol=h2 status=200 contentType=image/webp bytesIn=3140 bytesOut=3140 cache=miss decision=safe reason=model_allow source=engine probability=0.047480255 basis=None decodeMs=2.699 inferenceMs=135.824 inferenceQueueMs=132.904 localDecisionMs=272.528  bodyAdmissionMs=695.385 bodyReadMs=0.396 hashMs=1.496 requestToDeliveryMs=1374.541 upstreamHeadersMs=361.975 sanitizeMs=977.728 downstreamWriteMs=15.435
09-08 02:20:58.510 15801 16678 I ChromePhotosDataPlane: phase=worker_ready correlationId=c157 admissionWaitMs=0.422
09-08 02:20:58.529 15801 16595 I ChromePhotosDataPlane: origin=real hostClass=network hostHash=fdbc7f1491a89ee6 method=GET clientProtocol=http/1.1 upstreamProtocol=h2 status=200 contentType=image/webp bytesIn=10332 bytesOut=10332 cache=miss decision=safe reason=model_allow source=engine probability=0.19095385 basis=None decodeMs=4.097 inferenceMs=139.721 inferenceQueueMs=131.047 localDecisionMs=275.749  bodyAdmissionMs=684.199 bodyReadMs=0.239 hashMs=0.922 requestToDeliveryMs=1202.528 upstreamHeadersMs=229.193 sanitizeMs=964.919 downstreamWriteMs=1.314
09-08 02:20:58.666 15801 16692 I ChromePhotosDataPlane: origin=real hostClass=network hostHash=fdbc7f1491a89ee6 method=GET clientProtocol=http/1.1 upstreamProtocol=h2 status=200 contentType=image/webp bytesIn=8446 bytesOut=8446 cache=miss decision=safe reason=model_allow source=engine probability=0.041372657 basis=None decodeMs=4.551 inferenceMs=132.017 inferenceQueueMs=110.105 localDecisionMs=247.778  bodyAdmissionMs=664.354 bodyReadMs=0.608 hashMs=0.602 requestToDeliveryMs=1202.556 upstreamHeadersMs=252.007 sanitizeMs=941.965 downstreamWriteMs=1.150
09-08 02:20:58.719 15801 16676 I ChromePhotosDataPlane: phase=tls_certificate correlationId=c156 tlsCacheHit=false tlsCacheWaitMs=0.023 tlsCreationMs=503.074
09-08 02:20:58.719 15801 16676 I ChromePhotosDataPlane: phase=tls_material correlationId=c156 tlsMaterialMs=503.718
09-08 02:20:58.732 15801 16676 I ChromePhotosDataPlane: phase=tls_ready correlationId=c156 hostClass=network hostHash=2e2e8e2b4eb0d095 clientProtocol=http/1.1 ca=b84fe96087814860
09-08 02:20:58.811 15801 16553 I ChromePhotosDataPlane: origin=real hostClass=network hostHash=fdbc7f1491a89ee6 method=GET clientProtocol=http/1.1 upstreamProtocol=h2 status=200 contentType=image/webp bytesIn=6940 bytesOut=6940 cache=miss decision=safe reason=model_allow source=engine probability=0.008428872 basis=None decodeMs=4.087 inferenceMs=133.545 inferenceQueueMs=133.364 localDecisionMs=272.160  bodyAdmissionMs=333.397 bodyReadMs=0.195 hashMs=0.328 requestToDeliveryMs=796.224 upstreamHeadersMs=175.091 sanitizeMs=609.874 downstreamWriteMs=1.877
09-08 02:20:58.943 15801 16632 I ChromePhotosDataPlane: origin=real hostClass=network hostHash=fdbc7f1491a89ee6 method=GET clientProtocol=http/1.1 upstreamProtocol=h2 status=200 contentType=image/webp bytesIn=8122 bytesOut=8122 cache=miss decision=safe reason=model_allow source=engine probability=0.004171163 basis=None decodeMs=4.311 inferenceMs=135.500 inferenceQueueMs=127.879 localDecisionMs=268.470  bodyAdmissionMs=312.049 bodyReadMs=0.287 hashMs=0.514 requestToDeliveryMs=761.858 upstreamHeadersMs=167.659 sanitizeMs=589.787 downstreamWriteMs=0.924
09-08 02:20:58.962 15801 16678 I ChromePhotosDataPlane: phase=tls_certificate correlationId=c157 tlsCacheHit=false tlsCacheWaitMs=171.839 tlsCreationMs=243.777
09-08 02:20:58.962 15801 16678 I ChromePhotosDataPlane: phase=tls_material correlationId=c157 tlsMaterialMs=416.037
09-08 02:20:58.976 15801 16698 I ChromePhotosDataPlane: phase=worker_ready correlationId=c158 admissionWaitMs=0.466
09-08 02:20:58.987 15801 16678 I ChromePhotosDataPlane: phase=tls_ready correlationId=c157 hostClass=network hostHash=1f1577c4f7feb6a1 clientProtocol=http/1.1 ca=b84fe96087814860
09-08 02:20:59.030 15801 16698 I ChromePhotosDataPlane: phase=tls_certificate correlationId=c158 tlsCacheHit=true tlsCacheWaitMs=0.022 tlsCreationMs=0.000
09-08 02:20:59.031 15801 16698 I ChromePhotosDataPlane: phase=tls_material correlationId=c158 tlsMaterialMs=0.614
09-08 02:20:59.062 15801 16698 I ChromePhotosDataPlane: phase=tls_ready correlationId=c158 hostClass=network hostHash=0843c9b16155ccbe clientProtocol=http/1.1 ca=b84fe96087814860
09-08 02:20:59.177 15801 16596 I ChromePhotosDataPlane: phase=worker_ready correlationId=c159 admissionWaitMs=2.579
09-08 02:20:59.183 15801 16748 I ChromePhotosDataPlane: phase=worker_ready correlationId=c160 admissionWaitMs=0.239
09-08 02:20:59.187 15801 16596 I ChromePhotosDataPlane: phase=tls_certificate correlationId=c159 tlsCacheHit=true tlsCacheWaitMs=0.015 tlsCreationMs=0.000
09-08 02:20:59.187 15801 16596 I ChromePhotosDataPlane: phase=tls_material correlationId=c159 tlsMaterialMs=0.574
09-08 02:20:59.200 15801 16748 I ChromePhotosDataPlane: phase=tls_certificate correlationId=c160 tlsCacheHit=true tlsCacheWaitMs=0.017 tlsCreationMs=0.000
09-08 02:20:59.200 15801 16748 I ChromePhotosDataPlane: phase=tls_material correlationId=c160 tlsMaterialMs=0.481
09-08 02:20:59.216 15801 16596 I ChromePhotosDataPlane: phase=tls_ready correlationId=c159 hostClass=network hostHash=191347bfe55d0ca9 clientProtocol=http/1.1 ca=b84fe96087814860
09-08 02:20:59.217 15801 16699 I ChromePhotosDataPlane: phase=worker_ready correlationId=c161 admissionWaitMs=0.474
09-08 02:20:59.220 15801 16620 I ChromePhotosDataPlane: phase=worker_ready correlationId=c162 admissionWaitMs=1.663
09-08 02:20:59.221 15801 16748 I ChromePhotosDataPlane: phase=tls_ready correlationId=c160 hostClass=network hostHash=7ffe8698ca81d914 clientProtocol=http/1.1 ca=b84fe96087814860
09-08 02:20:59.226 15801 16699 I ChromePhotosDataPlane: phase=tls_certificate correlationId=c161 tlsCacheHit=true tlsCacheWaitMs=0.008 tlsCreationMs=0.000
09-08 02:20:59.232 15801 16699 I ChromePhotosDataPlane: phase=tls_material correlationId=c161 tlsMaterialMs=1.025
09-08 02:20:59.234 15801 16760 I ChromePhotosDataPlane: phase=worker_ready correlationId=c163 admissionWaitMs=0.186
09-08 02:20:59.240 15801 16521 I ChromePhotosDataPlane: phase=worker_ready correlationId=c164 admissionWaitMs=0.201
09-08 02:20:59.246 15801 16620 I ChromePhotosDataPlane: phase=tls_certificate correlationId=c162 tlsCacheHit=true tlsCacheWaitMs=0.012 tlsCreationMs=0.000
09-08 02:20:59.246 15801 16620 I ChromePhotosDataPlane: phase=tls_material correlationId=c162 tlsMaterialMs=0.514
09-08 02:20:59.249 15801 16760 I ChromePhotosDataPlane: phase=tls_certificate correlationId=c163 tlsCacheHit=true tlsCacheWaitMs=0.020 tlsCreationMs=0.000
09-08 02:20:59.249 15801 16760 I ChromePhotosDataPlane: phase=tls_material correlationId=c163 tlsMaterialMs=0.487
09-08 02:20:59.252 15801 16521 I ChromePhotosDataPlane: phase=tls_certificate correlationId=c164 tlsCacheHit=true tlsCacheWaitMs=0.011 tlsCreationMs=0.000
09-08 02:20:59.252 15801 16521 I ChromePhotosDataPlane: phase=tls_material correlationId=c164 tlsMaterialMs=0.257
09-08 02:20:59.274 15801 16521 I ChromePhotosDataPlane: phase=tls_ready correlationId=c164 hostClass=network hostHash=7ffe8698ca81d914 clientProtocol=http/1.1 ca=b84fe96087814860
09-08 02:20:59.276 15801 16699 I ChromePhotosDataPlane: phase=tls_ready correlationId=c161 hostClass=network hostHash=191347bfe55d0ca9 clientProtocol=http/1.1 ca=b84fe96087814860
09-08 02:20:59.279 15801 16620 I ChromePhotosDataPlane: phase=tls_ready correlationId=c162 hostClass=network hostHash=191347bfe55d0ca9 clientProtocol=http/1.1 ca=b84fe96087814860
09-08 02:20:59.283 15801 16760 I ChromePhotosDataPlane: phase=tls_ready correlationId=c163 hostClass=network hostHash=7ffe8698ca81d914 clientProtocol=http/1.1 ca=b84fe96087814860
09-08 02:20:59.293 15801 16712 I ChromePhotosDataPlane: phase=worker_ready correlationId=c165 admissionWaitMs=0.383
09-08 02:20:59.319 15801 16729 I ChromePhotosDataPlane: origin=real hostClass=network hostHash=f5594fab1b035ec0 method=POST clientProtocol=http/1.1 upstreamProtocol=h2 status=200 contentType= bytesOut=0 transfer=fixed upstreamHeadersMs=318.347 downstreamWriteMs=1.125
09-08 02:20:59.352 15801 16554 I ChromePhotosDataPlane: origin=real hostClass=network hostHash=935e0b482f6ac80a method=GET clientProtocol=http/1.1 upstreamProtocol=h2 status=204 contentType= bytesIn=0 bytesOut=0 cache=miss decision=passthrough   requestToDeliveryMs=325.123 upstreamHeadersMs=322.639 sanitizeMs=0.076 downstreamWriteMs=0.777
09-08 02:20:59.414 15801 16698 I ChromePhotosDataPlane: origin=real hostClass=network hostHash=0843c9b16155ccbe method=POST clientProtocol=http/1.1 upstreamProtocol=h2 status=200 contentType= bytesOut=0 transfer=fixed upstreamHeadersMs=345.485 downstreamWriteMs=0.772
09-08 02:20:59.442 15801 16533 I ChromePhotosDataPlane: phase=worker_ready correlationId=c166 admissionWaitMs=0.543
09-08 02:20:59.470 15801 16847 I ChromePhotosDataPlane: phase=worker_ready correlationId=c167 admissionWaitMs=0.621
09-08 02:20:59.495 15801 16533 I ChromePhotosDataPlane: phase=tls_certificate correlationId=c166 tlsCacheHit=true tlsCacheWaitMs=0.013 tlsCreationMs=0.000
09-08 02:20:59.495 15801 16533 I ChromePhotosDataPlane: phase=tls_material correlationId=c166 tlsMaterialMs=0.365
09-08 02:20:59.506 15801 16847 I ChromePhotosDataPlane: phase=tls_certificate correlationId=c167 tlsCacheHit=true tlsCacheWaitMs=0.018 tlsCreationMs=0.000
09-08 02:20:59.506 15801 16847 I ChromePhotosDataPlane: phase=tls_material correlationId=c167 tlsMaterialMs=0.622
09-08 02:20:59.506 15801 16416 I ChromePhotosDataPlane: origin=real hostClass=network hostHash=f58aed0f48e58f0c method=POST clientProtocol=http/1.1 upstreamProtocol=h2 status=204 contentType= bytesOut=0 transfer=fixed upstreamHeadersMs=184.981 downstreamWriteMs=0.946
09-08 02:20:59.523 15801 16533 I ChromePhotosDataPlane: phase=tls_ready correlationId=c166 hostClass=network hostHash=3e723b591bdb95ce clientProtocol=http/1.1 ca=b84fe96087814860
09-08 02:20:59.552 15801 16847 I ChromePhotosDataPlane: phase=tls_ready correlationId=c167 hostClass=network hostHash=3e723b591bdb95ce clientProtocol=http/1.1 ca=b84fe96087814860
09-08 02:20:59.608 15801 16554 I ChromePhotosDataPlane: origin=real hostClass=network hostHash=935e0b482f6ac80a method=GET clientProtocol=http/1.1 upstreamProtocol=h2 status=200 contentType=application/x-javascript bytesOut=854 transfer=fixed upstreamHeadersMs=166.880 downstreamWriteMs=0.706
09-08 02:20:59.642 15801 16533 I ChromePhotosDataPlane: phase=media_shield_document origin=real hostClass=network hostHash=3e723b591bdb95ce result=fail_closed reason=document_mime_unsupported bytesOut=41 upstreamHeadersMs=113.741 documentDecisionMs=0.116 downstreamWriteMs=0.419
09-08 02:20:59.647 15801 16481 I ChromePhotosDataPlane: origin=real hostClass=network hostHash=fdbc7f1491a89ee6 method=GET clientProtocol=http/1.1 upstreamProtocol=h2 status=200 contentType=image/webp bytesIn=2172 bytesOut=2172 cache=miss decision=safe reason=model_allow source=engine probability=0.04207182 basis=None decodeMs=7.794 inferenceMs=693.424 inferenceQueueMs=127.769 localDecisionMs=830.632  bodyAdmissionMs=296.983 bodyReadMs=0.417 hashMs=1.191 requestToDeliveryMs=1351.726 upstreamHeadersMs=210.635 sanitizeMs=1137.963 downstreamWriteMs=0.879
09-08 02:20:59.715 15801 16678 I ChromePhotosDataPlane: origin=real hostClass=network hostHash=1f1577c4f7feb6a1 method=POST clientProtocol=http/1.1 upstreamProtocol=h2 status=200 contentType=application/json bytesOut=0 transfer=fixed upstreamHeadersMs=710.390 downstreamWriteMs=0.931
09-08 02:20:59.841 15801 16712 I ChromePhotosDataPlane: phase=tls_certificate correlationId=c165 tlsCacheHit=false tlsCacheWaitMs=0.029 tlsCreationMs=512.702
09-08 02:20:59.841 15801 16712 I ChromePhotosDataPlane: phase=tls_material correlationId=c165 tlsMaterialMs=513.156
09-08 02:20:59.884 15801 16712 I ChromePhotosDataPlane: phase=tls_ready correlationId=c165 hostClass=network hostHash=cff23f81cf11247e clientProtocol=http/1.1 ca=b84fe96087814860
09-08 02:20:59.906 15801 16676 I ChromePhotosDataPlane: origin=real hostClass=network hostHash=2e2e8e2b4eb0d095 method=GET clientProtocol=http/1.1 upstreamProtocol=h2 status=200 contentType=image/png bytesIn=42 bytesOut=704 cache=miss decision=unknown reason=unsupported_gif source=error probability=-1.0 basis=none decodeMs=0.000 inferenceMs=0.000 inferenceQueueMs=0.000 localDecisionMs=0.000  bodyAdmissionMs=982.530 bodyReadMs=0.295 requestToDeliveryMs=1170.612 upstreamHeadersMs=184.164 sanitizeMs=983.834 downstreamWriteMs=0.893
09-08 02:20:59.911 15801 16647 I ChromePhotosDataPlane: origin=real hostClass=network hostHash=fdbc7f1491a89ee6 method=GET clientProtocol=http/1.1 upstreamProtocol=h2 status=200 contentType=image/webp bytesIn=14270 bytesOut=14270 cache=miss decision=safe reason=model_allow source=engine probability=0.010012716 basis=None decodeMs=8.541 inferenceMs=243.931 inferenceQueueMs=692.253 localDecisionMs=945.481  bodyAdmissionMs=267.557 bodyReadMs=0.241 hashMs=0.686 requestToDeliveryMs=1477.412 upstreamHeadersMs=237.610 sanitizeMs=1228.333 downstreamWriteMs=5.349
09-08 02:20:59.950 15801 16509 I ChromePhotosDataPlane: origin=real hostClass=network hostHash=abf8fbf760ef2a86 method=GET clientProtocol=http/1.1 upstreamProtocol=h2 status=200 contentType=image/png bytesIn=0 bytesOut=704 cache=miss decision=unknown reason=encoded_image_unsupported source=error probability=-1.0 basis=none decodeMs=0.000 inferenceMs=0.000 inferenceQueueMs=0.000 localDecisionMs=0.000   requestToDeliveryMs=370.314 upstreamHeadersMs=368.809 sanitizeMs=0.082 downstreamWriteMs=0.507
09-08 02:21:00.045 15801 16595 I ChromePhotosDataPlane: origin=real hostClass=network hostHash=fdbc7f1491a89ee6 method=GET clientProtocol=http/1.1 upstreamProtocol=h2 status=200 contentType=image/webp bytesIn=13682 bytesOut=13682 cache=miss decision=safe reason=model_allow source=engine probability=0.021669686 basis=None decodeMs=5.168 inferenceMs=135.931 inferenceQueueMs=234.592 localDecisionMs=376.884  bodyAdmissionMs=813.971 bodyReadMs=0.406 hashMs=1.059 requestToDeliveryMs=1471.179 upstreamHeadersMs=255.485 sanitizeMs=1212.338 downstreamWriteMs=0.489
09-08 02:21:00.523 15801 16499 I ChromePhotosDataPlane: phase=worker_ready correlationId=c168 admissionWaitMs=1.276
09-08 02:21:00.536 15801 16804 I ChromePhotosDataPlane: phase=worker_ready correlationId=c169 admissionWaitMs=2.456
09-08 02:21:00.540 15801 16442 I ChromePhotosDataPlane: phase=worker_ready correlationId=c170 admissionWaitMs=0.965
09-08 02:21:00.546 15801 16500 I ChromePhotosDataPlane: phase=worker_ready correlationId=c171 admissionWaitMs=0.393
09-08 02:21:00.554 15801 16661 I ChromePhotosDataPlane: phase=worker_ready correlationId=c172 admissionWaitMs=0.305
09-08 02:21:00.564 15801 16609 I ChromePhotosDataPlane: phase=worker_ready correlationId=c173 admissionWaitMs=0.463
09-08 02:21:00.565 15801 16442 I ChromePhotosDataPlane: phase=tls_certificate correlationId=c170 tlsCacheHit=true tlsCacheWaitMs=0.018 tlsCreationMs=0.000
09-08 02:21:00.565 15801 16442 I ChromePhotosDataPlane: phase=tls_material correlationId=c170 tlsMaterialMs=0.429
09-08 02:21:00.566 15801 16499 I ChromePhotosDataPlane: phase=tls_certificate correlationId=c168 tlsCacheHit=true tlsCacheWaitMs=0.013 tlsCreationMs=0.000
09-08 02:21:00.566 15801 16499 I ChromePhotosDataPlane: phase=tls_material correlationId=c168 tlsMaterialMs=0.443
09-08 02:21:00.567 15801 16500 I ChromePhotosDataPlane: phase=tls_certificate correlationId=c171 tlsCacheHit=true tlsCacheWaitMs=0.010 tlsCreationMs=0.000
09-08 02:21:00.567 15801 16500 I ChromePhotosDataPlane: phase=tls_material correlationId=c171 tlsMaterialMs=0.282
09-08 02:21:00.568 15801 16661 I ChromePhotosDataPlane: phase=tls_certificate correlationId=c172 tlsCacheHit=true tlsCacheWaitMs=0.008 tlsCreationMs=0.000
09-08 02:21:00.568 15801 16661 I ChromePhotosDataPlane: phase=tls_material correlationId=c172 tlsMaterialMs=0.190
09-08 02:21:00.568 15801 16609 I ChromePhotosDataPlane: phase=tls_certificate correlationId=c173 tlsCacheHit=true tlsCacheWaitMs=0.005 tlsCreationMs=0.000
09-08 02:21:00.568 15801 16609 I ChromePhotosDataPlane: phase=tls_material correlationId=c173 tlsMaterialMs=0.101
09-08 02:21:00.582 15801 16712 I ChromePhotosDataPlane: origin=real hostClass=network hostHash=cff23f81cf11247e method=OPTIONS clientProtocol=http/1.1 upstreamProtocol=h2 status=200 contentType=text/plain bytesOut=2 transfer=fixed upstreamHeadersMs=690.823 downstreamWriteMs=0.760
09-08 02:21:00.593 15801 16500 I ChromePhotosDataPlane: phase=tls_ready correlationId=c171 hostClass=network hostHash=fdbc7f1491a89ee6 clientProtocol=http/1.1 ca=b84fe96087814860
09-08 02:21:00.596 15801 16497 I ChromePhotosDataPlane: phase=client_disconnect direction=downstream_write correlationId=c148-r2
09-08 02:21:00.598 15801 16442 I ChromePhotosDataPlane: phase=tls_ready correlationId=c170 hostClass=network hostHash=fdbc7f1491a89ee6 clientProtocol=http/1.1 ca=b84fe96087814860
09-08 02:21:00.599 15801 16661 I ChromePhotosDataPlane: phase=tls_ready correlationId=c172 hostClass=network hostHash=fdbc7f1491a89ee6 clientProtocol=http/1.1 ca=b84fe96087814860
09-08 02:21:00.601 15801 16609 I ChromePhotosDataPlane: phase=tls_ready correlationId=c173 hostClass=network hostHash=fdbc7f1491a89ee6 clientProtocol=http/1.1 ca=b84fe96087814860
09-08 02:21:00.603 15801 16804 I ChromePhotosDataPlane: phase=tls_certificate correlationId=c169 tlsCacheHit=true tlsCacheWaitMs=0.048 tlsCreationMs=0.000
09-08 02:21:00.603 15801 16804 I ChromePhotosDataPlane: phase=tls_material correlationId=c169 tlsMaterialMs=0.699
09-08 02:21:00.603 15801 16499 I ChromePhotosDataPlane: phase=tls_ready correlationId=c168 hostClass=network hostHash=fdbc7f1491a89ee6 clientProtocol=http/1.1 ca=b84fe96087814860
09-08 02:21:00.608 15801 16692 I ChromePhotosDataPlane: phase=client_disconnect direction=downstream_write correlationId=c102-r9
09-08 02:21:00.625 15801 16804 I ChromePhotosDataPlane: phase=tls_ready correlationId=c169 hostClass=network hostHash=fdbc7f1491a89ee6 clientProtocol=http/1.1 ca=b84fe96087814860
09-08 02:21:00.735 15801 16596 I ChromePhotosDataPlane: phase=client_disconnect direction=downstream_write correlationId=c159-r1
09-08 02:21:00.735 15801 16553 I ChromePhotosDataPlane: phase=client_disconnect direction=downstream_write correlationId=c113-r9
09-08 02:21:00.738 15801 16486 I ChromePhotosDataPlane: phase=client_disconnect direction=downstream_write correlationId=c143-r2
09-08 02:21:00.740 15801 16748 I ChromePhotosDataPlane: phase=client_disconnect direction=downstream_write correlationId=c160-r1
09-08 02:21:00.741 15801 16699 I ChromePhotosDataPlane: phase=client_disconnect direction=downstream_write correlationId=c161-r1
09-08 02:21:00.741 15801 16521 I ChromePhotosDataPlane: phase=client_disconnect direction=downstream_write correlationId=c164-r1
09-08 02:21:00.743 15801 16620 I ChromePhotosDataPlane: phase=client_disconnect direction=downstream_write correlationId=c162-r1
09-08 02:21:00.749 15801 16760 I ChromePhotosDataPlane: phase=client_disconnect direction=downstream_write correlationId=c163-r1
09-08 02:21:00.872 15801 16632 I ChromePhotosDataPlane: phase=client_disconnect direction=downstream_write correlationId=c115-r9
09-08 02:21:00.958 15801 16729 I ChromePhotosDataPlane: origin=real hostClass=network hostHash=f5594fab1b035ec0 method=POST clientProtocol=http/1.1 upstreamProtocol=h2 status=200 contentType= bytesOut=0 transfer=fixed upstreamHeadersMs=324.904 downstreamWriteMs=0.652
09-08 02:21:01.009 15801 16481 I ChromePhotosDataPlane: phase=client_disconnect direction=downstream_write correlationId=c117-r9
09-08 02:21:01.144 15801 16647 I ChromePhotosDataPlane: phase=client_disconnect direction=downstream_write correlationId=c116-r9
09-08 02:21:01.275 15801 16595 I ChromePhotosDataPlane: phase=client_disconnect direction=downstream_write correlationId=c114-r10
09-08 02:21:48.163 15801 15801 I ChromePhotosDataPlane: phase=status statusSequence=13 lifecycle=PresentationReady active=true ready=true connections=173 requests=262 safe=62 blocked=0 unknown=23 passthrough=144 cacheHits=3 cacheMisses=69 failures=11 clientDisconnects=14 bytesIn=8614987 bytesOut=8892851 streamed=122 proxyQueueRejects=0 proxyActivePeak=61 proxyP50Ms=317.512 proxyP95Ms=2631.425 proxyP99Ms=3520.020 upstreamSockets=112 protectSuccess=112 protectFailure=0 web11a=not_run web11b=not_run modelLoadMs=281.008 engineCalls=64 dedupeHits=1 decisionCacheConfig=64 decisionConcurrencyConfig=1 decisionQueueConfig=2 decisionTimeoutMs=5000 engineCallsPerRequest=0.9411764705882353 inferencePeak=1 inFlightPeak=2 queuePeak=1 queueRejects=0 timeouts=0 inferenceP50Ms=138.792552 inferenceP95Ms=612.878959 inferenceP99Ms=693.423593 decisionP50Ms=290.744375 decisionP95Ms=1197.125207 decisionP99Ms=1236.458228 cacheHitP50Ms=0.068541 cacheHitP95Ms=0.068541 cacheEntries=64 cacheEvictions=0 preprocessP50Ms=5.997657 preprocessP95Ms=27.312657 preprocessP99Ms=39.017552 preparedCount1=45 preparedCount4=19 preparedCount5=0 preparedCountOther=0 decisionBasis=FullThreshold:1,None:63 imageCandidates=102 imagePrefixPeeks=19 imageMagicCandidates=0 imageBodyAdmissionPeak=2 imageBodyAdmissionRejects=0 networkVisualCandidates=99 networkVisualReplaced=0 networkVisualRawDelivered=0 networkVisualSafeRawDelivered=62 networkVisualBlockedReplaced=0 networkVisualUnknownReplaced=0 networkVisualUnsupportedReplaced=23 networkVisualRawBlockedDelivered=0 networkVisualRawUnknownDelivered=0 networkVisualCacheHit=3 networkVisualInference=58 mediaDocumentsTransformed=9 mediaDocumentsFailClosed=3 documentTransformOutstanding=0 readyTokensOutstanding=9 uiSvgRegistered=0 uiSvgRegistryBytes=0 uiSvgCssRewritten=0 uiSvgCssRejected=0 uiSvgNetworkAccepted=10 uiSvgNetworkRejected=0 uiSvgAssetServed=0 uiSvgAssetRejected=0 h18=REPORT=not_run,EVENT_SEQUENCE=0,COMPAT_DOCS=0,STRICT_DOCS=0,STYLE_REQ=0,SCRIPT_REQ=0,DATA_REQ=0,NETWORK_REQ=0,REPORTS=0,LAST_DOC=none,NETWORK_SHA=ee17e3f62edde61823ce35732ea168f4f5986bff347ccfac063eca7f4009ee1b,AUDIT_SHA=74d4467bbf6833db4eeab998495b7dfc50db3b1f04f407704b839ad3f4b25582 h19=REPORT=not_run,DOCUMENTS=0,FRAMES=0,SCRIPTS=0,FIRST_ORIGINAL_SCRIPTS=0,STYLES=0,WORKERS=0,SERVICE_WORKERS=0,FRAME_REPORTS=0,FRAME_REPORT_REJECTS=0,FRAME_REPORT=not_run,FRAME_REPORT_SHA=not_run,FRAME_CHALLENGE_SHA=not_run,FRAME_GENERATION=0,FRAME_ACCEPTED_CHALLENGE_SHA=not_run,FRAME_REPORT_BINDING_SHA=not_run,SAME_URL_BODIES=0,REPORTS=0,SW_BOUNDARY={INSTALL_DOCS=0,WORKER_SCRIPTS=0,WORKER_PROBE_SCRIPTS=0,PROBE_DOCS=0,CLEANUP_DOCS=0,REPORTS_ACCEPTED=0,REPORTS_REJECTED=0,CONTROLLER_PRESENT=0,CONTROLLER_MISSING=0,NAV_FETCHES=0,SELF_READY_FETCHES=0,SELF_READY_PASS_THROUGH=0,SELF_READY_SYNTHETIC=0,NAV_SYNTHETIC=0,RESET_BASELINE_CLEAN=0,RESET_BASELINE_DIRTY=0,REGISTER_BLOCKED=0,REGISTER_SUCCEEDED=0,WORKER_REGISTER_BLOCKED=0,WORKER_REGISTER_SUCCEEDED=0,WORKER_REGISTER_UNSUPPORTED=0,WORKER_REGISTER_ERROR=0,LAST_CASE=none,LAST_EVENT=none,LAST_VALUE=none},UI_SVG={not_run} quicAttempts=0 directTcpAttempts=0 bootstrapResetGeneration=2 bootstrapCompleteGeneration=2 bootstrapResetCount=3 chromeSuspended=false guardSession=532 guardHeartbeatSequence=1288 audit17State=0 audit17Navigation=0 audit17Events=95 audit17Dropped=0
09-08 02:21:48.163 15801 15801 I ChromeMediaShieldStatus: v=1 seq=13 kind=network mode=selective candidates=99 replaced=0 rawDelivered=0 safeRaw=62 blockedReplaced=0 unknownReplaced=0 unsupportedReplaced=23 rawBlocked=0 rawUnknown=0 cacheHit=3 decisionEngine=58 engineCalls=64
09-08 02:21:48.163 15801 15801 I ChromeMediaShieldStatus: v=1 seq=13 kind=document transformed=9 failClosed=3 outstanding=0 issued=9 claims=2 documentSequence=6 navigationSequence=2 readyRequests=6 readyPreflights=0 readyAccepted=2 readyRejected=0 parserBarrierRequests=0 parserBarrierReady=0 parserBarrierFailClosed=0 selfShield=true selfReadyRequests=2 selfReadyAccepted=2 selfReadyRejected=0 selfReadyRejectReason=none selfShieldReleaseCompleted=2 selfShieldParserContinued=2 selfShieldOriginalScriptStarted=0 selfShieldTraceRejected=0 selfShieldTraceOutstanding=0 bootstrapDiagnosticAccepted=0 bootstrapDiagnosticRejected=0 bootstrapDiagnosticRejectReason=none bootstrapDiagnosticStage=none bootstrapDiagnosticReason=none bootstrapDiagnosticOutstanding=0
09-08 02:21:48.163 15801 15801 I ChromeMediaShieldStatus: v=1 seq=13 kind=renderer reports=0 rejected=0 globalCallbacks=0 globalRecords=0 childRecords=0 attributeRecords=0 maxRecords=0 scanCalls=0 scanRoot=0 scanNodes=0 maxScanNodes=0 scanMicros=0 maxScanMicros=0 observerChildScans=0 observerAttributeScans=0 guardedScans=0 markupScans=0 shadowScans=0 initialScans=0 otherScans=0 sanitizeElement=0 sanitizeContainer=0 img=0 source=0 svg=0 iframe=0 canvas=0 video=0 safeIcon=0 lockIcon=0 geometryWrites=0 svgRecords=0 shadowRoots=0 shadowObservers=0 shadowCallbacks=0 shadowRecords=0 shadowScanCalls=0 ensureStyle=0 ensureCurtain=0 internalMutations=0
09-08 02:21:48.163 15801 15801 I ChromeMediaShieldStatus: v=1 seq=13 kind=rendererApis callScan=createElement=0/0 createElementNS=0/0 appendChild=0/0 insertBefore=0/0 replaceChild=0/0 append=0/0 prepend=0/0 replaceChildren=0/0 before=0/0 after=0/0 replaceWith=0/0 adjacentElement=0/0 moveBefore=0/0 rangeInsert=0/0 rangeSurround=0/0 adoptNode=0/0 cloneNode=0/0 importNode=0/0 safeMarkup=0/0 innerHTML=0/0 outerHTML=0/0 insertAdjacentHTML=0/0 setHTML=0/0 shadowInnerHTML=0/0 execCommandInsertHTML=0/0 mappedTextContent=0/0
09-08 02:21:48.164 15801 15801 I ChromeMediaShieldStatus: v=1 seq=13 kind=rendererFamilies roots=element/fragment/text/other factory:calls=0,scans=0,direct=0,roots=0/0/0/0,nodes=0,micros=0,maxMicros=0 domGuard:calls=0,scans=0,direct=0,roots=0/0/0/0,nodes=0,micros=0,maxMicros=0 markup:calls=0,scans=0,direct=0,roots=0/0/0/0,nodes=0,micros=0,maxMicros=0
09-08 02:21:48.164 15801 15801 I ChromeMediaShieldStatus: v=1 seq=13 kind=uiSvg registered=0 registryBytes=0 cssRewritten=0 cssRejected=0 networkAccepted=10 networkRejected=0 assetServed=0 assetRejected=0
09-08 02:21:48.164 15801 15801 I ChromeMediaShieldStatus: v=1 seq=13 kind=health failures=11 clientDisconnects=14 proxyQueueRejects=0 protectFailure=0 quicAttempts=0 directTcpAttempts=0 active=true ready=true
09-08 02:21:48.164 15801 15801 I ChromeMediaShieldStatus: v=1 seq=13 kind=fixture report=REPORT=not_run,DOCUMENTS=0,FRAMES=0,SCRIPTS=0,FIRST_ORIGINAL_SCRIPTS=0,STYLES=0,WORKERS=0,SERVICE_WORKERS=0,FRAME_REPORTS=0,FRAME_REPORT_REJECTS=0,FRAME_REPORT=not_run,FRAME_REPORT_SHA=not_run,FRAME_CHALLENGE_SHA=not_run,FRAME_GENERATION=0,FRAME_ACCEPTED_CHALLENGE_SHA=not_run,FRAME_REPORT_BINDING_SHA=not_run,SAME_URL_BODIES=0,REPORTS=0,SW_BOUNDARY={INSTALL_DOCS=0,WORKER_SCRIPTS=0,WORKER_PROBE_SCRIPTS=0,PROBE_DOCS=0,CLEANUP_DOCS=0,REPORTS_ACCEPTED=0,REPORTS_REJECTED=0,CONTROLLER_PRESENT=0,CONTROLLER_MISSING=0,NAV_FETCHES=0,SELF_READY_FETCHES=0,SELF_READY_PASS_THROUGH=0,SELF_READY_SYNTHETIC=0,NAV_SYNTHETIC=0,RESET_BASELINE_CLEAN=0,RESET_BASELINE_DIRTY=0,REGISTER_BLOCKED=0,REGISTER_SUCCEEDED=0,WORKER_REGISTER_BLOCKED=0,WORKER_REGISTER_SUCCEEDED=0,WORKER_REGISTER_UNSUPPORTED=0,WORKER_REGISTER_ERROR=0,LAST_CASE=none,LAST_EVENT=none,LAST_VALUE=none},UI_SVG={not_run}
09-08 02:22:48.425 15801 15801 I ChromePhotosDataPlane: phase=status statusSequence=14 lifecycle=PresentationReady active=true ready=true connections=173 requests=262 safe=62 blocked=0 unknown=23 passthrough=144 cacheHits=3 cacheMisses=69 failures=11 clientDisconnects=14 bytesIn=8614987 bytesOut=8892851 streamed=122 proxyQueueRejects=0 proxyActivePeak=61 proxyP50Ms=317.512 proxyP95Ms=2631.425 proxyP99Ms=3520.020 upstreamSockets=112 protectSuccess=112 protectFailure=0 web11a=not_run web11b=not_run modelLoadMs=281.008 engineCalls=64 dedupeHits=1 decisionCacheConfig=64 decisionConcurrencyConfig=1 decisionQueueConfig=2 decisionTimeoutMs=5000 engineCallsPerRequest=0.9411764705882353 inferencePeak=1 inFlightPeak=2 queuePeak=1 queueRejects=0 timeouts=0 inferenceP50Ms=138.792552 inferenceP95Ms=612.878959 inferenceP99Ms=693.423593 decisionP50Ms=290.744375 decisionP95Ms=1197.125207 decisionP99Ms=1236.458228 cacheHitP50Ms=0.068541 cacheHitP95Ms=0.068541 cacheEntries=64 cacheEvictions=0 preprocessP50Ms=5.997657 preprocessP95Ms=27.312657 preprocessP99Ms=39.017552 preparedCount1=45 preparedCount4=19 preparedCount5=0 preparedCountOther=0 decisionBasis=FullThreshold:1,None:63 imageCandidates=102 imagePrefixPeeks=19 imageMagicCandidates=0 imageBodyAdmissionPeak=2 imageBodyAdmissionRejects=0 networkVisualCandidates=99 networkVisualReplaced=0 networkVisualRawDelivered=0 networkVisualSafeRawDelivered=62 networkVisualBlockedReplaced=0 networkVisualUnknownReplaced=0 networkVisualUnsupportedReplaced=23 networkVisualRawBlockedDelivered=0 networkVisualRawUnknownDelivered=0 networkVisualCacheHit=3 networkVisualInference=58 mediaDocumentsTransformed=9 mediaDocumentsFailClosed=3 documentTransformOutstanding=0 readyTokensOutstanding=9 uiSvgRegistered=0 uiSvgRegistryBytes=0 uiSvgCssRewritten=0 uiSvgCssRejected=0 uiSvgNetworkAccepted=10 uiSvgNetworkRejected=0 uiSvgAssetServed=0 uiSvgAssetRejected=0 h18=REPORT=not_run,EVENT_SEQUENCE=0,COMPAT_DOCS=0,STRICT_DOCS=0,STYLE_REQ=0,SCRIPT_REQ=0,DATA_REQ=0,NETWORK_REQ=0,REPORTS=0,LAST_DOC=none,NETWORK_SHA=ee17e3f62edde61823ce35732ea168f4f5986bff347ccfac063eca7f4009ee1b,AUDIT_SHA=74d4467bbf6833db4eeab998495b7dfc50db3b1f04f407704b839ad3f4b25582 h19=REPORT=not_run,DOCUMENTS=0,FRAMES=0,SCRIPTS=0,FIRST_ORIGINAL_SCRIPTS=0,STYLES=0,WORKERS=0,SERVICE_WORKERS=0,FRAME_REPORTS=0,FRAME_REPORT_REJECTS=0,FRAME_REPORT=not_run,FRAME_REPORT_SHA=not_run,FRAME_CHALLENGE_SHA=not_run,FRAME_GENERATION=0,FRAME_ACCEPTED_CHALLENGE_SHA=not_run,FRAME_REPORT_BINDING_SHA=not_run,SAME_URL_BODIES=0,REPORTS=0,SW_BOUNDARY={INSTALL_DOCS=0,WORKER_SCRIPTS=0,WORKER_PROBE_SCRIPTS=0,PROBE_DOCS=0,CLEANUP_DOCS=0,REPORTS_ACCEPTED=0,REPORTS_REJECTED=0,CONTROLLER_PRESENT=0,CONTROLLER_MISSING=0,NAV_FETCHES=0,SELF_READY_FETCHES=0,SELF_READY_PASS_THROUGH=0,SELF_READY_SYNTHETIC=0,NAV_SYNTHETIC=0,RESET_BASELINE_CLEAN=0,RESET_BASELINE_DIRTY=0,REGISTER_BLOCKED=0,REGISTER_SUCCEEDED=0,WORKER_REGISTER_BLOCKED=0,WORKER_REGISTER_SUCCEEDED=0,WORKER_REGISTER_UNSUPPORTED=0,WORKER_REGISTER_ERROR=0,LAST_CASE=none,LAST_EVENT=none,LAST_VALUE=none},UI_SVG={not_run} quicAttempts=0 directTcpAttempts=0 bootstrapResetGeneration=2 bootstrapCompleteGeneration=2 bootstrapResetCount=3 chromeSuspended=false guardSession=532 guardHeartbeatSequence=1396 audit17State=0 audit17Navigation=0 audit17Events=95 audit17Dropped=0
09-08 02:22:48.425 15801 15801 I ChromeMediaShieldStatus: v=1 seq=14 kind=network mode=selective candidates=99 replaced=0 rawDelivered=0 safeRaw=62 blockedReplaced=0 unknownReplaced=0 unsupportedReplaced=23 rawBlocked=0 rawUnknown=0 cacheHit=3 decisionEngine=58 engineCalls=64
09-08 02:22:48.425 15801 15801 I ChromeMediaShieldStatus: v=1 seq=14 kind=document transformed=9 failClosed=3 outstanding=0 issued=9 claims=2 documentSequence=6 navigationSequence=2 readyRequests=6 readyPreflights=0 readyAccepted=2 readyRejected=0 parserBarrierRequests=0 parserBarrierReady=0 parserBarrierFailClosed=0 selfShield=true selfReadyRequests=2 selfReadyAccepted=2 selfReadyRejected=0 selfReadyRejectReason=none selfShieldReleaseCompleted=2 selfShieldParserContinued=2 selfShieldOriginalScriptStarted=0 selfShieldTraceRejected=0 selfShieldTraceOutstanding=0 bootstrapDiagnosticAccepted=0 bootstrapDiagnosticRejected=0 bootstrapDiagnosticRejectReason=none bootstrapDiagnosticStage=none bootstrapDiagnosticReason=none bootstrapDiagnosticOutstanding=0
09-08 02:22:48.425 15801 15801 I ChromeMediaShieldStatus: v=1 seq=14 kind=renderer reports=0 rejected=0 globalCallbacks=0 globalRecords=0 childRecords=0 attributeRecords=0 maxRecords=0 scanCalls=0 scanRoot=0 scanNodes=0 maxScanNodes=0 scanMicros=0 maxScanMicros=0 observerChildScans=0 observerAttributeScans=0 guardedScans=0 markupScans=0 shadowScans=0 initialScans=0 otherScans=0 sanitizeElement=0 sanitizeContainer=0 img=0 source=0 svg=0 iframe=0 canvas=0 video=0 safeIcon=0 lockIcon=0 geometryWrites=0 svgRecords=0 shadowRoots=0 shadowObservers=0 shadowCallbacks=0 shadowRecords=0 shadowScanCalls=0 ensureStyle=0 ensureCurtain=0 internalMutations=0
09-08 02:22:48.425 15801 15801 I ChromeMediaShieldStatus: v=1 seq=14 kind=rendererApis callScan=createElement=0/0 createElementNS=0/0 appendChild=0/0 insertBefore=0/0 replaceChild=0/0 append=0/0 prepend=0/0 replaceChildren=0/0 before=0/0 after=0/0 replaceWith=0/0 adjacentElement=0/0 moveBefore=0/0 rangeInsert=0/0 rangeSurround=0/0 adoptNode=0/0 cloneNode=0/0 importNode=0/0 safeMarkup=0/0 innerHTML=0/0 outerHTML=0/0 insertAdjacentHTML=0/0 setHTML=0/0 shadowInnerHTML=0/0 execCommandInsertHTML=0/0 mappedTextContent=0/0
09-08 02:22:48.425 15801 15801 I ChromeMediaShieldStatus: v=1 seq=14 kind=rendererFamilies roots=element/fragment/text/other factory:calls=0,scans=0,direct=0,roots=0/0/0/0,nodes=0,micros=0,maxMicros=0 domGuard:calls=0,scans=0,direct=0,roots=0/0/0/0,nodes=0,micros=0,maxMicros=0 markup:calls=0,scans=0,direct=0,roots=0/0/0/0,nodes=0,micros=0,maxMicros=0
09-08 02:22:48.425 15801 15801 I ChromeMediaShieldStatus: v=1 seq=14 kind=uiSvg registered=0 registryBytes=0 cssRewritten=0 cssRejected=0 networkAccepted=10 networkRejected=0 assetServed=0 assetRejected=0
09-08 02:22:48.425 15801 15801 I ChromeMediaShieldStatus: v=1 seq=14 kind=health failures=11 clientDisconnects=14 proxyQueueRejects=0 protectFailure=0 quicAttempts=0 directTcpAttempts=0 active=true ready=true
09-08 02:22:48.425 15801 15801 I ChromeMediaShieldStatus: v=1 seq=14 kind=fixture report=REPORT=not_run,DOCUMENTS=0,FRAMES=0,SCRIPTS=0,FIRST_ORIGINAL_SCRIPTS=0,STYLES=0,WORKERS=0,SERVICE_WORKERS=0,FRAME_REPORTS=0,FRAME_REPORT_REJECTS=0,FRAME_REPORT=not_run,FRAME_REPORT_SHA=not_run,FRAME_CHALLENGE_SHA=not_run,FRAME_GENERATION=0,FRAME_ACCEPTED_CHALLENGE_SHA=not_run,FRAME_REPORT_BINDING_SHA=not_run,SAME_URL_BODIES=0,REPORTS=0,SW_BOUNDARY={INSTALL_DOCS=0,WORKER_SCRIPTS=0,WORKER_PROBE_SCRIPTS=0,PROBE_DOCS=0,CLEANUP_DOCS=0,REPORTS_ACCEPTED=0,REPORTS_REJECTED=0,CONTROLLER_PRESENT=0,CONTROLLER_MISSING=0,NAV_FETCHES=0,SELF_READY_FETCHES=0,SELF_READY_PASS_THROUGH=0,SELF_READY_SYNTHETIC=0,NAV_SYNTHETIC=0,RESET_BASELINE_CLEAN=0,RESET_BASELINE_DIRTY=0,REGISTER_BLOCKED=0,REGISTER_SUCCEEDED=0,WORKER_REGISTER_BLOCKED=0,WORKER_REGISTER_SUCCEEDED=0,WORKER_REGISTER_UNSUPPORTED=0,WORKER_REGISTER_ERROR=0,LAST_CASE=none,LAST_EVENT=none,LAST_VALUE=none},UI_SVG={not_run}
09-08 02:22:54.522 15801 16568 I ChromePhotosDataPlane: phase=worker_ready correlationId=c174 admissionWaitMs=0.368
09-08 02:22:54.538 15801 16631 I ChromePhotosDataPlane: phase=worker_ready correlationId=c175 admissionWaitMs=0.727
09-08 02:22:54.541 15801 16417 I ChromePhotosDataPlane: phase=worker_ready correlationId=c176 admissionWaitMs=0.453
09-08 02:22:54.545 15801 16497 I ChromePhotosDataPlane: phase=worker_ready correlationId=c177 admissionWaitMs=0.261
09-08 02:22:54.548 15801 16692 I ChromePhotosDataPlane: phase=worker_ready correlationId=c178 admissionWaitMs=0.284
09-08 02:22:54.551 15801 16443 I ChromePhotosDataPlane: phase=worker_ready correlationId=c179 admissionWaitMs=0.154
09-08 02:22:54.554 15801 16596 I ChromePhotosDataPlane: phase=worker_ready correlationId=c180 admissionWaitMs=0.368
09-08 02:22:54.559 15801 16553 I ChromePhotosDataPlane: phase=worker_ready correlationId=c181 admissionWaitMs=2.854
09-08 02:22:54.559 15801 16443 I ChromePhotosDataPlane: phase=tls_certificate correlationId=c179 tlsCacheHit=true tlsCacheWaitMs=0.016 tlsCreationMs=0.000
09-08 02:22:54.560 15801 16443 I ChromePhotosDataPlane: phase=tls_material correlationId=c179 tlsMaterialMs=0.421
09-08 02:22:54.561 15801 16692 I ChromePhotosDataPlane: phase=tls_certificate correlationId=c178 tlsCacheHit=true tlsCacheWaitMs=0.017 tlsCreationMs=0.000
09-08 02:22:54.561 15801 16692 I ChromePhotosDataPlane: phase=tls_material correlationId=c178 tlsMaterialMs=0.481
09-08 02:22:54.569 15801 16443 I ChromePhotosDataPlane: phase=tls_ready correlationId=c179 hostClass=network hostHash=191347bfe55d0ca9 clientProtocol=http/1.1 ca=b84fe96087814860
09-08 02:22:54.577 15801 16692 I ChromePhotosDataPlane: phase=tls_ready correlationId=c178 hostClass=network hostHash=a552b937eecf21c7 clientProtocol=http/1.1 ca=b84fe96087814860
09-08 02:22:54.577 15801 16553 I ChromePhotosDataPlane: phase=tls_certificate correlationId=c181 tlsCacheHit=true tlsCacheWaitMs=0.014 tlsCreationMs=0.000
09-08 02:22:54.577 15801 16553 I ChromePhotosDataPlane: phase=tls_material correlationId=c181 tlsMaterialMs=0.362
09-08 02:22:54.580 15801 16417 I ChromePhotosDataPlane: phase=tls_certificate correlationId=c176 tlsCacheHit=true tlsCacheWaitMs=0.010 tlsCreationMs=0.000
09-08 02:22:54.580 15801 16417 I ChromePhotosDataPlane: phase=tls_material correlationId=c176 tlsMaterialMs=0.354
09-08 02:22:54.581 15801 16631 I ChromePhotosDataPlane: phase=tls_certificate correlationId=c175 tlsCacheHit=true tlsCacheWaitMs=0.011 tlsCreationMs=0.000
09-08 02:22:54.581 15801 16631 I ChromePhotosDataPlane: phase=tls_material correlationId=c175 tlsMaterialMs=0.291
09-08 02:22:54.582 15801 16568 I ChromePhotosDataPlane: phase=tls_certificate correlationId=c174 tlsCacheHit=true tlsCacheWaitMs=0.011 tlsCreationMs=0.000
09-08 02:22:54.582 15801 16568 I ChromePhotosDataPlane: phase=tls_material correlationId=c174 tlsMaterialMs=0.330
09-08 02:22:54.589 15801 16497 I ChromePhotosDataPlane: phase=tls_certificate correlationId=c177 tlsCacheHit=true tlsCacheWaitMs=0.020 tlsCreationMs=0.000
09-08 02:22:54.589 15801 16497 I ChromePhotosDataPlane: phase=tls_material correlationId=c177 tlsMaterialMs=0.611
09-08 02:22:54.593 15801 16553 I ChromePhotosDataPlane: phase=tls_ready correlationId=c181 hostClass=network hostHash=e2ccecf673591338 clientProtocol=http/1.1 ca=b84fe96087814860
09-08 02:22:54.595 15801 16417 I ChromePhotosDataPlane: phase=tls_ready correlationId=c176 hostClass=network hostHash=2d0f3c337e640d3a clientProtocol=http/1.1 ca=b84fe96087814860
09-08 02:22:54.595 15801 16596 I ChromePhotosDataPlane: phase=tls_certificate correlationId=c180 tlsCacheHit=true tlsCacheWaitMs=0.013 tlsCreationMs=0.000
09-08 02:22:54.595 15801 16596 I ChromePhotosDataPlane: phase=tls_material correlationId=c180 tlsMaterialMs=0.350
09-08 02:22:54.597 15801 16568 I ChromePhotosDataPlane: phase=tls_ready correlationId=c174 hostClass=network hostHash=f58aed0f48e58f0c clientProtocol=http/1.1 ca=b84fe96087814860
09-08 02:22:54.599 15801 16631 I ChromePhotosDataPlane: phase=tls_ready correlationId=c175 hostClass=network hostHash=1c9aae1431eb8709 clientProtocol=http/1.1 ca=b84fe96087814860
09-08 02:22:54.605 15801 16497 I ChromePhotosDataPlane: phase=tls_ready correlationId=c177 hostClass=network hostHash=7df7caa0a5579e01 clientProtocol=http/1.1 ca=b84fe96087814860
09-08 02:22:54.611 15801 16596 I ChromePhotosDataPlane: phase=tls_ready correlationId=c180 hostClass=network hostHash=d8ecf352ffa86f18 clientProtocol=http/1.1 ca=b84fe96087814860
09-08 02:22:57.141 15801 16568 I ChromePhotosDataPlane: phase=media_shield_document origin=real hostClass=network hostHash=f58aed0f48e58f0c result=transformed documentSequence=10 navigationSequence=3 token=2a6bc4d3904d bytesOut=955772 upstreamHeadersMs=1385.335 documentDecisionMs=386.028 downstreamWriteMs=5.262
09-08 02:22:57.190 15801 16486 I ChromePhotosDataPlane: phase=worker_ready correlationId=c182 admissionWaitMs=0.451
09-08 02:22:57.198 15801 16748 I ChromePhotosDataPlane: phase=worker_ready correlationId=c183 admissionWaitMs=0.468
09-08 02:22:57.209 15801 16699 I ChromePhotosDataPlane: phase=worker_ready correlationId=c184 admissionWaitMs=1.487
09-08 02:22:57.211 15801 16620 I ChromePhotosDataPlane: phase=worker_ready correlationId=c185 admissionWaitMs=0.506
09-08 02:22:57.216 15801 16521 I ChromePhotosDataPlane: phase=worker_ready correlationId=c186 admissionWaitMs=2.938
09-08 02:22:57.229 15801 16521 I ChromePhotosDataPlane: phase=tls_certificate correlationId=c186 tlsCacheHit=true tlsCacheWaitMs=0.024 tlsCreationMs=0.000
09-08 02:22:57.229 15801 16521 I ChromePhotosDataPlane: phase=tls_material correlationId=c186 tlsMaterialMs=0.512
09-08 02:22:57.238 15801 16568 I ChromePhotosDataPlane: phase=media_shield_ready origin=same_origin result=204 bytesOut=0
09-08 02:22:57.245 15801 16521 I ChromePhotosDataPlane: phase=tls_ready correlationId=c186 hostClass=network hostHash=7df7caa0a5579e01 clientProtocol=http/1.1 ca=b84fe96087814860
09-08 02:22:57.248 15801 16620 I ChromePhotosDataPlane: phase=tls_certificate correlationId=c185 tlsCacheHit=true tlsCacheWaitMs=0.008 tlsCreationMs=0.000
09-08 02:22:57.248 15801 16620 I ChromePhotosDataPlane: phase=tls_material correlationId=c185 tlsMaterialMs=0.254
09-08 02:22:57.255 15801 16699 I ChromePhotosDataPlane: phase=tls_certificate correlationId=c184 tlsCacheHit=true tlsCacheWaitMs=0.007 tlsCreationMs=0.000
09-08 02:22:57.255 15801 16699 I ChromePhotosDataPlane: phase=tls_material correlationId=c184 tlsMaterialMs=0.226
09-08 02:22:57.255 15801 16568 I ChromePhotosDataPlane: phase=media_shield_ready origin=same_origin result=204 bytesOut=0
09-08 02:22:57.257 15801 16748 I ChromePhotosDataPlane: phase=tls_certificate correlationId=c183 tlsCacheHit=true tlsCacheWaitMs=0.013 tlsCreationMs=0.000
09-08 02:22:57.257 15801 16748 I ChromePhotosDataPlane: phase=tls_material correlationId=c183 tlsMaterialMs=0.370
09-08 02:22:57.264 15801 16620 I ChromePhotosDataPlane: phase=tls_ready correlationId=c185 hostClass=network hostHash=7ffe8698ca81d914 clientProtocol=http/1.1 ca=b84fe96087814860
09-08 02:22:57.267 15801 16699 I ChromePhotosDataPlane: phase=tls_ready correlationId=c184 hostClass=network hostHash=816c1c4228e457b0 clientProtocol=http/1.1 ca=b84fe96087814860
09-08 02:22:57.270 15801 16568 I ChromePhotosDataPlane: phase=media_shield_ready origin=same_origin result=204 bytesOut=0
09-08 02:22:57.273 15801 16760 I ChromePhotosDataPlane: phase=worker_ready correlationId=c187 admissionWaitMs=0.221
09-08 02:22:57.274 15801 16748 I ChromePhotosDataPlane: phase=tls_ready correlationId=c183 hostClass=network hostHash=816c1c4228e457b0 clientProtocol=http/1.1 ca=b84fe96087814860
09-08 02:22:57.279 15801 16486 I ChromePhotosDataPlane: phase=tls_certificate correlationId=c182 tlsCacheHit=true tlsCacheWaitMs=0.013 tlsCreationMs=0.000
09-08 02:22:57.279 15801 16486 I ChromePhotosDataPlane: phase=tls_material correlationId=c182 tlsMaterialMs=0.399
09-08 02:22:57.287 15801 16760 I ChromePhotosDataPlane: phase=tls_certificate correlationId=c187 tlsCacheHit=true tlsCacheWaitMs=0.164 tlsCreationMs=0.000
09-08 02:22:57.287 15801 16760 I ChromePhotosDataPlane: phase=tls_material correlationId=c187 tlsMaterialMs=0.505
09-08 02:22:57.295 15801 16486 I ChromePhotosDataPlane: phase=tls_ready correlationId=c182 hostClass=network hostHash=fdbc7f1491a89ee6 clientProtocol=http/1.1 ca=b84fe96087814860
09-08 02:22:57.297 15801 16632 I ChromePhotosDataPlane: phase=worker_ready correlationId=c188 admissionWaitMs=0.492
09-08 02:22:57.304 15801 16760 I ChromePhotosDataPlane: phase=tls_ready correlationId=c187 hostClass=network hostHash=816c1c4228e457b0 clientProtocol=http/1.1 ca=b84fe96087814860
09-08 02:22:57.306 15801 16632 I ChromePhotosDataPlane: phase=tls_certificate correlationId=c188 tlsCacheHit=true tlsCacheWaitMs=0.008 tlsCreationMs=0.000
09-08 02:22:57.306 15801 16632 I ChromePhotosDataPlane: phase=tls_material correlationId=c188 tlsMaterialMs=0.174
09-08 02:22:57.316 15801 16632 I ChromePhotosDataPlane: phase=tls_ready correlationId=c188 hostClass=network hostHash=fdbc7f1491a89ee6 clientProtocol=http/1.1 ca=b84fe96087814860
09-08 02:22:57.415 15801 16481 I ChromePhotosDataPlane: phase=worker_ready correlationId=c189 admissionWaitMs=0.326
09-08 02:22:57.420 15801 16481 I ChromePhotosDataPlane: phase=tls_certificate correlationId=c189 tlsCacheHit=true tlsCacheWaitMs=0.010 tlsCreationMs=0.000
09-08 02:22:57.420 15801 16481 I ChromePhotosDataPlane: phase=tls_material correlationId=c189 tlsMaterialMs=0.237
09-08 02:22:57.436 15801 16481 I ChromePhotosDataPlane: phase=tls_ready correlationId=c189 hostClass=network hostHash=fdbc7f1491a89ee6 clientProtocol=http/1.1 ca=b84fe96087814860
09-08 02:22:57.440 15801 16647 I ChromePhotosDataPlane: phase=worker_ready correlationId=c190 admissionWaitMs=0.203
09-08 02:22:57.441 15801 16595 I ChromePhotosDataPlane: phase=worker_ready correlationId=c191 admissionWaitMs=0.465
09-08 02:22:57.445 15801 16647 I ChromePhotosDataPlane: phase=tls_certificate correlationId=c190 tlsCacheHit=true tlsCacheWaitMs=0.009 tlsCreationMs=0.000
09-08 02:22:57.445 15801 16647 I ChromePhotosDataPlane: phase=tls_material correlationId=c190 tlsMaterialMs=0.569
09-08 02:22:57.446 15801 16595 I ChromePhotosDataPlane: phase=tls_certificate correlationId=c191 tlsCacheHit=true tlsCacheWaitMs=0.005 tlsCreationMs=0.000
09-08 02:22:57.446 15801 16595 I ChromePhotosDataPlane: phase=tls_material correlationId=c191 tlsMaterialMs=0.142
09-08 02:22:57.448 15801 16620 I ChromePhotosDataPlane: origin=real hostClass=network hostHash=7ffe8698ca81d914 method=POST clientProtocol=http/1.1 upstreamProtocol=h2 status=200 contentType=application/javascript bytesOut=0 transfer=fixed upstreamHeadersMs=183.008 downstreamWriteMs=0.288
09-08 02:22:57.455 15801 16647 I ChromePhotosDataPlane: phase=tls_ready correlationId=c190 hostClass=network hostHash=fdbc7f1491a89ee6 clientProtocol=http/1.1 ca=b84fe96087814860
09-08 02:22:57.459 15801 16595 I ChromePhotosDataPlane: phase=tls_ready correlationId=c191 hostClass=network hostHash=fdbc7f1491a89ee6 clientProtocol=http/1.1 ca=b84fe96087814860
09-08 02:22:57.488 15801 16486 I ChromePhotosDataPlane: origin=real hostClass=network hostHash=fdbc7f1491a89ee6 method=GET clientProtocol=http/1.1 upstreamProtocol=h2 status=200 contentType=image/webp bytesIn=21480 bytesOut=21480 cache=hit decision=safe reason=model_allow source=cache probability=0.019576043 basis=None decodeMs=0.000 inferenceMs=0.000 inferenceQueueMs=0.000 localDecisionMs=0.041  bodyAdmissionMs=0.029 bodyReadMs=0.918 hashMs=0.226 requestToDeliveryMs=182.132 upstreamHeadersMs=174.608 sanitizeMs=4.879 downstreamWriteMs=0.541
09-08 02:22:57.530 15801 16699 I ChromePhotosDataPlane: origin=real hostClass=network hostHash=816c1c4228e457b0 method=POST clientProtocol=http/1.1 upstreamProtocol=h2 status=307 contentType= bytesIn=0 bytesOut=0 cache=miss decision=passthrough   requestToDeliveryMs=259.971 upstreamHeadersMs=254.364 sanitizeMs=0.847 downstreamWriteMs=1.593
09-08 02:22:57.530 15801 16691 I ChromePhotosDataPlane: phase=worker_ready correlationId=c192 admissionWaitMs=0.419
09-08 02:22:57.546 15801 16748 I ChromePhotosDataPlane: origin=real hostClass=network hostHash=816c1c4228e457b0 method=POST clientProtocol=http/1.1 upstreamProtocol=h2 status=200 contentType=application/javascript bytesOut=0 transfer=fixed upstreamHeadersMs=265.078 downstreamWriteMs=1.456
09-08 02:22:57.573 15801 16760 I ChromePhotosDataPlane: origin=real hostClass=network hostHash=816c1c4228e457b0 method=POST clientProtocol=http/1.1 upstreamProtocol=h2 status=200 contentType=application/javascript bytesOut=0 transfer=fixed upstreamHeadersMs=267.713 downstreamWriteMs=0.421
09-08 02:22:57.631 15801 16668 I ChromePhotosDataPlane: phase=worker_ready correlationId=c193 admissionWaitMs=0.570
09-08 02:22:57.660 15801 16668 I ChromePhotosDataPlane: phase=tls_certificate correlationId=c193 tlsCacheHit=true tlsCacheWaitMs=0.010 tlsCreationMs=0.000
09-08 02:22:57.660 15801 16668 I ChromePhotosDataPlane: phase=tls_material correlationId=c193 tlsMaterialMs=0.397
09-08 02:22:57.671 15801 16632 I ChromePhotosDataPlane: origin=real hostClass=network hostHash=fdbc7f1491a89ee6 method=GET clientProtocol=http/1.1 upstreamProtocol=h2 status=200 contentType=image/webp bytesIn=26888 bytesOut=26888 cache=hit decision=safe reason=model_allow source=cache probability=0.01354295 basis=None decodeMs=0.000 inferenceMs=0.000 inferenceQueueMs=0.000 localDecisionMs=0.040  bodyAdmissionMs=0.023 bodyReadMs=10.200 hashMs=0.232 requestToDeliveryMs=353.558 upstreamHeadersMs=332.647 sanitizeMs=14.797 downstreamWriteMs=4.893
09-08 02:22:57.674 15801 16481 I ChromePhotosDataPlane: origin=real hostClass=network hostHash=fdbc7f1491a89ee6 method=GET clientProtocol=http/1.1 upstreamProtocol=h2 status=200 contentType=image/webp bytesIn=16300 bytesOut=16300 cache=hit decision=safe reason=model_allow source=cache probability=0.26753896 basis=None decodeMs=0.000 inferenceMs=0.000 inferenceQueueMs=0.000 localDecisionMs=0.026  bodyAdmissionMs=0.016 bodyReadMs=0.875 hashMs=0.137 requestToDeliveryMs=230.166 upstreamHeadersMs=223.199 sanitizeMs=3.670 downstreamWriteMs=0.325
09-08 02:22:57.675 15801 16668 I ChromePhotosDataPlane: phase=tls_ready correlationId=c193 hostClass=network hostHash=ee8cdc867bba487e clientProtocol=http/1.1 ca=b84fe96087814860
09-08 02:22:57.700 15801 16647 I ChromePhotosDataPlane: origin=real hostClass=network hostHash=fdbc7f1491a89ee6 method=GET clientProtocol=http/1.1 upstreamProtocol=h2 status=200 contentType=image/webp bytesIn=25378 bytesOut=25378 cache=hit decision=safe reason=model_allow source=cache probability=0.09926775 basis=None decodeMs=0.000 inferenceMs=0.000 inferenceQueueMs=0.000 localDecisionMs=0.037  bodyAdmissionMs=0.022 bodyReadMs=5.947 hashMs=0.231 requestToDeliveryMs=243.662 upstreamHeadersMs=228.489 sanitizeMs=10.226 downstreamWriteMs=0.539
09-08 02:22:57.704 15801 16595 I ChromePhotosDataPlane: origin=real hostClass=network hostHash=fdbc7f1491a89ee6 method=GET clientProtocol=http/1.1 upstreamProtocol=h2 status=200 contentType=image/webp bytesIn=16002 bytesOut=16002 cache=hit decision=safe reason=model_allow source=cache probability=0.06782976 basis=None decodeMs=0.000 inferenceMs=0.000 inferenceQueueMs=0.000 localDecisionMs=0.045  bodyAdmissionMs=0.019 bodyReadMs=0.156 hashMs=0.249 requestToDeliveryMs=243.376 upstreamHeadersMs=238.565 sanitizeMs=3.235 downstreamWriteMs=0.420
09-08 02:22:57.713 15801 16631 I ChromePhotosDataPlane: origin=real hostClass=network hostHash=1c9aae1431eb8709 method=GET clientProtocol=http/1.1 upstreamProtocol=h2 status=200 contentType=application/javascript bytesOut=112 transfer=chunked upstreamHeadersMs=301.847 downstreamWriteMs=0.982
09-08 02:22:57.714 15801 16415 I ChromePhotosDataPlane: phase=worker_ready correlationId=c194 admissionWaitMs=0.204
09-08 02:22:57.719 15801 16415 I ChromePhotosDataPlane: phase=tls_certificate correlationId=c194 tlsCacheHit=true tlsCacheWaitMs=0.007 tlsCreationMs=0.000
09-08 02:22:57.719 15801 16415 I ChromePhotosDataPlane: phase=tls_material correlationId=c194 tlsMaterialMs=0.146
09-08 02:22:57.729 15801 16415 I ChromePhotosDataPlane: phase=tls_ready correlationId=c194 hostClass=network hostHash=ee8cdc867bba487e clientProtocol=http/1.1 ca=b84fe96087814860
09-08 02:22:57.756 15801 16645 I ChromePhotosDataPlane: phase=worker_ready correlationId=c195 admissionWaitMs=0.490
09-08 02:22:57.771 15801 16645 I ChromePhotosDataPlane: phase=tls_certificate correlationId=c195 tlsCacheHit=true tlsCacheWaitMs=0.020 tlsCreationMs=0.000
09-08 02:22:57.771 15801 16645 I ChromePhotosDataPlane: phase=tls_material correlationId=c195 tlsMaterialMs=1.130
09-08 02:22:57.796 15801 16645 I ChromePhotosDataPlane: phase=tls_ready correlationId=c195 hostClass=network hostHash=fdbc7f1491a89ee6 clientProtocol=http/1.1 ca=b84fe96087814860
09-08 02:22:57.871 15801 16668 I ChromePhotosDataPlane: origin=real hostClass=network hostHash=ee8cdc867bba487e method=GET clientProtocol=http/1.1 upstreamProtocol=h2 status=200 contentType=image/png bytesIn=42 bytesOut=704 cache=miss decision=unknown reason=unsupported_gif source=error probability=-1.0 basis=none decodeMs=0.000 inferenceMs=0.000 inferenceQueueMs=0.000 localDecisionMs=0.000  bodyAdmissionMs=0.039 bodyReadMs=0.159 requestToDeliveryMs=193.875 upstreamHeadersMs=189.714 sanitizeMs=1.735 downstreamWriteMs=0.818
09-08 02:22:57.895 15801 16632 I ChromePhotosDataPlane: origin=real hostClass=network hostHash=fdbc7f1491a89ee6 method=GET clientProtocol=http/1.1 upstreamProtocol=h2 status=200 contentType=image/webp bytesIn=17738 bytesOut=17738 cache=hit decision=safe reason=model_allow source=cache probability=0.094395995 basis=None decodeMs=0.000 inferenceMs=0.000 inferenceQueueMs=0.000 localDecisionMs=0.066  bodyAdmissionMs=0.041 bodyReadMs=5.039 hashMs=0.709 requestToDeliveryMs=187.057 upstreamHeadersMs=166.115 sanitizeMs=16.029 downstreamWriteMs=1.541
09-08 02:22:57.918 15801 16415 I ChromePhotosDataPlane: origin=real hostClass=network hostHash=ee8cdc867bba487e method=GET clientProtocol=http/1.1 upstreamProtocol=h2 status=200 contentType=image/png bytesIn=42 bytesOut=704 cache=miss decision=unknown reason=unsupported_gif source=error probability=-1.0 basis=none decodeMs=0.000 inferenceMs=0.000 inferenceQueueMs=0.000 localDecisionMs=0.000  bodyAdmissionMs=0.052 bodyReadMs=0.278 requestToDeliveryMs=187.486 upstreamHeadersMs=180.863 sanitizeMs=1.529 downstreamWriteMs=2.914
09-08 02:22:57.953 15801 16691 I ChromePhotosDataPlane: phase=tls_certificate correlationId=c192 tlsCacheHit=false tlsCacheWaitMs=0.016 tlsCreationMs=322.977
09-08 02:22:57.953 15801 16691 I ChromePhotosDataPlane: phase=tls_material correlationId=c192 tlsMaterialMs=323.379
09-08 02:22:57.961 15801 16691 I ChromePhotosDataPlane: phase=tls_ready correlationId=c192 hostClass=network hostHash=8e481d2665f1f5f9 clientProtocol=http/1.1 ca=b84fe96087814860
09-08 02:22:58.037 15801 16647 I ChromePhotosDataPlane: origin=real hostClass=network hostHash=fdbc7f1491a89ee6 method=GET clientProtocol=http/1.1 upstreamProtocol=h2 status=200 contentType=image/png bytesIn=6621 bytesOut=6621 cache=hit decision=safe reason=model_allow source=cache probability=0.010038227 basis=None decodeMs=0.000 inferenceMs=0.000 inferenceQueueMs=0.000 localDecisionMs=0.098  bodyAdmissionMs=0.046 bodyReadMs=0.405 hashMs=1.057 requestToDeliveryMs=296.810 upstreamHeadersMs=285.725 sanitizeMs=4.556 downstreamWriteMs=1.589
09-08 02:22:58.074 15801 16645 I ChromePhotosDataPlane: origin=real hostClass=network hostHash=fdbc7f1491a89ee6 method=GET clientProtocol=http/1.1 upstreamProtocol=h2 status=200 contentType=image/webp bytesIn=38268 bytesOut=38268 cache=hit decision=safe reason=model_allow source=cache probability=0.10734418 basis=None decodeMs=0.000 inferenceMs=0.000 inferenceQueueMs=0.000 localDecisionMs=0.051  bodyAdmissionMs=0.051 bodyReadMs=12.978 hashMs=0.329 requestToDeliveryMs=276.368 upstreamHeadersMs=240.003 sanitizeMs=20.573 downstreamWriteMs=14.089
09-08 02:22:58.085 15801 16486 I ChromePhotosDataPlane: origin=real hostClass=network hostHash=fdbc7f1491a89ee6 method=GET clientProtocol=http/1.1 upstreamProtocol=h2 status=200 contentType=image/webp bytesIn=24630 bytesOut=24630 cache=hit decision=safe reason=model_allow source=cache probability=0.24903974 basis=None decodeMs=0.000 inferenceMs=0.000 inferenceQueueMs=0.000 localDecisionMs=0.034  bodyAdmissionMs=0.058 bodyReadMs=5.227 hashMs=0.254 requestToDeliveryMs=323.252 upstreamHeadersMs=304.305 sanitizeMs=15.986 downstreamWriteMs=0.776
09-08 02:22:58.101 15801 16481 I ChromePhotosDataPlane: origin=real hostClass=network hostHash=fdbc7f1491a89ee6 method=GET clientProtocol=http/1.1 upstreamProtocol=h2 status=200 contentType=image/png bytesIn=25318 bytesOut=25318 cache=hit decision=safe reason=model_allow source=cache probability=0.02602917 basis=None decodeMs=0.000 inferenceMs=0.000 inferenceQueueMs=0.000 localDecisionMs=0.057  bodyAdmissionMs=0.031 bodyReadMs=7.646 hashMs=0.464 requestToDeliveryMs=342.217 upstreamHeadersMs=320.617 sanitizeMs=13.187 downstreamWriteMs=6.089
09-08 02:22:58.110 15801 16415 I ChromePhotosDataPlane: origin=real hostClass=network hostHash=ee8cdc867bba487e method=GET clientProtocol=http/1.1 upstreamProtocol=h2 status=302 contentType= bytesIn=0 bytesOut=0 cache=miss decision=passthrough   requestToDeliveryMs=151.658 upstreamHeadersMs=147.643 sanitizeMs=0.557 downstreamWriteMs=0.804
09-08 02:22:58.111 15801 16595 I ChromePhotosDataPlane: origin=real hostClass=network hostHash=fdbc7f1491a89ee6 method=GET clientProtocol=http/1.1 upstreamProtocol=h2 status=200 contentType=image/png bytesIn=7462 bytesOut=7462 cache=hit decision=safe reason=model_allow source=cache probability=0.022609293 basis=None decodeMs=0.000 inferenceMs=0.000 inferenceQueueMs=0.000 localDecisionMs=0.060  bodyAdmissionMs=0.045 bodyReadMs=0.201 hashMs=0.452 requestToDeliveryMs=364.223 upstreamHeadersMs=345.410 sanitizeMs=2.663 downstreamWriteMs=9.038
09-08 02:22:58.128 15801 16571 I ChromePhotosDataPlane: phase=worker_ready correlationId=c196 admissionWaitMs=0.359
09-08 02:22:58.149 15801 16571 I ChromePhotosDataPlane: phase=tls_certificate correlationId=c196 tlsCacheHit=true tlsCacheWaitMs=0.022 tlsCreationMs=0.000
09-08 02:22:58.149 15801 16571 I ChromePhotosDataPlane: phase=tls_material correlationId=c196 tlsMaterialMs=0.497
09-08 02:22:58.163 15801 16571 I ChromePhotosDataPlane: phase=tls_ready correlationId=c196 hostClass=network hostHash=78545291017afd6d clientProtocol=http/1.1 ca=b84fe96087814860
09-08 02:22:58.185 15801 16668 I ChromePhotosDataPlane: origin=real hostClass=network hostHash=ee8cdc867bba487e method=GET clientProtocol=http/1.1 upstreamProtocol=h2 status=200 contentType=image/png bytesIn=42 bytesOut=704 cache=miss decision=unknown reason=unsupported_gif source=error probability=-1.0 basis=none decodeMs=0.000 inferenceMs=0.000 inferenceQueueMs=0.000 localDecisionMs=0.000  bodyAdmissionMs=0.022 bodyReadMs=1.079 requestToDeliveryMs=69.952 upstreamHeadersMs=66.874 sanitizeMs=1.460 downstreamWriteMs=0.472
09-08 02:22:58.207 15801 16632 I ChromePhotosDataPlane: origin=real hostClass=network hostHash=fdbc7f1491a89ee6 method=GET clientProtocol=http/1.1 upstreamProtocol=h2 status=200 contentType=image/webp bytesIn=22370 bytesOut=22370 cache=hit decision=safe reason=model_allow source=cache probability=0.24491698 basis=None decodeMs=0.000 inferenceMs=0.000 inferenceQueueMs=0.000 localDecisionMs=0.053  bodyAdmissionMs=0.018 bodyReadMs=3.141 hashMs=0.451 requestToDeliveryMs=268.205 upstreamHeadersMs=253.255 sanitizeMs=11.984 downstreamWriteMs=0.899
09-08 02:22:58.376 15801 16647 I ChromePhotosDataPlane: origin=real hostClass=network hostHash=fdbc7f1491a89ee6 method=GET clientProtocol=http/1.1 upstreamProtocol=h2 status=200 contentType=image/webp bytesIn=20724 bytesOut=20724 cache=hit decision=safe reason=model_allow source=cache probability=0.03526777 basis=None decodeMs=0.000 inferenceMs=0.000 inferenceQueueMs=0.000 localDecisionMs=0.054  bodyAdmissionMs=0.028 bodyReadMs=0.687 hashMs=0.478 requestToDeliveryMs=256.597 upstreamHeadersMs=230.154 sanitizeMs=21.766 downstreamWriteMs=1.516
09-08 02:22:58.380 15801 16645 I ChromePhotosDataPlane: origin=real hostClass=network hostHash=fdbc7f1491a89ee6 method=GET clientProtocol=http/1.1 upstreamProtocol=h2 status=200 contentType=image/webp bytesIn=31020 bytesOut=31020 cache=hit decision=safe reason=model_allow source=cache probability=0.12847963 basis=None decodeMs=0.000 inferenceMs=0.000 inferenceQueueMs=0.000 localDecisionMs=0.036  bodyAdmissionMs=9.862 bodyReadMs=0.229 hashMs=0.286 requestToDeliveryMs=279.370 upstreamHeadersMs=253.284 sanitizeMs=16.059 downstreamWriteMs=0.637
09-08 02:22:58.393 15801 16571 I ChromePhotosDataPlane: origin=real hostClass=network hostHash=78545291017afd6d method=GET clientProtocol=http/1.1 upstreamProtocol=h2 status=200 contentType=image/png bytesIn=127837 bytesOut=127837 cache=hit decision=safe reason=model_allow source=cache probability=0.05982989 basis=None decodeMs=0.000 inferenceMs=0.000 inferenceQueueMs=0.000 localDecisionMs=0.067  bodyAdmissionMs=0.027 bodyReadMs=36.898 hashMs=0.847 requestToDeliveryMs=227.441 upstreamHeadersMs=136.604 sanitizeMs=82.076 downstreamWriteMs=5.454
09-08 02:22:58.393 15801 16595 I ChromePhotosDataPlane: origin=real hostClass=network hostHash=fdbc7f1491a89ee6 method=GET clientProtocol=http/1.1 upstreamProtocol=h2 status=200 contentType=image/webp bytesIn=4476 bytesOut=4476 cache=hit decision=safe reason=model_allow source=cache probability=0.0146947205 basis=None decodeMs=0.000 inferenceMs=0.000 inferenceQueueMs=0.000 localDecisionMs=0.104  bodyAdmissionMs=6.942 bodyReadMs=0.310 hashMs=1.026 requestToDeliveryMs=240.937 upstreamHeadersMs=226.185 sanitizeMs=11.835 downstreamWriteMs=0.904
09-08 02:22:58.393 15801 16481 I ChromePhotosDataPlane: origin=real hostClass=network hostHash=fdbc7f1491a89ee6 method=GET clientProtocol=http/1.1 upstreamProtocol=h2 status=200 contentType=image/webp bytesIn=14462 bytesOut=14462 cache=hit decision=safe reason=model_allow source=cache probability=0.029973358 basis=None decodeMs=0.000 inferenceMs=0.000 inferenceQueueMs=0.000 localDecisionMs=1.664  bodyAdmissionMs=0.388 bodyReadMs=0.354 hashMs=2.702 requestToDeliveryMs=264.090 upstreamHeadersMs=247.498 sanitizeMs=12.606 downstreamWriteMs=0.760
09-08 02:22:58.649 15801 16595 I ChromePhotosDataPlane: origin=real hostClass=network hostHash=fdbc7f1491a89ee6 method=GET clientProtocol=http/1.1 upstreamProtocol=h2 status=200 contentType=image/webp bytesIn=4032 bytesOut=4032 cache=hit decision=safe reason=model_allow source=cache probability=0.045313567 basis=None decodeMs=0.000 inferenceMs=0.000 inferenceQueueMs=0.000 localDecisionMs=0.086  bodyAdmissionMs=0.029 bodyReadMs=0.332 hashMs=0.836 requestToDeliveryMs=176.655 upstreamHeadersMs=165.639 sanitizeMs=5.539 downstreamWriteMs=1.718
09-08 02:22:58.822 15801 16645 I ChromePhotosDataPlane: origin=real hostClass=network hostHash=fdbc7f1491a89ee6 method=GET clientProtocol=http/1.1 upstreamProtocol=h2 status=200 contentType=image/webp bytesIn=8344 bytesOut=8344 cache=hit decision=safe reason=model_allow source=cache probability=0.013767481 basis=None decodeMs=0.000 inferenceMs=0.000 inferenceQueueMs=0.000 localDecisionMs=0.100  bodyAdmissionMs=0.026 bodyReadMs=1.691 hashMs=0.852 requestToDeliveryMs=308.247 upstreamHeadersMs=291.055 sanitizeMs=10.708 downstreamWriteMs=2.304
09-08 02:22:58.825 15801 16481 I ChromePhotosDataPlane: origin=real hostClass=network hostHash=fdbc7f1491a89ee6 method=GET clientProtocol=http/1.1 upstreamProtocol=h2 status=200 contentType=image/webp bytesIn=4858 bytesOut=4858 cache=hit decision=safe reason=model_allow source=cache probability=0.0034654438 basis=None decodeMs=0.000 inferenceMs=0.000 inferenceQueueMs=0.000 localDecisionMs=0.058  bodyAdmissionMs=6.357 bodyReadMs=0.401 hashMs=1.369 requestToDeliveryMs=320.226 upstreamHeadersMs=304.093 sanitizeMs=13.027 downstreamWriteMs=0.607
09-08 02:22:58.841 15801 16632 I ChromePhotosDataPlane: origin=real hostClass=network hostHash=fdbc7f1491a89ee6 method=GET clientProtocol=http/1.1 upstreamProtocol=h2 status=200 contentType=image/webp bytesIn=5666 bytesOut=5666 cache=hit decision=safe reason=model_allow source=cache probability=0.017977506 basis=None decodeMs=0.000 inferenceMs=0.000 inferenceQueueMs=0.000 localDecisionMs=0.086  bodyAdmissionMs=12.369 bodyReadMs=1.254 hashMs=0.975 requestToDeliveryMs=312.709 upstreamHeadersMs=283.702 sanitizeMs=21.973 downstreamWriteMs=2.392
09-08 02:22:58.841 15801 16486 I ChromePhotosDataPlane: origin=real hostClass=network hostHash=fdbc7f1491a89ee6 method=GET clientProtocol=http/1.1 upstreamProtocol=h2 status=200 contentType=image/webp bytesIn=4986 bytesOut=4986 cache=hit decision=safe reason=model_allow source=cache probability=0.006761968 basis=None decodeMs=0.000 inferenceMs=0.000 inferenceQueueMs=0.000 localDecisionMs=0.040  bodyAdmissionMs=17.992 bodyReadMs=0.367 hashMs=0.706 requestToDeliveryMs=307.654 upstreamHeadersMs=282.001 sanitizeMs=22.938 downstreamWriteMs=0.465
09-08 02:22:58.852 15801 16647 I ChromePhotosDataPlane: origin=real hostClass=network hostHash=fdbc7f1491a89ee6 method=GET clientProtocol=http/1.1 upstreamProtocol=h2 status=200 contentType=image/webp bytesIn=2266 bytesOut=2266 cache=hit decision=safe reason=model_allow source=cache probability=0.01720336 basis=None decodeMs=0.000 inferenceMs=0.000 inferenceQueueMs=0.000 localDecisionMs=0.090  bodyAdmissionMs=21.791 bodyReadMs=0.335 hashMs=1.441 requestToDeliveryMs=328.035 upstreamHeadersMs=293.126 sanitizeMs=26.216 downstreamWriteMs=2.086
09-08 02:22:58.929 15801 16568 I ChromePhotosDataPlane: origin=real hostClass=network hostHash=f58aed0f48e58f0c method=GET clientProtocol=http/1.1 upstreamProtocol=h2 status=200 contentType=image/png bytesIn=769924 bytesOut=704 cache=miss decision=unknown reason=image_format_unknown source=error probability=-1.0 basis=none decodeMs=0.000 inferenceMs=0.000 inferenceQueueMs=0.000 localDecisionMs=0.000  bodyAdmissionMs=0.025 bodyReadMs=119.207 requestToDeliveryMs=769.209 upstreamHeadersMs=640.558 sanitizeMs=124.239 downstreamWriteMs=2.000
09-08 02:22:58.969 15801 16595 I ChromePhotosDataPlane: origin=real hostClass=network hostHash=fdbc7f1491a89ee6 method=GET clientProtocol=http/1.1 upstreamProtocol=h2 status=200 contentType=image/webp bytesIn=4912 bytesOut=4912 cache=hit decision=safe reason=model_allow source=cache probability=0.029026985 basis=None decodeMs=0.000 inferenceMs=0.000 inferenceQueueMs=0.000 localDecisionMs=0.025  bodyAdmissionMs=0.012 bodyReadMs=0.264 hashMs=0.193 requestToDeliveryMs=278.543 upstreamHeadersMs=275.639 sanitizeMs=1.375 downstreamWriteMs=0.406
09-08 02:22:59.128 15801 16486 I ChromePhotosDataPlane: origin=real hostClass=network hostHash=fdbc7f1491a89ee6 method=GET clientProtocol=http/1.1 upstreamProtocol=h2 status=200 contentType=image/webp bytesIn=2878 bytesOut=2878 cache=hit decision=safe reason=model_allow source=cache probability=0.039949685 basis=None decodeMs=0.000 inferenceMs=0.000 inferenceQueueMs=0.000 localDecisionMs=0.023  bodyAdmissionMs=0.010 bodyReadMs=0.072 hashMs=0.177 requestToDeliveryMs=283.490 upstreamHeadersMs=281.244 sanitizeMs=0.830 downstreamWriteMs=0.380
09-08 02:22:59.131 15801 16481 I ChromePhotosDataPlane: origin=real hostClass=network hostHash=fdbc7f1491a89ee6 method=GET clientProtocol=http/1.1 upstreamProtocol=h2 status=200 contentType=image/webp bytesIn=7148 bytesOut=7148 cache=hit decision=safe reason=model_allow source=cache probability=0.009210944 basis=None decodeMs=0.000 inferenceMs=0.000 inferenceQueueMs=0.000 localDecisionMs=0.030  bodyAdmissionMs=0.011 bodyReadMs=0.087 hashMs=0.172 requestToDeliveryMs=300.228 upstreamHeadersMs=297.268 sanitizeMs=1.481 downstreamWriteMs=0.437
09-08 02:22:59.136 15801 16645 I ChromePhotosDataPlane: origin=real hostClass=network hostHash=fdbc7f1491a89ee6 method=GET clientProtocol=http/1.1 upstreamProtocol=h2 status=200 contentType=image/webp bytesIn=2532 bytesOut=2532 cache=hit decision=safe reason=model_allow source=cache probability=0.008957833 basis=None decodeMs=0.000 inferenceMs=0.000 inferenceQueueMs=0.000 localDecisionMs=0.072  bodyAdmissionMs=0.025 bodyReadMs=0.314 hashMs=1.829 requestToDeliveryMs=307.983 upstreamHeadersMs=297.634 sanitizeMs=4.814 downstreamWriteMs=1.910
09-08 02:22:59.144 15801 16647 I ChromePhotosDataPlane: origin=real hostClass=network hostHash=fdbc7f1491a89ee6 method=GET clientProtocol=http/1.1 upstreamProtocol=h2 status=200 contentType=image/webp bytesIn=2190 bytesOut=2190 cache=hit decision=safe reason=model_allow source=cache probability=0.03790164 basis=None decodeMs=0.000 inferenceMs=0.000 inferenceQueueMs=0.000 localDecisionMs=0.107  bodyAdmissionMs=0.027 bodyReadMs=0.447 hashMs=1.094 requestToDeliveryMs=290.422 upstreamHeadersMs=278.425 sanitizeMs=4.220 downstreamWriteMs=1.543
09-08 02:22:59.149 15801 16632 I ChromePhotosDataPlane: origin=real hostClass=network hostHash=fdbc7f1491a89ee6 method=GET clientProtocol=http/1.1 upstreamProtocol=h2 status=200 contentType=image/webp bytesIn=6380 bytesOut=6380 cache=hit decision=safe reason=model_allow source=cache probability=0.07566276 basis=None decodeMs=0.000 inferenceMs=0.000 inferenceQueueMs=0.000 localDecisionMs=0.073  bodyAdmissionMs=0.025 bodyReadMs=0.282 hashMs=0.841 requestToDeliveryMs=295.816 upstreamHeadersMs=279.040 sanitizeMs=10.719 downstreamWriteMs=1.649
09-08 02:22:59.354 15801 16645 I ChromePhotosDataPlane: origin=real hostClass=network hostHash=fdbc7f1491a89ee6 method=GET clientProtocol=http/1.1 upstreamProtocol=h2 status=200 contentType=image/webp bytesIn=4082 bytesOut=4082 cache=hit decision=safe reason=model_allow source=cache probability=0.01923281 basis=None decodeMs=0.000 inferenceMs=0.000 inferenceQueueMs=0.000 localDecisionMs=0.831  bodyAdmissionMs=0.030 bodyReadMs=0.332 hashMs=1.285 requestToDeliveryMs=177.617 upstreamHeadersMs=163.927 sanitizeMs=7.598 downstreamWriteMs=1.874
09-08 02:22:59.511 15801 16595 I ChromePhotosDataPlane: origin=real hostClass=network hostHash=fdbc7f1491a89ee6 method=GET clientProtocol=http/1.1 upstreamProtocol=h2 status=200 contentType=image/webp bytesIn=2028 bytesOut=2028 cache=hit decision=safe reason=model_allow source=cache probability=0.03386417 basis=None decodeMs=0.000 inferenceMs=0.000 inferenceQueueMs=0.000 localDecisionMs=0.019  bodyAdmissionMs=4.491 bodyReadMs=0.122 hashMs=0.157 requestToDeliveryMs=313.276 upstreamHeadersMs=306.285 sanitizeMs=5.359 downstreamWriteMs=0.487
09-08 02:22:59.511 15801 16486 I ChromePhotosDataPlane: origin=real hostClass=network hostHash=fdbc7f1491a89ee6 method=GET clientProtocol=http/1.1 upstreamProtocol=h2 status=200 contentType=image/webp bytesIn=1754 bytesOut=1754 cache=hit decision=safe reason=model_allow source=cache probability=0.11835408 basis=None decodeMs=0.000 inferenceMs=0.000 inferenceQueueMs=0.000 localDecisionMs=0.021  bodyAdmissionMs=3.004 bodyReadMs=0.092 hashMs=0.128 requestToDeliveryMs=315.304 upstreamHeadersMs=310.501 sanitizeMs=3.645 downstreamWriteMs=0.251
09-08 02:22:59.513 15801 16632 I ChromePhotosDataPlane: origin=real hostClass=network hostHash=fdbc7f1491a89ee6 method=GET clientProtocol=http/1.1 upstreamProtocol=h2 status=200 contentType=image/webp bytesIn=1952 bytesOut=1952 cache=hit decision=safe reason=model_allow source=cache probability=0.031541497 basis=None decodeMs=0.000 inferenceMs=0.000 inferenceQueueMs=0.000 localDecisionMs=0.024  bodyAdmissionMs=3.285 bodyReadMs=0.104 hashMs=0.143 requestToDeliveryMs=322.388 upstreamHeadersMs=316.951 sanitizeMs=4.079 downstreamWriteMs=0.371
09-08 02:22:59.514 15801 16647 I ChromePhotosDataPlane: origin=real hostClass=network hostHash=fdbc7f1491a89ee6 method=GET clientProtocol=http/1.1 upstreamProtocol=h2 status=200 contentType=image/webp bytesIn=3862 bytesOut=3862 cache=hit decision=safe reason=model_allow source=cache probability=0.021878213 basis=None decodeMs=0.000 inferenceMs=0.000 inferenceQueueMs=0.000 localDecisionMs=0.069  bodyAdmissionMs=0.028 bodyReadMs=0.571 hashMs=0.815 requestToDeliveryMs=321.227 upstreamHeadersMs=310.409 sanitizeMs=6.130 downstreamWriteMs=1.170
09-08 02:22:59.515 15801 16481 I ChromePhotosDataPlane: origin=real hostClass=network hostHash=fdbc7f1491a89ee6 method=GET clientProtocol=http/1.1 upstreamProtocol=h2 status=200 contentType=image/webp bytesIn=5646 bytesOut=5646 cache=hit decision=safe reason=model_allow source=cache probability=0.013387382 basis=None decodeMs=0.000 inferenceMs=0.000 inferenceQueueMs=0.000 localDecisionMs=0.079  bodyAdmissionMs=0.036 bodyReadMs=0.374 hashMs=0.822 requestToDeliveryMs=335.323 upstreamHeadersMs=321.458 sanitizeMs=7.248 downstreamWriteMs=1.167
09-08 02:22:59.662 15801 16645 I ChromePhotosDataPlane: origin=real hostClass=network hostHash=fdbc7f1491a89ee6 method=GET clientProtocol=http/1.1 upstreamProtocol=h2 status=200 contentType=image/webp bytesIn=1242 bytesOut=1242 cache=hit decision=safe reason=model_allow source=cache probability=0.011096597 basis=None decodeMs=0.000 inferenceMs=0.000 inferenceQueueMs=0.000 localDecisionMs=0.025  bodyAdmissionMs=0.012 bodyReadMs=0.091 hashMs=0.177 requestToDeliveryMs=267.503 upstreamHeadersMs=265.373 sanitizeMs=0.627 downstreamWriteMs=0.406
09-08 02:22:59.837 15801 16632 I ChromePhotosDataPlane: origin=real hostClass=network hostHash=fdbc7f1491a89ee6 method=GET clientProtocol=http/1.1 upstreamProtocol=h2 status=200 contentType=image/webp bytesIn=2038 bytesOut=2038 cache=hit decision=safe reason=model_allow source=cache probability=0.03242582 basis=None decodeMs=0.000 inferenceMs=0.000 inferenceQueueMs=0.000 localDecisionMs=0.090  bodyAdmissionMs=0.029 bodyReadMs=0.294 hashMs=0.829 requestToDeliveryMs=277.421 upstreamHeadersMs=267.036 sanitizeMs=3.642 downstreamWriteMs=3.422
09-08 02:22:59.837 15801 16486 I ChromePhotosDataPlane: origin=real hostClass=network hostHash=fdbc7f1491a89ee6 method=GET clientProtocol=http/1.1 upstreamProtocol=h2 status=200 contentType=image/webp bytesIn=3140 bytesOut=3140 cache=hit decision=safe reason=model_allow source=cache probability=0.047480255 basis=None decodeMs=0.000 inferenceMs=0.000 inferenceQueueMs=0.000 localDecisionMs=0.072  bodyAdmissionMs=0.027 bodyReadMs=0.425 hashMs=0.747 requestToDeliveryMs=273.260 upstreamHeadersMs=255.184 sanitizeMs=4.978 downstreamWriteMs=9.594
09-08 02:22:59.848 15801 16647 I ChromePhotosDataPlane: origin=real hostClass=network hostHash=fdbc7f1491a89ee6 method=GET clientProtocol=http/1.1 upstreamProtocol=h2 status=200 contentType=image/webp bytesIn=10332 bytesOut=10332 cache=hit decision=safe reason=model_allow source=cache probability=0.19095385 basis=None decodeMs=0.000 inferenceMs=0.000 inferenceQueueMs=0.000 localDecisionMs=0.037  bodyAdmissionMs=8.659 bodyReadMs=0.168 hashMs=0.300 requestToDeliveryMs=276.548 upstreamHeadersMs=263.735 sanitizeMs=11.002 downstreamWriteMs=0.413
09-08 02:22:59.849 15801 16595 I ChromePhotosDataPlane: origin=real hostClass=network hostHash=fdbc7f1491a89ee6 method=GET clientProtocol=http/1.1 upstreamProtocol=h2 status=200 contentType=image/webp bytesIn=8426 bytesOut=8426 cache=hit decision=safe reason=model_allow source=cache probability=0.037530273 basis=None decodeMs=0.000 inferenceMs=0.000 inferenceQueueMs=0.000 localDecisionMs=0.094  bodyAdmissionMs=2.960 bodyReadMs=4.329 hashMs=0.881 requestToDeliveryMs=328.553 upstreamHeadersMs=306.420 sanitizeMs=17.364 downstreamWriteMs=1.603
09-08 02:22:59.973 15801 16481 I ChromePhotosDataPlane: origin=real hostClass=network hostHash=fdbc7f1491a89ee6 method=GET clientProtocol=http/1.1 upstreamProtocol=h2 status=200 contentType=image/webp bytesIn=10530 bytesOut=10530 cache=miss decision=safe reason=model_allow source=engine probability=0.082609385 basis=None decodeMs=11.768 inferenceMs=136.316 inferenceQueueMs=0.177 localDecisionMs=148.887  bodyAdmissionMs=0.012 bodyReadMs=0.210 hashMs=0.267 requestToDeliveryMs=405.164 upstreamHeadersMs=252.312 sanitizeMs=151.177 downstreamWriteMs=0.459
09-08 02:22:59.990 15801 16645 I ChromePhotosDataPlane: origin=real hostClass=network hostHash=fdbc7f1491a89ee6 method=GET clientProtocol=http/1.1 upstreamProtocol=h2 status=200 contentType=image/webp bytesIn=3980 bytesOut=3980 cache=hit decision=safe reason=model_allow source=cache probability=0.0044358373 basis=None decodeMs=0.000 inferenceMs=0.000 inferenceQueueMs=0.000 localDecisionMs=0.083  bodyAdmissionMs=0.012 bodyReadMs=0.700 hashMs=0.917 requestToDeliveryMs=287.968 upstreamHeadersMs=275.944 sanitizeMs=6.006 downstreamWriteMs=1.574
09-08 02:23:00.155 15801 16632 I ChromePhotosDataPlane: origin=real hostClass=network hostHash=fdbc7f1491a89ee6 method=GET clientProtocol=http/1.1 upstreamProtocol=h2 status=200 contentType=image/webp bytesIn=8122 bytesOut=8122 cache=hit decision=safe reason=model_allow source=cache probability=0.004171163 basis=None decodeMs=0.000 inferenceMs=0.000 inferenceQueueMs=0.000 localDecisionMs=0.070  bodyAdmissionMs=0.045 bodyReadMs=0.412 hashMs=0.948 requestToDeliveryMs=266.370 upstreamHeadersMs=250.673 sanitizeMs=11.373 downstreamWriteMs=1.112
09-08 02:23:00.157 15801 16486 I ChromePhotosDataPlane: origin=real hostClass=network hostHash=fdbc7f1491a89ee6 method=GET clientProtocol=http/1.1 upstreamProtocol=h2 status=200 contentType=image/webp bytesIn=8446 bytesOut=8446 cache=hit decision=safe reason=model_allow source=cache probability=0.041372657 basis=None decodeMs=0.000 inferenceMs=0.000 inferenceQueueMs=0.000 localDecisionMs=0.068  bodyAdmissionMs=0.050 bodyReadMs=0.385 hashMs=0.532 requestToDeliveryMs=277.551 upstreamHeadersMs=266.937 sanitizeMs=7.026 downstreamWriteMs=1.345
09-08 02:23:00.159 15801 16595 I ChromePhotosDataPlane: origin=real hostClass=network hostHash=fdbc7f1491a89ee6 method=GET clientProtocol=http/1.1 upstreamProtocol=h2 status=200 contentType=image/webp bytesIn=2172 bytesOut=2172 cache=hit decision=safe reason=model_allow source=cache probability=0.04207182 basis=None decodeMs=0.000 inferenceMs=0.000 inferenceQueueMs=0.000 localDecisionMs=0.100  bodyAdmissionMs=2.811 bodyReadMs=0.214 hashMs=0.524 requestToDeliveryMs=259.110 upstreamHeadersMs=250.536 sanitizeMs=4.862 downstreamWriteMs=0.901
09-08 02:23:00.161 15801 16647 I ChromePhotosDataPlane: origin=real hostClass=network hostHash=fdbc7f1491a89ee6 method=GET clientProtocol=http/1.1 upstreamProtocol=h2 status=200 contentType=image/webp bytesIn=6940 bytesOut=6940 cache=hit decision=safe reason=model_allow source=cache probability=0.008428872 basis=None decodeMs=0.000 inferenceMs=0.000 inferenceQueueMs=0.000 localDecisionMs=0.067  bodyAdmissionMs=3.347 bodyReadMs=0.247 hashMs=0.359 requestToDeliveryMs=264.981 upstreamHeadersMs=251.940 sanitizeMs=8.473 downstreamWriteMs=1.115
09-08 02:23:00.319 15801 16645 I ChromePhotosDataPlane: origin=real hostClass=network hostHash=fdbc7f1491a89ee6 method=GET clientProtocol=http/1.1 upstreamProtocol=h2 status=200 contentType=image/webp bytesIn=14270 bytesOut=14270 cache=hit decision=safe reason=model_allow source=cache probability=0.010012716 basis=None decodeMs=0.000 inferenceMs=0.000 inferenceQueueMs=0.000 localDecisionMs=0.079  bodyAdmissionMs=0.028 bodyReadMs=0.428 hashMs=0.716 requestToDeliveryMs=286.768 upstreamHeadersMs=269.213 sanitizeMs=12.087 downstreamWriteMs=1.411
09-08 02:23:00.324 15801 16481 I ChromePhotosDataPlane: origin=real hostClass=network hostHash=fdbc7f1491a89ee6 method=GET clientProtocol=http/1.1 upstreamProtocol=h2 status=200 contentType=image/webp bytesIn=13682 bytesOut=13682 cache=hit decision=safe reason=model_allow source=cache probability=0.021669686 basis=None decodeMs=0.000 inferenceMs=0.000 inferenceQueueMs=0.000 localDecisionMs=0.090  bodyAdmissionMs=0.038 bodyReadMs=0.481 hashMs=0.713 requestToDeliveryMs=308.614 upstreamHeadersMs=293.939 sanitizeMs=10.181 downstreamWriteMs=1.316
09-08 02:23:00.460 15801 16632 I ChromePhotosDataPlane: origin=real hostClass=network hostHash=fdbc7f1491a89ee6 method=GET clientProtocol=http/1.1 upstreamProtocol=h2 status=200 contentType=image/webp bytesIn=1588 bytesOut=1588 cache=hit decision=safe reason=model_allow source=cache probability=0.0381563 basis=None decodeMs=0.000 inferenceMs=0.000 inferenceQueueMs=0.000 localDecisionMs=0.030  bodyAdmissionMs=0.013 bodyReadMs=0.129 hashMs=0.213 requestToDeliveryMs=264.844 upstreamHeadersMs=262.225 sanitizeMs=0.828 downstreamWriteMs=0.553
09-08 02:23:00.475 15801 16486 I ChromePhotosDataPlane: origin=real hostClass=network hostHash=fdbc7f1491a89ee6 method=GET clientProtocol=http/1.1 upstreamProtocol=h2 status=200 contentType=image/webp bytesIn=3330 bytesOut=3330 cache=hit decision=safe reason=model_allow source=cache probability=0.024564207 basis=None decodeMs=0.000 inferenceMs=0.000 inferenceQueueMs=0.000 localDecisionMs=0.088  bodyAdmissionMs=0.034 bodyReadMs=0.343 hashMs=0.920 requestToDeliveryMs=272.205 upstreamHeadersMs=257.256 sanitizeMs=5.204 downstreamWriteMs=2.076
09-08 02:23:00.480 15801 16595 I ChromePhotosDataPlane: origin=real hostClass=network hostHash=fdbc7f1491a89ee6 method=GET clientProtocol=http/1.1 upstreamProtocol=h2 status=200 contentType=image/png bytesIn=8334 bytesOut=704 cache=hit decision=block reason=model_filter source=cache probability=0.6941216 basis=FullThreshold decodeMs=0.000 inferenceMs=0.000 inferenceQueueMs=0.000 localDecisionMs=0.062  bodyAdmissionMs=1.210 bodyReadMs=0.518 hashMs=0.487 requestToDeliveryMs=275.286 upstreamHeadersMs=258.878 sanitizeMs=12.761 downstreamWriteMs=1.359
09-08 02:23:00.619 15801 16647 I ChromePhotosDataPlane: origin=real hostClass=network hostHash=fdbc7f1491a89ee6 method=GET clientProtocol=http/1.1 upstreamProtocol=h2 status=200 contentType=image/webp bytesIn=5024 bytesOut=5024 cache=miss decision=safe reason=model_allow source=engine probability=0.036629498 basis=None decodeMs=5.183 inferenceMs=140.824 inferenceQueueMs=0.210 localDecisionMs=147.620  bodyAdmissionMs=0.030 bodyReadMs=0.351 hashMs=0.908 requestToDeliveryMs=409.008 upstreamHeadersMs=246.361 sanitizeMs=155.301 downstreamWriteMs=1.373
09-08 02:23:00.772 15801 16481 I ChromePhotosDataPlane: origin=real hostClass=network hostHash=fdbc7f1491a89ee6 method=GET clientProtocol=http/1.1 upstreamProtocol=h2 status=200 contentType=image/webp bytesIn=9008 bytesOut=9008 cache=miss decision=safe reason=model_allow source=engine probability=0.007853746 basis=None decodeMs=4.495 inferenceMs=134.028 inferenceQueueMs=0.121 localDecisionMs=139.559  bodyAdmissionMs=0.029 bodyReadMs=0.454 hashMs=0.798 requestToDeliveryMs=408.418 upstreamHeadersMs=252.669 sanitizeMs=149.018 downstreamWriteMs=2.043
09-08 02:23:00.908 15801 16645 I ChromePhotosDataPlane: origin=real hostClass=network hostHash=fdbc7f1491a89ee6 method=GET clientProtocol=http/1.1 upstreamProtocol=h2 status=200 contentType=image/webp bytesIn=19806 bytesOut=19806 cache=miss decision=safe reason=model_allow source=engine probability=0.050527662 basis=None decodeMs=5.624 inferenceMs=134.086 inferenceQueueMs=115.018 localDecisionMs=255.482  bodyAdmissionMs=0.026 bodyReadMs=4.406 hashMs=1.045 requestToDeliveryMs=547.392 upstreamHeadersMs=261.679 sanitizeMs=282.179 downstreamWriteMs=1.213
09-08 02:23:00.915 15801 16486 I ChromePhotosDataPlane: origin=real hostClass=network hostHash=fdbc7f1491a89ee6 method=GET clientProtocol=http/1.1 upstreamProtocol=h2 status=200 contentType=image/webp bytesIn=8562 bytesOut=8562 cache=hit decision=safe reason=model_allow source=cache probability=0.023967534 basis=None decodeMs=0.000 inferenceMs=0.000 inferenceQueueMs=0.000 localDecisionMs=0.067  bodyAdmissionMs=111.659 bodyReadMs=0.239 hashMs=1.223 requestToDeliveryMs=397.109 upstreamHeadersMs=272.322 sanitizeMs=117.419 downstreamWriteMs=2.933
09-08 02:23:00.925 15801 16595 I ChromePhotosDataPlane: origin=real hostClass=network hostHash=fdbc7f1491a89ee6 method=GET clientProtocol=http/1.1 upstreamProtocol=h2 status=200 contentType=image/webp bytesIn=14884 bytesOut=14884 cache=hit decision=safe reason=model_allow source=cache probability=0.009524494 basis=None decodeMs=0.000 inferenceMs=0.000 inferenceQueueMs=0.000 localDecisionMs=0.066  bodyAdmissionMs=114.802 bodyReadMs=0.344 hashMs=0.523 requestToDeliveryMs=389.338 upstreamHeadersMs=258.426 sanitizeMs=124.160 downstreamWriteMs=1.627
09-08 02:23:00.949 15801 16647 I ChromePhotosDataPlane: origin=real hostClass=network hostHash=fdbc7f1491a89ee6 method=GET clientProtocol=http/1.1 upstreamProtocol=h2 status=200 contentType=image/webp bytesIn=8642 bytesOut=8642 cache=hit decision=safe reason=model_allow source=cache probability=0.039247274 basis=None decodeMs=0.000 inferenceMs=0.000 inferenceQueueMs=0.000 localDecisionMs=0.056  bodyAdmissionMs=0.015 bodyReadMs=0.238 hashMs=0.405 requestToDeliveryMs=284.733 upstreamHeadersMs=277.577 sanitizeMs=3.722 downstreamWriteMs=0.876
09-08 02:23:01.060 15801 16632 I ChromePhotosDataPlane: origin=real hostClass=network hostHash=fdbc7f1491a89ee6 method=GET clientProtocol=http/1.1 upstreamProtocol=h2 status=200 contentType=image/webp bytesIn=4554 bytesOut=4554 cache=miss decision=safe reason=model_allow source=engine probability=0.026356846 basis=None decodeMs=3.959 inferenceMs=141.303 inferenceQueueMs=110.133 localDecisionMs=258.169  bodyAdmissionMs=0.031 bodyReadMs=2.110 hashMs=1.665 requestToDeliveryMs=551.074 upstreamHeadersMs=274.580 sanitizeMs=267.473 downstreamWriteMs=2.014
09-08 02:23:01.234 15801 16630 I ChromePhotosDataPlane: phase=worker_ready correlationId=c197 admissionWaitMs=1.120
09-08 02:23:01.251 15801 16630 I ChromePhotosDataPlane: phase=tls_certificate correlationId=c197 tlsCacheHit=true tlsCacheWaitMs=0.033 tlsCreationMs=0.000
09-08 02:23:01.251 15801 16630 I ChromePhotosDataPlane: phase=tls_material correlationId=c197 tlsMaterialMs=0.534
09-08 02:23:01.264 15801 16481 I ChromePhotosDataPlane: origin=real hostClass=network hostHash=fdbc7f1491a89ee6 method=GET clientProtocol=http/1.1 upstreamProtocol=h2 status=200 contentType=image/webp bytesIn=7652 bytesOut=7652 cache=miss decision=safe reason=model_allow source=engine probability=0.01052323 basis=None decodeMs=4.176 inferenceMs=136.865 inferenceQueueMs=0.144 localDecisionMs=141.896  bodyAdmissionMs=0.030 bodyReadMs=0.437 hashMs=0.989 requestToDeliveryMs=448.096 upstreamHeadersMs=282.687 sanitizeMs=150.757 downstreamWriteMs=1.121
09-08 02:23:01.275 15801 16630 I ChromePhotosDataPlane: phase=tls_ready correlationId=c197 hostClass=network hostHash=f58aed0f48e58f0c clientProtocol=http/1.1 ca=b84fe96087814860
09-08 02:23:01.277 15801 16625 I ChromePhotosDataPlane: phase=worker_ready correlationId=c198 admissionWaitMs=0.409
09-08 02:23:01.280 15801 16693 I ChromePhotosDataPlane: phase=worker_ready correlationId=c199 admissionWaitMs=0.269
09-08 02:23:01.284 15801 16701 I ChromePhotosDataPlane: phase=worker_ready correlationId=c200 admissionWaitMs=0.352
09-08 02:23:01.289 15801 16718 I ChromePhotosDataPlane: phase=worker_ready correlationId=c201 admissionWaitMs=0.516
09-08 02:23:01.301 15801 16701 I ChromePhotosDataPlane: phase=tls_certificate correlationId=c200 tlsCacheHit=true tlsCacheWaitMs=0.031 tlsCreationMs=0.000
09-08 02:23:01.301 15801 16701 I ChromePhotosDataPlane: phase=tls_material correlationId=c200 tlsMaterialMs=0.317
09-08 02:23:01.302 15801 16625 I ChromePhotosDataPlane: phase=tls_certificate correlationId=c198 tlsCacheHit=true tlsCacheWaitMs=0.015 tlsCreationMs=0.000
09-08 02:23:01.302 15801 16625 I ChromePhotosDataPlane: phase=tls_material correlationId=c198 tlsMaterialMs=0.621
09-08 02:23:01.305 15801 16693 I ChromePhotosDataPlane: phase=tls_certificate correlationId=c199 tlsCacheHit=true tlsCacheWaitMs=0.019 tlsCreationMs=0.000
09-08 02:23:01.305 15801 16693 I ChromePhotosDataPlane: phase=tls_material correlationId=c199 tlsMaterialMs=1.065
09-08 02:23:01.313 15801 16718 I ChromePhotosDataPlane: phase=tls_certificate correlationId=c201 tlsCacheHit=true tlsCacheWaitMs=0.015 tlsCreationMs=0.000
09-08 02:23:01.313 15801 16718 I ChromePhotosDataPlane: phase=tls_material correlationId=c201 tlsMaterialMs=0.455
09-08 02:23:01.331 15801 16701 I ChromePhotosDataPlane: phase=tls_ready correlationId=c200 hostClass=network hostHash=f58aed0f48e58f0c clientProtocol=http/1.1 ca=b84fe96087814860
09-08 02:23:01.333 15801 16625 I ChromePhotosDataPlane: phase=tls_ready correlationId=c198 hostClass=network hostHash=f58aed0f48e58f0c clientProtocol=http/1.1 ca=b84fe96087814860
09-08 02:23:01.338 15801 16693 I ChromePhotosDataPlane: phase=tls_ready correlationId=c199 hostClass=network hostHash=f58aed0f48e58f0c clientProtocol=http/1.1 ca=b84fe96087814860
09-08 02:23:01.340 15801 16718 I ChromePhotosDataPlane: phase=tls_ready correlationId=c201 hostClass=network hostHash=f58aed0f48e58f0c clientProtocol=http/1.1 ca=b84fe96087814860
09-08 02:23:01.413 15801 16595 I ChromePhotosDataPlane: origin=real hostClass=network hostHash=fdbc7f1491a89ee6 method=GET clientProtocol=http/1.1 upstreamProtocol=h2 status=200 contentType=image/webp bytesIn=9462 bytesOut=9462 cache=miss decision=safe reason=model_allow source=engine probability=0.028835893 basis=None decodeMs=4.309 inferenceMs=136.678 inferenceQueueMs=0.180 localDecisionMs=142.155  bodyAdmissionMs=0.056 bodyReadMs=0.419 hashMs=0.917 requestToDeliveryMs=439.329 upstreamHeadersMs=281.090 sanitizeMs=150.806 downstreamWriteMs=0.843
09-08 02:23:01.476 15801 16568 I ChromePhotosDataPlane: origin=real hostClass=network hostHash=f58aed0f48e58f0c method=POST clientProtocol=http/1.1 upstreamProtocol=h2 status=200 contentType=application/json bytesOut=49 transfer=chunked upstreamHeadersMs=249.173 downstreamWriteMs=2.337
09-08 02:23:01.548 15801 16645 I ChromePhotosDataPlane: origin=real hostClass=network hostHash=fdbc7f1491a89ee6 method=GET clientProtocol=http/1.1 upstreamProtocol=h2 status=200 contentType=image/webp bytesIn=17956 bytesOut=17956 cache=miss decision=safe reason=model_allow source=engine probability=0.1295146 basis=None decodeMs=5.808 inferenceMs=131.776 inferenceQueueMs=124.853 localDecisionMs=263.328  bodyAdmissionMs=0.036 bodyReadMs=4.784 hashMs=0.559 requestToDeliveryMs=585.406 upstreamHeadersMs=302.117 sanitizeMs=278.726 downstreamWriteMs=1.099
09-08 02:23:01.557 15801 16693 I ChromePhotosDataPlane: origin=real hostClass=network hostHash=f58aed0f48e58f0c method=POST clientProtocol=http/1.1 upstreamProtocol=h2 status=200 contentType=application/json bytesOut=94 transfer=chunked upstreamHeadersMs=206.247 downstreamWriteMs=2.065
09-08 02:23:01.563 15801 16625 I ChromePhotosDataPlane: origin=real hostClass=network hostHash=f58aed0f48e58f0c method=POST clientProtocol=http/1.1 upstreamProtocol=h2 status=200 contentType=application/json bytesOut=136 transfer=chunked upstreamHeadersMs=212.779 downstreamWriteMs=6.408
09-08 02:23:01.574 15801 16630 I ChromePhotosDataPlane: origin=real hostClass=network hostHash=f58aed0f48e58f0c method=POST clientProtocol=http/1.1 upstreamProtocol=h2 status=200 contentType=application/json bytesOut=832 transfer=chunked upstreamHeadersMs=253.294 downstreamWriteMs=4.863
09-08 02:23:01.583 15801 16701 I ChromePhotosDataPlane: origin=real hostClass=network hostHash=f58aed0f48e58f0c method=POST clientProtocol=http/1.1 upstreamProtocol=h2 status=200 contentType=application/json bytesOut=126 transfer=chunked upstreamHeadersMs=244.762 downstreamWriteMs=1.057
09-08 02:23:01.693 15801 16486 I ChromePhotosDataPlane: origin=real hostClass=network hostHash=fdbc7f1491a89ee6 method=GET clientProtocol=http/1.1 upstreamProtocol=h2 status=200 contentType=image/webp bytesIn=10418 bytesOut=10418 cache=miss decision=safe reason=model_allow source=engine probability=0.068992525 basis=None decodeMs=4.112 inferenceMs=140.738 inferenceQueueMs=121.900 localDecisionMs=267.694  bodyAdmissionMs=134.711 bodyReadMs=0.225 hashMs=2.733 requestToDeliveryMs=721.722 upstreamHeadersMs=300.563 sanitizeMs=417.796 downstreamWriteMs=0.783
09-08 02:23:01.770 15801 16568 I ChromePhotosDataPlane: origin=real hostClass=network hostHash=f58aed0f48e58f0c method=POST clientProtocol=http/1.1 upstreamProtocol=h2 status=200 contentType=application/json bytesOut=92 transfer=chunked upstreamHeadersMs=271.473 downstreamWriteMs=0.827
09-08 02:23:01.835 15801 16647 I ChromePhotosDataPlane: origin=real hostClass=network hostHash=fdbc7f1491a89ee6 method=GET clientProtocol=http/1.1 upstreamProtocol=h2 status=200 contentType=image/webp bytesIn=13128 bytesOut=13128 cache=miss decision=safe reason=model_allow source=engine probability=0.15108785 basis=None decodeMs=5.024 inferenceMs=133.246 inferenceQueueMs=125.394 localDecisionMs=264.617  bodyAdmissionMs=268.296 bodyReadMs=0.243 hashMs=1.060 requestToDeliveryMs=819.385 upstreamHeadersMs=258.071 sanitizeMs=552.279 downstreamWriteMs=1.453
09-08 02:23:01.841 15801 16625 I ChromePhotosDataPlane: origin=real hostClass=network hostHash=f58aed0f48e58f0c method=POST clientProtocol=http/1.1 upstreamProtocol=h2 status=200 contentType=application/json bytesOut=943 transfer=chunked upstreamHeadersMs=228.041 downstreamWriteMs=1.923
09-08 02:23:01.969 15801 16632 I ChromePhotosDataPlane: origin=real hostClass=network hostHash=fdbc7f1491a89ee6 method=GET clientProtocol=http/1.1 upstreamProtocol=h2 status=200 contentType=image/webp bytesIn=8932 bytesOut=8932 cache=miss decision=safe reason=model_allow source=engine probability=0.17002895 basis=None decodeMs=4.085 inferenceMs=133.195 inferenceQueueMs=132.940 localDecisionMs=270.882  bodyAdmissionMs=278.419 bodyReadMs=0.207 hashMs=1.699 requestToDeliveryMs=869.489 upstreamHeadersMs=312.177 sanitizeMs=554.368 downstreamWriteMs=0.909
09-08 02:23:01.981 15801 16693 I ChromePhotosDataPlane: origin=real hostClass=network hostHash=f58aed0f48e58f0c method=POST clientProtocol=http/1.1 upstreamProtocol=h2 status=200 contentType=application/json bytesOut=23615 transfer=chunked upstreamHeadersMs=343.890 downstreamWriteMs=20.291
09-08 02:23:02.406 15801 16668 I ChromePhotosDataPlane: origin=real hostClass=network hostHash=ee8cdc867bba487e method=POST clientProtocol=http/1.1 upstreamProtocol=h2 status=204 contentType=text/html bytesOut=0 transfer=fixed upstreamHeadersMs=48.517 downstreamWriteMs=0.854
09-08 02:23:02.506 15801 16761 I ChromePhotosDataPlane: phase=worker_ready correlationId=c202 admissionWaitMs=0.645
09-08 02:23:02.518 15801 16481 I ChromePhotosDataPlane: origin=real hostClass=network hostHash=fdbc7f1491a89ee6 method=GET clientProtocol=http/1.1 upstreamProtocol=h2 status=200 contentType=image/webp bytesIn=2542 bytesOut=2542 cache=miss decision=safe reason=model_allow source=engine probability=0.06777713 basis=None decodeMs=7.967 inferenceMs=536.391 inferenceQueueMs=132.731 localDecisionMs=681.196  bodyAdmissionMs=256.220 bodyReadMs=0.326 hashMs=0.845 requestToDeliveryMs=1188.860 upstreamHeadersMs=242.731 sanitizeMs=941.325 downstreamWriteMs=0.867
09-08 02:23:02.522 15801 16761 I ChromePhotosDataPlane: phase=tls_certificate correlationId=c202 tlsCacheHit=true tlsCacheWaitMs=0.038 tlsCreationMs=0.000
09-08 02:23:02.522 15801 16761 I ChromePhotosDataPlane: phase=tls_material correlationId=c202 tlsMaterialMs=0.589
09-08 02:23:02.543 15801 16443 I ChromePhotosDataPlane: origin=real hostClass=network hostHash=191347bfe55d0ca9 method=POST clientProtocol=http/1.1 upstreamProtocol=h2 status=200 contentType=text/plain bytesOut=0 transfer=fixed upstreamHeadersMs=201.575 downstreamWriteMs=7.553
09-08 02:23:02.556 15801 16761 I ChromePhotosDataPlane: phase=tls_ready correlationId=c202 hostClass=network hostHash=8d9559743b8b4225 clientProtocol=http/1.1 ca=b84fe96087814860
09-08 02:23:02.663 15801 16595 I ChromePhotosDataPlane: origin=real hostClass=network hostHash=fdbc7f1491a89ee6 method=GET clientProtocol=http/1.1 upstreamProtocol=h2 status=200 contentType=image/webp bytesIn=13942 bytesOut=13942 cache=miss decision=safe reason=model_allow source=engine probability=0.0045351386 basis=None decodeMs=5.228 inferenceMs=139.327 inferenceQueueMs=541.973 localDecisionMs=687.477  bodyAdmissionMs=228.964 bodyReadMs=0.319 hashMs=0.385 requestToDeliveryMs=1208.060 upstreamHeadersMs=282.119 sanitizeMs=922.094 downstreamWriteMs=0.752
09-08 02:23:02.735 15801 16761 I ChromePhotosDataPlane: origin=real hostClass=network hostHash=8d9559743b8b4225 method=POST clientProtocol=http/1.1 upstreamProtocol=h2 status=204 contentType=image/gif bytesIn=0 bytesOut=0 cache=miss decision=passthrough   requestToDeliveryMs=173.135 upstreamHeadersMs=167.684 sanitizeMs=0.166 downstreamWriteMs=1.278
09-08 02:23:02.744 15801 16693 I ChromePhotosDataPlane: origin=real hostClass=network hostHash=f58aed0f48e58f0c method=POST clientProtocol=http/1.1 upstreamProtocol=h2 status=200 contentType=application/json bytesOut=1057 transfer=chunked upstreamHeadersMs=371.235 downstreamWriteMs=4.021
09-08 02:23:02.799 15801 16647 I ChromePhotosDataPlane: origin=real hostClass=network hostHash=fdbc7f1491a89ee6 method=GET clientProtocol=http/1.1 upstreamProtocol=h2 status=200 contentType=image/webp bytesIn=4080 bytesOut=4080 cache=miss decision=safe reason=model_allow source=engine probability=0.011391073 basis=None decodeMs=3.848 inferenceMs=131.126 inferenceQueueMs=142.423 localDecisionMs=278.004  bodyAdmissionMs=339.140 bodyReadMs=0.193 hashMs=0.466 requestToDeliveryMs=786.664 upstreamHeadersMs=162.382 sanitizeMs=619.411 downstreamWriteMs=1.253
09-08 02:23:02.959 15801 16632 I ChromePhotosDataPlane: origin=real hostClass=network hostHash=fdbc7f1491a89ee6 method=GET clientProtocol=http/1.1 upstreamProtocol=h2 status=200 contentType=image/webp bytesIn=4174 bytesOut=4174 cache=miss decision=safe reason=model_allow source=engine probability=0.0042713583 basis=None decodeMs=3.962 inferenceMs=139.795 inferenceQueueMs=130.175 localDecisionMs=287.306  bodyAdmissionMs=327.121 bodyReadMs=0.258 hashMs=0.361 requestToDeliveryMs=933.321 upstreamHeadersMs=309.074 sanitizeMs=616.857 downstreamWriteMs=1.221
09-08 02:23:03.106 15801 16486 I ChromePhotosDataPlane: origin=real hostClass=network hostHash=fdbc7f1491a89ee6 method=GET clientProtocol=http/1.1 upstreamProtocol=h2 status=200 contentType=image/webp bytesIn=11582 bytesOut=11582 cache=miss decision=safe reason=model_allow source=engine probability=0.004140049 basis=None decodeMs=13.219 inferenceMs=138.918 inferenceQueueMs=127.225 localDecisionMs=280.863  bodyAdmissionMs=454.935 bodyReadMs=0.265 hashMs=0.546 requestToDeliveryMs=1088.074 upstreamHeadersMs=321.309 sanitizeMs=753.142 downstreamWriteMs=7.532
09-08 02:23:03.244 15801 16595 I ChromePhotosDataPlane: origin=real hostClass=network hostHash=fdbc7f1491a89ee6 method=GET clientProtocol=http/1.1 upstreamProtocol=h2 status=200 contentType=image/webp bytesIn=5498 bytesOut=5498 cache=miss decision=safe reason=model_allow source=engine probability=0.0055903792 basis=None decodeMs=5.112 inferenceMs=136.058 inferenceQueueMs=135.090 localDecisionMs=277.032  bodyAdmissionMs=15.017 bodyReadMs=0.286 hashMs=0.407 requestToDeliveryMs=478.451 upstreamHeadersMs=173.497 sanitizeMs=295.164 downstreamWriteMs=3.352
09-08 02:23:03.386 15801 16481 I ChromePhotosDataPlane: origin=real hostClass=network hostHash=fdbc7f1491a89ee6 method=GET clientProtocol=http/1.1 upstreamProtocol=h2 status=200 contentType=image/webp bytesIn=13510 bytesOut=13510 cache=miss decision=safe reason=model_allow source=engine probability=0.016775787 basis=None decodeMs=5.040 inferenceMs=137.187 inferenceQueueMs=117.832 localDecisionMs=261.089  bodyAdmissionMs=5.814 bodyReadMs=0.763 hashMs=0.368 requestToDeliveryMs=616.510 upstreamHeadersMs=317.600 sanitizeMs=289.649 downstreamWriteMs=2.832
09-08 02:23:03.533 15801 16647 I ChromePhotosDataPlane: origin=real hostClass=network hostHash=fdbc7f1491a89ee6 method=GET clientProtocol=http/1.1 upstreamProtocol=h2 status=200 contentType=image/webp bytesIn=8904 bytesOut=8904 cache=miss decision=safe reason=model_allow source=engine probability=0.024157077 basis=None decodeMs=4.517 inferenceMs=136.413 inferenceQueueMs=126.839 localDecisionMs=268.633  bodyAdmissionMs=141.716 bodyReadMs=0.700 hashMs=0.706 requestToDeliveryMs=712.310 upstreamHeadersMs=270.353 sanitizeMs=426.184 downstreamWriteMs=2.957
09-08 02:23:03.665 15801 16531 I ChromePhotosDataPlane: phase=worker_ready correlationId=c203 admissionWaitMs=0.296
09-08 02:23:03.674 15801 16632 I ChromePhotosDataPlane: origin=real hostClass=network hostHash=fdbc7f1491a89ee6 method=GET clientProtocol=http/1.1 upstreamProtocol=h2 status=200 contentType=image/webp bytesIn=23638 bytesOut=23638 cache=miss decision=safe reason=model_allow source=engine probability=0.06449026 basis=None decodeMs=6.512 inferenceMs=139.432 inferenceQueueMs=113.403 localDecisionMs=260.548  bodyAdmissionMs=129.217 bodyReadMs=3.925 hashMs=0.819 requestToDeliveryMs=665.259 upstreamHeadersMs=234.997 sanitizeMs=416.402 downstreamWriteMs=1.636
09-08 02:23:03.685 15801 16531 W ChromePhotosDataPlane: phase=connection_failed correlationId=c203 error=UnknownHostException
09-08 02:23:03.749 15801 16842 I ChromePhotosDataPlane: phase=worker_ready correlationId=c204 admissionWaitMs=0.333
09-08 02:23:03.785 15801 16735 I ChromePhotosDataPlane: phase=worker_ready correlationId=c205 admissionWaitMs=0.535
09-08 02:23:03.802 15801 16842 I ChromePhotosDataPlane: phase=tls_certificate correlationId=c204 tlsCacheHit=true tlsCacheWaitMs=0.012 tlsCreationMs=0.000
09-08 02:23:03.802 15801 16842 I ChromePhotosDataPlane: phase=tls_material correlationId=c204 tlsMaterialMs=0.283
09-08 02:23:03.826 15801 16842 I ChromePhotosDataPlane: phase=tls_ready correlationId=c204 hostClass=network hostHash=df8ab3acb3324531 clientProtocol=http/1.1 ca=b84fe96087814860
09-08 02:23:03.834 15801 16735 I ChromePhotosDataPlane: phase=tls_certificate correlationId=c205 tlsCacheHit=true tlsCacheWaitMs=0.014 tlsCreationMs=0.000
09-08 02:23:03.834 15801 16735 I ChromePhotosDataPlane: phase=tls_material correlationId=c205 tlsMaterialMs=0.498
09-08 02:23:03.862 15801 16735 I ChromePhotosDataPlane: phase=tls_ready correlationId=c205 hostClass=network hostHash=f5594fab1b035ec0 clientProtocol=http/1.1 ca=b84fe96087814860
09-08 02:23:03.871 15801 16486 I ChromePhotosDataPlane: origin=real hostClass=network hostHash=fdbc7f1491a89ee6 method=GET clientProtocol=http/1.1 upstreamProtocol=h2 status=200 contentType=image/webp bytesIn=3360 bytesOut=3360 cache=miss decision=safe reason=model_allow source=engine probability=0.038284272 basis=None decodeMs=4.030 inferenceMs=198.843 inferenceQueueMs=132.535 localDecisionMs=336.855  bodyAdmissionMs=118.478 bodyReadMs=0.762 hashMs=1.742 requestToDeliveryMs=756.258 upstreamHeadersMs=286.678 sanitizeMs=465.519 downstreamWriteMs=0.978
09-08 02:23:03.925 15801 16539 I ChromePhotosDataPlane: phase=worker_ready correlationId=c206 admissionWaitMs=0.270
09-08 02:23:03.957 15801 16539 I ChromePhotosDataPlane: phase=tls_certificate correlationId=c206 tlsCacheHit=true tlsCacheWaitMs=0.011 tlsCreationMs=0.000
09-08 02:23:03.957 15801 16539 I ChromePhotosDataPlane: phase=tls_material correlationId=c206 tlsMaterialMs=0.306
09-08 02:23:03.971 15801 16556 I ChromePhotosDataPlane: phase=worker_ready correlationId=c207 admissionWaitMs=0.610
09-08 02:23:03.975 15801 16539 I ChromePhotosDataPlane: phase=tls_ready correlationId=c206 hostClass=network hostHash=29078f5ef8eb9960 clientProtocol=http/1.1 ca=b84fe96087814860
09-08 02:23:04.007 15801 16556 I ChromePhotosDataPlane: phase=tls_certificate correlationId=c207 tlsCacheHit=true tlsCacheWaitMs=0.015 tlsCreationMs=0.000
09-08 02:23:04.008 15801 16556 I ChromePhotosDataPlane: phase=tls_material correlationId=c207 tlsMaterialMs=0.468
09-08 02:23:04.014 15801 16595 I ChromePhotosDataPlane: origin=real hostClass=network hostHash=fdbc7f1491a89ee6 method=GET clientProtocol=http/1.1 upstreamProtocol=h2 status=200 contentType=image/webp bytesIn=6928 bytesOut=6928 cache=miss decision=safe reason=model_allow source=engine probability=0.13967103 basis=None decodeMs=4.425 inferenceMs=139.356 inferenceQueueMs=181.225 localDecisionMs=325.741  bodyAdmissionMs=106.309 bodyReadMs=0.235 hashMs=17.055 requestToDeliveryMs=762.485 upstreamHeadersMs=308.453 sanitizeMs=452.408 downstreamWriteMs=0.437
09-08 02:23:04.026 15801 16556 I ChromePhotosDataPlane: phase=tls_ready correlationId=c207 hostClass=network hostHash=acb222ec7473b00e clientProtocol=http/1.1 ca=b84fe96087814860
09-08 02:23:04.059 15801 16674 I ChromePhotosDataPlane: phase=worker_ready correlationId=c208 admissionWaitMs=0.658
09-08 02:23:04.094 15801 16674 I ChromePhotosDataPlane: phase=tls_certificate correlationId=c208 tlsCacheHit=true tlsCacheWaitMs=0.032 tlsCreationMs=0.000
09-08 02:23:04.095 15801 16674 I ChromePhotosDataPlane: phase=tls_material correlationId=c208 tlsMaterialMs=0.805
09-08 02:23:04.101 15801 16539 I ChromePhotosDataPlane: origin=real hostClass=network hostHash=29078f5ef8eb9960 method=GET clientProtocol=http/1.1 upstreamProtocol=h2 status=304 contentType= bytesOut=0 transfer=fixed upstreamHeadersMs=118.374 downstreamWriteMs=3.178
09-08 02:23:04.112 15801 16674 I ChromePhotosDataPlane: phase=tls_ready correlationId=c208 hostClass=network hostHash=9d6e17ba2c400ce0 clientProtocol=http/1.1 ca=b84fe96087814860
09-08 02:23:04.136 15801 16713 I ChromePhotosDataPlane: phase=worker_ready correlationId=c209 admissionWaitMs=0.828
09-08 02:23:04.158 15801 16481 I ChromePhotosDataPlane: origin=real hostClass=network hostHash=fdbc7f1491a89ee6 method=GET clientProtocol=http/1.1 upstreamProtocol=h2 status=200 contentType=image/webp bytesIn=3634 bytesOut=3634 cache=miss decision=safe reason=model_allow source=engine probability=0.00247401 basis=None decodeMs=4.046 inferenceMs=138.761 inferenceQueueMs=142.749 localDecisionMs=286.300  bodyAdmissionMs=151.124 bodyReadMs=0.195 hashMs=0.218 requestToDeliveryMs=757.148 upstreamHeadersMs=314.427 sanitizeMs=438.621 downstreamWriteMs=0.553
09-08 02:23:04.167 15801 16735 I ChromePhotosDataPlane: origin=real hostClass=network hostHash=f5594fab1b035ec0 method=GET clientProtocol=http/1.1 upstreamProtocol=h2 status=200 contentType=application/javascript bytesOut=2586 transfer=chunked upstreamHeadersMs=290.452 downstreamWriteMs=0.811
09-08 02:23:04.272 15801 16556 I ChromePhotosDataPlane: phase=media_shield_document origin=real hostClass=network hostHash=acb222ec7473b00e result=transformed documentSequence=11 navigationSequence=3 token=91d8dea2d4fb bytesOut=112157 upstreamHeadersMs=185.805 documentDecisionMs=50.769 downstreamWriteMs=1.218
09-08 02:23:04.334 15801 16692 I ChromePhotosDataPlane: origin=real hostClass=network hostHash=a552b937eecf21c7 method=GET clientProtocol=http/1.1 upstreamProtocol=h2 status=200 contentType=image/png bytesIn=0 bytesOut=704 cache=miss decision=unknown reason=encoded_image_unsupported source=error probability=-1.0 basis=none decodeMs=0.000 inferenceMs=0.000 inferenceQueueMs=0.000 localDecisionMs=0.000   requestToDeliveryMs=224.334 upstreamHeadersMs=222.808 sanitizeMs=0.086 downstreamWriteMs=0.412
09-08 02:23:04.374 15801 16809 I ChromePhotosDataPlane: phase=worker_ready correlationId=c210 admissionWaitMs=0.172
09-08 02:23:04.382 15801 16511 I ChromePhotosDataPlane: phase=worker_ready correlationId=c211 admissionWaitMs=0.622
09-08 02:23:04.384 15801 16809 I ChromePhotosDataPlane: phase=tls_certificate correlationId=c210 tlsCacheHit=true tlsCacheWaitMs=0.017 tlsCreationMs=0.000
09-08 02:23:04.384 15801 16809 I ChromePhotosDataPlane: phase=tls_material correlationId=c210 tlsMaterialMs=0.261
09-08 02:23:04.396 15801 16809 I ChromePhotosDataPlane: phase=tls_ready correlationId=c210 hostClass=network hostHash=4dce8d0b280a268f clientProtocol=http/1.1 ca=b84fe96087814860
09-08 02:23:04.440 15801 16511 I ChromePhotosDataPlane: phase=tls_certificate correlationId=c211 tlsCacheHit=true tlsCacheWaitMs=0.018 tlsCreationMs=0.000
09-08 02:23:04.440 15801 16511 I ChromePhotosDataPlane: phase=tls_material correlationId=c211 tlsMaterialMs=0.431
09-08 02:23:04.464 15801 16511 I ChromePhotosDataPlane: phase=tls_ready correlationId=c211 hostClass=network hostHash=66f6975d8388801b clientProtocol=http/1.1 ca=b84fe96087814860
09-08 02:23:04.483 15801 16674 I ChromePhotosDataPlane: origin=real hostClass=network hostHash=9d6e17ba2c400ce0 method=GET clientProtocol=http/1.1 upstreamProtocol=h2 status=200 contentType=text/html bytesOut=2742 transfer=chunked upstreamHeadersMs=363.897 downstreamWriteMs=1.065
09-08 02:23:04.659 15801 16713 I ChromePhotosDataPlane: phase=tls_certificate correlationId=c209 tlsCacheHit=false tlsCacheWaitMs=0.030 tlsCreationMs=428.477
09-08 02:23:04.659 15801 16713 I ChromePhotosDataPlane: phase=tls_material correlationId=c209 tlsMaterialMs=429.106
09-08 02:23:04.671 15801 16713 I ChromePhotosDataPlane: phase=tls_ready correlationId=c209 hostClass=network hostHash=8eec9aff259634b2 clientProtocol=http/1.1 ca=b84fe96087814860
09-08 02:23:04.684 15801 16827 I ChromePhotosDataPlane: phase=worker_ready correlationId=c212 admissionWaitMs=0.720
09-08 02:23:04.710 15801 16827 I ChromePhotosDataPlane: phase=tls_certificate correlationId=c212 tlsCacheHit=true tlsCacheWaitMs=0.018 tlsCreationMs=0.000
09-08 02:23:04.710 15801 16827 I ChromePhotosDataPlane: phase=tls_material correlationId=c212 tlsMaterialMs=0.477
09-08 02:23:04.728 15801 16827 I ChromePhotosDataPlane: phase=tls_ready correlationId=c212 hostClass=network hostHash=191347bfe55d0ca9 clientProtocol=http/1.1 ca=b84fe96087814860
09-08 02:23:04.733 15801 16488 I ChromePhotosDataPlane: phase=worker_ready correlationId=c213 admissionWaitMs=3.232
09-08 02:23:04.736 15801 16753 I ChromePhotosDataPlane: phase=worker_ready correlationId=c214 admissionWaitMs=0.323
09-08 02:23:04.738 15801 16704 I ChromePhotosDataPlane: phase=worker_ready correlationId=c215 admissionWaitMs=0.242
09-08 02:23:04.743 15801 16753 I ChromePhotosDataPlane: phase=tls_certificate correlationId=c214 tlsCacheHit=true tlsCacheWaitMs=0.014 tlsCreationMs=0.000
09-08 02:23:04.743 15801 16753 I ChromePhotosDataPlane: phase=tls_material correlationId=c214 tlsMaterialMs=0.474
09-08 02:23:04.750 15801 16704 I ChromePhotosDataPlane: phase=tls_certificate correlationId=c215 tlsCacheHit=true tlsCacheWaitMs=0.011 tlsCreationMs=0.000
09-08 02:23:04.751 15801 16704 I ChromePhotosDataPlane: phase=tls_material correlationId=c215 tlsMaterialMs=0.472
09-08 02:23:04.765 15801 16511 I ChromePhotosDataPlane: origin=real hostClass=network hostHash=66f6975d8388801b method=GET clientProtocol=http/1.1 upstreamProtocol=h2 status=403 contentType=application/xml bytesOut=263 transfer=chunked upstreamHeadersMs=295.651 downstreamWriteMs=0.724
09-08 02:23:04.778 15801 16488 I ChromePhotosDataPlane: phase=tls_certificate correlationId=c213 tlsCacheHit=true tlsCacheWaitMs=0.018 tlsCreationMs=0.000
09-08 02:23:04.778 15801 16488 I ChromePhotosDataPlane: phase=tls_material correlationId=c213 tlsMaterialMs=0.600
09-08 02:23:04.780 15801 16753 I ChromePhotosDataPlane: phase=tls_ready correlationId=c214 hostClass=network hostHash=191347bfe55d0ca9 clientProtocol=http/1.1 ca=b84fe96087814860
09-08 02:23:04.788 15801 16704 I ChromePhotosDataPlane: phase=tls_ready correlationId=c215 hostClass=network hostHash=191347bfe55d0ca9 clientProtocol=http/1.1 ca=b84fe96087814860
09-08 02:23:04.790 15801 16481 I ChromePhotosDataPlane: origin=real hostClass=network hostHash=fdbc7f1491a89ee6 method=GET clientProtocol=http/1.1 upstreamProtocol=h2 status=200 contentType=image/webp bytesIn=7354 bytesOut=7354 cache=miss decision=safe reason=model_allow source=engine probability=0.020469993 basis=None decodeMs=6.158 inferenceMs=140.468 inferenceQueueMs=0.421 localDecisionMs=147.867  bodyAdmissionMs=0.039 bodyReadMs=0.440 hashMs=1.329 requestToDeliveryMs=328.503 upstreamHeadersMs=164.061 sanitizeMs=160.920 downstreamWriteMs=0.849
09-08 02:23:04.801 15801 16488 I ChromePhotosDataPlane: phase=tls_ready correlationId=c213 hostClass=network hostHash=ef6a1cd63150fbbc clientProtocol=http/1.1 ca=b84fe96087814860
09-08 02:23:04.923 15801 16713 I ChromePhotosDataPlane: phase=media_shield_document origin=real hostClass=network hostHash=8eec9aff259634b2 result=transformed documentSequence=12 navigationSequence=3 token=6614bf84d11c bytesOut=119507 upstreamHeadersMs=183.523 documentDecisionMs=62.087 downstreamWriteMs=1.693
09-08 02:23:04.947 15801 16827 I ChromePhotosDataPlane: origin=real hostClass=network hostHash=191347bfe55d0ca9 method=POST clientProtocol=http/1.1 upstreamProtocol=h2 status=200 contentType=text/html bytesOut=0 transfer=fixed upstreamHeadersMs=181.345 downstreamWriteMs=0.789
09-08 02:23:04.948 15801 16595 I ChromePhotosDataPlane: origin=real hostClass=network hostHash=fdbc7f1491a89ee6 method=GET clientProtocol=http/1.1 upstreamProtocol=h2 status=200 contentType=image/webp bytesIn=12548 bytesOut=12548 cache=miss decision=safe reason=model_allow source=engine probability=0.0034264326 basis=None decodeMs=10.079 inferenceMs=137.824 inferenceQueueMs=0.126 localDecisionMs=148.871  bodyAdmissionMs=0.019 bodyReadMs=0.323 hashMs=0.479 requestToDeliveryMs=459.952 upstreamHeadersMs=302.478 sanitizeMs=154.056 downstreamWriteMs=1.298
09-08 02:23:04.957 15801 16704 I ChromePhotosDataPlane: origin=real hostClass=network hostHash=191347bfe55d0ca9 method=POST clientProtocol=http/1.1 upstreamProtocol=h2 status=200 contentType=text/plain bytesOut=0 transfer=fixed upstreamHeadersMs=164.392 downstreamWriteMs=0.384
09-08 02:23:04.958 15801 16753 I ChromePhotosDataPlane: origin=real hostClass=network hostHash=191347bfe55d0ca9 method=POST clientProtocol=http/1.1 upstreamProtocol=h2 status=200 contentType=text/plain bytesOut=0 transfer=fixed upstreamHeadersMs=164.473 downstreamWriteMs=0.465
09-08 02:23:05.015 15801 16723 I ChromePhotosDataPlane: phase=worker_ready correlationId=c216 admissionWaitMs=0.373
09-08 02:23:05.018 15801 16723 I ChromePhotosDataPlane: phase=tls_certificate correlationId=c216 tlsCacheHit=true tlsCacheWaitMs=0.009 tlsCreationMs=0.000
09-08 02:23:05.018 15801 16723 I ChromePhotosDataPlane: phase=tls_material correlationId=c216 tlsMaterialMs=0.217
09-08 02:23:05.027 15801 16723 I ChromePhotosDataPlane: phase=tls_ready correlationId=c216 hostClass=network hostHash=191347bfe55d0ca9 clientProtocol=http/1.1 ca=b84fe96087814860
09-08 02:23:05.032 15801 16547 I ChromePhotosDataPlane: phase=worker_ready correlationId=c217 admissionWaitMs=0.356
09-08 02:23:05.046 15801 16488 I ChromePhotosDataPlane: phase=media_shield_document origin=real hostClass=network hostHash=ef6a1cd63150fbbc result=transformed documentSequence=13 navigationSequence=3 token=3728f6d453e4 bytesOut=113051 upstreamHeadersMs=167.790 documentDecisionMs=72.319 downstreamWriteMs=1.135
09-08 02:23:05.049 15801 16547 I ChromePhotosDataPlane: phase=tls_certificate correlationId=c217 tlsCacheHit=true tlsCacheWaitMs=0.034 tlsCreationMs=0.000
09-08 02:23:05.049 15801 16547 I ChromePhotosDataPlane: phase=tls_material correlationId=c217 tlsMaterialMs=0.807
09-08 02:23:05.051 15801 16415 I ChromePhotosDataPlane: origin=real hostClass=network hostHash=ee8cdc867bba487e method=POST clientProtocol=http/1.1 upstreamProtocol=h2 status=302 contentType= bytesIn=0 bytesOut=0 cache=miss decision=passthrough   requestToDeliveryMs=330.178 upstreamHeadersMs=317.230 sanitizeMs=1.610 downstreamWriteMs=1.162
09-08 02:23:05.067 15801 16547 I ChromePhotosDataPlane: phase=tls_ready correlationId=c217 hostClass=network hostHash=191347bfe55d0ca9 clientProtocol=http/1.1 ca=b84fe96087814860
09-08 02:23:05.068 15801 16659 I ChromePhotosDataPlane: phase=worker_ready correlationId=c218 admissionWaitMs=0.290
09-08 02:23:05.071 15801 16659 I ChromePhotosDataPlane: phase=tls_certificate correlationId=c218 tlsCacheHit=true tlsCacheWaitMs=0.007 tlsCreationMs=0.000
09-08 02:23:05.071 15801 16659 I ChromePhotosDataPlane: phase=tls_material correlationId=c218 tlsMaterialMs=0.157
09-08 02:23:05.077 15801 16809 I ChromePhotosDataPlane: origin=real hostClass=network hostHash=4dce8d0b280a268f method=GET clientProtocol=http/1.1 upstreamProtocol=h2 status=204 contentType= bytesIn=0 bytesOut=0 cache=miss decision=passthrough   requestToDeliveryMs=679.190 upstreamHeadersMs=676.855 sanitizeMs=0.024 downstreamWriteMs=0.312
09-08 02:23:05.086 15801 16659 I ChromePhotosDataPlane: phase=tls_ready correlationId=c218 hostClass=network hostHash=191347bfe55d0ca9 clientProtocol=http/1.1 ca=b84fe96087814860
09-08 02:23:05.092 15801 16723 I ChromePhotosDataPlane: origin=real hostClass=network hostHash=191347bfe55d0ca9 method=POST clientProtocol=http/1.1 upstreamProtocol=h2 status=200 contentType=text/html bytesOut=0 transfer=fixed upstreamHeadersMs=59.752 downstreamWriteMs=0.371
09-08 02:23:05.133 15801 16547 I ChromePhotosDataPlane: origin=real hostClass=network hostHash=191347bfe55d0ca9 method=POST clientProtocol=http/1.1 upstreamProtocol=h2 status=200 contentType=text/plain bytesOut=0 transfer=fixed upstreamHeadersMs=49.252 downstreamWriteMs=0.895
09-08 02:23:05.267 15801 16818 I ChromePhotosDataPlane: phase=worker_ready correlationId=c219 admissionWaitMs=1.741
09-08 02:23:05.276 15801 16818 I ChromePhotosDataPlane: phase=tls_certificate correlationId=c219 tlsCacheHit=true tlsCacheWaitMs=0.039 tlsCreationMs=0.000
09-08 02:23:05.276 15801 16818 I ChromePhotosDataPlane: phase=tls_material correlationId=c219 tlsMaterialMs=0.490
09-08 02:23:05.303 15801 16818 I ChromePhotosDataPlane: phase=tls_ready correlationId=c219 hostClass=network hostHash=191347bfe55d0ca9 clientProtocol=http/1.1 ca=b84fe96087814860
09-08 02:23:05.309 15801 16690 I ChromePhotosDataPlane: phase=worker_ready correlationId=c220 admissionWaitMs=0.617
09-08 02:23:05.319 15801 16690 I ChromePhotosDataPlane: phase=tls_certificate correlationId=c220 tlsCacheHit=true tlsCacheWaitMs=0.014 tlsCreationMs=0.000
09-08 02:23:05.319 15801 16690 I ChromePhotosDataPlane: phase=tls_material correlationId=c220 tlsMaterialMs=0.341
09-08 02:23:05.334 15801 16690 I ChromePhotosDataPlane: phase=tls_ready correlationId=c220 hostClass=network hostHash=191347bfe55d0ca9 clientProtocol=http/1.1 ca=b84fe96087814860
09-08 02:23:05.380 15801 16659 I ChromePhotosDataPlane: origin=real hostClass=network hostHash=191347bfe55d0ca9 method=GET clientProtocol=http/1.1 upstreamProtocol=h2 status=200 contentType=image/png bytesIn=42 bytesOut=704 cache=miss decision=unknown reason=unsupported_gif source=error probability=-1.0 basis=none decodeMs=0.000 inferenceMs=0.000 inferenceQueueMs=0.000 localDecisionMs=0.000  bodyAdmissionMs=0.011 bodyReadMs=1.070 requestToDeliveryMs=292.608 upstreamHeadersMs=289.860 sanitizeMs=1.410 downstreamWriteMs=0.374
09-08 02:23:05.380 15801 16818 I ChromePhotosDataPlane: origin=real hostClass=network hostHash=191347bfe55d0ca9 method=POST clientProtocol=http/1.1 upstreamProtocol=h2 status=200 contentType=text/html bytesOut=0 transfer=fixed upstreamHeadersMs=70.160 downstreamWriteMs=0.968
09-08 02:23:05.386 15801 16595 I ChromePhotosDataPlane: origin=real hostClass=network hostHash=fdbc7f1491a89ee6 method=GET clientProtocol=http/1.1 upstreamProtocol=h2 status=200 contentType=image/webp bytesIn=5412 bytesOut=5412 cache=miss decision=safe reason=model_allow source=engine probability=0.06589651 basis=None decodeMs=6.356 inferenceMs=140.124 inferenceQueueMs=0.447 localDecisionMs=148.078  bodyAdmissionMs=0.100 bodyReadMs=0.412 hashMs=0.891 requestToDeliveryMs=327.486 upstreamHeadersMs=163.420 sanitizeMs=154.989 downstreamWriteMs=2.057
09-08 02:23:05.389 15801 16690 I ChromePhotosDataPlane: origin=real hostClass=network hostHash=191347bfe55d0ca9 method=POST clientProtocol=http/1.1 upstreamProtocol=h2 status=200 contentType=text/plain bytesOut=0 transfer=fixed upstreamHeadersMs=50.786 downstreamWriteMs=0.367
09-08 02:23:05.404 15801 16842 I ChromePhotosDataPlane: origin=real hostClass=network hostHash=df8ab3acb3324531 method=GET clientProtocol=http/1.1 upstreamProtocol=h2 status=304 contentType= bytesOut=0 transfer=fixed upstreamHeadersMs=1571.539 downstreamWriteMs=0.486
09-08 02:23:05.727 15801 16481 I ChromePhotosDataPlane: origin=real hostClass=network hostHash=fdbc7f1491a89ee6 method=GET clientProtocol=http/1.1 upstreamProtocol=h2 status=200 contentType=image/webp bytesIn=6094 bytesOut=6094 cache=miss decision=safe reason=model_allow source=engine probability=0.016579151 basis=None decodeMs=5.944 inferenceMs=136.728 inferenceQueueMs=0.351 localDecisionMs=143.963  bodyAdmissionMs=0.025 bodyReadMs=0.266 hashMs=0.885 requestToDeliveryMs=311.705 upstreamHeadersMs=156.177 sanitizeMs=150.563 downstreamWriteMs=1.687
09-08 02:23:05.730 15801 16510 I ChromePhotosDataPlane: phase=worker_ready correlationId=c221 admissionWaitMs=0.535
09-08 02:23:05.737 15801 16510 I ChromePhotosDataPlane: phase=tls_certificate correlationId=c221 tlsCacheHit=true tlsCacheWaitMs=0.006 tlsCreationMs=0.000
09-08 02:23:05.737 15801 16510 I ChromePhotosDataPlane: phase=tls_material correlationId=c221 tlsMaterialMs=0.242
09-08 02:23:05.751 15801 16510 I ChromePhotosDataPlane: phase=tls_ready correlationId=c221 hostClass=network hostHash=fa24434ded0218fe clientProtocol=http/1.1 ca=b84fe96087814860
09-08 02:23:05.820 15801 16698 I ChromePhotosDataPlane: phase=worker_ready correlationId=c222 admissionWaitMs=0.315
09-08 02:23:05.828 15801 16698 I ChromePhotosDataPlane: phase=tls_certificate correlationId=c222 tlsCacheHit=true tlsCacheWaitMs=0.014 tlsCreationMs=0.000
09-08 02:23:05.828 15801 16698 I ChromePhotosDataPlane: phase=tls_material correlationId=c222 tlsMaterialMs=0.387
09-08 02:23:05.843 15801 16698 I ChromePhotosDataPlane: phase=tls_ready correlationId=c222 hostClass=network hostHash=191347bfe55d0ca9 clientProtocol=http/1.1 ca=b84fe96087814860
09-08 02:23:05.875 15801 16659 I ChromePhotosDataPlane: origin=real hostClass=network hostHash=191347bfe55d0ca9 method=POST clientProtocol=http/1.1 upstreamProtocol=h2 status=200 contentType=text/html bytesOut=0 transfer=fixed upstreamHeadersMs=67.569 downstreamWriteMs=1.185
09-08 02:23:05.899 15801 16698 I ChromePhotosDataPlane: origin=real hostClass=network hostHash=191347bfe55d0ca9 method=POST clientProtocol=http/1.1 upstreamProtocol=h2 status=200 contentType=text/plain bytesOut=0 transfer=fixed upstreamHeadersMs=52.347 downstreamWriteMs=1.276
09-08 02:23:05.903 15801 16632 I ChromePhotosDataPlane: origin=real hostClass=network hostHash=fdbc7f1491a89ee6 method=GET clientProtocol=http/1.1 upstreamProtocol=h2 status=200 contentType=image/webp bytesIn=4952 bytesOut=4952 cache=miss decision=safe reason=model_allow source=engine probability=0.028983265 basis=None decodeMs=5.514 inferenceMs=138.318 inferenceQueueMs=0.357 localDecisionMs=144.895  bodyAdmissionMs=0.025 bodyReadMs=0.474 hashMs=0.774 requestToDeliveryMs=474.907 upstreamHeadersMs=305.997 sanitizeMs=151.147 downstreamWriteMs=1.746
09-08 02:23:05.911 15801 16416 I ChromePhotosDataPlane: phase=worker_ready correlationId=c223 admissionWaitMs=0.497
09-08 02:23:05.941 15801 16510 I ChromePhotosDataPlane: origin=real hostClass=network hostHash=fa24434ded0218fe method=GET clientProtocol=http/1.1 upstreamProtocol=h2 status=200 contentType=text/javascript bytesOut=2760 transfer=fixed upstreamHeadersMs=186.255 downstreamWriteMs=1.262
09-08 02:23:05.954 15801 16416 I ChromePhotosDataPlane: phase=tls_certificate correlationId=c223 tlsCacheHit=true tlsCacheWaitMs=0.082 tlsCreationMs=0.000
09-08 02:23:05.954 15801 16416 I ChromePhotosDataPlane: phase=tls_material correlationId=c223 tlsMaterialMs=0.604
09-08 02:23:05.973 15801 16416 I ChromePhotosDataPlane: phase=tls_ready correlationId=c223 hostClass=network hostHash=07caf1d8d64e8f89 clientProtocol=http/1.1 ca=b84fe96087814860
09-08 02:23:06.031 15801 16647 I ChromePhotosDataPlane: origin=real hostClass=network hostHash=fdbc7f1491a89ee6 method=GET clientProtocol=http/1.1 upstreamProtocol=h2 status=200 contentType=image/webp bytesIn=4388 bytesOut=4388 cache=miss decision=safe reason=model_allow source=engine probability=0.007515937 basis=None decodeMs=5.997 inferenceMs=137.192 inferenceQueueMs=144.415 localDecisionMs=288.405  bodyAdmissionMs=0.012 bodyReadMs=2.859 hashMs=0.153 requestToDeliveryMs=592.767 upstreamHeadersMs=297.935 sanitizeMs=292.230 downstreamWriteMs=1.375
09-08 02:23:06.058 15801 16510 I ChromePhotosDataPlane: origin=real hostClass=network hostHash=fa24434ded0218fe method=GET clientProtocol=http/1.1 upstreamProtocol=h2 status=200 contentType=text/javascript bytesOut=2757 transfer=fixed upstreamHeadersMs=63.430 downstreamWriteMs=1.815
09-08 02:23:06.176 15801 16595 I ChromePhotosDataPlane: origin=real hostClass=network hostHash=fdbc7f1491a89ee6 method=GET clientProtocol=http/1.1 upstreamProtocol=h2 status=200 contentType=image/webp bytesIn=9276 bytesOut=9276 cache=miss decision=safe reason=model_allow source=engine probability=0.021775156 basis=None decodeMs=5.995 inferenceMs=137.400 inferenceQueueMs=130.072 localDecisionMs=274.373  bodyAdmissionMs=145.987 bodyReadMs=0.631 hashMs=0.414 requestToDeliveryMs=758.118 upstreamHeadersMs=321.289 sanitizeMs=433.485 downstreamWriteMs=1.196
09-08 02:23:06.238 15801 16693 I ChromePhotosDataPlane: origin=real hostClass=network hostHash=f58aed0f48e58f0c method=POST clientProtocol=http/1.1 upstreamProtocol=h2 status=204 contentType= bytesOut=0 transfer=fixed upstreamHeadersMs=186.598 downstreamWriteMs=1.012
09-08 02:23:06.253 15801 16847 I ChromePhotosDataPlane: phase=worker_ready correlationId=c224 admissionWaitMs=0.598
09-08 02:23:06.267 15801 16847 I ChromePhotosDataPlane: phase=tls_certificate correlationId=c224 tlsCacheHit=true tlsCacheWaitMs=0.016 tlsCreationMs=0.000
09-08 02:23:06.267 15801 16847 I ChromePhotosDataPlane: phase=tls_material correlationId=c224 tlsMaterialMs=0.510
09-08 02:23:06.284 15801 16554 I ChromePhotosDataPlane: phase=worker_ready correlationId=c225 admissionWaitMs=0.454
09-08 02:23:06.288 15801 16847 I ChromePhotosDataPlane: phase=tls_ready correlationId=c224 hostClass=network hostHash=fa24434ded0218fe clientProtocol=http/1.1 ca=b84fe96087814860
09-08 02:23:06.300 15801 16554 I ChromePhotosDataPlane: phase=tls_certificate correlationId=c225 tlsCacheHit=true tlsCacheWaitMs=0.022 tlsCreationMs=0.000
09-08 02:23:06.300 15801 16554 I ChromePhotosDataPlane: phase=tls_material correlationId=c225 tlsMaterialMs=0.494
09-08 02:23:06.315 15801 16554 I ChromePhotosDataPlane: phase=tls_ready correlationId=c225 hostClass=network hostHash=7ffe8698ca81d914 clientProtocol=http/1.1 ca=b84fe96087814860
09-08 02:23:06.324 15801 16486 I ChromePhotosDataPlane: origin=real hostClass=network hostHash=fdbc7f1491a89ee6 method=GET clientProtocol=http/1.1 upstreamProtocol=h2 status=200 contentType=image/webp bytesIn=4186 bytesOut=4186 cache=miss decision=safe reason=model_allow source=engine probability=0.028872639 basis=None decodeMs=5.560 inferenceMs=137.450 inferenceQueueMs=139.482 localDecisionMs=283.219  bodyAdmissionMs=288.506 bodyReadMs=0.629 hashMs=0.549 requestToDeliveryMs=899.341 upstreamHeadersMs=315.975 sanitizeMs=575.776 downstreamWriteMs=2.187
09-08 02:23:06.325 15801 16533 I ChromePhotosDataPlane: phase=worker_ready correlationId=c226 admissionWaitMs=0.323
09-08 02:23:06.340 15801 16510 I ChromePhotosDataPlane: origin=real hostClass=network hostHash=fa24434ded0218fe method=GET clientProtocol=http/1.1 upstreamProtocol=h2 status=200 contentType=text/javascript bytesOut=2755 transfer=fixed upstreamHeadersMs=68.775 downstreamWriteMs=2.095
09-08 02:23:06.358 15801 16847 I ChromePhotosDataPlane: origin=real hostClass=network hostHash=fa24434ded0218fe method=GET clientProtocol=http/1.1 upstreamProtocol=h2 status=200 contentType=text/javascript bytesOut=2756 transfer=fixed upstreamHeadersMs=62.925 downstreamWriteMs=1.004
09-08 02:23:06.385 15801 16533 I ChromePhotosDataPlane: phase=tls_certificate correlationId=c226 tlsCacheHit=true tlsCacheWaitMs=0.028 tlsCreationMs=0.000
09-08 02:23:06.386 15801 16533 I ChromePhotosDataPlane: phase=tls_material correlationId=c226 tlsMaterialMs=0.661
09-08 02:23:06.415 15801 16533 I ChromePhotosDataPlane: phase=tls_ready correlationId=c226 hostClass=network hostHash=505bd18b6650e44b clientProtocol=http/1.1 ca=b84fe96087814860
09-08 02:23:06.514 15801 16554 I ChromePhotosDataPlane: origin=real hostClass=network hostHash=7ffe8698ca81d914 method=GET clientProtocol=http/1.1 upstreamProtocol=h2 status=200 contentType=image/png bytesIn=42 bytesOut=704 cache=miss decision=unknown reason=unsupported_gif source=error probability=-1.0 basis=none decodeMs=0.000 inferenceMs=0.000 inferenceQueueMs=0.000 localDecisionMs=0.000  bodyAdmissionMs=0.025 bodyReadMs=0.372 requestToDeliveryMs=196.856 upstreamHeadersMs=190.344 sanitizeMs=1.582 downstreamWriteMs=1.563
09-08 02:23:06.594 15801 16533 I ChromePhotosDataPlane: origin=real hostClass=network hostHash=505bd18b6650e44b method=POST clientProtocol=http/1.1 upstreamProtocol=h2 status=204 contentType=text/plain bytesOut=0 transfer=fixed upstreamHeadersMs=175.129 downstreamWriteMs=0.952
09-08 02:23:06.916 15801 16416 I ChromePhotosDataPlane: origin=real hostClass=network hostHash=07caf1d8d64e8f89 method=GET clientProtocol=http/1.1 upstreamProtocol=h2 status=200 contentType=image/png bytesIn=43 bytesOut=704 cache=miss decision=unknown reason=unsupported_gif source=error probability=-1.0 basis=none decodeMs=0.000 inferenceMs=0.000 inferenceQueueMs=0.000 localDecisionMs=0.000  bodyAdmissionMs=0.024 bodyReadMs=0.306 requestToDeliveryMs=939.833 upstreamHeadersMs=930.676 sanitizeMs=1.429 downstreamWriteMs=3.464
09-08 02:23:12.347 15801 16678 I ChromePhotosDataPlane: phase=worker_ready correlationId=c227 admissionWaitMs=0.220
09-08 02:23:12.359 15801 16678 I ChromePhotosDataPlane: phase=tls_certificate correlationId=c227 tlsCacheHit=true tlsCacheWaitMs=0.023 tlsCreationMs=0.000
09-08 02:23:12.360 15801 16678 I ChromePhotosDataPlane: phase=tls_material correlationId=c227 tlsMaterialMs=0.591
09-08 02:23:12.366 15801 16486 I ChromePhotosDataPlane: origin=real hostClass=network hostHash=fdbc7f1491a89ee6 method=GET clientProtocol=http/1.1 upstreamProtocol=h2 status=200 contentType=image/webp bytesIn=5882 bytesOut=5882 cache=miss decision=safe reason=model_allow source=engine probability=0.019728243 basis=None decodeMs=4.383 inferenceMs=149.695 inferenceQueueMs=0.307 localDecisionMs=155.043  bodyAdmissionMs=0.013 bodyReadMs=0.104 hashMs=0.196 requestToDeliveryMs=487.503 upstreamHeadersMs=320.481 sanitizeMs=156.557 downstreamWriteMs=1.632
09-08 02:23:12.377 15801 16678 I ChromePhotosDataPlane: phase=tls_ready correlationId=c227 hostClass=network hostHash=0cb87e7c434c3594 clientProtocol=http/1.1 ca=b84fe96087814860
09-08 02:23:12.508 15801 16595 I ChromePhotosDataPlane: origin=real hostClass=network hostHash=fdbc7f1491a89ee6 method=GET clientProtocol=http/1.1 upstreamProtocol=h2 status=200 contentType=image/webp bytesIn=7726 bytesOut=7726 cache=miss decision=safe reason=model_allow source=engine probability=0.011861503 basis=None decodeMs=6.077 inferenceMs=135.683 inferenceQueueMs=29.191 localDecisionMs=171.989  bodyAdmissionMs=0.019 bodyReadMs=0.396 hashMs=1.585 requestToDeliveryMs=618.742 upstreamHeadersMs=436.637 sanitizeMs=178.324 downstreamWriteMs=1.396
09-08 02:23:12.522 15801 16676 I ChromePhotosDataPlane: phase=worker_ready correlationId=c228 admissionWaitMs=0.567
09-08 02:23:12.574 15801 16676 I ChromePhotosDataPlane: phase=tls_certificate correlationId=c228 tlsCacheHit=true tlsCacheWaitMs=0.028 tlsCreationMs=0.000
09-08 02:23:12.574 15801 16676 I ChromePhotosDataPlane: phase=tls_material correlationId=c228 tlsMaterialMs=0.644
09-08 02:23:12.585 15801 16718 I ChromePhotosDataPlane: origin=real hostClass=network hostHash=f58aed0f48e58f0c method=POST clientProtocol=http/1.1 upstreamProtocol=h2 status=200 contentType=application/json bytesOut=46148 transfer=chunked upstreamHeadersMs=11183.246 downstreamWriteMs=50.206
09-08 02:23:12.603 15801 16676 I ChromePhotosDataPlane: phase=tls_ready correlationId=c228 hostClass=network hostHash=2e2e8e2b4eb0d095 clientProtocol=http/1.1 ca=b84fe96087814860
09-08 02:23:12.656 15801 16632 I ChromePhotosDataPlane: origin=real hostClass=network hostHash=fdbc7f1491a89ee6 method=GET clientProtocol=http/1.1 upstreamProtocol=h2 status=200 contentType=image/webp bytesIn=6738 bytesOut=6738 cache=miss decision=safe reason=model_allow source=engine probability=0.013799995 basis=None decodeMs=5.785 inferenceMs=137.927 inferenceQueueMs=133.008 localDecisionMs=277.408  bodyAdmissionMs=35.569 bodyReadMs=0.430 hashMs=0.643 requestToDeliveryMs=749.600 upstreamHeadersMs=421.167 sanitizeMs=322.507 downstreamWriteMs=1.514
09-08 02:23:12.800 15801 16553 I ChromePhotosDataPlane: origin=real hostClass=network hostHash=e2ccecf673591338 method=GET clientProtocol=http/1.1 upstreamProtocol=h2 status=200 contentType=image/png bytesIn=43 bytesOut=704 cache=miss decision=unknown reason=unsupported_gif source=error probability=-1.0 basis=none decodeMs=0.000 inferenceMs=0.000 inferenceQueueMs=0.000 localDecisionMs=0.000  bodyAdmissionMs=108.055 bodyReadMs=0.749 requestToDeliveryMs=389.041 upstreamHeadersMs=276.682 sanitizeMs=109.508 downstreamWriteMs=1.132
09-08 02:23:12.803 15801 16676 I ChromePhotosDataPlane: origin=real hostClass=network hostHash=2e2e8e2b4eb0d095 method=GET clientProtocol=http/1.1 upstreamProtocol=h2 status=200 contentType=image/png bytesIn=42 bytesOut=704 cache=miss decision=unknown reason=unsupported_gif source=error probability=-1.0 basis=none decodeMs=0.000 inferenceMs=0.000 inferenceQueueMs=0.000 localDecisionMs=0.000  bodyAdmissionMs=2.290 bodyReadMs=0.273 requestToDeliveryMs=194.899 upstreamHeadersMs=187.794 sanitizeMs=3.239 downstreamWriteMs=1.536
09-08 02:23:12.808 15801 16481 I ChromePhotosDataPlane: origin=real hostClass=network hostHash=fdbc7f1491a89ee6 method=GET clientProtocol=http/1.1 upstreamProtocol=h2 status=200 contentType=image/webp bytesIn=3832 bytesOut=3832 cache=miss decision=safe reason=model_allow source=engine probability=0.022616684 basis=None decodeMs=4.110 inferenceMs=143.209 inferenceQueueMs=134.481 localDecisionMs=282.757  bodyAdmissionMs=182.585 bodyReadMs=0.341 hashMs=0.854 requestToDeliveryMs=900.400 upstreamHeadersMs=419.365 sanitizeMs=468.795 downstreamWriteMs=2.009
09-08 02:23:12.823 15801 16596 I ChromePhotosDataPlane: origin=real hostClass=network hostHash=d8ecf352ffa86f18 method=GET clientProtocol=http/1.1 upstreamProtocol=h2 status=200 contentType=image/png bytesIn=43 bytesOut=704 cache=miss decision=unknown reason=unsupported_gif source=error probability=-1.0 basis=none decodeMs=0.000 inferenceMs=0.000 inferenceQueueMs=0.000 localDecisionMs=0.000  bodyAdmissionMs=0.018 bodyReadMs=0.655 requestToDeliveryMs=414.889 upstreamHeadersMs=410.424 sanitizeMs=1.326 downstreamWriteMs=0.967
09-08 02:23:12.844 15801 16718 I ChromePhotosDataPlane: origin=real hostClass=network hostHash=f58aed0f48e58f0c method=POST clientProtocol=http/1.1 upstreamProtocol=h2 status=204 contentType= bytesOut=0 transfer=fixed upstreamHeadersMs=182.093 downstreamWriteMs=0.691
09-08 02:23:12.945 15801 16647 I ChromePhotosDataPlane: origin=real hostClass=network hostHash=fdbc7f1491a89ee6 method=GET clientProtocol=http/1.1 upstreamProtocol=h2 status=200 contentType=image/webp bytesIn=4086 bytesOut=4086 cache=miss decision=safe reason=model_allow source=engine probability=0.02936685 basis=None decodeMs=4.313 inferenceMs=137.688 inferenceQueueMs=134.380 localDecisionMs=277.261  bodyAdmissionMs=298.192 bodyReadMs=0.394 hashMs=8.168 requestToDeliveryMs=1042.781 upstreamHeadersMs=447.931 sanitizeMs=588.593 downstreamWriteMs=2.020
09-08 02:23:13.180 15801 16481 I ChromePhotosDataPlane: origin=real hostClass=network hostHash=fdbc7f1491a89ee6 method=GET clientProtocol=http/1.1 upstreamProtocol=h2 status=200 contentType=image/webp bytesIn=3438 bytesOut=3438 cache=miss decision=safe reason=model_allow source=engine probability=0.019150347 basis=None decodeMs=3.811 inferenceMs=137.378 inferenceQueueMs=0.242 localDecisionMs=142.250  bodyAdmissionMs=0.031 bodyReadMs=0.327 hashMs=0.823 requestToDeliveryMs=314.968 upstreamHeadersMs=163.388 sanitizeMs=146.760 downstreamWriteMs=1.066
09-08 02:23:13.204 15801 16678 I ChromePhotosDataPlane: origin=real hostClass=network hostHash=0cb87e7c434c3594 method=GET clientProtocol=http/1.1 upstreamProtocol=h2 status=200 contentType=application/xml bytesOut=86 transfer=fixed upstreamHeadersMs=823.181 downstreamWriteMs=0.862
09-08 02:23:13.341 15801 16647 I ChromePhotosDataPlane: origin=real hostClass=network hostHash=fdbc7f1491a89ee6 method=GET clientProtocol=http/1.1 upstreamProtocol=h2 status=200 contentType=image/webp bytesIn=3766 bytesOut=3766 cache=miss decision=safe reason=model_allow source=engine probability=0.021158576 basis=None decodeMs=3.893 inferenceMs=132.593 inferenceQueueMs=0.074 localDecisionMs=137.346  bodyAdmissionMs=0.015 bodyReadMs=0.396 hashMs=0.334 requestToDeliveryMs=389.561 upstreamHeadersMs=237.831 sanitizeMs=139.947 downstreamWriteMs=2.798
09-08 02:23:13.396 15801 16509 I ChromePhotosDataPlane: phase=worker_ready correlationId=c229 admissionWaitMs=0.842
09-08 02:23:13.439 15801 16509 I ChromePhotosDataPlane: phase=tls_certificate correlationId=c229 tlsCacheHit=true tlsCacheWaitMs=0.040 tlsCreationMs=0.000
09-08 02:23:13.439 15801 16509 I ChromePhotosDataPlane: phase=tls_material correlationId=c229 tlsMaterialMs=0.489
09-08 02:23:13.462 15801 16509 I ChromePhotosDataPlane: phase=tls_ready correlationId=c229 hostClass=network hostHash=1f1577c4f7feb6a1 clientProtocol=http/1.1 ca=b84fe96087814860
09-08 02:23:13.471 15801 16486 I ChromePhotosDataPlane: origin=real hostClass=network hostHash=fdbc7f1491a89ee6 method=GET clientProtocol=http/1.1 upstreamProtocol=h2 status=200 contentType=image/webp bytesIn=3978 bytesOut=3978 cache=miss decision=safe reason=model_allow source=engine probability=0.037555695 basis=None decodeMs=4.095 inferenceMs=134.871 inferenceQueueMs=109.578 localDecisionMs=249.359  bodyAdmissionMs=0.018 bodyReadMs=0.177 hashMs=0.453 requestToDeliveryMs=588.377 upstreamHeadersMs=331.804 sanitizeMs=252.073 downstreamWriteMs=1.321
09-08 02:23:13.617 15801 16595 I ChromePhotosDataPlane: origin=real hostClass=network hostHash=fdbc7f1491a89ee6 method=GET clientProtocol=http/1.1 upstreamProtocol=h2 status=200 contentType=image/webp bytesIn=7270 bytesOut=7270 cache=miss decision=safe reason=model_allow source=engine probability=0.02072692 basis=None decodeMs=5.827 inferenceMs=136.993 inferenceQueueMs=115.974 localDecisionMs=259.787  bodyAdmissionMs=113.347 bodyReadMs=0.636 hashMs=6.139 requestToDeliveryMs=737.550 upstreamHeadersMs=336.201 sanitizeMs=394.889 downstreamWriteMs=1.896
09-08 02:23:13.766 15801 16632 I ChromePhotosDataPlane: origin=real hostClass=network hostHash=fdbc7f1491a89ee6 method=GET clientProtocol=http/1.1 upstreamProtocol=h2 status=200 contentType=image/webp bytesIn=3504 bytesOut=3504 cache=miss decision=safe reason=model_allow source=engine probability=0.030646235 basis=None decodeMs=3.968 inferenceMs=141.173 inferenceQueueMs=140.406 localDecisionMs=286.315  bodyAdmissionMs=215.125 bodyReadMs=0.183 hashMs=0.332 requestToDeliveryMs=888.580 upstreamHeadersMs=374.005 sanitizeMs=503.854 downstreamWriteMs=1.427
09-08 02:23:13.904 15801 16481 I ChromePhotosDataPlane: origin=real hostClass=network hostHash=fdbc7f1491a89ee6 method=GET clientProtocol=http/1.1 upstreamProtocol=h2 status=200 contentType=image/webp bytesIn=4222 bytesOut=4222 cache=miss decision=safe reason=model_allow source=engine probability=0.031920522 basis=None decodeMs=3.989 inferenceMs=139.583 inferenceQueueMs=138.830 localDecisionMs=283.287  bodyAdmissionMs=133.877 bodyReadMs=0.298 hashMs=1.490 requestToDeliveryMs=715.430 upstreamHeadersMs=289.725 sanitizeMs=422.810 downstreamWriteMs=1.068
09-08 02:23:13.940 15801 16712 I ChromePhotosDataPlane: phase=worker_ready correlationId=c230 admissionWaitMs=4.341
09-08 02:23:13.964 15801 16442 I ChromePhotosDataPlane: phase=worker_ready correlationId=c231 admissionWaitMs=0.281
09-08 02:23:14.010 15801 16712 I ChromePhotosDataPlane: phase=tls_certificate correlationId=c230 tlsCacheHit=true tlsCacheWaitMs=0.020 tlsCreationMs=0.000
09-08 02:23:14.010 15801 16712 I ChromePhotosDataPlane: phase=tls_material correlationId=c230 tlsMaterialMs=0.529
09-08 02:23:14.020 15801 16442 I ChromePhotosDataPlane: phase=tls_certificate correlationId=c231 tlsCacheHit=true tlsCacheWaitMs=0.018 tlsCreationMs=0.000
09-08 02:23:14.020 15801 16442 I ChromePhotosDataPlane: phase=tls_material correlationId=c231 tlsMaterialMs=0.538
09-08 02:23:14.048 15801 16712 I ChromePhotosDataPlane: phase=tls_ready correlationId=c230 hostClass=network hostHash=3e723b591bdb95ce clientProtocol=http/1.1 ca=b84fe96087814860
09-08 02:23:14.050 15801 16645 I ChromePhotosDataPlane: origin=real hostClass=network hostHash=fdbc7f1491a89ee6 method=GET clientProtocol=http/1.1 upstreamProtocol=h2 status=200 contentType=image/webp bytesIn=4166 bytesOut=4166 cache=miss decision=safe reason=model_allow source=engine probability=0.04555753 basis=None decodeMs=4.104 inferenceMs=138.880 inferenceQueueMs=137.952 localDecisionMs=281.813  bodyAdmissionMs=192.610 bodyReadMs=0.260 hashMs=0.555 requestToDeliveryMs=781.121 upstreamHeadersMs=296.310 sanitizeMs=477.704 downstreamWriteMs=3.223
09-08 02:23:14.059 15801 16442 I ChromePhotosDataPlane: phase=tls_ready correlationId=c231 hostClass=network hostHash=3e723b591bdb95ce clientProtocol=http/1.1 ca=b84fe96087814860
09-08 02:23:14.186 15801 16509 I ChromePhotosDataPlane: origin=real hostClass=network hostHash=1f1577c4f7feb6a1 method=POST clientProtocol=http/1.1 upstreamProtocol=h2 status=200 contentType=application/json bytesOut=0 transfer=fixed upstreamHeadersMs=717.577 downstreamWriteMs=0.767
09-08 02:23:14.205 15801 16712 I ChromePhotosDataPlane: phase=media_shield_document origin=real hostClass=network hostHash=3e723b591bdb95ce result=fail_closed reason=document_mime_unsupported bytesOut=41 upstreamHeadersMs=124.154 documentDecisionMs=0.152 downstreamWriteMs=2.870
09-08 02:23:14.238 15801 16486 I ChromePhotosDataPlane: origin=real hostClass=network hostHash=fdbc7f1491a89ee6 method=GET clientProtocol=http/1.1 upstreamProtocol=h2 status=200 contentType=image/webp bytesIn=2482 bytesOut=2482 cache=miss decision=safe reason=model_allow source=engine probability=0.01466921 basis=None decodeMs=3.817 inferenceMs=186.148 inferenceQueueMs=141.453 localDecisionMs=331.905  bodyAdmissionMs=200.048 bodyReadMs=0.149 hashMs=0.385 requestToDeliveryMs=749.341 upstreamHeadersMs=210.514 sanitizeMs=533.665 downstreamWriteMs=0.905
09-08 02:23:14.383 15801 16647 I ChromePhotosDataPlane: origin=real hostClass=network hostHash=fdbc7f1491a89ee6 method=GET clientProtocol=http/1.1 upstreamProtocol=h2 status=200 contentType=image/webp bytesIn=11928 bytesOut=11928 cache=miss decision=safe reason=model_allow source=engine probability=0.036678493 basis=None decodeMs=4.955 inferenceMs=138.612 inferenceQueueMs=177.317 localDecisionMs=323.069  bodyAdmissionMs=183.544 bodyReadMs=0.229 hashMs=7.813 requestToDeliveryMs=991.062 upstreamHeadersMs=467.815 sanitizeMs=518.949 downstreamWriteMs=1.006
09-08 02:23:14.440 15801 16609 I ChromePhotosDataPlane: phase=worker_ready correlationId=c232 admissionWaitMs=0.186
09-08 02:23:14.475 15801 16609 I ChromePhotosDataPlane: phase=tls_certificate correlationId=c232 tlsCacheHit=true tlsCacheWaitMs=0.029 tlsCreationMs=0.000
09-08 02:23:14.475 15801 16609 I ChromePhotosDataPlane: phase=tls_material correlationId=c232 tlsMaterialMs=0.366
09-08 02:23:14.484 15801 16609 I ChromePhotosDataPlane: phase=tls_ready correlationId=c232 hostClass=network hostHash=935e0b482f6ac80a clientProtocol=http/1.1 ca=b84fe96087814860
09-08 02:23:14.521 15801 16595 I ChromePhotosDataPlane: origin=real hostClass=network hostHash=fdbc7f1491a89ee6 method=GET clientProtocol=http/1.1 upstreamProtocol=h2 status=200 contentType=image/webp bytesIn=4062 bytesOut=4062 cache=miss decision=safe reason=model_allow source=engine probability=0.024045825 basis=None decodeMs=3.922 inferenceMs=134.134 inferenceQueueMs=141.723 localDecisionMs=280.390  bodyAdmissionMs=244.566 bodyReadMs=0.169 hashMs=0.307 requestToDeliveryMs=887.895 upstreamHeadersMs=355.757 sanitizeMs=526.910 downstreamWriteMs=0.958
09-08 02:23:14.575 15801 16661 I ChromePhotosDataPlane: phase=worker_ready correlationId=c233 admissionWaitMs=1.343
09-08 02:23:14.581 15801 16661 I ChromePhotosDataPlane: phase=tls_certificate correlationId=c233 tlsCacheHit=true tlsCacheWaitMs=0.020 tlsCreationMs=0.000
09-08 02:23:14.581 15801 16661 I ChromePhotosDataPlane: phase=tls_material correlationId=c233 tlsMaterialMs=0.275
09-08 02:23:14.591 15801 16661 I ChromePhotosDataPlane: phase=tls_ready correlationId=c233 hostClass=network hostHash=191347bfe55d0ca9 clientProtocol=http/1.1 ca=b84fe96087814860
09-08 02:23:14.656 15801 16481 I ChromePhotosDataPlane: origin=real hostClass=network hostHash=fdbc7f1491a89ee6 method=GET clientProtocol=http/1.1 upstreamProtocol=h2 status=200 contentType=image/webp bytesIn=3534 bytesOut=3534 cache=miss decision=safe reason=model_allow source=engine probability=0.04546851 basis=None decodeMs=3.952 inferenceMs=130.995 inferenceQueueMs=134.932 localDecisionMs=270.745  bodyAdmissionMs=235.644 bodyReadMs=0.169 hashMs=0.381 requestToDeliveryMs=676.301 upstreamHeadersMs=164.812 sanitizeMs=508.325 downstreamWriteMs=0.894
09-08 02:23:14.774 15801 16609 I ChromePhotosDataPlane: origin=real hostClass=network hostHash=935e0b482f6ac80a method=GET clientProtocol=http/1.1 upstreamProtocol=h2 status=200 contentType=application/javascript bytesOut=874 transfer=chunked upstreamHeadersMs=285.655 downstreamWriteMs=1.110
09-08 02:23:14.797 15801 16645 I ChromePhotosDataPlane: origin=real hostClass=network hostHash=fdbc7f1491a89ee6 method=GET clientProtocol=http/1.1 upstreamProtocol=h2 status=200 contentType=image/webp bytesIn=5208 bytesOut=5208 cache=miss decision=safe reason=model_allow source=engine probability=0.0024002194 basis=None decodeMs=4.828 inferenceMs=131.843 inferenceQueueMs=130.398 localDecisionMs=271.586  bodyAdmissionMs=215.506 bodyReadMs=0.211 hashMs=0.349 requestToDeliveryMs=708.614 upstreamHeadersMs=213.322 sanitizeMs=491.848 downstreamWriteMs=1.048
09-08 02:23:14.827 15801 16500 I ChromePhotosDataPlane: phase=worker_ready correlationId=c234 admissionWaitMs=0.531
09-08 02:23:14.838 15801 16500 I ChromePhotosDataPlane: phase=tls_certificate correlationId=c234 tlsCacheHit=true tlsCacheWaitMs=0.026 tlsCreationMs=0.000
09-08 02:23:14.839 15801 16500 I ChromePhotosDataPlane: phase=tls_material correlationId=c234 tlsMaterialMs=2.995
09-08 02:23:14.845 15801 16499 I ChromePhotosDataPlane: phase=worker_ready correlationId=c235 admissionWaitMs=0.220
09-08 02:23:14.852 15801 16499 I ChromePhotosDataPlane: phase=tls_certificate correlationId=c235 tlsCacheHit=true tlsCacheWaitMs=0.009 tlsCreationMs=0.000
09-08 02:23:14.852 15801 16499 I ChromePhotosDataPlane: phase=tls_material correlationId=c235 tlsMaterialMs=0.225
09-08 02:23:14.860 15801 16500 I ChromePhotosDataPlane: phase=tls_ready correlationId=c234 hostClass=network hostHash=191347bfe55d0ca9 clientProtocol=http/1.1 ca=b84fe96087814860
09-08 02:23:14.866 15801 16499 I ChromePhotosDataPlane: phase=tls_ready correlationId=c235 hostClass=network hostHash=7ffe8698ca81d914 clientProtocol=http/1.1 ca=b84fe96087814860
09-08 02:23:14.932 15801 16486 I ChromePhotosDataPlane: origin=real hostClass=network hostHash=fdbc7f1491a89ee6 method=GET clientProtocol=http/1.1 upstreamProtocol=h2 status=200 contentType=image/webp bytesIn=2632 bytesOut=2632 cache=miss decision=safe reason=model_allow source=engine probability=0.009011596 basis=None decodeMs=3.925 inferenceMs=133.975 inferenceQueueMs=135.859 localDecisionMs=274.372  bodyAdmissionMs=70.182 bodyReadMs=0.130 hashMs=0.186 requestToDeliveryMs=651.701 upstreamHeadersMs=303.171 sanitizeMs=345.610 downstreamWriteMs=1.068
09-08 02:23:14.978 15801 16804 I ChromePhotosDataPlane: phase=worker_ready correlationId=c236 admissionWaitMs=0.242
09-08 02:23:14.981 15801 16804 I ChromePhotosDataPlane: phase=tls_certificate correlationId=c236 tlsCacheHit=true tlsCacheWaitMs=0.022 tlsCreationMs=0.000
09-08 02:23:14.981 15801 16804 I ChromePhotosDataPlane: phase=tls_material correlationId=c236 tlsMaterialMs=0.184
09-08 02:23:14.992 15801 16804 I ChromePhotosDataPlane: phase=tls_ready correlationId=c236 hostClass=network hostHash=191347bfe55d0ca9 clientProtocol=http/1.1 ca=b84fe96087814860
09-08 02:23:15.033 15801 16729 I ChromePhotosDataPlane: phase=worker_ready correlationId=c237 admissionWaitMs=0.334
09-08 02:23:15.041 15801 16729 I ChromePhotosDataPlane: phase=tls_certificate correlationId=c237 tlsCacheHit=true tlsCacheWaitMs=0.021 tlsCreationMs=0.000
09-08 02:23:15.041 15801 16729 I ChromePhotosDataPlane: phase=tls_material correlationId=c237 tlsMaterialMs=0.522
09-08 02:23:15.066 15801 16729 I ChromePhotosDataPlane: phase=tls_ready correlationId=c237 hostClass=network hostHash=7ffe8698ca81d914 clientProtocol=http/1.1 ca=b84fe96087814860
09-08 02:23:15.075 15801 16661 I ChromePhotosDataPlane: phase=client_disconnect direction=downstream_write correlationId=c233-r1
09-08 02:23:15.075 15801 16632 I ChromePhotosDataPlane: phase=client_disconnect direction=downstream_write correlationId=c188-r17
09-08 02:23:15.079 15801 16554 I ChromePhotosDataPlane: phase=client_disconnect direction=downstream_write correlationId=c225-r2
09-08 02:23:15.080 15801 16500 I ChromePhotosDataPlane: phase=client_disconnect direction=downstream_write correlationId=c234-r1
09-08 02:23:15.213 15801 16647 I ChromePhotosDataPlane: phase=client_disconnect direction=downstream_write correlationId=c190-r18
09-08 02:23:15.215 15801 16499 I ChromePhotosDataPlane: phase=client_disconnect direction=downstream_write correlationId=c235-r1
09-08 02:23:15.215 15801 16804 I ChromePhotosDataPlane: phase=client_disconnect direction=downstream_write correlationId=c236-r1
09-08 02:23:15.347 15801 16595 I ChromePhotosDataPlane: phase=client_disconnect direction=downstream_write correlationId=c191-r21
09-08 02:23:17.966 15801 16691 W ChromePhotosDataPlane: phase=upstream_failed correlationId=c192-r1 hostClass=network hostHash=8e481d2665f1f5f9 responseStarted=false errorResponseWritten=true error=InterruptedIOException
09-08 02:23:48.102 15801 15801 I ChromePhotosDataPlane: phase=status statusSequence=15 lifecycle=PresentationReady active=true ready=true connections=237 requests=436 safe=163 blocked=1 unknown=34 passthrough=189 cacheHits=56 cacheMisses=118 failures=13 clientDisconnects=22 bytesIn=11318588 bytesOut=11295822 streamed=162 proxyQueueRejects=0 proxyActivePeak=61 proxyP50Ms=308.806 proxyP95Ms=2398.201 proxyP99Ms=3409.846 upstreamSockets=150 protectSuccess=150 protectFailure=0 web11a=not_run web11b=not_run modelLoadMs=281.008 engineCalls=116 dedupeHits=1 decisionCacheConfig=64 decisionConcurrencyConfig=1 decisionQueueConfig=2 decisionTimeoutMs=5000 engineCallsPerRequest=0.6705202312138728 inferencePeak=1 inFlightPeak=2 queuePeak=2 queueRejects=0 timeouts=0 inferenceP50Ms=137.926562 inferenceP95Ms=560.389479 inferenceP99Ms=637.185156 decisionP50Ms=260.089948 decisionP95Ms=1100.614947 decisionP99Ms=1224.884583 cacheHitP50Ms=0.066459 cacheHitP95Ms=0.106979 cacheEntries=64 cacheEvictions=52 preprocessP50Ms=5.286615 preprocessP95Ms=21.689636 preprocessP99Ms=35.088386 preparedCount1=96 preparedCount4=20 preparedCount5=0 preparedCountOther=0 decisionBasis=FullThreshold:1,None:115 imageCandidates=225 imagePrefixPeeks=25 imageMagicCandidates=0 imageBodyAdmissionPeak=2 imageBodyAdmissionRejects=0 networkVisualCandidates=220 networkVisualReplaced=0 networkVisualRawDelivered=0 networkVisualSafeRawDelivered=163 networkVisualBlockedReplaced=1 networkVisualUnknownReplaced=0 networkVisualUnsupportedReplaced=34 networkVisualRawBlockedDelivered=0 networkVisualRawUnknownDelivered=0 networkVisualCacheHit=56 networkVisualInference=107 mediaDocumentsTransformed=13 mediaDocumentsFailClosed=4 documentTransformOutstanding=0 readyTokensOutstanding=13 uiSvgRegistered=0 uiSvgRegistryBytes=0 uiSvgCssRewritten=0 uiSvgCssRejected=0 uiSvgNetworkAccepted=10 uiSvgNetworkRejected=0 uiSvgAssetServed=0 uiSvgAssetRejected=0 h18=REPORT=not_run,EVENT_SEQUENCE=0,COMPAT_DOCS=0,STRICT_DOCS=0,STYLE_REQ=0,SCRIPT_REQ=0,DATA_REQ=0,NETWORK_REQ=0,REPORTS=0,LAST_DOC=none,NETWORK_SHA=ee17e3f62edde61823ce35732ea168f4f5986bff347ccfac063eca7f4009ee1b,AUDIT_SHA=74d4467bbf6833db4eeab998495b7dfc50db3b1f04f407704b839ad3f4b25582 h19=REPORT=not_run,DOCUMENTS=0,FRAMES=0,SCRIPTS=0,FIRST_ORIGINAL_SCRIPTS=0,STYLES=0,WORKERS=0,SERVICE_WORKERS=0,FRAME_REPORTS=0,FRAME_REPORT_REJECTS=0,FRAME_REPORT=not_run,FRAME_REPORT_SHA=not_run,FRAME_CHALLENGE_SHA=not_run,FRAME_GENERATION=0,FRAME_ACCEPTED_CHALLENGE_SHA=not_run,FRAME_REPORT_BINDING_SHA=not_run,SAME_URL_BODIES=0,REPORTS=0,SW_BOUNDARY={INSTALL_DOCS=0,WORKER_SCRIPTS=0,WORKER_PROBE_SCRIPTS=0,PROBE_DOCS=0,CLEANUP_DOCS=0,REPORTS_ACCEPTED=0,REPORTS_REJECTED=0,CONTROLLER_PRESENT=0,CONTROLLER_MISSING=0,NAV_FETCHES=0,SELF_READY_FETCHES=0,SELF_READY_PASS_THROUGH=0,SELF_READY_SYNTHETIC=0,NAV_SYNTHETIC=0,RESET_BASELINE_CLEAN=0,RESET_BASELINE_DIRTY=0,REGISTER_BLOCKED=0,REGISTER_SUCCEEDED=0,WORKER_REGISTER_BLOCKED=0,WORKER_REGISTER_SUCCEEDED=0,WORKER_REGISTER_UNSUPPORTED=0,WORKER_REGISTER_ERROR=0,LAST_CASE=none,LAST_EVENT=none,LAST_VALUE=none},UI_SVG={not_run} quicAttempts=0 directTcpAttempts=0 bootstrapResetGeneration=2 bootstrapCompleteGeneration=2 bootstrapResetCount=3 chromeSuspended=false guardSession=532 guardHeartbeatSequence=1504 audit17State=0 audit17Navigation=0 audit17Events=214 audit17Dropped=0
09-08 02:23:48.102 15801 15801 I ChromeMediaShieldStatus: v=1 seq=15 kind=network mode=selective candidates=220 replaced=0 rawDelivered=0 safeRaw=163 blockedReplaced=1 unknownReplaced=0 unsupportedReplaced=34 rawBlocked=0 rawUnknown=0 cacheHit=56 decisionEngine=107 engineCalls=116
09-08 02:23:48.102 15801 15801 I ChromeMediaShieldStatus: v=1 seq=15 kind=document transformed=13 failClosed=4 outstanding=0 issued=13 claims=3 documentSequence=10 navigationSequence=3 readyRequests=9 readyPreflights=0 readyAccepted=3 readyRejected=0 parserBarrierRequests=0 parserBarrierReady=0 parserBarrierFailClosed=0 selfShield=true selfReadyRequests=3 selfReadyAccepted=3 selfReadyRejected=0 selfReadyRejectReason=none selfShieldReleaseCompleted=3 selfShieldParserContinued=3 selfShieldOriginalScriptStarted=0 selfShieldTraceRejected=0 selfShieldTraceOutstanding=0 bootstrapDiagnosticAccepted=0 bootstrapDiagnosticRejected=0 bootstrapDiagnosticRejectReason=none bootstrapDiagnosticStage=none bootstrapDiagnosticReason=none bootstrapDiagnosticOutstanding=0
09-08 02:23:48.103 15801 15801 I ChromeMediaShieldStatus: v=1 seq=15 kind=renderer reports=0 rejected=0 globalCallbacks=0 globalRecords=0 childRecords=0 attributeRecords=0 maxRecords=0 scanCalls=0 scanRoot=0 scanNodes=0 maxScanNodes=0 scanMicros=0 maxScanMicros=0 observerChildScans=0 observerAttributeScans=0 guardedScans=0 markupScans=0 shadowScans=0 initialScans=0 otherScans=0 sanitizeElement=0 sanitizeContainer=0 img=0 source=0 svg=0 iframe=0 canvas=0 video=0 safeIcon=0 lockIcon=0 geometryWrites=0 svgRecords=0 shadowRoots=0 shadowObservers=0 shadowCallbacks=0 shadowRecords=0 shadowScanCalls=0 ensureStyle=0 ensureCurtain=0 internalMutations=0
09-08 02:23:48.103 15801 15801 I ChromeMediaShieldStatus: v=1 seq=15 kind=rendererApis callScan=createElement=0/0 createElementNS=0/0 appendChild=0/0 insertBefore=0/0 replaceChild=0/0 append=0/0 prepend=0/0 replaceChildren=0/0 before=0/0 after=0/0 replaceWith=0/0 adjacentElement=0/0 moveBefore=0/0 rangeInsert=0/0 rangeSurround=0/0 adoptNode=0/0 cloneNode=0/0 importNode=0/0 safeMarkup=0/0 innerHTML=0/0 outerHTML=0/0 insertAdjacentHTML=0/0 setHTML=0/0 shadowInnerHTML=0/0 execCommandInsertHTML=0/0 mappedTextContent=0/0
09-08 02:23:48.103 15801 15801 I ChromeMediaShieldStatus: v=1 seq=15 kind=rendererFamilies roots=element/fragment/text/other factory:calls=0,scans=0,direct=0,roots=0/0/0/0,nodes=0,micros=0,maxMicros=0 domGuard:calls=0,scans=0,direct=0,roots=0/0/0/0,nodes=0,micros=0,maxMicros=0 markup:calls=0,scans=0,direct=0,roots=0/0/0/0,nodes=0,micros=0,maxMicros=0
09-08 02:23:48.103 15801 15801 I ChromeMediaShieldStatus: v=1 seq=15 kind=uiSvg registered=0 registryBytes=0 cssRewritten=0 cssRejected=0 networkAccepted=10 networkRejected=0 assetServed=0 assetRejected=0
09-08 02:23:48.103 15801 15801 I ChromeMediaShieldStatus: v=1 seq=15 kind=health failures=13 clientDisconnects=22 proxyQueueRejects=0 protectFailure=0 quicAttempts=0 directTcpAttempts=0 active=true ready=true
09-08 02:23:48.103 15801 15801 I ChromeMediaShieldStatus: v=1 seq=15 kind=fixture report=REPORT=not_run,DOCUMENTS=0,FRAMES=0,SCRIPTS=0,FIRST_ORIGINAL_SCRIPTS=0,STYLES=0,WORKERS=0,SERVICE_WORKERS=0,FRAME_REPORTS=0,FRAME_REPORT_REJECTS=0,FRAME_REPORT=not_run,FRAME_REPORT_SHA=not_run,FRAME_CHALLENGE_SHA=not_run,FRAME_GENERATION=0,FRAME_ACCEPTED_CHALLENGE_SHA=not_run,FRAME_REPORT_BINDING_SHA=not_run,SAME_URL_BODIES=0,REPORTS=0,SW_BOUNDARY={INSTALL_DOCS=0,WORKER_SCRIPTS=0,WORKER_PROBE_SCRIPTS=0,PROBE_DOCS=0,CLEANUP_DOCS=0,REPORTS_ACCEPTED=0,REPORTS_REJECTED=0,CONTROLLER_PRESENT=0,CONTROLLER_MISSING=0,NAV_FETCHES=0,SELF_READY_FETCHES=0,SELF_READY_PASS_THROUGH=0,SELF_READY_SYNTHETIC=0,NAV_SYNTHETIC=0,RESET_BASELINE_CLEAN=0,RESET_BASELINE_DIRTY=0,REGISTER_BLOCKED=0,REGISTER_SUCCEEDED=0,WORKER_REGISTER_BLOCKED=0,WORKER_REGISTER_SUCCEEDED=0,WORKER_REGISTER_UNSUPPORTED=0,WORKER_REGISTER_ERROR=0,LAST_CASE=none,LAST_EVENT=none,LAST_VALUE=none},UI_SVG={not_run}
09-08 02:24:25.477 15801 16668 I ChromePhotosDataPlane: phase=worker_ready correlationId=c238 admissionWaitMs=0.866
09-08 02:24:25.488 15801 16443 I ChromePhotosDataPlane: phase=worker_ready correlationId=c239 admissionWaitMs=0.259
09-08 02:24:25.496 15801 16531 I ChromePhotosDataPlane: phase=worker_ready correlationId=c240 admissionWaitMs=0.188
09-08 02:24:25.504 15801 16674 I ChromePhotosDataPlane: phase=worker_ready correlationId=c241 admissionWaitMs=0.436
09-08 02:24:25.511 15801 16511 I ChromePhotosDataPlane: phase=worker_ready correlationId=c242 admissionWaitMs=0.293
09-08 02:24:25.514 15801 16674 I ChromePhotosDataPlane: phase=tls_certificate correlationId=c241 tlsCacheHit=true tlsCacheWaitMs=0.020 tlsCreationMs=0.000
09-08 02:24:25.514 15801 16674 I ChromePhotosDataPlane: phase=tls_material correlationId=c241 tlsMaterialMs=0.608
09-08 02:24:25.515 15801 16827 I ChromePhotosDataPlane: phase=worker_ready correlationId=c243 admissionWaitMs=0.231
09-08 02:24:25.517 15801 16531 I ChromePhotosDataPlane: phase=tls_certificate correlationId=c240 tlsCacheHit=true tlsCacheWaitMs=0.012 tlsCreationMs=0.000
09-08 02:24:25.517 15801 16531 I ChromePhotosDataPlane: phase=tls_material correlationId=c240 tlsMaterialMs=0.496
09-08 02:24:25.518 15801 16704 I ChromePhotosDataPlane: phase=worker_ready correlationId=c244 admissionWaitMs=0.257
09-08 02:24:25.525 15801 16827 I ChromePhotosDataPlane: phase=tls_certificate correlationId=c243 tlsCacheHit=true tlsCacheWaitMs=0.009 tlsCreationMs=0.000
09-08 02:24:25.525 15801 16827 I ChromePhotosDataPlane: phase=tls_material correlationId=c243 tlsMaterialMs=0.227
09-08 02:24:25.527 15801 16753 I ChromePhotosDataPlane: phase=worker_ready correlationId=c245 admissionWaitMs=0.176
09-08 02:24:25.531 15801 16531 I ChromePhotosDataPlane: phase=tls_ready correlationId=c240 hostClass=network hostHash=2d0f3c337e640d3a clientProtocol=http/1.1 ca=b84fe96087814860
09-08 02:24:25.533 15801 16704 I ChromePhotosDataPlane: phase=tls_certificate correlationId=c244 tlsCacheHit=true tlsCacheWaitMs=0.018 tlsCreationMs=0.000
09-08 02:24:25.534 15801 16704 I ChromePhotosDataPlane: phase=tls_material correlationId=c244 tlsMaterialMs=1.139
09-08 02:24:25.539 15801 16668 I ChromePhotosDataPlane: phase=tls_certificate correlationId=c238 tlsCacheHit=true tlsCacheWaitMs=0.015 tlsCreationMs=0.000
09-08 02:24:25.539 15801 16668 I ChromePhotosDataPlane: phase=tls_material correlationId=c238 tlsMaterialMs=0.484
09-08 02:24:25.539 15801 16827 I ChromePhotosDataPlane: phase=tls_ready correlationId=c243 hostClass=network hostHash=191347bfe55d0ca9 clientProtocol=http/1.1 ca=b84fe96087814860
09-08 02:24:25.540 15801 16674 I ChromePhotosDataPlane: phase=tls_ready correlationId=c241 hostClass=network hostHash=7df7caa0a5579e01 clientProtocol=http/1.1 ca=b84fe96087814860
09-08 02:24:25.544 15801 16511 I ChromePhotosDataPlane: phase=tls_certificate correlationId=c242 tlsCacheHit=true tlsCacheWaitMs=0.017 tlsCreationMs=0.000
09-08 02:24:25.544 15801 16511 I ChromePhotosDataPlane: phase=tls_material correlationId=c242 tlsMaterialMs=0.380
09-08 02:24:25.548 15801 16443 I ChromePhotosDataPlane: phase=tls_certificate correlationId=c239 tlsCacheHit=true tlsCacheWaitMs=0.014 tlsCreationMs=0.000
09-08 02:24:25.548 15801 16443 I ChromePhotosDataPlane: phase=tls_material correlationId=c239 tlsMaterialMs=0.451
09-08 02:24:25.549 15801 16704 I ChromePhotosDataPlane: phase=tls_ready correlationId=c244 hostClass=network hostHash=d8ecf352ffa86f18 clientProtocol=http/1.1 ca=b84fe96087814860
09-08 02:24:25.550 15801 16668 I ChromePhotosDataPlane: phase=tls_ready correlationId=c238 hostClass=network hostHash=f58aed0f48e58f0c clientProtocol=http/1.1 ca=b84fe96087814860
09-08 02:24:25.557 15801 16511 I ChromePhotosDataPlane: phase=tls_ready correlationId=c242 hostClass=network hostHash=a552b937eecf21c7 clientProtocol=http/1.1 ca=b84fe96087814860
09-08 02:24:25.563 15801 16753 I ChromePhotosDataPlane: phase=tls_certificate correlationId=c245 tlsCacheHit=true tlsCacheWaitMs=0.014 tlsCreationMs=0.000
09-08 02:24:25.563 15801 16753 I ChromePhotosDataPlane: phase=tls_material correlationId=c245 tlsMaterialMs=0.441
09-08 02:24:25.572 15801 16443 I ChromePhotosDataPlane: phase=tls_ready correlationId=c239 hostClass=network hostHash=1c9aae1431eb8709 clientProtocol=http/1.1 ca=b84fe96087814860
09-08 02:24:25.575 15801 16753 I ChromePhotosDataPlane: phase=tls_ready correlationId=c245 hostClass=network hostHash=e2ccecf673591338 clientProtocol=http/1.1 ca=b84fe96087814860
09-08 02:24:27.422 15801 16668 I ChromePhotosDataPlane: phase=media_shield_document origin=real hostClass=network hostHash=f58aed0f48e58f0c result=transformed documentSequence=14 navigationSequence=4 token=5789d90bb99e bytesOut=955772 upstreamHeadersMs=753.137 documentDecisionMs=364.202 downstreamWriteMs=5.052
09-08 02:24:27.469 15801 16723 I ChromePhotosDataPlane: phase=worker_ready correlationId=c246 admissionWaitMs=0.300
09-08 02:24:27.474 15801 16547 I ChromePhotosDataPlane: phase=worker_ready correlationId=c247 admissionWaitMs=0.274
09-08 02:24:27.484 15801 16818 I ChromePhotosDataPlane: phase=worker_ready correlationId=c248 admissionWaitMs=0.235
09-08 02:24:27.487 15801 16547 I ChromePhotosDataPlane: phase=tls_certificate correlationId=c247 tlsCacheHit=true tlsCacheWaitMs=0.024 tlsCreationMs=0.000
09-08 02:24:27.488 15801 16547 I ChromePhotosDataPlane: phase=tls_material correlationId=c247 tlsMaterialMs=0.545
09-08 02:24:27.488 15801 16690 I ChromePhotosDataPlane: phase=worker_ready correlationId=c249 admissionWaitMs=0.396
09-08 02:24:27.496 15801 16659 I ChromePhotosDataPlane: phase=worker_ready correlationId=c250 admissionWaitMs=0.203
09-08 02:24:27.502 15801 16818 I ChromePhotosDataPlane: phase=tls_certificate correlationId=c248 tlsCacheHit=true tlsCacheWaitMs=0.017 tlsCreationMs=0.000
09-08 02:24:27.502 15801 16818 I ChromePhotosDataPlane: phase=tls_material correlationId=c248 tlsMaterialMs=0.423
09-08 02:24:27.502 15801 16690 I ChromePhotosDataPlane: phase=tls_certificate correlationId=c249 tlsCacheHit=true tlsCacheWaitMs=0.015 tlsCreationMs=0.000
09-08 02:24:27.502 15801 16690 I ChromePhotosDataPlane: phase=tls_material correlationId=c249 tlsMaterialMs=0.500
09-08 02:24:27.503 15801 16547 I ChromePhotosDataPlane: phase=tls_ready correlationId=c247 hostClass=network hostHash=7ffe8698ca81d914 clientProtocol=http/1.1 ca=b84fe96087814860
09-08 02:24:27.504 15801 16659 I ChromePhotosDataPlane: phase=tls_certificate correlationId=c250 tlsCacheHit=true tlsCacheWaitMs=0.008 tlsCreationMs=0.000
09-08 02:24:27.504 15801 16659 I ChromePhotosDataPlane: phase=tls_material correlationId=c250 tlsMaterialMs=0.140
09-08 02:24:27.512 15801 16690 I ChromePhotosDataPlane: phase=tls_ready correlationId=c249 hostClass=network hostHash=816c1c4228e457b0 clientProtocol=http/1.1 ca=b84fe96087814860
09-08 02:24:27.516 15801 16659 I ChromePhotosDataPlane: phase=tls_ready correlationId=c250 hostClass=network hostHash=7df7caa0a5579e01 clientProtocol=http/1.1 ca=b84fe96087814860
09-08 02:24:27.520 15801 16723 I ChromePhotosDataPlane: phase=tls_certificate correlationId=c246 tlsCacheHit=true tlsCacheWaitMs=0.012 tlsCreationMs=0.000
09-08 02:24:27.520 15801 16723 I ChromePhotosDataPlane: phase=tls_material correlationId=c246 tlsMaterialMs=0.275
09-08 02:24:27.533 15801 16723 I ChromePhotosDataPlane: phase=tls_ready correlationId=c246 hostClass=network hostHash=fdbc7f1491a89ee6 clientProtocol=http/1.1 ca=b84fe96087814860
09-08 02:24:27.533 15801 16818 I ChromePhotosDataPlane: phase=tls_ready correlationId=c248 hostClass=network hostHash=816c1c4228e457b0 clientProtocol=http/1.1 ca=b84fe96087814860
09-08 02:24:27.534 15801 16698 I ChromePhotosDataPlane: phase=worker_ready correlationId=c251 admissionWaitMs=17.200
09-08 02:24:27.536 15801 16668 I ChromePhotosDataPlane: phase=media_shield_ready origin=same_origin result=204 bytesOut=0
09-08 02:24:27.540 15801 16533 I ChromePhotosDataPlane: phase=worker_ready correlationId=c252 admissionWaitMs=12.305
09-08 02:24:27.541 15801 16698 I ChromePhotosDataPlane: phase=tls_certificate correlationId=c251 tlsCacheHit=true tlsCacheWaitMs=0.020 tlsCreationMs=0.000
09-08 02:24:27.541 15801 16698 I ChromePhotosDataPlane: phase=tls_material correlationId=c251 tlsMaterialMs=0.509
09-08 02:24:27.547 15801 16533 I ChromePhotosDataPlane: phase=tls_certificate correlationId=c252 tlsCacheHit=true tlsCacheWaitMs=0.012 tlsCreationMs=0.000
09-08 02:24:27.547 15801 16668 I ChromePhotosDataPlane: phase=media_shield_ready origin=same_origin result=204 bytesOut=0
09-08 02:24:27.547 15801 16533 I ChromePhotosDataPlane: phase=tls_material correlationId=c252 tlsMaterialMs=0.994
09-08 02:24:27.555 15801 16698 I ChromePhotosDataPlane: phase=tls_ready correlationId=c251 hostClass=network hostHash=816c1c4228e457b0 clientProtocol=http/1.1 ca=b84fe96087814860
09-08 02:24:27.556 15801 16668 I ChromePhotosDataPlane: phase=media_shield_ready origin=same_origin result=204 bytesOut=0
09-08 02:24:27.564 15801 16533 I ChromePhotosDataPlane: phase=tls_ready correlationId=c252 hostClass=network hostHash=fdbc7f1491a89ee6 clientProtocol=http/1.1 ca=b84fe96087814860
09-08 02:24:27.672 15801 16547 I ChromePhotosDataPlane: origin=real hostClass=network hostHash=7ffe8698ca81d914 method=POST clientProtocol=http/1.1 upstreamProtocol=h2 status=200 contentType=application/javascript bytesOut=0 transfer=fixed upstreamHeadersMs=165.962 downstreamWriteMs=1.659
09-08 02:24:27.767 15801 16417 I ChromePhotosDataPlane: phase=worker_ready correlationId=c253 admissionWaitMs=0.452
09-08 02:24:27.776 15801 16690 I ChromePhotosDataPlane: origin=real hostClass=network hostHash=816c1c4228e457b0 method=POST clientProtocol=http/1.1 upstreamProtocol=h2 status=200 contentType=application/javascript bytesOut=0 transfer=fixed upstreamHeadersMs=261.324 downstreamWriteMs=1.083
09-08 02:24:27.791 15801 16417 I ChromePhotosDataPlane: phase=tls_certificate correlationId=c253 tlsCacheHit=true tlsCacheWaitMs=0.018 tlsCreationMs=0.000
09-08 02:24:27.791 15801 16417 I ChromePhotosDataPlane: phase=tls_material correlationId=c253 tlsMaterialMs=0.482
09-08 02:24:27.799 15801 16818 I ChromePhotosDataPlane: origin=real hostClass=network hostHash=816c1c4228e457b0 method=POST clientProtocol=http/1.1 upstreamProtocol=h2 status=200 contentType=application/javascript bytesOut=0 transfer=fixed upstreamHeadersMs=258.818 downstreamWriteMs=4.390
09-08 02:24:27.808 15801 16497 I ChromePhotosDataPlane: phase=worker_ready correlationId=c254 admissionWaitMs=1.303
09-08 02:24:27.809 15801 16661 I ChromePhotosDataPlane: phase=worker_ready correlationId=c255 admissionWaitMs=0.287
09-08 02:24:27.813 15801 16497 I ChromePhotosDataPlane: phase=tls_certificate correlationId=c254 tlsCacheHit=true tlsCacheWaitMs=0.011 tlsCreationMs=0.000
09-08 02:24:27.813 15801 16497 I ChromePhotosDataPlane: phase=tls_material correlationId=c254 tlsMaterialMs=0.214
09-08 02:24:27.814 15801 16417 I ChromePhotosDataPlane: phase=tls_ready correlationId=c253 hostClass=network hostHash=fdbc7f1491a89ee6 clientProtocol=http/1.1 ca=b84fe96087814860
09-08 02:24:27.819 15801 16661 I ChromePhotosDataPlane: phase=tls_certificate correlationId=c255 tlsCacheHit=true tlsCacheWaitMs=0.011 tlsCreationMs=0.000
09-08 02:24:27.819 15801 16661 I ChromePhotosDataPlane: phase=tls_material correlationId=c255 tlsMaterialMs=0.191
09-08 02:24:27.822 15801 16698 I ChromePhotosDataPlane: origin=real hostClass=network hostHash=816c1c4228e457b0 method=POST clientProtocol=http/1.1 upstreamProtocol=h2 status=200 contentType=application/javascript bytesOut=0 transfer=fixed upstreamHeadersMs=264.633 downstreamWriteMs=0.726
09-08 02:24:27.832 15801 16661 I ChromePhotosDataPlane: phase=tls_ready correlationId=c255 hostClass=network hostHash=fdbc7f1491a89ee6 clientProtocol=http/1.1 ca=b84fe96087814860
09-08 02:24:27.834 15801 16497 I ChromePhotosDataPlane: phase=tls_ready correlationId=c254 hostClass=network hostHash=fdbc7f1491a89ee6 clientProtocol=http/1.1 ca=b84fe96087814860
09-08 02:24:28.063 15801 16443 I ChromePhotosDataPlane: origin=real hostClass=network hostHash=1c9aae1431eb8709 method=GET clientProtocol=http/1.1 upstreamProtocol=h2 status=200 contentType=application/javascript bytesOut=112 transfer=chunked upstreamHeadersMs=291.997 downstreamWriteMs=1.906
09-08 02:24:28.229 15801 16500 I ChromePhotosDataPlane: phase=worker_ready correlationId=c256 admissionWaitMs=0.695
09-08 02:24:28.250 15801 16632 I ChromePhotosDataPlane: phase=worker_ready correlationId=c257 admissionWaitMs=1.888
09-08 02:24:28.255 15801 16554 I ChromePhotosDataPlane: phase=worker_ready correlationId=c258 admissionWaitMs=0.184
09-08 02:24:28.257 15801 16632 I ChromePhotosDataPlane: phase=tls_certificate correlationId=c257 tlsCacheHit=true tlsCacheWaitMs=0.012 tlsCreationMs=0.000
09-08 02:24:28.257 15801 16632 I ChromePhotosDataPlane: phase=tls_material correlationId=c257 tlsMaterialMs=0.415
09-08 02:24:28.266 15801 16500 I ChromePhotosDataPlane: phase=tls_certificate correlationId=c256 tlsCacheHit=true tlsCacheWaitMs=0.014 tlsCreationMs=0.000
09-08 02:24:28.266 15801 16500 I ChromePhotosDataPlane: phase=tls_material correlationId=c256 tlsMaterialMs=0.550
09-08 02:24:28.283 15801 16723 I ChromePhotosDataPlane: origin=real hostClass=network hostHash=fdbc7f1491a89ee6 method=GET clientProtocol=http/1.1 upstreamProtocol=h2 status=200 contentType=image/webp bytesIn=21480 bytesOut=21480 cache=miss decision=safe reason=model_allow source=engine probability=0.019576043 basis=None decodeMs=16.684 inferenceMs=548.975 inferenceQueueMs=0.141 localDecisionMs=566.614  bodyAdmissionMs=0.061 bodyReadMs=0.680 hashMs=0.231 requestToDeliveryMs=747.816 upstreamHeadersMs=174.194 sanitizeMs=571.371 downstreamWriteMs=0.568
09-08 02:24:28.286 15801 16554 I ChromePhotosDataPlane: phase=tls_certificate correlationId=c258 tlsCacheHit=true tlsCacheWaitMs=0.045 tlsCreationMs=0.000
09-08 02:24:28.286 15801 16554 I ChromePhotosDataPlane: phase=tls_material correlationId=c258 tlsMaterialMs=0.541
09-08 02:24:28.287 15801 16632 I ChromePhotosDataPlane: phase=tls_ready correlationId=c257 hostClass=network hostHash=fdbc7f1491a89ee6 clientProtocol=http/1.1 ca=b84fe96087814860
09-08 02:24:28.304 15801 16500 I ChromePhotosDataPlane: phase=tls_ready correlationId=c256 hostClass=network hostHash=ee8cdc867bba487e clientProtocol=http/1.1 ca=b84fe96087814860
09-08 02:24:28.308 15801 16554 I ChromePhotosDataPlane: phase=tls_ready correlationId=c258 hostClass=network hostHash=ee8cdc867bba487e clientProtocol=http/1.1 ca=b84fe96087814860
09-08 02:24:28.882 15801 16533 I ChromePhotosDataPlane: origin=real hostClass=network hostHash=fdbc7f1491a89ee6 method=GET clientProtocol=http/1.1 upstreamProtocol=h2 status=200 contentType=image/webp bytesIn=26888 bytesOut=26888 cache=miss decision=safe reason=model_allow source=engine probability=0.01354295 basis=None decodeMs=40.733 inferenceMs=552.973 inferenceQueueMs=410.663 localDecisionMs=1005.381  bodyAdmissionMs=0.013 bodyReadMs=6.294 hashMs=0.252 requestToDeliveryMs=1315.914 upstreamHeadersMs=293.554 sanitizeMs=1016.489 downstreamWriteMs=2.378
09-08 02:24:29.435 15801 16417 I ChromePhotosDataPlane: origin=real hostClass=network hostHash=fdbc7f1491a89ee6 method=GET clientProtocol=http/1.1 upstreamProtocol=h2 status=200 contentType=image/webp bytesIn=16300 bytesOut=16300 cache=miss decision=safe reason=model_allow source=engine probability=0.26753896 basis=None decodeMs=14.767 inferenceMs=538.785 inferenceQueueMs=589.337 localDecisionMs=1144.589  bodyAdmissionMs=257.645 bodyReadMs=0.141 hashMs=0.225 requestToDeliveryMs=1603.981 upstreamHeadersMs=193.836 sanitizeMs=1406.090 downstreamWriteMs=0.962
09-08 02:24:29.980 15801 16497 I ChromePhotosDataPlane: origin=real hostClass=network hostHash=fdbc7f1491a89ee6 method=GET clientProtocol=http/1.1 upstreamProtocol=h2 status=200 contentType=image/webp bytesIn=16002 bytesOut=16002 cache=miss decision=safe reason=model_allow source=engine probability=0.06782976 basis=None decodeMs=17.504 inferenceMs=527.557 inferenceQueueMs=537.412 localDecisionMs=1083.361  bodyAdmissionMs=840.640 bodyReadMs=0.441 hashMs=0.474 requestToDeliveryMs=2142.096 upstreamHeadersMs=198.300 sanitizeMs=1939.857 downstreamWriteMs=1.389
09-08 02:24:30.535 15801 16554 I ChromePhotosDataPlane: origin=real hostClass=network hostHash=ee8cdc867bba487e method=GET clientProtocol=http/1.1 upstreamProtocol=h2 status=200 contentType=image/png bytesIn=42 bytesOut=704 cache=miss decision=unknown reason=unsupported_gif source=error probability=-1.0 basis=none decodeMs=0.000 inferenceMs=0.000 inferenceQueueMs=0.000 localDecisionMs=0.000  bodyAdmissionMs=2016.599 bodyReadMs=0.530 requestToDeliveryMs=2220.977 upstreamHeadersMs=197.974 sanitizeMs=2018.764 downstreamWriteMs=2.436
09-08 02:24:30.535 15801 16500 I ChromePhotosDataPlane: origin=real hostClass=network hostHash=ee8cdc867bba487e method=GET clientProtocol=http/1.1 upstreamProtocol=h2 status=200 contentType=image/png bytesIn=42 bytesOut=704 cache=miss decision=unknown reason=unsupported_gif source=error probability=-1.0 basis=none decodeMs=0.000 inferenceMs=0.000 inferenceQueueMs=0.000 localDecisionMs=0.000  bodyAdmissionMs=2017.012 bodyReadMs=0.504 requestToDeliveryMs=2217.483 upstreamHeadersMs=196.621 sanitizeMs=2018.280 downstreamWriteMs=0.804
09-08 02:24:30.539 15801 16661 I ChromePhotosDataPlane: origin=real hostClass=network hostHash=fdbc7f1491a89ee6 method=GET clientProtocol=http/1.1 upstreamProtocol=h2 status=200 contentType=image/webp bytesIn=25378 bytesOut=25378 cache=miss decision=safe reason=model_allow source=engine probability=0.09926775 basis=None decodeMs=15.264 inferenceMs=537.287 inferenceQueueMs=533.040 localDecisionMs=1086.506  bodyAdmissionMs=1390.374 bodyReadMs=0.297 hashMs=0.515 requestToDeliveryMs=2701.918 upstreamHeadersMs=203.612 sanitizeMs=2488.226 downstreamWriteMs=6.767
09-08 02:24:31.086 15801 16632 I ChromePhotosDataPlane: origin=real hostClass=network hostHash=fdbc7f1491a89ee6 method=GET clientProtocol=http/1.1 upstreamProtocol=h2 status=200 contentType=image/webp bytesIn=17738 bytesOut=17738 cache=miss decision=safe reason=model_allow source=engine probability=0.094395995 basis=None decodeMs=14.575 inferenceMs=535.315 inferenceQueueMs=540.690 localDecisionMs=1091.533  bodyAdmissionMs=1516.330 bodyReadMs=0.436 hashMs=0.379 requestToDeliveryMs=2796.856 upstreamHeadersMs=174.764 sanitizeMs=2616.028 downstreamWriteMs=2.341
09-08 02:24:31.221 15801 16723 I ChromePhotosDataPlane: origin=real hostClass=network hostHash=fdbc7f1491a89ee6 method=GET clientProtocol=http/1.1 upstreamProtocol=h2 status=200 contentType=image/png bytesIn=6621 bytesOut=6621 cache=miss decision=safe reason=model_allow source=engine probability=0.010038227 basis=None decodeMs=3.585 inferenceMs=132.754 inferenceQueueMs=543.335 localDecisionMs=680.432  bodyAdmissionMs=1917.730 bodyReadMs=0.199 hashMs=0.475 requestToDeliveryMs=2890.276 upstreamHeadersMs=284.580 sanitizeMs=2600.662 downstreamWriteMs=1.446
09-08 02:24:31.357 15801 16533 I ChromePhotosDataPlane: origin=real hostClass=network hostHash=fdbc7f1491a89ee6 method=GET clientProtocol=http/1.1 upstreamProtocol=h2 status=200 contentType=image/png bytesIn=7462 bytesOut=7462 cache=miss decision=safe reason=model_allow source=engine probability=0.022609293 basis=None decodeMs=2.758 inferenceMs=132.871 inferenceQueueMs=130.368 localDecisionMs=266.829  bodyAdmissionMs=1979.906 bodyReadMs=0.349 hashMs=0.913 requestToDeliveryMs=2421.533 upstreamHeadersMs=162.846 sanitizeMs=2252.431 downstreamWriteMs=1.511
09-08 02:24:31.494 15801 16417 I ChromePhotosDataPlane: origin=real hostClass=network hostHash=fdbc7f1491a89ee6 method=GET clientProtocol=http/1.1 upstreamProtocol=h2 status=200 contentType=image/png bytesIn=25318 bytesOut=25318 cache=miss decision=safe reason=model_allow source=engine probability=0.02602917 basis=None decodeMs=3.911 inferenceMs=131.176 inferenceQueueMs=119.247 localDecisionMs=255.087  bodyAdmissionMs=1552.551 bodyReadMs=0.635 hashMs=0.917 requestToDeliveryMs=2002.337 upstreamHeadersMs=170.917 sanitizeMs=1823.950 downstreamWriteMs=3.291
09-08 02:24:31.628 15801 16497 I ChromePhotosDataPlane: origin=real hostClass=network hostHash=fdbc7f1491a89ee6 method=GET clientProtocol=http/1.1 upstreamProtocol=h2 status=200 contentType=image/webp bytesIn=8344 bytesOut=8344 cache=miss decision=safe reason=model_allow source=engine probability=0.013767481 basis=None decodeMs=5.673 inferenceMs=131.351 inferenceQueueMs=120.916 localDecisionMs=258.638  bodyAdmissionMs=1160.245 bodyReadMs=0.508 hashMs=1.001 requestToDeliveryMs=1598.840 upstreamHeadersMs=166.271 sanitizeMs=1427.862 downstreamWriteMs=0.898
09-08 02:24:31.777 15801 16661 I ChromePhotosDataPlane: origin=real hostClass=network hostHash=fdbc7f1491a89ee6 method=GET clientProtocol=http/1.1 upstreamProtocol=h2 status=200 contentType=image/webp bytesIn=4912 bytesOut=4912 cache=miss decision=safe reason=model_allow source=engine probability=0.029026985 basis=None decodeMs=5.462 inferenceMs=132.253 inferenceQueueMs=129.050 localDecisionMs=267.684  bodyAdmissionMs=738.770 bodyReadMs=0.384 hashMs=0.821 requestToDeliveryMs=1188.922 upstreamHeadersMs=162.384 sanitizeMs=1012.191 downstreamWriteMs=7.749
09-08 02:24:31.917 15801 16632 I ChromePhotosDataPlane: origin=real hostClass=network hostHash=fdbc7f1491a89ee6 method=GET clientProtocol=http/1.1 upstreamProtocol=h2 status=200 contentType=image/webp bytesIn=4858 bytesOut=4858 cache=miss decision=safe reason=model_allow source=engine probability=0.0034654438 basis=None decodeMs=5.613 inferenceMs=139.774 inferenceQueueMs=134.742 localDecisionMs=281.234  bodyAdmissionMs=303.348 bodyReadMs=0.185 hashMs=0.478 requestToDeliveryMs=787.167 upstreamHeadersMs=191.889 sanitizeMs=587.493 downstreamWriteMs=1.889
09-08 02:24:32.057 15801 16723 I ChromePhotosDataPlane: origin=real hostClass=network hostHash=fdbc7f1491a89ee6 method=GET clientProtocol=http/1.1 upstreamProtocol=h2 status=200 contentType=image/webp bytesIn=2266 bytesOut=2266 cache=miss decision=safe reason=model_allow source=engine probability=0.01720336 basis=None decodeMs=5.061 inferenceMs=136.248 inferenceQueueMs=138.661 localDecisionMs=280.713  bodyAdmissionMs=239.343 bodyReadMs=0.450 hashMs=1.367 requestToDeliveryMs=793.733 upstreamHeadersMs=262.776 sanitizeMs=525.109 downstreamWriteMs=1.075
09-08 02:24:32.194 15801 16533 I ChromePhotosDataPlane: origin=real hostClass=network hostHash=fdbc7f1491a89ee6 method=GET clientProtocol=http/1.1 upstreamProtocol=h2 status=200 contentType=image/webp bytesIn=5666 bytesOut=5666 cache=miss decision=safe reason=model_allow source=engine probability=0.017977506 basis=None decodeMs=5.311 inferenceMs=131.746 inferenceQueueMs=132.084 localDecisionMs=269.934  bodyAdmissionMs=177.760 bodyReadMs=0.401 hashMs=1.566 requestToDeliveryMs=795.038 upstreamHeadersMs=333.206 sanitizeMs=456.686 downstreamWriteMs=1.278
09-08 02:24:32.328 15801 16417 I ChromePhotosDataPlane: origin=real hostClass=network hostHash=fdbc7f1491a89ee6 method=GET clientProtocol=http/1.1 upstreamProtocol=h2 status=200 contentType=image/webp bytesIn=4986 bytesOut=4986 cache=miss decision=safe reason=model_allow source=engine probability=0.006761968 basis=None decodeMs=5.203 inferenceMs=131.973 inferenceQueueMs=135.935 localDecisionMs=273.683  bodyAdmissionMs=161.163 bodyReadMs=0.105 hashMs=0.178 requestToDeliveryMs=792.905 upstreamHeadersMs=354.170 sanitizeMs=436.074 downstreamWriteMs=0.843
09-08 02:24:32.470 15801 16497 I ChromePhotosDataPlane: origin=real hostClass=network hostHash=fdbc7f1491a89ee6 method=GET clientProtocol=http/1.1 upstreamProtocol=h2 status=200 contentType=image/webp bytesIn=2532 bytesOut=2532 cache=miss decision=safe reason=model_allow source=engine probability=0.008957833 basis=None decodeMs=5.248 inferenceMs=133.425 inferenceQueueMs=132.038 localDecisionMs=271.511  bodyAdmissionMs=297.002 bodyReadMs=0.657 hashMs=1.760 requestToDeliveryMs=798.158 upstreamHeadersMs=220.317 sanitizeMs=573.353 downstreamWriteMs=1.615
09-08 02:24:32.610 15801 16661 I ChromePhotosDataPlane: origin=real hostClass=network hostHash=fdbc7f1491a89ee6 method=GET clientProtocol=http/1.1 upstreamProtocol=h2 status=200 contentType=image/webp bytesIn=7148 bytesOut=7148 cache=miss decision=safe reason=model_allow source=engine probability=0.009210944 basis=None decodeMs=5.869 inferenceMs=131.679 inferenceQueueMs=135.653 localDecisionMs=273.775  bodyAdmissionMs=276.109 bodyReadMs=0.173 hashMs=0.419 requestToDeliveryMs=795.536 upstreamHeadersMs=235.420 sanitizeMs=553.188 downstreamWriteMs=2.014
09-08 02:24:33.149 15801 16632 I ChromePhotosDataPlane: origin=real hostClass=network hostHash=fdbc7f1491a89ee6 method=GET clientProtocol=http/1.1 upstreamProtocol=h2 status=200 contentType=image/webp bytesIn=2190 bytesOut=2190 cache=miss decision=safe reason=model_allow source=engine probability=0.03790164 basis=None decodeMs=7.943 inferenceMs=533.261 inferenceQueueMs=134.649 localDecisionMs=676.884  bodyAdmissionMs=219.393 bodyReadMs=0.243 hashMs=0.678 requestToDeliveryMs=1193.987 upstreamHeadersMs=290.650 sanitizeMs=899.274 downstreamWriteMs=1.170
09-08 02:24:33.287 15801 16723 I ChromePhotosDataPlane: origin=real hostClass=network hostHash=fdbc7f1491a89ee6 method=GET clientProtocol=http/1.1 upstreamProtocol=h2 status=200 contentType=image/webp bytesIn=4032 bytesOut=4032 cache=miss decision=safe reason=model_allow source=engine probability=0.045313567 basis=None decodeMs=5.370 inferenceMs=133.400 inferenceQueueMs=533.936 localDecisionMs=673.400  bodyAdmissionMs=152.809 bodyReadMs=0.521 hashMs=1.107 requestToDeliveryMs=1178.008 upstreamHeadersMs=339.787 sanitizeMs=833.345 downstreamWriteMs=0.946
09-08 02:24:33.441 15801 16533 I ChromePhotosDataPlane: origin=real hostClass=network hostHash=fdbc7f1491a89ee6 method=GET clientProtocol=http/1.1 upstreamProtocol=h2 status=200 contentType=image/webp bytesIn=6380 bytesOut=6380 cache=miss decision=safe reason=model_allow source=engine probability=0.07566276 basis=None decodeMs=4.833 inferenceMs=135.614 inferenceQueueMs=133.479 localDecisionMs=274.896  bodyAdmissionMs=492.631 bodyReadMs=0.316 hashMs=0.662 requestToDeliveryMs=1193.298 upstreamHeadersMs=404.000 sanitizeMs=772.763 downstreamWriteMs=3.644
09-08 02:24:33.553 15801 16500 I ChromePhotosDataPlane: origin=real hostClass=network hostHash=ee8cdc867bba487e method=GET clientProtocol=http/1.1 upstreamProtocol=h2 status=302 contentType= bytesIn=0 bytesOut=0 cache=miss decision=passthrough   requestToDeliveryMs=70.494 upstreamHeadersMs=62.934 sanitizeMs=2.366 downstreamWriteMs=1.208
09-08 02:24:33.973 15801 16417 I ChromePhotosDataPlane: origin=real hostClass=network hostHash=fdbc7f1491a89ee6 method=GET clientProtocol=http/1.1 upstreamProtocol=h2 status=200 contentType=image/webp bytesIn=2878 bytesOut=2878 cache=miss decision=safe reason=model_allow source=engine probability=0.039949685 basis=None decodeMs=7.976 inferenceMs=534.893 inferenceQueueMs=136.661 localDecisionMs=680.421  bodyAdmissionMs=630.753 bodyReadMs=0.285 hashMs=1.415 requestToDeliveryMs=1593.910 upstreamHeadersMs=270.554 sanitizeMs=1315.023 downstreamWriteMs=1.821
09-08 02:24:34.528 15801 16723 I ChromePhotosDataPlane: origin=real hostClass=network hostHash=fdbc7f1491a89ee6 method=GET clientProtocol=http/1.1 upstreamProtocol=h2 status=200 contentType=image/webp bytesIn=24630 bytesOut=24630 cache=miss decision=safe reason=model_allow source=engine probability=0.24903974 basis=None decodeMs=15.119 inferenceMs=539.070 inferenceQueueMs=459.730 localDecisionMs=1014.829  bodyAdmissionMs=0.013 bodyReadMs=0.574 hashMs=0.429 requestToDeliveryMs=1195.414 upstreamHeadersMs=166.430 sanitizeMs=1024.143 downstreamWriteMs=2.464
09-08 02:24:34.568 15801 16647 I ChromePhotosDataPlane: phase=worker_ready correlationId=c259 admissionWaitMs=0.391
09-08 02:24:34.581 15801 16647 I ChromePhotosDataPlane: phase=tls_certificate correlationId=c259 tlsCacheHit=true tlsCacheWaitMs=0.048 tlsCreationMs=0.000
09-08 02:24:34.581 15801 16647 I ChromePhotosDataPlane: phase=tls_material correlationId=c259 tlsMaterialMs=0.673
09-08 02:24:34.602 15801 16647 I ChromePhotosDataPlane: phase=tls_ready correlationId=c259 hostClass=network hostHash=78545291017afd6d clientProtocol=http/1.1 ca=b84fe96087814860
09-08 02:24:35.094 15801 16632 I ChromePhotosDataPlane: origin=real hostClass=network hostHash=fdbc7f1491a89ee6 method=GET clientProtocol=http/1.1 upstreamProtocol=h2 status=200 contentType=image/webp bytesIn=38268 bytesOut=38268 cache=miss decision=safe reason=model_allow source=engine probability=0.10734418 basis=None decodeMs=20.102 inferenceMs=535.743 inferenceQueueMs=521.684 localDecisionMs=1078.429  bodyAdmissionMs=291.924 bodyReadMs=1.104 hashMs=0.761 requestToDeliveryMs=1748.522 upstreamHeadersMs=329.031 sanitizeMs=1402.995 downstreamWriteMs=5.919
09-08 02:24:35.640 15801 16554 I ChromePhotosDataPlane: origin=real hostClass=network hostHash=ee8cdc867bba487e method=GET clientProtocol=http/1.1 upstreamProtocol=h2 status=200 contentType=image/png bytesIn=42 bytesOut=704 cache=miss decision=unknown reason=unsupported_gif source=error probability=-1.0 basis=none decodeMs=0.000 inferenceMs=0.000 inferenceQueueMs=0.000 localDecisionMs=0.000  bodyAdmissionMs=1540.738 bodyReadMs=0.405 requestToDeliveryMs=1613.979 upstreamHeadersMs=66.835 sanitizeMs=1542.277 downstreamWriteMs=1.310
09-08 02:24:35.645 15801 16661 I ChromePhotosDataPlane: origin=real hostClass=network hostHash=fdbc7f1491a89ee6 method=GET clientProtocol=http/1.1 upstreamProtocol=h2 status=200 contentType=image/webp bytesIn=31020 bytesOut=31020 cache=miss decision=safe reason=model_allow source=engine probability=0.12847963 basis=None decodeMs=19.792 inferenceMs=534.041 inferenceQueueMs=530.309 localDecisionMs=1085.258  bodyAdmissionMs=844.973 bodyReadMs=0.378 hashMs=0.731 requestToDeliveryMs=2166.724 upstreamHeadersMs=200.138 sanitizeMs=1956.011 downstreamWriteMs=4.841
09-08 02:24:36.189 15801 16533 I ChromePhotosDataPlane: origin=real hostClass=network hostHash=fdbc7f1491a89ee6 method=GET clientProtocol=http/1.1 upstreamProtocol=h2 status=200 contentType=image/webp bytesIn=22370 bytesOut=22370 cache=miss decision=safe reason=model_allow source=engine probability=0.24491698 basis=None decodeMs=16.012 inferenceMs=530.072 inferenceQueueMs=521.054 localDecisionMs=1068.431  bodyAdmissionMs=1197.666 bodyReadMs=0.852 hashMs=0.513 requestToDeliveryMs=2700.136 upstreamHeadersMs=390.845 sanitizeMs=2299.131 downstreamWriteMs=4.391
09-08 02:24:36.329 15801 16417 I ChromePhotosDataPlane: origin=real hostClass=network hostHash=fdbc7f1491a89ee6 method=GET clientProtocol=http/1.1 upstreamProtocol=h2 status=200 contentType=image/webp bytesIn=20724 bytesOut=20724 cache=miss decision=safe reason=model_allow source=engine probability=0.03526777 basis=None decodeMs=6.487 inferenceMs=131.127 inferenceQueueMs=524.306 localDecisionMs=662.738  bodyAdmissionMs=1433.884 bodyReadMs=0.332 hashMs=0.457 requestToDeliveryMs=2300.465 upstreamHeadersMs=173.564 sanitizeMs=2115.221 downstreamWriteMs=6.148
09-08 02:24:36.868 15801 16497 I ChromePhotosDataPlane: origin=real hostClass=network hostHash=fdbc7f1491a89ee6 method=GET clientProtocol=http/1.1 upstreamProtocol=h2 status=200 contentType=image/webp bytesIn=14462 bytesOut=14462 cache=miss decision=safe reason=model_allow source=engine probability=0.029973358 basis=None decodeMs=13.619 inferenceMs=531.733 inferenceQueueMs=121.939 localDecisionMs=668.221  bodyAdmissionMs=1818.808 bodyReadMs=0.504 hashMs=0.919 requestToDeliveryMs=2839.949 upstreamHeadersMs=330.894 sanitizeMs=2502.273 downstreamWriteMs=1.157
09-08 02:24:37.022 15801 16647 I ChromePhotosDataPlane: origin=real hostClass=network hostHash=78545291017afd6d method=GET clientProtocol=http/1.1 upstreamProtocol=h2 status=200 contentType=image/png bytesIn=127837 bytesOut=127837 cache=miss decision=safe reason=model_allow source=engine probability=0.05982989 basis=None decodeMs=11.444 inferenceMs=135.015 inferenceQueueMs=494.286 localDecisionMs=641.610  bodyAdmissionMs=1559.056 bodyReadMs=2.525 hashMs=1.022 requestToDeliveryMs=2418.495 upstreamHeadersMs=159.901 sanitizeMs=2249.292 downstreamWriteMs=5.613
09-08 02:24:37.156 15801 16632 I ChromePhotosDataPlane: origin=real hostClass=network hostHash=fdbc7f1491a89ee6 method=GET clientProtocol=http/1.1 upstreamProtocol=h2 status=200 contentType=image/webp bytesIn=4476 bytesOut=4476 cache=miss decision=safe reason=model_allow source=engine probability=0.0146947205 basis=None decodeMs=4.090 inferenceMs=131.276 inferenceQueueMs=144.461 localDecisionMs=280.740  bodyAdmissionMs=1565.843 bodyReadMs=0.192 hashMs=0.376 requestToDeliveryMs=2043.019 upstreamHeadersMs=185.036 sanitizeMs=1849.608 downstreamWriteMs=3.783
09-08 02:24:37.289 15801 16661 I ChromePhotosDataPlane: origin=real hostClass=network hostHash=fdbc7f1491a89ee6 method=GET clientProtocol=http/1.1 upstreamProtocol=h2 status=200 contentType=image/webp bytesIn=4082 bytesOut=4082 cache=miss decision=safe reason=model_allow source=engine probability=0.01923281 basis=None decodeMs=5.718 inferenceMs=131.759 inferenceQueueMs=129.643 localDecisionMs=267.686  bodyAdmissionMs=1175.564 bodyReadMs=0.336 hashMs=0.535 requestToDeliveryMs=1635.429 upstreamHeadersMs=183.619 sanitizeMs=1447.048 downstreamWriteMs=0.925
09-08 02:24:37.429 15801 16723 I ChromePhotosDataPlane: origin=real hostClass=network hostHash=fdbc7f1491a89ee6 method=GET clientProtocol=http/1.1 upstreamProtocol=h2 status=200 contentType=image/webp bytesIn=5646 bytesOut=5646 cache=miss decision=safe reason=model_allow source=engine probability=0.013387382 basis=None decodeMs=5.216 inferenceMs=131.707 inferenceQueueMs=129.754 localDecisionMs=267.247  bodyAdmissionMs=1152.923 bodyReadMs=0.594 hashMs=0.391 requestToDeliveryMs=1748.532 upstreamHeadersMs=316.344 sanitizeMs=1426.623 downstreamWriteMs=2.088
09-08 02:24:37.567 15801 16533 I ChromePhotosDataPlane: origin=real hostClass=network hostHash=fdbc7f1491a89ee6 method=GET clientProtocol=http/1.1 upstreamProtocol=h2 status=200 contentType=image/webp bytesIn=3862 bytesOut=3862 cache=miss decision=safe reason=model_allow source=engine probability=0.021878213 basis=None decodeMs=5.401 inferenceMs=133.160 inferenceQueueMs=134.136 localDecisionMs=273.971  bodyAdmissionMs=875.375 bodyReadMs=0.185 hashMs=0.445 requestToDeliveryMs=1330.150 upstreamHeadersMs=172.362 sanitizeMs=1151.954 downstreamWriteMs=1.256
09-08 02:24:38.112 15801 16417 I ChromePhotosDataPlane: origin=real hostClass=network hostHash=fdbc7f1491a89ee6 method=GET clientProtocol=http/1.1 upstreamProtocol=h2 status=200 contentType=image/webp bytesIn=1952 bytesOut=1952 cache=miss decision=safe reason=model_allow source=engine probability=0.031541497 basis=None decodeMs=7.715 inferenceMs=534.425 inferenceQueueMs=134.854 localDecisionMs=678.082  bodyAdmissionMs=853.878 bodyReadMs=0.372 hashMs=1.227 requestToDeliveryMs=1741.951 upstreamHeadersMs=197.383 sanitizeMs=1535.879 downstreamWriteMs=1.736
09-08 02:24:38.665 15801 16497 I ChromePhotosDataPlane: origin=real hostClass=network hostHash=fdbc7f1491a89ee6 method=GET clientProtocol=http/1.1 upstreamProtocol=h2 status=200 contentType=image/webp bytesIn=1754 bytesOut=1754 cache=miss decision=safe reason=model_allow source=engine probability=0.11835408 basis=None decodeMs=8.216 inferenceMs=542.188 inferenceQueueMs=539.090 localDecisionMs=1090.907  bodyAdmissionMs=500.011 bodyReadMs=0.273 hashMs=0.716 requestToDeliveryMs=1785.020 upstreamHeadersMs=181.009 sanitizeMs=1593.881 downstreamWriteMs=2.072
09-08 02:24:39.201 15801 16632 I ChromePhotosDataPlane: origin=real hostClass=network hostHash=fdbc7f1491a89ee6 method=GET clientProtocol=http/1.1 upstreamProtocol=h2 status=200 contentType=image/webp bytesIn=2028 bytesOut=2028 cache=miss decision=safe reason=model_allow source=engine probability=0.03386417 basis=None decodeMs=8.524 inferenceMs=533.378 inferenceQueueMs=544.951 localDecisionMs=1087.903  bodyAdmissionMs=742.374 bodyReadMs=0.425 hashMs=1.481 requestToDeliveryMs=2001.768 upstreamHeadersMs=163.076 sanitizeMs=1835.161 downstreamWriteMs=0.827
09-08 02:24:39.341 15801 16661 I ChromePhotosDataPlane: origin=real hostClass=network hostHash=fdbc7f1491a89ee6 method=GET clientProtocol=http/1.1 upstreamProtocol=h2 status=200 contentType=image/webp bytesIn=1242 bytesOut=1242 cache=miss decision=safe reason=model_allow source=engine probability=0.011096597 basis=None decodeMs=3.708 inferenceMs=135.144 inferenceQueueMs=536.271 localDecisionMs=675.999  bodyAdmissionMs=1133.940 bodyReadMs=0.536 hashMs=1.360 requestToDeliveryMs=1998.028 upstreamHeadersMs=179.593 sanitizeMs=1814.190 downstreamWriteMs=0.860
09-08 02:24:39.883 15801 16723 I ChromePhotosDataPlane: origin=real hostClass=network hostHash=fdbc7f1491a89ee6 method=GET clientProtocol=http/1.1 upstreamProtocol=h2 status=200 contentType=image/webp bytesIn=2038 bytesOut=2038 cache=miss decision=safe reason=model_allow source=engine probability=0.03242582 basis=None decodeMs=8.124 inferenceMs=531.625 inferenceQueueMs=137.141 localDecisionMs=678.020  bodyAdmissionMs=1517.370 bodyReadMs=0.160 hashMs=0.378 requestToDeliveryMs=2448.142 upstreamHeadersMs=246.278 sanitizeMs=2197.024 downstreamWriteMs=1.725
09-08 02:24:40.031 15801 16533 I ChromePhotosDataPlane: origin=real hostClass=network hostHash=fdbc7f1491a89ee6 method=GET clientProtocol=http/1.1 upstreamProtocol=h2 status=200 contentType=image/webp bytesIn=8426 bytesOut=8426 cache=miss decision=safe reason=model_allow source=engine probability=0.037530273 basis=None decodeMs=4.439 inferenceMs=137.807 inferenceQueueMs=534.433 localDecisionMs=677.591  bodyAdmissionMs=1495.300 bodyReadMs=0.260 hashMs=0.820 requestToDeliveryMs=2421.293 upstreamHeadersMs=232.840 sanitizeMs=2178.713 downstreamWriteMs=2.651
09-08 02:24:40.167 15801 16417 I ChromePhotosDataPlane: origin=real hostClass=network hostHash=fdbc7f1491a89ee6 method=GET clientProtocol=http/1.1 upstreamProtocol=h2 status=200 contentType=image/webp bytesIn=3140 bytesOut=3140 cache=miss decision=safe reason=model_allow source=engine probability=0.047480255 basis=None decodeMs=4.340 inferenceMs=135.078 inferenceQueueMs=137.982 localDecisionMs=278.720  bodyAdmissionMs=1555.367 bodyReadMs=0.242 hashMs=0.891 requestToDeliveryMs=2009.019 upstreamHeadersMs=163.763 sanitizeMs=1838.170 downstreamWriteMs=1.655
09-08 02:24:40.304 15801 16497 I ChromePhotosDataPlane: origin=real hostClass=network hostHash=fdbc7f1491a89ee6 method=GET clientProtocol=http/1.1 upstreamProtocol=h2 status=200 contentType=image/webp bytesIn=3980 bytesOut=3980 cache=miss decision=safe reason=model_allow source=engine probability=0.0044358373 basis=None decodeMs=3.826 inferenceMs=132.367 inferenceQueueMs=129.701 localDecisionMs=266.780  bodyAdmissionMs=1020.024 bodyReadMs=0.643 hashMs=1.051 requestToDeliveryMs=1596.632 upstreamHeadersMs=296.301 sanitizeMs=1295.844 downstreamWriteMs=1.187
09-08 02:24:40.440 15801 16632 I ChromePhotosDataPlane: origin=real hostClass=network hostHash=fdbc7f1491a89ee6 method=GET clientProtocol=http/1.1 upstreamProtocol=h2 status=200 contentType=image/webp bytesIn=10530 bytesOut=10530 cache=miss decision=safe reason=model_allow source=engine probability=0.082609385 basis=None decodeMs=4.638 inferenceMs=131.761 inferenceQueueMs=118.755 localDecisionMs=256.331  bodyAdmissionMs=647.633 bodyReadMs=0.491 hashMs=1.252 requestToDeliveryMs=1195.652 upstreamHeadersMs=271.055 sanitizeMs=919.838 downstreamWriteMs=1.334
09-08 02:24:40.578 15801 16661 I ChromePhotosDataPlane: origin=real hostClass=network hostHash=fdbc7f1491a89ee6 method=GET clientProtocol=http/1.1 upstreamProtocol=h2 status=200 contentType=image/webp bytesIn=10332 bytesOut=10332 cache=miss decision=safe reason=model_allow source=engine probability=0.19095385 basis=None decodeMs=4.172 inferenceMs=133.473 inferenceQueueMs=122.660 localDecisionMs=260.918  bodyAdmissionMs=625.202 bodyReadMs=0.404 hashMs=0.528 requestToDeliveryMs=1182.016 upstreamHeadersMs=276.778 sanitizeMs=895.718 downstreamWriteMs=1.788
09-08 02:24:40.722 15801 16723 I ChromePhotosDataPlane: origin=real hostClass=network hostHash=fdbc7f1491a89ee6 method=GET clientProtocol=http/1.1 upstreamProtocol=h2 status=200 contentType=image/webp bytesIn=8446 bytesOut=8446 cache=miss decision=safe reason=model_allow source=engine probability=0.041372657 basis=None decodeMs=3.869 inferenceMs=134.827 inferenceQueueMs=124.754 localDecisionMs=264.246  bodyAdmissionMs=309.788 bodyReadMs=0.379 hashMs=1.853 requestToDeliveryMs=786.664 upstreamHeadersMs=188.194 sanitizeMs=587.628 downstreamWriteMs=1.682
09-08 02:24:40.856 15801 16533 I ChromePhotosDataPlane: origin=real hostClass=network hostHash=fdbc7f1491a89ee6 method=GET clientProtocol=http/1.1 upstreamProtocol=h2 status=200 contentType=image/webp bytesIn=6940 bytesOut=6940 cache=miss decision=safe reason=model_allow source=engine probability=0.008428872 basis=None decodeMs=4.251 inferenceMs=133.448 inferenceQueueMs=130.282 localDecisionMs=268.597  bodyAdmissionMs=287.874 bodyReadMs=0.408 hashMs=0.974 requestToDeliveryMs=784.382 upstreamHeadersMs=212.791 sanitizeMs=565.265 downstreamWriteMs=2.214
09-08 02:24:40.994 15801 16417 I ChromePhotosDataPlane: origin=real hostClass=network hostHash=fdbc7f1491a89ee6 method=GET clientProtocol=http/1.1 upstreamProtocol=h2 status=200 contentType=image/webp bytesIn=8122 bytesOut=8122 cache=miss decision=safe reason=model_allow source=engine probability=0.004171163 basis=None decodeMs=4.292 inferenceMs=132.013 inferenceQueueMs=135.613 localDecisionMs=272.655  bodyAdmissionMs=173.975 bodyReadMs=0.110 hashMs=0.238 requestToDeliveryMs=786.573 upstreamHeadersMs=330.429 sanitizeMs=448.804 downstreamWriteMs=2.455
09-08 02:24:41.532 15801 16497 I ChromePhotosDataPlane: origin=real hostClass=network hostHash=fdbc7f1491a89ee6 method=GET clientProtocol=http/1.1 upstreamProtocol=h2 status=200 contentType=image/webp bytesIn=2172 bytesOut=2172 cache=miss decision=safe reason=model_allow source=engine probability=0.04207182 basis=None decodeMs=8.278 inferenceMs=535.767 inferenceQueueMs=135.215 localDecisionMs=679.982  bodyAdmissionMs=106.328 bodyReadMs=0.091 hashMs=0.160 requestToDeliveryMs=1188.118 upstreamHeadersMs=399.581 sanitizeMs=787.018 downstreamWriteMs=0.392
09-08 02:24:41.685 15801 16632 I ChromePhotosDataPlane: origin=real hostClass=network hostHash=fdbc7f1491a89ee6 method=GET clientProtocol=http/1.1 upstreamProtocol=h2 status=200 contentType=image/webp bytesIn=14270 bytesOut=14270 cache=miss decision=safe reason=model_allow source=engine probability=0.010012716 basis=None decodeMs=5.002 inferenceMs=134.692 inferenceQueueMs=524.600 localDecisionMs=665.593  bodyAdmissionMs=241.832 bodyReadMs=0.668 hashMs=1.105 requestToDeliveryMs=1198.658 upstreamHeadersMs=261.183 sanitizeMs=926.755 downstreamWriteMs=2.565
09-08 02:24:41.816 15801 16661 I ChromePhotosDataPlane: origin=real hostClass=network hostHash=fdbc7f1491a89ee6 method=GET clientProtocol=http/1.1 upstreamProtocol=h2 status=200 contentType=image/webp bytesIn=13682 bytesOut=13682 cache=miss decision=safe reason=model_allow source=engine probability=0.021669686 basis=None decodeMs=5.139 inferenceMs=133.728 inferenceQueueMs=119.879 localDecisionMs=259.610  bodyAdmissionMs=583.415 bodyReadMs=0.625 hashMs=0.453 requestToDeliveryMs=1196.443 upstreamHeadersMs=328.103 sanitizeMs=862.886 downstreamWriteMs=1.798
09-08 02:24:41.955 15801 16533 I ChromePhotosDataPlane: origin=real hostClass=network hostHash=fdbc7f1491a89ee6 method=GET clientProtocol=http/1.1 upstreamProtocol=h2 status=200 contentType=image/webp bytesIn=3330 bytesOut=3330 cache=miss decision=safe reason=model_allow source=engine probability=0.024564207 basis=None decodeMs=4.006 inferenceMs=132.382 inferenceQueueMs=129.773 localDecisionMs=266.999  bodyAdmissionMs=520.179 bodyReadMs=0.388 hashMs=1.593 requestToDeliveryMs=1059.403 upstreamHeadersMs=257.018 sanitizeMs=795.508 downstreamWriteMs=1.959
09-08 02:24:42.504 15801 16723 I ChromePhotosDataPlane: origin=real hostClass=network hostHash=fdbc7f1491a89ee6 method=GET clientProtocol=http/1.1 upstreamProtocol=h2 status=200 contentType=image/webp bytesIn=1588 bytesOut=1588 cache=miss decision=safe reason=model_allow source=engine probability=0.0381563 basis=None decodeMs=8.702 inferenceMs=544.267 inferenceQueueMs=132.761 localDecisionMs=686.668  bodyAdmissionMs=659.087 bodyReadMs=0.267 hashMs=1.024 requestToDeliveryMs=1734.106 upstreamHeadersMs=380.085 sanitizeMs=1348.969 downstreamWriteMs=0.814
09-08 02:24:42.641 15801 16417 I ChromePhotosDataPlane: origin=real hostClass=network hostHash=fdbc7f1491a89ee6 method=GET clientProtocol=http/1.1 upstreamProtocol=h2 status=200 contentType=image/png bytesIn=8334 bytesOut=704 cache=miss decision=block reason=model_filter source=engine probability=0.6941216 basis=FullThreshold decodeMs=4.698 inferenceMs=131.595 inferenceQueueMs=549.648 localDecisionMs=686.758  bodyAdmissionMs=590.193 bodyReadMs=0.142 hashMs=0.197 requestToDeliveryMs=1605.164 upstreamHeadersMs=321.973 sanitizeMs=1280.193 downstreamWriteMs=1.514
09-08 02:24:42.779 15801 16497 I ChromePhotosDataPlane: origin=real hostClass=network hostHash=fdbc7f1491a89ee6 method=GET clientProtocol=http/1.1 upstreamProtocol=h2 status=200 contentType=image/webp bytesIn=5024 bytesOut=5024 cache=miss decision=safe reason=model_allow source=engine probability=0.036629498 basis=None decodeMs=4.024 inferenceMs=131.798 inferenceQueueMs=133.098 localDecisionMs=269.865  bodyAdmissionMs=746.376 bodyReadMs=0.230 hashMs=0.532 requestToDeliveryMs=1204.407 upstreamHeadersMs=180.196 sanitizeMs=1019.327 downstreamWriteMs=1.233
09-08 02:24:42.914 15801 16632 I ChromePhotosDataPlane: origin=real hostClass=network hostHash=fdbc7f1491a89ee6 method=GET clientProtocol=http/1.1 upstreamProtocol=h2 status=200 contentType=image/webp bytesIn=9008 bytesOut=9008 cache=miss decision=safe reason=model_allow source=engine probability=0.007853746 basis=None decodeMs=4.317 inferenceMs=131.395 inferenceQueueMs=131.646 localDecisionMs=268.396  bodyAdmissionMs=665.490 bodyReadMs=0.265 hashMs=0.338 requestToDeliveryMs=1190.244 upstreamHeadersMs=248.811 sanitizeMs=938.009 downstreamWriteMs=0.822
09-08 02:24:43.052 15801 16661 I ChromePhotosDataPlane: origin=real hostClass=network hostHash=fdbc7f1491a89ee6 method=GET clientProtocol=http/1.1 upstreamProtocol=h2 status=200 contentType=image/webp bytesIn=19806 bytesOut=19806 cache=miss decision=safe reason=model_allow source=engine probability=0.050527662 basis=None decodeMs=5.267 inferenceMs=132.206 inferenceQueueMs=116.330 localDecisionMs=254.328  bodyAdmissionMs=599.133 bodyReadMs=0.558 hashMs=0.475 requestToDeliveryMs=1195.442 upstreamHeadersMs=318.887 sanitizeMs=872.457 downstreamWriteMs=1.662
09-08 02:24:43.188 15801 16533 I ChromePhotosDataPlane: origin=real hostClass=network hostHash=fdbc7f1491a89ee6 method=GET clientProtocol=http/1.1 upstreamProtocol=h2 status=200 contentType=image/webp bytesIn=4554 bytesOut=4554 cache=miss decision=safe reason=model_allow source=engine probability=0.026356846 basis=None decodeMs=3.949 inferenceMs=131.999 inferenceQueueMs=128.111 localDecisionMs=264.646  bodyAdmissionMs=548.416 bodyReadMs=0.319 hashMs=1.153 requestToDeliveryMs=1191.676 upstreamHeadersMs=368.967 sanitizeMs=818.554 downstreamWriteMs=1.307
09-08 02:24:43.328 15801 16723 I ChromePhotosDataPlane: origin=real hostClass=network hostHash=fdbc7f1491a89ee6 method=GET clientProtocol=http/1.1 upstreamProtocol=h2 status=200 contentType=image/webp bytesIn=14884 bytesOut=14884 cache=miss decision=safe reason=model_allow source=engine probability=0.009524494 basis=None decodeMs=5.157 inferenceMs=132.018 inferenceQueueMs=116.683 localDecisionMs=254.853  bodyAdmissionMs=261.574 bodyReadMs=0.411 hashMs=0.753 requestToDeliveryMs=774.981 upstreamHeadersMs=237.164 sanitizeMs=531.765 downstreamWriteMs=1.842
09-08 02:24:43.464 15801 16417 I ChromePhotosDataPlane: origin=real hostClass=network hostHash=fdbc7f1491a89ee6 method=GET clientProtocol=http/1.1 upstreamProtocol=h2 status=200 contentType=image/webp bytesIn=8562 bytesOut=8562 cache=miss decision=safe reason=model_allow source=engine probability=0.023967534 basis=None decodeMs=4.184 inferenceMs=132.740 inferenceQueueMs=128.886 localDecisionMs=266.521  bodyAdmissionMs=236.740 bodyReadMs=0.336 hashMs=1.105 requestToDeliveryMs=778.231 upstreamHeadersMs=262.421 sanitizeMs=511.686 downstreamWriteMs=1.084
09-08 02:24:43.600 15801 16497 I ChromePhotosDataPlane: origin=real hostClass=network hostHash=fdbc7f1491a89ee6 method=GET clientProtocol=http/1.1 upstreamProtocol=h2 status=200 contentType=image/webp bytesIn=8642 bytesOut=8642 cache=miss decision=safe reason=model_allow source=engine probability=0.039247274 basis=None decodeMs=3.976 inferenceMs=132.459 inferenceQueueMs=127.097 localDecisionMs=264.353  bodyAdmissionMs=120.529 bodyReadMs=0.321 hashMs=0.520 requestToDeliveryMs=773.572 upstreamHeadersMs=374.432 sanitizeMs=394.147 downstreamWriteMs=0.951
09-08 02:24:43.735 15801 16661 I ChromePhotosDataPlane: origin=real hostClass=network hostHash=fdbc7f1491a89ee6 method=GET clientProtocol=http/1.1 upstreamProtocol=h2 status=200 contentType=image/webp bytesIn=7652 bytesOut=7652 cache=miss decision=safe reason=model_allow source=engine probability=0.01052323 basis=None decodeMs=3.988 inferenceMs=131.322 inferenceQueueMs=130.616 localDecisionMs=266.501  bodyAdmissionMs=53.415 bodyReadMs=0.495 hashMs=0.584 requestToDeliveryMs=623.053 upstreamHeadersMs=291.650 sanitizeMs=325.931 downstreamWriteMs=1.174
09-08 02:24:43.874 15801 16632 I ChromePhotosDataPlane: origin=real hostClass=network hostHash=fdbc7f1491a89ee6 method=GET clientProtocol=http/1.1 upstreamProtocol=h2 status=200 contentType=image/webp bytesIn=17956 bytesOut=17956 cache=miss decision=safe reason=model_allow source=engine probability=0.1295146 basis=None decodeMs=5.590 inferenceMs=133.412 inferenceQueueMs=124.697 localDecisionMs=264.551  bodyAdmissionMs=191.666 bodyReadMs=1.209 hashMs=0.404 requestToDeliveryMs=918.995 upstreamHeadersMs=451.524 sanitizeMs=464.698 downstreamWriteMs=0.831
09-08 02:24:44.017 15801 16533 I ChromePhotosDataPlane: origin=real hostClass=network hostHash=fdbc7f1491a89ee6 method=GET clientProtocol=http/1.1 upstreamProtocol=h2 status=200 contentType=image/webp bytesIn=10418 bytesOut=10418 cache=miss decision=safe reason=model_allow source=engine probability=0.068992525 basis=None decodeMs=4.481 inferenceMs=133.074 inferenceQueueMs=126.488 localDecisionMs=265.422  bodyAdmissionMs=121.307 bodyReadMs=0.235 hashMs=2.628 requestToDeliveryMs=781.078 upstreamHeadersMs=373.640 sanitizeMs=399.503 downstreamWriteMs=1.836
09-08 02:24:44.155 15801 16723 I ChromePhotosDataPlane: origin=real hostClass=network hostHash=fdbc7f1491a89ee6 method=GET clientProtocol=http/1.1 upstreamProtocol=h2 status=200 contentType=image/webp bytesIn=13128 bytesOut=13128 cache=miss decision=safe reason=model_allow source=engine probability=0.15108785 basis=None decodeMs=5.043 inferenceMs=132.204 inferenceQueueMs=127.938 localDecisionMs=265.994  bodyAdmissionMs=262.350 bodyReadMs=0.261 hashMs=0.645 requestToDeliveryMs=781.832 upstreamHeadersMs=236.831 sanitizeMs=535.456 downstreamWriteMs=5.637
09-08 02:24:44.289 15801 16417 I ChromePhotosDataPlane: origin=real hostClass=network hostHash=fdbc7f1491a89ee6 method=GET clientProtocol=http/1.1 upstreamProtocol=h2 status=200 contentType=image/webp bytesIn=9462 bytesOut=9462 cache=miss decision=safe reason=model_allow source=engine probability=0.028835893 basis=None decodeMs=4.152 inferenceMs=131.419 inferenceQueueMs=120.826 localDecisionMs=257.234  bodyAdmissionMs=231.461 bodyReadMs=0.511 hashMs=1.452 requestToDeliveryMs=783.023 upstreamHeadersMs=272.865 sanitizeMs=504.535 downstreamWriteMs=1.790
09-08 02:24:44.425 15801 16661 I ChromePhotosDataPlane: origin=real hostClass=network hostHash=fdbc7f1491a89ee6 method=GET clientProtocol=http/1.1 upstreamProtocol=h2 status=200 contentType=image/webp bytesIn=13942 bytesOut=13942 cache=miss decision=safe reason=model_allow source=engine probability=0.0045351386 basis=None decodeMs=4.848 inferenceMs=132.105 inferenceQueueMs=125.963 localDecisionMs=263.735  bodyAdmissionMs=204.800 bodyReadMs=0.483 hashMs=0.450 requestToDeliveryMs=649.792 upstreamHeadersMs=168.855 sanitizeMs=476.276 downstreamWriteMs=1.354
09-08 02:24:44.563 15801 16497 I ChromePhotosDataPlane: origin=real hostClass=network hostHash=fdbc7f1491a89ee6 method=GET clientProtocol=http/1.1 upstreamProtocol=h2 status=200 contentType=image/webp bytesIn=8932 bytesOut=8932 cache=miss decision=safe reason=model_allow source=engine probability=0.17002895 basis=None decodeMs=3.970 inferenceMs=133.205 inferenceQueueMs=128.193 localDecisionMs=265.993  bodyAdmissionMs=337.775 bodyReadMs=0.404 hashMs=0.534 requestToDeliveryMs=921.345 upstreamHeadersMs=303.355 sanitizeMs=612.228 downstreamWriteMs=1.540
09-08 02:24:45.103 15801 16632 I ChromePhotosDataPlane: origin=real hostClass=network hostHash=fdbc7f1491a89ee6 method=GET clientProtocol=http/1.1 upstreamProtocol=h2 status=200 contentType=image/webp bytesIn=2542 bytesOut=2542 cache=miss decision=safe reason=model_allow source=engine probability=0.06777713 basis=None decodeMs=7.807 inferenceMs=531.179 inferenceQueueMs=131.931 localDecisionMs=671.993  bodyAdmissionMs=322.953 bodyReadMs=0.274 hashMs=0.803 requestToDeliveryMs=1181.707 upstreamHeadersMs=176.890 sanitizeMs=998.998 downstreamWriteMs=1.433
09-08 02:24:45.236 15801 16533 I ChromePhotosDataPlane: origin=real hostClass=network hostHash=fdbc7f1491a89ee6 method=GET clientProtocol=http/1.1 upstreamProtocol=h2 status=200 contentType=image/webp bytesIn=4080 bytesOut=4080 cache=miss decision=safe reason=model_allow source=engine probability=0.011391073 basis=None decodeMs=3.937 inferenceMs=132.399 inferenceQueueMs=537.992 localDecisionMs=675.017  bodyAdmissionMs=300.273 bodyReadMs=0.102 hashMs=0.162 requestToDeliveryMs=1178.197 upstreamHeadersMs=200.293 sanitizeMs=976.305 downstreamWriteMs=0.502
09-08 02:24:45.379 15801 16723 I ChromePhotosDataPlane: origin=real hostClass=network hostHash=fdbc7f1491a89ee6 method=GET clientProtocol=http/1.1 upstreamProtocol=h2 status=200 contentType=image/webp bytesIn=11582 bytesOut=11582 cache=miss decision=safe reason=model_allow source=engine probability=0.004140049 basis=None decodeMs=4.896 inferenceMs=133.400 inferenceQueueMs=122.246 localDecisionMs=261.162  bodyAdmissionMs=679.173 bodyReadMs=0.392 hashMs=1.164 requestToDeliveryMs=1169.242 upstreamHeadersMs=208.597 sanitizeMs=954.306 downstreamWriteMs=1.545
09-08 02:24:45.521 15801 16417 I ChromePhotosDataPlane: origin=real hostClass=network hostHash=fdbc7f1491a89ee6 method=GET clientProtocol=http/1.1 upstreamProtocol=h2 status=200 contentType=image/webp bytesIn=4174 bytesOut=4174 cache=miss decision=safe reason=model_allow source=engine probability=0.0042713583 basis=None decodeMs=3.924 inferenceMs=135.141 inferenceQueueMs=129.368 localDecisionMs=269.117  bodyAdmissionMs=660.076 bodyReadMs=0.488 hashMs=1.195 requestToDeliveryMs=1189.680 upstreamHeadersMs=243.470 sanitizeMs=938.055 downstreamWriteMs=2.146
09-08 02:24:45.655 15801 16661 I ChromePhotosDataPlane: origin=real hostClass=network hostHash=fdbc7f1491a89ee6 method=GET clientProtocol=http/1.1 upstreamProtocol=h2 status=200 contentType=image/webp bytesIn=5498 bytesOut=5498 cache=miss decision=safe reason=model_allow source=engine probability=0.0055903792 basis=None decodeMs=4.097 inferenceMs=132.502 inferenceQueueMs=130.370 localDecisionMs=267.892  bodyAdmissionMs=639.194 bodyReadMs=0.344 hashMs=1.434 requestToDeliveryMs=1187.476 upstreamHeadersMs=266.711 sanitizeMs=915.563 downstreamWriteMs=1.511
09-08 02:24:45.797 15801 16497 I ChromePhotosDataPlane: origin=real hostClass=network hostHash=fdbc7f1491a89ee6 method=GET clientProtocol=http/1.1 upstreamProtocol=h2 status=200 contentType=image/webp bytesIn=13510 bytesOut=13510 cache=miss decision=safe reason=model_allow source=engine probability=0.016775787 basis=None decodeMs=4.809 inferenceMs=134.381 inferenceQueueMs=120.166 localDecisionMs=260.695  bodyAdmissionMs=614.770 bodyReadMs=0.659 hashMs=1.006 requestToDeliveryMs=1194.168 upstreamHeadersMs=295.716 sanitizeMs=891.690 downstreamWriteMs=2.963
09-08 02:24:45.936 15801 16632 I ChromePhotosDataPlane: origin=real hostClass=network hostHash=fdbc7f1491a89ee6 method=GET clientProtocol=http/1.1 upstreamProtocol=h2 status=200 contentType=image/webp bytesIn=8904 bytesOut=8904 cache=miss decision=safe reason=model_allow source=engine probability=0.024157077 basis=None decodeMs=4.632 inferenceMs=133.028 inferenceQueueMs=137.174 localDecisionMs=275.643  bodyAdmissionMs=330.273 bodyReadMs=0.130 hashMs=0.176 requestToDeliveryMs=792.779 upstreamHeadersMs=177.111 sanitizeMs=607.950 downstreamWriteMs=2.191
09-08 02:24:46.071 15801 16533 I ChromePhotosDataPlane: origin=real hostClass=network hostHash=fdbc7f1491a89ee6 method=GET clientProtocol=http/1.1 upstreamProtocol=h2 status=200 contentType=image/webp bytesIn=23638 bytesOut=23638 cache=miss decision=safe reason=model_allow source=engine probability=0.06449026 basis=None decodeMs=5.643 inferenceMs=131.945 inferenceQueueMs=132.790 localDecisionMs=270.899  bodyAdmissionMs=305.956 bodyReadMs=0.154 hashMs=0.154 requestToDeliveryMs=792.288 upstreamHeadersMs=206.083 sanitizeMs=581.030 downstreamWriteMs=1.640
09-08 02:24:46.204 15801 16723 I ChromePhotosDataPlane: origin=real hostClass=network hostHash=fdbc7f1491a89ee6 method=GET clientProtocol=http/1.1 upstreamProtocol=h2 status=200 contentType=image/webp bytesIn=3360 bytesOut=3360 cache=miss decision=safe reason=model_allow source=engine probability=0.038284272 basis=None decodeMs=3.813 inferenceMs=132.911 inferenceQueueMs=136.320 localDecisionMs=273.592  bodyAdmissionMs=292.566 bodyReadMs=0.086 hashMs=0.158 requestToDeliveryMs=785.648 upstreamHeadersMs=217.149 sanitizeMs=567.022 downstreamWriteMs=0.388
09-08 02:24:46.341 15801 16417 I ChromePhotosDataPlane: origin=real hostClass=network hostHash=fdbc7f1491a89ee6 method=GET clientProtocol=http/1.1 upstreamProtocol=h2 status=200 contentType=image/webp bytesIn=6928 bytesOut=6928 cache=miss decision=safe reason=model_allow source=engine probability=0.13967103 basis=None decodeMs=4.128 inferenceMs=132.930 inferenceQueueMs=135.190 localDecisionMs=272.709  bodyAdmissionMs=271.067 bodyReadMs=0.110 hashMs=0.177 requestToDeliveryMs=779.203 upstreamHeadersMs=232.464 sanitizeMs=545.198 downstreamWriteMs=0.407
09-08 02:24:46.483 15801 16661 I ChromePhotosDataPlane: origin=real hostClass=network hostHash=fdbc7f1491a89ee6 method=GET clientProtocol=http/1.1 upstreamProtocol=h2 status=200 contentType=image/webp bytesIn=3634 bytesOut=3634 cache=miss decision=safe reason=model_allow source=engine probability=0.00247401 basis=None decodeMs=3.864 inferenceMs=134.001 inferenceQueueMs=129.502 localDecisionMs=267.954  bodyAdmissionMs=249.161 bodyReadMs=0.720 hashMs=1.858 requestToDeliveryMs=783.583 upstreamHeadersMs=253.149 sanitizeMs=524.873 downstreamWriteMs=1.289
09-08 02:24:48.729 15801 15801 I ChromePhotosDataPlane: phase=status statusSequence=16 lifecycle=PresentationReady active=true ready=true connections=259 requests=525 safe=238 blocked=2 unknown=37 passthrough=195 cacheHits=56 cacheMisses=194 failures=13 clientDisconnects=22 bytesIn=13010282 bytesOut=13115070 streamed=167 proxyQueueRejects=0 proxyActivePeak=61 proxyP50Ms=379.502 proxyP95Ms=2479.825 proxyP99Ms=3409.846 upstreamSockets=158 protectSuccess=158 protectFailure=0 web11a=not_run web11b=not_run modelLoadMs=281.008 engineCalls=192 dedupeHits=1 decisionCacheConfig=64 decisionConcurrencyConfig=1 decisionQueueConfig=2 decisionTimeoutMs=5000 engineCallsPerRequest=0.7710843373493976 inferencePeak=1 inFlightPeak=2 queuePeak=2 queueRejects=0 timeouts=0 inferenceP50Ms=136.316093 inferenceP95Ms=548.974947 inferenceP99Ms=637.185156 decisionP50Ms=268.597396 decisionP95Ms=1091.532812 decisionP99Ms=1213.228906 cacheHitP50Ms=0.066459 cacheHitP95Ms=0.106979 cacheEntries=64 cacheEvictions=128 preprocessP50Ms=5.203385 preprocessP95Ms=20.101823 preprocessP99Ms=39.017552 preparedCount1=152 preparedCount4=40 preparedCount5=0 preparedCountOther=0 decisionBasis=FullThreshold:2,None:190 imageCandidates=304 imagePrefixPeeks=25 imageMagicCandidates=0 imageBodyAdmissionPeak=2 imageBodyAdmissionRejects=0 networkVisualCandidates=299 networkVisualReplaced=0 networkVisualRawDelivered=0 networkVisualSafeRawDelivered=238 networkVisualBlockedReplaced=2 networkVisualUnknownReplaced=0 networkVisualUnsupportedReplaced=37 networkVisualRawBlockedDelivered=0 networkVisualRawUnknownDelivered=0 networkVisualCacheHit=56 networkVisualInference=183 mediaDocumentsTransformed=14 mediaDocumentsFailClosed=4 documentTransformOutstanding=0 readyTokensOutstanding=14 uiSvgRegistered=0 uiSvgRegistryBytes=0 uiSvgCssRewritten=0 uiSvgCssRejected=0 uiSvgNetworkAccepted=10 uiSvgNetworkRejected=0 uiSvgAssetServed=0 uiSvgAssetRejected=0 h18=REPORT=not_run,EVENT_SEQUENCE=0,COMPAT_DOCS=0,STRICT_DOCS=0,STYLE_REQ=0,SCRIPT_REQ=0,DATA_REQ=0,NETWORK_REQ=0,REPORTS=0,LAST_DOC=none,NETWORK_SHA=ee17e3f62edde61823ce35732ea168f4f5986bff347ccfac063eca7f4009ee1b,AUDIT_SHA=74d4467bbf6833db4eeab998495b7dfc50db3b1f04f407704b839ad3f4b25582 h19=REPORT=not_run,DOCUMENTS=0,FRAMES=0,SCRIPTS=0,FIRST_ORIGINAL_SCRIPTS=0,STYLES=0,WORKERS=0,SERVICE_WORKERS=0,FRAME_REPORTS=0,FRAME_REPORT_REJECTS=0,FRAME_REPORT=not_run,FRAME_REPORT_SHA=not_run,FRAME_CHALLENGE_SHA=not_run,FRAME_GENERATION=0,FRAME_ACCEPTED_CHALLENGE_SHA=not_run,FRAME_REPORT_BINDING_SHA=not_run,SAME_URL_BODIES=0,REPORTS=0,SW_BOUNDARY={INSTALL_DOCS=0,WORKER_SCRIPTS=0,WORKER_PROBE_SCRIPTS=0,PROBE_DOCS=0,CLEANUP_DOCS=0,REPORTS_ACCEPTED=0,REPORTS_REJECTED=0,CONTROLLER_PRESENT=0,CONTROLLER_MISSING=0,NAV_FETCHES=0,SELF_READY_FETCHES=0,SELF_READY_PASS_THROUGH=0,SELF_READY_SYNTHETIC=0,NAV_SYNTHETIC=0,RESET_BASELINE_CLEAN=0,RESET_BASELINE_DIRTY=0,REGISTER_BLOCKED=0,REGISTER_SUCCEEDED=0,WORKER_REGISTER_BLOCKED=0,WORKER_REGISTER_SUCCEEDED=0,WORKER_REGISTER_UNSUPPORTED=0,WORKER_REGISTER_ERROR=0,LAST_CASE=none,LAST_EVENT=none,LAST_VALUE=none},UI_SVG={not_run} quicAttempts=0 directTcpAttempts=0 bootstrapResetGeneration=2 bootstrapCompleteGeneration=2 bootstrapResetCount=3 chromeSuspended=false guardSession=532 guardHeartbeatSequence=1613 audit17State=0 audit17Navigation=0 audit17Events=294 audit17Dropped=0
09-08 02:24:48.729 15801 15801 I ChromeMediaShieldStatus: v=1 seq=16 kind=network mode=selective candidates=299 replaced=0 rawDelivered=0 safeRaw=238 blockedReplaced=2 unknownReplaced=0 unsupportedReplaced=37 rawBlocked=0 rawUnknown=0 cacheHit=56 decisionEngine=183 engineCalls=192
09-08 02:24:48.729 15801 15801 I ChromeMediaShieldStatus: v=1 seq=16 kind=document transformed=14 failClosed=4 outstanding=0 issued=14 claims=4 documentSequence=14 navigationSequence=4 readyRequests=12 readyPreflights=0 readyAccepted=4 readyRejected=0 parserBarrierRequests=0 parserBarrierReady=0 parserBarrierFailClosed=0 selfShield=true selfReadyRequests=4 selfReadyAccepted=4 selfReadyRejected=0 selfReadyRejectReason=none selfShieldReleaseCompleted=4 selfShieldParserContinued=4 selfShieldOriginalScriptStarted=0 selfShieldTraceRejected=0 selfShieldTraceOutstanding=0 bootstrapDiagnosticAccepted=0 bootstrapDiagnosticRejected=0 bootstrapDiagnosticRejectReason=none bootstrapDiagnosticStage=none bootstrapDiagnosticReason=none bootstrapDiagnosticOutstanding=0
09-08 02:24:48.729 15801 15801 I ChromeMediaShieldStatus: v=1 seq=16 kind=renderer reports=0 rejected=0 globalCallbacks=0 globalRecords=0 childRecords=0 attributeRecords=0 maxRecords=0 scanCalls=0 scanRoot=0 scanNodes=0 maxScanNodes=0 scanMicros=0 maxScanMicros=0 observerChildScans=0 observerAttributeScans=0 guardedScans=0 markupScans=0 shadowScans=0 initialScans=0 otherScans=0 sanitizeElement=0 sanitizeContainer=0 img=0 source=0 svg=0 iframe=0 canvas=0 video=0 safeIcon=0 lockIcon=0 geometryWrites=0 svgRecords=0 shadowRoots=0 shadowObservers=0 shadowCallbacks=0 shadowRecords=0 shadowScanCalls=0 ensureStyle=0 ensureCurtain=0 internalMutations=0
09-08 02:24:48.729 15801 15801 I ChromeMediaShieldStatus: v=1 seq=16 kind=rendererApis callScan=createElement=0/0 createElementNS=0/0 appendChild=0/0 insertBefore=0/0 replaceChild=0/0 append=0/0 prepend=0/0 replaceChildren=0/0 before=0/0 after=0/0 replaceWith=0/0 adjacentElement=0/0 moveBefore=0/0 rangeInsert=0/0 rangeSurround=0/0 adoptNode=0/0 cloneNode=0/0 importNode=0/0 safeMarkup=0/0 innerHTML=0/0 outerHTML=0/0 insertAdjacentHTML=0/0 setHTML=0/0 shadowInnerHTML=0/0 execCommandInsertHTML=0/0 mappedTextContent=0/0
09-08 02:24:48.729 15801 15801 I ChromeMediaShieldStatus: v=1 seq=16 kind=rendererFamilies roots=element/fragment/text/other factory:calls=0,scans=0,direct=0,roots=0/0/0/0,nodes=0,micros=0,maxMicros=0 domGuard:calls=0,scans=0,direct=0,roots=0/0/0/0,nodes=0,micros=0,maxMicros=0 markup:calls=0,scans=0,direct=0,roots=0/0/0/0,nodes=0,micros=0,maxMicros=0
09-08 02:24:48.729 15801 15801 I ChromeMediaShieldStatus: v=1 seq=16 kind=uiSvg registered=0 registryBytes=0 cssRewritten=0 cssRejected=0 networkAccepted=10 networkRejected=0 assetServed=0 assetRejected=0
09-08 02:24:48.729 15801 15801 I ChromeMediaShieldStatus: v=1 seq=16 kind=health failures=13 clientDisconnects=22 proxyQueueRejects=0 protectFailure=0 quicAttempts=0 directTcpAttempts=0 active=true ready=true
09-08 02:24:48.729 15801 15801 I ChromeMediaShieldStatus: v=1 seq=16 kind=fixture report=REPORT=not_run,DOCUMENTS=0,FRAMES=0,SCRIPTS=0,FIRST_ORIGINAL_SCRIPTS=0,STYLES=0,WORKERS=0,SERVICE_WORKERS=0,FRAME_REPORTS=0,FRAME_REPORT_REJECTS=0,FRAME_REPORT=not_run,FRAME_REPORT_SHA=not_run,FRAME_CHALLENGE_SHA=not_run,FRAME_GENERATION=0,FRAME_ACCEPTED_CHALLENGE_SHA=not_run,FRAME_REPORT_BINDING_SHA=not_run,SAME_URL_BODIES=0,REPORTS=0,SW_BOUNDARY={INSTALL_DOCS=0,WORKER_SCRIPTS=0,WORKER_PROBE_SCRIPTS=0,PROBE_DOCS=0,CLEANUP_DOCS=0,REPORTS_ACCEPTED=0,REPORTS_REJECTED=0,CONTROLLER_PRESENT=0,CONTROLLER_MISSING=0,NAV_FETCHES=0,SELF_READY_FETCHES=0,SELF_READY_PASS_THROUGH=0,SELF_READY_SYNTHETIC=0,NAV_SYNTHETIC=0,RESET_BASELINE_CLEAN=0,RESET_BASELINE_DIRTY=0,REGISTER_BLOCKED=0,REGISTER_SUCCEEDED=0,WORKER_REGISTER_BLOCKED=0,WORKER_REGISTER_SUCCEEDED=0,WORKER_REGISTER_UNSUPPORTED=0,WORKER_REGISTER_ERROR=0,LAST_CASE=none,LAST_EVENT=none,LAST_VALUE=none},UI_SVG={not_run}
09-08 02:25:10.601 15801 16499 I ChromePhotosDataPlane: phase=worker_ready correlationId=c260 admissionWaitMs=0.306
09-08 02:25:10.661 15801 16499 I ChromePhotosDataPlane: phase=tls_certificate correlationId=c260 tlsCacheHit=true tlsCacheWaitMs=0.012 tlsCreationMs=0.000
09-08 02:25:10.661 15801 16499 I ChromePhotosDataPlane: phase=tls_material correlationId=c260 tlsMaterialMs=0.288
09-08 02:25:10.670 15801 16499 I ChromePhotosDataPlane: phase=tls_ready correlationId=c260 hostClass=network hostHash=f58aed0f48e58f0c clientProtocol=http/1.1 ca=b84fe96087814860
09-08 02:25:10.671 15801 16804 I ChromePhotosDataPlane: phase=worker_ready correlationId=c261 admissionWaitMs=0.270
09-08 02:25:10.672 15801 16595 I ChromePhotosDataPlane: phase=worker_ready correlationId=c262 admissionWaitMs=0.316
09-08 02:25:10.673 15801 16521 I ChromePhotosDataPlane: phase=worker_ready correlationId=c263 admissionWaitMs=0.592
09-08 02:25:10.674 15801 16620 I ChromePhotosDataPlane: phase=worker_ready correlationId=c264 admissionWaitMs=0.492
09-08 02:25:10.675 15801 16699 I ChromePhotosDataPlane: phase=worker_ready correlationId=c265 admissionWaitMs=0.270
09-08 02:25:10.678 15801 16804 I ChromePhotosDataPlane: phase=tls_certificate correlationId=c261 tlsCacheHit=true tlsCacheWaitMs=0.009 tlsCreationMs=0.000
09-08 02:25:10.678 15801 16804 I ChromePhotosDataPlane: phase=tls_material correlationId=c261 tlsMaterialMs=0.172
09-08 02:25:10.683 15801 16595 I ChromePhotosDataPlane: phase=tls_certificate correlationId=c262 tlsCacheHit=true tlsCacheWaitMs=0.008 tlsCreationMs=0.000
09-08 02:25:10.683 15801 16595 I ChromePhotosDataPlane: phase=tls_material correlationId=c262 tlsMaterialMs=0.166
09-08 02:25:10.694 15801 16521 I ChromePhotosDataPlane: phase=tls_certificate correlationId=c263 tlsCacheHit=true tlsCacheWaitMs=0.008 tlsCreationMs=0.000
09-08 02:25:10.694 15801 16521 I ChromePhotosDataPlane: phase=tls_material correlationId=c263 tlsMaterialMs=0.175
09-08 02:25:10.699 15801 16620 I ChromePhotosDataPlane: phase=tls_certificate correlationId=c264 tlsCacheHit=true tlsCacheWaitMs=0.007 tlsCreationMs=0.000
09-08 02:25:10.699 15801 16620 I ChromePhotosDataPlane: phase=tls_material correlationId=c264 tlsMaterialMs=0.174
09-08 02:25:10.704 15801 16699 I ChromePhotosDataPlane: phase=tls_certificate correlationId=c265 tlsCacheHit=true tlsCacheWaitMs=0.009 tlsCreationMs=0.000
09-08 02:25:10.704 15801 16699 I ChromePhotosDataPlane: phase=tls_material correlationId=c265 tlsMaterialMs=0.180
09-08 02:25:10.708 15801 16804 I ChromePhotosDataPlane: phase=tls_ready correlationId=c261 hostClass=network hostHash=f58aed0f48e58f0c clientProtocol=http/1.1 ca=b84fe96087814860
09-08 02:25:10.710 15801 16595 I ChromePhotosDataPlane: phase=tls_ready correlationId=c262 hostClass=network hostHash=f58aed0f48e58f0c clientProtocol=http/1.1 ca=b84fe96087814860
09-08 02:25:10.711 15801 16521 I ChromePhotosDataPlane: phase=tls_ready correlationId=c263 hostClass=network hostHash=f58aed0f48e58f0c clientProtocol=http/1.1 ca=b84fe96087814860
09-08 02:25:10.716 15801 16620 I ChromePhotosDataPlane: phase=tls_ready correlationId=c264 hostClass=network hostHash=f58aed0f48e58f0c clientProtocol=http/1.1 ca=b84fe96087814860
09-08 02:25:10.720 15801 16699 I ChromePhotosDataPlane: phase=tls_ready correlationId=c265 hostClass=network hostHash=f58aed0f48e58f0c clientProtocol=http/1.1 ca=b84fe96087814860
09-08 02:25:11.280 15801 16620 I ChromePhotosDataPlane: origin=real hostClass=network hostHash=f58aed0f48e58f0c method=POST clientProtocol=http/1.1 upstreamProtocol=h2 status=200 contentType=application/json bytesOut=94 transfer=chunked upstreamHeadersMs=546.642 downstreamWriteMs=2.094
09-08 02:25:11.361 15801 16499 I ChromePhotosDataPlane: origin=real hostClass=network hostHash=f58aed0f48e58f0c method=POST clientProtocol=http/1.1 upstreamProtocol=h2 status=200 contentType=application/json bytesOut=49 transfer=chunked upstreamHeadersMs=646.706 downstreamWriteMs=6.699
09-08 02:25:11.367 15801 16699 I ChromePhotosDataPlane: origin=real hostClass=network hostHash=f58aed0f48e58f0c method=POST clientProtocol=http/1.1 upstreamProtocol=h2 status=200 contentType=application/json bytesOut=33717 transfer=chunked upstreamHeadersMs=587.439 downstreamWriteMs=43.791
09-08 02:25:11.441 15801 16521 I ChromePhotosDataPlane: origin=real hostClass=network hostHash=f58aed0f48e58f0c method=POST clientProtocol=http/1.1 upstreamProtocol=h2 status=200 contentType=application/json bytesOut=136 transfer=chunked upstreamHeadersMs=707.115 downstreamWriteMs=2.224
09-08 02:25:11.443 15801 16804 I ChromePhotosDataPlane: origin=real hostClass=network hostHash=f58aed0f48e58f0c method=POST clientProtocol=http/1.1 upstreamProtocol=h2 status=200 contentType=application/json bytesOut=832 transfer=chunked upstreamHeadersMs=714.146 downstreamWriteMs=1.832
09-08 02:25:11.445 15801 16595 I ChromePhotosDataPlane: origin=real hostClass=network hostHash=f58aed0f48e58f0c method=POST clientProtocol=http/1.1 upstreamProtocol=h2 status=200 contentType=application/json bytesOut=126 transfer=chunked upstreamHeadersMs=711.368 downstreamWriteMs=4.585
09-08 02:25:11.588 15801 16620 I ChromePhotosDataPlane: origin=real hostClass=network hostHash=f58aed0f48e58f0c method=POST clientProtocol=http/1.1 upstreamProtocol=h2 status=200 contentType=application/json bytesOut=92 transfer=chunked upstreamHeadersMs=262.198 downstreamWriteMs=1.529
09-08 02:25:11.589 15801 16499 I ChromePhotosDataPlane: origin=real hostClass=network hostHash=f58aed0f48e58f0c method=POST clientProtocol=http/1.1 upstreamProtocol=h2 status=200 contentType=application/json bytesOut=943 transfer=chunked upstreamHeadersMs=210.846 downstreamWriteMs=1.346
09-08 02:25:11.639 15801 16699 I ChromePhotosDataPlane: origin=real hostClass=network hostHash=f58aed0f48e58f0c method=POST clientProtocol=http/1.1 upstreamProtocol=h2 status=200 contentType=application/json bytesOut=23615 transfer=chunked upstreamHeadersMs=223.114 downstreamWriteMs=29.559
09-08 02:25:11.931 15801 16521 I ChromePhotosDataPlane: origin=real hostClass=network hostHash=f58aed0f48e58f0c method=POST clientProtocol=http/1.1 upstreamProtocol=h2 status=200 contentType=application/json bytesOut=1057 transfer=chunked upstreamHeadersMs=449.841 downstreamWriteMs=1.536
09-08 02:25:12.425 15801 16748 I ChromePhotosDataPlane: phase=worker_ready correlationId=c266 admissionWaitMs=0.796
09-08 02:25:12.450 15801 16748 I ChromePhotosDataPlane: phase=tls_certificate correlationId=c266 tlsCacheHit=true tlsCacheWaitMs=0.011 tlsCreationMs=0.000
09-08 02:25:12.450 15801 16748 I ChromePhotosDataPlane: phase=tls_material correlationId=c266 tlsMaterialMs=0.281
09-08 02:25:12.461 15801 16748 I ChromePhotosDataPlane: phase=tls_ready correlationId=c266 hostClass=network hostHash=8d9559743b8b4225 clientProtocol=http/1.1 ca=b84fe96087814860
09-08 02:25:12.638 15801 16748 I ChromePhotosDataPlane: origin=real hostClass=network hostHash=8d9559743b8b4225 method=POST clientProtocol=http/1.1 upstreamProtocol=h2 status=204 contentType=image/gif bytesIn=0 bytesOut=0 cache=miss decision=passthrough   requestToDeliveryMs=175.516 upstreamHeadersMs=171.144 sanitizeMs=0.129 downstreamWriteMs=1.781
09-08 02:25:12.853 15801 16595 I ChromePhotosDataPlane: origin=real hostClass=network hostHash=f58aed0f48e58f0c method=GET clientProtocol=http/1.1 upstreamProtocol=h2 status=200 contentType=image/png bytesIn=769924 bytesOut=704 cache=miss decision=unknown reason=image_format_unknown source=error probability=-1.0 basis=none decodeMs=0.000 inferenceMs=0.000 inferenceQueueMs=0.000 localDecisionMs=0.000  bodyAdmissionMs=0.019 bodyReadMs=544.246 requestToDeliveryMs=1366.225 upstreamHeadersMs=813.701 sanitizeMs=548.666 downstreamWriteMs=1.678
09-08 02:25:13.083 15801 16760 I ChromePhotosDataPlane: phase=worker_ready correlationId=c267 admissionWaitMs=0.484
09-08 02:25:13.104 15801 16760 W ChromePhotosDataPlane: phase=connection_failed correlationId=c267 error=UnknownHostException
09-08 02:25:13.148 15801 16631 I ChromePhotosDataPlane: phase=worker_ready correlationId=c268 admissionWaitMs=0.532
09-08 02:25:13.153 15801 16691 I ChromePhotosDataPlane: phase=worker_ready correlationId=c269 admissionWaitMs=0.198
09-08 02:25:13.159 15801 16571 I ChromePhotosDataPlane: phase=worker_ready correlationId=c270 admissionWaitMs=0.600
09-08 02:25:13.164 15801 16630 I ChromePhotosDataPlane: phase=worker_ready correlationId=c271 admissionWaitMs=0.217
09-08 02:25:13.196 15801 16631 I ChromePhotosDataPlane: phase=tls_certificate correlationId=c268 tlsCacheHit=true tlsCacheWaitMs=0.025 tlsCreationMs=0.000
09-08 02:25:13.196 15801 16631 I ChromePhotosDataPlane: phase=tls_material correlationId=c268 tlsMaterialMs=0.527
09-08 02:25:13.199 15801 16571 I ChromePhotosDataPlane: phase=tls_certificate correlationId=c270 tlsCacheHit=true tlsCacheWaitMs=0.025 tlsCreationMs=0.000
09-08 02:25:13.199 15801 16571 I ChromePhotosDataPlane: phase=tls_material correlationId=c270 tlsMaterialMs=0.581
09-08 02:25:13.204 15801 16691 I ChromePhotosDataPlane: phase=tls_certificate correlationId=c269 tlsCacheHit=true tlsCacheWaitMs=0.011 tlsCreationMs=0.000
09-08 02:25:13.204 15801 16691 I ChromePhotosDataPlane: phase=tls_material correlationId=c269 tlsMaterialMs=0.270
09-08 02:25:13.216 15801 16691 I ChromePhotosDataPlane: phase=tls_ready correlationId=c269 hostClass=network hostHash=df8ab3acb3324531 clientProtocol=http/1.1 ca=b84fe96087814860
09-08 02:25:13.219 15801 16630 I ChromePhotosDataPlane: phase=tls_certificate correlationId=c271 tlsCacheHit=true tlsCacheWaitMs=0.016 tlsCreationMs=0.000
09-08 02:25:13.219 15801 16630 I ChromePhotosDataPlane: phase=tls_material correlationId=c271 tlsMaterialMs=7.348
09-08 02:25:13.221 15801 16571 I ChromePhotosDataPlane: phase=tls_ready correlationId=c270 hostClass=network hostHash=f5594fab1b035ec0 clientProtocol=http/1.1 ca=b84fe96087814860
09-08 02:25:13.234 15801 16631 I ChromePhotosDataPlane: phase=tls_ready correlationId=c268 hostClass=network hostHash=d84a36a05e56cc9d clientProtocol=http/1.1 ca=b84fe96087814860
09-08 02:25:13.237 15801 16630 I ChromePhotosDataPlane: phase=tls_ready correlationId=c271 hostClass=network hostHash=29078f5ef8eb9960 clientProtocol=http/1.1 ca=b84fe96087814860
09-08 02:25:13.284 15801 16701 I ChromePhotosDataPlane: phase=worker_ready correlationId=c272 admissionWaitMs=0.421
09-08 02:25:13.302 15801 16568 I ChromePhotosDataPlane: phase=worker_ready correlationId=c273 admissionWaitMs=0.256
09-08 02:25:13.312 15801 16625 I ChromePhotosDataPlane: phase=worker_ready correlationId=c274 admissionWaitMs=0.396
09-08 02:25:13.331 15801 16568 I ChromePhotosDataPlane: phase=tls_certificate correlationId=c273 tlsCacheHit=true tlsCacheWaitMs=0.011 tlsCreationMs=0.000
09-08 02:25:13.331 15801 16568 I ChromePhotosDataPlane: phase=tls_material correlationId=c273 tlsMaterialMs=0.255
09-08 02:25:13.334 15801 16701 I ChromePhotosDataPlane: phase=tls_certificate correlationId=c272 tlsCacheHit=true tlsCacheWaitMs=0.014 tlsCreationMs=0.000
09-08 02:25:13.334 15801 16701 I ChromePhotosDataPlane: phase=tls_material correlationId=c272 tlsMaterialMs=0.384
09-08 02:25:13.347 15801 16625 I ChromePhotosDataPlane: phase=tls_certificate correlationId=c274 tlsCacheHit=true tlsCacheWaitMs=0.017 tlsCreationMs=0.000
09-08 02:25:13.347 15801 16625 I ChromePhotosDataPlane: phase=tls_material correlationId=c274 tlsMaterialMs=0.456
09-08 02:25:13.352 15801 16701 I ChromePhotosDataPlane: phase=tls_ready correlationId=c272 hostClass=network hostHash=9d6e17ba2c400ce0 clientProtocol=http/1.1 ca=b84fe96087814860
09-08 02:25:13.353 15801 16568 I ChromePhotosDataPlane: phase=tls_ready correlationId=c273 hostClass=network hostHash=191347bfe55d0ca9 clientProtocol=http/1.1 ca=b84fe96087814860
09-08 02:25:13.356 15801 16630 I ChromePhotosDataPlane: origin=real hostClass=network hostHash=29078f5ef8eb9960 method=GET clientProtocol=http/1.1 upstreamProtocol=h2 status=304 contentType= bytesOut=0 transfer=fixed upstreamHeadersMs=114.631 downstreamWriteMs=0.660
09-08 02:25:13.375 15801 16625 I ChromePhotosDataPlane: phase=tls_ready correlationId=c274 hostClass=network hostHash=ee8cdc867bba487e clientProtocol=http/1.1 ca=b84fe96087814860
09-08 02:25:13.424 15801 16631 I ChromePhotosDataPlane: origin=real hostClass=network hostHash=d84a36a05e56cc9d method=GET clientProtocol=http/1.1 upstreamProtocol=h2 status=200 contentType=application/x-javascript bytesOut=108637 transfer=fixed upstreamHeadersMs=131.839 downstreamWriteMs=55.344
09-08 02:25:13.507 15801 16568 I ChromePhotosDataPlane: origin=real hostClass=network hostHash=191347bfe55d0ca9 method=POST clientProtocol=http/1.1 upstreamProtocol=h2 status=200 contentType=text/plain bytesOut=0 transfer=fixed upstreamHeadersMs=151.328 downstreamWriteMs=0.446
09-08 02:25:13.512 15801 16761 I ChromePhotosDataPlane: phase=worker_ready correlationId=c275 admissionWaitMs=0.313
09-08 02:25:13.520 15801 16571 I ChromePhotosDataPlane: origin=real hostClass=network hostHash=f5594fab1b035ec0 method=GET clientProtocol=http/1.1 upstreamProtocol=h2 status=200 contentType=application/javascript bytesOut=2560 transfer=fixed upstreamHeadersMs=296.820 downstreamWriteMs=0.615
09-08 02:25:13.557 15801 16625 I ChromePhotosDataPlane: origin=real hostClass=network hostHash=ee8cdc867bba487e method=POST clientProtocol=http/1.1 upstreamProtocol=h2 status=204 contentType=text/html bytesOut=0 transfer=fixed upstreamHeadersMs=176.658 downstreamWriteMs=0.915
09-08 02:25:13.564 15801 16761 I ChromePhotosDataPlane: phase=tls_certificate correlationId=c275 tlsCacheHit=true tlsCacheWaitMs=0.028 tlsCreationMs=0.000
09-08 02:25:13.565 15801 16761 I ChromePhotosDataPlane: phase=tls_material correlationId=c275 tlsMaterialMs=0.731
09-08 02:25:13.594 15801 16761 I ChromePhotosDataPlane: phase=tls_ready correlationId=c275 hostClass=network hostHash=4dce8d0b280a268f clientProtocol=http/1.1 ca=b84fe96087814860
09-08 02:25:13.609 15801 16539 I ChromePhotosDataPlane: phase=worker_ready correlationId=c276 admissionWaitMs=0.338
09-08 02:25:13.681 15801 16539 I ChromePhotosDataPlane: phase=tls_certificate correlationId=c276 tlsCacheHit=true tlsCacheWaitMs=0.035 tlsCreationMs=0.000
09-08 02:25:13.681 15801 16539 I ChromePhotosDataPlane: phase=tls_material correlationId=c276 tlsMaterialMs=0.792
09-08 02:25:13.701 15801 16701 I ChromePhotosDataPlane: origin=real hostClass=network hostHash=9d6e17ba2c400ce0 method=GET clientProtocol=http/1.1 upstreamProtocol=h2 status=200 contentType=text/html bytesOut=2744 transfer=chunked upstreamHeadersMs=346.359 downstreamWriteMs=1.166
09-08 02:25:13.715 15801 16539 I ChromePhotosDataPlane: phase=tls_ready correlationId=c276 hostClass=network hostHash=fdbc7f1491a89ee6 clientProtocol=http/1.1 ca=b84fe96087814860
09-08 02:25:13.716 15801 16735 I ChromePhotosDataPlane: phase=worker_ready correlationId=c277 admissionWaitMs=0.387
09-08 02:25:13.717 15801 16556 I ChromePhotosDataPlane: phase=worker_ready correlationId=c278 admissionWaitMs=0.156
09-08 02:25:13.719 15801 16692 I ChromePhotosDataPlane: phase=worker_ready correlationId=c279 admissionWaitMs=0.336
09-08 02:25:13.720 15801 16713 I ChromePhotosDataPlane: phase=worker_ready correlationId=c280 admissionWaitMs=0.172
09-08 02:25:13.722 15801 16415 I ChromePhotosDataPlane: phase=worker_ready correlationId=c281 admissionWaitMs=0.697
09-08 02:25:13.726 15801 16735 I ChromePhotosDataPlane: phase=tls_certificate correlationId=c277 tlsCacheHit=true tlsCacheWaitMs=0.018 tlsCreationMs=0.000
09-08 02:25:13.726 15801 16735 I ChromePhotosDataPlane: phase=tls_material correlationId=c277 tlsMaterialMs=0.934
09-08 02:25:13.729 15801 16556 I ChromePhotosDataPlane: phase=tls_certificate correlationId=c278 tlsCacheHit=true tlsCacheWaitMs=0.012 tlsCreationMs=0.000
09-08 02:25:13.729 15801 16556 I ChromePhotosDataPlane: phase=tls_material correlationId=c278 tlsMaterialMs=0.231
09-08 02:25:13.735 15801 16713 I ChromePhotosDataPlane: phase=tls_certificate correlationId=c280 tlsCacheHit=true tlsCacheWaitMs=0.013 tlsCreationMs=0.000
09-08 02:25:13.735 15801 16713 I ChromePhotosDataPlane: phase=tls_material correlationId=c280 tlsMaterialMs=0.213
09-08 02:25:13.737 15801 16415 I ChromePhotosDataPlane: phase=tls_certificate correlationId=c281 tlsCacheHit=true tlsCacheWaitMs=0.014 tlsCreationMs=0.000
09-08 02:25:13.737 15801 16415 I ChromePhotosDataPlane: phase=tls_material correlationId=c281 tlsMaterialMs=0.314
09-08 02:25:13.739 15801 16692 I ChromePhotosDataPlane: phase=tls_certificate correlationId=c279 tlsCacheHit=true tlsCacheWaitMs=0.020 tlsCreationMs=0.000
09-08 02:25:13.739 15801 16692 I ChromePhotosDataPlane: phase=tls_material correlationId=c279 tlsMaterialMs=1.243
09-08 02:25:13.750 15801 16735 I ChromePhotosDataPlane: phase=tls_ready correlationId=c277 hostClass=network hostHash=fdbc7f1491a89ee6 clientProtocol=http/1.1 ca=b84fe96087814860
09-08 02:25:13.752 15801 16556 I ChromePhotosDataPlane: phase=tls_ready correlationId=c278 hostClass=network hostHash=fdbc7f1491a89ee6 clientProtocol=http/1.1 ca=b84fe96087814860
09-08 02:25:13.763 15801 16692 I ChromePhotosDataPlane: phase=tls_ready correlationId=c279 hostClass=network hostHash=fdbc7f1491a89ee6 clientProtocol=http/1.1 ca=b84fe96087814860
09-08 02:25:13.767 15801 16713 I ChromePhotosDataPlane: phase=tls_ready correlationId=c280 hostClass=network hostHash=fdbc7f1491a89ee6 clientProtocol=http/1.1 ca=b84fe96087814860
09-08 02:25:13.772 15801 16415 I ChromePhotosDataPlane: phase=tls_ready correlationId=c281 hostClass=network hostHash=fdbc7f1491a89ee6 clientProtocol=http/1.1 ca=b84fe96087814860
09-08 02:25:14.272 15801 16761 I ChromePhotosDataPlane: origin=real hostClass=network hostHash=4dce8d0b280a268f method=GET clientProtocol=http/1.1 upstreamProtocol=h2 status=204 contentType= bytesIn=0 bytesOut=0 cache=miss decision=passthrough   requestToDeliveryMs=677.344 upstreamHeadersMs=674.064 sanitizeMs=0.029 downstreamWriteMs=0.808
09-08 02:25:14.559 15801 16539 I ChromePhotosDataPlane: origin=real hostClass=network hostHash=fdbc7f1491a89ee6 method=GET clientProtocol=http/1.1 upstreamProtocol=h2 status=200 contentType=image/webp bytesIn=7354 bytesOut=7354 cache=miss decision=safe reason=model_allow source=engine probability=0.020469993 basis=None decodeMs=5.887 inferenceMs=134.009 inferenceQueueMs=0.264 localDecisionMs=141.007  bodyAdmissionMs=0.032 bodyReadMs=3.546 hashMs=1.098 requestToDeliveryMs=825.312 upstreamHeadersMs=668.646 sanitizeMs=152.888 downstreamWriteMs=0.850
09-08 02:25:14.719 15801 16735 I ChromePhotosDataPlane: origin=real hostClass=network hostHash=fdbc7f1491a89ee6 method=GET clientProtocol=http/1.1 upstreamProtocol=h2 status=200 contentType=image/webp bytesIn=12548 bytesOut=12548 cache=miss decision=safe reason=model_allow source=engine probability=0.0034264326 basis=None decodeMs=5.931 inferenceMs=153.593 inferenceQueueMs=115.928 localDecisionMs=276.168  bodyAdmissionMs=0.043 bodyReadMs=0.413 hashMs=1.770 requestToDeliveryMs=963.507 upstreamHeadersMs=668.398 sanitizeMs=291.253 downstreamWriteMs=0.908
09-08 02:25:14.793 15801 16691 I ChromePhotosDataPlane: origin=real hostClass=network hostHash=df8ab3acb3324531 method=GET clientProtocol=http/1.1 upstreamProtocol=h2 status=304 contentType= bytesOut=0 transfer=fixed upstreamHeadersMs=1574.462 downstreamWriteMs=0.785
09-08 02:25:14.869 15801 16692 I ChromePhotosDataPlane: origin=real hostClass=network hostHash=fdbc7f1491a89ee6 method=GET clientProtocol=http/1.1 upstreamProtocol=h2 status=200 contentType=image/webp bytesIn=9276 bytesOut=9276 cache=miss decision=safe reason=model_allow source=engine probability=0.021775156 basis=None decodeMs=5.638 inferenceMs=137.569 inferenceQueueMs=155.267 localDecisionMs=299.297  bodyAdmissionMs=114.868 bodyReadMs=0.235 hashMs=0.281 requestToDeliveryMs=1103.085 upstreamHeadersMs=674.326 sanitizeMs=418.522 downstreamWriteMs=2.630
09-08 02:25:14.914 15801 16488 I ChromePhotosDataPlane: phase=worker_ready correlationId=c282 admissionWaitMs=0.183
09-08 02:25:14.987 15801 16488 I ChromePhotosDataPlane: phase=tls_certificate correlationId=c282 tlsCacheHit=true tlsCacheWaitMs=0.018 tlsCreationMs=0.000
09-08 02:25:14.987 15801 16488 I ChromePhotosDataPlane: phase=tls_material correlationId=c282 tlsMaterialMs=0.746
09-08 02:25:14.996 15801 16488 I ChromePhotosDataPlane: phase=tls_ready correlationId=c282 hostClass=network hostHash=66f6975d8388801b clientProtocol=http/1.1 ca=b84fe96087814860
09-08 02:25:15.009 15801 16556 I ChromePhotosDataPlane: origin=real hostClass=network hostHash=fdbc7f1491a89ee6 method=GET clientProtocol=http/1.1 upstreamProtocol=h2 status=200 contentType=image/webp bytesIn=5412 bytesOut=5412 cache=miss decision=safe reason=model_allow source=engine probability=0.06589651 basis=None decodeMs=5.969 inferenceMs=137.261 inferenceQueueMs=140.804 localDecisionMs=285.204  bodyAdmissionMs=265.445 bodyReadMs=0.168 hashMs=0.368 requestToDeliveryMs=1250.695 upstreamHeadersMs=692.161 sanitizeMs=553.347 downstreamWriteMs=1.624
09-08 02:25:15.152 15801 16415 I ChromePhotosDataPlane: origin=real hostClass=network hostHash=fdbc7f1491a89ee6 method=GET clientProtocol=http/1.1 upstreamProtocol=h2 status=200 contentType=image/webp bytesIn=4186 bytesOut=4186 cache=miss decision=safe reason=model_allow source=engine probability=0.028872639 basis=None decodeMs=5.391 inferenceMs=132.469 inferenceQueueMs=133.200 localDecisionMs=272.433  bodyAdmissionMs=408.346 bodyReadMs=0.463 hashMs=1.433 requestToDeliveryMs=1377.098 upstreamHeadersMs=677.838 sanitizeMs=690.368 downstreamWriteMs=2.777
09-08 02:25:15.295 15801 16713 I ChromePhotosDataPlane: origin=real hostClass=network hostHash=fdbc7f1491a89ee6 method=GET clientProtocol=http/1.1 upstreamProtocol=h2 status=200 contentType=image/webp bytesIn=6094 bytesOut=6094 cache=miss decision=safe reason=model_allow source=engine probability=0.016579151 basis=None decodeMs=6.376 inferenceMs=137.119 inferenceQueueMs=129.520 localDecisionMs=273.838  bodyAdmissionMs=446.492 bodyReadMs=0.353 hashMs=0.617 requestToDeliveryMs=1522.486 upstreamHeadersMs=787.447 sanitizeMs=728.121 downstreamWriteMs=3.260
09-08 02:25:15.435 15801 16735 I ChromePhotosDataPlane: origin=real hostClass=network hostHash=fdbc7f1491a89ee6 method=GET clientProtocol=http/1.1 upstreamProtocol=h2 status=200 contentType=image/webp bytesIn=4952 bytesOut=4952 cache=miss decision=safe reason=model_allow source=engine probability=0.028983265 basis=None decodeMs=5.821 inferenceMs=136.795 inferenceQueueMs=128.491 localDecisionMs=272.086  bodyAdmissionMs=215.332 bodyReadMs=0.459 hashMs=1.448 requestToDeliveryMs=671.369 upstreamHeadersMs=167.879 sanitizeMs=497.946 downstreamWriteMs=1.532
09-08 02:25:15.558 15801 16488 I ChromePhotosDataPlane: origin=real hostClass=network hostHash=66f6975d8388801b method=GET clientProtocol=http/1.1 upstreamProtocol=h2 status=403 contentType=application/xml bytesOut=243 transfer=chunked upstreamHeadersMs=551.254 downstreamWriteMs=2.525
09-08 02:25:15.580 15801 16539 I ChromePhotosDataPlane: origin=real hostClass=network hostHash=fdbc7f1491a89ee6 method=GET clientProtocol=http/1.1 upstreamProtocol=h2 status=200 contentType=image/webp bytesIn=4388 bytesOut=4388 cache=miss decision=safe reason=model_allow source=engine probability=0.007515937 basis=None decodeMs=5.470 inferenceMs=136.928 inferenceQueueMs=141.212 localDecisionMs=284.298  bodyAdmissionMs=193.352 bodyReadMs=0.153 hashMs=0.160 requestToDeliveryMs=769.571 upstreamHeadersMs=283.098 sanitizeMs=478.919 downstreamWriteMs=1.590
09-08 02:25:20.901 15801 16809 I ChromePhotosDataPlane: phase=worker_ready correlationId=c283 admissionWaitMs=0.658
09-08 02:25:20.966 15801 16809 I ChromePhotosDataPlane: phase=tls_certificate correlationId=c283 tlsCacheHit=true tlsCacheWaitMs=0.038 tlsCreationMs=0.000
09-08 02:25:20.967 15801 16809 I ChromePhotosDataPlane: phase=tls_material correlationId=c283 tlsMaterialMs=0.624
09-08 02:25:20.989 15801 16809 I ChromePhotosDataPlane: phase=tls_ready correlationId=c283 hostClass=network hostHash=acb222ec7473b00e clientProtocol=http/1.1 ca=b84fe96087814860
09-08 02:25:21.019 15801 16842 I ChromePhotosDataPlane: phase=worker_ready correlationId=c284 admissionWaitMs=0.916
09-08 02:25:21.047 15801 16842 I ChromePhotosDataPlane: phase=tls_certificate correlationId=c284 tlsCacheHit=true tlsCacheWaitMs=0.057 tlsCreationMs=0.000
09-08 02:25:21.047 15801 16842 I ChromePhotosDataPlane: phase=tls_material correlationId=c284 tlsMaterialMs=0.984
09-08 02:25:21.068 15801 16693 I ChromePhotosDataPlane: phase=worker_ready correlationId=c285 admissionWaitMs=1.032
09-08 02:25:21.079 15801 16842 I ChromePhotosDataPlane: phase=tls_ready correlationId=c284 hostClass=network hostHash=a552b937eecf21c7 clientProtocol=http/1.1 ca=b84fe96087814860
09-08 02:25:21.191 15801 16539 I ChromePhotosDataPlane: origin=real hostClass=network hostHash=fdbc7f1491a89ee6 method=GET clientProtocol=http/1.1 upstreamProtocol=h2 status=200 contentType=image/webp bytesIn=5882 bytesOut=5882 cache=miss decision=safe reason=model_allow source=engine probability=0.019728243 basis=None decodeMs=4.213 inferenceMs=136.427 inferenceQueueMs=0.426 localDecisionMs=141.870  bodyAdmissionMs=0.039 bodyReadMs=0.456 hashMs=1.273 requestToDeliveryMs=369.332 upstreamHeadersMs=214.048 sanitizeMs=151.681 downstreamWriteMs=1.143
09-08 02:25:21.200 15801 16809 I ChromePhotosDataPlane: phase=media_shield_document origin=real hostClass=network hostHash=acb222ec7473b00e result=transformed documentSequence=15 navigationSequence=4 token=ae76ae38298c bytesOut=112157 upstreamHeadersMs=167.317 documentDecisionMs=39.170 downstreamWriteMs=1.049
09-08 02:25:21.307 15801 16842 I ChromePhotosDataPlane: origin=real hostClass=network hostHash=a552b937eecf21c7 method=GET clientProtocol=http/1.1 upstreamProtocol=h2 status=200 contentType=image/png bytesIn=0 bytesOut=704 cache=miss decision=unknown reason=encoded_image_unsupported source=error probability=-1.0 basis=none decodeMs=0.000 inferenceMs=0.000 inferenceQueueMs=0.000 localDecisionMs=0.000   requestToDeliveryMs=223.437 upstreamHeadersMs=216.881 sanitizeMs=0.374 downstreamWriteMs=1.936
09-08 02:25:21.387 15801 16735 I ChromePhotosDataPlane: origin=real hostClass=network hostHash=fdbc7f1491a89ee6 method=GET clientProtocol=http/1.1 upstreamProtocol=h2 status=200 contentType=image/webp bytesIn=7726 bytesOut=7726 cache=miss decision=safe reason=model_allow source=engine probability=0.011861503 basis=None decodeMs=12.769 inferenceMs=157.451 inferenceQueueMs=0.289 localDecisionMs=171.782  bodyAdmissionMs=0.019 bodyReadMs=0.179 hashMs=0.537 requestToDeliveryMs=551.148 upstreamHeadersMs=367.164 sanitizeMs=176.204 downstreamWriteMs=4.858
09-08 02:25:21.462 15801 16510 I ChromePhotosDataPlane: phase=worker_ready correlationId=c286 admissionWaitMs=0.332
09-08 02:25:21.501 15801 16693 I ChromePhotosDataPlane: phase=tls_certificate correlationId=c285 tlsCacheHit=false tlsCacheWaitMs=0.034 tlsCreationMs=344.026
09-08 02:25:21.501 15801 16693 I ChromePhotosDataPlane: phase=tls_material correlationId=c285 tlsMaterialMs=344.745
09-08 02:25:21.512 15801 16693 I ChromePhotosDataPlane: phase=tls_ready correlationId=c285 hostClass=network hostHash=b8efe24776156b55 clientProtocol=http/1.1 ca=b84fe96087814860
09-08 02:25:21.516 15801 16510 I ChromePhotosDataPlane: phase=tls_certificate correlationId=c286 tlsCacheHit=true tlsCacheWaitMs=0.023 tlsCreationMs=0.000
09-08 02:25:21.516 15801 16510 I ChromePhotosDataPlane: phase=tls_material correlationId=c286 tlsMaterialMs=0.462
09-08 02:25:21.523 15801 16692 I ChromePhotosDataPlane: origin=real hostClass=network hostHash=fdbc7f1491a89ee6 method=GET clientProtocol=http/1.1 upstreamProtocol=h2 status=200 contentType=image/webp bytesIn=3438 bytesOut=3438 cache=miss decision=safe reason=model_allow source=engine probability=0.019150347 basis=None decodeMs=3.875 inferenceMs=133.299 inferenceQueueMs=170.543 localDecisionMs=310.593  bodyAdmissionMs=0.014 bodyReadMs=0.091 hashMs=0.661 requestToDeliveryMs=670.292 upstreamHeadersMs=353.486 sanitizeMs=313.324 downstreamWriteMs=1.266
09-08 02:25:21.538 15801 16510 I ChromePhotosDataPlane: phase=tls_ready correlationId=c286 hostClass=network hostHash=191347bfe55d0ca9 clientProtocol=http/1.1 ca=b84fe96087814860
09-08 02:25:21.541 15801 16847 I ChromePhotosDataPlane: phase=worker_ready correlationId=c287 admissionWaitMs=0.413
09-08 02:25:21.548 15801 16847 I ChromePhotosDataPlane: phase=tls_certificate correlationId=c287 tlsCacheHit=true tlsCacheWaitMs=0.017 tlsCreationMs=0.000
09-08 02:25:21.548 15801 16847 I ChromePhotosDataPlane: phase=tls_material correlationId=c287 tlsMaterialMs=0.405
09-08 02:25:21.564 15801 16847 I ChromePhotosDataPlane: phase=tls_ready correlationId=c287 hostClass=network hostHash=191347bfe55d0ca9 clientProtocol=http/1.1 ca=b84fe96087814860
09-08 02:25:21.577 15801 16416 I ChromePhotosDataPlane: phase=worker_ready correlationId=c288 admissionWaitMs=0.251
09-08 02:25:21.583 15801 16416 I ChromePhotosDataPlane: phase=tls_certificate correlationId=c288 tlsCacheHit=true tlsCacheWaitMs=0.016 tlsCreationMs=0.000
09-08 02:25:21.583 15801 16416 I ChromePhotosDataPlane: phase=tls_material correlationId=c288 tlsMaterialMs=0.442
09-08 02:25:21.604 15801 16416 I ChromePhotosDataPlane: phase=tls_ready correlationId=c288 hostClass=network hostHash=191347bfe55d0ca9 clientProtocol=http/1.1 ca=b84fe96087814860
09-08 02:25:21.610 15801 16553 I ChromePhotosDataPlane: phase=worker_ready correlationId=c289 admissionWaitMs=0.320
09-08 02:25:21.616 15801 16553 I ChromePhotosDataPlane: phase=tls_certificate correlationId=c289 tlsCacheHit=true tlsCacheWaitMs=0.016 tlsCreationMs=0.000
09-08 02:25:21.617 15801 16553 I ChromePhotosDataPlane: phase=tls_material correlationId=c289 tlsMaterialMs=0.428
09-08 02:25:21.632 15801 16553 I ChromePhotosDataPlane: phase=tls_ready correlationId=c289 hostClass=network hostHash=191347bfe55d0ca9 clientProtocol=http/1.1 ca=b84fe96087814860
09-08 02:25:21.669 15801 16415 I ChromePhotosDataPlane: origin=real hostClass=network hostHash=fdbc7f1491a89ee6 method=GET clientProtocol=http/1.1 upstreamProtocol=h2 status=200 contentType=image/webp bytesIn=6738 bytesOut=6738 cache=miss decision=safe reason=model_allow source=engine probability=0.013799995 basis=None decodeMs=5.764 inferenceMs=142.184 inferenceQueueMs=131.423 localDecisionMs=279.942  bodyAdmissionMs=166.589 bodyReadMs=0.432 hashMs=0.575 requestToDeliveryMs=823.159 upstreamHeadersMs=367.342 sanitizeMs=451.453 downstreamWriteMs=1.460
09-08 02:25:21.734 15801 16847 I ChromePhotosDataPlane: origin=real hostClass=network hostHash=191347bfe55d0ca9 method=POST clientProtocol=http/1.1 upstreamProtocol=h2 status=200 contentType=text/plain bytesOut=0 transfer=fixed upstreamHeadersMs=163.030 downstreamWriteMs=0.558
09-08 02:25:21.743 15801 16510 I ChromePhotosDataPlane: origin=real hostClass=network hostHash=191347bfe55d0ca9 method=POST clientProtocol=http/1.1 upstreamProtocol=h2 status=200 contentType=text/html bytesOut=0 transfer=fixed upstreamHeadersMs=193.766 downstreamWriteMs=0.533
09-08 02:25:21.768 15801 16596 I ChromePhotosDataPlane: phase=worker_ready correlationId=c290 admissionWaitMs=0.251
09-08 02:25:21.775 15801 16596 I ChromePhotosDataPlane: phase=tls_certificate correlationId=c290 tlsCacheHit=true tlsCacheWaitMs=0.010 tlsCreationMs=0.000
09-08 02:25:21.775 15801 16596 I ChromePhotosDataPlane: phase=tls_material correlationId=c290 tlsMaterialMs=0.219
09-08 02:25:21.782 15801 16693 I ChromePhotosDataPlane: phase=media_shield_document origin=real hostClass=network hostHash=b8efe24776156b55 result=transformed documentSequence=16 navigationSequence=4 token=b81e76293e86 bytesOut=119507 upstreamHeadersMs=166.958 documentDecisionMs=96.506 downstreamWriteMs=3.531
09-08 02:25:21.792 15801 16596 I ChromePhotosDataPlane: phase=tls_ready correlationId=c290 hostClass=network hostHash=191347bfe55d0ca9 clientProtocol=http/1.1 ca=b84fe96087814860
09-08 02:25:21.794 15801 16416 I ChromePhotosDataPlane: origin=real hostClass=network hostHash=191347bfe55d0ca9 method=POST clientProtocol=http/1.1 upstreamProtocol=h2 status=200 contentType=text/html bytesOut=0 transfer=fixed upstreamHeadersMs=178.726 downstreamWriteMs=0.647
09-08 02:25:21.806 15801 16676 I ChromePhotosDataPlane: phase=worker_ready correlationId=c291 admissionWaitMs=0.518
09-08 02:25:21.813 15801 16676 I ChromePhotosDataPlane: phase=tls_certificate correlationId=c291 tlsCacheHit=true tlsCacheWaitMs=0.025 tlsCreationMs=0.000
09-08 02:25:21.814 15801 16676 I ChromePhotosDataPlane: phase=tls_material correlationId=c291 tlsMaterialMs=0.513
09-08 02:25:21.829 15801 16676 I ChromePhotosDataPlane: phase=tls_ready correlationId=c291 hostClass=network hostHash=191347bfe55d0ca9 clientProtocol=http/1.1 ca=b84fe96087814860
09-08 02:25:21.830 15801 16553 I ChromePhotosDataPlane: origin=real hostClass=network hostHash=191347bfe55d0ca9 method=POST clientProtocol=http/1.1 upstreamProtocol=h2 status=200 contentType=text/plain bytesOut=0 transfer=fixed upstreamHeadersMs=193.003 downstreamWriteMs=0.893
09-08 02:25:21.838 15801 16556 I ChromePhotosDataPlane: origin=real hostClass=network hostHash=fdbc7f1491a89ee6 method=GET clientProtocol=http/1.1 upstreamProtocol=h2 status=200 contentType=image/webp bytesIn=3832 bytesOut=3832 cache=miss decision=safe reason=model_allow source=engine probability=0.022616684 basis=None decodeMs=4.453 inferenceMs=165.491 inferenceQueueMs=142.283 localDecisionMs=312.900  bodyAdmissionMs=296.984 bodyReadMs=0.205 hashMs=0.578 requestToDeliveryMs=988.732 upstreamHeadersMs=373.388 sanitizeMs=612.678 downstreamWriteMs=0.854
09-08 02:25:21.868 15801 16596 I ChromePhotosDataPlane: origin=real hostClass=network hostHash=191347bfe55d0ca9 method=POST clientProtocol=http/1.1 upstreamProtocol=h2 status=200 contentType=text/html bytesOut=0 transfer=fixed upstreamHeadersMs=67.077 downstreamWriteMs=0.968
09-08 02:25:21.887 15801 16676 I ChromePhotosDataPlane: origin=real hostClass=network hostHash=191347bfe55d0ca9 method=POST clientProtocol=http/1.1 upstreamProtocol=h2 status=200 contentType=text/plain bytesOut=0 transfer=fixed upstreamHeadersMs=49.461 downstreamWriteMs=1.010
09-08 02:25:21.941 15801 16718 I ChromePhotosDataPlane: phase=worker_ready correlationId=c292 admissionWaitMs=0.682
09-08 02:25:21.953 15801 16718 I ChromePhotosDataPlane: phase=tls_certificate correlationId=c292 tlsCacheHit=true tlsCacheWaitMs=0.026 tlsCreationMs=0.000
09-08 02:25:21.953 15801 16718 I ChromePhotosDataPlane: phase=tls_material correlationId=c292 tlsMaterialMs=0.701
09-08 02:25:21.979 15801 16718 I ChromePhotosDataPlane: phase=tls_ready correlationId=c292 hostClass=network hostHash=191347bfe55d0ca9 clientProtocol=http/1.1 ca=b84fe96087814860
09-08 02:25:21.980 15801 16713 I ChromePhotosDataPlane: origin=real hostClass=network hostHash=fdbc7f1491a89ee6 method=GET clientProtocol=http/1.1 upstreamProtocol=h2 status=200 contentType=image/webp bytesIn=4086 bytesOut=4086 cache=miss decision=safe reason=model_allow source=engine probability=0.02936685 basis=None decodeMs=4.114 inferenceMs=136.901 inferenceQueueMs=167.437 localDecisionMs=309.393  bodyAdmissionMs=435.628 bodyReadMs=0.162 hashMs=0.540 requestToDeliveryMs=1137.558 upstreamHeadersMs=386.748 sanitizeMs=747.664 downstreamWriteMs=1.159
09-08 02:25:21.983 15801 16678 I ChromePhotosDataPlane: phase=worker_ready correlationId=c293 admissionWaitMs=0.697
09-08 02:25:21.996 15801 16442 I ChromePhotosDataPlane: phase=worker_ready correlationId=c294 admissionWaitMs=0.372
09-08 02:25:22.003 15801 16678 I ChromePhotosDataPlane: phase=tls_certificate correlationId=c293 tlsCacheHit=true tlsCacheWaitMs=0.040 tlsCreationMs=0.000
09-08 02:25:22.004 15801 16678 I ChromePhotosDataPlane: phase=tls_material correlationId=c293 tlsMaterialMs=0.547
09-08 02:25:22.004 15801 16509 I ChromePhotosDataPlane: phase=worker_ready correlationId=c295 admissionWaitMs=0.562
09-08 02:25:22.009 15801 16712 I ChromePhotosDataPlane: phase=worker_ready correlationId=c296 admissionWaitMs=0.336
09-08 02:25:22.021 15801 16509 I ChromePhotosDataPlane: phase=tls_certificate correlationId=c295 tlsCacheHit=true tlsCacheWaitMs=0.018 tlsCreationMs=0.000
09-08 02:25:22.021 15801 16509 I ChromePhotosDataPlane: phase=tls_material correlationId=c295 tlsMaterialMs=0.620
09-08 02:25:22.025 15801 16712 I ChromePhotosDataPlane: phase=tls_certificate correlationId=c296 tlsCacheHit=true tlsCacheWaitMs=0.015 tlsCreationMs=0.000
09-08 02:25:22.025 15801 16712 I ChromePhotosDataPlane: phase=tls_material correlationId=c296 tlsMaterialMs=1.601
09-08 02:25:22.028 15801 16678 I ChromePhotosDataPlane: phase=tls_ready correlationId=c293 hostClass=network hostHash=ee8cdc867bba487e clientProtocol=http/1.1 ca=b84fe96087814860
09-08 02:25:22.032 15801 16442 I ChromePhotosDataPlane: phase=tls_certificate correlationId=c294 tlsCacheHit=true tlsCacheWaitMs=0.016 tlsCreationMs=0.000
09-08 02:25:22.033 15801 16442 I ChromePhotosDataPlane: phase=tls_material correlationId=c294 tlsMaterialMs=0.405
09-08 02:25:22.044 15801 16509 I ChromePhotosDataPlane: phase=tls_ready correlationId=c295 hostClass=network hostHash=191347bfe55d0ca9 clientProtocol=http/1.1 ca=b84fe96087814860
09-08 02:25:22.047 15801 16712 I ChromePhotosDataPlane: phase=tls_ready correlationId=c296 hostClass=network hostHash=191347bfe55d0ca9 clientProtocol=http/1.1 ca=b84fe96087814860
09-08 02:25:22.051 15801 16442 I ChromePhotosDataPlane: phase=tls_ready correlationId=c294 hostClass=network hostHash=ef6a1cd63150fbbc clientProtocol=http/1.1 ca=b84fe96087814860
09-08 02:25:22.097 15801 16718 I ChromePhotosDataPlane: origin=real hostClass=network hostHash=191347bfe55d0ca9 method=POST clientProtocol=http/1.1 upstreamProtocol=h2 status=200 contentType=text/html bytesOut=0 transfer=fixed upstreamHeadersMs=67.905 downstreamWriteMs=0.923
09-08 02:25:22.107 15801 16509 I ChromePhotosDataPlane: origin=real hostClass=network hostHash=191347bfe55d0ca9 method=POST clientProtocol=http/1.1 upstreamProtocol=h2 status=200 contentType=text/plain bytesOut=0 transfer=fixed upstreamHeadersMs=54.777 downstreamWriteMs=1.293
09-08 02:25:22.123 15801 16539 I ChromePhotosDataPlane: origin=real hostClass=network hostHash=fdbc7f1491a89ee6 method=GET clientProtocol=http/1.1 upstreamProtocol=h2 status=200 contentType=image/webp bytesIn=3504 bytesOut=3504 cache=miss decision=safe reason=model_allow source=engine probability=0.030646235 basis=None decodeMs=3.924 inferenceMs=137.991 inferenceQueueMs=139.205 localDecisionMs=281.760  bodyAdmissionMs=465.935 bodyReadMs=0.121 hashMs=0.300 requestToDeliveryMs=922.254 upstreamHeadersMs=166.615 sanitizeMs=749.473 downstreamWriteMs=1.153
09-08 02:25:22.126 15801 16712 I ChromePhotosDataPlane: origin=real hostClass=network hostHash=191347bfe55d0ca9 method=POST clientProtocol=http/1.1 upstreamProtocol=h2 status=200 contentType=text/plain bytesOut=0 transfer=fixed upstreamHeadersMs=71.650 downstreamWriteMs=0.912
09-08 02:25:22.172 15801 16481 I ChromePhotosDataPlane: phase=worker_ready correlationId=c297 admissionWaitMs=0.291
09-08 02:25:22.186 15801 16481 I ChromePhotosDataPlane: phase=tls_certificate correlationId=c297 tlsCacheHit=true tlsCacheWaitMs=0.027 tlsCreationMs=0.000
09-08 02:25:22.186 15801 16481 I ChromePhotosDataPlane: phase=tls_material correlationId=c297 tlsMaterialMs=0.566
09-08 02:25:22.203 15801 16481 I ChromePhotosDataPlane: phase=tls_ready correlationId=c297 hostClass=network hostHash=0cb87e7c434c3594 clientProtocol=http/1.1 ca=b84fe96087814860
09-08 02:25:22.273 15801 16735 I ChromePhotosDataPlane: origin=real hostClass=network hostHash=fdbc7f1491a89ee6 method=GET clientProtocol=http/1.1 upstreamProtocol=h2 status=200 contentType=image/webp bytesIn=7270 bytesOut=7270 cache=miss decision=safe reason=model_allow source=engine probability=0.02072692 basis=None decodeMs=8.228 inferenceMs=142.350 inferenceQueueMs=134.741 localDecisionMs=286.351  bodyAdmissionMs=413.385 bodyReadMs=0.244 hashMs=0.430 requestToDeliveryMs=872.818 upstreamHeadersMs=165.561 sanitizeMs=703.712 downstreamWriteMs=0.798
09-08 02:25:22.277 15801 16442 I ChromePhotosDataPlane: phase=media_shield_document origin=real hostClass=network hostHash=ef6a1cd63150fbbc result=transformed documentSequence=17 navigationSequence=4 token=d0ac711c2fd2 bytesOut=113041 upstreamHeadersMs=171.145 documentDecisionMs=48.169 downstreamWriteMs=1.319
09-08 02:25:22.327 15801 16678 I ChromePhotosDataPlane: origin=real hostClass=network hostHash=ee8cdc867bba487e method=POST clientProtocol=http/1.1 upstreamProtocol=h2 status=302 contentType= bytesIn=0 bytesOut=0 cache=miss decision=passthrough   requestToDeliveryMs=293.592 upstreamHeadersMs=290.132 sanitizeMs=0.820 downstreamWriteMs=0.708
09-08 02:25:22.333 15801 16609 I ChromePhotosDataPlane: phase=worker_ready correlationId=c298 admissionWaitMs=0.456
09-08 02:25:22.342 15801 16609 I ChromePhotosDataPlane: phase=tls_certificate correlationId=c298 tlsCacheHit=true tlsCacheWaitMs=0.022 tlsCreationMs=0.000
09-08 02:25:22.343 15801 16609 I ChromePhotosDataPlane: phase=tls_material correlationId=c298 tlsMaterialMs=0.712
09-08 02:25:22.344 15801 16645 I ChromePhotosDataPlane: phase=worker_ready correlationId=c299 admissionWaitMs=0.289
09-08 02:25:22.360 15801 16486 I ChromePhotosDataPlane: phase=worker_ready correlationId=c300 admissionWaitMs=1.065
09-08 02:25:22.374 15801 16645 I ChromePhotosDataPlane: phase=tls_certificate correlationId=c299 tlsCacheHit=true tlsCacheWaitMs=0.016 tlsCreationMs=0.000
09-08 02:25:22.374 15801 16645 I ChromePhotosDataPlane: phase=tls_material correlationId=c299 tlsMaterialMs=0.519
09-08 02:25:22.377 15801 16609 I ChromePhotosDataPlane: phase=tls_ready correlationId=c298 hostClass=network hostHash=191347bfe55d0ca9 clientProtocol=http/1.1 ca=b84fe96087814860
09-08 02:25:22.401 15801 16486 I ChromePhotosDataPlane: phase=tls_certificate correlationId=c300 tlsCacheHit=true tlsCacheWaitMs=0.044 tlsCreationMs=0.000
09-08 02:25:22.401 15801 16486 I ChromePhotosDataPlane: phase=tls_material correlationId=c300 tlsMaterialMs=0.805
09-08 02:25:22.411 15801 16645 I ChromePhotosDataPlane: phase=tls_ready correlationId=c299 hostClass=network hostHash=d8ecf352ffa86f18 clientProtocol=http/1.1 ca=b84fe96087814860
09-08 02:25:22.433 15801 16692 I ChromePhotosDataPlane: origin=real hostClass=network hostHash=fdbc7f1491a89ee6 method=GET clientProtocol=http/1.1 upstreamProtocol=h2 status=200 contentType=image/webp bytesIn=3978 bytesOut=3978 cache=miss decision=safe reason=model_allow source=engine probability=0.037555695 basis=None decodeMs=3.977 inferenceMs=156.831 inferenceQueueMs=143.975 localDecisionMs=305.378  bodyAdmissionMs=406.062 bodyReadMs=0.177 hashMs=0.539 requestToDeliveryMs=902.120 upstreamHeadersMs=184.936 sanitizeMs=714.666 downstreamWriteMs=0.434
09-08 02:25:22.449 15801 16486 I ChromePhotosDataPlane: phase=tls_ready correlationId=c300 hostClass=network hostHash=e2ccecf673591338 clientProtocol=http/1.1 ca=b84fe96087814860
09-08 02:25:22.670 15801 16415 I ChromePhotosDataPlane: origin=real hostClass=network hostHash=fdbc7f1491a89ee6 method=GET clientProtocol=http/1.1 upstreamProtocol=h2 status=200 contentType=image/webp bytesIn=3766 bytesOut=3766 cache=miss decision=safe reason=model_allow source=engine probability=0.021158576 basis=None decodeMs=4.324 inferenceMs=225.431 inferenceQueueMs=159.072 localDecisionMs=389.720  bodyAdmissionMs=393.285 bodyReadMs=0.147 hashMs=0.364 requestToDeliveryMs=974.521 upstreamHeadersMs=179.716 sanitizeMs=784.953 downstreamWriteMs=1.851
09-08 02:25:22.776 15801 16595 I ChromePhotosDataPlane: origin=real hostClass=network hostHash=f58aed0f48e58f0c method=POST clientProtocol=http/1.1 upstreamProtocol=h2 status=204 contentType= bytesOut=0 transfer=fixed upstreamHeadersMs=681.359 downstreamWriteMs=1.197
09-08 02:25:22.811 15801 16556 I ChromePhotosDataPlane: origin=real hostClass=network hostHash=fdbc7f1491a89ee6 method=GET clientProtocol=http/1.1 upstreamProtocol=h2 status=200 contentType=image/webp bytesIn=4222 bytesOut=4222 cache=miss decision=safe reason=model_allow source=engine probability=0.031920522 basis=None decodeMs=4.002 inferenceMs=141.419 inferenceQueueMs=224.083 localDecisionMs=370.181  bodyAdmissionMs=338.274 bodyReadMs=0.198 hashMs=0.471 requestToDeliveryMs=905.249 upstreamHeadersMs=186.568 sanitizeMs=714.403 downstreamWriteMs=1.053
09-08 02:25:22.933 15801 16729 I ChromePhotosDataPlane: phase=worker_ready correlationId=c301 admissionWaitMs=0.333
09-08 02:25:22.953 15801 16609 I ChromePhotosDataPlane: origin=real hostClass=network hostHash=191347bfe55d0ca9 method=GET clientProtocol=http/1.1 upstreamProtocol=h2 status=200 contentType=image/png bytesIn=42 bytesOut=704 cache=miss decision=unknown reason=unsupported_gif source=error probability=-1.0 basis=none decodeMs=0.000 inferenceMs=0.000 inferenceQueueMs=0.000 localDecisionMs=0.000  bodyAdmissionMs=311.053 bodyReadMs=0.128 requestToDeliveryMs=569.654 upstreamHeadersMs=256.056 sanitizeMs=311.421 downstreamWriteMs=0.481
09-08 02:25:22.954 15801 16713 I ChromePhotosDataPlane: origin=real hostClass=network hostHash=fdbc7f1491a89ee6 method=GET clientProtocol=http/1.1 upstreamProtocol=h2 status=200 contentType=image/webp bytesIn=4166 bytesOut=4166 cache=miss decision=safe reason=model_allow source=engine probability=0.04555753 basis=None decodeMs=4.109 inferenceMs=138.912 inferenceQueueMs=137.339 localDecisionMs=281.737  bodyAdmissionMs=407.177 bodyReadMs=0.311 hashMs=3.405 requestToDeliveryMs=909.558 upstreamHeadersMs=210.060 sanitizeMs=696.103 downstreamWriteMs=0.851
09-08 02:25:22.955 15801 16645 I ChromePhotosDataPlane: origin=real hostClass=network hostHash=d8ecf352ffa86f18 method=GET clientProtocol=http/1.1 upstreamProtocol=h2 status=200 contentType=image/png bytesIn=43 bytesOut=704 cache=miss decision=unknown reason=unsupported_gif source=error probability=-1.0 basis=none decodeMs=0.000 inferenceMs=0.000 inferenceQueueMs=0.000 localDecisionMs=0.000  bodyAdmissionMs=147.299 bodyReadMs=0.082 requestToDeliveryMs=528.615 upstreamHeadersMs=378.439 sanitizeMs=147.573 downstreamWriteMs=0.357
09-08 02:25:22.956 15801 16486 I ChromePhotosDataPlane: origin=real hostClass=network hostHash=e2ccecf673591338 method=GET clientProtocol=http/1.1 upstreamProtocol=h2 status=200 contentType=image/png bytesIn=43 bytesOut=704 cache=miss decision=unknown reason=unsupported_gif source=error probability=-1.0 basis=none decodeMs=0.000 inferenceMs=0.000 inferenceQueueMs=0.000 localDecisionMs=0.000  bodyAdmissionMs=234.757 bodyReadMs=0.153 requestToDeliveryMs=504.206 upstreamHeadersMs=266.356 sanitizeMs=235.794 downstreamWriteMs=0.680
09-08 02:25:22.966 15801 16729 I ChromePhotosDataPlane: phase=tls_certificate correlationId=c301 tlsCacheHit=true tlsCacheWaitMs=0.045 tlsCreationMs=0.000
09-08 02:25:22.966 15801 16729 I ChromePhotosDataPlane: phase=tls_material correlationId=c301 tlsMaterialMs=0.634
09-08 02:25:22.984 15801 16729 I ChromePhotosDataPlane: phase=tls_ready correlationId=c301 hostClass=network hostHash=2e2e8e2b4eb0d095 clientProtocol=http/1.1 ca=b84fe96087814860
