--------- beginning of main
09-08 01:42:17.412 10510 10819 I ChromePhotosDataPlane: bootstrap=chrome_blocked reason=session_start
09-08 01:42:17.477 10510 10819 I ChromePhotosDataPlane: rollback=complete proxy=cleared ca=removed
09-08 01:42:17.477 10510 10819 I ChromePhotosDataPlane: bootstrap=chrome_reset_skipped generation=2 resetCount=3
09-08 01:42:17.664 10510 10813 I ChromePhotosDataPlane: vpnAttestation=revoked session=311b9c83 fullTunnelApplied=false chromePackageAdmitted=true
09-08 01:42:18.691 10510 10837 I ChromePhotosDataPlane: phase=proxy_ready bind=loopback port=8877
09-08 01:42:18.758 10510 10837 I ChromePhotosDataPlane: policy=chrome-only proxy=fixed stockMedia=true policyTypes=AIModeSettings:Integer,AllowBackForwardCacheForCacheControlNoStorePageEnabled:Boolean,BackForwardCacheEnabled:Boolean,DataUrlInSvgUseEnabled:Boolean,FindsSettings:Integer,ForceGoogleSafeSearch:Boolean,IncognitoModeAvailability:Integer,NTPContentSuggestionsEnabled:Boolean,SearchContentSharingSettings:Integer,SearchSuggestEnabled:Boolean,URLAllowlist:String,URLBlocklist:String ca=997280833a762664
09-08 01:42:18.765 10510 10510 I ChromePhotosDataPlane: vpnAttestation=revoked session=311b9c83 fullTunnelApplied=false chromePackageAdmitted=false
09-08 01:42:18.773 10510 10837 I ChromePhotosDataPlane: phase=active owner=device_owner scope=chrome_only session=311b9c83 ca=997280833a762664 model=R3.1 modelSha=c8b64af8092d3718c58736a511c996d0d443dacf3eaa74620b1e5af439a3cd48 policy=dag-36 modelLoadMs=449.641 fixture=controlled fallbackHosts=5 routes=0 udpFixture=false udpTarget=:0 transport=full_tunnel_dev networkVisualMode=selective stockMediaAuthority=true documentSelfShield=true privacy=public_only_memory_only
09-08 01:42:19.053 10510 10851 I ChromePhotosDataPlane: vpnAttestation=confirmed session=311b9c83 fullTunnelApplied=true chromePackageAdmitted=true
09-08 01:42:19.636 10510 10847 I ChromePhotosDataPlane: phase=presentation_ready scope=real_web failSafe=armed
09-08 01:42:33.519 10510 10847 I ChromePhotosDataPlane: bootstrap=chrome_blocked reason=manual_stop
09-08 01:42:33.529 10510 10847 I ChromePhotosDataPlane: phase=fail_closed reason=manual_stop
09-08 01:42:33.537 10510 10847 I ChromePhotosDataPlane: phase=status statusSequence=1 lifecycle=PresentationReady active=true ready=false connections=0 requests=0 safe=0 blocked=0 unknown=0 passthrough=0 cacheHits=0 cacheMisses=0 failures=0 clientDisconnects=0 bytesIn=0 bytesOut=0 streamed=0 proxyQueueRejects=0 proxyActivePeak=0 proxyP50Ms=0.000 proxyP95Ms=0.000 proxyP99Ms=0.000 upstreamSockets=0 protectSuccess=0 protectFailure=0 web11a=not_run web11b=not_run modelLoadMs=449.641 engineCalls=0 dedupeHits=0 decisionCacheConfig=64 decisionConcurrencyConfig=1 decisionQueueConfig=2 decisionTimeoutMs=5000 engineCallsPerRequest=0.0 inferencePeak=0 inFlightPeak=0 queuePeak=0 queueRejects=0 timeouts=0 inferenceP50Ms=0.0 inferenceP95Ms=0.0 inferenceP99Ms=0.0 decisionP50Ms=0.0 decisionP95Ms=0.0 decisionP99Ms=0.0 cacheHitP50Ms=0.0 cacheHitP95Ms=0.0 cacheEntries=0 cacheEvictions=0 preprocessP50Ms=0.0 preprocessP95Ms=0.0 preprocessP99Ms=0.0 preparedCount1=0 preparedCount4=0 preparedCount5=0 preparedCountOther=0 decisionBasis= imageCandidates=0 imagePrefixPeeks=0 imageMagicCandidates=0 imageBodyAdmissionPeak=0 imageBodyAdmissionRejects=0 networkVisualCandidates=0 networkVisualReplaced=0 networkVisualRawDelivered=0 networkVisualSafeRawDelivered=0 networkVisualBlockedReplaced=0 networkVisualUnknownReplaced=0 networkVisualUnsupportedReplaced=0 networkVisualRawBlockedDelivered=0 networkVisualRawUnknownDelivered=0 networkVisualCacheHit=0 networkVisualInference=0 mediaDocumentsTransformed=0 mediaDocumentsFailClosed=0 documentTransformOutstanding=0 readyTokensOutstanding=0 uiSvgRegistered=0 uiSvgRegistryBytes=0 uiSvgCssRewritten=0 uiSvgCssRejected=0 uiSvgNetworkAccepted=0 uiSvgNetworkRejected=0 uiSvgAssetServed=0 uiSvgAssetRejected=0 h18=REPORT=not_run,EVENT_SEQUENCE=0,COMPAT_DOCS=0,STRICT_DOCS=0,STYLE_REQ=0,SCRIPT_REQ=0,DATA_REQ=0,NETWORK_REQ=0,REPORTS=0,LAST_DOC=none,NETWORK_SHA=ee17e3f62edde61823ce35732ea168f4f5986bff347ccfac063eca7f4009ee1b,AUDIT_SHA=74d4467bbf6833db4eeab998495b7dfc50db3b1f04f407704b839ad3f4b25582 h19=REPORT=not_run,DOCUMENTS=0,FRAMES=0,SCRIPTS=0,FIRST_ORIGINAL_SCRIPTS=0,STYLES=0,WORKERS=0,SERVICE_WORKERS=0,FRAME_REPORTS=0,FRAME_REPORT_REJECTS=0,FRAME_REPORT=not_run,FRAME_REPORT_SHA=not_run,FRAME_CHALLENGE_SHA=not_run,FRAME_GENERATION=0,FRAME_ACCEPTED_CHALLENGE_SHA=not_run,FRAME_REPORT_BINDING_SHA=not_run,SAME_URL_BODIES=0,REPORTS=0,SW_BOUNDARY={INSTALL_DOCS=0,WORKER_SCRIPTS=0,WORKER_PROBE_SCRIPTS=0,PROBE_DOCS=0,CLEANUP_DOCS=0,REPORTS_ACCEPTED=0,REPORTS_REJECTED=0,CONTROLLER_PRESENT=0,CONTROLLER_MISSING=0,NAV_FETCHES=0,SELF_READY_FETCHES=0,SELF_READY_PASS_THROUGH=0,SELF_READY_SYNTHETIC=0,NAV_SYNTHETIC=0,RESET_BASELINE_CLEAN=0,RESET_BASELINE_DIRTY=0,REGISTER_BLOCKED=0,REGISTER_SUCCEEDED=0,WORKER_REGISTER_BLOCKED=0,WORKER_REGISTER_SUCCEEDED=0,WORKER_REGISTER_UNSUPPORTED=0,WORKER_REGISTER_ERROR=0,LAST_CASE=none,LAST_EVENT=none,LAST_VALUE=none},UI_SVG={not_run} quicAttempts=0 directTcpAttempts=0 bootstrapResetGeneration=2 bootstrapCompleteGeneration=2 bootstrapResetCount=3 chromeSuspended=true guardSession=529 guardHeartbeatSequence=26 audit17State=0 audit17Navigation=0 audit17Events=0 audit17Dropped=0
09-08 01:42:33.538 10510 10847 I ChromeMediaShieldStatus: v=1 seq=1 kind=network mode=selective candidates=0 replaced=0 rawDelivered=0 safeRaw=0 blockedReplaced=0 unknownReplaced=0 unsupportedReplaced=0 rawBlocked=0 rawUnknown=0 cacheHit=0 decisionEngine=0 engineCalls=0
09-08 01:42:33.538 10510 10847 I ChromeMediaShieldStatus: v=1 seq=1 kind=document transformed=0 failClosed=0 outstanding=0 issued=0 claims=0 documentSequence=0 navigationSequence=0 readyRequests=0 readyPreflights=0 readyAccepted=0 readyRejected=0 parserBarrierRequests=0 parserBarrierReady=0 parserBarrierFailClosed=0 selfShield=true selfReadyRequests=0 selfReadyAccepted=0 selfReadyRejected=0 selfReadyRejectReason=none selfShieldReleaseCompleted=0 selfShieldParserContinued=0 selfShieldOriginalScriptStarted=0 selfShieldTraceRejected=0 selfShieldTraceOutstanding=0 bootstrapDiagnosticAccepted=0 bootstrapDiagnosticRejected=0 bootstrapDiagnosticRejectReason=none bootstrapDiagnosticStage=none bootstrapDiagnosticReason=none bootstrapDiagnosticOutstanding=0
09-08 01:42:33.538 10510 10847 I ChromeMediaShieldStatus: v=1 seq=1 kind=renderer reports=0 rejected=0 globalCallbacks=0 globalRecords=0 childRecords=0 attributeRecords=0 maxRecords=0 scanCalls=0 scanRoot=0 scanNodes=0 maxScanNodes=0 scanMicros=0 maxScanMicros=0 observerChildScans=0 observerAttributeScans=0 guardedScans=0 markupScans=0 shadowScans=0 initialScans=0 otherScans=0 sanitizeElement=0 sanitizeContainer=0 img=0 source=0 svg=0 iframe=0 canvas=0 video=0 safeIcon=0 lockIcon=0 geometryWrites=0 svgRecords=0 shadowRoots=0 shadowObservers=0 shadowCallbacks=0 shadowRecords=0 shadowScanCalls=0 ensureStyle=0 ensureCurtain=0 internalMutations=0
09-08 01:42:33.539 10510 10847 I ChromeMediaShieldStatus: v=1 seq=1 kind=rendererApis callScan=createElement=0/0 createElementNS=0/0 appendChild=0/0 insertBefore=0/0 replaceChild=0/0 append=0/0 prepend=0/0 replaceChildren=0/0 before=0/0 after=0/0 replaceWith=0/0 adjacentElement=0/0 moveBefore=0/0 rangeInsert=0/0 rangeSurround=0/0 adoptNode=0/0 cloneNode=0/0 importNode=0/0 safeMarkup=0/0 innerHTML=0/0 outerHTML=0/0 insertAdjacentHTML=0/0 setHTML=0/0 shadowInnerHTML=0/0 execCommandInsertHTML=0/0 mappedTextContent=0/0
09-08 01:42:33.539 10510 10847 I ChromeMediaShieldStatus: v=1 seq=1 kind=rendererFamilies roots=element/fragment/text/other factory:calls=0,scans=0,direct=0,roots=0/0/0/0,nodes=0,micros=0,maxMicros=0 domGuard:calls=0,scans=0,direct=0,roots=0/0/0/0,nodes=0,micros=0,maxMicros=0 markup:calls=0,scans=0,direct=0,roots=0/0/0/0,nodes=0,micros=0,maxMicros=0
09-08 01:42:33.539 10510 10847 I ChromeMediaShieldStatus: v=1 seq=1 kind=uiSvg registered=0 registryBytes=0 cssRewritten=0 cssRejected=0 networkAccepted=0 networkRejected=0 assetServed=0 assetRejected=0
09-08 01:42:33.539 10510 10847 I ChromeMediaShieldStatus: v=1 seq=1 kind=health failures=0 clientDisconnects=0 proxyQueueRejects=0 protectFailure=0 quicAttempts=0 directTcpAttempts=0 active=true ready=false
09-08 01:42:33.539 10510 10847 I ChromeMediaShieldStatus: v=1 seq=1 kind=fixture report=REPORT=not_run,DOCUMENTS=0,FRAMES=0,SCRIPTS=0,FIRST_ORIGINAL_SCRIPTS=0,STYLES=0,WORKERS=0,SERVICE_WORKERS=0,FRAME_REPORTS=0,FRAME_REPORT_REJECTS=0,FRAME_REPORT=not_run,FRAME_REPORT_SHA=not_run,FRAME_CHALLENGE_SHA=not_run,FRAME_GENERATION=0,FRAME_ACCEPTED_CHALLENGE_SHA=not_run,FRAME_REPORT_BINDING_SHA=not_run,SAME_URL_BODIES=0,REPORTS=0,SW_BOUNDARY={INSTALL_DOCS=0,WORKER_SCRIPTS=0,WORKER_PROBE_SCRIPTS=0,PROBE_DOCS=0,CLEANUP_DOCS=0,REPORTS_ACCEPTED=0,REPORTS_REJECTED=0,CONTROLLER_PRESENT=0,CONTROLLER_MISSING=0,NAV_FETCHES=0,SELF_READY_FETCHES=0,SELF_READY_PASS_THROUGH=0,SELF_READY_SYNTHETIC=0,NAV_SYNTHETIC=0,RESET_BASELINE_CLEAN=0,RESET_BASELINE_DIRTY=0,REGISTER_BLOCKED=0,REGISTER_SUCCEEDED=0,WORKER_REGISTER_BLOCKED=0,WORKER_REGISTER_SUCCEEDED=0,WORKER_REGISTER_UNSUPPORTED=0,WORKER_REGISTER_ERROR=0,LAST_CASE=none,LAST_EVENT=none,LAST_VALUE=none},UI_SVG={not_run}
09-08 01:42:33.562 10510 10847 I ChromePhotosDataPlane: phase=proxy_stopped cacheEntries=0 cleanup=complete
09-08 01:42:33.644 10510 10847 I ChromePhotosDataPlane: rollback=complete proxy=cleared ca=removed
09-08 01:42:33.668 10510 10510 I ChromePhotosDataPlane: vpnAttestation=revoked session=311b9c83 fullTunnelApplied=false chromePackageAdmitted=false
09-08 01:42:33.675 10510 10847 I ChromePhotosDataPlane: rollback=vpn_restored action=refresh_routes
09-08 01:42:33.687 10510 10847 I ChromePhotosDataPlane: phase=stopped rollback=complete cache=cleared
09-08 01:42:33.721 10510 10510 I ChromePhotosDataPlane: bootstrap=chrome_blocked reason=service_destroyed
09-08 01:42:33.724 10510 10510 I ChromePhotosDataPlane: phase=fail_closed reason=service_destroyed
09-08 01:42:33.727 10510 10510 I ChromePhotosDataPlane: rollback=complete proxy=cleared ca=removed
09-08 01:42:33.826 10510 10817 I ChromePhotosDataPlane: vpnAttestation=revoked session=311b9c83 fullTunnelApplied=false chromePackageAdmitted=true
09-08 01:42:47.984 10510 10843 I ChromePhotosDataPlane: bootstrap=chrome_blocked reason=session_start
09-08 01:42:47.988 10510 10843 I ChromePhotosDataPlane: rollback=complete proxy=cleared ca=removed
09-08 01:42:47.988 10510 10843 I ChromePhotosDataPlane: bootstrap=chrome_reset_skipped generation=2 resetCount=3
09-08 01:42:48.916 10510 10843 I ChromePhotosDataPlane: phase=proxy_ready bind=loopback port=8877
09-08 01:42:49.040 10510 10843 I ChromePhotosDataPlane: policy=chrome-only proxy=fixed stockMedia=true policyTypes=AIModeSettings:Integer,AllowBackForwardCacheForCacheControlNoStorePageEnabled:Boolean,BackForwardCacheEnabled:Boolean,DataUrlInSvgUseEnabled:Boolean,FindsSettings:Integer,ForceGoogleSafeSearch:Boolean,IncognitoModeAvailability:Integer,NTPContentSuggestionsEnabled:Boolean,SearchContentSharingSettings:Integer,SearchSuggestEnabled:Boolean,URLAllowlist:String,URLBlocklist:String ca=37670e7f53713d17
09-08 01:42:49.049 10510 10843 I ChromePhotosDataPlane: phase=active owner=device_owner scope=chrome_only session=8f92b189 ca=37670e7f53713d17 model=R3.1 modelSha=c8b64af8092d3718c58736a511c996d0d443dacf3eaa74620b1e5af439a3cd48 policy=dag-36 modelLoadMs=285.861 fixture=controlled fallbackHosts=5 routes=0 udpFixture=false udpTarget=:0 transport=full_tunnel_dev networkVisualMode=selective stockMediaAuthority=true documentSelfShield=true privacy=public_only_memory_only
09-08 01:42:49.054 10510 10510 I ChromePhotosDataPlane: vpnAttestation=revoked session=8f92b189 fullTunnelApplied=false chromePackageAdmitted=false
09-08 01:42:49.258 10510 10851 I ChromePhotosDataPlane: vpnAttestation=confirmed session=8f92b189 fullTunnelApplied=true chromePackageAdmitted=true
09-08 01:42:49.381 10510 10814 I ChromePhotosDataPlane: phase=presentation_ready scope=real_web failSafe=armed
09-08 01:42:59.736 10510 10510 I ChromePhotosDataPlane: phase=status statusSequence=1 lifecycle=PresentationReady active=true ready=true connections=0 requests=0 safe=0 blocked=0 unknown=0 passthrough=0 cacheHits=0 cacheMisses=0 failures=0 clientDisconnects=0 bytesIn=0 bytesOut=0 streamed=0 proxyQueueRejects=0 proxyActivePeak=0 proxyP50Ms=0.000 proxyP95Ms=0.000 proxyP99Ms=0.000 upstreamSockets=0 protectSuccess=0 protectFailure=0 web11a=not_run web11b=not_run modelLoadMs=285.861 engineCalls=0 dedupeHits=0 decisionCacheConfig=64 decisionConcurrencyConfig=1 decisionQueueConfig=2 decisionTimeoutMs=5000 engineCallsPerRequest=0.0 inferencePeak=0 inFlightPeak=0 queuePeak=0 queueRejects=0 timeouts=0 inferenceP50Ms=0.0 inferenceP95Ms=0.0 inferenceP99Ms=0.0 decisionP50Ms=0.0 decisionP95Ms=0.0 decisionP99Ms=0.0 cacheHitP50Ms=0.0 cacheHitP95Ms=0.0 cacheEntries=0 cacheEvictions=0 preprocessP50Ms=0.0 preprocessP95Ms=0.0 preprocessP99Ms=0.0 preparedCount1=0 preparedCount4=0 preparedCount5=0 preparedCountOther=0 decisionBasis= imageCandidates=0 imagePrefixPeeks=0 imageMagicCandidates=0 imageBodyAdmissionPeak=0 imageBodyAdmissionRejects=0 networkVisualCandidates=0 networkVisualReplaced=0 networkVisualRawDelivered=0 networkVisualSafeRawDelivered=0 networkVisualBlockedReplaced=0 networkVisualUnknownReplaced=0 networkVisualUnsupportedReplaced=0 networkVisualRawBlockedDelivered=0 networkVisualRawUnknownDelivered=0 networkVisualCacheHit=0 networkVisualInference=0 mediaDocumentsTransformed=0 mediaDocumentsFailClosed=0 documentTransformOutstanding=0 readyTokensOutstanding=0 uiSvgRegistered=0 uiSvgRegistryBytes=0 uiSvgCssRewritten=0 uiSvgCssRejected=0 uiSvgNetworkAccepted=0 uiSvgNetworkRejected=0 uiSvgAssetServed=0 uiSvgAssetRejected=0 h18=REPORT=not_run,EVENT_SEQUENCE=0,COMPAT_DOCS=0,STRICT_DOCS=0,STYLE_REQ=0,SCRIPT_REQ=0,DATA_REQ=0,NETWORK_REQ=0,REPORTS=0,LAST_DOC=none,NETWORK_SHA=ee17e3f62edde61823ce35732ea168f4f5986bff347ccfac063eca7f4009ee1b,AUDIT_SHA=74d4467bbf6833db4eeab998495b7dfc50db3b1f04f407704b839ad3f4b25582 h19=REPORT=not_run,DOCUMENTS=0,FRAMES=0,SCRIPTS=0,FIRST_ORIGINAL_SCRIPTS=0,STYLES=0,WORKERS=0,SERVICE_WORKERS=0,FRAME_REPORTS=0,FRAME_REPORT_REJECTS=0,FRAME_REPORT=not_run,FRAME_REPORT_SHA=not_run,FRAME_CHALLENGE_SHA=not_run,FRAME_GENERATION=0,FRAME_ACCEPTED_CHALLENGE_SHA=not_run,FRAME_REPORT_BINDING_SHA=not_run,SAME_URL_BODIES=0,REPORTS=0,SW_BOUNDARY={INSTALL_DOCS=0,WORKER_SCRIPTS=0,WORKER_PROBE_SCRIPTS=0,PROBE_DOCS=0,CLEANUP_DOCS=0,REPORTS_ACCEPTED=0,REPORTS_REJECTED=0,CONTROLLER_PRESENT=0,CONTROLLER_MISSING=0,NAV_FETCHES=0,SELF_READY_FETCHES=0,SELF_READY_PASS_THROUGH=0,SELF_READY_SYNTHETIC=0,NAV_SYNTHETIC=0,RESET_BASELINE_CLEAN=0,RESET_BASELINE_DIRTY=0,REGISTER_BLOCKED=0,REGISTER_SUCCEEDED=0,WORKER_REGISTER_BLOCKED=0,WORKER_REGISTER_SUCCEEDED=0,WORKER_REGISTER_UNSUPPORTED=0,WORKER_REGISTER_ERROR=0,LAST_CASE=none,LAST_EVENT=none,LAST_VALUE=none},UI_SVG={not_run} quicAttempts=0 directTcpAttempts=0 bootstrapResetGeneration=2 bootstrapCompleteGeneration=2 bootstrapResetCount=3 chromeSuspended=false guardSession=530 guardHeartbeatSequence=19 audit17State=0 audit17Navigation=0 audit17Events=0 audit17Dropped=0
09-08 01:42:59.737 10510 10510 I ChromeMediaShieldStatus: v=1 seq=1 kind=network mode=selective candidates=0 replaced=0 rawDelivered=0 safeRaw=0 blockedReplaced=0 unknownReplaced=0 unsupportedReplaced=0 rawBlocked=0 rawUnknown=0 cacheHit=0 decisionEngine=0 engineCalls=0
09-08 01:42:59.737 10510 10510 I ChromeMediaShieldStatus: v=1 seq=1 kind=document transformed=0 failClosed=0 outstanding=0 issued=0 claims=0 documentSequence=0 navigationSequence=0 readyRequests=0 readyPreflights=0 readyAccepted=0 readyRejected=0 parserBarrierRequests=0 parserBarrierReady=0 parserBarrierFailClosed=0 selfShield=true selfReadyRequests=0 selfReadyAccepted=0 selfReadyRejected=0 selfReadyRejectReason=none selfShieldReleaseCompleted=0 selfShieldParserContinued=0 selfShieldOriginalScriptStarted=0 selfShieldTraceRejected=0 selfShieldTraceOutstanding=0 bootstrapDiagnosticAccepted=0 bootstrapDiagnosticRejected=0 bootstrapDiagnosticRejectReason=none bootstrapDiagnosticStage=none bootstrapDiagnosticReason=none bootstrapDiagnosticOutstanding=0
09-08 01:42:59.737 10510 10510 I ChromeMediaShieldStatus: v=1 seq=1 kind=renderer reports=0 rejected=0 globalCallbacks=0 globalRecords=0 childRecords=0 attributeRecords=0 maxRecords=0 scanCalls=0 scanRoot=0 scanNodes=0 maxScanNodes=0 scanMicros=0 maxScanMicros=0 observerChildScans=0 observerAttributeScans=0 guardedScans=0 markupScans=0 shadowScans=0 initialScans=0 otherScans=0 sanitizeElement=0 sanitizeContainer=0 img=0 source=0 svg=0 iframe=0 canvas=0 video=0 safeIcon=0 lockIcon=0 geometryWrites=0 svgRecords=0 shadowRoots=0 shadowObservers=0 shadowCallbacks=0 shadowRecords=0 shadowScanCalls=0 ensureStyle=0 ensureCurtain=0 internalMutations=0
09-08 01:42:59.737 10510 10510 I ChromeMediaShieldStatus: v=1 seq=1 kind=rendererApis callScan=createElement=0/0 createElementNS=0/0 appendChild=0/0 insertBefore=0/0 replaceChild=0/0 append=0/0 prepend=0/0 replaceChildren=0/0 before=0/0 after=0/0 replaceWith=0/0 adjacentElement=0/0 moveBefore=0/0 rangeInsert=0/0 rangeSurround=0/0 adoptNode=0/0 cloneNode=0/0 importNode=0/0 safeMarkup=0/0 innerHTML=0/0 outerHTML=0/0 insertAdjacentHTML=0/0 setHTML=0/0 shadowInnerHTML=0/0 execCommandInsertHTML=0/0 mappedTextContent=0/0
09-08 01:42:59.738 10510 10510 I ChromeMediaShieldStatus: v=1 seq=1 kind=rendererFamilies roots=element/fragment/text/other factory:calls=0,scans=0,direct=0,roots=0/0/0/0,nodes=0,micros=0,maxMicros=0 domGuard:calls=0,scans=0,direct=0,roots=0/0/0/0,nodes=0,micros=0,maxMicros=0 markup:calls=0,scans=0,direct=0,roots=0/0/0/0,nodes=0,micros=0,maxMicros=0
09-08 01:42:59.738 10510 10510 I ChromeMediaShieldStatus: v=1 seq=1 kind=uiSvg registered=0 registryBytes=0 cssRewritten=0 cssRejected=0 networkAccepted=0 networkRejected=0 assetServed=0 assetRejected=0
09-08 01:42:59.738 10510 10510 I ChromeMediaShieldStatus: v=1 seq=1 kind=health failures=0 clientDisconnects=0 proxyQueueRejects=0 protectFailure=0 quicAttempts=0 directTcpAttempts=0 active=true ready=true
09-08 01:42:59.738 10510 10510 I ChromeMediaShieldStatus: v=1 seq=1 kind=fixture report=REPORT=not_run,DOCUMENTS=0,FRAMES=0,SCRIPTS=0,FIRST_ORIGINAL_SCRIPTS=0,STYLES=0,WORKERS=0,SERVICE_WORKERS=0,FRAME_REPORTS=0,FRAME_REPORT_REJECTS=0,FRAME_REPORT=not_run,FRAME_REPORT_SHA=not_run,FRAME_CHALLENGE_SHA=not_run,FRAME_GENERATION=0,FRAME_ACCEPTED_CHALLENGE_SHA=not_run,FRAME_REPORT_BINDING_SHA=not_run,SAME_URL_BODIES=0,REPORTS=0,SW_BOUNDARY={INSTALL_DOCS=0,WORKER_SCRIPTS=0,WORKER_PROBE_SCRIPTS=0,PROBE_DOCS=0,CLEANUP_DOCS=0,REPORTS_ACCEPTED=0,REPORTS_REJECTED=0,CONTROLLER_PRESENT=0,CONTROLLER_MISSING=0,NAV_FETCHES=0,SELF_READY_FETCHES=0,SELF_READY_PASS_THROUGH=0,SELF_READY_SYNTHETIC=0,NAV_SYNTHETIC=0,RESET_BASELINE_CLEAN=0,RESET_BASELINE_DIRTY=0,REGISTER_BLOCKED=0,REGISTER_SUCCEEDED=0,WORKER_REGISTER_BLOCKED=0,WORKER_REGISTER_SUCCEEDED=0,WORKER_REGISTER_UNSUPPORTED=0,WORKER_REGISTER_ERROR=0,LAST_CASE=none,LAST_EVENT=none,LAST_VALUE=none},UI_SVG={not_run}
09-08 01:43:14.851 10510 11174 I ChromePhotosDataPlane: phase=worker_ready correlationId=c1 admissionWaitMs=1.208
09-08 01:43:14.855 10510 11175 I ChromePhotosDataPlane: phase=worker_ready correlationId=c2 admissionWaitMs=0.591
09-08 01:43:14.997 10510 11188 I ChromePhotosDataPlane: phase=worker_ready correlationId=c3 admissionWaitMs=0.593
09-08 01:43:15.092 10510 11175 I ChromePhotosDataPlane: phase=tls_certificate correlationId=c2 tlsCacheHit=true tlsCacheWaitMs=223.433 tlsCreationMs=0.000
09-08 01:43:15.092 10510 11175 I ChromePhotosDataPlane: phase=tls_material correlationId=c2 tlsMaterialMs=223.660
09-08 01:43:15.092 10510 11174 I ChromePhotosDataPlane: phase=tls_certificate correlationId=c1 tlsCacheHit=false tlsCacheWaitMs=0.002 tlsCreationMs=223.667
09-08 01:43:15.092 10510 11174 I ChromePhotosDataPlane: phase=tls_material correlationId=c1 tlsMaterialMs=227.971
09-08 01:43:15.123 10510 11210 I ChromePhotosDataPlane: phase=worker_ready correlationId=c4 admissionWaitMs=0.829
09-08 01:43:15.126 10510 11211 I ChromePhotosDataPlane: phase=worker_ready correlationId=c5 admissionWaitMs=0.497
09-08 01:43:15.130 10510 11215 I ChromePhotosDataPlane: phase=worker_ready correlationId=c6 admissionWaitMs=0.590
09-08 01:43:15.149 10510 11232 I ChromePhotosDataPlane: phase=worker_ready correlationId=c7 admissionWaitMs=0.651
09-08 01:43:15.655 10510 11211 I ChromePhotosDataPlane: phase=tls_certificate correlationId=c5 tlsCacheHit=false tlsCacheWaitMs=0.003 tlsCreationMs=496.044
09-08 01:43:15.655 10510 11211 I ChromePhotosDataPlane: phase=tls_material correlationId=c5 tlsMaterialMs=496.466
09-08 01:43:15.734 10510 11211 I ChromePhotosDataPlane: phase=tls_ready correlationId=c5 hostClass=network hostHash=99612d13068c029c clientProtocol=http/1.1 ca=37670e7f53713d17
09-08 01:43:15.735 10510 11174 I ChromePhotosDataPlane: phase=tls_ready correlationId=c1 hostClass=fixture hostHash=1c728e158a8cddb0 clientProtocol=http/1.1 ca=37670e7f53713d17
09-08 01:43:15.736 10510 11175 I ChromePhotosDataPlane: phase=tls_ready correlationId=c2 hostClass=fixture hostHash=1c728e158a8cddb0 clientProtocol=http/1.1 ca=37670e7f53713d17
09-08 01:43:16.056 10510 11215 I ChromePhotosDataPlane: phase=tls_certificate correlationId=c6 tlsCacheHit=false tlsCacheWaitMs=496.496 tlsCreationMs=400.446
09-08 01:43:16.056 10510 11215 I ChromePhotosDataPlane: phase=tls_material correlationId=c6 tlsMaterialMs=897.280
09-08 01:43:16.067 10510 11215 I ChromePhotosDataPlane: phase=tls_ready correlationId=c6 hostClass=network hostHash=3e723b591bdb95ce clientProtocol=http/1.1 ca=37670e7f53713d17
09-08 01:43:16.201 10510 11232 I ChromePhotosDataPlane: phase=tls_certificate correlationId=c7 tlsCacheHit=false tlsCacheWaitMs=873.592 tlsCreationMs=144.692
09-08 01:43:16.202 10510 11232 I ChromePhotosDataPlane: phase=tls_material correlationId=c7 tlsMaterialMs=1018.650
09-08 01:43:16.215 10510 11232 I ChromePhotosDataPlane: phase=tls_ready correlationId=c7 hostClass=network hostHash=d15afad5fd0ce8bf clientProtocol=http/1.1 ca=37670e7f53713d17
09-08 01:43:16.539 10510 11210 I ChromePhotosDataPlane: phase=tls_certificate correlationId=c4 tlsCacheHit=false tlsCacheWaitMs=1011.042 tlsCreationMs=336.874
09-08 01:43:16.539 10510 11210 I ChromePhotosDataPlane: phase=tls_material correlationId=c4 tlsMaterialMs=1348.274
09-08 01:43:16.539 10510 11188 I ChromePhotosDataPlane: phase=tls_certificate correlationId=c3 tlsCacheHit=true tlsCacheWaitMs=1347.115 tlsCreationMs=0.000
09-08 01:43:16.539 10510 11188 I ChromePhotosDataPlane: phase=tls_material correlationId=c3 tlsMaterialMs=1347.325
09-08 01:43:16.554 10510 11210 I ChromePhotosDataPlane: phase=tls_ready correlationId=c4 hostClass=network hostHash=92c4651bd627ffee clientProtocol=http/1.1 ca=37670e7f53713d17
09-08 01:43:16.557 10510 11188 I ChromePhotosDataPlane: phase=tls_ready correlationId=c3 hostClass=network hostHash=92c4651bd627ffee clientProtocol=http/1.1 ca=37670e7f53713d17
09-08 01:43:17.563 10510 11210 I ChromePhotosDataPlane: phase=media_shield_document origin=real hostClass=network hostHash=92c4651bd627ffee result=transformed documentSequence=1 navigationSequence=1 token=6a6386b5b2d4 bytesOut=184089 upstreamHeadersMs=858.988 documentDecisionMs=100.174 downstreamWriteMs=1.701
09-08 01:43:17.729 10510 11271 I ChromePhotosDataPlane: phase=worker_ready correlationId=c8 admissionWaitMs=0.459
09-08 01:43:17.905 10510 11188 I ChromePhotosDataPlane: phase=media_shield_ready origin=same_origin result=204 bytesOut=0
09-08 01:43:17.922 10510 11188 I ChromePhotosDataPlane: phase=media_shield_ready origin=same_origin result=204 bytesOut=0
09-08 01:43:17.941 10510 11188 I ChromePhotosDataPlane: phase=media_shield_ready origin=same_origin result=204 bytesOut=0
09-08 01:43:18.015 10510 11281 I ChromePhotosDataPlane: phase=worker_ready correlationId=c9 admissionWaitMs=0.384
09-08 01:43:18.019 10510 11284 I ChromePhotosDataPlane: phase=worker_ready correlationId=c10 admissionWaitMs=0.285
09-08 01:43:18.193 10510 11271 I ChromePhotosDataPlane: phase=tls_certificate correlationId=c8 tlsCacheHit=false tlsCacheWaitMs=0.003 tlsCreationMs=290.876
09-08 01:43:18.193 10510 11271 I ChromePhotosDataPlane: phase=tls_material correlationId=c8 tlsMaterialMs=291.311
09-08 01:43:18.193 10510 11281 I ChromePhotosDataPlane: phase=tls_certificate correlationId=c9 tlsCacheHit=true tlsCacheWaitMs=171.454 tlsCreationMs=0.000
09-08 01:43:18.193 10510 11281 I ChromePhotosDataPlane: phase=tls_material correlationId=c9 tlsMaterialMs=171.681
09-08 01:43:18.194 10510 11284 I ChromePhotosDataPlane: phase=tls_certificate correlationId=c10 tlsCacheHit=true tlsCacheWaitMs=170.616 tlsCreationMs=0.000
09-08 01:43:18.194 10510 11284 I ChromePhotosDataPlane: phase=tls_material correlationId=c10 tlsMaterialMs=170.753
09-08 01:43:18.207 10510 11281 I ChromePhotosDataPlane: phase=tls_ready correlationId=c9 hostClass=network hostHash=92c4651bd627ffee clientProtocol=http/1.1 ca=37670e7f53713d17
09-08 01:43:18.212 10510 11284 I ChromePhotosDataPlane: phase=tls_ready correlationId=c10 hostClass=network hostHash=92c4651bd627ffee clientProtocol=http/1.1 ca=37670e7f53713d17
09-08 01:43:18.218 10510 11271 I ChromePhotosDataPlane: phase=tls_ready correlationId=c8 hostClass=network hostHash=168858a0c190e61e clientProtocol=http/1.1 ca=37670e7f53713d17
09-08 01:43:18.721 10510 11294 I ChromePhotosDataPlane: phase=worker_ready correlationId=c11 admissionWaitMs=0.618
09-08 01:43:18.779 10510 11210 I ChromePhotosDataPlane: origin=real hostClass=network hostHash=92c4651bd627ffee method=GET clientProtocol=http/1.1 upstreamProtocol=h2 status=200 contentType=image/jpeg bytesIn=8045 bytesOut=8045 cache=miss decision=safe reason=model_allow source=engine probability=0.05515963 basis=None decodeMs=39.311 inferenceMs=587.134 inferenceQueueMs=0.405 localDecisionMs=638.518  bodyAdmissionMs=0.495 bodyReadMs=0.331 hashMs=0.249 requestToDeliveryMs=673.375 upstreamHeadersMs=29.494 sanitizeMs=640.065 downstreamWriteMs=0.459
09-08 01:43:18.891 10510 11210 I ChromePhotosDataPlane: origin=real hostClass=network hostHash=92c4651bd627ffee method=POST clientProtocol=http/1.1 upstreamProtocol=h2 status=204 contentType=text/plain bytesOut=0 transfer=fixed upstreamHeadersMs=26.110 downstreamWriteMs=0.289
09-08 01:43:19.240 10510 11210 I ChromePhotosDataPlane: origin=real hostClass=network hostHash=92c4651bd627ffee method=GET clientProtocol=http/1.1 upstreamProtocol=h2 status=200 contentType=application/json bytesOut=67 transfer=chunked upstreamHeadersMs=270.456 downstreamWriteMs=0.569
09-08 01:43:19.269 10510 11294 I ChromePhotosDataPlane: phase=tls_certificate correlationId=c11 tlsCacheHit=false tlsCacheWaitMs=0.003 tlsCreationMs=502.732
09-08 01:43:19.269 10510 11294 I ChromePhotosDataPlane: phase=tls_material correlationId=c11 tlsMaterialMs=503.070
09-08 01:43:19.285 10510 11294 I ChromePhotosDataPlane: phase=tls_ready correlationId=c11 hostClass=network hostHash=abf8fbf760ef2a86 clientProtocol=http/1.1 ca=37670e7f53713d17
09-08 01:43:19.297 10510 11281 I ChromePhotosDataPlane: origin=real hostClass=network hostHash=92c4651bd627ffee method=GET clientProtocol=http/1.1 upstreamProtocol=h2 status=200 contentType=application/json bytesOut=42 transfer=chunked upstreamHeadersMs=319.932 downstreamWriteMs=0.758
09-08 01:43:19.351 10510 11188 I ChromePhotosDataPlane: origin=real hostClass=network hostHash=92c4651bd627ffee method=GET clientProtocol=http/1.1 upstreamProtocol=h2 status=200 contentType=application/json bytesOut=364 transfer=chunked upstreamHeadersMs=368.327 downstreamWriteMs=4.385
09-08 01:43:19.581 10510 11210 I ChromePhotosDataPlane: origin=real hostClass=network hostHash=92c4651bd627ffee method=GET clientProtocol=http/1.1 upstreamProtocol=h2 status=304 contentType= bytesOut=0 transfer=fixed upstreamHeadersMs=264.433 downstreamWriteMs=0.432
09-08 01:43:19.636 10510 11294 I ChromePhotosDataPlane: origin=real hostClass=network hostHash=abf8fbf760ef2a86 method=GET clientProtocol=http/1.1 upstreamProtocol=h2 status=200 contentType=image/png bytesIn=0 bytesOut=704 cache=miss decision=unknown reason=encoded_image_unsupported source=error probability=-1.0 basis=none decodeMs=0.000 inferenceMs=0.000 inferenceQueueMs=0.000 localDecisionMs=0.000   requestToDeliveryMs=349.483 upstreamHeadersMs=347.898 sanitizeMs=0.100 downstreamWriteMs=0.414
09-08 01:43:19.686 10510 11188 I ChromePhotosDataPlane: origin=real hostClass=network hostHash=92c4651bd627ffee method=GET clientProtocol=http/1.1 upstreamProtocol=h2 status=304 contentType= bytesOut=0 transfer=fixed upstreamHeadersMs=303.920 downstreamWriteMs=0.458
09-08 01:43:19.860 10510 11210 I ChromePhotosDataPlane: origin=real hostClass=network hostHash=92c4651bd627ffee method=GET clientProtocol=http/1.1 upstreamProtocol=h2 status=304 contentType= bytesOut=0 transfer=fixed upstreamHeadersMs=260.950 downstreamWriteMs=0.403
09-08 01:43:20.152 10510 11210 I ChromePhotosDataPlane: origin=real hostClass=network hostHash=92c4651bd627ffee method=GET clientProtocol=http/1.1 upstreamProtocol=h2 status=200 contentType=application/json bytesOut=42 transfer=chunked upstreamHeadersMs=274.263 downstreamWriteMs=0.561
09-08 01:43:28.082 10510 11413 I ChromePhotosDataPlane: phase=worker_ready correlationId=c12 admissionWaitMs=1.045
09-08 01:43:28.475 10510 11413 I ChromePhotosDataPlane: phase=tls_certificate correlationId=c12 tlsCacheHit=false tlsCacheWaitMs=0.017 tlsCreationMs=329.815
09-08 01:43:28.475 10510 11413 I ChromePhotosDataPlane: phase=tls_material correlationId=c12 tlsMaterialMs=330.817
09-08 01:43:28.493 10510 11413 I ChromePhotosDataPlane: phase=tls_ready correlationId=c12 hostClass=network hostHash=a599aeb3c7c1dfa5 clientProtocol=http/1.1 ca=37670e7f53713d17
09-08 01:43:28.677 10510 11413 I ChromePhotosDataPlane: origin=real hostClass=network hostHash=a599aeb3c7c1dfa5 method=GET clientProtocol=http/1.1 upstreamProtocol=h2 status=304 contentType=application/javascript bytesOut=0 transfer=fixed upstreamHeadersMs=174.738 downstreamWriteMs=3.262
09-08 01:43:29.215 10510 11422 I ChromePhotosDataPlane: phase=worker_ready correlationId=c13 admissionWaitMs=1.113
09-08 01:43:29.263 10510 11427 I ChromePhotosDataPlane: phase=worker_ready correlationId=c14 admissionWaitMs=4.862
09-08 01:43:29.277 10510 11432 I ChromePhotosDataPlane: phase=worker_ready correlationId=c15 admissionWaitMs=0.843
09-08 01:43:29.320 10510 11437 I ChromePhotosDataPlane: phase=worker_ready correlationId=c16 admissionWaitMs=3.573
09-08 01:43:29.344 10510 11442 I ChromePhotosDataPlane: phase=worker_ready correlationId=c17 admissionWaitMs=0.576
09-08 01:43:29.351 10510 11443 I ChromePhotosDataPlane: phase=worker_ready correlationId=c18 admissionWaitMs=0.938
09-08 01:43:29.354 10510 11413 I ChromePhotosDataPlane: origin=real hostClass=network hostHash=a599aeb3c7c1dfa5 method=GET clientProtocol=http/1.1 upstreamProtocol=h2 status=200 contentType=application/javascript bytesOut=185144 transfer=fixed upstreamHeadersMs=83.966 downstreamWriteMs=67.976
09-08 01:43:29.359 10510 11449 I ChromePhotosDataPlane: phase=worker_ready correlationId=c19 admissionWaitMs=2.248
09-08 01:43:29.368 10510 11449 W ChromePhotosDataPlane: phase=connection_failed correlationId=c19 error=UnknownHostException
09-08 01:43:29.411 10510 11460 I ChromePhotosDataPlane: phase=worker_ready correlationId=c20 admissionWaitMs=0.846
09-08 01:43:29.470 10510 11422 I ChromePhotosDataPlane: phase=tls_certificate correlationId=c13 tlsCacheHit=false tlsCacheWaitMs=0.008 tlsCreationMs=201.944
09-08 01:43:29.470 10510 11422 I ChromePhotosDataPlane: phase=tls_material correlationId=c13 tlsMaterialMs=202.608
09-08 01:43:29.481 10510 11422 I ChromePhotosDataPlane: phase=tls_ready correlationId=c13 hostClass=network hostHash=a2a6d789aa872a52 clientProtocol=http/1.1 ca=37670e7f53713d17
09-08 01:43:29.572 10510 11422 I ChromePhotosDataPlane: origin=real hostClass=network hostHash=a2a6d789aa872a52 method=GET clientProtocol=http/1.1 upstreamProtocol=h2 status=304 contentType= bytesOut=0 transfer=fixed upstreamHeadersMs=87.217 downstreamWriteMs=0.400
09-08 01:43:29.747 10510 11427 I ChromePhotosDataPlane: phase=tls_certificate correlationId=c14 tlsCacheHit=false tlsCacheWaitMs=163.576 tlsCreationMs=275.077
09-08 01:43:29.748 10510 11427 I ChromePhotosDataPlane: phase=tls_material correlationId=c14 tlsMaterialMs=439.427
09-08 01:43:29.759 10510 11427 I ChromePhotosDataPlane: phase=tls_ready correlationId=c14 hostClass=network hostHash=d84a36a05e56cc9d clientProtocol=http/1.1 ca=37670e7f53713d17
09-08 01:43:29.917 10510 11427 I ChromePhotosDataPlane: origin=real hostClass=network hostHash=d84a36a05e56cc9d method=GET clientProtocol=http/1.1 upstreamProtocol=h2 status=200 contentType=application/x-javascript bytesOut=108637 transfer=fixed upstreamHeadersMs=99.325 downstreamWriteMs=54.930
09-08 01:43:29.991 10510 11432 I ChromePhotosDataPlane: phase=tls_certificate correlationId=c15 tlsCacheHit=false tlsCacheWaitMs=427.373 tlsCreationMs=242.719
09-08 01:43:29.991 10510 11432 I ChromePhotosDataPlane: phase=tls_material correlationId=c15 tlsMaterialMs=670.445
09-08 01:43:30.001 10510 11432 I ChromePhotosDataPlane: phase=tls_ready correlationId=c15 hostClass=network hostHash=38b36076ca933259 clientProtocol=http/1.1 ca=37670e7f53713d17
09-08 01:43:30.071 10510 11484 I ChromePhotosDataPlane: phase=worker_ready correlationId=c21 admissionWaitMs=2.199
09-08 01:43:30.094 10510 11489 I ChromePhotosDataPlane: phase=worker_ready correlationId=c22 admissionWaitMs=2.109
09-08 01:43:30.135 10510 11413 I ChromePhotosDataPlane: origin=real hostClass=network hostHash=a599aeb3c7c1dfa5 method=GET clientProtocol=http/1.1 upstreamProtocol=h2 status=204 contentType=text/plain bytesIn=0 bytesOut=0 cache=miss decision=passthrough   requestToDeliveryMs=49.109 upstreamHeadersMs=43.355 sanitizeMs=0.056 downstreamWriteMs=0.300
09-08 01:43:30.277 10510 11432 I ChromePhotosDataPlane: origin=real hostClass=network hostHash=38b36076ca933259 method=GET clientProtocol=http/1.1 upstreamProtocol=http/1.1 status=200 contentType=application/x-javascript bytesOut=627 transfer=fixed upstreamHeadersMs=268.754 downstreamWriteMs=4.222
09-08 01:43:30.393 10510 11437 I ChromePhotosDataPlane: phase=tls_certificate correlationId=c16 tlsCacheHit=false tlsCacheWaitMs=630.001 tlsCreationMs=402.239
09-08 01:43:30.394 10510 11437 I ChromePhotosDataPlane: phase=tls_material correlationId=c16 tlsMaterialMs=1032.623
09-08 01:43:30.405 10510 11437 I ChromePhotosDataPlane: phase=tls_ready correlationId=c16 hostClass=network hostHash=191347bfe55d0ca9 clientProtocol=http/1.1 ca=37670e7f53713d17
09-08 01:43:30.561 10510 11437 I ChromePhotosDataPlane: origin=real hostClass=network hostHash=191347bfe55d0ca9 method=POST clientProtocol=http/1.1 upstreamProtocol=h2 status=200 contentType=text/plain bytesOut=0 transfer=fixed upstreamHeadersMs=132.192 downstreamWriteMs=0.760
09-08 01:43:30.620 10510 11498 I ChromePhotosDataPlane: phase=worker_ready correlationId=c23 admissionWaitMs=0.561
09-08 01:43:30.658 10510 11427 I ChromePhotosDataPlane: origin=real hostClass=network hostHash=d84a36a05e56cc9d method=GET clientProtocol=http/1.1 upstreamProtocol=h2 status=200 contentType=application/x-javascript bytesOut=70273 transfer=fixed upstreamHeadersMs=28.023 downstreamWriteMs=13.938
09-08 01:43:30.871 10510 11442 I ChromePhotosDataPlane: phase=tls_certificate correlationId=c17 tlsCacheHit=false tlsCacheWaitMs=1021.548 tlsCreationMs=476.595
09-08 01:43:30.871 10510 11442 I ChromePhotosDataPlane: phase=tls_material correlationId=c17 tlsMaterialMs=1498.483
09-08 01:43:30.882 10510 11442 I ChromePhotosDataPlane: phase=tls_ready correlationId=c17 hostClass=network hostHash=531c0c97f236d51c clientProtocol=http/1.1 ca=37670e7f53713d17
09-08 01:43:31.034 10510 11442 I ChromePhotosDataPlane: origin=real hostClass=network hostHash=531c0c97f236d51c method=GET clientProtocol=http/1.1 upstreamProtocol=h2 status=200 contentType=text/html bytesOut=0 transfer=fixed upstreamHeadersMs=147.760 downstreamWriteMs=0.374
09-08 01:43:31.157 10510 11443 I ChromePhotosDataPlane: phase=tls_certificate correlationId=c18 tlsCacheHit=false tlsCacheWaitMs=1490.687 tlsCreationMs=286.028
09-08 01:43:31.157 10510 11443 I ChromePhotosDataPlane: phase=tls_material correlationId=c18 tlsMaterialMs=1777.054
09-08 01:43:31.166 10510 11443 I ChromePhotosDataPlane: phase=tls_ready correlationId=c18 hostClass=network hostHash=ee8cdc867bba487e clientProtocol=http/1.1 ca=37670e7f53713d17
09-08 01:43:31.335 10510 11443 I ChromePhotosDataPlane: origin=real hostClass=network hostHash=ee8cdc867bba487e method=POST clientProtocol=http/1.1 upstreamProtocol=h2 status=204 contentType=text/html bytesOut=0 transfer=fixed upstreamHeadersMs=160.431 downstreamWriteMs=4.122
09-08 01:43:31.365 10510 11512 I ChromePhotosDataPlane: phase=worker_ready correlationId=c24 admissionWaitMs=1.099
09-08 01:43:31.371 10510 11460 I ChromePhotosDataPlane: phase=tls_certificate correlationId=c20 tlsCacheHit=false tlsCacheWaitMs=1687.583 tlsCreationMs=213.216
09-08 01:43:31.371 10510 11460 I ChromePhotosDataPlane: phase=tls_material correlationId=c20 tlsMaterialMs=1901.267
09-08 01:43:31.384 10510 11215 I ChromePhotosDataPlane: origin=real hostClass=network hostHash=3e723b591bdb95ce method=GET clientProtocol=http/1.1 upstreamProtocol=h2 status=200 contentType=image/png bytesIn=0 bytesOut=704 cache=miss decision=unknown reason=image_format_unknown source=error probability=-1.0 basis=none decodeMs=0.000 inferenceMs=0.000 inferenceQueueMs=0.000 localDecisionMs=0.000  bodyAdmissionMs=0.143 bodyReadMs=0.184 requestToDeliveryMs=145.948 upstreamHeadersMs=141.005 sanitizeMs=1.501 downstreamWriteMs=1.040
09-08 01:43:31.389 10510 11460 I ChromePhotosDataPlane: phase=tls_ready correlationId=c20 hostClass=network hostHash=78e0cd4c95c30774 clientProtocol=http/1.1 ca=37670e7f53713d17
09-08 01:43:31.507 10510 11518 I ChromePhotosDataPlane: phase=worker_ready correlationId=c25 admissionWaitMs=0.799
09-08 01:43:31.745 10510 11484 I ChromePhotosDataPlane: phase=tls_certificate correlationId=c21 tlsCacheHit=false tlsCacheWaitMs=1262.063 tlsCreationMs=373.344
09-08 01:43:31.745 10510 11484 I ChromePhotosDataPlane: phase=tls_material correlationId=c21 tlsMaterialMs=1635.859
09-08 01:43:31.760 10510 11484 I ChromePhotosDataPlane: phase=tls_ready correlationId=c21 hostClass=network hostHash=505bd18b6650e44b clientProtocol=http/1.1 ca=37670e7f53713d17
09-08 01:43:31.926 10510 11484 I ChromePhotosDataPlane: origin=real hostClass=network hostHash=505bd18b6650e44b method=POST clientProtocol=http/1.1 upstreamProtocol=h2 status=204 contentType=text/plain bytesOut=0 transfer=fixed upstreamHeadersMs=157.455 downstreamWriteMs=1.058
09-08 01:43:32.049 10510 11460 I ChromePhotosDataPlane: origin=real hostClass=network hostHash=78e0cd4c95c30774 method=GET clientProtocol=http/1.1 upstreamProtocol=h2 status=200 contentType=application/javascript bytesOut=27994 transfer=chunked upstreamHeadersMs=635.267 downstreamWriteMs=20.375
09-08 01:43:32.106 10510 11489 I ChromePhotosDataPlane: phase=tls_certificate correlationId=c22 tlsCacheHit=false tlsCacheWaitMs=1607.774 tlsCreationMs=359.471
09-08 01:43:32.106 10510 11489 I ChromePhotosDataPlane: phase=tls_material correlationId=c22 tlsMaterialMs=1967.617
09-08 01:43:32.120 10510 11489 I ChromePhotosDataPlane: phase=tls_ready correlationId=c22 hostClass=network hostHash=7ffe8698ca81d914 clientProtocol=http/1.1 ca=37670e7f53713d17
09-08 01:43:32.181 10510 11528 I ChromePhotosDataPlane: phase=worker_ready correlationId=c26 admissionWaitMs=0.694
09-08 01:43:32.194 10510 11529 I ChromePhotosDataPlane: phase=worker_ready correlationId=c27 admissionWaitMs=0.724
09-08 01:43:32.201 10510 11534 I ChromePhotosDataPlane: phase=worker_ready correlationId=c28 admissionWaitMs=1.726
09-08 01:43:32.204 10510 11537 I ChromePhotosDataPlane: phase=worker_ready correlationId=c29 admissionWaitMs=0.779
09-08 01:43:32.304 10510 11489 I ChromePhotosDataPlane: origin=real hostClass=network hostHash=7ffe8698ca81d914 method=GET clientProtocol=http/1.1 upstreamProtocol=h2 status=200 contentType=image/png bytesIn=42 bytesOut=704 cache=miss decision=unknown reason=unsupported_gif source=error probability=-1.0 basis=none decodeMs=0.000 inferenceMs=0.000 inferenceQueueMs=0.000 localDecisionMs=0.000  bodyAdmissionMs=0.054 bodyReadMs=3.628 requestToDeliveryMs=181.544 upstreamHeadersMs=170.176 sanitizeMs=5.399 downstreamWriteMs=1.435
09-08 01:43:32.857 10510 11498 I ChromePhotosDataPlane: phase=tls_certificate correlationId=c23 tlsCacheHit=false tlsCacheWaitMs=1442.879 tlsCreationMs=750.471
09-08 01:43:32.857 10510 11498 I ChromePhotosDataPlane: phase=tls_material correlationId=c23 tlsMaterialMs=2193.746
09-08 01:43:32.870 10510 11498 I ChromePhotosDataPlane: phase=tls_ready correlationId=c23 hostClass=network hostHash=ff0536b7412c578d clientProtocol=http/1.1 ca=37670e7f53713d17
09-08 01:43:33.226 10510 11512 I ChromePhotosDataPlane: phase=tls_certificate correlationId=c24 tlsCacheHit=false tlsCacheWaitMs=1383.183 tlsCreationMs=368.317
09-08 01:43:33.226 10510 11512 I ChromePhotosDataPlane: phase=tls_material correlationId=c24 tlsMaterialMs=1752.345
09-08 01:43:33.239 10510 11512 I ChromePhotosDataPlane: phase=tls_ready correlationId=c24 hostClass=network hostHash=fcb70f7f9c22b4ff clientProtocol=http/1.1 ca=37670e7f53713d17
09-08 01:43:33.577 10510 11518 I ChromePhotosDataPlane: phase=tls_certificate correlationId=c25 tlsCacheHit=false tlsCacheWaitMs=1647.831 tlsCreationMs=349.514
09-08 01:43:33.577 10510 11518 I ChromePhotosDataPlane: phase=tls_material correlationId=c25 tlsMaterialMs=1997.924
09-08 01:43:33.587 10510 11518 I ChromePhotosDataPlane: phase=tls_ready correlationId=c25 hostClass=network hostHash=7d3489b54d9d6982 clientProtocol=http/1.1 ca=37670e7f53713d17
09-08 01:43:33.658 10510 11498 I ChromePhotosDataPlane: origin=real hostClass=network hostHash=ff0536b7412c578d method=OPTIONS clientProtocol=http/1.1 upstreamProtocol=h2 status=200 contentType=application/json bytesOut=0 transfer=fixed upstreamHeadersMs=775.169 downstreamWriteMs=0.621
09-08 01:43:33.745 10510 11528 I ChromePhotosDataPlane: phase=tls_certificate correlationId=c26 tlsCacheHit=false tlsCacheWaitMs=1357.048 tlsCreationMs=167.088
09-08 01:43:33.745 10510 11528 I ChromePhotosDataPlane: phase=tls_material correlationId=c26 tlsMaterialMs=1524.756
09-08 01:43:33.745 10510 11537 I ChromePhotosDataPlane: phase=tls_certificate correlationId=c29 tlsCacheHit=true tlsCacheWaitMs=1509.209 tlsCreationMs=0.000
09-08 01:43:33.745 10510 11537 I ChromePhotosDataPlane: phase=tls_material correlationId=c29 tlsMaterialMs=1509.812
09-08 01:43:33.746 10510 11529 I ChromePhotosDataPlane: phase=tls_certificate correlationId=c27 tlsCacheHit=true tlsCacheWaitMs=1502.017 tlsCreationMs=0.000
09-08 01:43:33.746 10510 11529 I ChromePhotosDataPlane: phase=tls_material correlationId=c27 tlsMaterialMs=1502.722
09-08 01:43:33.755 10510 11528 I ChromePhotosDataPlane: phase=tls_ready correlationId=c26 hostClass=network hostHash=76d584ec3fe32f68 clientProtocol=http/1.1 ca=37670e7f53713d17
09-08 01:43:33.763 10510 11537 I ChromePhotosDataPlane: phase=tls_ready correlationId=c29 hostClass=network hostHash=76d584ec3fe32f68 clientProtocol=http/1.1 ca=37670e7f53713d17
09-08 01:43:33.776 10510 11529 I ChromePhotosDataPlane: phase=tls_ready correlationId=c27 hostClass=network hostHash=76d584ec3fe32f68 clientProtocol=http/1.1 ca=37670e7f53713d17
09-08 01:43:33.945 10510 11512 I ChromePhotosDataPlane: origin=real hostClass=network hostHash=fcb70f7f9c22b4ff method=POST clientProtocol=http/1.1 upstreamProtocol=h2 status=200 contentType= bytesOut=0 transfer=fixed upstreamHeadersMs=701.991 downstreamWriteMs=0.413
09-08 01:43:33.952 10510 11534 I ChromePhotosDataPlane: phase=tls_certificate correlationId=c28 tlsCacheHit=false tlsCacheWaitMs=1501.061 tlsCreationMs=204.999
09-08 01:43:33.952 10510 11534 I ChromePhotosDataPlane: phase=tls_material correlationId=c28 tlsMaterialMs=1706.550
09-08 01:43:33.965 10510 11534 I ChromePhotosDataPlane: phase=tls_ready correlationId=c28 hostClass=network hostHash=e8dd41ac4d341d5b clientProtocol=http/1.1 ca=37670e7f53713d17
09-08 01:43:34.132 10510 11498 I ChromePhotosDataPlane: origin=real hostClass=network hostHash=ff0536b7412c578d method=POST clientProtocol=http/1.1 upstreamProtocol=h2 status=200 contentType=application/json bytesOut=86 transfer=fixed upstreamHeadersMs=460.928 downstreamWriteMs=1.489
09-08 01:43:34.290 10510 11518 I ChromePhotosDataPlane: origin=real hostClass=network hostHash=7d3489b54d9d6982 method=POST clientProtocol=http/1.1 upstreamProtocol=http/1.1 status=204 contentType= bytesOut=0 transfer=fixed upstreamHeadersMs=688.662 downstreamWriteMs=4.405
09-08 01:43:34.797 10510 11529 I ChromePhotosDataPlane: origin=real hostClass=network hostHash=76d584ec3fe32f68 method=POST clientProtocol=http/1.1 upstreamProtocol=h2 status=200 contentType=application/json bytesOut=37 transfer=chunked upstreamHeadersMs=1015.408 downstreamWriteMs=1.341
09-08 01:43:34.815 10510 11537 I ChromePhotosDataPlane: origin=real hostClass=network hostHash=76d584ec3fe32f68 method=POST clientProtocol=http/1.1 upstreamProtocol=h2 status=200 contentType=application/json bytesOut=809 transfer=chunked upstreamHeadersMs=1044.328 downstreamWriteMs=1.201
09-08 01:43:34.840 10510 11528 I ChromePhotosDataPlane: origin=real hostClass=network hostHash=76d584ec3fe32f68 method=POST clientProtocol=http/1.1 upstreamProtocol=h2 status=200 contentType=application/json bytesOut=44 transfer=chunked upstreamHeadersMs=1075.761 downstreamWriteMs=6.349
09-08 01:43:34.895 10510 11599 I ChromePhotosDataPlane: phase=worker_ready correlationId=c30 admissionWaitMs=0.870
09-08 01:43:34.910 10510 11600 I ChromePhotosDataPlane: phase=worker_ready correlationId=c31 admissionWaitMs=0.834
09-08 01:43:34.981 10510 11534 I ChromePhotosDataPlane: origin=real hostClass=network hostHash=e8dd41ac4d341d5b method=POST clientProtocol=http/1.1 upstreamProtocol=h2 status=200 contentType= bytesOut=0 transfer=fixed upstreamHeadersMs=1007.879 downstreamWriteMs=1.281
09-08 01:43:35.106 10510 11528 I ChromePhotosDataPlane: origin=real hostClass=network hostHash=76d584ec3fe32f68 method=OPTIONS clientProtocol=http/1.1 upstreamProtocol=h2 status=200 contentType=text/html bytesOut=20 transfer=chunked upstreamHeadersMs=205.770 downstreamWriteMs=1.841
09-08 01:43:35.291 10510 11599 I ChromePhotosDataPlane: phase=tls_certificate correlationId=c30 tlsCacheHit=false tlsCacheWaitMs=0.006 tlsCreationMs=353.851
09-08 01:43:35.291 10510 11599 I ChromePhotosDataPlane: phase=tls_material correlationId=c30 tlsMaterialMs=354.271
09-08 01:43:35.296 10510 11537 I ChromePhotosDataPlane: origin=real hostClass=network hostHash=76d584ec3fe32f68 method=OPTIONS clientProtocol=http/1.1 upstreamProtocol=h2 status=200 contentType=text/html bytesOut=20 transfer=chunked upstreamHeadersMs=380.698 downstreamWriteMs=5.700
09-08 01:43:35.312 10510 11599 I ChromePhotosDataPlane: phase=tls_ready correlationId=c30 hostClass=network hostHash=e48bfdf4afc947fd clientProtocol=http/1.1 ca=37670e7f53713d17
09-08 01:43:35.422 10510 11599 I ChromePhotosDataPlane: origin=real hostClass=network hostHash=e48bfdf4afc947fd method=GET clientProtocol=http/1.1 upstreamProtocol=h2 status=304 contentType= bytesOut=0 transfer=fixed upstreamHeadersMs=107.004 downstreamWriteMs=0.256
09-08 01:43:35.486 10510 11529 I ChromePhotosDataPlane: origin=real hostClass=network hostHash=76d584ec3fe32f68 method=GET clientProtocol=http/1.1 upstreamProtocol=h2 status=200 contentType=application/json bytesOut=36 transfer=chunked upstreamHeadersMs=361.446 downstreamWriteMs=1.419
09-08 01:43:35.527 10510 11600 I ChromePhotosDataPlane: phase=tls_certificate correlationId=c31 tlsCacheHit=false tlsCacheWaitMs=316.439 tlsCreationMs=235.327
09-08 01:43:35.527 10510 11600 I ChromePhotosDataPlane: phase=tls_material correlationId=c31 tlsMaterialMs=552.197
09-08 01:43:35.538 10510 11600 I ChromePhotosDataPlane: phase=tls_ready correlationId=c31 hostClass=network hostHash=bb0b95777bec8cfb clientProtocol=http/1.1 ca=37670e7f53713d17
09-08 01:43:35.683 10510 11528 I ChromePhotosDataPlane: origin=real hostClass=network hostHash=76d584ec3fe32f68 method=GET clientProtocol=http/1.1 upstreamProtocol=h2 status=200 contentType=application/json bytesOut=36 transfer=chunked upstreamHeadersMs=367.079 downstreamWriteMs=2.108
09-08 01:43:36.576 10510 11600 I ChromePhotosDataPlane: origin=real hostClass=network hostHash=bb0b95777bec8cfb method=GET clientProtocol=http/1.1 upstreamProtocol=h2 status=200 contentType=image/jpeg bytesIn=5106 bytesOut=5106 cache=miss decision=safe reason=model_allow source=engine probability=0.015362024 basis=None decodeMs=16.214 inferenceMs=131.870 inferenceQueueMs=0.324 localDecisionMs=149.708  bodyAdmissionMs=0.047 bodyReadMs=1.124 hashMs=0.683 requestToDeliveryMs=1035.688 upstreamHeadersMs=876.779 sanitizeMs=152.630 downstreamWriteMs=1.652
09-08 01:44:32.403 10510 11626 I ChromePhotosDataPlane: phase=worker_ready correlationId=c32 admissionWaitMs=3.240
09-08 01:44:32.468 10510 11626 I ChromePhotosDataPlane: phase=tls_certificate correlationId=c32 tlsCacheHit=true tlsCacheWaitMs=0.013 tlsCreationMs=0.000
09-08 01:44:32.468 10510 11626 I ChromePhotosDataPlane: phase=tls_material correlationId=c32 tlsMaterialMs=0.839
09-08 01:44:32.497 10510 11626 I ChromePhotosDataPlane: phase=tls_ready correlationId=c32 hostClass=network hostHash=7d3489b54d9d6982 clientProtocol=http/1.1 ca=37670e7f53713d17
09-08 01:44:33.419 10510 11626 I ChromePhotosDataPlane: origin=real hostClass=network hostHash=7d3489b54d9d6982 method=POST clientProtocol=http/1.1 upstreamProtocol=http/1.1 status=204 contentType= bytesOut=0 transfer=fixed upstreamHeadersMs=913.952 downstreamWriteMs=1.640
09-08 01:44:43.623 10510 11672 I ChromePhotosDataPlane: phase=worker_ready correlationId=c33 admissionWaitMs=23.051
09-08 01:44:43.642 10510 11673 I ChromePhotosDataPlane: phase=worker_ready correlationId=c34 admissionWaitMs=20.125
09-08 01:44:44.472 10510 11672 I ChromePhotosDataPlane: phase=tls_certificate correlationId=c33 tlsCacheHit=false tlsCacheWaitMs=0.012 tlsCreationMs=814.509
09-08 01:44:44.472 10510 11672 I ChromePhotosDataPlane: phase=tls_material correlationId=c33 tlsMaterialMs=815.123
09-08 01:44:44.474 10510 11673 I ChromePhotosDataPlane: phase=tls_certificate correlationId=c34 tlsCacheHit=true tlsCacheWaitMs=803.636 tlsCreationMs=0.000
09-08 01:44:44.474 10510 11673 I ChromePhotosDataPlane: phase=tls_material correlationId=c34 tlsMaterialMs=804.428
09-08 01:44:44.511 10510 11672 I ChromePhotosDataPlane: phase=tls_ready correlationId=c33 hostClass=network hostHash=92c4651bd627ffee clientProtocol=http/1.1 ca=37670e7f53713d17
09-08 01:44:44.526 10510 11673 I ChromePhotosDataPlane: phase=tls_ready correlationId=c34 hostClass=network hostHash=92c4651bd627ffee clientProtocol=http/1.1 ca=37670e7f53713d17
09-08 01:45:00.484 10510 11862 I ChromePhotosDataPlane: phase=worker_ready correlationId=c35 admissionWaitMs=0.478
09-08 01:45:00.531 10510 11673 I ChromePhotosDataPlane: phase=media_shield_ready origin=same_origin result=204 bytesOut=0
09-08 01:45:00.572 10510 11870 I ChromePhotosDataPlane: phase=worker_ready correlationId=c36 admissionWaitMs=0.555
09-08 01:45:00.637 10510 11673 I ChromePhotosDataPlane: origin=real hostClass=network hostHash=92c4651bd627ffee method=POST clientProtocol=http/1.1 upstreamProtocol=h2 status=204 contentType=text/plain bytesOut=0 transfer=fixed upstreamHeadersMs=26.473 downstreamWriteMs=0.826
09-08 01:45:00.862 10510 11870 I ChromePhotosDataPlane: phase=tls_certificate correlationId=c36 tlsCacheHit=true tlsCacheWaitMs=282.152 tlsCreationMs=0.000
09-08 01:45:00.862 10510 11862 I ChromePhotosDataPlane: phase=tls_certificate correlationId=c35 tlsCacheHit=false tlsCacheWaitMs=0.004 tlsCreationMs=371.230
09-08 01:45:00.862 10510 11870 I ChromePhotosDataPlane: phase=tls_material correlationId=c36 tlsMaterialMs=282.611
09-08 01:45:00.862 10510 11862 I ChromePhotosDataPlane: phase=tls_material correlationId=c35 tlsMaterialMs=371.922
09-08 01:45:00.883 10510 11862 I ChromePhotosDataPlane: phase=tls_ready correlationId=c35 hostClass=fixture hostHash=1c728e158a8cddb0 clientProtocol=http/1.1 ca=37670e7f53713d17
09-08 01:45:00.886 10510 11870 I ChromePhotosDataPlane: phase=tls_ready correlationId=c36 hostClass=fixture hostHash=1c728e158a8cddb0 clientProtocol=http/1.1 ca=37670e7f53713d17
09-08 01:45:00.970 10510 11862 I ChromePhotosDataPlane: phase=media_shield_document origin=fixture resource=ui-svg-page result=transformed documentSequence=2 navigationSequence=2 token=be44476f7e4a bytesOut=119940
09-08 01:45:01.002 10510 11893 I ChromePhotosDataPlane: phase=worker_ready correlationId=c37 admissionWaitMs=2.379
09-08 01:45:01.044 10510 11870 I ChromePhotosDataPlane: phase=media_shield_ready result=204 bytesOut=0
09-08 01:45:01.053 10510 11870 I ChromePhotosDataPlane: phase=media_shield_ready result=204 bytesOut=0
09-08 01:45:01.063 10510 11870 I ChromePhotosDataPlane: phase=media_shield_ready result=204 bytesOut=0
09-08 01:45:01.111 10510 11862 I ChromePhotosDataPlane: phase=media_shield_ready result=200 bytesOut=179
09-08 01:45:01.159 10510 11862 I ChromePhotosDataPlane: phase=media_shield_ready result=200 bytesOut=211
09-08 01:45:01.207 10510 11862 I ChromePhotosDataPlane: phase=media_shield_ready result=200 bytesOut=198
09-08 01:45:01.286 10510 11862 I ChromePhotosDataPlane: resource=fixture-lease-script origin=fixture_local destination=chrome protocol=http/1.1 method=GET status=200 bytesIn=285 bytesOut=285 decision=passthrough
09-08 01:45:01.329 10510 11897 I ChromePhotosDataPlane: phase=worker_ready correlationId=c38 admissionWaitMs=0.476
09-08 01:45:01.337 10510 11897 I ChromePhotosDataPlane: phase=tls_certificate correlationId=c38 tlsCacheHit=true tlsCacheWaitMs=4.104 tlsCreationMs=0.000
09-08 01:45:01.337 10510 11893 I ChromePhotosDataPlane: phase=tls_certificate correlationId=c37 tlsCacheHit=false tlsCacheWaitMs=0.009 tlsCreationMs=315.766
09-08 01:45:01.337 10510 11893 I ChromePhotosDataPlane: phase=tls_material correlationId=c37 tlsMaterialMs=316.263
09-08 01:45:01.337 10510 11897 I ChromePhotosDataPlane: phase=tls_material correlationId=c38 tlsMaterialMs=4.268
09-08 01:45:01.345 10510 11897 I ChromePhotosDataPlane: phase=tls_ready correlationId=c38 hostClass=fixture hostHash=1c728e158a8cddb0 clientProtocol=http/1.1 ca=37670e7f53713d17
09-08 01:45:01.346 10510 11893 I ChromePhotosDataPlane: phase=tls_ready correlationId=c37 hostClass=network hostHash=a43675776202b206 clientProtocol=http/1.1 ca=37670e7f53713d17
09-08 01:45:01.351 10510 11900 I ChromePhotosDataPlane: phase=worker_ready correlationId=c39 admissionWaitMs=0.435
09-08 01:45:01.352 10510 11897 I ChromePhotosDataPlane: phase=presentation_ready fixture=visible heartbeat=fresh failSafe=armed
09-08 01:45:01.356 10510 11900 I ChromePhotosDataPlane: phase=tls_certificate correlationId=c39 tlsCacheHit=true tlsCacheWaitMs=0.003 tlsCreationMs=0.000
09-08 01:45:01.356 10510 11900 I ChromePhotosDataPlane: phase=tls_material correlationId=c39 tlsMaterialMs=0.205
09-08 01:45:01.365 10510 11900 I ChromePhotosDataPlane: phase=tls_ready correlationId=c39 hostClass=network hostHash=a43675776202b206 clientProtocol=http/1.1 ca=37670e7f53713d17
09-08 01:45:02.491 10510 11862 I ChromePhotosDataPlane: resource=ui-svg-report origin=fixture_local destination=chrome protocol=http/1.1 method=POST status=200 bytesIn=8 bytesOut=8 decision=passthrough
09-08 01:45:12.278 10510 10510 I ChromePhotosDataPlane: phase=status statusSequence=2 lifecycle=PresentationReady active=true ready=true connections=39 requests=112 safe=2 blocked=0 unknown=5 passthrough=93 cacheHits=0 cacheMisses=10 failures=1 clientDisconnects=0 bytesIn=497677 bytesOut=728028 streamed=34 proxyQueueRejects=0 proxyActivePeak=25 proxyP50Ms=7.881 proxyP95Ms=921.000 proxyP99Ms=1036.132 upstreamSockets=25 protectSuccess=25 protectFailure=0 web11a=not_run web11b=not_run modelLoadMs=285.861 engineCalls=2 dedupeHits=0 decisionCacheConfig=64 decisionConcurrencyConfig=1 decisionQueueConfig=2 decisionTimeoutMs=5000 engineCallsPerRequest=1.0 inferencePeak=1 inFlightPeak=1 queuePeak=1 queueRejects=0 timeouts=0 inferenceP50Ms=131.870469 inferenceP95Ms=131.870469 inferenceP99Ms=131.870469 decisionP50Ms=149.708437 decisionP95Ms=149.708437 decisionP99Ms=149.708437 cacheHitP50Ms=0.0 cacheHitP95Ms=0.0 cacheEntries=2 cacheEvictions=0 preprocessP50Ms=16.21375 preprocessP95Ms=16.21375 preprocessP99Ms=16.21375 preparedCount1=1 preparedCount4=1 preparedCount5=0 preparedCountOther=0 decisionBasis=None:2 imageCandidates=6 imagePrefixPeeks=3 imageMagicCandidates=0 imageBodyAdmissionPeak=1 imageBodyAdmissionRejects=0 networkVisualCandidates=5 networkVisualReplaced=0 networkVisualRawDelivered=0 networkVisualSafeRawDelivered=2 networkVisualBlockedReplaced=0 networkVisualUnknownReplaced=0 networkVisualUnsupportedReplaced=3 networkVisualRawBlockedDelivered=0 networkVisualRawUnknownDelivered=0 networkVisualCacheHit=0 networkVisualInference=2 mediaDocumentsTransformed=2 mediaDocumentsFailClosed=0 documentTransformOutstanding=0 readyTokensOutstanding=2 uiSvgRegistered=1 uiSvgRegistryBytes=134 uiSvgCssRewritten=1 uiSvgCssRejected=0 uiSvgNetworkAccepted=8 uiSvgNetworkRejected=2 uiSvgAssetServed=3 uiSvgAssetRejected=0 h18=REPORT=not_run,EVENT_SEQUENCE=0,COMPAT_DOCS=0,STRICT_DOCS=0,STYLE_REQ=0,SCRIPT_REQ=0,DATA_REQ=0,NETWORK_REQ=0,REPORTS=0,LAST_DOC=none,NETWORK_SHA=ee17e3f62edde61823ce35732ea168f4f5986bff347ccfac063eca7f4009ee1b,AUDIT_SHA=74d4467bbf6833db4eeab998495b7dfc50db3b1f04f407704b839ad3f4b25582 h19=REPORT=not_run,DOCUMENTS=0,FRAMES=0,SCRIPTS=0,FIRST_ORIGINAL_SCRIPTS=0,STYLES=0,WORKERS=0,SERVICE_WORKERS=0,FRAME_REPORTS=0,FRAME_REPORT_REJECTS=0,FRAME_REPORT=not_run,FRAME_REPORT_SHA=not_run,FRAME_CHALLENGE_SHA=not_run,FRAME_GENERATION=0,FRAME_ACCEPTED_CHALLENGE_SHA=not_run,FRAME_REPORT_BINDING_SHA=not_run,SAME_URL_BODIES=0,REPORTS=0,SW_BOUNDARY={INSTALL_DOCS=0,WORKER_SCRIPTS=0,WORKER_PROBE_SCRIPTS=0,PROBE_DOCS=0,CLEANUP_DOCS=0,REPORTS_ACCEPTED=0,REPORTS_REJECTED=0,CONTROLLER_PRESENT=0,CONTROLLER_MISSING=0,NAV_FETCHES=0,SELF_READY_FETCHES=0,SELF_READY_PASS_THROUGH=0,SELF_READY_SYNTHETIC=0,NAV_SYNTHETIC=0,RESET_BASELINE_CLEAN=0,RESET_BASELINE_DIRTY=0,REGISTER_BLOCKED=0,REGISTER_SUCCEEDED=0,WORKER_REGISTER_BLOCKED=0,WORKER_REGISTER_SUCCEEDED=0,WORKER_REGISTER_UNSUPPORTED=0,WORKER_REGISTER_ERROR=0,LAST_CASE=none,LAST_EVENT=none,LAST_VALUE=none},UI_SVG={INLINE_ORIGINAL:PASS,INLINE_CLICK:PASS,SPRITE_ORIGINAL:PASS,UNSAFE_SPRITE_FAIL_CLOSED:PASS,AMBIGUOUS_REFERENCE_FAIL_CLOSED:PASS,STATIC_CSS:PASS,EXTERNAL_CSS:PASS,STYLE_ATTRIBUTE:PASS,DATA_IMAGE:PASS,FAVICON:PASS,PROTECTED_HEAD_RETENTION:PASS,NETWORK_SVG:PASS,UNSAFE_NETWORK_FAIL_CLOSED:PASS,DYNAMIC_CSS:PASS,RASTER_FAIL_CLOSED:PASS,UNSAFE_INLINE_FAIL_CLOSED:PASS} quicAttempts=0 directTcpAttempts=0 bootstrapResetGeneration=2 bootstrapCompleteGeneration=2 bootstrapResetCount=3 chromeSuspended=false guardSession=530 guardHeartbeatSequence=257 audit17State=0 audit17Navigation=0 audit17Events=6 audit17Dropped=0
09-08 01:45:12.278 10510 10510 I ChromeMediaShieldStatus: v=1 seq=2 kind=network mode=selective candidates=5 replaced=0 rawDelivered=0 safeRaw=2 blockedReplaced=0 unknownReplaced=0 unsupportedReplaced=3 rawBlocked=0 rawUnknown=0 cacheHit=0 decisionEngine=2 engineCalls=2
09-08 01:45:12.278 10510 10510 I ChromeMediaShieldStatus: v=1 seq=2 kind=document transformed=2 failClosed=0 outstanding=0 issued=2 claims=2 documentSequence=2 navigationSequence=2 readyRequests=7 readyPreflights=0 readyAccepted=2 readyRejected=0 parserBarrierRequests=0 parserBarrierReady=0 parserBarrierFailClosed=0 selfShield=true selfReadyRequests=2 selfReadyAccepted=2 selfReadyRejected=0 selfReadyRejectReason=none selfShieldReleaseCompleted=2 selfShieldParserContinued=2 selfShieldOriginalScriptStarted=0 selfShieldTraceRejected=0 selfShieldTraceOutstanding=1 bootstrapDiagnosticAccepted=0 bootstrapDiagnosticRejected=0 bootstrapDiagnosticRejectReason=none bootstrapDiagnosticStage=none bootstrapDiagnosticReason=none bootstrapDiagnosticOutstanding=0
09-08 01:45:12.278 10510 10510 I ChromeMediaShieldStatus: v=1 seq=2 kind=renderer reports=1 rejected=0 globalCallbacks=57 globalRecords=509 childRecords=453 attributeRecords=56 maxRecords=197 scanCalls=492 scanRoot=2 scanNodes=505 maxScanNodes=31 scanMicros=140217 maxScanMicros=31700 observerChildScans=450 observerAttributeScans=0 guardedScans=26 markupScans=12 shadowScans=2 initialScans=2 otherScans=0 sanitizeElement=651 sanitizeContainer=100 img=93 source=0 svg=129 iframe=10 canvas=0 video=0 safeIcon=129 lockIcon=129 geometryWrites=0 svgRecords=48 shadowRoots=1 shadowObservers=1 shadowCallbacks=1 shadowRecords=1 shadowScanCalls=2 ensureStyle=58 ensureCurtain=60 internalMutations=0
09-08 01:45:12.279 10510 10510 I ChromeMediaShieldStatus: v=1 seq=2 kind=rendererApis callScan=createElement=43/0 createElementNS=0/0 appendChild=7/7 insertBefore=19/19 replaceChild=0/0 append=0/0 prepend=0/0 replaceChildren=0/0 before=0/0 after=0/0 replaceWith=0/0 adjacentElement=0/0 moveBefore=0/0 rangeInsert=0/0 rangeSurround=0/0 adoptNode=0/0 cloneNode=0/0 importNode=0/0 safeMarkup=6/6 innerHTML=6/6 outerHTML=0/0 insertAdjacentHTML=0/0 setHTML=0/0 shadowInnerHTML=0/0 execCommandInsertHTML=0/0 mappedTextContent=0/0
09-08 01:45:12.279 10510 10510 I ChromeMediaShieldStatus: v=1 seq=2 kind=rendererFamilies roots=element/fragment/text/other factory:calls=43,scans=0,direct=43,roots=43/0/0/0,nodes=0,micros=8895,maxMicros=2700 domGuard:calls=26,scans=26,direct=25,roots=47/0/4/0,nodes=22,micros=2588,maxMicros=300 markup:calls=12,scans=12,direct=0,roots=6/6/0/0,nodes=7,micros=997,maxMicros=199
09-08 01:45:12.279 10510 10510 I ChromeMediaShieldStatus: v=1 seq=2 kind=uiSvg registered=1 registryBytes=134 cssRewritten=1 cssRejected=0 networkAccepted=8 networkRejected=2 assetServed=3 assetRejected=0
09-08 01:45:12.279 10510 10510 I ChromeMediaShieldStatus: v=1 seq=2 kind=health failures=1 clientDisconnects=0 proxyQueueRejects=0 protectFailure=0 quicAttempts=0 directTcpAttempts=0 active=true ready=true
09-08 01:45:12.279 10510 10510 I ChromeMediaShieldStatus: v=1 seq=2 kind=fixture report=REPORT=not_run,DOCUMENTS=0,FRAMES=0,SCRIPTS=0,FIRST_ORIGINAL_SCRIPTS=0,STYLES=0,WORKERS=0,SERVICE_WORKERS=0,FRAME_REPORTS=0,FRAME_REPORT_REJECTS=0,FRAME_REPORT=not_run,FRAME_REPORT_SHA=not_run,FRAME_CHALLENGE_SHA=not_run,FRAME_GENERATION=0,FRAME_ACCEPTED_CHALLENGE_SHA=not_run,FRAME_REPORT_BINDING_SHA=not_run,SAME_URL_BODIES=0,REPORTS=0,SW_BOUNDARY={INSTALL_DOCS=0,WORKER_SCRIPTS=0,WORKER_PROBE_SCRIPTS=0,PROBE_DOCS=0,CLEANUP_DOCS=0,REPORTS_ACCEPTED=0,REPORTS_REJECTED=0,CONTROLLER_PRESENT=0,CONTROLLER_MISSING=0,NAV_FETCHES=0,SELF_READY_FETCHES=0,SELF_READY_PASS_THROUGH=0,SELF_READY_SYNTHETIC=0,NAV_SYNTHETIC=0,RESET_BASELINE_CLEAN=0,RESET_BASELINE_DIRTY=0,REGISTER_BLOCKED=0,REGISTER_SUCCEEDED=0,WORKER_REGISTER_BLOCKED=0,WORKER_REGISTER_SUCCEEDED=0,WORKER_REGISTER_UNSUPPORTED=0,WORKER_REGISTER_ERROR=0,LAST_CASE=none,LAST_EVENT=none,LAST_VALUE=none},UI_SVG={INLINE_ORIGINAL:PASS,INLINE_CLICK:PASS,SPRITE_ORIGINAL:PASS,UNSAFE_SPRITE_FAIL_CLOSED:PASS,AMBIGUOUS_REFERENCE_FAIL_CLOSED:PASS,STATIC_CSS:PASS,EXTERNAL_CSS:PASS,STYLE_ATTRIBUTE:PASS,DATA_IMAGE:PASS,FAVICON:PASS,PROTECTED_HEAD_RETENTION:PASS,NETWORK_SVG:PASS,UNSAFE_NETWORK_FAIL_CLOSED:PASS,DYNAMIC_CSS:PASS,RASTER_FAIL_CLOSED:PASS,UNSAFE_INLINE_FAIL_CLOSED:PASS}
09-08 01:45:21.731 10510 11923 I ChromePhotosDataPlane: phase=worker_ready correlationId=c40 admissionWaitMs=1.115
09-08 01:45:21.772 10510 11929 I ChromePhotosDataPlane: phase=worker_ready correlationId=c41 admissionWaitMs=0.885
09-08 01:45:21.780 10510 11931 I ChromePhotosDataPlane: phase=worker_ready correlationId=c43 admissionWaitMs=0.356
09-08 01:45:21.780 10510 11930 I ChromePhotosDataPlane: phase=worker_ready correlationId=c42 admissionWaitMs=1.911
09-08 01:45:21.786 10510 11936 I ChromePhotosDataPlane: phase=worker_ready correlationId=c44 admissionWaitMs=0.452
09-08 01:45:21.969 10510 11929 I ChromePhotosDataPlane: phase=tls_certificate correlationId=c41 tlsCacheHit=false tlsCacheWaitMs=0.014 tlsCreationMs=155.264
09-08 01:45:21.970 10510 11929 I ChromePhotosDataPlane: phase=tls_material correlationId=c41 tlsMaterialMs=156.518
09-08 01:45:21.978 10510 11929 I ChromePhotosDataPlane: phase=tls_ready correlationId=c41 hostClass=network hostHash=11363e395d87adea clientProtocol=http/1.1 ca=37670e7f53713d17
09-08 01:45:22.231 10510 11936 I ChromePhotosDataPlane: phase=tls_certificate correlationId=c44 tlsCacheHit=false tlsCacheWaitMs=140.388 tlsCreationMs=261.619
09-08 01:45:22.231 10510 11936 I ChromePhotosDataPlane: phase=tls_material correlationId=c44 tlsMaterialMs=402.417
09-08 01:45:22.245 10510 11936 I ChromePhotosDataPlane: phase=tls_ready correlationId=c44 hostClass=network hostHash=3e723b591bdb95ce clientProtocol=http/1.1 ca=37670e7f53713d17
09-08 01:45:22.611 10510 11930 I ChromePhotosDataPlane: phase=tls_certificate correlationId=c42 tlsCacheHit=false tlsCacheWaitMs=400.354 tlsCreationMs=377.371
09-08 01:45:22.611 10510 11930 I ChromePhotosDataPlane: phase=tls_material correlationId=c42 tlsMaterialMs=778.202
09-08 01:45:22.626 10510 11930 I ChromePhotosDataPlane: phase=tls_ready correlationId=c42 hostClass=network hostHash=e1bb38766871feb8 clientProtocol=http/1.1 ca=37670e7f53713d17
09-08 01:45:23.045 10510 11931 I ChromePhotosDataPlane: phase=tls_certificate correlationId=c43 tlsCacheHit=false tlsCacheWaitMs=777.179 tlsCreationMs=433.265
09-08 01:45:23.045 10510 11931 I ChromePhotosDataPlane: phase=tls_material correlationId=c43 tlsMaterialMs=1210.887
09-08 01:45:23.058 10510 11931 I ChromePhotosDataPlane: phase=tls_ready correlationId=c43 hostClass=network hostHash=8c8ca01276b5a685 clientProtocol=http/1.1 ca=37670e7f53713d17
09-08 01:45:23.276 10510 11923 I ChromePhotosDataPlane: phase=tls_certificate correlationId=c40 tlsCacheHit=false tlsCacheWaitMs=1203.058 tlsCreationMs=229.779
09-08 01:45:23.276 10510 11923 I ChromePhotosDataPlane: phase=tls_material correlationId=c40 tlsMaterialMs=1433.220
09-08 01:45:23.290 10510 11923 I ChromePhotosDataPlane: phase=tls_ready correlationId=c40 hostClass=network hostHash=a817ab236a289c0c clientProtocol=http/1.1 ca=37670e7f53713d17
09-08 01:45:23.693 10510 11923 I ChromePhotosDataPlane: phase=media_shield_document origin=real hostClass=network hostHash=a817ab236a289c0c result=transformed documentSequence=3 navigationSequence=3 token=b2a91ee5f812 bytesOut=1020076 upstreamHeadersMs=127.880 documentDecisionMs=149.515 downstreamWriteMs=5.760
09-08 01:45:23.742 10510 11981 I ChromePhotosDataPlane: phase=worker_ready correlationId=c45 admissionWaitMs=2.379
09-08 01:45:23.758 10510 11981 I ChromePhotosDataPlane: phase=tls_certificate correlationId=c45 tlsCacheHit=true tlsCacheWaitMs=0.004 tlsCreationMs=0.000
09-08 01:45:23.758 10510 11981 I ChromePhotosDataPlane: phase=tls_material correlationId=c45 tlsMaterialMs=0.394
09-08 01:45:23.767 10510 11982 I ChromePhotosDataPlane: phase=worker_ready correlationId=c46 admissionWaitMs=0.796
09-08 01:45:23.780 10510 11982 I ChromePhotosDataPlane: phase=tls_certificate correlationId=c46 tlsCacheHit=true tlsCacheWaitMs=0.008 tlsCreationMs=0.000
09-08 01:45:23.780 10510 11982 I ChromePhotosDataPlane: phase=tls_material correlationId=c46 tlsMaterialMs=0.632
09-08 01:45:23.786 10510 11981 I ChromePhotosDataPlane: phase=tls_ready correlationId=c45 hostClass=network hostHash=e1bb38766871feb8 clientProtocol=http/1.1 ca=37670e7f53713d17
09-08 01:45:23.801 10510 11982 I ChromePhotosDataPlane: phase=tls_ready correlationId=c46 hostClass=network hostHash=e1bb38766871feb8 clientProtocol=http/1.1 ca=37670e7f53713d17
09-08 01:45:23.823 10510 11923 I ChromePhotosDataPlane: phase=media_shield_ready origin=same_origin result=204 bytesOut=0
09-08 01:45:23.836 10510 11923 I ChromePhotosDataPlane: phase=media_shield_ready origin=same_origin result=204 bytesOut=0
09-08 01:45:23.847 10510 11923 I ChromePhotosDataPlane: phase=media_shield_ready origin=same_origin result=204 bytesOut=0
09-08 01:45:23.917 10510 11992 I ChromePhotosDataPlane: phase=worker_ready correlationId=c47 admissionWaitMs=2.051
09-08 01:45:23.925 10510 11993 I ChromePhotosDataPlane: phase=worker_ready correlationId=c48 admissionWaitMs=5.780
09-08 01:45:23.935 10510 11994 I ChromePhotosDataPlane: phase=worker_ready correlationId=c49 admissionWaitMs=10.238
09-08 01:45:23.945 10510 11995 I ChromePhotosDataPlane: phase=worker_ready correlationId=c50 admissionWaitMs=4.677
09-08 01:45:23.949 10510 11994 I ChromePhotosDataPlane: phase=tls_certificate correlationId=c49 tlsCacheHit=true tlsCacheWaitMs=0.004 tlsCreationMs=0.000
09-08 01:45:23.949 10510 11994 I ChromePhotosDataPlane: phase=tls_material correlationId=c49 tlsMaterialMs=0.363
09-08 01:45:23.954 10510 11993 I ChromePhotosDataPlane: phase=tls_certificate correlationId=c48 tlsCacheHit=true tlsCacheWaitMs=0.006 tlsCreationMs=0.000
09-08 01:45:23.954 10510 11993 I ChromePhotosDataPlane: phase=tls_material correlationId=c48 tlsMaterialMs=0.516
09-08 01:45:23.962 10510 11992 I ChromePhotosDataPlane: phase=tls_certificate correlationId=c47 tlsCacheHit=true tlsCacheWaitMs=0.006 tlsCreationMs=0.000
09-08 01:45:23.962 10510 11992 I ChromePhotosDataPlane: phase=tls_material correlationId=c47 tlsMaterialMs=0.530
09-08 01:45:23.966 10510 11995 I ChromePhotosDataPlane: phase=tls_certificate correlationId=c50 tlsCacheHit=true tlsCacheWaitMs=0.003 tlsCreationMs=0.000
09-08 01:45:23.966 10510 11995 I ChromePhotosDataPlane: phase=tls_material correlationId=c50 tlsMaterialMs=0.220
09-08 01:45:23.966 10510 12004 I ChromePhotosDataPlane: phase=worker_ready correlationId=c51 admissionWaitMs=5.876
09-08 01:45:23.971 10510 11994 I ChromePhotosDataPlane: phase=tls_ready correlationId=c49 hostClass=network hostHash=e1bb38766871feb8 clientProtocol=http/1.1 ca=37670e7f53713d17
09-08 01:45:23.976 10510 12005 I ChromePhotosDataPlane: phase=worker_ready correlationId=c52 admissionWaitMs=13.099
09-08 01:45:23.977 10510 11993 I ChromePhotosDataPlane: phase=tls_ready correlationId=c48 hostClass=network hostHash=e1bb38766871feb8 clientProtocol=http/1.1 ca=37670e7f53713d17
09-08 01:45:23.981 10510 11992 I ChromePhotosDataPlane: phase=tls_ready correlationId=c47 hostClass=network hostHash=e1bb38766871feb8 clientProtocol=http/1.1 ca=37670e7f53713d17
09-08 01:45:23.982 10510 11995 I ChromePhotosDataPlane: phase=tls_ready correlationId=c50 hostClass=network hostHash=e1bb38766871feb8 clientProtocol=http/1.1 ca=37670e7f53713d17
09-08 01:45:24.005 10510 12019 I ChromePhotosDataPlane: phase=worker_ready correlationId=c53 admissionWaitMs=3.477
09-08 01:45:24.009 10510 12020 I ChromePhotosDataPlane: phase=worker_ready correlationId=c54 admissionWaitMs=0.947
09-08 01:45:24.166 10510 12029 I ChromePhotosDataPlane: phase=worker_ready correlationId=c55 admissionWaitMs=0.864
09-08 01:45:24.199 10510 12038 I ChromePhotosDataPlane: phase=worker_ready correlationId=c56 admissionWaitMs=0.744
09-08 01:45:24.319 10510 11982 I ChromePhotosDataPlane: origin=real hostClass=network hostHash=e1bb38766871feb8 method=GET clientProtocol=http/1.1 upstreamProtocol=h2 status=200 contentType=image/webp bytesIn=22390 bytesOut=22390 cache=miss decision=safe reason=model_allow source=engine probability=0.07228577 basis=None decodeMs=20.583 inferenceMs=273.475 inferenceQueueMs=0.448 localDecisionMs=297.295  bodyAdmissionMs=0.037 bodyReadMs=16.300 hashMs=0.242 requestToDeliveryMs=511.733 upstreamHeadersMs=148.359 sanitizeMs=360.176 downstreamWriteMs=0.806
09-08 01:45:24.377 10510 10821 I ChromePhotosDataPlane: phase=fixture_scope_lost action=lease_revoked
09-08 01:45:24.447 10510 12045 I ChromePhotosDataPlane: phase=worker_ready correlationId=c57 admissionWaitMs=13.096
09-08 01:45:24.583 10510 11992 I ChromePhotosDataPlane: origin=real hostClass=network hostHash=e1bb38766871feb8 method=GET clientProtocol=http/1.1 upstreamProtocol=h2 status=200 contentType=image/webp bytesIn=351576 bytesOut=351576 cache=miss decision=safe reason=model_allow source=engine probability=0.06512773 basis=None decodeMs=55.793 inferenceMs=196.243 inferenceQueueMs=38.293 localDecisionMs=291.559  bodyAdmissionMs=0.029 bodyReadMs=69.927 hashMs=0.545 requestToDeliveryMs=592.478 upstreamHeadersMs=55.020 sanitizeMs=522.172 downstreamWriteMs=9.548
09-08 01:45:24.652 10510 12004 I ChromePhotosDataPlane: phase=tls_certificate correlationId=c51 tlsCacheHit=false tlsCacheWaitMs=0.003 tlsCreationMs=669.092
09-08 01:45:24.652 10510 12004 I ChromePhotosDataPlane: phase=tls_material correlationId=c51 tlsMaterialMs=670.362
09-08 01:45:24.671 10510 12004 I ChromePhotosDataPlane: phase=tls_ready correlationId=c51 hostClass=network hostHash=191347bfe55d0ca9 clientProtocol=http/1.1 ca=37670e7f53713d17
09-08 01:45:24.752 10510 11995 I ChromePhotosDataPlane: origin=real hostClass=network hostHash=e1bb38766871feb8 method=GET clientProtocol=http/1.1 upstreamProtocol=h2 status=200 contentType=image/webp bytesIn=369798 bytesOut=369798 cache=miss decision=safe reason=model_allow source=engine probability=0.14357123 basis=None decodeMs=32.413 inferenceMs=140.509 inferenceQueueMs=143.982 localDecisionMs=318.277  bodyAdmissionMs=197.956 bodyReadMs=7.346 hashMs=0.571 requestToDeliveryMs=755.877 upstreamHeadersMs=121.318 sanitizeMs=625.183 downstreamWriteMs=4.645
09-08 01:45:24.788 10510 12054 I ChromePhotosDataPlane: phase=worker_ready correlationId=c58 admissionWaitMs=2.958
09-08 01:45:24.818 10510 12060 I ChromePhotosDataPlane: phase=worker_ready correlationId=c59 admissionWaitMs=1.691
09-08 01:45:24.831 10510 12061 I ChromePhotosDataPlane: phase=worker_ready correlationId=c60 admissionWaitMs=0.860
09-08 01:45:24.839 10510 12066 I ChromePhotosDataPlane: phase=worker_ready correlationId=c61 admissionWaitMs=1.278
09-08 01:45:24.859 10510 12004 I ChromePhotosDataPlane: origin=real hostClass=network hostHash=191347bfe55d0ca9 method=GET clientProtocol=http/1.1 upstreamProtocol=h2 status=200 contentType=text/javascript bytesOut=1060 transfer=chunked upstreamHeadersMs=181.935 downstreamWriteMs=1.411
09-08 01:45:24.909 10510 12076 I ChromePhotosDataPlane: phase=worker_ready correlationId=c62 admissionWaitMs=0.836
09-08 01:45:24.919 10510 11993 I ChromePhotosDataPlane: origin=real hostClass=network hostHash=e1bb38766871feb8 method=GET clientProtocol=http/1.1 upstreamProtocol=h2 status=200 contentType=image/webp bytesIn=382772 bytesOut=382772 cache=miss decision=safe reason=model_allow source=engine probability=0.026281804 basis=None decodeMs=33.167 inferenceMs=136.698 inferenceQueueMs=46.598 localDecisionMs=217.585  bodyAdmissionMs=409.938 bodyReadMs=4.093 hashMs=0.689 requestToDeliveryMs=935.325 upstreamHeadersMs=174.923 sanitizeMs=754.336 downstreamWriteMs=2.816
09-08 01:45:25.017 10510 12078 I ChromePhotosDataPlane: phase=worker_ready correlationId=c63 admissionWaitMs=0.773
09-08 01:45:25.140 10510 12005 I ChromePhotosDataPlane: phase=tls_certificate correlationId=c52 tlsCacheHit=false tlsCacheWaitMs=613.942 tlsCreationMs=484.827
09-08 01:45:25.140 10510 12005 I ChromePhotosDataPlane: phase=tls_material correlationId=c52 tlsMaterialMs=1099.584
09-08 01:45:25.150 10510 12005 I ChromePhotosDataPlane: phase=tls_ready correlationId=c52 hostClass=network hostHash=b80cc6598e129db1 clientProtocol=http/1.1 ca=37670e7f53713d17
09-08 01:45:25.303 10510 12005 I ChromePhotosDataPlane: origin=real hostClass=network hostHash=b80cc6598e129db1 method=GET clientProtocol=http/1.1 upstreamProtocol=h2 status=304 contentType=application/javascript bytesOut=0 transfer=fixed upstreamHeadersMs=148.399 downstreamWriteMs=0.962
09-08 01:45:25.364 10510 12101 I ChromePhotosDataPlane: phase=worker_ready correlationId=c64 admissionWaitMs=1.294
09-08 01:45:25.449 10510 12020 I ChromePhotosDataPlane: phase=tls_certificate correlationId=c54 tlsCacheHit=false tlsCacheWaitMs=1091.137 tlsCreationMs=308.928
09-08 01:45:25.450 10510 12020 I ChromePhotosDataPlane: phase=tls_material correlationId=c54 tlsMaterialMs=1400.692
09-08 01:45:25.450 10510 12019 I ChromePhotosDataPlane: phase=tls_certificate correlationId=c53 tlsCacheHit=true tlsCacheWaitMs=1389.503 tlsCreationMs=0.000
09-08 01:45:25.451 10510 12019 I ChromePhotosDataPlane: phase=tls_material correlationId=c53 tlsMaterialMs=1390.372
09-08 01:45:25.451 10510 12029 I ChromePhotosDataPlane: phase=tls_certificate correlationId=c55 tlsCacheHit=true tlsCacheWaitMs=1258.654 tlsCreationMs=0.000
09-08 01:45:25.451 10510 12029 I ChromePhotosDataPlane: phase=tls_material correlationId=c55 tlsMaterialMs=1259.396
09-08 01:45:25.458 10510 12020 I ChromePhotosDataPlane: phase=tls_ready correlationId=c54 hostClass=network hostHash=9d072a4c12ae89c4 clientProtocol=http/1.1 ca=37670e7f53713d17
09-08 01:45:25.477 10510 12019 I ChromePhotosDataPlane: phase=tls_ready correlationId=c53 hostClass=network hostHash=9d072a4c12ae89c4 clientProtocol=http/1.1 ca=37670e7f53713d17
09-08 01:45:25.489 10510 12029 I ChromePhotosDataPlane: phase=tls_ready correlationId=c55 hostClass=network hostHash=8c8ca01276b5a685 clientProtocol=http/1.1 ca=37670e7f53713d17
09-08 01:45:25.555 10510 12020 I ChromePhotosDataPlane: origin=real hostClass=network hostHash=9d072a4c12ae89c4 method=GET clientProtocol=http/1.1 upstreamProtocol=h2 status=304 contentType= bytesOut=0 transfer=fixed upstreamHeadersMs=94.542 downstreamWriteMs=0.267
09-08 01:45:25.579 10510 12019 I ChromePhotosDataPlane: origin=real hostClass=network hostHash=9d072a4c12ae89c4 method=GET clientProtocol=http/1.1 upstreamProtocol=h2 status=304 contentType= bytesOut=0 transfer=fixed upstreamHeadersMs=97.932 downstreamWriteMs=1.197
09-08 01:45:25.751 10510 11923 I ChromePhotosDataPlane: origin=real hostClass=network hostHash=a817ab236a289c0c method=POST clientProtocol=http/1.1 upstreamProtocol=h2 status=200 contentType=application/json bytesOut=346 transfer=chunked upstreamHeadersMs=174.789 downstreamWriteMs=2.610
09-08 01:45:25.958 10510 12038 I ChromePhotosDataPlane: phase=tls_certificate correlationId=c56 tlsCacheHit=false tlsCacheWaitMs=1225.367 tlsCreationMs=506.460
09-08 01:45:25.958 10510 12038 I ChromePhotosDataPlane: phase=tls_material correlationId=c56 tlsMaterialMs=1732.901
09-08 01:45:25.967 10510 12038 I ChromePhotosDataPlane: phase=tls_ready correlationId=c56 hostClass=network hostHash=a599aeb3c7c1dfa5 clientProtocol=http/1.1 ca=37670e7f53713d17
09-08 01:45:26.113 10510 12038 I ChromePhotosDataPlane: origin=real hostClass=network hostHash=a599aeb3c7c1dfa5 method=GET clientProtocol=http/1.1 upstreamProtocol=h2 status=304 contentType=application/javascript bytesOut=0 transfer=fixed upstreamHeadersMs=143.802 downstreamWriteMs=0.345
09-08 01:45:26.245 10510 11449 I ChromePhotosDataPlane: phase=worker_ready correlationId=c65 admissionWaitMs=3.800
09-08 01:45:26.266 10510 11413 I ChromePhotosDataPlane: phase=worker_ready correlationId=c66 admissionWaitMs=0.654
09-08 01:45:26.387 10510 11437 I ChromePhotosDataPlane: phase=worker_ready correlationId=c67 admissionWaitMs=0.417
09-08 01:45:26.396 10510 11442 I ChromePhotosDataPlane: phase=worker_ready correlationId=c68 admissionWaitMs=0.303
09-08 01:45:26.412 10510 11443 I ChromePhotosDataPlane: phase=worker_ready correlationId=c69 admissionWaitMs=0.228
09-08 01:45:26.433 10510 11484 I ChromePhotosDataPlane: phase=worker_ready correlationId=c70 admissionWaitMs=0.226
09-08 01:45:26.463 10510 11174 I ChromePhotosDataPlane: phase=worker_ready correlationId=c71 admissionWaitMs=0.177
09-08 01:45:26.482 10510 12038 I ChromePhotosDataPlane: origin=real hostClass=network hostHash=a599aeb3c7c1dfa5 method=GET clientProtocol=http/1.1 upstreamProtocol=h2 status=200 contentType=application/javascript bytesOut=190804 transfer=fixed upstreamHeadersMs=43.335 downstreamWriteMs=70.073
09-08 01:45:26.498 10510 11211 I ChromePhotosDataPlane: phase=worker_ready correlationId=c72 admissionWaitMs=0.599
09-08 01:45:26.506 10510 11175 I ChromePhotosDataPlane: phase=worker_ready correlationId=c73 admissionWaitMs=0.442
09-08 01:45:26.615 10510 11232 I ChromePhotosDataPlane: phase=worker_ready correlationId=c74 admissionWaitMs=0.219
09-08 01:45:26.636 10510 12004 I ChromePhotosDataPlane: origin=real hostClass=network hostHash=191347bfe55d0ca9 method=POST clientProtocol=http/1.1 upstreamProtocol=h2 status=200 contentType=text/plain bytesOut=0 transfer=fixed upstreamHeadersMs=165.068 downstreamWriteMs=0.580
09-08 01:45:26.647 10510 11923 I ChromePhotosDataPlane: origin=real hostClass=network hostHash=a817ab236a289c0c method=GET clientProtocol=http/1.1 upstreamProtocol=h2 status=304 contentType= bytesOut=0 transfer=fixed upstreamHeadersMs=29.422 downstreamWriteMs=0.659
09-08 01:45:26.652 10510 11284 I ChromePhotosDataPlane: phase=worker_ready correlationId=c75 admissionWaitMs=0.506
09-08 01:45:26.653 10510 11271 I ChromePhotosDataPlane: phase=worker_ready correlationId=c76 admissionWaitMs=0.196
09-08 01:45:26.663 10510 11281 I ChromePhotosDataPlane: phase=worker_ready correlationId=c77 admissionWaitMs=0.422
09-08 01:45:26.695 10510 11923 I ChromePhotosDataPlane: origin=real hostClass=network hostHash=a817ab236a289c0c method=GET clientProtocol=http/1.1 upstreamProtocol=h2 status=304 contentType= bytesOut=0 transfer=fixed upstreamHeadersMs=28.134 downstreamWriteMs=1.098
09-08 01:45:26.750 10510 11923 I ChromePhotosDataPlane: origin=real hostClass=network hostHash=a817ab236a289c0c method=GET clientProtocol=http/1.1 upstreamProtocol=h2 status=304 contentType= bytesOut=0 transfer=fixed upstreamHeadersMs=32.339 downstreamWriteMs=1.428
09-08 01:45:26.760 10510 11294 I ChromePhotosDataPlane: phase=worker_ready correlationId=c78 admissionWaitMs=0.633
09-08 01:45:26.858 10510 11188 I ChromePhotosDataPlane: phase=worker_ready correlationId=c79 admissionWaitMs=0.380
09-08 01:45:26.947 10510 11210 I ChromePhotosDataPlane: phase=worker_ready correlationId=c80 admissionWaitMs=0.716
09-08 01:45:26.955 10510 11422 I ChromePhotosDataPlane: phase=worker_ready correlationId=c81 admissionWaitMs=0.507
09-08 01:45:26.982 10510 12045 I ChromePhotosDataPlane: phase=tls_certificate correlationId=c57 tlsCacheHit=false tlsCacheWaitMs=1464.393 tlsCreationMs=1022.983
09-08 01:45:26.982 10510 12045 I ChromePhotosDataPlane: phase=tls_material correlationId=c57 tlsMaterialMs=2488.179
09-08 01:45:26.992 10510 12045 I ChromePhotosDataPlane: phase=tls_ready correlationId=c57 hostClass=network hostHash=fc1e48f201e43606 clientProtocol=http/1.1 ca=37670e7f53713d17
09-08 01:45:27.032 10510 11432 I ChromePhotosDataPlane: phase=worker_ready correlationId=c82 admissionWaitMs=1.784
09-08 01:45:27.106 10510 11923 I ChromePhotosDataPlane: origin=real hostClass=network hostHash=a817ab236a289c0c method=POST clientProtocol=http/1.1 upstreamProtocol=h2 status=200 contentType=application/json bytesOut=912 transfer=fixed upstreamHeadersMs=317.994 downstreamWriteMs=2.492
09-08 01:45:27.116 10510 11427 I ChromePhotosDataPlane: phase=worker_ready correlationId=c83 admissionWaitMs=0.512
09-08 01:45:27.124 10510 11215 I ChromePhotosDataPlane: phase=worker_ready correlationId=c84 admissionWaitMs=0.248
09-08 01:45:27.157 10510 11460 I ChromePhotosDataPlane: phase=worker_ready correlationId=c85 admissionWaitMs=0.625
09-08 01:45:27.176 10510 11923 I ChromePhotosDataPlane: origin=real hostClass=network hostHash=a817ab236a289c0c method=GET clientProtocol=http/1.1 upstreamProtocol=h2 status=200 contentType=application/json bytesOut=73 transfer=fixed upstreamHeadersMs=23.287 downstreamWriteMs=1.855
09-08 01:45:27.186 10510 11489 I ChromePhotosDataPlane: phase=worker_ready correlationId=c86 admissionWaitMs=0.294
09-08 01:45:27.195 10510 12054 I ChromePhotosDataPlane: phase=tls_certificate correlationId=c58 tlsCacheHit=false tlsCacheWaitMs=2160.108 tlsCreationMs=211.480
09-08 01:45:27.195 10510 12054 I ChromePhotosDataPlane: phase=tls_material correlationId=c58 tlsMaterialMs=2372.343
09-08 01:45:27.221 10510 12054 I ChromePhotosDataPlane: phase=tls_ready correlationId=c58 hostClass=network hostHash=0f165ff6c05ff65a clientProtocol=http/1.1 ca=37670e7f53713d17
09-08 01:45:27.266 10510 11923 I ChromePhotosDataPlane: origin=real hostClass=network hostHash=a817ab236a289c0c method=GET clientProtocol=http/1.1 upstreamProtocol=h2 status=200 contentType=application/json bytesOut=5023 transfer=chunked upstreamHeadersMs=26.171 downstreamWriteMs=1.250
09-08 01:45:27.336 10510 11923 I ChromePhotosDataPlane: origin=real hostClass=network hostHash=a817ab236a289c0c method=GET clientProtocol=http/1.1 upstreamProtocol=h2 status=200 contentType=application/json bytesOut=22 transfer=fixed upstreamHeadersMs=25.645 downstreamWriteMs=0.553
09-08 01:45:27.409 10510 11923 I ChromePhotosDataPlane: origin=real hostClass=network hostHash=a817ab236a289c0c method=GET clientProtocol=http/1.1 upstreamProtocol=h2 status=200 contentType=application/json bytesOut=22 transfer=chunked upstreamHeadersMs=18.860 downstreamWriteMs=0.995
09-08 01:45:27.411 10510 11512 I ChromePhotosDataPlane: phase=worker_ready correlationId=c87 admissionWaitMs=1.290
09-08 01:45:27.460 10510 11498 I ChromePhotosDataPlane: phase=worker_ready correlationId=c88 admissionWaitMs=0.463
09-08 01:45:27.476 10510 11923 I ChromePhotosDataPlane: origin=real hostClass=network hostHash=a817ab236a289c0c method=GET clientProtocol=http/1.1 upstreamProtocol=h2 status=200 contentType=application/json bytesOut=22 transfer=fixed upstreamHeadersMs=20.114 downstreamWriteMs=1.287
09-08 01:45:27.545 10510 12054 I ChromePhotosDataPlane: origin=real hostClass=network hostHash=0f165ff6c05ff65a method=POST clientProtocol=http/1.1 upstreamProtocol=h2 status=202 contentType=application/json bytesOut=21 transfer=fixed upstreamHeadersMs=318.071 downstreamWriteMs=0.938
09-08 01:45:27.545 10510 11923 I ChromePhotosDataPlane: origin=real hostClass=network hostHash=a817ab236a289c0c method=GET clientProtocol=http/1.1 upstreamProtocol=h2 status=200 contentType=text/javascript bytesOut=408 transfer=chunked upstreamHeadersMs=17.105 downstreamWriteMs=1.249
09-08 01:45:27.549 10510 12060 I ChromePhotosDataPlane: phase=tls_certificate correlationId=c59 tlsCacheHit=false tlsCacheWaitMs=2331.130 tlsCreationMs=352.473
09-08 01:45:27.550 10510 12060 I ChromePhotosDataPlane: phase=tls_material correlationId=c59 tlsMaterialMs=2685.903
09-08 01:45:27.551 10510 11518 I ChromePhotosDataPlane: phase=worker_ready correlationId=c89 admissionWaitMs=0.239
09-08 01:45:27.560 10510 12060 I ChromePhotosDataPlane: phase=tls_ready correlationId=c59 hostClass=network hostHash=cc6d3a91ec6770df clientProtocol=http/1.1 ca=37670e7f53713d17
09-08 01:45:27.564 10510 11534 I ChromePhotosDataPlane: phase=worker_ready correlationId=c90 admissionWaitMs=1.152
09-08 01:45:27.575 10510 12038 I ChromePhotosDataPlane: origin=real hostClass=network hostHash=a599aeb3c7c1dfa5 method=GET clientProtocol=http/1.1 upstreamProtocol=h2 status=200 contentType=application/javascript bytesOut=162471 transfer=fixed upstreamHeadersMs=47.422 downstreamWriteMs=64.299
09-08 01:45:27.622 10510 11923 I ChromePhotosDataPlane: origin=real hostClass=network hostHash=a817ab236a289c0c method=GET clientProtocol=http/1.1 upstreamProtocol=h2 status=304 contentType= bytesOut=0 transfer=fixed upstreamHeadersMs=26.337 downstreamWriteMs=1.997
09-08 01:45:27.688 10510 12060 I ChromePhotosDataPlane: origin=real hostClass=network hostHash=cc6d3a91ec6770df method=GET clientProtocol=http/1.1 upstreamProtocol=h2 status=304 contentType= bytesOut=0 transfer=fixed upstreamHeadersMs=124.626 downstreamWriteMs=0.962
09-08 01:45:27.707 10510 11537 I ChromePhotosDataPlane: phase=worker_ready correlationId=c91 admissionWaitMs=0.567
09-08 01:45:27.731 10510 12038 I ChromePhotosDataPlane: origin=real hostClass=network hostHash=a599aeb3c7c1dfa5 method=GET clientProtocol=http/1.1 upstreamProtocol=h2 status=200 contentType=application/javascript bytesOut=187325 transfer=fixed upstreamHeadersMs=68.053 downstreamWriteMs=83.155
09-08 01:45:27.765 10510 12045 I ChromePhotosDataPlane: origin=real hostClass=network hostHash=fc1e48f201e43606 method=POST clientProtocol=http/1.1 upstreamProtocol=h2 status=200 contentType=application/json bytesOut=0 transfer=fixed upstreamHeadersMs=765.812 downstreamWriteMs=2.158
09-08 01:45:27.775 10510 11599 I ChromePhotosDataPlane: phase=worker_ready correlationId=c92 admissionWaitMs=1.014
09-08 01:45:27.782 10510 12054 I ChromePhotosDataPlane: origin=real hostClass=network hostHash=0f165ff6c05ff65a method=POST clientProtocol=http/1.1 upstreamProtocol=h2 status=202 contentType=application/json bytesOut=21 transfer=fixed upstreamHeadersMs=191.292 downstreamWriteMs=1.417
09-08 01:45:27.817 10510 11923 I ChromePhotosDataPlane: origin=real hostClass=network hostHash=a817ab236a289c0c method=POST clientProtocol=http/1.1 upstreamProtocol=h2 status=202 contentType=text/plain bytesOut=8 transfer=fixed upstreamHeadersMs=167.916 downstreamWriteMs=2.394
09-08 01:45:27.840 10510 12061 I ChromePhotosDataPlane: phase=tls_certificate correlationId=c60 tlsCacheHit=false tlsCacheWaitMs=2676.725 tlsCreationMs=289.350
09-08 01:45:27.840 10510 12061 I ChromePhotosDataPlane: phase=tls_material correlationId=c60 tlsMaterialMs=2966.779
09-08 01:45:27.848 10510 12061 I ChromePhotosDataPlane: phase=tls_ready correlationId=c60 hostClass=network hostHash=6e158e80db65e59b clientProtocol=http/1.1 ca=37670e7f53713d17
09-08 01:45:27.857 10510 11923 I ChromePhotosDataPlane: phase=media_shield_ready origin=same_origin result=200 bytesOut=1461
09-08 01:45:27.969 10510 11529 I ChromePhotosDataPlane: phase=worker_ready correlationId=c93 admissionWaitMs=0.588
09-08 01:45:28.005 10510 12054 I ChromePhotosDataPlane: origin=real hostClass=network hostHash=0f165ff6c05ff65a method=POST clientProtocol=http/1.1 upstreamProtocol=h2 status=202 contentType=application/json bytesOut=21 transfer=fixed upstreamHeadersMs=178.096 downstreamWriteMs=1.020
09-08 01:45:28.056 10510 12066 I ChromePhotosDataPlane: phase=tls_certificate correlationId=c61 tlsCacheHit=false tlsCacheWaitMs=2957.339 tlsCreationMs=215.360
09-08 01:45:28.056 10510 12066 I ChromePhotosDataPlane: phase=tls_material correlationId=c61 tlsMaterialMs=3173.355
09-08 01:45:28.057 10510 12076 I ChromePhotosDataPlane: phase=tls_certificate correlationId=c62 tlsCacheHit=true tlsCacheWaitMs=3141.066 tlsCreationMs=0.000
09-08 01:45:28.058 10510 12076 I ChromePhotosDataPlane: phase=tls_material correlationId=c62 tlsMaterialMs=3142.152
09-08 01:45:28.065 10510 12066 I ChromePhotosDataPlane: phase=tls_ready correlationId=c61 hostClass=network hostHash=7df7caa0a5579e01 clientProtocol=http/1.1 ca=37670e7f53713d17
09-08 01:45:28.097 10510 11528 I ChromePhotosDataPlane: phase=worker_ready correlationId=c94 admissionWaitMs=0.235
09-08 01:45:28.104 10510 11600 I ChromePhotosDataPlane: phase=worker_ready correlationId=c95 admissionWaitMs=0.355
09-08 01:45:28.106 10510 12076 I ChromePhotosDataPlane: phase=tls_ready correlationId=c62 hostClass=network hostHash=0f165ff6c05ff65a clientProtocol=http/1.1 ca=37670e7f53713d17
09-08 01:45:28.181 10510 12061 I ChromePhotosDataPlane: origin=real hostClass=network hostHash=6e158e80db65e59b method=POST clientProtocol=http/1.1 upstreamProtocol=h2 status=200 contentType=text/plain bytesOut=2 transfer=fixed upstreamHeadersMs=327.403 downstreamWriteMs=1.923
09-08 01:45:28.234 10510 12054 I ChromePhotosDataPlane: origin=real hostClass=network hostHash=0f165ff6c05ff65a method=POST clientProtocol=http/1.1 upstreamProtocol=h2 status=202 contentType=application/json bytesOut=21 transfer=fixed upstreamHeadersMs=182.283 downstreamWriteMs=2.907
09-08 01:45:28.291 10510 12076 I ChromePhotosDataPlane: origin=real hostClass=network hostHash=0f165ff6c05ff65a method=POST clientProtocol=http/1.1 upstreamProtocol=h2 status=202 contentType=application/json bytesOut=21 transfer=fixed upstreamHeadersMs=182.073 downstreamWriteMs=0.839
09-08 01:45:28.572 10510 12078 I ChromePhotosDataPlane: phase=tls_certificate correlationId=c63 tlsCacheHit=false tlsCacheWaitMs=3025.953 tlsCreationMs=514.622
09-08 01:45:28.572 10510 12078 I ChromePhotosDataPlane: phase=tls_material correlationId=c63 tlsMaterialMs=3541.013
09-08 01:45:28.589 10510 12078 I ChromePhotosDataPlane: phase=tls_ready correlationId=c63 hostClass=network hostHash=191347bfe55d0ca9 clientProtocol=http/1.1 ca=37670e7f53713d17
09-08 01:45:28.762 10510 12101 I ChromePhotosDataPlane: phase=tls_certificate correlationId=c64 tlsCacheHit=false tlsCacheWaitMs=3177.930 tlsCreationMs=189.645
09-08 01:45:28.763 10510 12101 I ChromePhotosDataPlane: phase=tls_material correlationId=c64 tlsMaterialMs=3368.168
09-08 01:45:28.775 10510 12101 I ChromePhotosDataPlane: phase=tls_ready correlationId=c64 hostClass=network hostHash=abf8fbf760ef2a86 clientProtocol=http/1.1 ca=37670e7f53713d17
09-08 01:45:28.859 10510 12078 I ChromePhotosDataPlane: phase=media_shield_document origin=real hostClass=network hostHash=191347bfe55d0ca9 result=transformed documentSequence=4 navigationSequence=3 token=d1cd087ef342 bytesOut=167274 upstreamHeadersMs=180.023 documentDecisionMs=55.437 downstreamWriteMs=1.338
09-08 01:45:28.923 10510 11626 I ChromePhotosDataPlane: phase=worker_ready correlationId=c96 admissionWaitMs=0.301
09-08 01:45:28.933 10510 11672 I ChromePhotosDataPlane: phase=worker_ready correlationId=c97 admissionWaitMs=0.160
09-08 01:45:28.994 10510 11449 I ChromePhotosDataPlane: phase=tls_certificate correlationId=c65 tlsCacheHit=false tlsCacheWaitMs=2487.022 tlsCreationMs=230.435
09-08 01:45:28.994 10510 11449 I ChromePhotosDataPlane: phase=tls_material correlationId=c65 tlsMaterialMs=2717.882
09-08 01:45:29.002 10510 11449 I ChromePhotosDataPlane: phase=tls_ready correlationId=c65 hostClass=network hostHash=100d2a11512096b7 clientProtocol=http/1.1 ca=37670e7f53713d17
09-08 01:45:29.031 10510 12078 I ChromePhotosDataPlane: phase=media_shield_document origin=real hostClass=network hostHash=191347bfe55d0ca9 result=transformed documentSequence=5 navigationSequence=3 token=20dc61755991 bytesOut=167492 upstreamHeadersMs=68.410 documentDecisionMs=37.527 downstreamWriteMs=1.603
09-08 01:45:29.057 10510 11673 I ChromePhotosDataPlane: phase=worker_ready correlationId=c98 admissionWaitMs=0.554
09-08 01:45:29.064 10510 11870 I ChromePhotosDataPlane: phase=worker_ready correlationId=c99 admissionWaitMs=0.288
09-08 01:45:29.086 10510 12101 I ChromePhotosDataPlane: origin=real hostClass=network hostHash=abf8fbf760ef2a86 method=GET clientProtocol=http/1.1 upstreamProtocol=h2 status=200 contentType=image/png bytesIn=0 bytesOut=704 cache=miss decision=unknown reason=encoded_image_unsupported source=error probability=-1.0 basis=none decodeMs=0.000 inferenceMs=0.000 inferenceQueueMs=0.000 localDecisionMs=0.000   requestToDeliveryMs=309.973 upstreamHeadersMs=308.654 sanitizeMs=0.082 downstreamWriteMs=0.380
09-08 01:45:29.090 10510 11900 I ChromePhotosDataPlane: phase=worker_ready correlationId=c100 admissionWaitMs=0.707
09-08 01:45:29.336 10510 12101 I ChromePhotosDataPlane: origin=real hostClass=network hostHash=abf8fbf760ef2a86 method=GET clientProtocol=http/1.1 upstreamProtocol=h2 status=200 contentType=image/png bytesIn=0 bytesOut=704 cache=miss decision=unknown reason=encoded_image_unsupported source=error probability=-1.0 basis=none decodeMs=0.000 inferenceMs=0.000 inferenceQueueMs=0.000 localDecisionMs=0.000   requestToDeliveryMs=211.118 upstreamHeadersMs=209.149 sanitizeMs=0.208 downstreamWriteMs=0.551
09-08 01:45:29.478 10510 11413 I ChromePhotosDataPlane: phase=tls_certificate correlationId=c66 tlsCacheHit=false tlsCacheWaitMs=2685.521 tlsCreationMs=483.781
09-08 01:45:29.478 10510 11413 I ChromePhotosDataPlane: phase=tls_material correlationId=c66 tlsMaterialMs=3169.905
09-08 01:45:29.490 10510 11413 I ChromePhotosDataPlane: phase=tls_ready correlationId=c66 hostClass=network hostHash=d84a36a05e56cc9d clientProtocol=http/1.1 ca=37670e7f53713d17
09-08 01:45:29.591 10510 12101 I ChromePhotosDataPlane: origin=real hostClass=network hostHash=abf8fbf760ef2a86 method=GET clientProtocol=http/1.1 upstreamProtocol=h2 status=200 contentType=image/png bytesIn=0 bytesOut=704 cache=miss decision=unknown reason=encoded_image_unsupported source=error probability=-1.0 basis=none decodeMs=0.000 inferenceMs=0.000 inferenceQueueMs=0.000 localDecisionMs=0.000   requestToDeliveryMs=214.698 upstreamHeadersMs=211.893 sanitizeMs=0.210 downstreamWriteMs=0.678
09-08 01:45:29.647 10510 11413 I ChromePhotosDataPlane: origin=real hostClass=network hostHash=d84a36a05e56cc9d method=GET clientProtocol=http/1.1 upstreamProtocol=h2 status=200 contentType=application/x-javascript bytesOut=71403 transfer=fixed upstreamHeadersMs=104.928 downstreamWriteMs=45.114
09-08 01:45:29.797 10510 11437 I ChromePhotosDataPlane: phase=tls_certificate correlationId=c67 tlsCacheHit=false tlsCacheWaitMs=3032.681 tlsCreationMs=318.940
09-08 01:45:29.797 10510 11437 I ChromePhotosDataPlane: phase=tls_material correlationId=c67 tlsMaterialMs=3352.039
09-08 01:45:29.807 10510 11437 I ChromePhotosDataPlane: phase=tls_ready correlationId=c67 hostClass=network hostHash=a2a6d789aa872a52 clientProtocol=http/1.1 ca=37670e7f53713d17
09-08 01:45:29.843 10510 12101 I ChromePhotosDataPlane: origin=real hostClass=network hostHash=abf8fbf760ef2a86 method=GET clientProtocol=http/1.1 upstreamProtocol=h2 status=200 contentType=image/png bytesIn=0 bytesOut=704 cache=miss decision=unknown reason=encoded_image_unsupported source=error probability=-1.0 basis=none decodeMs=0.000 inferenceMs=0.000 inferenceQueueMs=0.000 localDecisionMs=0.000   requestToDeliveryMs=213.708 upstreamHeadersMs=211.691 sanitizeMs=0.088 downstreamWriteMs=0.672
09-08 01:45:29.916 10510 11449 I ChromePhotosDataPlane: origin=real hostClass=network hostHash=100d2a11512096b7 method=OPTIONS clientProtocol=http/1.1 upstreamProtocol=h2 status=204 contentType= bytesOut=0 transfer=fixed upstreamHeadersMs=911.562 downstreamWriteMs=0.262
09-08 01:45:29.919 10510 11893 I ChromePhotosDataPlane: phase=worker_ready correlationId=c101 admissionWaitMs=0.314
09-08 01:45:29.926 10510 11437 I ChromePhotosDataPlane: origin=real hostClass=network hostHash=a2a6d789aa872a52 method=GET clientProtocol=http/1.1 upstreamProtocol=h2 status=200 contentType=application/javascript bytesOut=5823 transfer=chunked upstreamHeadersMs=114.562 downstreamWriteMs=1.877
09-08 01:45:29.943 10510 11936 I ChromePhotosDataPlane: origin=real hostClass=network hostHash=3e723b591bdb95ce method=GET clientProtocol=http/1.1 upstreamProtocol=h2 status=200 contentType=image/png bytesIn=0 bytesOut=704 cache=miss decision=unknown reason=image_format_unknown source=error probability=-1.0 basis=none decodeMs=0.000 inferenceMs=0.000 inferenceQueueMs=0.000 localDecisionMs=0.000  bodyAdmissionMs=0.088 bodyReadMs=0.163 requestToDeliveryMs=124.474 upstreamHeadersMs=117.976 sanitizeMs=1.817 downstreamWriteMs=1.464
09-08 01:45:30.109 10510 12101 I ChromePhotosDataPlane: origin=real hostClass=network hostHash=abf8fbf760ef2a86 method=GET clientProtocol=http/1.1 upstreamProtocol=h2 status=200 contentType=image/png bytesIn=0 bytesOut=704 cache=miss decision=unknown reason=encoded_image_unsupported source=error probability=-1.0 basis=none decodeMs=0.000 inferenceMs=0.000 inferenceQueueMs=0.000 localDecisionMs=0.000   requestToDeliveryMs=224.233 upstreamHeadersMs=218.359 sanitizeMs=0.305 downstreamWriteMs=2.893
09-08 01:45:30.514 10510 11442 I ChromePhotosDataPlane: phase=tls_certificate correlationId=c68 tlsCacheHit=false tlsCacheWaitMs=3344.649 tlsCreationMs=715.259
09-08 01:45:30.514 10510 11442 I ChromePhotosDataPlane: phase=tls_material correlationId=c68 tlsMaterialMs=4060.535
09-08 01:45:30.530 10510 11442 I ChromePhotosDataPlane: phase=tls_ready correlationId=c68 hostClass=network hostHash=e2dd3580aeebec64 clientProtocol=http/1.1 ca=37670e7f53713d17
09-08 01:45:30.674 10510 11442 I ChromePhotosDataPlane: origin=real hostClass=network hostHash=e2dd3580aeebec64 method=GET clientProtocol=http/1.1 upstreamProtocol=h2 status=302 contentType= bytesIn=0 bytesOut=0 cache=miss decision=passthrough   requestToDeliveryMs=142.354 upstreamHeadersMs=141.027 sanitizeMs=0.089 downstreamWriteMs=0.340
09-08 01:45:31.047 10510 11484 I ChromePhotosDataPlane: phase=tls_certificate correlationId=c70 tlsCacheHit=false tlsCacheWaitMs=4044.243 tlsCreationMs=532.298
09-08 01:45:31.047 10510 11484 I ChromePhotosDataPlane: phase=tls_material correlationId=c70 tlsMaterialMs=4577.127
09-08 01:45:31.061 10510 11484 I ChromePhotosDataPlane: phase=tls_ready correlationId=c70 hostClass=network hostHash=f5594fab1b035ec0 clientProtocol=http/1.1 ca=37670e7f53713d17
09-08 01:45:31.377 10510 11484 I ChromePhotosDataPlane: origin=real hostClass=network hostHash=f5594fab1b035ec0 method=GET clientProtocol=http/1.1 upstreamProtocol=h2 status=200 contentType=application/javascript bytesOut=2454 transfer=fixed upstreamHeadersMs=313.142 downstreamWriteMs=0.548
09-08 01:45:31.505 10510 11443 I ChromePhotosDataPlane: phase=tls_certificate correlationId=c69 tlsCacheHit=false tlsCacheWaitMs=4573.606 tlsCreationMs=456.941
09-08 01:45:31.505 10510 11443 I ChromePhotosDataPlane: phase=tls_material correlationId=c69 tlsMaterialMs=5031.191
09-08 01:45:31.514 10510 11443 I ChromePhotosDataPlane: phase=tls_ready correlationId=c69 hostClass=network hostHash=4dce8d0b280a268f clientProtocol=http/1.1 ca=37670e7f53713d17
09-08 01:45:31.657 10510 11862 I ChromePhotosDataPlane: phase=worker_ready correlationId=c102 admissionWaitMs=0.464
09-08 01:45:31.677 10510 11211 I ChromePhotosDataPlane: phase=tls_certificate correlationId=c72 tlsCacheHit=false tlsCacheWaitMs=4997.683 tlsCreationMs=171.737
09-08 01:45:31.677 10510 11211 I ChromePhotosDataPlane: phase=tls_material correlationId=c72 tlsMaterialMs=5170.119
09-08 01:45:31.687 10510 11211 I ChromePhotosDataPlane: phase=tls_ready correlationId=c72 hostClass=network hostHash=0f165ff6c05ff65a clientProtocol=http/1.1 ca=37670e7f53713d17
09-08 01:45:31.931 10510 11484 I ChromePhotosDataPlane: origin=real hostClass=network hostHash=f5594fab1b035ec0 method=POST clientProtocol=http/1.1 upstreamProtocol=h2 status=200 contentType= bytesOut=0 transfer=fixed upstreamHeadersMs=264.283 downstreamWriteMs=2.368
09-08 01:45:32.104 10510 11174 I ChromePhotosDataPlane: phase=tls_certificate correlationId=c71 tlsCacheHit=false tlsCacheWaitMs=5162.291 tlsCreationMs=425.286
09-08 01:45:32.104 10510 11174 I ChromePhotosDataPlane: phase=tls_material correlationId=c71 tlsMaterialMs=5588.200
09-08 01:45:32.108 10510 11175 I ChromePhotosDataPlane: phase=tls_certificate correlationId=c73 tlsCacheHit=true tlsCacheWaitMs=5585.771 tlsCreationMs=0.000
09-08 01:45:32.108 10510 11175 I ChromePhotosDataPlane: phase=tls_material correlationId=c73 tlsMaterialMs=5586.683
09-08 01:45:32.117 10510 11174 I ChromePhotosDataPlane: phase=tls_ready correlationId=c71 hostClass=network hostHash=ee8cdc867bba487e clientProtocol=http/1.1 ca=37670e7f53713d17
09-08 01:45:32.135 10510 11175 I ChromePhotosDataPlane: phase=tls_ready correlationId=c73 hostClass=network hostHash=0f165ff6c05ff65a clientProtocol=http/1.1 ca=37670e7f53713d17
09-08 01:45:32.173 10510 11443 I ChromePhotosDataPlane: phase=media_shield_document origin=real hostClass=network hostHash=4dce8d0b280a268f result=fail_closed reason=document_status_204 bytesOut=41 upstreamHeadersMs=656.334 documentDecisionMs=0.253 downstreamWriteMs=0.399
09-08 01:45:32.191 10510 11484 I ChromePhotosDataPlane: origin=real hostClass=network hostHash=f5594fab1b035ec0 method=POST clientProtocol=http/1.1 upstreamProtocol=h2 status=200 contentType= bytesOut=0 transfer=fixed upstreamHeadersMs=235.608 downstreamWriteMs=1.379
09-08 01:45:32.230 10510 12004 I ChromePhotosDataPlane: phase=worker_ready correlationId=c103 admissionWaitMs=0.435
09-08 01:45:32.275 10510 11174 I ChromePhotosDataPlane: origin=real hostClass=network hostHash=ee8cdc867bba487e method=POST clientProtocol=http/1.1 upstreamProtocol=h2 status=204 contentType=text/html bytesOut=0 transfer=fixed upstreamHeadersMs=151.917 downstreamWriteMs=0.397
09-08 01:45:32.408 10510 11232 I ChromePhotosDataPlane: phase=tls_certificate correlationId=c74 tlsCacheHit=false tlsCacheWaitMs=5465.880 tlsCreationMs=298.732
09-08 01:45:32.408 10510 11232 I ChromePhotosDataPlane: phase=tls_material correlationId=c74 tlsMaterialMs=5765.220
09-08 01:45:32.409 10510 11284 I ChromePhotosDataPlane: phase=tls_certificate correlationId=c75 tlsCacheHit=true tlsCacheWaitMs=5749.939 tlsCreationMs=0.000
09-08 01:45:32.409 10510 11271 I ChromePhotosDataPlane: phase=tls_certificate correlationId=c76 tlsCacheHit=true tlsCacheWaitMs=5749.071 tlsCreationMs=0.000
09-08 01:45:32.409 10510 11284 I ChromePhotosDataPlane: phase=tls_material correlationId=c75 tlsMaterialMs=5750.675
09-08 01:45:32.409 10510 11271 I ChromePhotosDataPlane: phase=tls_material correlationId=c76 tlsMaterialMs=5749.416
09-08 01:45:32.409 10510 11281 I ChromePhotosDataPlane: phase=tls_certificate correlationId=c77 tlsCacheHit=true tlsCacheWaitMs=5738.284 tlsCreationMs=0.000
09-08 01:45:32.409 10510 11281 I ChromePhotosDataPlane: phase=tls_material correlationId=c77 tlsMaterialMs=5738.468
09-08 01:45:32.411 10510 11294 I ChromePhotosDataPlane: phase=tls_certificate correlationId=c78 tlsCacheHit=true tlsCacheWaitMs=5636.867 tlsCreationMs=0.000
09-08 01:45:32.411 10510 11294 I ChromePhotosDataPlane: phase=tls_material correlationId=c78 tlsMaterialMs=5638.154
09-08 01:45:32.417 10510 11271 I ChromePhotosDataPlane: phase=tls_ready correlationId=c76 hostClass=network hostHash=a817ab236a289c0c clientProtocol=http/1.1 ca=37670e7f53713d17
09-08 01:45:32.418 10510 11232 I ChromePhotosDataPlane: phase=tls_ready correlationId=c74 hostClass=network hostHash=a817ab236a289c0c clientProtocol=http/1.1 ca=37670e7f53713d17
09-08 01:45:32.418 10510 11281 I ChromePhotosDataPlane: phase=tls_ready correlationId=c77 hostClass=network hostHash=a817ab236a289c0c clientProtocol=http/1.1 ca=37670e7f53713d17
09-08 01:45:32.436 10510 11284 I ChromePhotosDataPlane: phase=tls_ready correlationId=c75 hostClass=network hostHash=a817ab236a289c0c clientProtocol=http/1.1 ca=37670e7f53713d17
09-08 01:45:32.437 10510 11294 I ChromePhotosDataPlane: phase=tls_ready correlationId=c78 hostClass=network hostHash=a817ab236a289c0c clientProtocol=http/1.1 ca=37670e7f53713d17
09-08 01:45:32.543 10510 11443 I ChromePhotosDataPlane: phase=media_shield_document origin=real hostClass=network hostHash=4dce8d0b280a268f result=fail_closed reason=document_status_204 bytesOut=41 upstreamHeadersMs=318.841 documentDecisionMs=0.837 downstreamWriteMs=1.446
09-08 01:45:32.766 10510 11188 I ChromePhotosDataPlane: phase=tls_certificate correlationId=c79 tlsCacheHit=false tlsCacheWaitMs=5538.347 tlsCreationMs=354.858
09-08 01:45:32.766 10510 11188 I ChromePhotosDataPlane: phase=tls_material correlationId=c79 tlsMaterialMs=5893.857
09-08 01:45:32.768 10510 11210 I ChromePhotosDataPlane: phase=tls_certificate correlationId=c80 tlsCacheHit=true tlsCacheWaitMs=5796.535 tlsCreationMs=0.000
09-08 01:45:32.768 10510 11210 I ChromePhotosDataPlane: phase=tls_material correlationId=c80 tlsMaterialMs=5797.327
09-08 01:45:32.775 10510 11993 I ChromePhotosDataPlane: origin=real hostClass=network hostHash=e1bb38766871feb8 method=GET clientProtocol=http/1.1 upstreamProtocol=h2 status=200 contentType=image/webp bytesIn=579250 bytesOut=579250 cache=miss decision=safe reason=model_allow source=engine probability=0.0022100806 basis=None decodeMs=51.106 inferenceMs=133.462 inferenceQueueMs=0.565 localDecisionMs=186.373  bodyAdmissionMs=0.065 bodyReadMs=100.378 hashMs=0.728 requestToDeliveryMs=566.551 upstreamHeadersMs=142.949 sanitizeMs=417.641 downstreamWriteMs=3.663
09-08 01:45:32.777 10510 11188 I ChromePhotosDataPlane: phase=tls_ready correlationId=c79 hostClass=network hostHash=191347bfe55d0ca9 clientProtocol=http/1.1 ca=37670e7f53713d17
09-08 01:45:32.795 10510 11210 I ChromePhotosDataPlane: phase=tls_ready correlationId=c80 hostClass=network hostHash=0f165ff6c05ff65a clientProtocol=http/1.1 ca=37670e7f53713d17
09-08 01:45:33.171 10510 11422 I ChromePhotosDataPlane: phase=tls_certificate correlationId=c81 tlsCacheHit=false tlsCacheWaitMs=5797.450 tlsCreationMs=402.811
09-08 01:45:33.171 10510 11422 I ChromePhotosDataPlane: phase=tls_material correlationId=c81 tlsMaterialMs=6200.737
09-08 01:45:33.186 10510 11422 I ChromePhotosDataPlane: phase=tls_ready correlationId=c81 hostClass=network hostHash=abf8fbf760ef2a86 clientProtocol=http/1.1 ca=37670e7f53713d17
09-08 01:45:33.540 10510 11432 I ChromePhotosDataPlane: phase=tls_certificate correlationId=c82 tlsCacheHit=false tlsCacheWaitMs=6104.706 tlsCreationMs=368.055
09-08 01:45:33.540 10510 11432 I ChromePhotosDataPlane: phase=tls_material correlationId=c82 tlsMaterialMs=6473.584
09-08 01:45:33.541 10510 11427 I ChromePhotosDataPlane: phase=tls_certificate correlationId=c83 tlsCacheHit=true tlsCacheWaitMs=6417.905 tlsCreationMs=0.000
09-08 01:45:33.542 10510 11427 I ChromePhotosDataPlane: phase=tls_material correlationId=c83 tlsMaterialMs=6418.646
09-08 01:45:33.553 10510 11432 I ChromePhotosDataPlane: phase=tls_ready correlationId=c82 hostClass=network hostHash=38b36076ca933259 clientProtocol=http/1.1 ca=37670e7f53713d17
09-08 01:45:33.572 10510 11427 I ChromePhotosDataPlane: phase=tls_ready correlationId=c83 hostClass=network hostHash=4dce8d0b280a268f clientProtocol=http/1.1 ca=37670e7f53713d17
09-08 01:45:33.832 10510 11432 I ChromePhotosDataPlane: origin=real hostClass=network hostHash=38b36076ca933259 method=GET clientProtocol=http/1.1 upstreamProtocol=http/1.1 status=200 contentType=application/x-javascript bytesOut=586 transfer=fixed upstreamHeadersMs=274.376 downstreamWriteMs=1.332
09-08 01:45:33.862 10510 11215 I ChromePhotosDataPlane: phase=tls_certificate correlationId=c84 tlsCacheHit=false tlsCacheWaitMs=6377.241 tlsCreationMs=319.772
09-08 01:45:33.862 10510 11215 I ChromePhotosDataPlane: phase=tls_material correlationId=c84 tlsMaterialMs=6697.403
09-08 01:45:33.881 10510 11215 I ChromePhotosDataPlane: phase=tls_ready correlationId=c84 hostClass=network hostHash=b5c4d3f9fde897ed clientProtocol=http/1.1 ca=37670e7f53713d17
09-08 01:45:34.039 10510 12045 I ChromePhotosDataPlane: phase=worker_ready correlationId=c104 admissionWaitMs=0.466
09-08 01:45:34.603 10510 11460 I ChromePhotosDataPlane: phase=tls_certificate correlationId=c85 tlsCacheHit=false tlsCacheWaitMs=6652.919 tlsCreationMs=740.132
09-08 01:45:34.603 10510 11460 I ChromePhotosDataPlane: phase=tls_material correlationId=c85 tlsMaterialMs=7393.774
09-08 01:45:34.603 10510 11489 I ChromePhotosDataPlane: phase=tls_certificate correlationId=c86 tlsCacheHit=true tlsCacheWaitMs=7390.439 tlsCreationMs=0.000
09-08 01:45:34.603 10510 11489 I ChromePhotosDataPlane: phase=tls_material correlationId=c86 tlsMaterialMs=7391.141
09-08 01:45:34.616 10510 11460 I ChromePhotosDataPlane: phase=tls_ready correlationId=c85 hostClass=network hostHash=acb222ec7473b00e clientProtocol=http/1.1 ca=37670e7f53713d17
09-08 01:45:34.620 10510 11489 I ChromePhotosDataPlane: phase=tls_ready correlationId=c86 hostClass=network hostHash=abf8fbf760ef2a86 clientProtocol=http/1.1 ca=37670e7f53713d17
09-08 01:45:34.842 10510 11215 I ChromePhotosDataPlane: origin=real hostClass=network hostHash=b5c4d3f9fde897ed method=OPTIONS clientProtocol=http/1.1 upstreamProtocol=h2 status=200 contentType=application/json bytesOut=0 transfer=fixed upstreamHeadersMs=958.213 downstreamWriteMs=0.382
09-08 01:45:35.049 10510 11512 I ChromePhotosDataPlane: phase=tls_certificate correlationId=c87 tlsCacheHit=false tlsCacheWaitMs=7149.693 tlsCreationMs=445.782
09-08 01:45:35.049 10510 11512 I ChromePhotosDataPlane: phase=tls_material correlationId=c87 tlsMaterialMs=7595.948
09-08 01:45:35.055 10510 11174 I ChromePhotosDataPlane: phase=worker_ready correlationId=c105 admissionWaitMs=0.205
09-08 01:45:35.059 10510 11215 I ChromePhotosDataPlane: origin=real hostClass=network hostHash=b5c4d3f9fde897ed method=POST clientProtocol=http/1.1 upstreamProtocol=h2 status=200 contentType=application/json bytesOut=0 transfer=fixed upstreamHeadersMs=201.576 downstreamWriteMs=0.691
09-08 01:45:35.066 10510 11512 I ChromePhotosDataPlane: phase=tls_ready correlationId=c87 hostClass=network hostHash=4172597e1d9e2600 clientProtocol=http/1.1 ca=37670e7f53713d17
09-08 01:45:35.501 10510 11498 I ChromePhotosDataPlane: phase=tls_certificate correlationId=c88 tlsCacheHit=false tlsCacheWaitMs=7572.013 tlsCreationMs=451.069
09-08 01:45:35.502 10510 11498 I ChromePhotosDataPlane: phase=tls_material correlationId=c88 tlsMaterialMs=8023.667
09-08 01:45:35.543 10510 11498 I ChromePhotosDataPlane: phase=tls_ready correlationId=c88 hostClass=network hostHash=a599aeb3c7c1dfa5 clientProtocol=http/1.1 ca=37670e7f53713d17
09-08 01:45:35.785 10510 11512 I ChromePhotosDataPlane: origin=real hostClass=network hostHash=4172597e1d9e2600 method=OPTIONS clientProtocol=http/1.1 upstreamProtocol=h2 status=200 contentType= bytesOut=0 transfer=fixed upstreamHeadersMs=707.118 downstreamWriteMs=1.455
09-08 01:45:35.933 10510 11518 I ChromePhotosDataPlane: phase=tls_certificate correlationId=c89 tlsCacheHit=false tlsCacheWaitMs=7935.944 tlsCreationMs=430.034
09-08 01:45:35.933 10510 11518 I ChromePhotosDataPlane: phase=tls_material correlationId=c89 tlsMaterialMs=8366.634
09-08 01:45:35.946 10510 11518 I ChromePhotosDataPlane: phase=tls_ready correlationId=c89 hostClass=network hostHash=505bd18b6650e44b clientProtocol=http/1.1 ca=37670e7f53713d17
09-08 01:45:36.112 10510 11518 I ChromePhotosDataPlane: origin=real hostClass=network hostHash=505bd18b6650e44b method=POST clientProtocol=http/1.1 upstreamProtocol=h2 status=204 contentType=text/plain bytesOut=0 transfer=fixed upstreamHeadersMs=159.011 downstreamWriteMs=1.184
09-08 01:45:36.427 10510 11534 I ChromePhotosDataPlane: phase=tls_certificate correlationId=c90 tlsCacheHit=false tlsCacheWaitMs=8351.425 tlsCreationMs=493.391
09-08 01:45:36.427 10510 11534 I ChromePhotosDataPlane: phase=tls_material correlationId=c90 tlsMaterialMs=8845.348
09-08 01:45:36.439 10510 11534 I ChromePhotosDataPlane: phase=tls_ready correlationId=c90 hostClass=network hostHash=7ffe8698ca81d914 clientProtocol=http/1.1 ca=37670e7f53713d17
09-08 01:45:36.628 10510 11534 I ChromePhotosDataPlane: origin=real hostClass=network hostHash=7ffe8698ca81d914 method=GET clientProtocol=http/1.1 upstreamProtocol=h2 status=200 contentType=image/png bytesIn=42 bytesOut=704 cache=miss decision=unknown reason=unsupported_gif source=error probability=-1.0 basis=none decodeMs=0.000 inferenceMs=0.000 inferenceQueueMs=0.000 localDecisionMs=0.000  bodyAdmissionMs=0.028 bodyReadMs=0.213 requestToDeliveryMs=186.482 upstreamHeadersMs=184.698 sanitizeMs=0.527 downstreamWriteMs=0.392
09-08 01:45:36.915 10510 11537 I ChromePhotosDataPlane: phase=tls_certificate correlationId=c91 tlsCacheHit=false tlsCacheWaitMs=8704.759 tlsCreationMs=487.276
09-08 01:45:36.915 10510 11537 I ChromePhotosDataPlane: phase=tls_material correlationId=c91 tlsMaterialMs=9192.912
09-08 01:45:36.929 10510 11537 I ChromePhotosDataPlane: phase=tls_ready correlationId=c91 hostClass=network hostHash=191347bfe55d0ca9 clientProtocol=http/1.1 ca=37670e7f53713d17
09-08 01:45:37.123 10510 11537 I ChromePhotosDataPlane: origin=real hostClass=network hostHash=191347bfe55d0ca9 method=POST clientProtocol=http/1.1 upstreamProtocol=h2 status=200 contentType=text/plain bytesOut=0 transfer=fixed upstreamHeadersMs=187.251 downstreamWriteMs=0.511
09-08 01:45:37.172 10510 11599 I ChromePhotosDataPlane: phase=tls_certificate correlationId=c92 tlsCacheHit=false tlsCacheWaitMs=9131.316 tlsCreationMs=255.842
09-08 01:45:37.172 10510 11599 I ChromePhotosDataPlane: phase=tls_material correlationId=c92 tlsMaterialMs=9387.642
09-08 01:45:37.180 10510 11599 I ChromePhotosDataPlane: phase=tls_ready correlationId=c92 hostClass=network hostHash=a817ab236a289c0c clientProtocol=http/1.1 ca=37670e7f53713d17
09-08 01:45:37.344 10510 11529 I ChromePhotosDataPlane: phase=tls_certificate correlationId=c93 tlsCacheHit=false tlsCacheWaitMs=9151.895 tlsCreationMs=171.379
09-08 01:45:37.344 10510 11529 I ChromePhotosDataPlane: phase=tls_material correlationId=c93 tlsMaterialMs=9323.988
09-08 01:45:37.345 10510 11528 I ChromePhotosDataPlane: phase=tls_certificate correlationId=c94 tlsCacheHit=true tlsCacheWaitMs=9243.451 tlsCreationMs=0.000
09-08 01:45:37.345 10510 11528 I ChromePhotosDataPlane: phase=tls_material correlationId=c94 tlsMaterialMs=9243.971
09-08 01:45:37.346 10510 11600 I ChromePhotosDataPlane: phase=tls_certificate correlationId=c95 tlsCacheHit=true tlsCacheWaitMs=9208.420 tlsCreationMs=0.000
09-08 01:45:37.346 10510 11600 I ChromePhotosDataPlane: phase=tls_material correlationId=c95 tlsMaterialMs=9209.204
09-08 01:45:37.363 10510 11529 I ChromePhotosDataPlane: phase=tls_ready correlationId=c93 hostClass=network hostHash=2a933d2460faea37 clientProtocol=http/1.1 ca=37670e7f53713d17
09-08 01:45:37.380 10510 11528 I ChromePhotosDataPlane: phase=tls_ready correlationId=c94 hostClass=network hostHash=191347bfe55d0ca9 clientProtocol=http/1.1 ca=37670e7f53713d17
09-08 01:45:37.382 10510 11600 I ChromePhotosDataPlane: phase=tls_ready correlationId=c95 hostClass=network hostHash=abf8fbf760ef2a86 clientProtocol=http/1.1 ca=37670e7f53713d17
09-08 01:45:37.455 10510 11528 I ChromePhotosDataPlane: origin=real hostClass=network hostHash=191347bfe55d0ca9 method=POST clientProtocol=http/1.1 upstreamProtocol=h2 status=200 contentType=text/plain bytesOut=0 transfer=fixed upstreamHeadersMs=63.625 downstreamWriteMs=1.380
09-08 01:45:37.505 10510 11529 I ChromePhotosDataPlane: origin=real hostClass=network hostHash=2a933d2460faea37 method=GET clientProtocol=http/1.1 upstreamProtocol=h2 status=302 contentType= bytesIn=0 bytesOut=0 cache=miss decision=passthrough   requestToDeliveryMs=138.205 upstreamHeadersMs=132.817 sanitizeMs=0.828 downstreamWriteMs=1.269
09-08 01:45:37.519 10510 11518 I ChromePhotosDataPlane: phase=worker_ready correlationId=c106 admissionWaitMs=0.459
09-08 01:45:37.844 10510 11626 I ChromePhotosDataPlane: phase=tls_certificate correlationId=c96 tlsCacheHit=false tlsCacheWaitMs=8378.196 tlsCreationMs=497.628
09-08 01:45:37.844 10510 11626 I ChromePhotosDataPlane: phase=tls_material correlationId=c96 tlsMaterialMs=8876.910
09-08 01:45:37.846 10510 11672 I ChromePhotosDataPlane: phase=tls_certificate correlationId=c97 tlsCacheHit=true tlsCacheWaitMs=8870.702 tlsCreationMs=0.000
09-08 01:45:37.846 10510 11672 I ChromePhotosDataPlane: phase=tls_material correlationId=c97 tlsMaterialMs=8871.980
09-08 01:45:37.849 10510 11870 I ChromePhotosDataPlane: phase=tls_certificate correlationId=c99 tlsCacheHit=true tlsCacheWaitMs=8778.600 tlsCreationMs=0.000
09-08 01:45:37.849 10510 11870 I ChromePhotosDataPlane: phase=tls_material correlationId=c99 tlsMaterialMs=8780.970
09-08 01:45:37.850 10510 11673 I ChromePhotosDataPlane: phase=tls_certificate correlationId=c98 tlsCacheHit=true tlsCacheWaitMs=8779.016 tlsCreationMs=0.000
09-08 01:45:37.850 10510 11673 I ChromePhotosDataPlane: phase=tls_material correlationId=c98 tlsMaterialMs=8780.241
09-08 01:45:37.851 10510 11900 I ChromePhotosDataPlane: phase=tls_certificate correlationId=c100 tlsCacheHit=true tlsCacheWaitMs=8753.485 tlsCreationMs=0.000
09-08 01:45:37.852 10510 11900 I ChromePhotosDataPlane: phase=tls_material correlationId=c100 tlsMaterialMs=8754.384
09-08 01:45:37.875 10510 11626 I ChromePhotosDataPlane: phase=tls_ready correlationId=c96 hostClass=network hostHash=80255870a6218fe0 clientProtocol=http/1.1 ca=37670e7f53713d17
09-08 01:45:37.884 10510 11900 I ChromePhotosDataPlane: phase=tls_ready correlationId=c100 hostClass=network hostHash=abf8fbf760ef2a86 clientProtocol=http/1.1 ca=37670e7f53713d17
09-08 01:45:37.888 10510 11672 I ChromePhotosDataPlane: phase=tls_ready correlationId=c97 hostClass=network hostHash=80255870a6218fe0 clientProtocol=http/1.1 ca=37670e7f53713d17
09-08 01:45:37.888 10510 11673 I ChromePhotosDataPlane: phase=tls_ready correlationId=c98 hostClass=network hostHash=80255870a6218fe0 clientProtocol=http/1.1 ca=37670e7f53713d17
09-08 01:45:37.892 10510 11870 I ChromePhotosDataPlane: phase=tls_ready correlationId=c99 hostClass=network hostHash=80255870a6218fe0 clientProtocol=http/1.1 ca=37670e7f53713d17
09-08 01:45:38.163 10510 11673 I ChromePhotosDataPlane: origin=real hostClass=network hostHash=80255870a6218fe0 method=GET clientProtocol=http/1.1 upstreamProtocol=h2 status=200 contentType=text/javascript bytesOut=354184 transfer=fixed upstreamHeadersMs=180.129 downstreamWriteMs=86.086
09-08 01:45:38.165 10510 11870 I ChromePhotosDataPlane: origin=real hostClass=network hostHash=80255870a6218fe0 method=GET clientProtocol=http/1.1 upstreamProtocol=h2 status=200 contentType=text/javascript bytesOut=354184 transfer=fixed upstreamHeadersMs=189.591 downstreamWriteMs=77.831
09-08 01:45:38.480 10510 11893 I ChromePhotosDataPlane: phase=tls_certificate correlationId=c101 tlsCacheHit=false tlsCacheWaitMs=7930.366 tlsCreationMs=627.717
09-08 01:45:38.480 10510 11893 I ChromePhotosDataPlane: phase=tls_material correlationId=c101 tlsMaterialMs=8558.514
09-08 01:45:38.498 10510 11893 I ChromePhotosDataPlane: phase=tls_ready correlationId=c101 hostClass=network hostHash=100d2a11512096b7 clientProtocol=http/1.1 ca=37670e7f53713d17
09-08 01:45:38.867 10510 11862 I ChromePhotosDataPlane: phase=tls_certificate correlationId=c102 tlsCacheHit=false tlsCacheWaitMs=6767.338 tlsCreationMs=385.723
09-08 01:45:38.867 10510 11862 I ChromePhotosDataPlane: phase=tls_material correlationId=c102 tlsMaterialMs=7153.656
09-08 01:45:38.868 10510 12004 I ChromePhotosDataPlane: phase=tls_certificate correlationId=c103 tlsCacheHit=true tlsCacheWaitMs=6617.789 tlsCreationMs=0.000
09-08 01:45:38.868 10510 12004 I ChromePhotosDataPlane: phase=tls_material correlationId=c103 tlsMaterialMs=6618.299
09-08 01:45:38.879 10510 11862 I ChromePhotosDataPlane: phase=tls_ready correlationId=c102 hostClass=network hostHash=0843c9b16155ccbe clientProtocol=http/1.1 ca=37670e7f53713d17
09-08 01:45:38.881 10510 12004 I ChromePhotosDataPlane: phase=tls_ready correlationId=c103 hostClass=network hostHash=a817ab236a289c0c clientProtocol=http/1.1 ca=37670e7f53713d17
09-08 01:45:39.186 10510 11537 I ChromePhotosDataPlane: phase=worker_ready correlationId=c107 admissionWaitMs=0.187
09-08 01:45:39.201 10510 11528 I ChromePhotosDataPlane: phase=worker_ready correlationId=c108 admissionWaitMs=0.275
09-08 01:45:39.204 10510 11862 I ChromePhotosDataPlane: origin=real hostClass=network hostHash=0843c9b16155ccbe method=POST clientProtocol=http/1.1 upstreamProtocol=h2 status=200 contentType= bytesOut=0 transfer=fixed upstreamHeadersMs=323.197 downstreamWriteMs=0.306
09-08 01:45:39.215 10510 12045 I ChromePhotosDataPlane: phase=tls_certificate correlationId=c104 tlsCacheHit=false tlsCacheWaitMs=4784.742 tlsCreationMs=347.005
09-08 01:45:39.215 10510 12045 I ChromePhotosDataPlane: phase=tls_material correlationId=c104 tlsMaterialMs=5132.306
09-08 01:45:39.227 10510 12045 I ChromePhotosDataPlane: phase=tls_ready correlationId=c104 hostClass=network hostHash=fb66c9c8cfe48aef clientProtocol=http/1.1 ca=37670e7f53713d17
09-08 01:45:39.353 10510 11673 I ChromePhotosDataPlane: origin=real hostClass=network hostHash=80255870a6218fe0 method=GET clientProtocol=http/1.1 upstreamProtocol=h2 status=200 contentType=image/png bytesIn=2228 bytesOut=2228 cache=miss decision=safe reason=model_allow source=inflight probability=0.025308132 basis=None decodeMs=13.985 inferenceMs=132.415 inferenceQueueMs=0.143 localDecisionMs=126.446  bodyAdmissionMs=0.018 bodyReadMs=0.181 hashMs=0.207 requestToDeliveryMs=155.215 upstreamHeadersMs=26.232 sanitizeMs=127.195 downstreamWriteMs=0.509
09-08 01:45:39.360 10510 11870 I ChromePhotosDataPlane: origin=real hostClass=network hostHash=80255870a6218fe0 method=GET clientProtocol=http/1.1 upstreamProtocol=h2 status=200 contentType=image/png bytesIn=2228 bytesOut=2228 cache=miss decision=safe reason=model_allow source=engine probability=0.025308132 basis=None decodeMs=13.985 inferenceMs=132.415 inferenceQueueMs=0.143 localDecisionMs=147.414  bodyAdmissionMs=0.138 bodyReadMs=0.146 hashMs=0.330 requestToDeliveryMs=177.095 upstreamHeadersMs=19.780 sanitizeMs=149.276 downstreamWriteMs=4.176
09-08 01:45:39.387 10510 12004 I ChromePhotosDataPlane: origin=real hostClass=network hostHash=a817ab236a289c0c method=GET clientProtocol=http/1.1 upstreamProtocol=h2 status=304 contentType= bytesOut=0 transfer=fixed upstreamHeadersMs=498.211 downstreamWriteMs=0.993
09-08 01:45:39.427 10510 11893 I ChromePhotosDataPlane: origin=real hostClass=network hostHash=100d2a11512096b7 method=POST clientProtocol=http/1.1 upstreamProtocol=h2 status=204 contentType= bytesOut=0 transfer=fixed upstreamHeadersMs=922.764 downstreamWriteMs=1.206
09-08 01:45:39.607 10510 11174 I ChromePhotosDataPlane: phase=tls_certificate correlationId=c105 tlsCacheHit=false tlsCacheWaitMs=4087.711 tlsCreationMs=391.932
09-08 01:45:39.608 10510 11174 I ChromePhotosDataPlane: phase=tls_material correlationId=c105 tlsMaterialMs=4480.121
09-08 01:45:39.622 10510 11174 I ChromePhotosDataPlane: phase=tls_ready correlationId=c105 hostClass=network hostHash=7d3489b54d9d6982 clientProtocol=http/1.1 ca=37670e7f53713d17
09-08 01:45:39.935 10510 12045 I ChromePhotosDataPlane: origin=real hostClass=network hostHash=fb66c9c8cfe48aef method=POST clientProtocol=http/1.1 upstreamProtocol=http/1.1 status=204 contentType= bytesOut=0 transfer=fixed upstreamHeadersMs=703.676 downstreamWriteMs=0.982
09-08 01:45:40.038 10510 11518 I ChromePhotosDataPlane: phase=tls_certificate correlationId=c106 tlsCacheHit=false tlsCacheWaitMs=2042.331 tlsCreationMs=429.637
09-08 01:45:40.038 10510 11518 I ChromePhotosDataPlane: phase=tls_material correlationId=c106 tlsMaterialMs=2472.550
09-08 01:45:40.054 10510 11518 I ChromePhotosDataPlane: phase=tls_ready correlationId=c106 hostClass=network hostHash=cebab728d0c21358 clientProtocol=http/1.1 ca=37670e7f53713d17
09-08 01:45:40.289 10510 11174 I ChromePhotosDataPlane: origin=real hostClass=network hostHash=7d3489b54d9d6982 method=POST clientProtocol=http/1.1 upstreamProtocol=http/1.1 status=204 contentType= bytesOut=0 transfer=fixed upstreamHeadersMs=650.469 downstreamWriteMs=1.527
09-08 01:45:40.304 10510 11537 I ChromePhotosDataPlane: phase=tls_certificate correlationId=c107 tlsCacheHit=false tlsCacheWaitMs=844.649 tlsCreationMs=265.207
09-08 01:45:40.304 10510 11537 I ChromePhotosDataPlane: phase=tls_material correlationId=c107 tlsMaterialMs=1110.355
09-08 01:45:40.305 10510 11528 I ChromePhotosDataPlane: phase=tls_certificate correlationId=c108 tlsCacheHit=true tlsCacheWaitMs=1100.059 tlsCreationMs=0.000
09-08 01:45:40.305 10510 11528 I ChromePhotosDataPlane: phase=tls_material correlationId=c108 tlsMaterialMs=1100.320
09-08 01:45:40.320 10510 11537 I ChromePhotosDataPlane: phase=tls_ready correlationId=c107 hostClass=network hostHash=7df7caa0a5579e01 clientProtocol=http/1.1 ca=37670e7f53713d17
09-08 01:45:40.330 10510 11528 I ChromePhotosDataPlane: phase=tls_ready correlationId=c108 hostClass=network hostHash=7df7caa0a5579e01 clientProtocol=http/1.1 ca=37670e7f53713d17
09-08 01:45:40.356 10510 11518 I ChromePhotosDataPlane: origin=real hostClass=network hostHash=cebab728d0c21358 method=GET clientProtocol=http/1.1 upstreamProtocol=h2 status=200 contentType=image/jpeg bytesIn=13887 bytesOut=13887 cache=miss decision=safe reason=model_allow source=engine probability=0.041383058 basis=None decodeMs=3.973 inferenceMs=132.455 inferenceQueueMs=0.227 localDecisionMs=137.690  bodyAdmissionMs=0.057 bodyReadMs=0.525 hashMs=0.607 requestToDeliveryMs=300.901 upstreamHeadersMs=157.602 sanitizeMs=139.320 downstreamWriteMs=1.338
09-08 01:45:40.469 10510 11537 I ChromePhotosDataPlane: origin=real hostClass=network hostHash=7df7caa0a5579e01 method=GET clientProtocol=http/1.1 upstreamProtocol=h2 status=200 contentType=font/woff2 bytesOut=34668 transfer=fixed upstreamHeadersMs=123.479 downstreamWriteMs=22.133
09-08 01:45:40.509 10510 11528 I ChromePhotosDataPlane: origin=real hostClass=network hostHash=7df7caa0a5579e01 method=GET clientProtocol=http/1.1 upstreamProtocol=h2 status=200 contentType=font/woff2 bytesOut=34668 transfer=fixed upstreamHeadersMs=152.268 downstreamWriteMs=20.806
09-08 01:45:41.015 10510 11232 W ChromePhotosDataPlane: phase=upstream_failed correlationId=c74-r1 hostClass=network hostHash=a817ab236a289c0c responseStarted=false errorResponseWritten=true error=IOException
09-08 01:45:41.016 10510 11232 I ChromePhotosDataPlane: phase=worker_ready correlationId=c109 admissionWaitMs=432.774
09-08 01:45:41.301 10510 11232 I ChromePhotosDataPlane: phase=tls_certificate correlationId=c109 tlsCacheHit=false tlsCacheWaitMs=0.006 tlsCreationMs=271.601
09-08 01:45:41.301 10510 11232 I ChromePhotosDataPlane: phase=tls_material correlationId=c109 tlsMaterialMs=272.036
09-08 01:45:41.317 10510 11232 I ChromePhotosDataPlane: phase=tls_ready correlationId=c109 hostClass=network hostHash=fc1e48f201e43606 clientProtocol=http/1.1 ca=37670e7f53713d17
09-08 01:45:41.401 10510 11923 I ChromePhotosDataPlane: origin=real hostClass=network hostHash=a817ab236a289c0c method=GET clientProtocol=http/1.1 upstreamProtocol=h2 status=200 contentType=image/png bytesIn=3584 bytesOut=3584 cache=miss decision=safe reason=model_allow source=engine probability=0.026260942 basis=None decodeMs=2.946 inferenceMs=135.671 inferenceQueueMs=0.244 localDecisionMs=139.523  bodyAdmissionMs=0.056 bodyReadMs=0.479 hashMs=2.657 requestToDeliveryMs=743.618 upstreamHeadersMs=591.299 sanitizeMs=145.270 downstreamWriteMs=3.127
09-08 01:45:42.001 10510 11929 I ChromePhotosDataPlane: phase=worker_ready correlationId=c110 admissionWaitMs=1339.649
09-08 01:45:42.399 10510 11232 I ChromePhotosDataPlane: origin=real hostClass=network hostHash=fc1e48f201e43606 method=POST clientProtocol=http/1.1 upstreamProtocol=h2 status=200 contentType=application/json bytesOut=0 transfer=fixed upstreamHeadersMs=1075.916 downstreamWriteMs=1.706
09-08 01:45:42.612 10510 11929 I ChromePhotosDataPlane: phase=tls_certificate correlationId=c110 tlsCacheHit=false tlsCacheWaitMs=0.007 tlsCreationMs=599.889
09-08 01:45:42.612 10510 11929 I ChromePhotosDataPlane: phase=tls_material correlationId=c110 tlsMaterialMs=600.262
09-08 01:45:42.628 10510 11929 I ChromePhotosDataPlane: phase=tls_ready correlationId=c110 hostClass=network hostHash=acb222ec7473b00e clientProtocol=http/1.1 ca=37670e7f53713d17
09-08 01:45:42.807 10510 11929 I ChromePhotosDataPlane: origin=real hostClass=network hostHash=acb222ec7473b00e method=GET clientProtocol=http/1.1 upstreamProtocol=h2 status=302 contentType= bytesIn=0 bytesOut=0 cache=miss decision=passthrough   requestToDeliveryMs=175.804 upstreamHeadersMs=169.654 sanitizeMs=1.062 downstreamWriteMs=1.337
09-08 01:45:42.832 10510 11232 I ChromePhotosDataPlane: phase=worker_ready correlationId=c111 admissionWaitMs=0.695
09-08 01:45:43.496 10510 11232 I ChromePhotosDataPlane: phase=tls_certificate correlationId=c111 tlsCacheHit=false tlsCacheWaitMs=0.012 tlsCreationMs=587.165
09-08 01:45:43.496 10510 11232 I ChromePhotosDataPlane: phase=tls_material correlationId=c111 tlsMaterialMs=587.782
09-08 01:45:43.510 10510 11232 I ChromePhotosDataPlane: phase=tls_ready correlationId=c111 hostClass=network hostHash=db116db5f2465415 clientProtocol=http/1.1 ca=37670e7f53713d17
09-08 01:45:44.288 10510 11232 I ChromePhotosDataPlane: origin=real hostClass=network hostHash=db116db5f2465415 method=GET clientProtocol=http/1.1 upstreamProtocol=h2 status=200 contentType=image/png bytesIn=397 bytesOut=704 cache=miss decision=unknown reason=image_format_unknown source=error probability=-1.0 basis=none decodeMs=0.000 inferenceMs=0.000 inferenceQueueMs=0.000 localDecisionMs=0.000  bodyAdmissionMs=0.047 bodyReadMs=0.292 requestToDeliveryMs=775.845 upstreamHeadersMs=769.806 sanitizeMs=1.255 downstreamWriteMs=1.029
09-08 01:45:45.366 10510 12078 I ChromePhotosDataPlane: phase=media_shield_document origin=real hostClass=network hostHash=191347bfe55d0ca9 result=transformed documentSequence=6 navigationSequence=3 token=689234908600 bytesOut=167277 upstreamHeadersMs=222.786 documentDecisionMs=50.607 downstreamWriteMs=2.357
09-08 01:45:45.629 10510 11897 I ChromePhotosDataPlane: phase=worker_ready correlationId=c112 admissionWaitMs=0.546
09-08 01:45:45.691 10510 11673 I ChromePhotosDataPlane: origin=real hostClass=network hostHash=80255870a6218fe0 method=GET clientProtocol=http/1.1 upstreamProtocol=h2 status=200 contentType=text/javascript bytesOut=354184 transfer=fixed upstreamHeadersMs=134.518 downstreamWriteMs=115.313
09-08 01:45:45.834 10510 11897 I ChromePhotosDataPlane: phase=tls_certificate correlationId=c112 tlsCacheHit=false tlsCacheWaitMs=0.005 tlsCreationMs=189.394
09-08 01:45:45.834 10510 11897 I ChromePhotosDataPlane: phase=tls_material correlationId=c112 tlsMaterialMs=189.793
09-08 01:45:45.844 10510 11897 I ChromePhotosDataPlane: phase=tls_ready correlationId=c112 hostClass=network hostHash=505bd18b6650e44b clientProtocol=http/1.1 ca=37670e7f53713d17
09-08 01:45:45.987 10510 11897 I ChromePhotosDataPlane: origin=real hostClass=network hostHash=505bd18b6650e44b method=POST clientProtocol=http/1.1 upstreamProtocol=h2 status=204 contentType=text/plain bytesOut=0 transfer=fixed upstreamHeadersMs=139.980 downstreamWriteMs=0.244
09-08 01:45:46.297 10510 11870 I ChromePhotosDataPlane: origin=real hostClass=network hostHash=80255870a6218fe0 method=GET clientProtocol=http/1.1 upstreamProtocol=h2 status=200 contentType=image/png bytesIn=2228 bytesOut=2228 cache=hit decision=safe reason=model_allow source=cache probability=0.025308132 basis=None decodeMs=0.000 inferenceMs=0.000 inferenceQueueMs=0.000 localDecisionMs=0.098  bodyAdmissionMs=0.075 bodyReadMs=0.356 hashMs=0.532 requestToDeliveryMs=32.968 upstreamHeadersMs=25.891 sanitizeMs=2.116 downstreamWriteMs=1.508
09-08 01:45:46.463 10510 11528 I ChromePhotosDataPlane: origin=real hostClass=network hostHash=7df7caa0a5579e01 method=GET clientProtocol=http/1.1 upstreamProtocol=h2 status=200 contentType=font/woff2 bytesOut=34668 transfer=fixed upstreamHeadersMs=170.423 downstreamWriteMs=21.837
09-08 01:45:47.020 10510 12078 I ChromePhotosDataPlane: phase=media_shield_document origin=real hostClass=network hostHash=191347bfe55d0ca9 result=transformed documentSequence=7 navigationSequence=3 token=39b08cfc1ae6 bytesOut=167530 upstreamHeadersMs=86.256 documentDecisionMs=36.655 downstreamWriteMs=1.554
09-08 01:45:47.128 10510 11673 I ChromePhotosDataPlane: origin=real hostClass=network hostHash=80255870a6218fe0 method=GET clientProtocol=http/1.1 upstreamProtocol=h2 status=200 contentType=text/javascript bytesOut=354184 transfer=fixed upstreamHeadersMs=45.305 downstreamWriteMs=31.989
09-08 01:45:47.891 10510 11673 I ChromePhotosDataPlane: origin=real hostClass=network hostHash=80255870a6218fe0 method=GET clientProtocol=http/1.1 upstreamProtocol=h2 status=200 contentType=image/png bytesIn=2228 bytesOut=2228 cache=hit decision=safe reason=model_allow source=cache probability=0.025308132 basis=None decodeMs=0.000 inferenceMs=0.000 inferenceQueueMs=0.000 localDecisionMs=0.151  bodyAdmissionMs=0.100 bodyReadMs=0.622 hashMs=1.598 requestToDeliveryMs=66.154 upstreamHeadersMs=49.482 sanitizeMs=5.979 downstreamWriteMs=3.073
09-08 01:45:47.897 10510 11528 I ChromePhotosDataPlane: origin=real hostClass=network hostHash=7df7caa0a5579e01 method=GET clientProtocol=http/1.1 upstreamProtocol=h2 status=200 contentType=font/woff2 bytesOut=34668 transfer=fixed upstreamHeadersMs=49.567 downstreamWriteMs=18.521
09-08 01:46:34.994 10510 11994 I ChromePhotosDataPlane: phase=worker_ready correlationId=c113 admissionWaitMs=0.553
09-08 01:46:35.073 10510 11994 I ChromePhotosDataPlane: phase=tls_certificate correlationId=c113 tlsCacheHit=true tlsCacheWaitMs=0.013 tlsCreationMs=0.000
09-08 01:46:35.073 10510 11994 I ChromePhotosDataPlane: phase=tls_material correlationId=c113 tlsMaterialMs=1.043
09-08 01:46:35.101 10510 11994 I ChromePhotosDataPlane: phase=tls_ready correlationId=c113 hostClass=network hostHash=fb66c9c8cfe48aef clientProtocol=http/1.1 ca=37670e7f53713d17
09-08 01:46:35.884 10510 11994 I ChromePhotosDataPlane: origin=real hostClass=network hostHash=fb66c9c8cfe48aef method=POST clientProtocol=http/1.1 upstreamProtocol=http/1.1 status=204 contentType= bytesOut=0 transfer=fixed upstreamHeadersMs=775.133 downstreamWriteMs=0.935
09-08 01:47:14.481 10510 11981 I ChromePhotosDataPlane: phase=worker_ready correlationId=c114 admissionWaitMs=2.394
09-08 01:47:15.111 10510 11981 I ChromePhotosDataPlane: phase=tls_certificate correlationId=c114 tlsCacheHit=false tlsCacheWaitMs=0.008 tlsCreationMs=540.098
09-08 01:47:15.111 10510 11981 I ChromePhotosDataPlane: phase=tls_material correlationId=c114 tlsMaterialMs=540.608
09-08 01:47:15.125 10510 11981 I ChromePhotosDataPlane: phase=tls_ready correlationId=c114 hostClass=network hostHash=abf8fbf760ef2a86 clientProtocol=http/1.1 ca=37670e7f53713d17
09-08 01:47:15.566 10510 11981 I ChromePhotosDataPlane: origin=real hostClass=network hostHash=abf8fbf760ef2a86 method=GET clientProtocol=http/1.1 upstreamProtocol=h2 status=200 contentType=image/png bytesIn=0 bytesOut=704 cache=miss decision=unknown reason=encoded_image_unsupported source=error probability=-1.0 basis=none decodeMs=0.000 inferenceMs=0.000 inferenceQueueMs=0.000 localDecisionMs=0.000   requestToDeliveryMs=438.449 upstreamHeadersMs=432.493 sanitizeMs=0.394 downstreamWriteMs=1.915
09-08 01:47:15.608 10510 11982 I ChromePhotosDataPlane: phase=worker_ready correlationId=c115 admissionWaitMs=0.128
09-08 01:47:15.615 10510 11931 I ChromePhotosDataPlane: phase=worker_ready correlationId=c116 admissionWaitMs=1.873
09-08 01:47:15.919 10510 11982 I ChromePhotosDataPlane: phase=tls_certificate correlationId=c115 tlsCacheHit=false tlsCacheWaitMs=0.005 tlsCreationMs=276.859
09-08 01:47:15.919 10510 11982 I ChromePhotosDataPlane: phase=tls_material correlationId=c115 tlsMaterialMs=277.335
09-08 01:47:15.927 10510 11982 I ChromePhotosDataPlane: phase=tls_ready correlationId=c115 hostClass=network hostHash=7ffe8698ca81d914 clientProtocol=http/1.1 ca=37670e7f53713d17
09-08 01:47:16.204 10510 11982 I ChromePhotosDataPlane: origin=real hostClass=network hostHash=7ffe8698ca81d914 method=POST clientProtocol=http/1.1 upstreamProtocol=h2 status=200 contentType=application/javascript bytesOut=0 transfer=fixed upstreamHeadersMs=274.943 downstreamWriteMs=0.448
09-08 01:47:16.489 10510 11931 I ChromePhotosDataPlane: phase=tls_certificate correlationId=c116 tlsCacheHit=false tlsCacheWaitMs=259.673 tlsCreationMs=569.121
09-08 01:47:16.489 10510 11931 I ChromePhotosDataPlane: phase=tls_material correlationId=c116 tlsMaterialMs=829.249
09-08 01:47:16.503 10510 11931 I ChromePhotosDataPlane: phase=tls_ready correlationId=c116 hostClass=network hostHash=816c1c4228e457b0 clientProtocol=http/1.1 ca=37670e7f53713d17
09-08 01:47:16.803 10510 11931 I ChromePhotosDataPlane: origin=real hostClass=network hostHash=816c1c4228e457b0 method=POST clientProtocol=http/1.1 upstreamProtocol=h2 status=307 contentType= bytesIn=0 bytesOut=0 cache=miss decision=passthrough   requestToDeliveryMs=298.448 upstreamHeadersMs=295.774 sanitizeMs=0.481 downstreamWriteMs=0.868
09-08 01:47:16.815 10510 11992 I ChromePhotosDataPlane: phase=worker_ready correlationId=c117 admissionWaitMs=1.214
09-08 01:47:17.342 10510 11992 I ChromePhotosDataPlane: phase=tls_certificate correlationId=c117 tlsCacheHit=false tlsCacheWaitMs=0.007 tlsCreationMs=448.763
09-08 01:47:17.342 10510 11992 I ChromePhotosDataPlane: phase=tls_material correlationId=c117 tlsMaterialMs=449.345
09-08 01:47:17.357 10510 11992 I ChromePhotosDataPlane: phase=tls_ready correlationId=c117 hostClass=network hostHash=526814c2d8a0c7e2 clientProtocol=http/1.1 ca=37670e7f53713d17
09-08 01:47:19.202 10510 11992 I ChromePhotosDataPlane: phase=media_shield_document origin=real hostClass=network hostHash=526814c2d8a0c7e2 result=fail_closed reason=document_intent_ambiguous_without_fetch_metadata bytesOut=41 upstreamHeadersMs=1841.030 documentDecisionMs=0.113 downstreamWriteMs=0.877
09-08 01:47:35.946 10510 12005 I ChromePhotosDataPlane: phase=worker_ready correlationId=c118 admissionWaitMs=0.429
09-08 01:47:36.041 10510 12005 I ChromePhotosDataPlane: phase=tls_certificate correlationId=c118 tlsCacheHit=true tlsCacheWaitMs=0.014 tlsCreationMs=0.000
09-08 01:47:36.041 10510 12005 I ChromePhotosDataPlane: phase=tls_material correlationId=c118 tlsMaterialMs=1.233
09-08 01:47:36.078 10510 12005 I ChromePhotosDataPlane: phase=tls_ready correlationId=c118 hostClass=network hostHash=fb66c9c8cfe48aef clientProtocol=http/1.1 ca=37670e7f53713d17
09-08 01:47:37.023 10510 12005 I ChromePhotosDataPlane: origin=real hostClass=network hostHash=fb66c9c8cfe48aef method=POST clientProtocol=http/1.1 upstreamProtocol=http/1.1 status=204 contentType= bytesOut=0 transfer=fixed upstreamHeadersMs=936.289 downstreamWriteMs=1.378
09-08 01:48:36.962 10510 12029 I ChromePhotosDataPlane: phase=worker_ready correlationId=c119 admissionWaitMs=1.076
09-08 01:48:37.026 10510 12029 I ChromePhotosDataPlane: phase=tls_certificate correlationId=c119 tlsCacheHit=true tlsCacheWaitMs=0.010 tlsCreationMs=0.000
09-08 01:48:37.026 10510 12029 I ChromePhotosDataPlane: phase=tls_material correlationId=c119 tlsMaterialMs=0.970
09-08 01:48:37.050 10510 12029 I ChromePhotosDataPlane: phase=tls_ready correlationId=c119 hostClass=network hostHash=fb66c9c8cfe48aef clientProtocol=http/1.1 ca=37670e7f53713d17
09-08 01:48:37.851 10510 12029 I ChromePhotosDataPlane: origin=real hostClass=network hostHash=fb66c9c8cfe48aef method=POST clientProtocol=http/1.1 upstreamProtocol=http/1.1 status=204 contentType= bytesOut=0 transfer=fixed upstreamHeadersMs=793.438 downstreamWriteMs=1.274
09-08 01:48:37.860 10510 12020 I ChromePhotosDataPlane: phase=worker_ready correlationId=c120 admissionWaitMs=0.432
09-08 01:48:37.870 10510 12019 I ChromePhotosDataPlane: phase=worker_ready correlationId=c121 admissionWaitMs=0.897
09-08 01:48:37.886 10510 12019 I ChromePhotosDataPlane: phase=tls_certificate correlationId=c121 tlsCacheHit=true tlsCacheWaitMs=0.006 tlsCreationMs=0.000
09-08 01:48:37.886 10510 12019 I ChromePhotosDataPlane: phase=tls_material correlationId=c121 tlsMaterialMs=0.615
09-08 01:48:37.904 10510 12020 I ChromePhotosDataPlane: phase=tls_certificate correlationId=c120 tlsCacheHit=true tlsCacheWaitMs=0.008 tlsCreationMs=0.000
09-08 01:48:37.904 10510 12020 I ChromePhotosDataPlane: phase=tls_material correlationId=c120 tlsMaterialMs=0.748
09-08 01:48:37.904 10510 12019 I ChromePhotosDataPlane: phase=tls_ready correlationId=c121 hostClass=network hostHash=7ffe8698ca81d914 clientProtocol=http/1.1 ca=37670e7f53713d17
09-08 01:48:37.925 10510 12020 I ChromePhotosDataPlane: phase=tls_ready correlationId=c120 hostClass=network hostHash=816c1c4228e457b0 clientProtocol=http/1.1 ca=37670e7f53713d17
09-08 01:48:38.072 10510 12019 I ChromePhotosDataPlane: origin=real hostClass=network hostHash=7ffe8698ca81d914 method=POST clientProtocol=http/1.1 upstreamProtocol=h2 status=200 contentType=application/javascript bytesOut=0 transfer=fixed upstreamHeadersMs=155.178 downstreamWriteMs=1.508
09-08 01:48:38.093 10510 12020 I ChromePhotosDataPlane: origin=real hostClass=network hostHash=816c1c4228e457b0 method=POST clientProtocol=http/1.1 upstreamProtocol=h2 status=200 contentType=application/javascript bytesOut=0 transfer=fixed upstreamHeadersMs=159.805 downstreamWriteMs=3.393
09-08 01:49:37.975 10510 11995 I ChromePhotosDataPlane: phase=worker_ready correlationId=c122 admissionWaitMs=1.099
09-08 01:49:38.044 10510 11995 I ChromePhotosDataPlane: phase=tls_certificate correlationId=c122 tlsCacheHit=true tlsCacheWaitMs=0.013 tlsCreationMs=0.000
09-08 01:49:38.044 10510 11995 I ChromePhotosDataPlane: phase=tls_material correlationId=c122 tlsMaterialMs=1.029
09-08 01:49:38.080 10510 11995 I ChromePhotosDataPlane: phase=tls_ready correlationId=c122 hostClass=network hostHash=fb66c9c8cfe48aef clientProtocol=http/1.1 ca=37670e7f53713d17
09-08 01:49:39.032 10510 11995 I ChromePhotosDataPlane: origin=real hostClass=network hostHash=fb66c9c8cfe48aef method=POST clientProtocol=http/1.1 upstreamProtocol=http/1.1 status=204 contentType= bytesOut=0 transfer=fixed upstreamHeadersMs=944.430 downstreamWriteMs=1.448
09-08 01:50:26.294 10510 11897 I ChromePhotosDataPlane: phase=worker_ready correlationId=c123 admissionWaitMs=0.426
09-08 01:50:26.887 10510 11897 I ChromePhotosDataPlane: phase=tls_certificate correlationId=c123 tlsCacheHit=false tlsCacheWaitMs=0.007 tlsCreationMs=542.811
09-08 01:50:26.887 10510 11897 I ChromePhotosDataPlane: phase=tls_material correlationId=c123 tlsMaterialMs=543.201
09-08 01:50:26.901 10510 11897 I ChromePhotosDataPlane: phase=tls_ready correlationId=c123 hostClass=network hostHash=100d2a11512096b7 clientProtocol=http/1.1 ca=37670e7f53713d17
09-08 01:50:28.077 10510 11897 I ChromePhotosDataPlane: origin=real hostClass=network hostHash=100d2a11512096b7 method=OPTIONS clientProtocol=http/1.1 upstreamProtocol=h2 status=204 contentType= bytesOut=0 transfer=fixed upstreamHeadersMs=1172.112 downstreamWriteMs=0.239
09-08 01:50:28.092 10510 11930 I ChromePhotosDataPlane: phase=worker_ready correlationId=c124 admissionWaitMs=0.566
09-08 01:50:28.105 10510 11930 I ChromePhotosDataPlane: phase=tls_certificate correlationId=c124 tlsCacheHit=true tlsCacheWaitMs=0.010 tlsCreationMs=0.000
09-08 01:50:28.106 10510 11930 I ChromePhotosDataPlane: phase=tls_material correlationId=c124 tlsMaterialMs=0.644
09-08 01:50:28.136 10510 11930 I ChromePhotosDataPlane: phase=tls_ready correlationId=c124 hostClass=network hostHash=100d2a11512096b7 clientProtocol=http/1.1 ca=37670e7f53713d17
09-08 01:50:28.384 10510 11930 I ChromePhotosDataPlane: origin=real hostClass=network hostHash=100d2a11512096b7 method=POST clientProtocol=http/1.1 upstreamProtocol=h2 status=204 contentType= bytesOut=0 transfer=fixed upstreamHeadersMs=244.002 downstreamWriteMs=0.438
09-08 01:50:33.973 10510 12060 I ChromePhotosDataPlane: phase=worker_ready correlationId=c125 admissionWaitMs=0.881
09-08 01:50:34.065 10510 12060 I ChromePhotosDataPlane: phase=tls_certificate correlationId=c125 tlsCacheHit=true tlsCacheWaitMs=0.016 tlsCreationMs=0.000
09-08 01:50:34.065 10510 12060 I ChromePhotosDataPlane: phase=tls_material correlationId=c125 tlsMaterialMs=1.074
09-08 01:50:34.100 10510 12060 I ChromePhotosDataPlane: phase=tls_ready correlationId=c125 hostClass=network hostHash=fb66c9c8cfe48aef clientProtocol=http/1.1 ca=37670e7f53713d17
09-08 01:50:35.003 10510 12060 I ChromePhotosDataPlane: origin=real hostClass=network hostHash=fb66c9c8cfe48aef method=POST clientProtocol=http/1.1 upstreamProtocol=http/1.1 status=204 contentType= bytesOut=0 transfer=fixed upstreamHeadersMs=894.292 downstreamWriteMs=1.404
09-08 01:51:32.443 10510 12038 I ChromePhotosDataPlane: phase=worker_ready correlationId=c126 admissionWaitMs=0.361
09-08 01:51:32.447 10510 12066 I ChromePhotosDataPlane: phase=worker_ready correlationId=c127 admissionWaitMs=0.201
09-08 01:51:32.493 10510 12061 I ChromePhotosDataPlane: phase=worker_ready correlationId=c128 admissionWaitMs=0.353
09-08 01:51:32.496 10510 12054 I ChromePhotosDataPlane: phase=worker_ready correlationId=c129 admissionWaitMs=0.238
09-08 01:51:32.505 10510 12076 I ChromePhotosDataPlane: phase=worker_ready correlationId=c130 admissionWaitMs=0.239
09-08 01:51:32.514 10510 11413 I ChromePhotosDataPlane: phase=worker_ready correlationId=c131 admissionWaitMs=0.301
09-08 01:51:32.523 10510 11449 I ChromePhotosDataPlane: phase=worker_ready correlationId=c132 admissionWaitMs=0.299
09-08 01:51:32.536 10510 11437 I ChromePhotosDataPlane: phase=worker_ready correlationId=c133 admissionWaitMs=0.217
09-08 01:51:33.163 10510 12066 I ChromePhotosDataPlane: phase=tls_certificate correlationId=c127 tlsCacheHit=false tlsCacheWaitMs=0.003 tlsCreationMs=618.611
09-08 01:51:33.163 10510 12066 I ChromePhotosDataPlane: phase=tls_material correlationId=c127 tlsMaterialMs=618.994
09-08 01:51:33.177 10510 12066 I ChromePhotosDataPlane: phase=tls_ready correlationId=c127 hostClass=network hostHash=e1bb38766871feb8 clientProtocol=http/1.1 ca=37670e7f53713d17
09-08 01:51:33.502 10510 12054 I ChromePhotosDataPlane: phase=tls_certificate correlationId=c129 tlsCacheHit=false tlsCacheWaitMs=616.057 tlsCreationMs=337.641
09-08 01:51:33.502 10510 12054 I ChromePhotosDataPlane: phase=tls_material correlationId=c129 tlsMaterialMs=954.252
09-08 01:51:33.503 10510 12038 I ChromePhotosDataPlane: phase=tls_certificate correlationId=c126 tlsCacheHit=true tlsCacheWaitMs=948.894 tlsCreationMs=0.000
09-08 01:51:33.503 10510 12038 I ChromePhotosDataPlane: phase=tls_material correlationId=c126 tlsMaterialMs=949.429
09-08 01:51:33.504 10510 12076 I ChromePhotosDataPlane: phase=tls_certificate correlationId=c130 tlsCacheHit=true tlsCacheWaitMs=949.537 tlsCreationMs=0.000
09-08 01:51:33.504 10510 12076 I ChromePhotosDataPlane: phase=tls_material correlationId=c130 tlsMaterialMs=950.042
09-08 01:51:33.511 10510 12054 I ChromePhotosDataPlane: phase=tls_ready correlationId=c129 hostClass=network hostHash=06b8da9fa0c99ee7 clientProtocol=http/1.1 ca=37670e7f53713d17
09-08 01:51:33.520 10510 12061 I ChromePhotosDataPlane: phase=tls_certificate correlationId=c128 tlsCacheHit=true tlsCacheWaitMs=964.560 tlsCreationMs=0.000
09-08 01:51:33.520 10510 12061 I ChromePhotosDataPlane: phase=tls_material correlationId=c128 tlsMaterialMs=965.144
09-08 01:51:33.540 10510 12076 I ChromePhotosDataPlane: phase=tls_ready correlationId=c130 hostClass=network hostHash=06b8da9fa0c99ee7 clientProtocol=http/1.1 ca=37670e7f53713d17
09-08 01:51:33.548 10510 12038 I ChromePhotosDataPlane: phase=tls_ready correlationId=c126 hostClass=network hostHash=e1bb38766871feb8 clientProtocol=http/1.1 ca=37670e7f53713d17
09-08 01:51:33.549 10510 12061 I ChromePhotosDataPlane: phase=tls_ready correlationId=c128 hostClass=network hostHash=e1bb38766871feb8 clientProtocol=http/1.1 ca=37670e7f53713d17
09-08 01:51:33.976 10510 11413 I ChromePhotosDataPlane: phase=tls_certificate correlationId=c131 tlsCacheHit=false tlsCacheWaitMs=960.583 tlsCreationMs=454.929
09-08 01:51:33.976 10510 11413 I ChromePhotosDataPlane: phase=tls_material correlationId=c131 tlsMaterialMs=1415.948
09-08 01:51:33.976 10510 11449 I ChromePhotosDataPlane: phase=tls_certificate correlationId=c132 tlsCacheHit=true tlsCacheWaitMs=1414.076 tlsCreationMs=0.000
09-08 01:51:33.977 10510 11449 I ChromePhotosDataPlane: phase=tls_material correlationId=c132 tlsMaterialMs=1414.645
09-08 01:51:33.989 10510 11413 I ChromePhotosDataPlane: phase=tls_ready correlationId=c131 hostClass=network hostHash=8c8ca01276b5a685 clientProtocol=http/1.1 ca=37670e7f53713d17
09-08 01:51:34.017 10510 11449 I ChromePhotosDataPlane: phase=tls_ready correlationId=c132 hostClass=network hostHash=8c8ca01276b5a685 clientProtocol=http/1.1 ca=37670e7f53713d17
09-08 01:51:34.697 10510 11437 I ChromePhotosDataPlane: phase=tls_certificate correlationId=c133 tlsCacheHit=false tlsCacheWaitMs=1373.585 tlsCreationMs=720.003
09-08 01:51:34.697 10510 11437 I ChromePhotosDataPlane: phase=tls_material correlationId=c133 tlsMaterialMs=2094.019
09-08 01:51:34.712 10510 11437 I ChromePhotosDataPlane: phase=tls_ready correlationId=c133 hostClass=network hostHash=fc1e48f201e43606 clientProtocol=http/1.1 ca=37670e7f53713d17
09-08 01:51:35.868 10510 11437 I ChromePhotosDataPlane: origin=real hostClass=network hostHash=fc1e48f201e43606 method=POST clientProtocol=http/1.1 upstreamProtocol=h2 status=200 contentType=application/json bytesOut=0 transfer=fixed upstreamHeadersMs=1150.190 downstreamWriteMs=1.903
09-08 01:51:37.484 10510 11936 I ChromePhotosDataPlane: phase=worker_ready correlationId=c134 admissionWaitMs=1.069
09-08 01:51:38.241 10510 11936 I ChromePhotosDataPlane: phase=tls_certificate correlationId=c134 tlsCacheHit=false tlsCacheWaitMs=0.006 tlsCreationMs=689.683
09-08 01:51:38.241 10510 11936 I ChromePhotosDataPlane: phase=tls_material correlationId=c134 tlsMaterialMs=690.157
09-08 01:51:38.258 10510 11936 I ChromePhotosDataPlane: phase=tls_ready correlationId=c134 hostClass=network hostHash=4172597e1d9e2600 clientProtocol=http/1.1 ca=37670e7f53713d17
09-08 01:51:39.112 10510 11936 I ChromePhotosDataPlane: origin=real hostClass=network hostHash=4172597e1d9e2600 method=OPTIONS clientProtocol=http/1.1 upstreamProtocol=h2 status=200 contentType= bytesOut=0 transfer=fixed upstreamHeadersMs=848.321 downstreamWriteMs=1.169
09-08 01:51:39.127 10510 12101 I ChromePhotosDataPlane: phase=worker_ready correlationId=c135 admissionWaitMs=0.443
09-08 01:51:39.140 10510 12101 I ChromePhotosDataPlane: phase=tls_certificate correlationId=c135 tlsCacheHit=true tlsCacheWaitMs=0.006 tlsCreationMs=0.000
09-08 01:51:39.140 10510 12101 I ChromePhotosDataPlane: phase=tls_material correlationId=c135 tlsMaterialMs=0.454
09-08 01:51:39.162 10510 12101 I ChromePhotosDataPlane: phase=tls_ready correlationId=c135 hostClass=network hostHash=4172597e1d9e2600 clientProtocol=http/1.1 ca=37670e7f53713d17
09-08 01:51:39.554 10510 12101 I ChromePhotosDataPlane: origin=real hostClass=network hostHash=4172597e1d9e2600 method=POST clientProtocol=http/1.1 upstreamProtocol=h2 status=200 contentType=text/plain bytesOut=2 transfer=fixed upstreamHeadersMs=386.892 downstreamWriteMs=0.854
09-08 01:51:41.685 10510 11442 I ChromePhotosDataPlane: phase=worker_ready correlationId=c136 admissionWaitMs=0.976
09-08 01:51:42.081 10510 11442 I ChromePhotosDataPlane: phase=tls_certificate correlationId=c136 tlsCacheHit=false tlsCacheWaitMs=0.014 tlsCreationMs=327.725
09-08 01:51:42.081 10510 11442 I ChromePhotosDataPlane: phase=tls_material correlationId=c136 tlsMaterialMs=328.383
09-08 01:51:42.090 10510 11442 I ChromePhotosDataPlane: phase=tls_ready correlationId=c136 hostClass=network hostHash=f5594fab1b035ec0 clientProtocol=http/1.1 ca=37670e7f53713d17
09-08 01:51:42.390 10510 11442 I ChromePhotosDataPlane: origin=real hostClass=network hostHash=f5594fab1b035ec0 method=POST clientProtocol=http/1.1 upstreamProtocol=h2 status=200 contentType=application/json bytesOut=16 transfer=fixed upstreamHeadersMs=296.497 downstreamWriteMs=1.207
09-08 01:52:39.555 10510 11211 I ChromePhotosDataPlane: phase=worker_ready correlationId=c137 admissionWaitMs=0.216
09-08 01:52:39.584 10510 11211 I ChromePhotosDataPlane: phase=tls_certificate correlationId=c137 tlsCacheHit=true tlsCacheWaitMs=0.004 tlsCreationMs=0.000
09-08 01:52:39.584 10510 11211 I ChromePhotosDataPlane: phase=tls_material correlationId=c137 tlsMaterialMs=0.387
09-08 01:52:39.593 10510 11211 I ChromePhotosDataPlane: phase=tls_ready correlationId=c137 hostClass=network hostHash=fb66c9c8cfe48aef clientProtocol=http/1.1 ca=37670e7f53713d17
09-08 01:52:40.443 10510 11211 I ChromePhotosDataPlane: origin=real hostClass=network hostHash=fb66c9c8cfe48aef method=POST clientProtocol=http/1.1 upstreamProtocol=http/1.1 status=204 contentType= bytesOut=0 transfer=fixed upstreamHeadersMs=847.127 downstreamWriteMs=0.441
09-08 01:52:45.194 10510 11175 I ChromePhotosDataPlane: phase=worker_ready correlationId=c138 admissionWaitMs=1.305
09-08 01:52:45.246 10510 11175 I ChromePhotosDataPlane: phase=tls_certificate correlationId=c138 tlsCacheHit=true tlsCacheWaitMs=0.002 tlsCreationMs=0.000
09-08 01:52:45.246 10510 11175 I ChromePhotosDataPlane: phase=tls_material correlationId=c138 tlsMaterialMs=0.348
09-08 01:52:45.267 10510 11175 I ChromePhotosDataPlane: phase=tls_ready correlationId=c138 hostClass=network hostHash=f5594fab1b035ec0 clientProtocol=http/1.1 ca=37670e7f53713d17
09-08 01:52:45.502 10510 11175 I ChromePhotosDataPlane: origin=real hostClass=network hostHash=f5594fab1b035ec0 method=POST clientProtocol=http/1.1 upstreamProtocol=h2 status=200 contentType= bytesOut=0 transfer=fixed upstreamHeadersMs=231.443 downstreamWriteMs=0.358
09-08 01:52:47.453 10510 11484 I ChromePhotosDataPlane: phase=worker_ready correlationId=c139 admissionWaitMs=0.732
09-08 01:52:47.519 10510 11484 I ChromePhotosDataPlane: phase=tls_certificate correlationId=c139 tlsCacheHit=true tlsCacheWaitMs=0.015 tlsCreationMs=0.000
09-08 01:52:47.520 10510 11484 I ChromePhotosDataPlane: phase=tls_material correlationId=c139 tlsMaterialMs=1.071
09-08 01:52:47.552 10510 11484 I ChromePhotosDataPlane: phase=tls_ready correlationId=c139 hostClass=network hostHash=4172597e1d9e2600 clientProtocol=http/1.1 ca=37670e7f53713d17
09-08 01:52:48.684 10510 11484 I ChromePhotosDataPlane: origin=real hostClass=network hostHash=4172597e1d9e2600 method=OPTIONS clientProtocol=http/1.1 upstreamProtocol=h2 status=200 contentType= bytesOut=0 transfer=fixed upstreamHeadersMs=1122.915 downstreamWriteMs=1.701
09-08 01:52:48.698 10510 11284 I ChromePhotosDataPlane: phase=worker_ready correlationId=c140 admissionWaitMs=0.805
09-08 01:52:48.715 10510 11284 I ChromePhotosDataPlane: phase=tls_certificate correlationId=c140 tlsCacheHit=true tlsCacheWaitMs=0.009 tlsCreationMs=0.000
09-08 01:52:48.715 10510 11284 I ChromePhotosDataPlane: phase=tls_material correlationId=c140 tlsMaterialMs=0.943
09-08 01:52:48.743 10510 11284 I ChromePhotosDataPlane: phase=tls_ready correlationId=c140 hostClass=network hostHash=4172597e1d9e2600 clientProtocol=http/1.1 ca=37670e7f53713d17
09-08 01:52:49.193 10510 11284 I ChromePhotosDataPlane: origin=real hostClass=network hostHash=4172597e1d9e2600 method=POST clientProtocol=http/1.1 upstreamProtocol=h2 status=200 contentType=text/plain bytesOut=2 transfer=fixed upstreamHeadersMs=436.944 downstreamWriteMs=2.442
09-08 01:52:51.913 10510 11175 I ChromePhotosDataPlane: origin=real hostClass=network hostHash=f5594fab1b035ec0 method=POST clientProtocol=http/1.1 upstreamProtocol=h2 status=200 contentType=application/json bytesOut=16 transfer=fixed upstreamHeadersMs=238.182 downstreamWriteMs=2.744
09-08 01:52:51.930 10510 11175 W ChromePhotosDataPlane: phase=connection_failed correlationId=c138 error=SocketException
09-08 01:52:57.885 10510 11294 I ChromePhotosDataPlane: phase=worker_ready correlationId=c141 admissionWaitMs=0.529
09-08 01:52:57.941 10510 11281 I ChromePhotosDataPlane: phase=worker_ready correlationId=c142 admissionWaitMs=0.867
09-08 01:52:58.251 10510 11294 I ChromePhotosDataPlane: phase=tls_certificate correlationId=c141 tlsCacheHit=false tlsCacheWaitMs=0.007 tlsCreationMs=350.290
09-08 01:52:58.251 10510 11294 I ChromePhotosDataPlane: phase=tls_material correlationId=c141 tlsMaterialMs=350.697
09-08 01:52:58.252 10510 11281 I ChromePhotosDataPlane: phase=tls_certificate correlationId=c142 tlsCacheHit=true tlsCacheWaitMs=301.798 tlsCreationMs=0.000
09-08 01:52:58.252 10510 11281 I ChromePhotosDataPlane: phase=tls_material correlationId=c142 tlsMaterialMs=302.215
09-08 01:52:58.260 10510 11294 I ChromePhotosDataPlane: phase=tls_ready correlationId=c141 hostClass=fixture hostHash=1c728e158a8cddb0 clientProtocol=http/1.1 ca=37670e7f53713d17
09-08 01:52:58.268 10510 11281 I ChromePhotosDataPlane: phase=tls_ready correlationId=c142 hostClass=fixture hostHash=1c728e158a8cddb0 clientProtocol=http/1.1 ca=37670e7f53713d17
09-08 01:52:58.305 10510 11294 I ChromePhotosDataPlane: phase=media_shield_document origin=fixture resource=fixture-index result=transformed documentSequence=8 navigationSequence=4 token=df6b7e30cc84 bytesOut=118439
09-08 01:52:58.349 10510 11271 I ChromePhotosDataPlane: phase=worker_ready correlationId=c143 admissionWaitMs=0.306
09-08 01:52:58.356 10510 11443 I ChromePhotosDataPlane: phase=worker_ready correlationId=c144 admissionWaitMs=0.448
09-08 01:52:58.366 10510 11294 I ChromePhotosDataPlane: phase=media_shield_ready result=204 bytesOut=0
09-08 01:52:58.375 10510 11294 I ChromePhotosDataPlane: phase=media_shield_ready result=204 bytesOut=0
09-08 01:52:58.384 10510 11294 I ChromePhotosDataPlane: phase=media_shield_ready result=204 bytesOut=0
09-08 01:52:58.406 10510 11993 I ChromePhotosDataPlane: phase=worker_ready correlationId=c145 admissionWaitMs=0.357
09-08 01:52:58.413 10510 11188 I ChromePhotosDataPlane: phase=worker_ready correlationId=c146 admissionWaitMs=0.398
09-08 01:52:58.421 10510 11210 I ChromePhotosDataPlane: phase=worker_ready correlationId=c147 admissionWaitMs=0.670
09-08 01:52:58.424 10510 11422 I ChromePhotosDataPlane: phase=worker_ready correlationId=c148 admissionWaitMs=0.205
09-08 01:52:58.430 10510 11427 I ChromePhotosDataPlane: phase=worker_ready correlationId=c149 admissionWaitMs=0.520
09-08 01:52:58.432 10510 11432 I ChromePhotosDataPlane: phase=worker_ready correlationId=c150 admissionWaitMs=0.257
09-08 01:52:58.440 10510 11460 I ChromePhotosDataPlane: phase=worker_ready correlationId=c151 admissionWaitMs=0.693
09-08 01:52:58.443 10510 11489 I ChromePhotosDataPlane: phase=worker_ready correlationId=c152 admissionWaitMs=0.475
09-08 01:52:58.450 10510 11215 I ChromePhotosDataPlane: phase=worker_ready correlationId=c153 admissionWaitMs=0.254
09-08 01:52:58.458 10510 11294 I ChromePhotosDataPlane: resource=fixture-lease-script origin=fixture_local destination=chrome protocol=http/1.1 method=GET status=200 bytesIn=285 bytesOut=285 decision=passthrough
09-08 01:52:58.462 10510 11498 I ChromePhotosDataPlane: phase=worker_ready correlationId=c154 admissionWaitMs=0.348
09-08 01:52:58.470 10510 11512 I ChromePhotosDataPlane: phase=worker_ready correlationId=c155 admissionWaitMs=1.868
09-08 01:52:58.488 10510 11534 I ChromePhotosDataPlane: phase=worker_ready correlationId=c156 admissionWaitMs=2.748
09-08 01:52:58.504 10510 11599 I ChromePhotosDataPlane: phase=worker_ready correlationId=c157 admissionWaitMs=0.167
09-08 01:52:58.640 10510 11443 I ChromePhotosDataPlane: phase=tls_certificate correlationId=c144 tlsCacheHit=false tlsCacheWaitMs=0.008 tlsCreationMs=246.192
09-08 01:52:58.640 10510 11443 I ChromePhotosDataPlane: phase=tls_material correlationId=c144 tlsMaterialMs=246.725
09-08 01:52:58.650 10510 11443 I ChromePhotosDataPlane: phase=tls_ready correlationId=c144 hostClass=network hostHash=80255870a6218fe0 clientProtocol=http/1.1 ca=37670e7f53713d17
09-08 01:52:58.728 10510 11600 I ChromePhotosDataPlane: phase=worker_ready correlationId=c158 admissionWaitMs=0.788
09-08 01:52:58.825 10510 11529 I ChromePhotosDataPlane: phase=worker_ready correlationId=c159 admissionWaitMs=0.243
09-08 01:52:58.934 10510 11422 I ChromePhotosDataPlane: phase=tls_certificate correlationId=c148 tlsCacheHit=false tlsCacheWaitMs=188.088 tlsCreationMs=293.808
09-08 01:52:58.934 10510 11422 I ChromePhotosDataPlane: phase=tls_material correlationId=c148 tlsMaterialMs=482.883
09-08 01:52:58.934 10510 11534 I ChromePhotosDataPlane: phase=tls_certificate correlationId=c156 tlsCacheHit=true tlsCacheWaitMs=438.878 tlsCreationMs=0.000
09-08 01:52:58.934 10510 11534 I ChromePhotosDataPlane: phase=tls_material correlationId=c156 tlsMaterialMs=439.335
09-08 01:52:58.943 10510 11422 I ChromePhotosDataPlane: phase=tls_ready correlationId=c148 hostClass=network hostHash=1f6baa4a359d00da clientProtocol=http/1.1 ca=37670e7f53713d17
09-08 01:52:58.945 10510 11534 I ChromePhotosDataPlane: phase=tls_ready correlationId=c156 hostClass=fixture hostHash=1c728e158a8cddb0 clientProtocol=http/1.1 ca=37670e7f53713d17
09-08 01:52:58.977 10510 11900 I ChromePhotosDataPlane: phase=worker_ready correlationId=c160 admissionWaitMs=0.235
09-08 01:52:59.106 10510 11210 I ChromePhotosDataPlane: phase=tls_certificate correlationId=c147 tlsCacheHit=false tlsCacheWaitMs=421.167 tlsCreationMs=171.642
09-08 01:52:59.106 10510 11210 I ChromePhotosDataPlane: phase=tls_material correlationId=c147 tlsMaterialMs=593.132
09-08 01:52:59.115 10510 11210 I ChromePhotosDataPlane: phase=tls_ready correlationId=c147 hostClass=network hostHash=3aeb002460381c6f clientProtocol=http/1.1 ca=37670e7f53713d17
09-08 01:52:59.117 10510 11534 I ChromePhotosDataPlane: phase=presentation_ready fixture=visible heartbeat=fresh failSafe=armed
09-08 01:52:59.322 10510 11443 I ChromePhotosDataPlane: origin=real hostClass=network hostHash=80255870a6218fe0 method=GET clientProtocol=http/1.1 upstreamProtocol=h2 status=200 contentType=image/webp bytesIn=30320 bytesOut=30320 cache=miss decision=safe reason=model_allow source=engine probability=0.006820023 basis=None decodeMs=351.557 inferenceMs=156.790 inferenceQueueMs=0.169 localDecisionMs=509.348  bodyAdmissionMs=0.051 bodyReadMs=18.744 hashMs=0.227 requestToDeliveryMs=671.254 upstreamHeadersMs=132.773 sanitizeMs=533.610 downstreamWriteMs=3.474
09-08 01:52:59.611 10510 11498 I ChromePhotosDataPlane: phase=tls_certificate correlationId=c154 tlsCacheHit=false tlsCacheWaitMs=572.234 tlsCreationMs=505.193
09-08 01:52:59.612 10510 11498 I ChromePhotosDataPlane: phase=tls_material correlationId=c154 tlsMaterialMs=1077.870
09-08 01:52:59.621 10510 11498 I ChromePhotosDataPlane: phase=tls_ready correlationId=c154 hostClass=network hostHash=7ffe8698ca81d914 clientProtocol=http/1.1 ca=37670e7f53713d17
09-08 01:52:59.688 10510 11210 I ChromePhotosDataPlane: origin=real hostClass=network hostHash=3aeb002460381c6f method=GET clientProtocol=http/1.1 upstreamProtocol=h2 status=302 contentType= bytesIn=0 bytesOut=0 cache=miss decision=passthrough   requestToDeliveryMs=572.423 upstreamHeadersMs=568.961 sanitizeMs=0.813 downstreamWriteMs=0.782
09-08 01:52:59.795 10510 11498 I ChromePhotosDataPlane: origin=real hostClass=network hostHash=7ffe8698ca81d914 method=GET clientProtocol=http/1.1 upstreamProtocol=h2 status=200 contentType=image/png bytesIn=42 bytesOut=704 cache=miss decision=unknown reason=unsupported_gif source=error probability=-1.0 basis=none decodeMs=0.000 inferenceMs=0.000 inferenceQueueMs=0.000 localDecisionMs=0.000  bodyAdmissionMs=0.031 bodyReadMs=0.644 requestToDeliveryMs=173.459 upstreamHeadersMs=171.071 sanitizeMs=1.001 downstreamWriteMs=0.461
09-08 01:52:59.891 10510 11215 I ChromePhotosDataPlane: phase=tls_certificate correlationId=c153 tlsCacheHit=false tlsCacheWaitMs=1076.959 tlsCreationMs=279.373
09-08 01:52:59.891 10510 11215 I ChromePhotosDataPlane: phase=tls_material correlationId=c153 tlsMaterialMs=1356.924
09-08 01:52:59.910 10510 11215 I ChromePhotosDataPlane: phase=tls_ready correlationId=c153 hostClass=network hostHash=505bd18b6650e44b clientProtocol=http/1.1 ca=37670e7f53713d17
09-08 01:53:00.025 10510 11422 I ChromePhotosDataPlane: origin=real hostClass=network hostHash=1f6baa4a359d00da method=GET clientProtocol=http/1.1 upstreamProtocol=h2 status=200 contentType=image/avif bytesIn=28133 bytesOut=28133 cache=miss decision=safe reason=model_allow source=engine probability=0.0050848126 basis=None decodeMs=418.636 inferenceMs=142.676 inferenceQueueMs=0.139 localDecisionMs=562.721  bodyAdmissionMs=0.095 bodyReadMs=4.155 hashMs=0.824 requestToDeliveryMs=1081.314 upstreamHeadersMs=507.284 sanitizeMs=568.512 downstreamWriteMs=2.071
09-08 01:53:00.034 10510 11626 I ChromePhotosDataPlane: phase=worker_ready correlationId=c161 admissionWaitMs=0.306
09-08 01:53:00.061 10510 11215 I ChromePhotosDataPlane: origin=real hostClass=network hostHash=505bd18b6650e44b method=POST clientProtocol=http/1.1 upstreamProtocol=h2 status=204 contentType=text/plain bytesOut=0 transfer=fixed upstreamHeadersMs=145.968 downstreamWriteMs=0.440
09-08 01:53:00.102 10510 11422 I ChromePhotosDataPlane: origin=real hostClass=network hostHash=1f6baa4a359d00da method=GET clientProtocol=http/1.1 upstreamProtocol=h2 status=200 contentType=image/avif bytesIn=28133 bytesOut=28133 cache=hit decision=safe reason=model_allow source=cache probability=0.0050848126 basis=None decodeMs=0.000 inferenceMs=0.000 inferenceQueueMs=0.000 localDecisionMs=0.072  bodyAdmissionMs=0.036 bodyReadMs=2.962 hashMs=0.543 requestToDeliveryMs=40.639 upstreamHeadersMs=31.984 sanitizeMs=4.703 downstreamWriteMs=1.354
09-08 01:53:00.328 10510 11599 I ChromePhotosDataPlane: phase=tls_certificate correlationId=c157 tlsCacheHit=false tlsCacheWaitMs=1350.327 tlsCreationMs=436.004
09-08 01:53:00.328 10510 11599 I ChromePhotosDataPlane: phase=tls_material correlationId=c157 tlsMaterialMs=1786.803
09-08 01:53:00.337 10510 11599 I ChromePhotosDataPlane: phase=tls_ready correlationId=c157 hostClass=network hostHash=fc1e48f201e43606 clientProtocol=http/1.1 ca=37670e7f53713d17
09-08 01:53:00.513 10510 11460 I ChromePhotosDataPlane: phase=tls_certificate correlationId=c151 tlsCacheHit=false tlsCacheWaitMs=1785.536 tlsCreationMs=184.562
09-08 01:53:00.513 10510 11460 I ChromePhotosDataPlane: phase=tls_material correlationId=c151 tlsMaterialMs=1970.569
09-08 01:53:00.514 10510 11432 I ChromePhotosDataPlane: phase=tls_certificate correlationId=c150 tlsCacheHit=true tlsCacheWaitMs=1969.732 tlsCreationMs=0.000
09-08 01:53:00.514 10510 11432 I ChromePhotosDataPlane: phase=tls_material correlationId=c150 tlsMaterialMs=1970.528
09-08 01:53:00.515 10510 11427 I ChromePhotosDataPlane: phase=tls_certificate correlationId=c149 tlsCacheHit=true tlsCacheWaitMs=1968.988 tlsCreationMs=0.000
09-08 01:53:00.515 10510 11427 I ChromePhotosDataPlane: phase=tls_material correlationId=c149 tlsMaterialMs=1969.632
09-08 01:53:00.519 10510 11489 I ChromePhotosDataPlane: phase=tls_certificate correlationId=c152 tlsCacheHit=true tlsCacheWaitMs=1971.045 tlsCreationMs=0.000
09-08 01:53:00.519 10510 11489 I ChromePhotosDataPlane: phase=tls_material correlationId=c152 tlsMaterialMs=1971.808
09-08 01:53:00.528 10510 11460 I ChromePhotosDataPlane: phase=tls_ready correlationId=c151 hostClass=network hostHash=466884c463494e8a clientProtocol=http/1.1 ca=37670e7f53713d17
09-08 01:53:00.552 10510 11427 I ChromePhotosDataPlane: phase=tls_ready correlationId=c149 hostClass=network hostHash=466884c463494e8a clientProtocol=http/1.1 ca=37670e7f53713d17
09-08 01:53:00.566 10510 11489 I ChromePhotosDataPlane: phase=tls_ready correlationId=c152 hostClass=network hostHash=466884c463494e8a clientProtocol=http/1.1 ca=37670e7f53713d17
09-08 01:53:00.576 10510 11432 I ChromePhotosDataPlane: phase=tls_ready correlationId=c150 hostClass=network hostHash=466884c463494e8a clientProtocol=http/1.1 ca=37670e7f53713d17
09-08 01:53:00.971 10510 11512 I ChromePhotosDataPlane: phase=tls_certificate correlationId=c155 tlsCacheHit=false tlsCacheWaitMs=1967.097 tlsCreationMs=451.741
09-08 01:53:00.971 10510 11512 I ChromePhotosDataPlane: phase=tls_material correlationId=c155 tlsMaterialMs=2419.414
09-08 01:53:00.989 10510 11512 I ChromePhotosDataPlane: phase=tls_ready correlationId=c155 hostClass=network hostHash=f5594fab1b035ec0 clientProtocol=http/1.1 ca=37670e7f53713d17
09-08 01:53:01.163 10510 11188 I ChromePhotosDataPlane: phase=tls_certificate correlationId=c146 tlsCacheHit=false tlsCacheWaitMs=2270.596 tlsCreationMs=190.541
09-08 01:53:01.163 10510 11188 I ChromePhotosDataPlane: phase=tls_material correlationId=c146 tlsMaterialMs=2461.711
09-08 01:53:01.165 10510 11271 I ChromePhotosDataPlane: phase=tls_certificate correlationId=c143 tlsCacheHit=true tlsCacheWaitMs=2463.109 tlsCreationMs=0.000
09-08 01:53:01.165 10510 11271 I ChromePhotosDataPlane: phase=tls_material correlationId=c143 tlsMaterialMs=2463.686
09-08 01:53:01.166 10510 11993 I ChromePhotosDataPlane: phase=tls_certificate correlationId=c145 tlsCacheHit=true tlsCacheWaitMs=2461.819 tlsCreationMs=0.000
09-08 01:53:01.166 10510 11993 I ChromePhotosDataPlane: phase=tls_material correlationId=c145 tlsMaterialMs=2462.651
09-08 01:53:01.171 10510 11600 I ChromePhotosDataPlane: phase=tls_certificate correlationId=c158 tlsCacheHit=true tlsCacheWaitMs=2438.336 tlsCreationMs=0.000
09-08 01:53:01.171 10510 11529 I ChromePhotosDataPlane: phase=tls_certificate correlationId=c159 tlsCacheHit=true tlsCacheWaitMs=2343.207 tlsCreationMs=0.000
09-08 01:53:01.171 10510 11529 I ChromePhotosDataPlane: phase=tls_material correlationId=c159 tlsMaterialMs=2343.436
09-08 01:53:01.171 10510 11600 I ChromePhotosDataPlane: phase=tls_material correlationId=c158 tlsMaterialMs=2439.052
09-08 01:53:01.172 10510 11900 I ChromePhotosDataPlane: phase=tls_certificate correlationId=c160 tlsCacheHit=true tlsCacheWaitMs=2191.095 tlsCreationMs=0.000
09-08 01:53:01.172 10510 11900 I ChromePhotosDataPlane: phase=tls_material correlationId=c160 tlsMaterialMs=2191.305
09-08 01:53:01.189 10510 11900 I ChromePhotosDataPlane: phase=tls_ready correlationId=c160 hostClass=fixture hostHash=1c728e158a8cddb0 clientProtocol=http/1.1 ca=37670e7f53713d17
09-08 01:53:01.193 10510 11529 I ChromePhotosDataPlane: phase=tls_ready correlationId=c159 hostClass=network hostHash=fc1e48f201e43606 clientProtocol=http/1.1 ca=37670e7f53713d17
09-08 01:53:01.195 10510 11188 I ChromePhotosDataPlane: phase=tls_ready correlationId=c146 hostClass=network hostHash=9b0ff8cd24a50ec9 clientProtocol=http/1.1 ca=37670e7f53713d17
09-08 01:53:01.201 10510 11600 I ChromePhotosDataPlane: phase=tls_ready correlationId=c158 hostClass=fixture hostHash=1c728e158a8cddb0 clientProtocol=http/1.1 ca=37670e7f53713d17
09-08 01:53:01.201 10510 11427 I ChromePhotosDataPlane: origin=real hostClass=network hostHash=466884c463494e8a method=GET clientProtocol=http/1.1 upstreamProtocol=h2 status=200 contentType=image/jpeg bytesIn=837774 bytesOut=837774 cache=miss decision=safe reason=model_allow source=engine probability=0.0482603 basis=None decodeMs=49.530 inferenceMs=141.642 inferenceQueueMs=0.344 localDecisionMs=196.744  bodyAdmissionMs=0.045 bodyReadMs=164.369 hashMs=4.549 requestToDeliveryMs=646.899 upstreamHeadersMs=248.745 sanitizeMs=366.686 downstreamWriteMs=7.402
09-08 01:53:01.208 10510 11271 I ChromePhotosDataPlane: phase=tls_ready correlationId=c143 hostClass=network hostHash=9b0ff8cd24a50ec9 clientProtocol=http/1.1 ca=37670e7f53713d17
09-08 01:53:01.209 10510 11993 I ChromePhotosDataPlane: phase=tls_ready correlationId=c145 hostClass=network hostHash=9b0ff8cd24a50ec9 clientProtocol=http/1.1 ca=37670e7f53713d17
09-08 01:53:01.324 10510 11599 I ChromePhotosDataPlane: origin=real hostClass=network hostHash=fc1e48f201e43606 method=POST clientProtocol=http/1.1 upstreamProtocol=h2 status=200 contentType=application/json bytesOut=0 transfer=fixed upstreamHeadersMs=985.760 downstreamWriteMs=0.398
09-08 01:53:01.390 10510 11512 I ChromePhotosDataPlane: origin=real hostClass=network hostHash=f5594fab1b035ec0 method=POST clientProtocol=http/1.1 upstreamProtocol=h2 status=200 contentType=application/json bytesOut=16 transfer=fixed upstreamHeadersMs=395.297 downstreamWriteMs=0.574
09-08 01:53:01.432 10510 11432 I ChromePhotosDataPlane: origin=real hostClass=network hostHash=466884c463494e8a method=GET clientProtocol=http/1.1 upstreamProtocol=h2 status=200 contentType=image/png bytesIn=1452444 bytesOut=704 cache=miss decision=unknown reason=unsafe_dimensions source=engine probability=-1.0 basis=none decodeMs=7.094 inferenceMs=0.000 inferenceQueueMs=207.705 localDecisionMs=215.065  bodyAdmissionMs=369.460 bodyReadMs=32.469 hashMs=1.334 requestToDeliveryMs=854.034 upstreamHeadersMs=228.763 sanitizeMs=618.944 downstreamWriteMs=1.722
09-08 01:53:01.477 10510 11626 I ChromePhotosDataPlane: phase=tls_certificate correlationId=c161 tlsCacheHit=false tlsCacheWaitMs=1127.971 tlsCreationMs=304.919
09-08 01:53:01.477 10510 11626 I ChromePhotosDataPlane: phase=tls_material correlationId=c161 tlsMaterialMs=1433.296
09-08 01:53:01.487 10510 11626 I ChromePhotosDataPlane: phase=tls_ready correlationId=c161 hostClass=network hostHash=1f6baa4a359d00da clientProtocol=http/1.1 ca=37670e7f53713d17
09-08 01:53:01.489 10510 11460 I ChromePhotosDataPlane: origin=real hostClass=network hostHash=466884c463494e8a method=GET clientProtocol=http/1.1 upstreamProtocol=h2 status=200 contentType=image/jpeg bytesIn=3403942 bytesOut=3403942 cache=miss decision=safe reason=model_allow source=engine probability=0.037037224 basis=None decodeMs=88.674 inferenceMs=130.709 inferenceQueueMs=0.095 localDecisionMs=223.561  bodyAdmissionMs=0.028 bodyReadMs=547.440 hashMs=5.814 requestToDeliveryMs=959.519 upstreamHeadersMs=114.278 sanitizeMs=777.630 downstreamWriteMs=51.388
09-08 01:53:01.511 10510 11529 I ChromePhotosDataPlane: origin=real hostClass=network hostHash=fc1e48f201e43606 method=POST clientProtocol=http/1.1 upstreamProtocol=h2 status=200 contentType=application/json bytesOut=0 transfer=fixed upstreamHeadersMs=295.854 downstreamWriteMs=0.987
09-08 01:53:01.718 10510 11489 I ChromePhotosDataPlane: origin=real hostClass=network hostHash=466884c463494e8a method=GET clientProtocol=http/1.1 upstreamProtocol=h2 status=200 contentType=image/jpeg bytesIn=2372694 bytesOut=2372694 cache=miss decision=safe reason=model_allow source=engine probability=0.05782932 basis=None decodeMs=66.956 inferenceMs=129.202 inferenceQueueMs=0.271 localDecisionMs=199.793  bodyAdmissionMs=611.443 bodyReadMs=35.998 hashMs=5.170 requestToDeliveryMs=1142.387 upstreamHeadersMs=231.545 sanitizeMs=854.213 downstreamWriteMs=36.107
09-08 01:53:02.252 10510 11993 I ChromePhotosDataPlane: origin=real hostClass=network hostHash=9b0ff8cd24a50ec9 method=GET clientProtocol=http/1.1 upstreamProtocol=h2 status=200 contentType=image/webp bytesIn=10568 bytesOut=10568 cache=miss decision=safe reason=model_allow source=engine probability=0.032659233 basis=None decodeMs=10.029 inferenceMs=130.037 inferenceQueueMs=0.239 localDecisionMs=141.220  bodyAdmissionMs=0.058 bodyReadMs=44.816 hashMs=0.839 requestToDeliveryMs=1033.994 upstreamHeadersMs=830.954 sanitizeMs=197.316 downstreamWriteMs=1.668
09-08 01:53:02.389 10510 11188 I ChromePhotosDataPlane: origin=real hostClass=network hostHash=9b0ff8cd24a50ec9 method=GET clientProtocol=http/1.1 upstreamProtocol=h2 status=200 contentType=image/png bytesIn=8090 bytesOut=8090 cache=miss decision=safe reason=model_allow source=engine probability=0.018158317 basis=None decodeMs=2.682 inferenceMs=132.061 inferenceQueueMs=115.388 localDecisionMs=250.950  bodyAdmissionMs=0.070 bodyReadMs=29.771 hashMs=1.099 requestToDeliveryMs=1175.745 upstreamHeadersMs=882.430 sanitizeMs=285.999 downstreamWriteMs=2.149
09-08 01:53:02.521 10510 11271 I ChromePhotosDataPlane: origin=real hostClass=network hostHash=9b0ff8cd24a50ec9 method=GET clientProtocol=http/1.1 upstreamProtocol=h2 status=200 contentType=image/jpeg bytesIn=35588 bytesOut=35588 cache=miss decision=safe reason=model_allow source=engine probability=0.042280197 basis=None decodeMs=3.229 inferenceMs=129.382 inferenceQueueMs=31.718 localDecisionMs=165.286  bodyAdmissionMs=41.844 bodyReadMs=101.008 hashMs=1.285 requestToDeliveryMs=1306.462 upstreamHeadersMs=989.306 sanitizeMs=310.131 downstreamWriteMs=3.187
09-08 01:57:20.658 10510 11672 I ChromePhotosDataPlane: phase=worker_ready correlationId=c162 admissionWaitMs=0.589
09-08 01:57:20.669 10510 11672 I ChromePhotosDataPlane: phase=tls_certificate correlationId=c162 tlsCacheHit=true tlsCacheWaitMs=0.004 tlsCreationMs=0.000
09-08 01:57:20.669 10510 11672 I ChromePhotosDataPlane: phase=tls_material correlationId=c162 tlsMaterialMs=0.217
09-08 01:57:20.684 10510 11672 I ChromePhotosDataPlane: phase=tls_ready correlationId=c162 hostClass=fixture hostHash=1c728e158a8cddb0 clientProtocol=http/1.1 ca=37670e7f53713d17
09-08 01:57:20.691 10510 11862 I ChromePhotosDataPlane: phase=worker_ready correlationId=c163 admissionWaitMs=0.360
09-08 01:57:20.700 10510 11862 I ChromePhotosDataPlane: phase=tls_certificate correlationId=c163 tlsCacheHit=true tlsCacheWaitMs=0.007 tlsCreationMs=0.000
09-08 01:57:20.700 10510 11862 I ChromePhotosDataPlane: phase=tls_material correlationId=c163 tlsMaterialMs=0.442
09-08 01:57:20.713 10510 11862 I ChromePhotosDataPlane: phase=tls_ready correlationId=c163 hostClass=fixture hostHash=1c728e158a8cddb0 clientProtocol=http/1.1 ca=37670e7f53713d17
09-08 01:57:20.734 10510 11672 I ChromePhotosDataPlane: phase=media_shield_document origin=fixture resource=fixture-index result=transformed documentSequence=9 navigationSequence=5 token=a106a742157b bytesOut=118439
09-08 01:57:20.760 10510 12004 I ChromePhotosDataPlane: phase=worker_ready correlationId=c164 admissionWaitMs=0.389
09-08 01:57:20.768 10510 11893 I ChromePhotosDataPlane: phase=worker_ready correlationId=c165 admissionWaitMs=0.513
09-08 01:57:20.786 10510 12004 I ChromePhotosDataPlane: phase=tls_certificate correlationId=c164 tlsCacheHit=true tlsCacheWaitMs=0.007 tlsCreationMs=0.000
09-08 01:57:20.787 10510 12004 I ChromePhotosDataPlane: phase=tls_material correlationId=c164 tlsMaterialMs=0.862
09-08 01:57:20.790 10510 11672 I ChromePhotosDataPlane: phase=media_shield_ready result=204 bytesOut=0
09-08 01:57:20.797 10510 11672 I ChromePhotosDataPlane: phase=media_shield_ready result=204 bytesOut=0
09-08 01:57:20.802 10510 11672 I ChromePhotosDataPlane: phase=media_shield_ready result=204 bytesOut=0
09-08 01:57:20.810 10510 12004 I ChromePhotosDataPlane: phase=tls_ready correlationId=c164 hostClass=network hostHash=9b0ff8cd24a50ec9 clientProtocol=http/1.1 ca=37670e7f53713d17
09-08 01:57:20.815 10510 12045 I ChromePhotosDataPlane: phase=worker_ready correlationId=c166 admissionWaitMs=0.436
09-08 01:57:20.827 10510 11174 I ChromePhotosDataPlane: phase=worker_ready correlationId=c167 admissionWaitMs=1.245
09-08 01:57:20.829 10510 11518 I ChromePhotosDataPlane: phase=worker_ready correlationId=c168 admissionWaitMs=0.467
09-08 01:57:20.834 10510 11537 I ChromePhotosDataPlane: phase=worker_ready correlationId=c169 admissionWaitMs=0.220
09-08 01:57:20.844 10510 11923 I ChromePhotosDataPlane: phase=worker_ready correlationId=c170 admissionWaitMs=1.357
09-08 01:57:20.850 10510 11929 I ChromePhotosDataPlane: phase=worker_ready correlationId=c171 admissionWaitMs=4.519
09-08 01:57:20.850 10510 12078 I ChromePhotosDataPlane: phase=worker_ready correlationId=c173 admissionWaitMs=0.374
09-08 01:57:20.850 10510 11232 I ChromePhotosDataPlane: phase=worker_ready correlationId=c172 admissionWaitMs=2.360
09-08 01:57:20.857 10510 11672 I ChromePhotosDataPlane: resource=fixture-lease-script origin=fixture_local destination=chrome protocol=http/1.1 method=GET status=200 bytesIn=285 bytesOut=285 decision=passthrough
09-08 01:57:21.083 10510 11893 I ChromePhotosDataPlane: phase=tls_certificate correlationId=c165 tlsCacheHit=false tlsCacheWaitMs=0.003 tlsCreationMs=268.879
09-08 01:57:21.083 10510 11893 I ChromePhotosDataPlane: phase=tls_material correlationId=c165 tlsMaterialMs=269.209
09-08 01:57:21.083 10510 12045 I ChromePhotosDataPlane: phase=tls_certificate correlationId=c166 tlsCacheHit=true tlsCacheWaitMs=263.756 tlsCreationMs=0.000
09-08 01:57:21.083 10510 12045 I ChromePhotosDataPlane: phase=tls_material correlationId=c166 tlsMaterialMs=263.869
09-08 01:57:21.084 10510 11174 I ChromePhotosDataPlane: phase=tls_certificate correlationId=c167 tlsCacheHit=true tlsCacheWaitMs=250.860 tlsCreationMs=0.000
09-08 01:57:21.084 10510 11174 I ChromePhotosDataPlane: phase=tls_material correlationId=c167 tlsMaterialMs=251.480
09-08 01:57:21.092 10510 12045 I ChromePhotosDataPlane: phase=tls_ready correlationId=c166 hostClass=network hostHash=9b0ff8cd24a50ec9 clientProtocol=http/1.1 ca=37670e7f53713d17
09-08 01:57:21.094 10510 11893 I ChromePhotosDataPlane: phase=tls_ready correlationId=c165 hostClass=network hostHash=80255870a6218fe0 clientProtocol=http/1.1 ca=37670e7f53713d17
09-08 01:57:21.120 10510 11174 I ChromePhotosDataPlane: phase=tls_ready correlationId=c167 hostClass=network hostHash=9b0ff8cd24a50ec9 clientProtocol=http/1.1 ca=37670e7f53713d17
09-08 01:57:21.150 10510 12004 I ChromePhotosDataPlane: origin=real hostClass=network hostHash=9b0ff8cd24a50ec9 method=GET clientProtocol=http/1.1 upstreamProtocol=h2 status=200 contentType=image/png bytesIn=8090 bytesOut=8090 cache=hit decision=safe reason=model_allow source=cache probability=0.018158317 basis=None decodeMs=0.000 inferenceMs=0.000 inferenceQueueMs=0.000 localDecisionMs=0.055  bodyAdmissionMs=0.059 bodyReadMs=28.512 hashMs=0.401 requestToDeliveryMs=338.813 upstreamHeadersMs=305.634 sanitizeMs=30.688 downstreamWriteMs=0.625
09-08 01:57:21.383 10510 11893 I ChromePhotosDataPlane: origin=real hostClass=network hostHash=80255870a6218fe0 method=GET clientProtocol=http/1.1 upstreamProtocol=h2 status=200 contentType=image/webp bytesIn=30320 bytesOut=30320 cache=hit decision=safe reason=model_allow source=cache probability=0.006820023 basis=None decodeMs=0.000 inferenceMs=0.000 inferenceQueueMs=0.000 localDecisionMs=0.076  bodyAdmissionMs=0.023 bodyReadMs=49.409 hashMs=0.554 requestToDeliveryMs=287.820 upstreamHeadersMs=206.178 sanitizeMs=77.328 downstreamWriteMs=1.631
09-08 01:57:21.571 10510 12045 I ChromePhotosDataPlane: origin=real hostClass=network hostHash=9b0ff8cd24a50ec9 method=GET clientProtocol=http/1.1 upstreamProtocol=h2 status=200 contentType=image/jpeg bytesIn=35588 bytesOut=35588 cache=hit decision=safe reason=model_allow source=cache probability=0.042280197 basis=None decodeMs=0.000 inferenceMs=0.000 inferenceQueueMs=0.000 localDecisionMs=0.073  bodyAdmissionMs=0.019 bodyReadMs=95.109 hashMs=0.910 requestToDeliveryMs=478.441 upstreamHeadersMs=374.101 sanitizeMs=96.603 downstreamWriteMs=3.348
09-08 01:57:21.696 10510 11174 I ChromePhotosDataPlane: origin=real hostClass=network hostHash=9b0ff8cd24a50ec9 method=GET clientProtocol=http/1.1 upstreamProtocol=h2 status=200 contentType=image/webp bytesIn=10568 bytesOut=10568 cache=hit decision=safe reason=model_allow source=cache probability=0.032659233 basis=None decodeMs=0.000 inferenceMs=0.000 inferenceQueueMs=0.000 localDecisionMs=0.114  bodyAdmissionMs=0.054 bodyReadMs=25.173 hashMs=5.878 requestToDeliveryMs=574.244 upstreamHeadersMs=516.375 sanitizeMs=52.412 downstreamWriteMs=1.391
09-08 01:57:21.977 10510 11518 I ChromePhotosDataPlane: phase=tls_certificate correlationId=c168 tlsCacheHit=false tlsCacheWaitMs=204.971 tlsCreationMs=892.662
09-08 01:57:21.978 10510 11518 I ChromePhotosDataPlane: phase=tls_material correlationId=c168 tlsMaterialMs=1098.023
09-08 01:57:21.978 10510 11537 I ChromePhotosDataPlane: phase=tls_certificate correlationId=c169 tlsCacheHit=true tlsCacheWaitMs=1090.299 tlsCreationMs=0.000
09-08 01:57:21.978 10510 11537 I ChromePhotosDataPlane: phase=tls_material correlationId=c169 tlsMaterialMs=1090.561
09-08 01:57:21.984 10510 12078 I ChromePhotosDataPlane: phase=tls_certificate correlationId=c173 tlsCacheHit=true tlsCacheWaitMs=985.333 tlsCreationMs=0.000
09-08 01:57:21.984 10510 12078 I ChromePhotosDataPlane: phase=tls_material correlationId=c173 tlsMaterialMs=985.599
09-08 01:57:21.986 10510 11232 I ChromePhotosDataPlane: phase=tls_certificate correlationId=c172 tlsCacheHit=true tlsCacheWaitMs=985.946 tlsCreationMs=0.000
09-08 01:57:21.986 10510 11232 I ChromePhotosDataPlane: phase=tls_material correlationId=c172 tlsMaterialMs=987.108
09-08 01:57:21.987 10510 11929 I ChromePhotosDataPlane: phase=tls_certificate correlationId=c171 tlsCacheHit=true tlsCacheWaitMs=984.408 tlsCreationMs=0.000
09-08 01:57:21.987 10510 11929 I ChromePhotosDataPlane: phase=tls_material correlationId=c171 tlsMaterialMs=985.133
09-08 01:57:21.991 10510 11537 I ChromePhotosDataPlane: phase=tls_ready correlationId=c169 hostClass=network hostHash=1f6baa4a359d00da clientProtocol=http/1.1 ca=37670e7f53713d17
09-08 01:57:21.995 10510 11923 I ChromePhotosDataPlane: phase=tls_certificate correlationId=c170 tlsCacheHit=true tlsCacheWaitMs=984.126 tlsCreationMs=0.000
09-08 01:57:21.995 10510 11923 I ChromePhotosDataPlane: phase=tls_material correlationId=c170 tlsMaterialMs=984.881
09-08 01:57:21.995 10510 12078 I ChromePhotosDataPlane: phase=tls_ready correlationId=c173 hostClass=network hostHash=466884c463494e8a clientProtocol=http/1.1 ca=37670e7f53713d17
09-08 01:57:21.996 10510 11518 I ChromePhotosDataPlane: phase=tls_ready correlationId=c168 hostClass=network hostHash=3aeb002460381c6f clientProtocol=http/1.1 ca=37670e7f53713d17
09-08 01:57:22.010 10510 11232 I ChromePhotosDataPlane: phase=tls_ready correlationId=c172 hostClass=network hostHash=466884c463494e8a clientProtocol=http/1.1 ca=37670e7f53713d17
09-08 01:57:22.015 10510 11923 I ChromePhotosDataPlane: phase=tls_ready correlationId=c170 hostClass=network hostHash=466884c463494e8a clientProtocol=http/1.1 ca=37670e7f53713d17
09-08 01:57:22.016 10510 11929 I ChromePhotosDataPlane: phase=tls_ready correlationId=c171 hostClass=network hostHash=466884c463494e8a clientProtocol=http/1.1 ca=37670e7f53713d17
09-08 01:57:22.334 10510 11537 I ChromePhotosDataPlane: origin=real hostClass=network hostHash=1f6baa4a359d00da method=GET clientProtocol=http/1.1 upstreamProtocol=h2 status=200 contentType=image/avif bytesIn=28133 bytesOut=28133 cache=hit decision=safe reason=model_allow source=cache probability=0.0050848126 basis=None decodeMs=0.000 inferenceMs=0.000 inferenceQueueMs=0.000 localDecisionMs=0.100  bodyAdmissionMs=0.037 bodyReadMs=24.305 hashMs=1.251 requestToDeliveryMs=335.848 upstreamHeadersMs=301.970 sanitizeMs=26.614 downstreamWriteMs=2.789
09-08 01:57:22.597 10510 11518 I ChromePhotosDataPlane: origin=real hostClass=network hostHash=3aeb002460381c6f method=GET clientProtocol=http/1.1 upstreamProtocol=h2 status=302 contentType= bytesIn=0 bytesOut=0 cache=miss decision=passthrough   requestToDeliveryMs=596.458 upstreamHeadersMs=595.192 sanitizeMs=0.199 downstreamWriteMs=0.273
09-08 01:57:22.654 10510 11232 I ChromePhotosDataPlane: origin=real hostClass=network hostHash=466884c463494e8a method=GET clientProtocol=http/1.1 upstreamProtocol=h2 status=200 contentType=image/jpeg bytesIn=837774 bytesOut=837774 cache=hit decision=safe reason=model_allow source=cache probability=0.0482603 basis=None decodeMs=0.000 inferenceMs=0.000 inferenceQueueMs=0.000 localDecisionMs=0.053  bodyAdmissionMs=0.063 bodyReadMs=361.632 hashMs=1.718 requestToDeliveryMs=640.322 upstreamHeadersMs=249.474 sanitizeMs=369.753 downstreamWriteMs=17.298
09-08 01:57:22.811 10510 11923 I ChromePhotosDataPlane: origin=real hostClass=network hostHash=466884c463494e8a method=GET clientProtocol=http/1.1 upstreamProtocol=h2 status=200 contentType=image/png bytesIn=1452444 bytesOut=704 cache=hit decision=unknown reason=unsafe_dimensions source=cache probability=-1.0 basis=none decodeMs=0.000 inferenceMs=0.000 inferenceQueueMs=0.000 localDecisionMs=0.080  bodyAdmissionMs=268.873 bodyReadMs=22.715 hashMs=3.948 requestToDeliveryMs=793.237 upstreamHeadersMs=492.256 sanitizeMs=296.446 downstreamWriteMs=1.659
09-08 01:57:22.816 10510 11537 I ChromePhotosDataPlane: origin=real hostClass=network hostHash=1f6baa4a359d00da method=GET clientProtocol=http/1.1 upstreamProtocol=h2 status=200 contentType=image/avif bytesIn=28133 bytesOut=28133 cache=hit decision=safe reason=model_allow source=cache probability=0.0050848126 basis=None decodeMs=0.000 inferenceMs=0.000 inferenceQueueMs=0.000 localDecisionMs=0.060  bodyAdmissionMs=125.959 bodyReadMs=0.772 hashMs=0.733 requestToDeliveryMs=207.635 upstreamHeadersMs=72.825 sanitizeMs=128.298 downstreamWriteMs=2.657
09-08 01:57:22.817 10510 11929 I ChromePhotosDataPlane: origin=real hostClass=network hostHash=466884c463494e8a method=GET clientProtocol=http/1.1 upstreamProtocol=h2 status=200 contentType=image/jpeg bytesIn=2372694 bytesOut=2372694 cache=hit decision=safe reason=model_allow source=cache probability=0.05782932 basis=None decodeMs=0.000 inferenceMs=0.000 inferenceQueueMs=0.000 localDecisionMs=0.094  bodyAdmissionMs=129.665 bodyReadMs=146.171 hashMs=4.442 requestToDeliveryMs=799.236 upstreamHeadersMs=479.278 sanitizeMs=281.040 downstreamWriteMs=24.424
09-08 01:57:22.882 10510 12078 I ChromePhotosDataPlane: origin=real hostClass=network hostHash=466884c463494e8a method=GET clientProtocol=http/1.1 upstreamProtocol=h2 status=200 contentType=image/jpeg bytesIn=3403942 bytesOut=3403942 cache=hit decision=safe reason=model_allow source=cache probability=0.037037224 basis=None decodeMs=0.000 inferenceMs=0.000 inferenceQueueMs=0.000 localDecisionMs=0.069  bodyAdmissionMs=0.056 bodyReadMs=365.184 hashMs=8.167 requestToDeliveryMs=882.672 upstreamHeadersMs=476.369 sanitizeMs=374.103 downstreamWriteMs=24.156
09-08 01:58:32.109 10510 11870 I ChromePhotosDataPlane: phase=worker_ready correlationId=c174 admissionWaitMs=1.856
09-08 01:58:32.135 10510 11870 I ChromePhotosDataPlane: phase=tls_certificate correlationId=c174 tlsCacheHit=true tlsCacheWaitMs=0.004 tlsCreationMs=0.000
09-08 01:58:32.135 10510 11870 I ChromePhotosDataPlane: phase=tls_material correlationId=c174 tlsMaterialMs=0.331
09-08 01:58:32.149 10510 11528 I ChromePhotosDataPlane: phase=worker_ready correlationId=c175 admissionWaitMs=0.243
09-08 01:58:32.153 10510 11528 I ChromePhotosDataPlane: phase=tls_certificate correlationId=c175 tlsCacheHit=true tlsCacheWaitMs=0.003 tlsCreationMs=0.000
09-08 01:58:32.153 10510 11528 I ChromePhotosDataPlane: phase=tls_material correlationId=c175 tlsMaterialMs=0.199
09-08 01:58:32.155 10510 11870 I ChromePhotosDataPlane: phase=tls_ready correlationId=c174 hostClass=fixture hostHash=1c728e158a8cddb0 clientProtocol=http/1.1 ca=37670e7f53713d17
09-08 01:58:32.164 10510 11528 I ChromePhotosDataPlane: phase=tls_ready correlationId=c175 hostClass=fixture hostHash=1c728e158a8cddb0 clientProtocol=http/1.1 ca=37670e7f53713d17
09-08 01:58:32.198 10510 11870 I ChromePhotosDataPlane: phase=media_shield_document origin=fixture resource=fixture-index result=transformed documentSequence=10 navigationSequence=6 token=86e33d328653 bytesOut=118440
09-08 01:58:32.219 10510 11673 I ChromePhotosDataPlane: phase=worker_ready correlationId=c176 admissionWaitMs=0.663
09-08 01:58:32.225 10510 11994 I ChromePhotosDataPlane: phase=worker_ready correlationId=c177 admissionWaitMs=2.995
09-08 01:58:32.239 10510 11673 I ChromePhotosDataPlane: phase=tls_certificate correlationId=c176 tlsCacheHit=true tlsCacheWaitMs=0.003 tlsCreationMs=0.000
09-08 01:58:32.240 10510 11673 I ChromePhotosDataPlane: phase=tls_material correlationId=c176 tlsMaterialMs=0.281
09-08 01:58:32.247 10510 11870 I ChromePhotosDataPlane: phase=media_shield_ready result=204 bytesOut=0
09-08 01:58:32.248 10510 11673 I ChromePhotosDataPlane: phase=tls_ready correlationId=c176 hostClass=network hostHash=9b0ff8cd24a50ec9 clientProtocol=http/1.1 ca=37670e7f53713d17
09-08 01:58:32.251 10510 11994 I ChromePhotosDataPlane: phase=tls_certificate correlationId=c177 tlsCacheHit=true tlsCacheWaitMs=0.006 tlsCreationMs=0.000
09-08 01:58:32.251 10510 11994 I ChromePhotosDataPlane: phase=tls_material correlationId=c177 tlsMaterialMs=0.593
09-08 01:58:32.255 10510 11870 I ChromePhotosDataPlane: phase=media_shield_ready result=204 bytesOut=0
09-08 01:58:32.262 10510 11870 I ChromePhotosDataPlane: phase=media_shield_ready result=204 bytesOut=0
09-08 01:58:32.270 10510 11994 I ChromePhotosDataPlane: phase=tls_ready correlationId=c177 hostClass=network hostHash=80255870a6218fe0 clientProtocol=http/1.1 ca=37670e7f53713d17
09-08 01:58:32.270 10510 11981 I ChromePhotosDataPlane: phase=worker_ready correlationId=c178 admissionWaitMs=0.690
09-08 01:58:32.273 10510 11982 I ChromePhotosDataPlane: phase=worker_ready correlationId=c179 admissionWaitMs=0.507
09-08 01:58:32.280 10510 11931 I ChromePhotosDataPlane: phase=worker_ready correlationId=c180 admissionWaitMs=0.513
09-08 01:58:32.280 10510 11982 I ChromePhotosDataPlane: phase=tls_certificate correlationId=c179 tlsCacheHit=true tlsCacheWaitMs=0.005 tlsCreationMs=0.000
09-08 01:58:32.281 10510 11982 I ChromePhotosDataPlane: phase=tls_material correlationId=c179 tlsMaterialMs=0.946
09-08 01:58:32.285 10510 11992 I ChromePhotosDataPlane: phase=worker_ready correlationId=c181 admissionWaitMs=0.465
09-08 01:58:32.288 10510 12005 I ChromePhotosDataPlane: phase=worker_ready correlationId=c182 admissionWaitMs=0.270
09-08 01:58:32.290 10510 11981 I ChromePhotosDataPlane: phase=tls_certificate correlationId=c178 tlsCacheHit=true tlsCacheWaitMs=0.006 tlsCreationMs=0.000
09-08 01:58:32.290 10510 11981 I ChromePhotosDataPlane: phase=tls_material correlationId=c178 tlsMaterialMs=0.553
09-08 01:58:32.295 10510 12029 I ChromePhotosDataPlane: phase=worker_ready correlationId=c183 admissionWaitMs=0.259
09-08 01:58:32.299 10510 11982 I ChromePhotosDataPlane: phase=tls_ready correlationId=c179 hostClass=network hostHash=9b0ff8cd24a50ec9 clientProtocol=http/1.1 ca=37670e7f53713d17
09-08 01:58:32.302 10510 11992 I ChromePhotosDataPlane: phase=tls_certificate correlationId=c181 tlsCacheHit=true tlsCacheWaitMs=0.006 tlsCreationMs=0.000
09-08 01:58:32.303 10510 11992 I ChromePhotosDataPlane: phase=tls_material correlationId=c181 tlsMaterialMs=0.557
09-08 01:58:32.313 10510 11981 I ChromePhotosDataPlane: phase=tls_ready correlationId=c178 hostClass=network hostHash=9b0ff8cd24a50ec9 clientProtocol=http/1.1 ca=37670e7f53713d17
09-08 01:58:32.314 10510 11870 I ChromePhotosDataPlane: resource=fixture-lease-script origin=fixture_local destination=chrome protocol=http/1.1 method=GET status=200 bytesIn=285 bytesOut=285 decision=passthrough
09-08 01:58:32.317 10510 11992 I ChromePhotosDataPlane: phase=tls_ready correlationId=c181 hostClass=network hostHash=1f6baa4a359d00da clientProtocol=http/1.1 ca=37670e7f53713d17
09-08 01:58:32.319 10510 11931 I ChromePhotosDataPlane: phase=tls_certificate correlationId=c180 tlsCacheHit=true tlsCacheWaitMs=0.004 tlsCreationMs=0.000
09-08 01:58:32.319 10510 11931 I ChromePhotosDataPlane: phase=tls_material correlationId=c180 tlsMaterialMs=0.322
09-08 01:58:32.330 10510 11994 I ChromePhotosDataPlane: origin=real hostClass=network hostHash=80255870a6218fe0 method=GET clientProtocol=http/1.1 upstreamProtocol=h2 status=200 contentType=image/webp bytesIn=30320 bytesOut=30320 cache=hit decision=safe reason=model_allow source=cache probability=0.006820023 basis=None decodeMs=0.000 inferenceMs=0.000 inferenceQueueMs=0.000 localDecisionMs=0.036  bodyAdmissionMs=0.072 bodyReadMs=18.392 hashMs=0.139 requestToDeliveryMs=58.993 upstreamHeadersMs=26.819 sanitizeMs=29.751 downstreamWriteMs=0.507
09-08 01:58:32.339 10510 11931 I ChromePhotosDataPlane: phase=tls_ready correlationId=c180 hostClass=network hostHash=3aeb002460381c6f clientProtocol=http/1.1 ca=37670e7f53713d17
09-08 01:58:32.362 10510 12005 I ChromePhotosDataPlane: phase=tls_certificate correlationId=c182 tlsCacheHit=true tlsCacheWaitMs=0.004 tlsCreationMs=0.000
09-08 01:58:32.363 10510 12005 I ChromePhotosDataPlane: phase=tls_material correlationId=c182 tlsMaterialMs=0.255
09-08 01:58:32.364 10510 12029 I ChromePhotosDataPlane: phase=tls_certificate correlationId=c183 tlsCacheHit=true tlsCacheWaitMs=0.005 tlsCreationMs=0.000
09-08 01:58:32.364 10510 12029 I ChromePhotosDataPlane: phase=tls_material correlationId=c183 tlsMaterialMs=0.367
09-08 01:58:32.372 10510 12005 I ChromePhotosDataPlane: phase=tls_ready correlationId=c182 hostClass=network hostHash=466884c463494e8a clientProtocol=http/1.1 ca=37670e7f53713d17
09-08 01:58:32.380 10510 12029 I ChromePhotosDataPlane: phase=tls_ready correlationId=c183 hostClass=network hostHash=466884c463494e8a clientProtocol=http/1.1 ca=37670e7f53713d17
09-08 01:58:32.577 10510 11992 I ChromePhotosDataPlane: origin=real hostClass=network hostHash=1f6baa4a359d00da method=GET clientProtocol=http/1.1 upstreamProtocol=h2 status=200 contentType=image/avif bytesIn=28133 bytesOut=28133 cache=hit decision=safe reason=model_allow source=cache probability=0.0050848126 basis=None decodeMs=0.000 inferenceMs=0.000 inferenceQueueMs=0.000 localDecisionMs=0.054  bodyAdmissionMs=0.039 bodyReadMs=0.402 hashMs=0.440 requestToDeliveryMs=255.242 upstreamHeadersMs=245.210 sanitizeMs=1.371 downstreamWriteMs=1.194
09-08 01:58:32.597 10510 11673 I ChromePhotosDataPlane: origin=real hostClass=network hostHash=9b0ff8cd24a50ec9 method=GET clientProtocol=http/1.1 upstreamProtocol=h2 status=200 contentType=image/png bytesIn=8090 bytesOut=8090 cache=hit decision=safe reason=model_allow source=cache probability=0.018158317 basis=None decodeMs=0.000 inferenceMs=0.000 inferenceQueueMs=0.000 localDecisionMs=0.063  bodyAdmissionMs=1.435 bodyReadMs=16.285 hashMs=0.509 requestToDeliveryMs=344.074 upstreamHeadersMs=320.003 sanitizeMs=21.058 downstreamWriteMs=0.755
09-08 01:58:32.604 10510 12005 I ChromePhotosDataPlane: origin=real hostClass=network hostHash=466884c463494e8a method=GET clientProtocol=http/1.1 upstreamProtocol=h2 status=200 contentType=image/jpeg bytesIn=3403942 bytesOut=3403942 cache=hit decision=safe reason=model_allow source=cache probability=0.037037224 basis=None decodeMs=0.000 inferenceMs=0.000 inferenceQueueMs=0.000 localDecisionMs=0.110  bodyAdmissionMs=0.039 bodyReadMs=154.665 hashMs=11.683 requestToDeliveryMs=231.137 upstreamHeadersMs=23.041 sanitizeMs=167.101 downstreamWriteMs=24.370
09-08 01:58:32.628 10510 12029 I ChromePhotosDataPlane: origin=real hostClass=network hostHash=466884c463494e8a method=GET clientProtocol=http/1.1 upstreamProtocol=h2 status=200 contentType=image/jpeg bytesIn=837774 bytesOut=837774 cache=hit decision=safe reason=model_allow source=cache probability=0.0482603 basis=None decodeMs=0.000 inferenceMs=0.000 inferenceQueueMs=0.000 localDecisionMs=0.077  bodyAdmissionMs=0.025 bodyReadMs=58.056 hashMs=2.835 requestToDeliveryMs=246.913 upstreamHeadersMs=164.605 sanitizeMs=61.515 downstreamWriteMs=16.242
09-08 01:58:32.640 10510 11931 I ChromePhotosDataPlane: origin=real hostClass=network hostHash=3aeb002460381c6f method=GET clientProtocol=http/1.1 upstreamProtocol=h2 status=302 contentType= bytesIn=0 bytesOut=0 cache=miss decision=passthrough   requestToDeliveryMs=299.874 upstreamHeadersMs=297.307 sanitizeMs=0.471 downstreamWriteMs=0.560
09-08 01:58:32.640 10510 12019 I ChromePhotosDataPlane: phase=worker_ready correlationId=c184 admissionWaitMs=0.395
09-08 01:58:32.648 10510 12020 I ChromePhotosDataPlane: phase=worker_ready correlationId=c185 admissionWaitMs=0.433
09-08 01:58:32.649 10510 12019 I ChromePhotosDataPlane: phase=tls_certificate correlationId=c184 tlsCacheHit=true tlsCacheWaitMs=0.004 tlsCreationMs=0.000
09-08 01:58:32.649 10510 12019 I ChromePhotosDataPlane: phase=tls_material correlationId=c184 tlsMaterialMs=0.268
09-08 01:58:32.656 10510 12020 I ChromePhotosDataPlane: phase=tls_certificate correlationId=c185 tlsCacheHit=true tlsCacheWaitMs=0.004 tlsCreationMs=0.000
09-08 01:58:32.656 10510 12020 I ChromePhotosDataPlane: phase=tls_material correlationId=c185 tlsMaterialMs=0.256
09-08 01:58:32.672 10510 12019 I ChromePhotosDataPlane: phase=tls_ready correlationId=c184 hostClass=network hostHash=466884c463494e8a clientProtocol=http/1.1 ca=37670e7f53713d17
09-08 01:58:32.672 10510 12020 I ChromePhotosDataPlane: phase=tls_ready correlationId=c185 hostClass=network hostHash=466884c463494e8a clientProtocol=http/1.1 ca=37670e7f53713d17
09-08 01:58:32.724 10510 11992 I ChromePhotosDataPlane: origin=real hostClass=network hostHash=1f6baa4a359d00da method=GET clientProtocol=http/1.1 upstreamProtocol=h2 status=200 contentType=image/avif bytesIn=28133 bytesOut=28133 cache=hit decision=safe reason=model_allow source=cache probability=0.0050848126 basis=None decodeMs=0.000 inferenceMs=0.000 inferenceQueueMs=0.000 localDecisionMs=0.082  bodyAdmissionMs=0.033 bodyReadMs=15.576 hashMs=0.622 requestToDeliveryMs=60.177 upstreamHeadersMs=36.395 sanitizeMs=16.966 downstreamWriteMs=1.976
09-08 01:58:32.771 10510 12005 I ChromePhotosDataPlane: origin=real hostClass=network hostHash=466884c463494e8a method=GET clientProtocol=http/1.1 upstreamProtocol=h2 status=200 contentType=image/png bytesIn=1452444 bytesOut=704 cache=hit decision=unknown reason=unsafe_dimensions source=cache probability=-1.0 basis=none decodeMs=0.000 inferenceMs=0.000 inferenceQueueMs=0.000 localDecisionMs=0.104  bodyAdmissionMs=0.030 bodyReadMs=79.069 hashMs=4.728 requestToDeliveryMs=108.008 upstreamHeadersMs=19.148 sanitizeMs=84.816 downstreamWriteMs=1.923
09-08 01:58:32.890 10510 11981 I ChromePhotosDataPlane: origin=real hostClass=network hostHash=9b0ff8cd24a50ec9 method=GET clientProtocol=http/1.1 upstreamProtocol=h2 status=200 contentType=image/webp bytesIn=10568 bytesOut=10568 cache=hit decision=safe reason=model_allow source=cache probability=0.032659233 basis=None decodeMs=0.000 inferenceMs=0.000 inferenceQueueMs=0.000 localDecisionMs=0.070  bodyAdmissionMs=0.045 bodyReadMs=94.693 hashMs=0.602 requestToDeliveryMs=571.954 upstreamHeadersMs=468.114 sanitizeMs=100.152 downstreamWriteMs=1.036
09-08 01:58:32.901 10510 11982 I ChromePhotosDataPlane: origin=real hostClass=network hostHash=9b0ff8cd24a50ec9 method=GET clientProtocol=http/1.1 upstreamProtocol=h2 status=200 contentType=image/jpeg bytesIn=35588 bytesOut=35588 cache=hit decision=safe reason=model_allow source=cache probability=0.042280197 basis=None decodeMs=0.000 inferenceMs=0.000 inferenceQueueMs=0.000 localDecisionMs=0.076  bodyAdmissionMs=99.822 bodyReadMs=10.013 hashMs=0.530 requestToDeliveryMs=585.952 upstreamHeadersMs=471.149 sanitizeMs=110.808 downstreamWriteMs=1.724
09-08 01:58:32.926 10510 12029 I ChromePhotosDataPlane: origin=real hostClass=network hostHash=466884c463494e8a method=GET clientProtocol=http/1.1 upstreamProtocol=h2 status=200 contentType=image/jpeg bytesIn=2372694 bytesOut=2372694 cache=hit decision=safe reason=model_allow source=cache probability=0.05782932 basis=None decodeMs=0.000 inferenceMs=0.000 inferenceQueueMs=0.000 localDecisionMs=0.075  bodyAdmissionMs=0.084 bodyReadMs=141.064 hashMs=4.800 requestToDeliveryMs=256.280 upstreamHeadersMs=87.582 sanitizeMs=146.525 downstreamWriteMs=15.422
09-08 02:03:24.855 10510 11995 I ChromePhotosDataPlane: phase=worker_ready correlationId=c186 admissionWaitMs=0.614
09-08 02:03:24.862 10510 11995 I ChromePhotosDataPlane: phase=tls_certificate correlationId=c186 tlsCacheHit=true tlsCacheWaitMs=0.004 tlsCreationMs=0.000
09-08 02:03:24.862 10510 11995 I ChromePhotosDataPlane: phase=tls_material correlationId=c186 tlsMaterialMs=0.466
09-08 02:03:24.891 10510 11995 I ChromePhotosDataPlane: phase=tls_ready correlationId=c186 hostClass=fixture hostHash=1c728e158a8cddb0 clientProtocol=http/1.1 ca=37670e7f53713d17
09-08 02:03:24.893 10510 11995 I ChromePhotosDataPlane: phase=media_shield_ready result=204 bytesOut=0
09-08 02:03:25.355 10510 11897 I ChromePhotosDataPlane: phase=worker_ready correlationId=c187 admissionWaitMs=0.813
09-08 02:03:25.565 10510 13708 I ChromePhotosDataPlane: phase=fixture_scope_lost action=lease_revoked
09-08 02:03:25.993 10510 11897 I ChromePhotosDataPlane: phase=tls_certificate correlationId=c187 tlsCacheHit=false tlsCacheWaitMs=0.011 tlsCreationMs=561.200
09-08 02:03:25.993 10510 11897 I ChromePhotosDataPlane: phase=tls_material correlationId=c187 tlsMaterialMs=561.771
09-08 02:03:26.002 10510 11897 I ChromePhotosDataPlane: phase=tls_ready correlationId=c187 hostClass=network hostHash=191347bfe55d0ca9 clientProtocol=http/1.1 ca=37670e7f53713d17
09-08 02:03:26.216 10510 11897 I ChromePhotosDataPlane: origin=real hostClass=network hostHash=191347bfe55d0ca9 method=GET clientProtocol=http/1.1 upstreamProtocol=h2 status=200 contentType=application/json bytesOut=23 transfer=fixed upstreamHeadersMs=207.045 downstreamWriteMs=2.945
09-08 02:03:26.678 10510 11930 I ChromePhotosDataPlane: phase=worker_ready correlationId=c188 admissionWaitMs=0.277
09-08 02:03:26.958 10510 11930 I ChromePhotosDataPlane: phase=tls_certificate correlationId=c188 tlsCacheHit=false tlsCacheWaitMs=0.002 tlsCreationMs=193.894
09-08 02:03:26.958 10510 11930 I ChromePhotosDataPlane: phase=tls_material correlationId=c188 tlsMaterialMs=194.331
09-08 02:03:26.967 10510 11930 I ChromePhotosDataPlane: phase=tls_ready correlationId=c188 hostClass=network hostHash=f58aed0f48e58f0c clientProtocol=http/1.1 ca=37670e7f53713d17
09-08 02:03:30.191 10510 11930 I ChromePhotosDataPlane: phase=media_shield_document origin=real hostClass=network hostHash=f58aed0f48e58f0c result=transformed documentSequence=11 navigationSequence=7 token=bf78cc423e15 bytesOut=955751 upstreamHeadersMs=2040.996 documentDecisionMs=394.749 downstreamWriteMs=5.610
09-08 02:03:30.309 10510 12060 I ChromePhotosDataPlane: phase=worker_ready correlationId=c189 admissionWaitMs=0.267
09-08 02:03:30.347 10510 11437 I ChromePhotosDataPlane: phase=worker_ready correlationId=c190 admissionWaitMs=0.659
09-08 02:03:30.349 10510 11442 I ChromePhotosDataPlane: phase=worker_ready correlationId=c191 admissionWaitMs=0.521
09-08 02:03:30.364 10510 11930 I ChromePhotosDataPlane: phase=media_shield_ready origin=same_origin result=204 bytesOut=0
09-08 02:03:30.403 10510 11930 I ChromePhotosDataPlane: phase=media_shield_ready origin=same_origin result=204 bytesOut=0
09-08 02:03:30.419 10510 11930 I ChromePhotosDataPlane: phase=media_shield_ready origin=same_origin result=204 bytesOut=0
09-08 02:03:30.548 10510 12066 I ChromePhotosDataPlane: phase=worker_ready correlationId=c192 admissionWaitMs=2.166
09-08 02:03:30.557 10510 12054 I ChromePhotosDataPlane: phase=worker_ready correlationId=c193 admissionWaitMs=0.792
09-08 02:03:30.572 10510 12038 I ChromePhotosDataPlane: phase=worker_ready correlationId=c194 admissionWaitMs=0.309
09-08 02:03:30.576 10510 12076 I ChromePhotosDataPlane: phase=worker_ready correlationId=c195 admissionWaitMs=3.243
09-08 02:03:30.580 10510 12061 I ChromePhotosDataPlane: phase=worker_ready correlationId=c196 admissionWaitMs=2.063
09-08 02:03:30.596 10510 11413 I ChromePhotosDataPlane: phase=worker_ready correlationId=c197 admissionWaitMs=0.193
09-08 02:03:30.625 10510 11449 I ChromePhotosDataPlane: phase=worker_ready correlationId=c198 admissionWaitMs=0.783
09-08 02:03:30.664 10510 11936 I ChromePhotosDataPlane: phase=worker_ready correlationId=c199 admissionWaitMs=0.226
09-08 02:03:30.709 10510 11442 I ChromePhotosDataPlane: phase=tls_certificate correlationId=c191 tlsCacheHit=false tlsCacheWaitMs=0.003 tlsCreationMs=321.176
09-08 02:03:30.709 10510 11442 I ChromePhotosDataPlane: phase=tls_material correlationId=c191 tlsMaterialMs=321.515
09-08 02:03:30.723 10510 11442 I ChromePhotosDataPlane: phase=tls_ready correlationId=c191 hostClass=network hostHash=1c9aae1431eb8709 clientProtocol=http/1.1 ca=37670e7f53713d17
09-08 02:03:30.790 10510 12101 I ChromePhotosDataPlane: phase=worker_ready correlationId=c200 admissionWaitMs=0.239
09-08 02:03:30.795 10510 11175 I ChromePhotosDataPlane: phase=worker_ready correlationId=c201 admissionWaitMs=0.230
09-08 02:03:30.804 10510 11215 I ChromePhotosDataPlane: phase=worker_ready correlationId=c202 admissionWaitMs=1.111
09-08 02:03:30.851 10510 11930 I ChromePhotosDataPlane: origin=real hostClass=network hostHash=f58aed0f48e58f0c method=GET clientProtocol=http/1.1 upstreamProtocol=h2 status=304 contentType=application/javascript bytesOut=0 transfer=fixed upstreamHeadersMs=202.928 downstreamWriteMs=0.288
09-08 02:03:30.859 10510 11211 I ChromePhotosDataPlane: phase=worker_ready correlationId=c203 admissionWaitMs=1.016
09-08 02:03:30.958 10510 11442 I ChromePhotosDataPlane: origin=real hostClass=network hostHash=1c9aae1431eb8709 method=GET clientProtocol=http/1.1 upstreamProtocol=h2 status=200 contentType=application/javascript bytesOut=112 transfer=chunked upstreamHeadersMs=231.935 downstreamWriteMs=0.354
09-08 02:03:31.152 10510 12060 I ChromePhotosDataPlane: phase=tls_certificate correlationId=c189 tlsCacheHit=false tlsCacheWaitMs=316.094 tlsCreationMs=441.055
09-08 02:03:31.152 10510 12060 I ChromePhotosDataPlane: phase=tls_material correlationId=c189 tlsMaterialMs=758.690
09-08 02:03:31.162 10510 12060 I ChromePhotosDataPlane: phase=tls_ready correlationId=c189 hostClass=network hostHash=fdbc7f1491a89ee6 clientProtocol=http/1.1 ca=37670e7f53713d17
09-08 02:03:31.567 10510 11437 I ChromePhotosDataPlane: phase=tls_certificate correlationId=c190 tlsCacheHit=false tlsCacheWaitMs=751.118 tlsCreationMs=414.138
09-08 02:03:31.567 10510 11437 I ChromePhotosDataPlane: phase=tls_material correlationId=c190 tlsMaterialMs=1165.996
09-08 02:03:31.616 10510 11437 I ChromePhotosDataPlane: phase=tls_ready correlationId=c190 hostClass=network hostHash=7df7caa0a5579e01 clientProtocol=http/1.1 ca=37670e7f53713d17
09-08 02:03:31.749 10510 12066 I ChromePhotosDataPlane: phase=tls_certificate correlationId=c192 tlsCacheHit=false tlsCacheWaitMs=985.888 tlsCreationMs=181.616
09-08 02:03:31.749 10510 12066 I ChromePhotosDataPlane: phase=tls_material correlationId=c192 tlsMaterialMs=1167.857
09-08 02:03:31.749 10510 12076 I ChromePhotosDataPlane: phase=tls_certificate correlationId=c195 tlsCacheHit=true tlsCacheWaitMs=1161.505 tlsCreationMs=0.000
09-08 02:03:31.749 10510 12076 I ChromePhotosDataPlane: phase=tls_material correlationId=c195 tlsMaterialMs=1161.846
09-08 02:03:31.751 10510 12054 I ChromePhotosDataPlane: phase=tls_certificate correlationId=c193 tlsCacheHit=true tlsCacheWaitMs=1157.046 tlsCreationMs=0.000
09-08 02:03:31.751 10510 12054 I ChromePhotosDataPlane: phase=tls_material correlationId=c193 tlsMaterialMs=1157.327
09-08 02:03:31.751 10510 12038 I ChromePhotosDataPlane: phase=tls_certificate correlationId=c194 tlsCacheHit=true tlsCacheWaitMs=1161.868 tlsCreationMs=0.000
09-08 02:03:31.751 10510 12038 I ChromePhotosDataPlane: phase=tls_material correlationId=c194 tlsMaterialMs=1163.679
09-08 02:03:31.784 10510 12066 I ChromePhotosDataPlane: phase=tls_ready correlationId=c192 hostClass=network hostHash=ee8cdc867bba487e clientProtocol=http/1.1 ca=37670e7f53713d17
09-08 02:03:31.791 10510 12038 I ChromePhotosDataPlane: phase=tls_ready correlationId=c194 hostClass=network hostHash=ee8cdc867bba487e clientProtocol=http/1.1 ca=37670e7f53713d17
09-08 02:03:31.793 10510 12054 I ChromePhotosDataPlane: phase=tls_ready correlationId=c193 hostClass=network hostHash=ee8cdc867bba487e clientProtocol=http/1.1 ca=37670e7f53713d17
09-08 02:03:31.805 10510 12076 I ChromePhotosDataPlane: phase=tls_ready correlationId=c195 hostClass=network hostHash=ee8cdc867bba487e clientProtocol=http/1.1 ca=37670e7f53713d17
09-08 02:03:31.911 10510 11599 I ChromePhotosDataPlane: phase=worker_ready correlationId=c204 admissionWaitMs=0.632
09-08 02:03:31.927 10510 11512 I ChromePhotosDataPlane: phase=worker_ready correlationId=c205 admissionWaitMs=0.157
09-08 02:03:31.982 10510 11512 W ChromePhotosDataPlane: phase=connection_failed correlationId=c205 error=UnknownHostException
09-08 02:03:32.001 10510 12054 I ChromePhotosDataPlane: origin=real hostClass=network hostHash=ee8cdc867bba487e method=GET clientProtocol=http/1.1 upstreamProtocol=h2 status=200 contentType=image/png bytesIn=42 bytesOut=704 cache=miss decision=unknown reason=unsupported_gif source=error probability=-1.0 basis=none decodeMs=0.000 inferenceMs=0.000 inferenceQueueMs=0.000 localDecisionMs=0.000  bodyAdmissionMs=0.029 bodyReadMs=0.241 requestToDeliveryMs=186.350 upstreamHeadersMs=183.682 sanitizeMs=1.000 downstreamWriteMs=0.485
09-08 02:03:32.003 10510 12066 I ChromePhotosDataPlane: origin=real hostClass=network hostHash=ee8cdc867bba487e method=GET clientProtocol=http/1.1 upstreamProtocol=h2 status=200 contentType=image/png bytesIn=42 bytesOut=704 cache=miss decision=unknown reason=unsupported_gif source=error probability=-1.0 basis=none decodeMs=0.000 inferenceMs=0.000 inferenceQueueMs=0.000 localDecisionMs=0.000  bodyAdmissionMs=1.492 bodyReadMs=0.167 requestToDeliveryMs=190.561 upstreamHeadersMs=185.802 sanitizeMs=2.273 downstreamWriteMs=0.790
09-08 02:03:32.022 10510 12076 I ChromePhotosDataPlane: origin=real hostClass=network hostHash=ee8cdc867bba487e method=GET clientProtocol=http/1.1 upstreamProtocol=h2 status=200 contentType=image/png bytesIn=42 bytesOut=704 cache=miss decision=unknown reason=unsupported_gif source=error probability=-1.0 basis=none decodeMs=0.000 inferenceMs=0.000 inferenceQueueMs=0.000 localDecisionMs=0.000  bodyAdmissionMs=0.022 bodyReadMs=0.071 requestToDeliveryMs=206.547 upstreamHeadersMs=204.742 sanitizeMs=0.407 downstreamWriteMs=0.380
09-08 02:03:32.037 10510 11529 I ChromePhotosDataPlane: phase=worker_ready correlationId=c206 admissionWaitMs=0.221
09-08 02:03:32.044 10510 11484 I ChromePhotosDataPlane: phase=worker_ready correlationId=c207 admissionWaitMs=0.161
09-08 02:03:32.048 10510 11284 I ChromePhotosDataPlane: phase=worker_ready correlationId=c208 admissionWaitMs=0.239
09-08 02:03:32.059 10510 11281 I ChromePhotosDataPlane: phase=worker_ready correlationId=c209 admissionWaitMs=0.274
09-08 02:03:32.074 10510 11294 I ChromePhotosDataPlane: phase=worker_ready correlationId=c210 admissionWaitMs=1.026
09-08 02:03:32.083 10510 12038 I ChromePhotosDataPlane: origin=real hostClass=network hostHash=ee8cdc867bba487e method=GET clientProtocol=http/1.1 upstreamProtocol=h2 status=302 contentType= bytesIn=0 bytesOut=0 cache=miss decision=passthrough   requestToDeliveryMs=274.600 upstreamHeadersMs=272.946 sanitizeMs=0.250 downstreamWriteMs=0.270
09-08 02:03:32.084 10510 11443 I ChromePhotosDataPlane: phase=worker_ready correlationId=c211 admissionWaitMs=0.433
09-08 02:03:32.094 10510 11210 I ChromePhotosDataPlane: phase=worker_ready correlationId=c212 admissionWaitMs=0.340
09-08 02:03:32.103 10510 11498 I ChromePhotosDataPlane: phase=worker_ready correlationId=c213 admissionWaitMs=0.202
09-08 02:03:32.151 10510 11930 I ChromePhotosDataPlane: origin=real hostClass=network hostHash=f58aed0f48e58f0c method=GET clientProtocol=http/1.1 upstreamProtocol=h2 status=200 contentType=application/javascript bytesOut=175720 transfer=fixed upstreamHeadersMs=209.165 downstreamWriteMs=48.893
09-08 02:03:32.160 10510 12066 I ChromePhotosDataPlane: origin=real hostClass=network hostHash=ee8cdc867bba487e method=POST clientProtocol=http/1.1 upstreamProtocol=h2 status=204 contentType=text/html bytesOut=0 transfer=fixed upstreamHeadersMs=47.300 downstreamWriteMs=0.328
09-08 02:03:32.199 10510 11422 I ChromePhotosDataPlane: phase=worker_ready correlationId=c214 admissionWaitMs=0.289
09-08 02:03:32.201 10510 11900 I ChromePhotosDataPlane: phase=worker_ready correlationId=c215 admissionWaitMs=0.408
09-08 02:03:32.211 10510 11600 I ChromePhotosDataPlane: phase=worker_ready correlationId=c216 admissionWaitMs=0.652
09-08 02:03:32.235 10510 11427 I ChromePhotosDataPlane: phase=worker_ready correlationId=c217 admissionWaitMs=0.215
09-08 02:03:32.261 10510 11432 I ChromePhotosDataPlane: phase=worker_ready correlationId=c218 admissionWaitMs=3.556
09-08 02:03:32.300 10510 12061 I ChromePhotosDataPlane: phase=tls_certificate correlationId=c196 tlsCacheHit=false tlsCacheWaitMs=1131.999 tlsCreationMs=548.476
09-08 02:03:32.300 10510 12061 I ChromePhotosDataPlane: phase=tls_material correlationId=c196 tlsMaterialMs=1680.942
09-08 02:03:32.300 10510 11449 I ChromePhotosDataPlane: phase=tls_certificate correlationId=c198 tlsCacheHit=true tlsCacheWaitMs=1664.671 tlsCreationMs=0.000
09-08 02:03:32.300 10510 11449 I ChromePhotosDataPlane: phase=tls_material correlationId=c198 tlsMaterialMs=1665.231
09-08 02:03:32.315 10510 12061 I ChromePhotosDataPlane: phase=tls_ready correlationId=c196 hostClass=network hostHash=78545291017afd6d clientProtocol=http/1.1 ca=37670e7f53713d17
09-08 02:03:32.318 10510 11449 I ChromePhotosDataPlane: phase=tls_ready correlationId=c198 hostClass=network hostHash=fdbc7f1491a89ee6 clientProtocol=http/1.1 ca=37670e7f53713d17
09-08 02:03:32.461 10510 11930 I ChromePhotosDataPlane: origin=real hostClass=network hostHash=f58aed0f48e58f0c method=GET clientProtocol=http/1.1 upstreamProtocol=h2 status=200 contentType=application/javascript bytesOut=173011 transfer=fixed upstreamHeadersMs=213.345 downstreamWriteMs=37.209
09-08 02:03:32.590 10510 11413 I ChromePhotosDataPlane: phase=tls_certificate correlationId=c197 tlsCacheHit=false tlsCacheWaitMs=1656.025 tlsCreationMs=289.462
09-08 02:03:32.590 10510 11413 I ChromePhotosDataPlane: phase=tls_material correlationId=c197 tlsMaterialMs=1945.979
09-08 02:03:32.602 10510 11413 I ChromePhotosDataPlane: phase=tls_ready correlationId=c197 hostClass=network hostHash=0a2b1f067e5ed787 clientProtocol=http/1.1 ca=37670e7f53713d17
09-08 02:03:32.678 10510 12060 I ChromePhotosDataPlane: origin=real hostClass=network hostHash=fdbc7f1491a89ee6 method=GET clientProtocol=http/1.1 upstreamProtocol=h2 status=200 contentType=image/webp bytesIn=21480 bytesOut=21480 cache=miss decision=safe reason=model_allow source=engine probability=0.019576043 basis=None decodeMs=26.402 inferenceMs=802.307 inferenceQueueMs=0.194 localDecisionMs=834.489  bodyAdmissionMs=0.068 bodyReadMs=3.000 hashMs=0.243 requestToDeliveryMs=1515.286 upstreamHeadersMs=668.069 sanitizeMs=843.634 downstreamWriteMs=1.429
09-08 02:03:32.747 10510 11413 I ChromePhotosDataPlane: origin=real hostClass=network hostHash=0a2b1f067e5ed787 method=GET clientProtocol=http/1.1 upstreamProtocol=h2 status=304 contentType= bytesOut=0 transfer=fixed upstreamHeadersMs=140.720 downstreamWriteMs=0.707
09-08 02:03:32.776 10510 11626 I ChromePhotosDataPlane: phase=worker_ready correlationId=c219 admissionWaitMs=0.539
09-08 02:03:32.781 10510 11626 W ChromePhotosDataPlane: phase=connection_failed correlationId=c219 error=UnknownHostException
09-08 02:03:32.788 10510 11930 I ChromePhotosDataPlane: origin=real hostClass=network hostHash=f58aed0f48e58f0c method=GET clientProtocol=http/1.1 upstreamProtocol=h2 status=200 contentType=application/javascript bytesOut=161143 transfer=fixed upstreamHeadersMs=215.833 downstreamWriteMs=45.168
09-08 02:03:32.937 10510 12061 I ChromePhotosDataPlane: origin=real hostClass=network hostHash=78545291017afd6d method=GET clientProtocol=http/1.1 upstreamProtocol=h2 status=200 contentType=image/png bytesIn=127837 bytesOut=127837 cache=miss decision=safe reason=model_allow source=engine probability=0.05982989 basis=None decodeMs=18.476 inferenceMs=232.609 inferenceQueueMs=168.106 localDecisionMs=421.901  bodyAdmissionMs=0.055 bodyReadMs=29.694 hashMs=0.942 requestToDeliveryMs=621.307 upstreamHeadersMs=133.904 sanitizeMs=478.459 downstreamWriteMs=5.671
09-08 02:03:33.074 10510 11936 I ChromePhotosDataPlane: phase=tls_certificate correlationId=c199 tlsCacheHit=false tlsCacheWaitMs=1867.469 tlsCreationMs=482.849
09-08 02:03:33.074 10510 11936 I ChromePhotosDataPlane: phase=tls_material correlationId=c199 tlsMaterialMs=2350.828
09-08 02:03:33.074 10510 12101 I ChromePhotosDataPlane: phase=tls_certificate correlationId=c200 tlsCacheHit=true tlsCacheWaitMs=2277.631 tlsCreationMs=0.000
09-08 02:03:33.074 10510 12101 I ChromePhotosDataPlane: phase=tls_material correlationId=c200 tlsMaterialMs=2278.109
09-08 02:03:33.078 10510 11215 I ChromePhotosDataPlane: phase=tls_certificate correlationId=c202 tlsCacheHit=true tlsCacheWaitMs=2270.306 tlsCreationMs=0.000
09-08 02:03:33.078 10510 11215 I ChromePhotosDataPlane: phase=tls_material correlationId=c202 tlsMaterialMs=2270.568
09-08 02:03:33.078 10510 11175 I ChromePhotosDataPlane: phase=tls_certificate correlationId=c201 tlsCacheHit=true tlsCacheWaitMs=2278.471 tlsCreationMs=0.000
09-08 02:03:33.078 10510 11175 I ChromePhotosDataPlane: phase=tls_material correlationId=c201 tlsMaterialMs=2279.647
09-08 02:03:33.083 10510 11211 I ChromePhotosDataPlane: phase=tls_certificate correlationId=c203 tlsCacheHit=true tlsCacheWaitMs=2219.633 tlsCreationMs=0.000
09-08 02:03:33.083 10510 11211 I ChromePhotosDataPlane: phase=tls_material correlationId=c203 tlsMaterialMs=2219.925
09-08 02:03:33.083 10510 11599 I ChromePhotosDataPlane: phase=tls_certificate correlationId=c204 tlsCacheHit=true tlsCacheWaitMs=1147.221 tlsCreationMs=0.000
09-08 02:03:33.083 10510 11599 I ChromePhotosDataPlane: phase=tls_material correlationId=c204 tlsMaterialMs=1147.491
09-08 02:03:33.097 10510 11211 I ChromePhotosDataPlane: phase=tls_ready correlationId=c203 hostClass=network hostHash=fdbc7f1491a89ee6 clientProtocol=http/1.1 ca=37670e7f53713d17
09-08 02:03:33.098 10510 11460 I ChromePhotosDataPlane: phase=worker_ready correlationId=c220 admissionWaitMs=0.212
09-08 02:03:33.103 10510 11215 I ChromePhotosDataPlane: phase=tls_ready correlationId=c202 hostClass=network hostHash=fdbc7f1491a89ee6 clientProtocol=http/1.1 ca=37670e7f53713d17
09-08 02:03:33.105 10510 11936 I ChromePhotosDataPlane: phase=tls_ready correlationId=c199 hostClass=network hostHash=a552b937eecf21c7 clientProtocol=http/1.1 ca=37670e7f53713d17
09-08 02:03:33.115 10510 11599 I ChromePhotosDataPlane: phase=tls_ready correlationId=c204 hostClass=network hostHash=f58aed0f48e58f0c clientProtocol=http/1.1 ca=37670e7f53713d17
09-08 02:03:33.128 10510 12101 I ChromePhotosDataPlane: phase=tls_ready correlationId=c200 hostClass=network hostHash=fdbc7f1491a89ee6 clientProtocol=http/1.1 ca=37670e7f53713d17
09-08 02:03:33.130 10510 11175 I ChromePhotosDataPlane: phase=tls_ready correlationId=c201 hostClass=network hostHash=fdbc7f1491a89ee6 clientProtocol=http/1.1 ca=37670e7f53713d17
09-08 02:03:33.195 10510 11930 I ChromePhotosDataPlane: origin=real hostClass=network hostHash=f58aed0f48e58f0c method=GET clientProtocol=http/1.1 upstreamProtocol=h2 status=200 contentType=application/javascript bytesOut=171663 transfer=fixed upstreamHeadersMs=212.064 downstreamWriteMs=132.148
09-08 02:03:33.227 10510 11449 I ChromePhotosDataPlane: origin=real hostClass=network hostHash=fdbc7f1491a89ee6 method=GET clientProtocol=http/1.1 upstreamProtocol=h2 status=200 contentType=image/webp bytesIn=4858 bytesOut=4858 cache=miss decision=safe reason=model_allow source=engine probability=0.0034654438 basis=None decodeMs=14.683 inferenceMs=275.957 inferenceQueueMs=250.511 localDecisionMs=542.409  bodyAdmissionMs=184.641 bodyReadMs=0.270 hashMs=0.422 requestToDeliveryMs=903.688 upstreamHeadersMs=165.780 sanitizeMs=729.705 downstreamWriteMs=1.085
09-08 02:03:33.343 10510 11936 I ChromePhotosDataPlane: origin=real hostClass=network hostHash=a552b937eecf21c7 method=GET clientProtocol=http/1.1 upstreamProtocol=h2 status=304 contentType= bytesOut=0 transfer=fixed upstreamHeadersMs=234.300 downstreamWriteMs=0.989
09-08 02:03:33.385 10510 12060 I ChromePhotosDataPlane: origin=real hostClass=network hostHash=fdbc7f1491a89ee6 method=GET clientProtocol=http/1.1 upstreamProtocol=h2 status=200 contentType=image/webp bytesIn=8344 bytesOut=8344 cache=miss decision=safe reason=model_allow source=engine probability=0.013767481 basis=None decodeMs=8.979 inferenceMs=148.704 inferenceQueueMs=283.306 localDecisionMs=444.765  bodyAdmissionMs=14.569 bodyReadMs=0.378 hashMs=0.414 requestToDeliveryMs=661.299 upstreamHeadersMs=189.402 sanitizeMs=467.549 downstreamWriteMs=0.741
09-08 02:03:33.401 10510 11599 I ChromePhotosDataPlane: origin=real hostClass=network hostHash=f58aed0f48e58f0c method=GET clientProtocol=http/1.1 upstreamProtocol=h2 status=200 contentType=application/javascript bytesOut=195194 transfer=fixed upstreamHeadersMs=204.573 downstreamWriteMs=75.080
09-08 02:03:33.550 10510 11211 I ChromePhotosDataPlane: origin=real hostClass=network hostHash=fdbc7f1491a89ee6 method=GET clientProtocol=http/1.1 upstreamProtocol=h2 status=200 contentType=image/webp bytesIn=2266 bytesOut=2266 cache=miss decision=safe reason=model_allow source=engine probability=0.01720336 basis=None decodeMs=5.061 inferenceMs=162.263 inferenceQueueMs=100.134 localDecisionMs=268.848  bodyAdmissionMs=0.042 bodyReadMs=0.197 hashMs=0.538 requestToDeliveryMs=446.684 upstreamHeadersMs=173.151 sanitizeMs=270.879 downstreamWriteMs=0.731
09-08 02:03:33.704 10510 12101 I ChromePhotosDataPlane: origin=real hostClass=network hostHash=fdbc7f1491a89ee6 method=GET clientProtocol=http/1.1 upstreamProtocol=h2 status=200 contentType=image/webp bytesIn=4912 bytesOut=4912 cache=miss decision=safe reason=model_allow source=engine probability=0.029026985 basis=None decodeMs=5.519 inferenceMs=146.364 inferenceQueueMs=107.270 localDecisionMs=260.047  bodyAdmissionMs=0.024 bodyReadMs=0.077 hashMs=0.190 requestToDeliveryMs=563.739 upstreamHeadersMs=295.786 sanitizeMs=261.391 downstreamWriteMs=1.830
09-08 02:03:33.763 10510 11529 I ChromePhotosDataPlane: phase=tls_certificate correlationId=c206 tlsCacheHit=false tlsCacheWaitMs=1006.184 tlsCreationMs=679.364
09-08 02:03:33.763 10510 11529 I ChromePhotosDataPlane: phase=tls_material correlationId=c206 tlsMaterialMs=1686.874
09-08 02:03:33.785 10510 11529 I ChromePhotosDataPlane: phase=tls_ready correlationId=c206 hostClass=network hostHash=935e0b482f6ac80a clientProtocol=http/1.1 ca=37670e7f53713d17
09-08 02:03:33.876 10510 11175 I ChromePhotosDataPlane: origin=real hostClass=network hostHash=fdbc7f1491a89ee6 method=GET clientProtocol=http/1.1 upstreamProtocol=h2 status=200 contentType=image/webp bytesIn=4986 bytesOut=4986 cache=miss decision=safe reason=model_allow source=engine probability=0.006761968 basis=None decodeMs=5.243 inferenceMs=164.103 inferenceQueueMs=149.838 localDecisionMs=324.541  bodyAdmissionMs=107.371 bodyReadMs=0.167 hashMs=0.306 requestToDeliveryMs=733.985 upstreamHeadersMs=293.285 sanitizeMs=434.229 downstreamWriteMs=0.461
09-08 02:03:34.073 10510 11215 I ChromePhotosDataPlane: origin=real hostClass=network hostHash=fdbc7f1491a89ee6 method=GET clientProtocol=http/1.1 upstreamProtocol=h2 status=200 contentType=image/webp bytesIn=5666 bytesOut=5666 cache=miss decision=safe reason=model_allow source=engine probability=0.017977506 basis=None decodeMs=7.589 inferenceMs=192.123 inferenceQueueMs=166.211 localDecisionMs=366.636  bodyAdmissionMs=253.389 bodyReadMs=0.177 hashMs=0.425 requestToDeliveryMs=969.074 upstreamHeadersMs=342.927 sanitizeMs=623.152 downstreamWriteMs=0.902
09-08 02:03:34.118 10510 11529 I ChromePhotosDataPlane: origin=real hostClass=network hostHash=935e0b482f6ac80a method=GET clientProtocol=http/1.1 upstreamProtocol=h2 status=304 contentType= bytesOut=0 transfer=fixed upstreamHeadersMs=329.757 downstreamWriteMs=0.497
09-08 02:03:34.145 10510 11281 I ChromePhotosDataPlane: phase=tls_certificate correlationId=c209 tlsCacheHit=false tlsCacheWaitMs=1654.836 tlsCreationMs=382.280
09-08 02:03:34.145 10510 11281 I ChromePhotosDataPlane: phase=tls_material correlationId=c209 tlsMaterialMs=2037.619
09-08 02:03:34.168 10510 11281 I ChromePhotosDataPlane: phase=tls_ready correlationId=c209 hostClass=network hostHash=f5594fab1b035ec0 clientProtocol=http/1.1 ca=37670e7f53713d17
09-08 02:03:34.402 10510 11449 I ChromePhotosDataPlane: origin=real hostClass=network hostHash=fdbc7f1491a89ee6 method=GET clientProtocol=http/1.1 upstreamProtocol=h2 status=200 contentType=image/webp bytesIn=2532 bytesOut=2532 cache=miss decision=safe reason=model_allow source=engine probability=0.008957833 basis=None decodeMs=52.915 inferenceMs=271.656 inferenceQueueMs=192.651 localDecisionMs=517.972  bodyAdmissionMs=264.858 bodyReadMs=0.160 hashMs=1.436 requestToDeliveryMs=1130.594 upstreamHeadersMs=336.601 sanitizeMs=785.542 downstreamWriteMs=5.144
09-08 02:03:34.413 10510 11930 I ChromePhotosDataPlane: origin=real hostClass=network hostHash=f58aed0f48e58f0c method=GET clientProtocol=http/1.1 upstreamProtocol=h2 status=200 contentType=image/png bytesIn=769924 bytesOut=704 cache=miss decision=unknown reason=image_format_unknown source=error probability=-1.0 basis=none decodeMs=0.000 inferenceMs=0.000 inferenceQueueMs=0.000 localDecisionMs=0.000  bodyAdmissionMs=507.936 bodyReadMs=2.748 requestToDeliveryMs=1160.479 upstreamHeadersMs=634.185 sanitizeMs=523.332 downstreamWriteMs=0.944
09-08 02:03:34.483 10510 11281 I ChromePhotosDataPlane: origin=real hostClass=network hostHash=f5594fab1b035ec0 method=GET clientProtocol=http/1.1 upstreamProtocol=h2 status=200 contentType=application/javascript bytesOut=2554 transfer=fixed upstreamHeadersMs=306.965 downstreamWriteMs=2.593
09-08 02:03:34.700 10510 11599 I ChromePhotosDataPlane: origin=real hostClass=network hostHash=f58aed0f48e58f0c method=POST clientProtocol=http/1.1 upstreamProtocol=h2 status=200 contentType=application/json bytesOut=49 transfer=chunked upstreamHeadersMs=285.169 downstreamWriteMs=5.289
09-08 02:03:34.758 10510 11930 I ChromePhotosDataPlane: origin=real hostClass=network hostHash=f58aed0f48e58f0c method=POST clientProtocol=http/1.1 upstreamProtocol=h2 status=200 contentType=application/json bytesOut=832 transfer=chunked upstreamHeadersMs=299.018 downstreamWriteMs=1.041
09-08 02:03:34.778 10510 12060 I ChromePhotosDataPlane: origin=real hostClass=network hostHash=fdbc7f1491a89ee6 method=GET clientProtocol=http/1.1 upstreamProtocol=h2 status=200 contentType=image/webp bytesIn=7148 bytesOut=7148 cache=miss decision=safe reason=model_allow source=engine probability=0.009210944 basis=None decodeMs=14.014 inferenceMs=343.880 inferenceQueueMs=344.977 localDecisionMs=703.796  bodyAdmissionMs=303.573 bodyReadMs=0.123 hashMs=0.281 requestToDeliveryMs=1330.897 upstreamHeadersMs=319.513 sanitizeMs=1009.394 downstreamWriteMs=0.596
09-08 02:03:34.965 10510 11599 I ChromePhotosDataPlane: origin=real hostClass=network hostHash=f58aed0f48e58f0c method=POST clientProtocol=http/1.1 upstreamProtocol=h2 status=200 contentType=application/json bytesOut=126 transfer=chunked upstreamHeadersMs=254.373 downstreamWriteMs=4.568
09-08 02:03:35.078 10510 11930 I ChromePhotosDataPlane: origin=real hostClass=network hostHash=f58aed0f48e58f0c method=POST clientProtocol=http/1.1 upstreamProtocol=h2 status=200 contentType=application/json bytesOut=136 transfer=chunked upstreamHeadersMs=268.194 downstreamWriteMs=1.037
09-08 02:03:35.098 10510 11484 I ChromePhotosDataPlane: phase=tls_certificate correlationId=c207 tlsCacheHit=false tlsCacheWaitMs=2030.016 tlsCreationMs=946.649
09-08 02:03:35.098 10510 11484 I ChromePhotosDataPlane: phase=tls_material correlationId=c207 tlsMaterialMs=2982.442
09-08 02:03:35.123 10510 11484 I ChromePhotosDataPlane: phase=tls_ready correlationId=c207 hostClass=network hostHash=d84a36a05e56cc9d clientProtocol=http/1.1 ca=37670e7f53713d17
09-08 02:03:35.227 10510 11599 I ChromePhotosDataPlane: origin=real hostClass=network hostHash=f58aed0f48e58f0c method=POST clientProtocol=http/1.1 upstreamProtocol=h2 status=200 contentType=application/json bytesOut=94 transfer=chunked upstreamHeadersMs=204.323 downstreamWriteMs=1.828
09-08 02:03:35.415 10510 11484 I ChromePhotosDataPlane: origin=real hostClass=network hostHash=d84a36a05e56cc9d method=GET clientProtocol=http/1.1 upstreamProtocol=h2 status=200 contentType=application/x-javascript bytesOut=108637 transfer=fixed upstreamHeadersMs=187.866 downstreamWriteMs=102.390
09-08 02:03:35.421 10510 11930 I ChromePhotosDataPlane: origin=real hostClass=network hostHash=f58aed0f48e58f0c method=POST clientProtocol=http/1.1 upstreamProtocol=h2 status=200 contentType=application/json bytesOut=33710 transfer=chunked upstreamHeadersMs=295.823 downstreamWriteMs=4.310
09-08 02:03:35.535 10510 11599 I ChromePhotosDataPlane: origin=real hostClass=network hostHash=f58aed0f48e58f0c method=POST clientProtocol=http/1.1 upstreamProtocol=h2 status=200 contentType=application/json bytesOut=92 transfer=chunked upstreamHeadersMs=265.180 downstreamWriteMs=1.238
09-08 02:03:35.689 10510 11930 I ChromePhotosDataPlane: origin=real hostClass=network hostHash=f58aed0f48e58f0c method=POST clientProtocol=http/1.1 upstreamProtocol=h2 status=200 contentType=application/json bytesOut=943 transfer=chunked upstreamHeadersMs=226.370 downstreamWriteMs=0.752
09-08 02:03:35.861 10510 11211 I ChromePhotosDataPlane: origin=real hostClass=network hostHash=fdbc7f1491a89ee6 method=GET clientProtocol=http/1.1 upstreamProtocol=h2 status=200 contentType=image/webp bytesIn=2878 bytesOut=2878 cache=miss decision=safe reason=model_allow source=engine probability=0.039949685 basis=None decodeMs=44.142 inferenceMs=1036.203 inferenceQueueMs=357.019 localDecisionMs=1438.215  bodyAdmissionMs=472.667 bodyReadMs=3.293 hashMs=0.587 requestToDeliveryMs=2267.135 upstreamHeadersMs=342.988 sanitizeMs=1916.201 downstreamWriteMs=1.523
09-08 02:03:36.184 10510 11210 I ChromePhotosDataPlane: phase=tls_certificate correlationId=c212 tlsCacheHit=false tlsCacheWaitMs=2974.385 tlsCreationMs=1091.561
09-08 02:03:36.185 10510 11210 I ChromePhotosDataPlane: phase=tls_material correlationId=c212 tlsMaterialMs=4066.340
09-08 02:03:36.197 10510 11210 I ChromePhotosDataPlane: phase=tls_ready correlationId=c212 hostClass=network hostHash=191347bfe55d0ca9 clientProtocol=http/1.1 ca=37670e7f53713d17
09-08 02:03:36.513 10510 11210 I ChromePhotosDataPlane: origin=real hostClass=network hostHash=191347bfe55d0ca9 method=POST clientProtocol=http/1.1 upstreamProtocol=h2 status=200 contentType=text/plain bytesOut=0 transfer=fixed upstreamHeadersMs=264.401 downstreamWriteMs=0.418
09-08 02:03:37.045 10510 11294 I ChromePhotosDataPlane: phase=tls_certificate correlationId=c210 tlsCacheHit=false tlsCacheWaitMs=4059.245 tlsCreationMs=860.082
09-08 02:03:37.046 10510 11294 I ChromePhotosDataPlane: phase=tls_material correlationId=c210 tlsMaterialMs=4919.954
09-08 02:03:37.061 10510 11175 I ChromePhotosDataPlane: origin=real hostClass=network hostHash=fdbc7f1491a89ee6 method=GET clientProtocol=http/1.1 upstreamProtocol=h2 status=200 contentType=image/webp bytesIn=1754 bytesOut=1754 cache=miss decision=safe reason=model_allow source=engine probability=0.11835408 basis=None decodeMs=10.397 inferenceMs=1139.989 inferenceQueueMs=1078.780 localDecisionMs=2270.795  bodyAdmissionMs=671.611 bodyReadMs=0.174 hashMs=0.842 requestToDeliveryMs=3141.352 upstreamHeadersMs=184.862 sanitizeMs=2944.629 downstreamWriteMs=1.325
09-08 02:03:37.127 10510 11489 I ChromePhotosDataPlane: phase=worker_ready correlationId=c221 admissionWaitMs=0.239
09-08 02:03:37.156 10510 11599 I ChromePhotosDataPlane: origin=real hostClass=network hostHash=f58aed0f48e58f0c method=POST clientProtocol=http/1.1 upstreamProtocol=h2 status=200 contentType=application/json bytesOut=27768 transfer=chunked upstreamHeadersMs=1548.437 downstreamWriteMs=29.045
09-08 02:03:37.162 10510 11294 I ChromePhotosDataPlane: phase=tls_ready correlationId=c210 hostClass=network hostHash=9d6e17ba2c400ce0 clientProtocol=http/1.1 ca=37670e7f53713d17
09-08 02:03:37.181 10510 11993 I ChromePhotosDataPlane: phase=worker_ready correlationId=c222 admissionWaitMs=0.272
09-08 02:03:37.205 10510 11188 I ChromePhotosDataPlane: phase=worker_ready correlationId=c223 admissionWaitMs=0.247
09-08 02:03:37.370 10510 11930 I ChromePhotosDataPlane: origin=real hostClass=network hostHash=f58aed0f48e58f0c method=POST clientProtocol=http/1.1 upstreamProtocol=h2 status=200 contentType=application/json bytesOut=1057 transfer=chunked upstreamHeadersMs=353.031 downstreamWriteMs=0.698
09-08 02:03:37.413 10510 11271 I ChromePhotosDataPlane: phase=worker_ready correlationId=c224 admissionWaitMs=0.292
09-08 02:03:37.462 10510 11443 I ChromePhotosDataPlane: phase=tls_certificate correlationId=c211 tlsCacheHit=false tlsCacheWaitMs=4920.379 tlsCreationMs=399.347
09-08 02:03:37.462 10510 11443 I ChromePhotosDataPlane: phase=tls_material correlationId=c211 tlsMaterialMs=5326.983
09-08 02:03:37.522 10510 11862 I ChromePhotosDataPlane: phase=worker_ready correlationId=c225 admissionWaitMs=0.260
09-08 02:03:37.526 10510 11443 I ChromePhotosDataPlane: phase=tls_ready correlationId=c211 hostClass=network hostHash=29078f5ef8eb9960 clientProtocol=http/1.1 ca=37670e7f53713d17
09-08 02:03:37.669 10510 11294 I ChromePhotosDataPlane: origin=real hostClass=network hostHash=9d6e17ba2c400ce0 method=GET clientProtocol=http/1.1 upstreamProtocol=h2 status=200 contentType=text/html bytesOut=2743 transfer=chunked upstreamHeadersMs=452.730 downstreamWriteMs=1.348
09-08 02:03:37.671 10510 11443 I ChromePhotosDataPlane: origin=real hostClass=network hostHash=29078f5ef8eb9960 method=GET clientProtocol=http/1.1 upstreamProtocol=h2 status=304 contentType= bytesOut=0 transfer=fixed upstreamHeadersMs=138.916 downstreamWriteMs=0.604
09-08 02:03:37.676 10510 11294 W ChromePhotosDataPlane: phase=connection_failed correlationId=c210 error=SocketException
09-08 02:03:37.715 10510 12101 I ChromePhotosDataPlane: origin=real hostClass=network hostHash=fdbc7f1491a89ee6 method=GET clientProtocol=http/1.1 upstreamProtocol=h2 status=200 contentType=image/webp bytesIn=1952 bytesOut=1952 cache=miss decision=safe reason=model_allow source=engine probability=0.031541497 basis=None decodeMs=13.473 inferenceMs=688.885 inferenceQueueMs=1141.546 localDecisionMs=1844.843  bodyAdmissionMs=1751.790 bodyReadMs=0.169 hashMs=8.094 requestToDeliveryMs=3955.150 upstreamHeadersMs=345.382 sanitizeMs=3606.174 downstreamWriteMs=0.871
09-08 02:03:37.946 10510 11284 I ChromePhotosDataPlane: phase=tls_certificate correlationId=c208 tlsCacheHit=false tlsCacheWaitMs=5313.174 tlsCreationMs=489.372
09-08 02:03:37.946 10510 11284 I ChromePhotosDataPlane: phase=tls_material correlationId=c208 tlsMaterialMs=5803.325
09-08 02:03:37.958 10510 11284 I ChromePhotosDataPlane: phase=tls_ready correlationId=c208 hostClass=network hostHash=df8ab3acb3324531 clientProtocol=http/1.1 ca=37670e7f53713d17
09-08 02:03:38.309 10510 11215 I ChromePhotosDataPlane: origin=real hostClass=network hostHash=fdbc7f1491a89ee6 method=GET clientProtocol=http/1.1 upstreamProtocol=h2 status=200 contentType=image/webp bytesIn=2190 bytesOut=2190 cache=miss decision=safe reason=model_allow source=engine probability=0.03790164 basis=None decodeMs=8.522 inferenceMs=584.643 inferenceQueueMs=659.849 localDecisionMs=1254.625  bodyAdmissionMs=2764.803 bodyReadMs=0.138 hashMs=1.278 requestToDeliveryMs=4190.243 upstreamHeadersMs=165.439 sanitizeMs=4021.714 downstreamWriteMs=0.846
09-08 02:03:38.375 10510 11498 I ChromePhotosDataPlane: phase=tls_certificate correlationId=c213 tlsCacheHit=false tlsCacheWaitMs=5784.787 tlsCreationMs=428.248
09-08 02:03:38.375 10510 11498 I ChromePhotosDataPlane: phase=tls_material correlationId=c213 tlsMaterialMs=6213.679
09-08 02:03:38.398 10510 11498 I ChromePhotosDataPlane: phase=tls_ready correlationId=c213 hostClass=network hostHash=4dce8d0b280a268f clientProtocol=http/1.1 ca=37670e7f53713d17
09-08 02:03:38.469 10510 11672 I ChromePhotosDataPlane: phase=worker_ready correlationId=c226 admissionWaitMs=0.801
09-08 02:03:38.473 10510 12004 I ChromePhotosDataPlane: phase=worker_ready correlationId=c227 admissionWaitMs=0.430
09-08 02:03:38.533 10510 11893 I ChromePhotosDataPlane: phase=worker_ready correlationId=c228 admissionWaitMs=0.728
09-08 02:03:38.819 10510 12045 I ChromePhotosDataPlane: phase=worker_ready correlationId=c229 admissionWaitMs=0.283
09-08 02:03:38.841 10510 11174 I ChromePhotosDataPlane: phase=worker_ready correlationId=c230 admissionWaitMs=1.442
09-08 02:03:38.918 10510 11449 I ChromePhotosDataPlane: origin=real hostClass=network hostHash=fdbc7f1491a89ee6 method=GET clientProtocol=http/1.1 upstreamProtocol=h2 status=200 contentType=image/webp bytesIn=2028 bytesOut=2028 cache=miss decision=safe reason=model_allow source=engine probability=0.03386417 basis=None decodeMs=11.194 inferenceMs=589.238 inferenceQueueMs=591.984 localDecisionMs=1196.225  bodyAdmissionMs=3083.521 bodyReadMs=0.160 hashMs=0.370 requestToDeliveryMs=4475.301 upstreamHeadersMs=185.576 sanitizeMs=4283.526 downstreamWriteMs=4.113
09-08 02:03:38.918 10510 12038 I ChromePhotosDataPlane: origin=real hostClass=network hostHash=ee8cdc867bba487e method=POST clientProtocol=http/1.1 upstreamProtocol=h2 status=302 contentType= bytesIn=0 bytesOut=0 cache=miss decision=passthrough   requestToDeliveryMs=409.374 upstreamHeadersMs=398.713 sanitizeMs=0.732 downstreamWriteMs=0.655
09-08 02:03:38.953 10510 11422 I ChromePhotosDataPlane: phase=tls_certificate correlationId=c214 tlsCacheHit=false tlsCacheWaitMs=6171.104 tlsCreationMs=576.959
09-08 02:03:38.953 10510 11422 I ChromePhotosDataPlane: phase=tls_material correlationId=c214 tlsMaterialMs=6748.509
09-08 02:03:38.953 10510 11900 I ChromePhotosDataPlane: phase=tls_certificate correlationId=c215 tlsCacheHit=true tlsCacheWaitMs=6742.804 tlsCreationMs=0.000
09-08 02:03:38.954 10510 11900 I ChromePhotosDataPlane: phase=tls_material correlationId=c215 tlsMaterialMs=6743.511
09-08 02:03:38.955 10510 11600 I ChromePhotosDataPlane: phase=tls_certificate correlationId=c216 tlsCacheHit=true tlsCacheWaitMs=6740.840 tlsCreationMs=0.000
09-08 02:03:38.955 10510 11600 I ChromePhotosDataPlane: phase=tls_material correlationId=c216 tlsMaterialMs=6741.169
09-08 02:03:38.956 10510 11427 I ChromePhotosDataPlane: phase=tls_certificate correlationId=c217 tlsCacheHit=true tlsCacheWaitMs=6714.506 tlsCreationMs=0.000
09-08 02:03:38.956 10510 11427 I ChromePhotosDataPlane: phase=tls_material correlationId=c217 tlsMaterialMs=6714.759
09-08 02:03:38.992 10510 11600 I ChromePhotosDataPlane: phase=tls_ready correlationId=c216 hostClass=network hostHash=f58aed0f48e58f0c clientProtocol=http/1.1 ca=37670e7f53713d17
09-08 02:03:38.994 10510 11422 I ChromePhotosDataPlane: phase=tls_ready correlationId=c214 hostClass=network hostHash=f58aed0f48e58f0c clientProtocol=http/1.1 ca=37670e7f53713d17
09-08 02:03:38.996 10510 11427 I ChromePhotosDataPlane: phase=tls_ready correlationId=c217 hostClass=network hostHash=f58aed0f48e58f0c clientProtocol=http/1.1 ca=37670e7f53713d17
09-08 02:03:39.004 10510 11900 I ChromePhotosDataPlane: phase=tls_ready correlationId=c215 hostClass=network hostHash=f58aed0f48e58f0c clientProtocol=http/1.1 ca=37670e7f53713d17
09-08 02:03:39.040 10510 11518 I ChromePhotosDataPlane: phase=worker_ready correlationId=c231 admissionWaitMs=0.249
09-08 02:03:39.068 10510 12060 I ChromePhotosDataPlane: origin=real hostClass=network hostHash=fdbc7f1491a89ee6 method=GET clientProtocol=http/1.1 upstreamProtocol=h2 status=200 contentType=image/webp bytesIn=6380 bytesOut=6380 cache=miss decision=safe reason=model_allow source=engine probability=0.07566276 basis=None decodeMs=5.706 inferenceMs=151.798 inferenceQueueMs=574.925 localDecisionMs=733.061  bodyAdmissionMs=3318.427 bodyReadMs=0.116 hashMs=0.524 requestToDeliveryMs=4248.493 upstreamHeadersMs=171.637 sanitizeMs=4073.500 downstreamWriteMs=1.124
09-08 02:03:39.097 10510 11923 I ChromePhotosDataPlane: phase=worker_ready correlationId=c233 admissionWaitMs=1.010
09-08 02:03:39.097 10510 11232 I ChromePhotosDataPlane: phase=worker_ready correlationId=c232 admissionWaitMs=18.108
09-08 02:03:39.122 10510 11498 I ChromePhotosDataPlane: origin=real hostClass=network hostHash=4dce8d0b280a268f method=GET clientProtocol=http/1.1 upstreamProtocol=h2 status=204 contentType= bytesIn=0 bytesOut=0 cache=miss decision=passthrough   requestToDeliveryMs=722.408 upstreamHeadersMs=720.423 sanitizeMs=0.042 downstreamWriteMs=0.595
09-08 02:03:39.242 10510 11537 I ChromePhotosDataPlane: phase=worker_ready correlationId=c234 admissionWaitMs=0.235
09-08 02:03:39.305 10510 11432 I ChromePhotosDataPlane: phase=tls_certificate correlationId=c218 tlsCacheHit=false tlsCacheWaitMs=6623.859 tlsCreationMs=349.415
09-08 02:03:39.305 10510 11432 I ChromePhotosDataPlane: phase=tls_material correlationId=c218 tlsMaterialMs=6973.660
09-08 02:03:39.306 10510 11460 I ChromePhotosDataPlane: phase=tls_certificate correlationId=c220 tlsCacheHit=true tlsCacheWaitMs=6190.087 tlsCreationMs=0.000
09-08 02:03:39.306 10510 11460 I ChromePhotosDataPlane: phase=tls_material correlationId=c220 tlsMaterialMs=6190.274
09-08 02:03:39.345 10510 11460 I ChromePhotosDataPlane: phase=tls_ready correlationId=c220 hostClass=network hostHash=191347bfe55d0ca9 clientProtocol=http/1.1 ca=37670e7f53713d17
09-08 02:03:39.349 10510 11432 I ChromePhotosDataPlane: phase=tls_ready correlationId=c218 hostClass=network hostHash=66f6975d8388801b clientProtocol=http/1.1 ca=37670e7f53713d17
09-08 02:03:39.443 10510 11284 I ChromePhotosDataPlane: origin=real hostClass=network hostHash=df8ab3acb3324531 method=GET clientProtocol=http/1.1 upstreamProtocol=h2 status=304 contentType= bytesOut=0 transfer=fixed upstreamHeadersMs=1482.054 downstreamWriteMs=0.863
09-08 02:03:39.487 10510 11929 I ChromePhotosDataPlane: phase=worker_ready correlationId=c235 admissionWaitMs=0.319
09-08 02:03:39.494 10510 12078 I ChromePhotosDataPlane: phase=worker_ready correlationId=c236 admissionWaitMs=0.328
09-08 02:03:39.527 10510 11460 I ChromePhotosDataPlane: origin=real hostClass=network hostHash=191347bfe55d0ca9 method=POST clientProtocol=http/1.1 upstreamProtocol=h2 status=200 contentType=text/plain bytesOut=0 transfer=fixed upstreamHeadersMs=168.015 downstreamWriteMs=0.906
09-08 02:03:39.536 10510 11528 I ChromePhotosDataPlane: phase=worker_ready correlationId=c237 admissionWaitMs=0.221
09-08 02:03:39.561 10510 11489 I ChromePhotosDataPlane: phase=tls_certificate correlationId=c221 tlsCacheHit=false tlsCacheWaitMs=2058.678 tlsCreationMs=255.496
09-08 02:03:39.561 10510 11489 I ChromePhotosDataPlane: phase=tls_material correlationId=c221 tlsMaterialMs=2314.569
09-08 02:03:39.572 10510 11870 I ChromePhotosDataPlane: phase=worker_ready correlationId=c238 admissionWaitMs=0.230
09-08 02:03:39.576 10510 11489 I ChromePhotosDataPlane: phase=tls_ready correlationId=c221 hostClass=network hostHash=abf8fbf760ef2a86 clientProtocol=http/1.1 ca=37670e7f53713d17
09-08 02:03:39.594 10510 11994 I ChromePhotosDataPlane: phase=worker_ready correlationId=c239 admissionWaitMs=0.482
09-08 02:03:39.670 10510 11211 I ChromePhotosDataPlane: origin=real hostClass=network hostHash=fdbc7f1491a89ee6 method=GET clientProtocol=http/1.1 upstreamProtocol=h2 status=200 contentType=image/webp bytesIn=26888 bytesOut=26888 cache=miss decision=safe reason=model_allow source=engine probability=0.01354295 basis=None decodeMs=20.524 inferenceMs=578.241 inferenceQueueMs=118.843 localDecisionMs=718.813  bodyAdmissionMs=2821.920 bodyReadMs=0.834 hashMs=1.011 requestToDeliveryMs=3767.281 upstreamHeadersMs=185.467 sanitizeMs=3575.919 downstreamWriteMs=1.430
09-08 02:03:39.931 10510 11188 I ChromePhotosDataPlane: phase=tls_certificate correlationId=c223 tlsCacheHit=false tlsCacheWaitMs=2301.264 tlsCreationMs=360.245
09-08 02:03:39.931 10510 11188 I ChromePhotosDataPlane: phase=tls_material correlationId=c223 tlsMaterialMs=2670.202
09-08 02:03:39.932 10510 11489 I ChromePhotosDataPlane: origin=real hostClass=network hostHash=abf8fbf760ef2a86 method=GET clientProtocol=http/1.1 upstreamProtocol=h2 status=200 contentType=image/png bytesIn=0 bytesOut=704 cache=miss decision=unknown reason=encoded_image_unsupported source=error probability=-1.0 basis=none decodeMs=0.000 inferenceMs=0.000 inferenceQueueMs=0.000 localDecisionMs=0.000   requestToDeliveryMs=354.974 upstreamHeadersMs=346.471 sanitizeMs=0.194 downstreamWriteMs=0.941
09-08 02:03:39.979 10510 11432 I ChromePhotosDataPlane: origin=real hostClass=network hostHash=66f6975d8388801b method=GET clientProtocol=http/1.1 upstreamProtocol=h2 status=403 contentType=application/xml bytesOut=263 transfer=chunked upstreamHeadersMs=589.106 downstreamWriteMs=37.821
09-08 02:03:40.027 10510 11673 I ChromePhotosDataPlane: phase=worker_ready correlationId=c240 admissionWaitMs=7.523
09-08 02:03:40.032 10510 11188 I ChromePhotosDataPlane: phase=tls_ready correlationId=c223 hostClass=network hostHash=0cb87e7c434c3594 clientProtocol=http/1.1 ca=37670e7f53713d17
09-08 02:03:40.114 10510 11484 I ChromePhotosDataPlane: origin=real hostClass=network hostHash=d84a36a05e56cc9d method=GET clientProtocol=http/1.1 upstreamProtocol=h2 status=200 contentType=application/x-javascript bytesOut=155842 transfer=fixed upstreamHeadersMs=135.478 downstreamWriteMs=67.672
09-08 02:03:40.166 10510 11930 I ChromePhotosDataPlane: origin=real hostClass=network hostHash=f58aed0f48e58f0c method=POST clientProtocol=http/1.1 upstreamProtocol=h2 status=204 contentType= bytesOut=0 transfer=fixed upstreamHeadersMs=678.938 downstreamWriteMs=1.182
09-08 02:03:40.207 10510 11931 I ChromePhotosDataPlane: phase=worker_ready correlationId=c241 admissionWaitMs=0.861
09-08 02:03:40.208 10510 11993 I ChromePhotosDataPlane: phase=tls_certificate correlationId=c222 tlsCacheHit=false tlsCacheWaitMs=2640.038 tlsCreationMs=284.916
09-08 02:03:40.208 10510 11993 I ChromePhotosDataPlane: phase=tls_material correlationId=c222 tlsMaterialMs=2925.376
09-08 02:03:40.208 10510 11862 I ChromePhotosDataPlane: phase=tls_certificate correlationId=c225 tlsCacheHit=true tlsCacheWaitMs=2680.057 tlsCreationMs=0.000
09-08 02:03:40.208 10510 11862 I ChromePhotosDataPlane: phase=tls_material correlationId=c225 tlsMaterialMs=2680.340
09-08 02:03:40.208 10510 11599 I ChromePhotosDataPlane: origin=real hostClass=network hostHash=f58aed0f48e58f0c method=POST clientProtocol=http/1.1 upstreamProtocol=h2 status=204 contentType= bytesOut=0 transfer=fixed upstreamHeadersMs=677.555 downstreamWriteMs=0.671
09-08 02:03:40.232 10510 11862 I ChromePhotosDataPlane: phase=tls_ready correlationId=c225 hostClass=network hostHash=0cb87e7c434c3594 clientProtocol=http/1.1 ca=37670e7f53713d17
09-08 02:03:40.236 10510 11993 I ChromePhotosDataPlane: phase=tls_ready correlationId=c222 hostClass=network hostHash=07caf1d8d64e8f89 clientProtocol=http/1.1 ca=37670e7f53713d17
09-08 02:03:40.303 10510 11175 I ChromePhotosDataPlane: origin=real hostClass=network hostHash=fdbc7f1491a89ee6 method=GET clientProtocol=http/1.1 upstreamProtocol=h2 status=200 contentType=image/webp bytesIn=16300 bytesOut=16300 cache=miss decision=safe reason=model_allow source=engine probability=0.26753896 basis=None decodeMs=17.922 inferenceMs=612.968 inferenceQueueMs=596.057 localDecisionMs=1228.892  bodyAdmissionMs=1773.594 bodyReadMs=0.152 hashMs=0.218 requestToDeliveryMs=3200.288 upstreamHeadersMs=188.221 sanitizeMs=3005.899 downstreamWriteMs=1.067
09-08 02:03:40.435 10510 11529 I ChromePhotosDataPlane: origin=real hostClass=network hostHash=935e0b482f6ac80a method=GET clientProtocol=http/1.1 upstreamProtocol=h2 status=200 contentType=application/javascript bytesOut=874 transfer=chunked upstreamHeadersMs=377.287 downstreamWriteMs=1.783
09-08 02:03:40.464 10510 11936 I ChromePhotosDataPlane: origin=real hostClass=network hostHash=a552b937eecf21c7 method=GET clientProtocol=http/1.1 upstreamProtocol=h2 status=200 contentType=image/png bytesIn=0 bytesOut=704 cache=miss decision=unknown reason=encoded_image_unsupported source=error probability=-1.0 basis=none decodeMs=0.000 inferenceMs=0.000 inferenceQueueMs=0.000 localDecisionMs=0.000   requestToDeliveryMs=274.062 upstreamHeadersMs=258.366 sanitizeMs=0.268 downstreamWriteMs=3.728
09-08 02:03:40.570 10510 11271 I ChromePhotosDataPlane: phase=tls_certificate correlationId=c224 tlsCacheHit=false tlsCacheWaitMs=2659.754 tlsCreationMs=362.052
09-08 02:03:40.571 10510 11271 I ChromePhotosDataPlane: phase=tls_material correlationId=c224 tlsMaterialMs=3022.302
09-08 02:03:40.572 10510 12004 I ChromePhotosDataPlane: phase=tls_certificate correlationId=c227 tlsCacheHit=true tlsCacheWaitMs=2056.104 tlsCreationMs=0.000
09-08 02:03:40.572 10510 12004 I ChromePhotosDataPlane: phase=tls_material correlationId=c227 tlsMaterialMs=2056.756
09-08 02:03:40.587 10510 11271 I ChromePhotosDataPlane: phase=tls_ready correlationId=c224 hostClass=network hostHash=8d9559743b8b4225 clientProtocol=http/1.1 ca=37670e7f53713d17
09-08 02:03:40.600 10510 12004 I ChromePhotosDataPlane: phase=tls_ready correlationId=c227 hostClass=network hostHash=191347bfe55d0ca9 clientProtocol=http/1.1 ca=37670e7f53713d17
09-08 02:03:40.784 10510 11271 I ChromePhotosDataPlane: origin=real hostClass=network hostHash=8d9559743b8b4225 method=POST clientProtocol=http/1.1 upstreamProtocol=h2 status=204 contentType=image/gif bytesIn=0 bytesOut=0 cache=miss decision=passthrough   requestToDeliveryMs=195.609 upstreamHeadersMs=193.364 sanitizeMs=0.120 downstreamWriteMs=0.631
09-08 02:03:40.799 10510 12004 I ChromePhotosDataPlane: origin=real hostClass=network hostHash=191347bfe55d0ca9 method=POST clientProtocol=http/1.1 upstreamProtocol=h2 status=200 contentType=text/html bytesOut=0 transfer=fixed upstreamHeadersMs=194.247 downstreamWriteMs=0.371
09-08 02:03:40.803 10510 12020 I ChromePhotosDataPlane: phase=worker_ready correlationId=c242 admissionWaitMs=0.230
09-08 02:03:40.809 10510 12019 I ChromePhotosDataPlane: phase=worker_ready correlationId=c243 admissionWaitMs=0.238
09-08 02:03:40.819 10510 11992 I ChromePhotosDataPlane: phase=worker_ready correlationId=c244 admissionWaitMs=0.248
09-08 02:03:40.878 10510 12101 I ChromePhotosDataPlane: origin=real hostClass=network hostHash=fdbc7f1491a89ee6 method=GET clientProtocol=http/1.1 upstreamProtocol=h2 status=200 contentType=image/webp bytesIn=25378 bytesOut=25378 cache=miss decision=safe reason=model_allow source=engine probability=0.09926775 basis=None decodeMs=16.420 inferenceMs=545.041 inferenceQueueMs=615.120 localDecisionMs=1177.976  bodyAdmissionMs=1705.275 bodyReadMs=0.294 hashMs=2.659 requestToDeliveryMs=3108.149 upstreamHeadersMs=180.658 sanitizeMs=2900.625 downstreamWriteMs=16.274
09-08 02:03:40.938 10510 11672 I ChromePhotosDataPlane: phase=tls_certificate correlationId=c226 tlsCacheHit=false tlsCacheWaitMs=1987.483 tlsCreationMs=364.492
09-08 02:03:40.938 10510 11672 I ChromePhotosDataPlane: phase=tls_material correlationId=c226 tlsMaterialMs=2352.734
09-08 02:03:40.963 10510 11672 I ChromePhotosDataPlane: phase=tls_ready correlationId=c226 hostClass=network hostHash=fa24434ded0218fe clientProtocol=http/1.1 ca=37670e7f53713d17
09-08 02:03:41.023 10510 11188 I ChromePhotosDataPlane: origin=real hostClass=network hostHash=0cb87e7c434c3594 method=GET clientProtocol=http/1.1 upstreamProtocol=h2 status=200 contentType=application/xml bytesOut=86 transfer=fixed upstreamHeadersMs=980.533 downstreamWriteMs=0.604
09-08 02:03:41.157 10510 11672 I ChromePhotosDataPlane: origin=real hostClass=network hostHash=fa24434ded0218fe method=GET clientProtocol=http/1.1 upstreamProtocol=h2 status=200 contentType=text/javascript bytesOut=2750 transfer=fixed upstreamHeadersMs=189.775 downstreamWriteMs=1.352
09-08 02:03:41.281 10510 11672 I ChromePhotosDataPlane: origin=real hostClass=network hostHash=fa24434ded0218fe method=GET clientProtocol=http/1.1 upstreamProtocol=h2 status=200 contentType=text/javascript bytesOut=2740 transfer=fixed upstreamHeadersMs=71.392 downstreamWriteMs=0.998
09-08 02:03:41.346 10510 11893 I ChromePhotosDataPlane: phase=tls_certificate correlationId=c228 tlsCacheHit=false tlsCacheWaitMs=2314.369 tlsCreationMs=407.715
09-08 02:03:41.346 10510 11893 I ChromePhotosDataPlane: phase=tls_material correlationId=c228 tlsMaterialMs=2723.300
09-08 02:03:41.347 10510 12045 I ChromePhotosDataPlane: phase=tls_certificate correlationId=c229 tlsCacheHit=true tlsCacheWaitMs=2506.202 tlsCreationMs=0.000
09-08 02:03:41.347 10510 12045 I ChromePhotosDataPlane: phase=tls_material correlationId=c229 tlsMaterialMs=2506.722
09-08 02:03:41.347 10510 11174 I ChromePhotosDataPlane: phase=tls_certificate correlationId=c230 tlsCacheHit=true tlsCacheWaitMs=2474.924 tlsCreationMs=0.000
09-08 02:03:41.347 10510 11174 I ChromePhotosDataPlane: phase=tls_material correlationId=c230 tlsMaterialMs=2475.541
09-08 02:03:41.348 10510 11518 I ChromePhotosDataPlane: phase=tls_certificate correlationId=c231 tlsCacheHit=true tlsCacheWaitMs=2287.642 tlsCreationMs=0.000
09-08 02:03:41.348 10510 11518 I ChromePhotosDataPlane: phase=tls_material correlationId=c231 tlsMaterialMs=2289.198
09-08 02:03:41.348 10510 11923 I ChromePhotosDataPlane: phase=tls_certificate correlationId=c233 tlsCacheHit=true tlsCacheWaitMs=2241.068 tlsCreationMs=0.000
09-08 02:03:41.348 10510 11923 I ChromePhotosDataPlane: phase=tls_material correlationId=c233 tlsMaterialMs=2241.536
09-08 02:03:41.350 10510 11232 I ChromePhotosDataPlane: phase=tls_certificate correlationId=c232 tlsCacheHit=true tlsCacheWaitMs=2233.204 tlsCreationMs=0.000
09-08 02:03:41.350 10510 11232 I ChromePhotosDataPlane: phase=tls_material correlationId=c232 tlsMaterialMs=2234.017
09-08 02:03:41.352 10510 11537 I ChromePhotosDataPlane: phase=tls_certificate correlationId=c234 tlsCacheHit=true tlsCacheWaitMs=2101.993 tlsCreationMs=0.000
09-08 02:03:41.353 10510 11537 I ChromePhotosDataPlane: phase=tls_material correlationId=c234 tlsMaterialMs=2102.671
09-08 02:03:41.368 10510 12045 I ChromePhotosDataPlane: phase=tls_ready correlationId=c229 hostClass=network hostHash=191347bfe55d0ca9 clientProtocol=http/1.1 ca=37670e7f53713d17
09-08 02:03:41.380 10510 11518 I ChromePhotosDataPlane: phase=tls_ready correlationId=c231 hostClass=network hostHash=fa24434ded0218fe clientProtocol=http/1.1 ca=37670e7f53713d17
09-08 02:03:41.386 10510 11923 I ChromePhotosDataPlane: phase=tls_ready correlationId=c233 hostClass=network hostHash=191347bfe55d0ca9 clientProtocol=http/1.1 ca=37670e7f53713d17
09-08 02:03:41.388 10510 11232 I ChromePhotosDataPlane: phase=tls_ready correlationId=c232 hostClass=network hostHash=191347bfe55d0ca9 clientProtocol=http/1.1 ca=37670e7f53713d17
09-08 02:03:41.391 10510 11537 I ChromePhotosDataPlane: phase=tls_ready correlationId=c234 hostClass=network hostHash=fa24434ded0218fe clientProtocol=http/1.1 ca=37670e7f53713d17
09-08 02:03:41.393 10510 11174 I ChromePhotosDataPlane: phase=tls_ready correlationId=c230 hostClass=network hostHash=191347bfe55d0ca9 clientProtocol=http/1.1 ca=37670e7f53713d17
09-08 02:03:41.395 10510 11893 I ChromePhotosDataPlane: phase=tls_ready correlationId=c228 hostClass=network hostHash=ef6a1cd63150fbbc clientProtocol=http/1.1 ca=37670e7f53713d17
09-08 02:03:41.402 10510 11672 I ChromePhotosDataPlane: origin=real hostClass=network hostHash=fa24434ded0218fe method=GET clientProtocol=http/1.1 upstreamProtocol=h2 status=200 contentType=text/javascript bytesOut=2746 transfer=fixed upstreamHeadersMs=68.925 downstreamWriteMs=1.059
09-08 02:03:41.426 10510 12045 I ChromePhotosDataPlane: origin=real hostClass=network hostHash=191347bfe55d0ca9 method=POST clientProtocol=http/1.1 upstreamProtocol=h2 status=200 contentType=text/plain bytesOut=0 transfer=fixed upstreamHeadersMs=50.904 downstreamWriteMs=0.726
09-08 02:03:41.430 10510 12005 I ChromePhotosDataPlane: phase=worker_ready correlationId=c245 admissionWaitMs=0.221
09-08 02:03:41.436 10510 11215 I ChromePhotosDataPlane: origin=real hostClass=network hostHash=fdbc7f1491a89ee6 method=GET clientProtocol=http/1.1 upstreamProtocol=h2 status=200 contentType=image/webp bytesIn=16002 bytesOut=16002 cache=miss decision=safe reason=model_allow source=engine probability=0.06782976 basis=None decodeMs=18.580 inferenceMs=554.178 inferenceQueueMs=556.913 localDecisionMs=1132.221  bodyAdmissionMs=1738.771 bodyReadMs=0.164 hashMs=0.205 requestToDeliveryMs=3085.251 upstreamHeadersMs=208.282 sanitizeMs=2874.059 downstreamWriteMs=0.850
09-08 02:03:41.446 10510 11518 I ChromePhotosDataPlane: origin=real hostClass=network hostHash=fa24434ded0218fe method=GET clientProtocol=http/1.1 upstreamProtocol=h2 status=200 contentType=text/javascript bytesOut=2748 transfer=fixed upstreamHeadersMs=62.149 downstreamWriteMs=1.108
09-08 02:03:41.460 10510 11174 I ChromePhotosDataPlane: origin=real hostClass=network hostHash=191347bfe55d0ca9 method=POST clientProtocol=http/1.1 upstreamProtocol=h2 status=200 contentType=text/plain bytesOut=0 transfer=fixed upstreamHeadersMs=48.004 downstreamWriteMs=0.552
09-08 02:03:41.466 10510 11981 I ChromePhotosDataPlane: phase=worker_ready correlationId=c246 admissionWaitMs=0.265
09-08 02:03:41.485 10510 11923 I ChromePhotosDataPlane: origin=real hostClass=network hostHash=191347bfe55d0ca9 method=POST clientProtocol=http/1.1 upstreamProtocol=h2 status=200 contentType=text/plain bytesOut=0 transfer=fixed upstreamHeadersMs=70.683 downstreamWriteMs=0.896
09-08 02:03:41.497 10510 11982 I ChromePhotosDataPlane: phase=worker_ready correlationId=c247 admissionWaitMs=0.356
09-08 02:03:41.505 10510 11232 I ChromePhotosDataPlane: origin=real hostClass=network hostHash=191347bfe55d0ca9 method=POST clientProtocol=http/1.1 upstreamProtocol=h2 status=200 contentType=text/html bytesOut=0 transfer=fixed upstreamHeadersMs=92.634 downstreamWriteMs=0.727
09-08 02:03:41.662 10510 11893 I ChromePhotosDataPlane: phase=media_shield_document origin=real hostClass=network hostHash=ef6a1cd63150fbbc result=transformed documentSequence=12 navigationSequence=7 token=3a628c4bac3f bytesOut=113029 upstreamHeadersMs=154.598 documentDecisionMs=102.621 downstreamWriteMs=2.408
09-08 02:03:41.924 10510 11929 I ChromePhotosDataPlane: phase=tls_certificate correlationId=c235 tlsCacheHit=false tlsCacheWaitMs=1818.416 tlsCreationMs=571.472
09-08 02:03:41.925 10510 11929 I ChromePhotosDataPlane: phase=tls_material correlationId=c235 tlsMaterialMs=2390.574
09-08 02:03:41.925 10510 11528 I ChromePhotosDataPlane: phase=tls_certificate correlationId=c237 tlsCacheHit=true tlsCacheWaitMs=2380.807 tlsCreationMs=0.000
09-08 02:03:41.925 10510 11528 I ChromePhotosDataPlane: phase=tls_material correlationId=c237 tlsMaterialMs=2381.178
09-08 02:03:41.946 10510 11929 I ChromePhotosDataPlane: phase=tls_ready correlationId=c235 hostClass=network hostHash=f866b7a904344e57 clientProtocol=http/1.1 ca=37670e7f53713d17
09-08 02:03:41.961 10510 11528 I ChromePhotosDataPlane: phase=tls_ready correlationId=c237 hostClass=network hostHash=191347bfe55d0ca9 clientProtocol=http/1.1 ca=37670e7f53713d17
09-08 02:03:41.994 10510 11449 I ChromePhotosDataPlane: origin=real hostClass=network hostHash=fdbc7f1491a89ee6 method=GET clientProtocol=http/1.1 upstreamProtocol=h2 status=200 contentType=image/webp bytesIn=17738 bytesOut=17738 cache=miss decision=safe reason=model_allow source=engine probability=0.094395995 basis=None decodeMs=15.065 inferenceMs=540.443 inferenceQueueMs=514.278 localDecisionMs=1070.795  bodyAdmissionMs=1697.189 bodyReadMs=0.337 hashMs=0.324 requestToDeliveryMs=3014.726 upstreamHeadersMs=184.796 sanitizeMs=2823.527 downstreamWriteMs=3.239
09-08 02:03:42.135 10510 12060 I ChromePhotosDataPlane: origin=real hostClass=network hostHash=fdbc7f1491a89ee6 method=GET clientProtocol=http/1.1 upstreamProtocol=h2 status=200 contentType=image/png bytesIn=6621 bytesOut=6621 cache=miss decision=safe reason=model_allow source=engine probability=0.010038227 basis=None decodeMs=3.351 inferenceMs=141.788 inferenceQueueMs=550.967 localDecisionMs=697.370  bodyAdmissionMs=2117.119 bodyReadMs=0.549 hashMs=0.434 requestToDeliveryMs=3028.677 upstreamHeadersMs=209.790 sanitizeMs=2817.019 downstreamWriteMs=0.493
09-08 02:03:42.161 10510 11929 I ChromePhotosDataPlane: origin=real hostClass=network hostHash=f866b7a904344e57 method=POST clientProtocol=http/1.1 upstreamProtocol=h2 status=204 contentType=text/plain bytesOut=0 transfer=fixed upstreamHeadersMs=205.794 downstreamWriteMs=0.618
09-08 02:03:42.289 10510 11862 I ChromePhotosDataPlane: origin=real hostClass=network hostHash=0cb87e7c434c3594 method=GET clientProtocol=http/1.1 upstreamProtocol=h2 status=200 contentType=image/png bytesIn=42 bytesOut=704 cache=miss decision=unknown reason=unsupported_gif source=error probability=-1.0 basis=none decodeMs=0.000 inferenceMs=0.000 inferenceQueueMs=0.000 localDecisionMs=0.000  bodyAdmissionMs=1247.949 bodyReadMs=0.286 requestToDeliveryMs=2041.087 upstreamHeadersMs=775.355 sanitizeMs=1248.990 downstreamWriteMs=14.778
09-08 02:03:42.304 10510 11211 I ChromePhotosDataPlane: origin=real hostClass=network hostHash=fdbc7f1491a89ee6 method=GET clientProtocol=http/1.1 upstreamProtocol=h2 status=200 contentType=image/png bytesIn=7462 bytesOut=7462 cache=miss decision=safe reason=model_allow source=engine probability=0.022609293 basis=None decodeMs=2.893 inferenceMs=133.307 inferenceQueueMs=137.998 localDecisionMs=274.878  bodyAdmissionMs=2102.382 bodyReadMs=0.231 hashMs=0.281 requestToDeliveryMs=2593.632 upstreamHeadersMs=179.434 sanitizeMs=2379.511 downstreamWriteMs=2.369
09-08 02:03:42.415 10510 11175 I ChromePhotosDataPlane: origin=real hostClass=network hostHash=fdbc7f1491a89ee6 method=GET clientProtocol=http/1.1 upstreamProtocol=h2 status=200 contentType=image/png bytesIn=25318 bytesOut=25318 cache=miss decision=safe reason=model_allow source=engine probability=0.02602917 basis=None decodeMs=3.941 inferenceMs=136.964 inferenceQueueMs=123.249 localDecisionMs=264.773  bodyAdmissionMs=1594.671 bodyReadMs=0.785 hashMs=3.137 requestToDeliveryMs=2070.016 upstreamHeadersMs=193.961 sanitizeMs=1872.447 downstreamWriteMs=1.184
09-08 02:03:42.426 10510 11993 I ChromePhotosDataPlane: origin=real hostClass=network hostHash=07caf1d8d64e8f89 method=GET clientProtocol=http/1.1 upstreamProtocol=h2 status=200 contentType=image/png bytesIn=43 bytesOut=704 cache=miss decision=unknown reason=unsupported_gif source=error probability=-1.0 basis=none decodeMs=0.000 inferenceMs=0.000 inferenceQueueMs=0.000 localDecisionMs=0.000  bodyAdmissionMs=1210.048 bodyReadMs=0.212 requestToDeliveryMs=2170.560 upstreamHeadersMs=947.639 sanitizeMs=1211.063 downstreamWriteMs=2.507
09-08 02:03:42.451 10510 12078 I ChromePhotosDataPlane: phase=tls_certificate correlationId=c236 tlsCacheHit=false tlsCacheWaitMs=2386.029 tlsCreationMs=519.928
09-08 02:03:42.451 10510 12078 I ChromePhotosDataPlane: phase=tls_material correlationId=c236 tlsMaterialMs=2907.289
09-08 02:03:42.452 10510 11994 I ChromePhotosDataPlane: phase=tls_certificate correlationId=c239 tlsCacheHit=true tlsCacheWaitMs=2853.211 tlsCreationMs=0.000
09-08 02:03:42.452 10510 11994 I ChromePhotosDataPlane: phase=tls_material correlationId=c239 tlsMaterialMs=2854.315
09-08 02:03:42.468 10510 12078 I ChromePhotosDataPlane: phase=tls_ready correlationId=c236 hostClass=network hostHash=505bd18b6650e44b clientProtocol=http/1.1 ca=37670e7f53713d17
09-08 02:03:42.473 10510 11994 I ChromePhotosDataPlane: phase=tls_ready correlationId=c239 hostClass=network hostHash=fa24434ded0218fe clientProtocol=http/1.1 ca=37670e7f53713d17
09-08 02:03:42.633 10510 12078 I ChromePhotosDataPlane: origin=real hostClass=network hostHash=505bd18b6650e44b method=POST clientProtocol=http/1.1 upstreamProtocol=h2 status=204 contentType=text/plain bytesOut=0 transfer=fixed upstreamHeadersMs=159.393 downstreamWriteMs=0.330
09-08 02:03:42.958 10510 11870 I ChromePhotosDataPlane: phase=tls_certificate correlationId=c238 tlsCacheHit=false tlsCacheWaitMs=2825.617 tlsCreationMs=504.817
09-08 02:03:42.958 10510 11870 I ChromePhotosDataPlane: phase=tls_material correlationId=c238 tlsMaterialMs=3331.224
09-08 02:03:42.971 10510 12101 I ChromePhotosDataPlane: origin=real hostClass=network hostHash=fdbc7f1491a89ee6 method=GET clientProtocol=http/1.1 upstreamProtocol=h2 status=200 contentType=image/webp bytesIn=24630 bytesOut=24630 cache=miss decision=safe reason=model_allow source=engine probability=0.24903974 basis=None decodeMs=15.993 inferenceMs=534.890 inferenceQueueMs=91.481 localDecisionMs=646.960  bodyAdmissionMs=1181.209 bodyReadMs=0.455 hashMs=0.707 requestToDeliveryMs=2055.611 upstreamHeadersMs=180.152 sanitizeMs=1869.316 downstreamWriteMs=1.083
09-08 02:03:42.983 10510 11870 I ChromePhotosDataPlane: phase=tls_ready correlationId=c238 hostClass=network hostHash=7ffe8698ca81d914 clientProtocol=http/1.1 ca=37670e7f53713d17
09-08 02:03:43.116 10510 11215 I ChromePhotosDataPlane: origin=real hostClass=network hostHash=fdbc7f1491a89ee6 method=GET clientProtocol=http/1.1 upstreamProtocol=h2 status=200 contentType=image/webp bytesIn=7354 bytesOut=7354 cache=miss decision=safe reason=model_allow source=engine probability=0.020469993 basis=None decodeMs=6.870 inferenceMs=138.837 inferenceQueueMs=542.604 localDecisionMs=689.295  bodyAdmissionMs=738.274 bodyReadMs=0.181 hashMs=6.733 requestToDeliveryMs=1625.253 upstreamHeadersMs=181.184 sanitizeMs=1437.175 downstreamWriteMs=0.834
09-08 02:03:43.119 10510 11528 I ChromePhotosDataPlane: origin=real hostClass=network hostHash=191347bfe55d0ca9 method=GET clientProtocol=http/1.1 upstreamProtocol=h2 status=200 contentType=image/png bytesIn=42 bytesOut=704 cache=miss decision=unknown reason=unsupported_gif source=error probability=-1.0 basis=none decodeMs=0.000 inferenceMs=0.000 inferenceQueueMs=0.000 localDecisionMs=0.000  bodyAdmissionMs=877.006 bodyReadMs=0.224 requestToDeliveryMs=1152.861 upstreamHeadersMs=271.709 sanitizeMs=877.903 downstreamWriteMs=0.809
09-08 02:03:43.241 10510 11528 I ChromePhotosDataPlane: origin=real hostClass=network hostHash=191347bfe55d0ca9 method=POST clientProtocol=http/1.1 upstreamProtocol=h2 status=200 contentType=text/html bytesOut=0 transfer=fixed upstreamHeadersMs=69.228 downstreamWriteMs=3.100
09-08 02:03:43.263 10510 11449 I ChromePhotosDataPlane: origin=real hostClass=network hostHash=fdbc7f1491a89ee6 method=GET clientProtocol=http/1.1 upstreamProtocol=h2 status=200 contentType=image/webp bytesIn=12548 bytesOut=12548 cache=miss decision=safe reason=model_allow source=engine probability=0.0034264326 basis=None decodeMs=6.012 inferenceMs=134.193 inferenceQueueMs=143.061 localDecisionMs=288.301  bodyAdmissionMs=745.855 bodyReadMs=0.178 hashMs=0.315 requestToDeliveryMs=1226.365 upstreamHeadersMs=184.419 sanitizeMs=1037.086 downstreamWriteMs=1.013
09-08 02:03:43.396 10510 12060 I ChromePhotosDataPlane: origin=real hostClass=network hostHash=fdbc7f1491a89ee6 method=GET clientProtocol=http/1.1 upstreamProtocol=h2 status=200 contentType=image/webp bytesIn=5412 bytesOut=5412 cache=miss decision=safe reason=model_allow source=engine probability=0.06589651 basis=None decodeMs=5.389 inferenceMs=130.465 inferenceQueueMs=130.908 localDecisionMs=267.329  bodyAdmissionMs=752.502 bodyReadMs=0.230 hashMs=0.709 requestToDeliveryMs=1214.719 upstreamHeadersMs=189.004 sanitizeMs=1023.398 downstreamWriteMs=0.433
09-08 02:03:43.595 10510 11673 I ChromePhotosDataPlane: phase=tls_certificate correlationId=c240 tlsCacheHit=false tlsCacheWaitMs=2835.161 tlsCreationMs=636.528
09-08 02:03:43.595 10510 11673 I ChromePhotosDataPlane: phase=tls_material correlationId=c240 tlsMaterialMs=3472.243
09-08 02:03:43.612 10510 11673 I ChromePhotosDataPlane: phase=tls_ready correlationId=c240 hostClass=network hostHash=acb222ec7473b00e clientProtocol=http/1.1 ca=37670e7f53713d17
09-08 02:03:43.859 10510 11931 I ChromePhotosDataPlane: phase=tls_certificate correlationId=c241 tlsCacheHit=false tlsCacheWaitMs=3294.448 tlsCreationMs=263.522
09-08 02:03:43.859 10510 11931 I ChromePhotosDataPlane: phase=tls_material correlationId=c241 tlsMaterialMs=3558.703
09-08 02:03:43.859 10510 12019 I ChromePhotosDataPlane: phase=tls_certificate correlationId=c243 tlsCacheHit=true tlsCacheWaitMs=3038.828 tlsCreationMs=0.000
09-08 02:03:43.859 10510 12019 I ChromePhotosDataPlane: phase=tls_material correlationId=c243 tlsMaterialMs=3039.361
09-08 02:03:43.872 10510 11673 I ChromePhotosDataPlane: phase=media_shield_document origin=real hostClass=network hostHash=acb222ec7473b00e result=transformed documentSequence=13 navigationSequence=7 token=d78a73979a29 bytesOut=112157 upstreamHeadersMs=167.778 documentDecisionMs=85.158 downstreamWriteMs=3.435
09-08 02:03:43.908 10510 11931 I ChromePhotosDataPlane: phase=tls_ready correlationId=c241 hostClass=network hostHash=93a598004f08df7f clientProtocol=http/1.1 ca=37670e7f53713d17
09-08 02:03:43.917 10510 12019 I ChromePhotosDataPlane: phase=tls_ready correlationId=c243 hostClass=network hostHash=191347bfe55d0ca9 clientProtocol=http/1.1 ca=37670e7f53713d17
09-08 02:03:43.964 10510 11211 I ChromePhotosDataPlane: origin=real hostClass=network hostHash=fdbc7f1491a89ee6 method=GET clientProtocol=http/1.1 upstreamProtocol=h2 status=200 contentType=image/webp bytesIn=38268 bytesOut=38268 cache=miss decision=safe reason=model_allow source=engine probability=0.10734418 basis=None decodeMs=18.362 inferenceMs=546.252 inferenceQueueMs=90.502 localDecisionMs=656.242  bodyAdmissionMs=717.128 bodyReadMs=0.363 hashMs=0.499 requestToDeliveryMs=1636.904 upstreamHeadersMs=213.095 sanitizeMs=1418.988 downstreamWriteMs=1.731
09-08 02:03:43.981 10510 12019 I ChromePhotosDataPlane: origin=real hostClass=network hostHash=191347bfe55d0ca9 method=POST clientProtocol=http/1.1 upstreamProtocol=h2 status=200 contentType=text/plain bytesOut=0 transfer=fixed upstreamHeadersMs=54.734 downstreamWriteMs=0.656
09-08 02:03:44.182 10510 11931 I ChromePhotosDataPlane: phase=media_shield_document origin=real hostClass=network hostHash=93a598004f08df7f result=transformed documentSequence=14 navigationSequence=7 token=fc6ee3b9f234 bytesOut=119507 upstreamHeadersMs=204.229 documentDecisionMs=60.544 downstreamWriteMs=1.195
09-08 02:03:44.297 10510 12020 I ChromePhotosDataPlane: phase=tls_certificate correlationId=c242 tlsCacheHit=false tlsCacheWaitMs=3005.227 tlsCreationMs=436.777
09-08 02:03:44.297 10510 12020 I ChromePhotosDataPlane: phase=tls_material correlationId=c242 tlsMaterialMs=3442.489
09-08 02:03:44.320 10510 12020 I ChromePhotosDataPlane: phase=tls_ready correlationId=c242 hostClass=network hostHash=d8ecf352ffa86f18 clientProtocol=http/1.1 ca=37670e7f53713d17
09-08 02:03:44.577 10510 11175 I ChromePhotosDataPlane: origin=real hostClass=network hostHash=fdbc7f1491a89ee6 method=GET clientProtocol=http/1.1 upstreamProtocol=h2 status=200 contentType=image/webp bytesIn=22370 bytesOut=22370 cache=miss decision=safe reason=model_allow source=engine probability=0.24491698 basis=None decodeMs=23.835 inferenceMs=587.767 inferenceQueueMs=556.422 localDecisionMs=1169.313  bodyAdmissionMs=689.152 bodyReadMs=0.294 hashMs=0.387 requestToDeliveryMs=2108.349 upstreamHeadersMs=234.072 sanitizeMs=1867.261 downstreamWriteMs=1.544
09-08 02:03:44.577 10510 11870 I ChromePhotosDataPlane: origin=real hostClass=network hostHash=7ffe8698ca81d914 method=GET clientProtocol=http/1.1 upstreamProtocol=h2 status=200 contentType=image/png bytesIn=42 bytesOut=704 cache=miss decision=unknown reason=unsupported_gif source=error probability=-1.0 basis=none decodeMs=0.000 inferenceMs=0.000 inferenceQueueMs=0.000 localDecisionMs=0.000  bodyAdmissionMs=1322.332 bodyReadMs=0.275 requestToDeliveryMs=1591.213 upstreamHeadersMs=264.696 sanitizeMs=1323.452 downstreamWriteMs=0.907
09-08 02:03:44.585 10510 11992 I ChromePhotosDataPlane: phase=tls_certificate correlationId=c244 tlsCacheHit=false tlsCacheWaitMs=3409.062 tlsCreationMs=281.745
09-08 02:03:44.585 10510 11992 I ChromePhotosDataPlane: phase=tls_material correlationId=c244 tlsMaterialMs=3691.428
09-08 02:03:44.586 10510 12005 I ChromePhotosDataPlane: phase=tls_certificate correlationId=c245 tlsCacheHit=true tlsCacheWaitMs=3151.470 tlsCreationMs=0.000
09-08 02:03:44.586 10510 12005 I ChromePhotosDataPlane: phase=tls_material correlationId=c245 tlsMaterialMs=3152.286
09-08 02:03:44.587 10510 11981 I ChromePhotosDataPlane: phase=tls_certificate correlationId=c246 tlsCacheHit=true tlsCacheWaitMs=3106.545 tlsCreationMs=0.000
09-08 02:03:44.587 10510 11981 I ChromePhotosDataPlane: phase=tls_material correlationId=c246 tlsMaterialMs=3107.040
09-08 02:03:44.588 10510 11982 I ChromePhotosDataPlane: phase=tls_certificate correlationId=c247 tlsCacheHit=true tlsCacheWaitMs=3071.596 tlsCreationMs=0.000
09-08 02:03:44.588 10510 11982 I ChromePhotosDataPlane: phase=tls_material correlationId=c247 tlsMaterialMs=3072.071
09-08 02:03:44.596 10510 11992 I ChromePhotosDataPlane: phase=tls_ready correlationId=c244 hostClass=network hostHash=e2ccecf673591338 clientProtocol=http/1.1 ca=37670e7f53713d17
09-08 02:03:44.601 10510 12005 I ChromePhotosDataPlane: phase=tls_ready correlationId=c245 hostClass=network hostHash=191347bfe55d0ca9 clientProtocol=http/1.1 ca=37670e7f53713d17
09-08 02:03:44.603 10510 11982 I ChromePhotosDataPlane: phase=tls_ready correlationId=c247 hostClass=network hostHash=191347bfe55d0ca9 clientProtocol=http/1.1 ca=37670e7f53713d17
09-08 02:03:44.605 10510 11981 I ChromePhotosDataPlane: phase=tls_ready correlationId=c246 hostClass=network hostHash=191347bfe55d0ca9 clientProtocol=http/1.1 ca=37670e7f53713d17
09-08 02:03:44.672 10510 12005 I ChromePhotosDataPlane: origin=real hostClass=network hostHash=191347bfe55d0ca9 method=POST clientProtocol=http/1.1 upstreamProtocol=h2 status=200 contentType=text/html bytesOut=0 transfer=fixed upstreamHeadersMs=63.880 downstreamWriteMs=0.381
09-08 02:03:44.675 10510 11982 I ChromePhotosDataPlane: origin=real hostClass=network hostHash=191347bfe55d0ca9 method=POST clientProtocol=http/1.1 upstreamProtocol=h2 status=200 contentType=text/plain bytesOut=0 transfer=fixed upstreamHeadersMs=63.517 downstreamWriteMs=1.260
09-08 02:03:45.131 10510 12101 I ChromePhotosDataPlane: origin=real hostClass=network hostHash=fdbc7f1491a89ee6 method=GET clientProtocol=http/1.1 upstreamProtocol=h2 status=200 contentType=image/webp bytesIn=31020 bytesOut=31020 cache=miss decision=safe reason=model_allow source=engine probability=0.12847963 basis=None decodeMs=17.688 inferenceMs=538.665 inferenceQueueMs=594.065 localDecisionMs=1151.544  bodyAdmissionMs=733.032 bodyReadMs=0.302 hashMs=0.847 requestToDeliveryMs=2101.661 upstreamHeadersMs=194.542 sanitizeMs=1899.385 downstreamWriteMs=0.562
09-08 02:03:45.272 10510 11215 I ChromePhotosDataPlane: origin=real hostClass=network hostHash=fdbc7f1491a89ee6 method=GET clientProtocol=http/1.1 upstreamProtocol=h2 status=200 contentType=image/webp bytesIn=20724 bytesOut=20724 cache=miss decision=safe reason=model_allow source=engine probability=0.03526777 basis=None decodeMs=6.853 inferenceMs=133.531 inferenceQueueMs=541.555 localDecisionMs=682.631  bodyAdmissionMs=1183.841 bodyReadMs=0.326 hashMs=0.377 requestToDeliveryMs=2105.622 upstreamHeadersMs=226.168 sanitizeMs=1877.743 downstreamWriteMs=0.485
09-08 02:03:45.825 10510 11449 I ChromePhotosDataPlane: origin=real hostClass=network hostHash=fdbc7f1491a89ee6 method=GET clientProtocol=http/1.1 upstreamProtocol=h2 status=200 contentType=image/webp bytesIn=14462 bytesOut=14462 cache=miss decision=safe reason=model_allow source=engine probability=0.029973358 basis=None decodeMs=13.736 inferenceMs=538.848 inferenceQueueMs=136.323 localDecisionMs=689.693  bodyAdmissionMs=1576.466 bodyReadMs=0.258 hashMs=0.255 requestToDeliveryMs=2510.376 upstreamHeadersMs=238.303 sanitizeMs=2269.593 downstreamWriteMs=0.439
09-08 02:03:45.974 10510 12060 I ChromePhotosDataPlane: origin=real hostClass=network hostHash=fdbc7f1491a89ee6 method=GET clientProtocol=http/1.1 upstreamProtocol=h2 status=200 contentType=image/webp bytesIn=4476 bytesOut=4476 cache=miss decision=safe reason=model_allow source=engine probability=0.0146947205 basis=None decodeMs=3.832 inferenceMs=138.091 inferenceQueueMs=550.488 localDecisionMs=693.229  bodyAdmissionMs=1568.937 bodyReadMs=0.079 hashMs=0.184 requestToDeliveryMs=2527.455 upstreamHeadersMs=256.343 sanitizeMs=2263.676 downstreamWriteMs=1.475
09-08 02:03:45.977 10510 12020 I ChromePhotosDataPlane: origin=real hostClass=network hostHash=d8ecf352ffa86f18 method=GET clientProtocol=http/1.1 upstreamProtocol=h2 status=200 contentType=image/png bytesIn=43 bytesOut=704 cache=miss decision=unknown reason=unsupported_gif source=error probability=-1.0 basis=none decodeMs=0.000 inferenceMs=0.000 inferenceQueueMs=0.000 localDecisionMs=0.000  bodyAdmissionMs=1210.043 bodyReadMs=0.474 requestToDeliveryMs=1655.795 upstreamHeadersMs=435.974 sanitizeMs=1211.992 downstreamWriteMs=4.559
09-08 02:03:46.124 10510 11211 I ChromePhotosDataPlane: origin=real hostClass=network hostHash=fdbc7f1491a89ee6 method=GET clientProtocol=http/1.1 upstreamProtocol=h2 status=200 contentType=image/webp bytesIn=4032 bytesOut=4032 cache=miss decision=safe reason=model_allow source=engine probability=0.045313567 basis=None decodeMs=5.681 inferenceMs=137.862 inferenceQueueMs=136.441 localDecisionMs=281.051  bodyAdmissionMs=1631.707 bodyReadMs=0.257 hashMs=0.408 requestToDeliveryMs=2101.174 upstreamHeadersMs=171.191 sanitizeMs=1918.279 downstreamWriteMs=2.517
09-08 02:03:46.132 10510 11992 I ChromePhotosDataPlane: origin=real hostClass=network hostHash=e2ccecf673591338 method=GET clientProtocol=http/1.1 upstreamProtocol=h2 status=200 contentType=image/png bytesIn=43 bytesOut=704 cache=miss decision=unknown reason=unsupported_gif source=error probability=-1.0 basis=none decodeMs=0.000 inferenceMs=0.000 inferenceQueueMs=0.000 localDecisionMs=0.000  bodyAdmissionMs=1212.779 bodyReadMs=0.523 requestToDeliveryMs=1535.136 upstreamHeadersMs=301.715 sanitizeMs=1216.991 downstreamWriteMs=11.386
09-08 02:03:46.261 10510 11175 I ChromePhotosDataPlane: origin=real hostClass=network hostHash=fdbc7f1491a89ee6 method=GET clientProtocol=http/1.1 upstreamProtocol=h2 status=200 contentType=image/webp bytesIn=4082 bytesOut=4082 cache=miss decision=safe reason=model_allow source=engine probability=0.01923281 basis=None decodeMs=6.275 inferenceMs=138.324 inferenceQueueMs=133.161 localDecisionMs=278.646  bodyAdmissionMs=1171.811 bodyReadMs=0.315 hashMs=0.918 requestToDeliveryMs=1633.218 upstreamHeadersMs=170.611 sanitizeMs=1456.948 downstreamWriteMs=1.077
09-08 02:03:46.406 10510 12101 I ChromePhotosDataPlane: origin=real hostClass=network hostHash=fdbc7f1491a89ee6 method=GET clientProtocol=http/1.1 upstreamProtocol=h2 status=200 contentType=image/webp bytesIn=5646 bytesOut=5646 cache=miss decision=safe reason=model_allow source=engine probability=0.013387382 basis=None decodeMs=5.376 inferenceMs=137.425 inferenceQueueMs=122.528 localDecisionMs=266.586  bodyAdmissionMs=732.960 bodyReadMs=0.549 hashMs=0.733 requestToDeliveryMs=1230.257 upstreamHeadersMs=208.027 sanitizeMs=1015.584 downstreamWriteMs=2.353
09-08 02:03:46.548 10510 11215 I ChromePhotosDataPlane: origin=real hostClass=network hostHash=fdbc7f1491a89ee6 method=GET clientProtocol=http/1.1 upstreamProtocol=h2 status=200 contentType=image/webp bytesIn=3862 bytesOut=3862 cache=miss decision=safe reason=model_allow source=engine probability=0.021878213 basis=None decodeMs=5.526 inferenceMs=139.068 inferenceQueueMs=139.031 localDecisionMs=284.254  bodyAdmissionMs=666.846 bodyReadMs=0.222 hashMs=0.652 requestToDeliveryMs=1224.115 upstreamHeadersMs=265.149 sanitizeMs=954.810 downstreamWriteMs=0.659
09-08 02:03:46.689 10510 11449 I ChromePhotosDataPlane: origin=real hostClass=network hostHash=fdbc7f1491a89ee6 method=GET clientProtocol=http/1.1 upstreamProtocol=h2 status=200 contentType=image/webp bytesIn=1242 bytesOut=1242 cache=miss decision=safe reason=model_allow source=engine probability=0.011096597 basis=None decodeMs=3.690 inferenceMs=134.636 inferenceQueueMs=139.110 localDecisionMs=278.717  bodyAdmissionMs=344.080 bodyReadMs=0.338 hashMs=1.650 requestToDeliveryMs=817.734 upstreamHeadersMs=183.140 sanitizeMs=627.438 downstreamWriteMs=1.699
09-08 02:03:47.239 10510 12060 I ChromePhotosDataPlane: origin=real hostClass=network hostHash=fdbc7f1491a89ee6 method=GET clientProtocol=http/1.1 upstreamProtocol=h2 status=200 contentType=image/webp bytesIn=2038 bytesOut=2038 cache=miss decision=safe reason=model_allow source=engine probability=0.03242582 basis=None decodeMs=8.129 inferenceMs=544.321 inferenceQueueMs=135.031 localDecisionMs=688.272  bodyAdmissionMs=275.401 bodyReadMs=0.152 hashMs=0.360 requestToDeliveryMs=1217.525 upstreamHeadersMs=244.771 sanitizeMs=965.215 downstreamWriteMs=1.085
09-08 02:03:47.382 10510 11211 I ChromePhotosDataPlane: origin=real hostClass=network hostHash=fdbc7f1491a89ee6 method=GET clientProtocol=http/1.1 upstreamProtocol=h2 status=200 contentType=image/webp bytesIn=8426 bytesOut=8426 cache=miss decision=safe reason=model_allow source=engine probability=0.037530273 basis=None decodeMs=4.567 inferenceMs=138.043 inferenceQueueMs=543.192 localDecisionMs=686.672  bodyAdmissionMs=168.330 bodyReadMs=0.509 hashMs=0.500 requestToDeliveryMs=1210.162 upstreamHeadersMs=342.017 sanitizeMs=863.911 downstreamWriteMs=0.990
09-08 02:03:47.562 10510 11175 I ChromePhotosDataPlane: origin=real hostClass=network hostHash=fdbc7f1491a89ee6 method=GET clientProtocol=http/1.1 upstreamProtocol=h2 status=200 contentType=image/webp bytesIn=3140 bytesOut=3140 cache=miss decision=safe reason=model_allow source=engine probability=0.047480255 basis=None decodeMs=2.855 inferenceMs=178.056 inferenceQueueMs=137.023 localDecisionMs=318.541  bodyAdmissionMs=521.455 bodyReadMs=0.182 hashMs=0.419 requestToDeliveryMs=1259.255 upstreamHeadersMs=413.755 sanitizeMs=842.160 downstreamWriteMs=0.478
09-08 02:03:47.904 10510 12101 I ChromePhotosDataPlane: origin=real hostClass=network hostHash=fdbc7f1491a89ee6 method=GET clientProtocol=http/1.1 upstreamProtocol=h2 status=200 contentType=image/webp bytesIn=3980 bytesOut=3980 cache=miss decision=safe reason=model_allow source=engine probability=0.0044358373 basis=None decodeMs=4.374 inferenceMs=336.543 inferenceQueueMs=178.711 localDecisionMs=520.787  bodyAdmissionMs=659.718 bodyReadMs=0.165 hashMs=0.421 requestToDeliveryMs=1456.227 upstreamHeadersMs=270.901 sanitizeMs=1182.935 downstreamWriteMs=0.604
09-08 02:03:48.099 10510 11215 I ChromePhotosDataPlane: origin=real hostClass=network hostHash=fdbc7f1491a89ee6 method=GET clientProtocol=http/1.1 upstreamProtocol=h2 status=200 contentType=image/webp bytesIn=10332 bytesOut=10332 cache=miss decision=safe reason=model_allow source=engine probability=0.19095385 basis=None decodeMs=16.885 inferenceMs=173.827 inferenceQueueMs=336.639 localDecisionMs=528.325  bodyAdmissionMs=639.067 bodyReadMs=0.255 hashMs=0.488 requestToDeliveryMs=1510.385 upstreamHeadersMs=333.334 sanitizeMs=1172.859 downstreamWriteMs=1.338
09-08 02:03:48.255 10510 11449 I ChromePhotosDataPlane: origin=real hostClass=network hostHash=fdbc7f1491a89ee6 method=GET clientProtocol=http/1.1 upstreamProtocol=h2 status=200 contentType=image/webp bytesIn=8446 bytesOut=8446 cache=miss decision=safe reason=model_allow source=engine probability=0.041372657 basis=None decodeMs=4.501 inferenceMs=150.158 inferenceQueueMs=178.584 localDecisionMs=334.299  bodyAdmissionMs=776.202 bodyReadMs=0.261 hashMs=1.362 requestToDeliveryMs=1527.198 upstreamHeadersMs=397.750 sanitizeMs=1123.110 downstreamWriteMs=2.587
09-08 02:03:48.401 10510 12060 I ChromePhotosDataPlane: origin=real hostClass=network hostHash=fdbc7f1491a89ee6 method=GET clientProtocol=http/1.1 upstreamProtocol=h2 status=200 contentType=image/webp bytesIn=6940 bytesOut=6940 cache=miss decision=safe reason=model_allow source=engine probability=0.008428872 basis=None decodeMs=4.664 inferenceMs=142.867 inferenceQueueMs=149.923 localDecisionMs=298.259  bodyAdmissionMs=555.802 bodyReadMs=0.257 hashMs=0.463 requestToDeliveryMs=1122.548 upstreamHeadersMs=259.895 sanitizeMs=858.631 downstreamWriteMs=1.164
09-08 02:03:48.541 10510 11211 I ChromePhotosDataPlane: origin=real hostClass=network hostHash=fdbc7f1491a89ee6 method=GET clientProtocol=http/1.1 upstreamProtocol=h2 status=200 contentType=image/webp bytesIn=8122 bytesOut=8122 cache=miss decision=safe reason=model_allow source=engine probability=0.004171163 basis=None decodeMs=4.625 inferenceMs=136.078 inferenceQueueMs=139.667 localDecisionMs=281.389  bodyAdmissionMs=554.625 bodyReadMs=0.263 hashMs=0.596 requestToDeliveryMs=1118.688 upstreamHeadersMs=274.009 sanitizeMs=841.727 downstreamWriteMs=0.878
09-08 02:03:49.099 10510 11175 I ChromePhotosDataPlane: origin=real hostClass=network hostHash=fdbc7f1491a89ee6 method=GET clientProtocol=http/1.1 upstreamProtocol=h2 status=200 contentType=image/webp bytesIn=2172 bytesOut=2172 cache=miss decision=safe reason=model_allow source=engine probability=0.04207182 basis=None decodeMs=8.091 inferenceMs=545.700 inferenceQueueMs=138.639 localDecisionMs=693.479  bodyAdmissionMs=538.999 bodyReadMs=0.229 hashMs=0.480 requestToDeliveryMs=1492.600 upstreamHeadersMs=249.935 sanitizeMs=1234.572 downstreamWriteMs=1.245
09-08 02:03:49.244 10510 12101 I ChromePhotosDataPlane: origin=real hostClass=network hostHash=fdbc7f1491a89ee6 method=GET clientProtocol=http/1.1 upstreamProtocol=h2 status=200 contentType=image/webp bytesIn=14270 bytesOut=14270 cache=miss decision=safe reason=model_allow source=engine probability=0.010012716 basis=None decodeMs=5.643 inferenceMs=134.424 inferenceQueueMs=544.083 localDecisionMs=685.899  bodyAdmissionMs=388.734 bodyReadMs=0.240 hashMs=0.426 requestToDeliveryMs=1296.523 upstreamHeadersMs=204.776 sanitizeMs=1081.699 downstreamWriteMs=3.142
09-08 02:03:49.376 10510 11215 I ChromePhotosDataPlane: origin=real hostClass=network hostHash=fdbc7f1491a89ee6 method=GET clientProtocol=http/1.1 upstreamProtocol=h2 status=200 contentType=image/webp bytesIn=13682 bytesOut=13682 cache=miss decision=safe reason=model_allow source=engine probability=0.021669686 basis=None decodeMs=4.884 inferenceMs=133.950 inferenceQueueMs=119.607 localDecisionMs=259.168  bodyAdmissionMs=737.631 bodyReadMs=0.515 hashMs=0.885 requestToDeliveryMs=1235.770 upstreamHeadersMs=215.593 sanitizeMs=1016.940 downstreamWriteMs=1.076
09-08 02:03:49.925 10510 11449 I ChromePhotosDataPlane: origin=real hostClass=network hostHash=fdbc7f1491a89ee6 method=GET clientProtocol=http/1.1 upstreamProtocol=h2 status=200 contentType=image/webp bytesIn=1588 bytesOut=1588 cache=miss decision=safe reason=model_allow source=engine probability=0.0381563 basis=None decodeMs=7.900 inferenceMs=531.836 inferenceQueueMs=134.006 localDecisionMs=675.204  bodyAdmissionMs=672.429 bodyReadMs=0.313 hashMs=1.248 requestToDeliveryMs=1621.256 upstreamHeadersMs=264.748 sanitizeMs=1351.782 downstreamWriteMs=1.216
09-08 02:03:50.056 10510 12060 I ChromePhotosDataPlane: origin=real hostClass=network hostHash=fdbc7f1491a89ee6 method=GET clientProtocol=http/1.1 upstreamProtocol=h2 status=200 contentType=image/webp bytesIn=3330 bytesOut=3330 cache=miss decision=safe reason=model_allow source=engine probability=0.024564207 basis=None decodeMs=3.832 inferenceMs=132.567 inferenceQueueMs=537.832 localDecisionMs=674.852  bodyAdmissionMs=630.827 bodyReadMs=0.148 hashMs=0.441 requestToDeliveryMs=1611.753 upstreamHeadersMs=298.361 sanitizeMs=1308.083 downstreamWriteMs=1.603
09-08 02:03:50.195 10510 11211 I ChromePhotosDataPlane: origin=real hostClass=network hostHash=fdbc7f1491a89ee6 method=GET clientProtocol=http/1.1 upstreamProtocol=h2 status=200 contentType=image/png bytesIn=8334 bytesOut=704 cache=miss decision=block reason=model_filter source=engine probability=0.6941216 basis=FullThreshold decodeMs=4.360 inferenceMs=134.013 inferenceQueueMs=126.769 localDecisionMs=266.030  bodyAdmissionMs=998.293 bodyReadMs=0.321 hashMs=0.846 requestToDeliveryMs=1609.957 upstreamHeadersMs=331.976 sanitizeMs=1273.216 downstreamWriteMs=1.712
09-08 02:03:50.338 10510 11175 I ChromePhotosDataPlane: origin=real hostClass=network hostHash=fdbc7f1491a89ee6 method=GET clientProtocol=http/1.1 upstreamProtocol=h2 status=200 contentType=image/webp bytesIn=14884 bytesOut=14884 cache=miss decision=safe reason=model_allow source=engine probability=0.009524494 basis=None decodeMs=5.296 inferenceMs=134.272 inferenceQueueMs=121.158 localDecisionMs=261.794  bodyAdmissionMs=676.939 bodyReadMs=0.492 hashMs=1.047 requestToDeliveryMs=1184.244 upstreamHeadersMs=213.588 sanitizeMs=956.065 downstreamWriteMs=1.071
09-08 02:03:50.480 10510 12101 I ChromePhotosDataPlane: origin=real hostClass=network hostHash=fdbc7f1491a89ee6 method=GET clientProtocol=http/1.1 upstreamProtocol=h2 status=200 contentType=image/webp bytesIn=8562 bytesOut=8562 cache=miss decision=safe reason=model_allow source=engine probability=0.023967534 basis=None decodeMs=4.092 inferenceMs=139.534 inferenceQueueMs=124.659 localDecisionMs=269.347  bodyAdmissionMs=606.678 bodyReadMs=0.432 hashMs=1.306 requestToDeliveryMs=1193.403 upstreamHeadersMs=295.380 sanitizeMs=890.474 downstreamWriteMs=1.336
09-08 02:03:50.619 10510 11215 I ChromePhotosDataPlane: origin=real hostClass=network hostHash=fdbc7f1491a89ee6 method=GET clientProtocol=http/1.1 upstreamProtocol=h2 status=200 contentType=image/webp bytesIn=8642 bytesOut=8642 cache=miss decision=safe reason=model_allow source=engine probability=0.039247274 basis=None decodeMs=4.009 inferenceMs=136.519 inferenceQueueMs=136.117 localDecisionMs=277.686  bodyAdmissionMs=543.033 bodyReadMs=0.238 hashMs=0.502 requestToDeliveryMs=1194.879 upstreamHeadersMs=363.042 sanitizeMs=825.773 downstreamWriteMs=1.158
09-08 02:03:50.760 10510 11449 I ChromePhotosDataPlane: origin=real hostClass=network hostHash=fdbc7f1491a89ee6 method=GET clientProtocol=http/1.1 upstreamProtocol=h2 status=200 contentType=image/webp bytesIn=17956 bytesOut=17956 cache=miss decision=safe reason=model_allow source=engine probability=0.1295146 basis=None decodeMs=5.577 inferenceMs=136.174 inferenceQueueMs=118.595 localDecisionMs=261.154  bodyAdmissionMs=301.289 bodyReadMs=1.826 hashMs=0.502 requestToDeliveryMs=789.555 upstreamHeadersMs=203.590 sanitizeMs=580.041 downstreamWriteMs=1.142
09-08 02:03:51.000 10510 12060 I ChromePhotosDataPlane: origin=real hostClass=network hostHash=fdbc7f1491a89ee6 method=GET clientProtocol=http/1.1 upstreamProtocol=h2 status=200 contentType=image/webp bytesIn=7652 bytesOut=7652 cache=miss decision=safe reason=model_allow source=engine probability=0.01052323 basis=None decodeMs=4.094 inferenceMs=236.385 inferenceQueueMs=128.366 localDecisionMs=369.554  bodyAdmissionMs=209.684 bodyReadMs=0.239 hashMs=0.849 requestToDeliveryMs=902.889 upstreamHeadersMs=307.802 sanitizeMs=592.085 downstreamWriteMs=0.908
09-08 02:03:51.146 10510 11175 I ChromePhotosDataPlane: origin=real hostClass=network hostHash=fdbc7f1491a89ee6 method=GET clientProtocol=http/1.1 upstreamProtocol=h2 status=200 contentType=image/webp bytesIn=13128 bytesOut=13128 cache=miss decision=safe reason=model_allow source=engine probability=0.15108785 basis=None decodeMs=5.150 inferenceMs=133.556 inferenceQueueMs=238.047 localDecisionMs=377.458  bodyAdmissionMs=145.169 bodyReadMs=0.142 hashMs=0.179 requestToDeliveryMs=770.260 upstreamHeadersMs=236.096 sanitizeMs=525.748 downstreamWriteMs=2.440
09-08 02:03:51.287 10510 11211 I ChromePhotosDataPlane: origin=real hostClass=network hostHash=fdbc7f1491a89ee6 method=GET clientProtocol=http/1.1 upstreamProtocol=h2 status=200 contentType=image/webp bytesIn=10418 bytesOut=10418 cache=miss decision=safe reason=model_allow source=engine probability=0.068992525 basis=None decodeMs=4.640 inferenceMs=141.756 inferenceQueueMs=132.635 localDecisionMs=279.973  bodyAdmissionMs=382.710 bodyReadMs=0.252 hashMs=0.396 requestToDeliveryMs=1042.177 upstreamHeadersMs=367.869 sanitizeMs=669.151 downstreamWriteMs=1.065
09-08 02:03:51.437 10510 12101 I ChromePhotosDataPlane: origin=real hostClass=network hostHash=fdbc7f1491a89ee6 method=GET clientProtocol=http/1.1 upstreamProtocol=h2 status=200 contentType=image/webp bytesIn=9462 bytesOut=9462 cache=miss decision=safe reason=model_allow source=engine probability=0.028835893 basis=None decodeMs=4.170 inferenceMs=144.628 inferenceQueueMs=132.353 localDecisionMs=282.102  bodyAdmissionMs=324.107 bodyReadMs=0.592 hashMs=0.711 requestToDeliveryMs=916.240 upstreamHeadersMs=294.484 sanitizeMs=617.236 downstreamWriteMs=1.069
09-08 02:03:51.586 10510 11449 I ChromePhotosDataPlane: origin=real hostClass=network hostHash=fdbc7f1491a89ee6 method=GET clientProtocol=http/1.1 upstreamProtocol=h2 status=200 contentType=image/webp bytesIn=13942 bytesOut=13942 cache=miss decision=safe reason=model_allow source=engine probability=0.0045351386 basis=None decodeMs=6.184 inferenceMs=139.789 inferenceQueueMs=136.505 localDecisionMs=283.369  bodyAdmissionMs=289.638 bodyReadMs=0.235 hashMs=1.198 requestToDeliveryMs=785.300 upstreamHeadersMs=194.172 sanitizeMs=585.105 downstreamWriteMs=2.224
09-08 02:03:51.727 10510 11215 I ChromePhotosDataPlane: origin=real hostClass=network hostHash=fdbc7f1491a89ee6 method=GET clientProtocol=http/1.1 upstreamProtocol=h2 status=200 contentType=image/webp bytesIn=8932 bytesOut=8932 cache=miss decision=safe reason=model_allow source=engine probability=0.17002895 basis=None decodeMs=3.964 inferenceMs=139.807 inferenceQueueMs=139.622 localDecisionMs=284.132  bodyAdmissionMs=430.315 bodyReadMs=0.252 hashMs=0.581 requestToDeliveryMs=1067.203 upstreamHeadersMs=343.047 sanitizeMs=720.611 downstreamWriteMs=0.820
09-08 02:03:51.826 10510 12029 I ChromePhotosDataPlane: phase=worker_ready correlationId=c248 admissionWaitMs=0.354
09-08 02:03:51.912 10510 11512 I ChromePhotosDataPlane: phase=worker_ready correlationId=c249 admissionWaitMs=0.233
09-08 02:03:52.317 10510 12060 I ChromePhotosDataPlane: origin=real hostClass=network hostHash=fdbc7f1491a89ee6 method=GET clientProtocol=http/1.1 upstreamProtocol=h2 status=200 contentType=image/webp bytesIn=2542 bytesOut=2542 cache=miss decision=safe reason=model_allow source=engine probability=0.06777713 basis=None decodeMs=7.966 inferenceMs=579.661 inferenceQueueMs=136.677 localDecisionMs=725.133  bodyAdmissionMs=359.044 bodyReadMs=0.247 hashMs=0.997 requestToDeliveryMs=1263.987 upstreamHeadersMs=167.544 sanitizeMs=1090.692 downstreamWriteMs=0.940
09-08 02:03:52.419 10510 12029 I ChromePhotosDataPlane: phase=tls_certificate correlationId=c248 tlsCacheHit=false tlsCacheWaitMs=0.005 tlsCreationMs=553.069
09-08 02:03:52.419 10510 12029 I ChromePhotosDataPlane: phase=tls_material correlationId=c248 tlsMaterialMs=553.517
09-08 02:03:52.443 10510 12029 I ChromePhotosDataPlane: phase=tls_ready correlationId=c248 hostClass=network hostHash=2e2e8e2b4eb0d095 clientProtocol=http/1.1 ca=37670e7f53713d17
09-08 02:03:52.456 10510 11175 I ChromePhotosDataPlane: origin=real hostClass=network hostHash=fdbc7f1491a89ee6 method=GET clientProtocol=http/1.1 upstreamProtocol=h2 status=200 contentType=image/webp bytesIn=4080 bytesOut=4080 cache=miss decision=safe reason=model_allow source=engine probability=0.011391073 basis=None decodeMs=4.043 inferenceMs=136.018 inferenceQueueMs=585.899 localDecisionMs=726.695  bodyAdmissionMs=340.515 bodyReadMs=0.155 hashMs=0.284 requestToDeliveryMs=1270.297 upstreamHeadersMs=195.993 sanitizeMs=1069.643 downstreamWriteMs=1.147
09-08 02:03:52.601 10510 11211 I ChromePhotosDataPlane: origin=real hostClass=network hostHash=fdbc7f1491a89ee6 method=GET clientProtocol=http/1.1 upstreamProtocol=h2 status=200 contentType=image/webp bytesIn=11582 bytesOut=11582 cache=miss decision=safe reason=model_allow source=engine probability=0.004140049 basis=None decodeMs=4.867 inferenceMs=136.643 inferenceQueueMs=124.296 localDecisionMs=266.762  bodyAdmissionMs=759.825 bodyReadMs=0.279 hashMs=0.589 requestToDeliveryMs=1270.549 upstreamHeadersMs=223.291 sanitizeMs=1040.087 downstreamWriteMs=3.496
09-08 02:03:52.676 10510 12066 I ChromePhotosDataPlane: phase=worker_ready correlationId=c250 admissionWaitMs=0.252
09-08 02:03:52.683 10510 11626 I ChromePhotosDataPlane: phase=worker_ready correlationId=c251 admissionWaitMs=0.543
09-08 02:03:52.708 10510 11599 I ChromePhotosDataPlane: origin=real hostClass=network hostHash=f58aed0f48e58f0c method=POST clientProtocol=http/1.1 upstreamProtocol=h2 status=204 contentType= bytesOut=0 transfer=fixed upstreamHeadersMs=733.089 downstreamWriteMs=0.702
09-08 02:03:52.739 10510 12101 I ChromePhotosDataPlane: origin=real hostClass=network hostHash=fdbc7f1491a89ee6 method=GET clientProtocol=http/1.1 upstreamProtocol=h2 status=200 contentType=image/webp bytesIn=4174 bytesOut=4174 cache=miss decision=safe reason=model_allow source=engine probability=0.0042713583 basis=None decodeMs=5.493 inferenceMs=135.308 inferenceQueueMs=131.557 localDecisionMs=273.104  bodyAdmissionMs=750.884 bodyReadMs=0.228 hashMs=3.369 requestToDeliveryMs=1241.034 upstreamHeadersMs=203.782 sanitizeMs=1030.245 downstreamWriteMs=0.841
09-08 02:03:52.879 10510 12020 I ChromePhotosDataPlane: origin=real hostClass=network hostHash=d8ecf352ffa86f18 method=GET clientProtocol=http/1.1 upstreamProtocol=h2 status=200 contentType=image/png bytesIn=43 bytesOut=704 cache=miss decision=unknown reason=unsupported_gif source=error probability=-1.0 basis=none decodeMs=0.000 inferenceMs=0.000 inferenceQueueMs=0.000 localDecisionMs=0.000  bodyAdmissionMs=626.708 bodyReadMs=0.307 requestToDeliveryMs=895.315 upstreamHeadersMs=263.075 sanitizeMs=628.149 downstreamWriteMs=1.734
09-08 02:03:52.880 10510 11992 I ChromePhotosDataPlane: origin=real hostClass=network hostHash=e2ccecf673591338 method=GET clientProtocol=http/1.1 upstreamProtocol=h2 status=200 contentType=image/png bytesIn=43 bytesOut=704 cache=miss decision=unknown reason=unsupported_gif source=error probability=-1.0 basis=none decodeMs=0.000 inferenceMs=0.000 inferenceQueueMs=0.000 localDecisionMs=0.000  bodyAdmissionMs=684.183 bodyReadMs=0.323 requestToDeliveryMs=872.651 upstreamHeadersMs=180.222 sanitizeMs=685.493 downstreamWriteMs=2.445
09-08 02:03:52.884 10510 11449 I ChromePhotosDataPlane: origin=real hostClass=network hostHash=fdbc7f1491a89ee6 method=GET clientProtocol=http/1.1 upstreamProtocol=h2 status=200 contentType=image/webp bytesIn=5498 bytesOut=5498 cache=miss decision=safe reason=model_allow source=engine probability=0.0055903792 basis=None decodeMs=4.073 inferenceMs=130.824 inferenceQueueMs=134.474 localDecisionMs=270.610  bodyAdmissionMs=726.596 bodyReadMs=0.194 hashMs=2.784 requestToDeliveryMs=1239.163 upstreamHeadersMs=221.201 sanitizeMs=1003.548 downstreamWriteMs=1.624
09-08 02:03:52.926 10510 11512 I ChromePhotosDataPlane: phase=tls_certificate correlationId=c249 tlsCacheHit=false tlsCacheWaitMs=465.553 tlsCreationMs=505.951
09-08 02:03:52.926 10510 11512 I ChromePhotosDataPlane: phase=tls_material correlationId=c249 tlsMaterialMs=972.013
09-08 02:03:52.938 10510 11512 I ChromePhotosDataPlane: phase=tls_ready correlationId=c249 hostClass=network hostHash=cff23f81cf11247e clientProtocol=http/1.1 ca=37670e7f53713d17
09-08 02:03:53.016 10510 11215 I ChromePhotosDataPlane: origin=real hostClass=network hostHash=fdbc7f1491a89ee6 method=GET clientProtocol=http/1.1 upstreamProtocol=h2 status=200 contentType=image/webp bytesIn=13510 bytesOut=13510 cache=miss decision=safe reason=model_allow source=engine probability=0.016775787 basis=None decodeMs=4.706 inferenceMs=130.880 inferenceQueueMs=129.678 localDecisionMs=266.185  bodyAdmissionMs=705.653 bodyReadMs=0.225 hashMs=0.349 requestToDeliveryMs=1249.428 upstreamHeadersMs=263.894 sanitizeMs=977.610 downstreamWriteMs=2.599
09-08 02:03:53.030 10510 12029 I ChromePhotosDataPlane: origin=real hostClass=network hostHash=2e2e8e2b4eb0d095 method=GET clientProtocol=http/1.1 upstreamProtocol=h2 status=200 contentType=image/png bytesIn=42 bytesOut=704 cache=miss decision=unknown reason=unsupported_gif source=error probability=-1.0 basis=none decodeMs=0.000 inferenceMs=0.000 inferenceQueueMs=0.000 localDecisionMs=0.000  bodyAdmissionMs=309.461 bodyReadMs=0.549 requestToDeliveryMs=581.052 upstreamHeadersMs=249.818 sanitizeMs=311.927 downstreamWriteMs=1.853
09-08 02:03:53.153 10510 12060 I ChromePhotosDataPlane: origin=real hostClass=network hostHash=fdbc7f1491a89ee6 method=GET clientProtocol=http/1.1 upstreamProtocol=h2 status=200 contentType=image/webp bytesIn=8904 bytesOut=8904 cache=miss decision=safe reason=model_allow source=engine probability=0.024157077 basis=None decodeMs=4.868 inferenceMs=133.659 inferenceQueueMs=117.914 localDecisionMs=257.569  bodyAdmissionMs=323.320 bodyReadMs=0.361 hashMs=0.974 requestToDeliveryMs=783.975 upstreamHeadersMs=180.727 sanitizeMs=594.841 downstreamWriteMs=2.010
09-08 02:03:53.292 10510 11175 I ChromePhotosDataPlane: origin=real hostClass=network hostHash=fdbc7f1491a89ee6 method=GET clientProtocol=http/1.1 upstreamProtocol=h2 status=200 contentType=image/webp bytesIn=9276 bytesOut=9276 cache=miss decision=safe reason=model_allow source=engine probability=0.021775156 basis=None decodeMs=5.285 inferenceMs=129.186 inferenceQueueMs=112.564 localDecisionMs=248.128  bodyAdmissionMs=294.761 bodyReadMs=0.656 hashMs=0.488 requestToDeliveryMs=782.191 upstreamHeadersMs=206.977 sanitizeMs=562.916 downstreamWriteMs=6.556
09-08 02:03:53.426 10510 11211 I ChromePhotosDataPlane: origin=real hostClass=network hostHash=fdbc7f1491a89ee6 method=GET clientProtocol=http/1.1 upstreamProtocol=h2 status=200 contentType=image/webp bytesIn=6094 bytesOut=6094 cache=miss decision=safe reason=model_allow source=engine probability=0.016579151 basis=None decodeMs=5.524 inferenceMs=128.790 inferenceQueueMs=121.627 localDecisionMs=257.453  bodyAdmissionMs=279.763 bodyReadMs=0.414 hashMs=0.953 requestToDeliveryMs=777.443 upstreamHeadersMs=218.054 sanitizeMs=549.530 downstreamWriteMs=2.340
09-08 02:03:53.558 10510 12101 I ChromePhotosDataPlane: origin=real hostClass=network hostHash=fdbc7f1491a89ee6 method=GET clientProtocol=http/1.1 upstreamProtocol=h2 status=200 contentType=image/webp bytesIn=4186 bytesOut=4186 cache=miss decision=safe reason=model_allow source=engine probability=0.028872639 basis=None decodeMs=5.592 inferenceMs=129.496 inferenceQueueMs=119.495 localDecisionMs=255.198  bodyAdmissionMs=254.994 bodyReadMs=0.424 hashMs=0.489 requestToDeliveryMs=773.938 upstreamHeadersMs=245.818 sanitizeMs=520.882 downstreamWriteMs=3.038
09-08 02:03:53.650 10510 11512 I ChromePhotosDataPlane: origin=real hostClass=network hostHash=cff23f81cf11247e method=OPTIONS clientProtocol=http/1.1 upstreamProtocol=h2 status=200 contentType=text/plain bytesOut=2 transfer=fixed upstreamHeadersMs=699.900 downstreamWriteMs=1.527
09-08 02:03:53.673 10510 11210 I ChromePhotosDataPlane: phase=worker_ready correlationId=c252 admissionWaitMs=0.411
09-08 02:03:53.689 10510 11449 I ChromePhotosDataPlane: origin=real hostClass=network hostHash=fdbc7f1491a89ee6 method=GET clientProtocol=http/1.1 upstreamProtocol=h2 status=200 contentType=image/webp bytesIn=4952 bytesOut=4952 cache=miss decision=safe reason=model_allow source=engine probability=0.028983265 basis=None decodeMs=5.372 inferenceMs=129.563 inferenceQueueMs=122.398 localDecisionMs=257.925  bodyAdmissionMs=224.369 bodyReadMs=0.522 hashMs=0.916 requestToDeliveryMs=762.163 upstreamHeadersMs=263.904 sanitizeMs=493.564 downstreamWriteMs=0.774
09-08 02:03:53.830 10510 11215 I ChromePhotosDataPlane: origin=real hostClass=network hostHash=fdbc7f1491a89ee6 method=GET clientProtocol=http/1.1 upstreamProtocol=h2 status=200 contentType=image/webp bytesIn=4388 bytesOut=4388 cache=miss decision=safe reason=model_allow source=engine probability=0.007515937 basis=None decodeMs=5.227 inferenceMs=131.597 inferenceQueueMs=125.951 localDecisionMs=264.066  bodyAdmissionMs=197.209 bodyReadMs=0.414 hashMs=1.445 requestToDeliveryMs=767.084 upstreamHeadersMs=290.815 sanitizeMs=470.302 downstreamWriteMs=1.778
09-08 02:03:54.029 10510 11512 I ChromePhotosDataPlane: origin=real hostClass=network hostHash=cff23f81cf11247e method=POST clientProtocol=http/1.1 upstreamProtocol=h2 status=200 contentType=application/json bytesOut=4 transfer=fixed upstreamHeadersMs=315.149 downstreamWriteMs=1.852
09-08 02:03:54.498 10510 11215 I ChromePhotosDataPlane: origin=real hostClass=network hostHash=fdbc7f1491a89ee6 method=GET clientProtocol=http/1.1 upstreamProtocol=h2 status=200 contentType=image/webp bytesIn=4086 bytesOut=4086 cache=miss decision=safe reason=model_allow source=engine probability=0.02936685 basis=None decodeMs=4.103 inferenceMs=130.356 inferenceQueueMs=0.243 localDecisionMs=136.004  bodyAdmissionMs=0.028 bodyReadMs=5.600 hashMs=0.839 requestToDeliveryMs=413.495 upstreamHeadersMs=258.240 sanitizeMs=146.332 downstreamWriteMs=2.708
09-08 02:03:54.543 10510 12066 I ChromePhotosDataPlane: phase=tls_certificate correlationId=c250 tlsCacheHit=false tlsCacheWaitMs=203.490 tlsCreationMs=1616.124
09-08 02:03:54.543 10510 12066 I ChromePhotosDataPlane: phase=tls_material correlationId=c250 tlsMaterialMs=1820.078
09-08 02:03:54.555 10510 12066 I ChromePhotosDataPlane: phase=tls_ready correlationId=c250 hostClass=network hostHash=1f1577c4f7feb6a1 clientProtocol=http/1.1 ca=37670e7f53713d17
09-08 02:03:54.631 10510 11449 I ChromePhotosDataPlane: origin=real hostClass=network hostHash=fdbc7f1491a89ee6 method=GET clientProtocol=http/1.1 upstreamProtocol=h2 status=200 contentType=image/webp bytesIn=3766 bytesOut=3766 cache=miss decision=safe reason=model_allow source=engine probability=0.021158576 basis=None decodeMs=3.800 inferenceMs=130.331 inferenceQueueMs=16.287 localDecisionMs=152.053  bodyAdmissionMs=0.039 bodyReadMs=0.753 hashMs=1.421 requestToDeliveryMs=544.711 upstreamHeadersMs=378.200 sanitizeMs=158.878 downstreamWriteMs=1.698
09-08 02:03:54.875 10510 11215 I ChromePhotosDataPlane: origin=real hostClass=network hostHash=fdbc7f1491a89ee6 method=GET clientProtocol=http/1.1 upstreamProtocol=h2 status=200 contentType=image/webp bytesIn=4086 bytesOut=4086 cache=miss decision=safe reason=model_allow source=engine probability=0.02124098 basis=None decodeMs=3.786 inferenceMs=153.227 inferenceQueueMs=0.224 localDecisionMs=157.875  bodyAdmissionMs=0.039 bodyReadMs=0.259 hashMs=0.766 requestToDeliveryMs=361.743 upstreamHeadersMs=190.747 sanitizeMs=162.550 downstreamWriteMs=1.198
09-08 02:03:54.981 10510 11626 I ChromePhotosDataPlane: phase=tls_certificate correlationId=c251 tlsCacheHit=false tlsCacheWaitMs=1818.690 tlsCreationMs=437.864
09-08 02:03:54.982 10510 11626 I ChromePhotosDataPlane: phase=tls_material correlationId=c251 tlsMaterialMs=2257.179
09-08 02:03:54.982 10510 11210 I ChromePhotosDataPlane: phase=tls_certificate correlationId=c252 tlsCacheHit=true tlsCacheWaitMs=1300.972 tlsCreationMs=0.000
09-08 02:03:54.982 10510 11210 I ChromePhotosDataPlane: phase=tls_material correlationId=c252 tlsMaterialMs=1301.407
09-08 02:03:54.990 10510 11210 I ChromePhotosDataPlane: phase=tls_ready correlationId=c252 hostClass=network hostHash=cff23f81cf11247e clientProtocol=http/1.1 ca=37670e7f53713d17
09-08 02:03:54.994 10510 11626 I ChromePhotosDataPlane: phase=tls_ready correlationId=c251 hostClass=network hostHash=3e723b591bdb95ce clientProtocol=http/1.1 ca=37670e7f53713d17
09-08 02:03:55.019 10510 11449 I ChromePhotosDataPlane: origin=real hostClass=network hostHash=fdbc7f1491a89ee6 method=GET clientProtocol=http/1.1 upstreamProtocol=h2 status=200 contentType=image/webp bytesIn=3438 bytesOut=3438 cache=miss decision=safe reason=model_allow source=engine probability=0.019150347 basis=None decodeMs=4.871 inferenceMs=133.873 inferenceQueueMs=0.272 localDecisionMs=140.223  bodyAdmissionMs=0.029 bodyReadMs=0.300 hashMs=1.821 requestToDeliveryMs=371.985 upstreamHeadersMs=221.686 sanitizeMs=144.560 downstreamWriteMs=0.942
09-08 02:03:55.092 10510 11626 I ChromePhotosDataPlane: origin=real hostClass=network hostHash=3e723b591bdb95ce method=GET clientProtocol=http/1.1 upstreamProtocol=h2 status=200 contentType=image/png bytesIn=0 bytesOut=704 cache=miss decision=unknown reason=image_format_unknown source=error probability=-1.0 basis=none decodeMs=0.000 inferenceMs=0.000 inferenceQueueMs=0.000 localDecisionMs=0.000  bodyAdmissionMs=0.026 bodyReadMs=0.101 requestToDeliveryMs=96.854 upstreamHeadersMs=94.078 sanitizeMs=0.691 downstreamWriteMs=0.668
09-08 02:03:55.196 10510 11294 I ChromePhotosDataPlane: phase=worker_ready correlationId=c253 admissionWaitMs=0.237
09-08 02:03:55.268 10510 12066 I ChromePhotosDataPlane: origin=real hostClass=network hostHash=1f1577c4f7feb6a1 method=POST clientProtocol=http/1.1 upstreamProtocol=h2 status=200 contentType=application/json bytesOut=0 transfer=fixed upstreamHeadersMs=710.647 downstreamWriteMs=0.646
09-08 02:03:55.271 10510 11215 I ChromePhotosDataPlane: origin=real hostClass=network hostHash=fdbc7f1491a89ee6 method=GET clientProtocol=http/1.1 upstreamProtocol=h2 status=200 contentType=image/webp bytesIn=3832 bytesOut=3832 cache=miss decision=safe reason=model_allow source=engine probability=0.022616684 basis=None decodeMs=8.810 inferenceMs=160.508 inferenceQueueMs=0.445 localDecisionMs=171.145  bodyAdmissionMs=0.063 bodyReadMs=0.281 hashMs=3.654 requestToDeliveryMs=350.738 upstreamHeadersMs=168.108 sanitizeMs=178.839 downstreamWriteMs=0.762
09-08 02:03:55.281 10510 11460 I ChromePhotosDataPlane: phase=worker_ready correlationId=c254 admissionWaitMs=0.307
09-08 02:03:55.312 10510 11432 I ChromePhotosDataPlane: phase=worker_ready correlationId=c255 admissionWaitMs=0.460
09-08 02:03:55.489 10510 11294 I ChromePhotosDataPlane: phase=tls_certificate correlationId=c253 tlsCacheHit=false tlsCacheWaitMs=0.007 tlsCreationMs=278.761
09-08 02:03:55.489 10510 11294 I ChromePhotosDataPlane: phase=tls_material correlationId=c253 tlsMaterialMs=279.302
09-08 02:03:55.489 10510 11460 I ChromePhotosDataPlane: phase=tls_certificate correlationId=c254 tlsCacheHit=true tlsCacheWaitMs=195.833 tlsCreationMs=0.000
09-08 02:03:55.489 10510 11460 I ChromePhotosDataPlane: phase=tls_material correlationId=c254 tlsMaterialMs=196.247
09-08 02:03:55.505 10510 11981 I ChromePhotosDataPlane: origin=real hostClass=network hostHash=191347bfe55d0ca9 method=GET clientProtocol=http/1.1 upstreamProtocol=h2 status=200 contentType=image/png bytesIn=42 bytesOut=704 cache=miss decision=unknown reason=unsupported_gif source=error probability=-1.0 basis=none decodeMs=0.000 inferenceMs=0.000 inferenceQueueMs=0.000 localDecisionMs=0.000  bodyAdmissionMs=0.048 bodyReadMs=0.372 requestToDeliveryMs=217.346 upstreamHeadersMs=210.746 sanitizeMs=1.605 downstreamWriteMs=1.612
09-08 02:03:55.512 10510 11529 I ChromePhotosDataPlane: origin=real hostClass=network hostHash=935e0b482f6ac80a method=GET clientProtocol=http/1.1 upstreamProtocol=h2 status=204 contentType= bytesIn=0 bytesOut=0 cache=miss decision=passthrough   requestToDeliveryMs=340.107 upstreamHeadersMs=336.792 sanitizeMs=0.046 downstreamWriteMs=0.577
09-08 02:03:55.516 10510 11294 I ChromePhotosDataPlane: phase=tls_ready correlationId=c253 hostClass=network hostHash=935e0b482f6ac80a clientProtocol=http/1.1 ca=37670e7f53713d17
09-08 02:03:55.523 10510 11870 I ChromePhotosDataPlane: origin=real hostClass=network hostHash=7ffe8698ca81d914 method=GET clientProtocol=http/1.1 upstreamProtocol=h2 status=200 contentType=image/png bytesIn=42 bytesOut=704 cache=miss decision=unknown reason=unsupported_gif source=error probability=-1.0 basis=none decodeMs=0.000 inferenceMs=0.000 inferenceQueueMs=0.000 localDecisionMs=0.000  bodyAdmissionMs=0.019 bodyReadMs=0.196 requestToDeliveryMs=229.510 upstreamHeadersMs=225.314 sanitizeMs=0.806 downstreamWriteMs=0.918
09-08 02:03:55.527 10510 11460 I ChromePhotosDataPlane: phase=tls_ready correlationId=c254 hostClass=network hostHash=191347bfe55d0ca9 clientProtocol=http/1.1 ca=37670e7f53713d17
09-08 02:03:55.533 10510 12004 I ChromePhotosDataPlane: phase=worker_ready correlationId=c256 admissionWaitMs=0.271
09-08 02:03:55.539 10510 12045 I ChromePhotosDataPlane: phase=worker_ready correlationId=c257 admissionWaitMs=0.244
09-08 02:03:55.558 10510 11174 I ChromePhotosDataPlane: phase=worker_ready correlationId=c258 admissionWaitMs=0.556
09-08 02:03:55.560 10510 11449 I ChromePhotosDataPlane: origin=real hostClass=network hostHash=fdbc7f1491a89ee6 method=GET clientProtocol=http/1.1 upstreamProtocol=h2 status=200 contentType=image/webp bytesIn=3978 bytesOut=3978 cache=miss decision=safe reason=model_allow source=engine probability=0.037555695 basis=None decodeMs=3.818 inferenceMs=180.274 inferenceQueueMs=0.141 localDecisionMs=185.118  bodyAdmissionMs=0.029 bodyReadMs=0.223 hashMs=0.871 requestToDeliveryMs=486.395 upstreamHeadersMs=292.391 sanitizeMs=189.974 downstreamWriteMs=0.799
09-08 02:03:55.613 10510 11460 I ChromePhotosDataPlane: origin=real hostClass=network hostHash=191347bfe55d0ca9 method=GET clientProtocol=http/1.1 upstreamProtocol=h2 status=200 contentType=image/png bytesIn=42 bytesOut=704 cache=miss decision=unknown reason=unsupported_gif source=error probability=-1.0 basis=none decodeMs=0.000 inferenceMs=0.000 inferenceQueueMs=0.000 localDecisionMs=0.000  bodyAdmissionMs=0.033 bodyReadMs=0.228 requestToDeliveryMs=76.071 upstreamHeadersMs=68.928 sanitizeMs=1.656 downstreamWriteMs=1.467
09-08 02:03:55.623 10510 11870 I ChromePhotosDataPlane: origin=real hostClass=network hostHash=7ffe8698ca81d914 method=GET clientProtocol=http/1.1 upstreamProtocol=h2 status=200 contentType=image/png bytesIn=42 bytesOut=704 cache=miss decision=unknown reason=unsupported_gif source=error probability=-1.0 basis=none decodeMs=0.000 inferenceMs=0.000 inferenceQueueMs=0.000 localDecisionMs=0.000  bodyAdmissionMs=0.028 bodyReadMs=0.303 requestToDeliveryMs=70.897 upstreamHeadersMs=64.776 sanitizeMs=1.422 downstreamWriteMs=1.184
09-08 02:03:55.638 10510 11981 I ChromePhotosDataPlane: origin=real hostClass=network hostHash=191347bfe55d0ca9 method=GET clientProtocol=http/1.1 upstreamProtocol=h2 status=200 contentType=image/png bytesIn=42 bytesOut=704 cache=miss decision=unknown reason=unsupported_gif source=error probability=-1.0 basis=none decodeMs=0.000 inferenceMs=0.000 inferenceQueueMs=0.000 localDecisionMs=0.000  bodyAdmissionMs=0.030 bodyReadMs=0.387 requestToDeliveryMs=75.559 upstreamHeadersMs=67.553 sanitizeMs=2.160 downstreamWriteMs=1.353
09-08 02:03:55.665 10510 11923 I ChromePhotosDataPlane: phase=worker_ready correlationId=c259 admissionWaitMs=0.516
09-08 02:03:55.684 10510 11232 I ChromePhotosDataPlane: phase=worker_ready correlationId=c260 admissionWaitMs=0.690
09-08 02:03:55.686 10510 11929 I ChromePhotosDataPlane: phase=worker_ready correlationId=c261 admissionWaitMs=0.708
09-08 02:03:55.692 10510 11294 I ChromePhotosDataPlane: origin=real hostClass=network hostHash=935e0b482f6ac80a method=GET clientProtocol=http/1.1 upstreamProtocol=h2 status=200 contentType=application/x-javascript bytesOut=854 transfer=fixed upstreamHeadersMs=160.488 downstreamWriteMs=0.642
09-08 02:03:55.724 10510 11460 I ChromePhotosDataPlane: origin=real hostClass=network hostHash=191347bfe55d0ca9 method=GET clientProtocol=http/1.1 upstreamProtocol=h2 status=200 contentType=image/png bytesIn=42 bytesOut=704 cache=miss decision=unknown reason=unsupported_gif source=error probability=-1.0 basis=none decodeMs=0.000 inferenceMs=0.000 inferenceQueueMs=0.000 localDecisionMs=0.000  bodyAdmissionMs=0.031 bodyReadMs=0.312 requestToDeliveryMs=68.262 upstreamHeadersMs=61.227 sanitizeMs=1.555 downstreamWriteMs=2.135
09-08 02:03:55.750 10510 11870 I ChromePhotosDataPlane: origin=real hostClass=network hostHash=7ffe8698ca81d914 method=GET clientProtocol=http/1.1 upstreamProtocol=h2 status=200 contentType=image/png bytesIn=42 bytesOut=704 cache=miss decision=unknown reason=unsupported_gif source=error probability=-1.0 basis=none decodeMs=0.000 inferenceMs=0.000 inferenceQueueMs=0.000 localDecisionMs=0.000  bodyAdmissionMs=0.026 bodyReadMs=0.305 requestToDeliveryMs=75.862 upstreamHeadersMs=67.887 sanitizeMs=1.164 downstreamWriteMs=2.649
09-08 02:03:55.765 10510 12078 I ChromePhotosDataPlane: phase=worker_ready correlationId=c262 admissionWaitMs=0.746
09-08 02:03:55.876 10510 11870 I ChromePhotosDataPlane: origin=real hostClass=network hostHash=7ffe8698ca81d914 method=GET clientProtocol=http/1.1 upstreamProtocol=h2 status=200 contentType=image/png bytesIn=42 bytesOut=704 cache=miss decision=unknown reason=unsupported_gif source=error probability=-1.0 basis=none decodeMs=0.000 inferenceMs=0.000 inferenceQueueMs=0.000 localDecisionMs=0.000  bodyAdmissionMs=0.037 bodyReadMs=0.441 requestToDeliveryMs=82.673 upstreamHeadersMs=72.446 sanitizeMs=1.052 downstreamWriteMs=0.976
09-08 02:03:55.884 10510 11432 I ChromePhotosDataPlane: phase=tls_certificate correlationId=c255 tlsCacheHit=false tlsCacheWaitMs=172.318 tlsCreationMs=394.988
09-08 02:03:55.884 10510 11432 I ChromePhotosDataPlane: phase=tls_material correlationId=c255 tlsMaterialMs=567.613
09-08 02:03:55.885 10510 12004 I ChromePhotosDataPlane: phase=tls_certificate correlationId=c256 tlsCacheHit=true tlsCacheWaitMs=343.561 tlsCreationMs=0.000
09-08 02:03:55.885 10510 12045 I ChromePhotosDataPlane: phase=tls_certificate correlationId=c257 tlsCacheHit=true tlsCacheWaitMs=337.037 tlsCreationMs=0.000
09-08 02:03:55.885 10510 12004 I ChromePhotosDataPlane: phase=tls_material correlationId=c256 tlsMaterialMs=343.954
09-08 02:03:55.885 10510 12045 I ChromePhotosDataPlane: phase=tls_material correlationId=c257 tlsMaterialMs=337.345
09-08 02:03:55.886 10510 11174 I ChromePhotosDataPlane: phase=tls_certificate correlationId=c258 tlsCacheHit=true tlsCacheWaitMs=321.959 tlsCreationMs=0.000
09-08 02:03:55.886 10510 11923 I ChromePhotosDataPlane: phase=tls_certificate correlationId=c259 tlsCacheHit=true tlsCacheWaitMs=209.223 tlsCreationMs=0.000
09-08 02:03:55.886 10510 11174 I ChromePhotosDataPlane: phase=tls_material correlationId=c258 tlsMaterialMs=322.326
09-08 02:03:55.886 10510 11923 I ChromePhotosDataPlane: phase=tls_material correlationId=c259 tlsMaterialMs=209.749
09-08 02:03:55.899 10510 11432 I ChromePhotosDataPlane: phase=tls_ready correlationId=c255 hostClass=network hostHash=7ffe8698ca81d914 clientProtocol=http/1.1 ca=37670e7f53713d17
09-08 02:03:55.899 10510 11174 I ChromePhotosDataPlane: phase=tls_ready correlationId=c258 hostClass=network hostHash=191347bfe55d0ca9 clientProtocol=http/1.1 ca=37670e7f53713d17
09-08 02:03:55.904 10510 11923 I ChromePhotosDataPlane: phase=tls_ready correlationId=c259 hostClass=network hostHash=7ffe8698ca81d914 clientProtocol=http/1.1 ca=37670e7f53713d17
09-08 02:03:55.905 10510 12045 I ChromePhotosDataPlane: phase=tls_ready correlationId=c257 hostClass=network hostHash=7ffe8698ca81d914 clientProtocol=http/1.1 ca=37670e7f53713d17
09-08 02:03:55.911 10510 12004 I ChromePhotosDataPlane: phase=tls_ready correlationId=c256 hostClass=network hostHash=191347bfe55d0ca9 clientProtocol=http/1.1 ca=37670e7f53713d17
09-08 02:03:55.955 10510 12101 I ChromePhotosDataPlane: origin=real hostClass=network hostHash=fdbc7f1491a89ee6 method=GET clientProtocol=http/1.1 upstreamProtocol=h2 status=200 contentType=image/webp bytesIn=7270 bytesOut=7270 cache=miss decision=safe reason=model_allow source=engine probability=0.02072692 basis=None decodeMs=5.988 inferenceMs=217.214 inferenceQueueMs=0.977 localDecisionMs=225.159  bodyAdmissionMs=0.022 bodyReadMs=7.557 hashMs=0.886 requestToDeliveryMs=798.543 upstreamHeadersMs=552.910 sanitizeMs=239.650 downstreamWriteMs=2.050
09-08 02:03:55.989 10510 11528 I ChromePhotosDataPlane: phase=worker_ready correlationId=c263 admissionWaitMs=0.484
09-08 02:03:56.039 10510 12019 I ChromePhotosDataPlane: phase=worker_ready correlationId=c264 admissionWaitMs=0.636
09-08 02:03:56.229 10510 11232 I ChromePhotosDataPlane: phase=tls_certificate correlationId=c260 tlsCacheHit=false tlsCacheWaitMs=157.272 tlsCreationMs=341.525
09-08 02:03:56.229 10510 11232 I ChromePhotosDataPlane: phase=tls_material correlationId=c260 tlsMaterialMs=499.192
09-08 02:03:56.238 10510 11232 I ChromePhotosDataPlane: phase=tls_ready correlationId=c260 hostClass=network hostHash=0843c9b16155ccbe clientProtocol=http/1.1 ca=37670e7f53713d17
09-08 02:03:56.554 10510 11232 I ChromePhotosDataPlane: origin=real hostClass=network hostHash=0843c9b16155ccbe method=POST clientProtocol=http/1.1 upstreamProtocol=h2 status=200 contentType= bytesOut=0 transfer=fixed upstreamHeadersMs=308.970 downstreamWriteMs=1.502
09-08 02:03:56.661 10510 11929 I ChromePhotosDataPlane: phase=tls_certificate correlationId=c261 tlsCacheHit=false tlsCacheWaitMs=495.768 tlsCreationMs=431.184
09-08 02:03:56.661 10510 11929 I ChromePhotosDataPlane: phase=tls_material correlationId=c261 tlsMaterialMs=927.409
09-08 02:03:56.698 10510 11929 I ChromePhotosDataPlane: phase=tls_ready correlationId=c261 hostClass=network hostHash=f5594fab1b035ec0 clientProtocol=http/1.1 ca=37670e7f53713d17
09-08 02:03:56.904 10510 12005 I ChromePhotosDataPlane: phase=worker_ready correlationId=c265 admissionWaitMs=3.390
09-08 02:03:57.006 10510 12078 I ChromePhotosDataPlane: phase=tls_certificate correlationId=c262 tlsCacheHit=false tlsCacheWaitMs=844.641 tlsCreationMs=344.502
09-08 02:03:57.006 10510 12078 I ChromePhotosDataPlane: phase=tls_material correlationId=c262 tlsMaterialMs=1189.605
09-08 02:03:57.007 10510 11528 I ChromePhotosDataPlane: phase=tls_certificate correlationId=c263 tlsCacheHit=true tlsCacheWaitMs=1004.665 tlsCreationMs=0.000
09-08 02:03:57.007 10510 11528 I ChromePhotosDataPlane: phase=tls_material correlationId=c263 tlsMaterialMs=1005.175
09-08 02:03:57.007 10510 12019 I ChromePhotosDataPlane: phase=tls_certificate correlationId=c264 tlsCacheHit=true tlsCacheWaitMs=952.300 tlsCreationMs=0.000
09-08 02:03:57.008 10510 12019 I ChromePhotosDataPlane: phase=tls_material correlationId=c264 tlsMaterialMs=953.031
09-08 02:03:57.015 10510 12078 I ChromePhotosDataPlane: phase=tls_ready correlationId=c262 hostClass=network hostHash=a552b937eecf21c7 clientProtocol=http/1.1 ca=37670e7f53713d17
09-08 02:03:57.034 10510 11528 I ChromePhotosDataPlane: phase=tls_ready correlationId=c263 hostClass=network hostHash=f5594fab1b035ec0 clientProtocol=http/1.1 ca=37670e7f53713d17
09-08 02:03:57.043 10510 12019 I ChromePhotosDataPlane: phase=tls_ready correlationId=c264 hostClass=network hostHash=f5594fab1b035ec0 clientProtocol=http/1.1 ca=37670e7f53713d17
09-08 02:03:57.153 10510 12078 I ChromePhotosDataPlane: origin=real hostClass=network hostHash=a552b937eecf21c7 method=GET clientProtocol=http/1.1 upstreamProtocol=h2 status=200 contentType=image/png bytesIn=0 bytesOut=704 cache=miss decision=unknown reason=encoded_image_unsupported source=error probability=-1.0 basis=none decodeMs=0.000 inferenceMs=0.000 inferenceQueueMs=0.000 localDecisionMs=0.000   requestToDeliveryMs=136.932 upstreamHeadersMs=135.713 sanitizeMs=0.079 downstreamWriteMs=0.363
09-08 02:03:57.228 10510 11929 I ChromePhotosDataPlane: origin=real hostClass=network hostHash=f5594fab1b035ec0 method=POST clientProtocol=http/1.1 upstreamProtocol=h2 status=200 contentType= bytesOut=0 transfer=fixed upstreamHeadersMs=526.599 downstreamWriteMs=0.353
09-08 02:03:57.229 10510 11528 I ChromePhotosDataPlane: origin=real hostClass=network hostHash=f5594fab1b035ec0 method=POST clientProtocol=http/1.1 upstreamProtocol=h2 status=200 contentType= bytesOut=0 transfer=fixed upstreamHeadersMs=191.381 downstreamWriteMs=1.340
09-08 02:03:57.232 10510 11982 I ChromePhotosDataPlane: phase=worker_ready correlationId=c266 admissionWaitMs=0.622
09-08 02:03:57.244 10510 12019 I ChromePhotosDataPlane: origin=real hostClass=network hostHash=f5594fab1b035ec0 method=POST clientProtocol=http/1.1 upstreamProtocol=h2 status=200 contentType= bytesOut=0 transfer=fixed upstreamHeadersMs=198.946 downstreamWriteMs=0.346
09-08 02:03:57.281 10510 11534 I ChromePhotosDataPlane: phase=worker_ready correlationId=c267 admissionWaitMs=0.611
09-08 02:03:57.405 10510 11930 I ChromePhotosDataPlane: origin=real hostClass=network hostHash=f58aed0f48e58f0c method=POST clientProtocol=http/1.1 upstreamProtocol=h2 status=200 contentType=application/json bytesOut=49 transfer=chunked upstreamHeadersMs=631.010 downstreamWriteMs=1.097
09-08 02:03:57.507 10510 11599 I ChromePhotosDataPlane: origin=real hostClass=network hostHash=f58aed0f48e58f0c method=POST clientProtocol=http/1.1 upstreamProtocol=h2 status=204 contentType= bytesOut=0 transfer=fixed upstreamHeadersMs=743.274 downstreamWriteMs=0.545
09-08 02:03:57.541 10510 12005 I ChromePhotosDataPlane: phase=tls_certificate correlationId=c265 tlsCacheHit=false tlsCacheWaitMs=75.988 tlsCreationMs=530.511
09-08 02:03:57.541 10510 12005 I ChromePhotosDataPlane: phase=tls_material correlationId=c265 tlsMaterialMs=606.995
09-08 02:03:57.550 10510 12005 I ChromePhotosDataPlane: phase=tls_ready correlationId=c265 hostClass=network hostHash=7df7caa0a5579e01 clientProtocol=http/1.1 ca=37670e7f53713d17
09-08 02:03:57.688 10510 11294 I ChromePhotosDataPlane: origin=real hostClass=network hostHash=935e0b482f6ac80a method=POST clientProtocol=http/1.1 upstreamProtocol=h2 status=204 contentType= bytesOut=0 transfer=fixed upstreamHeadersMs=311.583 downstreamWriteMs=1.467
09-08 02:03:57.903 10510 11982 I ChromePhotosDataPlane: phase=tls_certificate correlationId=c266 tlsCacheHit=false tlsCacheWaitMs=295.915 tlsCreationMs=361.082
09-08 02:03:57.903 10510 11982 I ChromePhotosDataPlane: phase=tls_material correlationId=c266 tlsMaterialMs=657.504
09-08 02:03:57.920 10510 11982 I ChromePhotosDataPlane: phase=tls_ready correlationId=c266 hostClass=network hostHash=f58aed0f48e58f0c clientProtocol=http/1.1 ca=37670e7f53713d17
09-08 02:03:58.183 10510 11982 I ChromePhotosDataPlane: origin=real hostClass=network hostHash=f58aed0f48e58f0c method=GET clientProtocol=http/1.1 upstreamProtocol=h2 status=200 contentType=application/json bytesOut=441 transfer=fixed upstreamHeadersMs=259.602 downstreamWriteMs=0.608
09-08 02:03:58.349 10510 11534 I ChromePhotosDataPlane: phase=tls_certificate correlationId=c267 tlsCacheHit=false tlsCacheWaitMs=556.274 tlsCreationMs=444.614
09-08 02:03:58.349 10510 11534 I ChromePhotosDataPlane: phase=tls_material correlationId=c267 tlsMaterialMs=1001.306
09-08 02:03:58.364 10510 11534 I ChromePhotosDataPlane: phase=tls_ready correlationId=c267 hostClass=network hostHash=6f6269e6d4c1364e clientProtocol=http/1.1 ca=37670e7f53713d17
09-08 02:03:58.544 10510 11534 I ChromePhotosDataPlane: origin=real hostClass=network hostHash=6f6269e6d4c1364e method=GET clientProtocol=http/1.1 upstreamProtocol=h2 status=200 contentType=application/json bytesOut=13495 transfer=fixed upstreamHeadersMs=171.591 downstreamWriteMs=3.603
09-08 02:03:58.605 10510 11995 I ChromePhotosDataPlane: phase=worker_ready correlationId=c268 admissionWaitMs=0.500
09-08 02:03:58.632 10510 11599 I ChromePhotosDataPlane: origin=real hostClass=network hostHash=f58aed0f48e58f0c method=GET clientProtocol=http/1.1 upstreamProtocol=h2 status=200 contentType=image/png bytesIn=8557 bytesOut=8557 cache=miss decision=safe reason=model_allow source=engine probability=0.039601594 basis=None decodeMs=3.445 inferenceMs=129.562 inferenceQueueMs=0.231 localDecisionMs=134.052  bodyAdmissionMs=0.039 bodyReadMs=0.359 hashMs=0.755 requestToDeliveryMs=371.452 upstreamHeadersMs=224.883 sanitizeMs=139.087 downstreamWriteMs=1.976
09-08 02:03:59.266 10510 11995 I ChromePhotosDataPlane: phase=tls_certificate correlationId=c268 tlsCacheHit=false tlsCacheWaitMs=0.003 tlsCreationMs=625.605
09-08 02:03:59.266 10510 11995 I ChromePhotosDataPlane: phase=tls_material correlationId=c268 tlsMaterialMs=625.872
09-08 02:03:59.279 10510 11995 I ChromePhotosDataPlane: phase=tls_ready correlationId=c268 hostClass=network hostHash=f2008dba0800e50b clientProtocol=http/1.1 ca=37670e7f53713d17
09-08 02:03:59.476 10510 11995 I ChromePhotosDataPlane: origin=real hostClass=network hostHash=f2008dba0800e50b method=GET clientProtocol=http/1.1 upstreamProtocol=h2 status=200 contentType=text/javascript bytesOut=7626 transfer=fixed upstreamHeadersMs=189.437 downstreamWriteMs=2.976
09-08 02:03:59.591 10510 11897 I ChromePhotosDataPlane: phase=worker_ready correlationId=c269 admissionWaitMs=0.539
09-08 02:03:59.596 10510 11897 I ChromePhotosDataPlane: phase=tls_certificate correlationId=c269 tlsCacheHit=true tlsCacheWaitMs=0.003 tlsCreationMs=0.000
09-08 02:03:59.596 10510 11897 I ChromePhotosDataPlane: phase=tls_material correlationId=c269 tlsMaterialMs=0.231
09-08 02:03:59.607 10510 11897 I ChromePhotosDataPlane: phase=tls_ready correlationId=c269 hostClass=network hostHash=f2008dba0800e50b clientProtocol=http/1.1 ca=37670e7f53713d17
09-08 02:03:59.624 10510 11442 I ChromePhotosDataPlane: phase=worker_ready correlationId=c270 admissionWaitMs=0.341
09-08 02:03:59.642 10510 11897 I ChromePhotosDataPlane: phase=media_shield_document origin=real hostClass=network hostHash=f2008dba0800e50b result=fail_closed reason=document_insertion_unsafe bytesOut=134 upstreamHeadersMs=27.314 documentDecisionMs=0.295 downstreamWriteMs=0.430
09-08 02:04:00.440 10510 11442 I ChromePhotosDataPlane: phase=tls_certificate correlationId=c270 tlsCacheHit=false tlsCacheWaitMs=0.005 tlsCreationMs=781.576
09-08 02:04:00.440 10510 11442 I ChromePhotosDataPlane: phase=tls_material correlationId=c270 tlsMaterialMs=781.969
09-08 02:04:00.455 10510 11442 I ChromePhotosDataPlane: phase=tls_ready correlationId=c270 hostClass=network hostHash=191347bfe55d0ca9 clientProtocol=http/1.1 ca=37670e7f53713d17
09-08 02:04:00.742 10510 11442 I ChromePhotosDataPlane: phase=media_shield_document origin=real hostClass=network hostHash=191347bfe55d0ca9 result=transformed documentSequence=15 navigationSequence=7 token=5368fa238402 bytesOut=112932 upstreamHeadersMs=190.430 documentDecisionMs=86.416 downstreamWriteMs=2.568
09-08 02:04:02.064 10510 11599 I ChromePhotosDataPlane: origin=real hostClass=network hostHash=f58aed0f48e58f0c method=POST clientProtocol=http/1.1 upstreamProtocol=h2 status=204 contentType= bytesOut=0 transfer=fixed upstreamHeadersMs=274.558 downstreamWriteMs=0.925
09-08 02:04:02.487 10510 12019 I ChromePhotosDataPlane: origin=real hostClass=network hostHash=f5594fab1b035ec0 method=POST clientProtocol=http/1.1 upstreamProtocol=h2 status=200 contentType= bytesOut=0 transfer=fixed upstreamHeadersMs=454.608 downstreamWriteMs=1.424
09-08 02:04:20.543 10510 11599 I ChromePhotosDataPlane: phase=media_shield_ready origin=same_origin result=204 bytesOut=0
09-08 02:04:21.008 10510 11437 I ChromePhotosDataPlane: phase=worker_ready correlationId=c271 admissionWaitMs=0.996
09-08 02:04:21.021 10510 11437 I ChromePhotosDataPlane: phase=tls_certificate correlationId=c271 tlsCacheHit=true tlsCacheWaitMs=0.006 tlsCreationMs=0.000
09-08 02:04:21.021 10510 11437 I ChromePhotosDataPlane: phase=tls_material correlationId=c271 tlsMaterialMs=0.528
09-08 02:04:21.038 10510 11437 I ChromePhotosDataPlane: phase=tls_ready correlationId=c271 hostClass=network hostHash=191347bfe55d0ca9 clientProtocol=http/1.1 ca=37670e7f53713d17
09-08 02:04:21.136 10510 11437 I ChromePhotosDataPlane: origin=real hostClass=network hostHash=191347bfe55d0ca9 method=GET clientProtocol=http/1.1 upstreamProtocol=h2 status=200 contentType=application/json bytesOut=23 transfer=fixed upstreamHeadersMs=94.735 downstreamWriteMs=0.720
09-08 02:04:21.269 10510 12019 I ChromePhotosDataPlane: origin=real hostClass=network hostHash=f5594fab1b035ec0 method=POST clientProtocol=http/1.1 upstreamProtocol=h2 status=200 contentType= bytesOut=0 transfer=fixed upstreamHeadersMs=195.557 downstreamWriteMs=0.927
09-08 02:04:22.056 10510 12054 I ChromePhotosDataPlane: phase=worker_ready correlationId=c272 admissionWaitMs=0.168
09-08 02:04:22.553 10510 12054 I ChromePhotosDataPlane: phase=tls_certificate correlationId=c272 tlsCacheHit=false tlsCacheWaitMs=0.003 tlsCreationMs=445.805
09-08 02:04:22.553 10510 12054 I ChromePhotosDataPlane: phase=tls_material correlationId=c272 tlsMaterialMs=446.180
09-08 02:04:22.570 10510 12054 I ChromePhotosDataPlane: phase=tls_ready correlationId=c272 hostClass=network hostHash=935e0b482f6ac80a clientProtocol=http/1.1 ca=37670e7f53713d17
09-08 02:04:22.890 10510 12054 I ChromePhotosDataPlane: origin=real hostClass=network hostHash=935e0b482f6ac80a method=POST clientProtocol=http/1.1 upstreamProtocol=h2 status=204 contentType= bytesOut=0 transfer=fixed upstreamHeadersMs=316.544 downstreamWriteMs=0.652
09-08 02:04:25.597 10510 11437 I ChromePhotosDataPlane: phase=media_shield_document origin=real hostClass=network hostHash=191347bfe55d0ca9 result=transformed documentSequence=16 navigationSequence=8 token=961e10172375 bytesOut=1023085 upstreamHeadersMs=152.887 documentDecisionMs=214.225 downstreamWriteMs=5.045
09-08 02:04:25.676 10510 12076 I ChromePhotosDataPlane: phase=worker_ready correlationId=c273 admissionWaitMs=0.231
09-08 02:04:25.701 10510 11413 I ChromePhotosDataPlane: phase=worker_ready correlationId=c274 admissionWaitMs=0.191
09-08 02:04:25.713 10510 11413 I ChromePhotosDataPlane: phase=tls_certificate correlationId=c274 tlsCacheHit=true tlsCacheWaitMs=0.004 tlsCreationMs=0.000
09-08 02:04:25.713 10510 11413 I ChromePhotosDataPlane: phase=tls_material correlationId=c274 tlsMaterialMs=0.390
09-08 02:04:25.726 10510 11413 I ChromePhotosDataPlane: phase=tls_ready correlationId=c274 hostClass=network hostHash=191347bfe55d0ca9 clientProtocol=http/1.1 ca=37670e7f53713d17
09-08 02:04:25.737 10510 11413 I ChromePhotosDataPlane: phase=media_shield_ready origin=same_origin result=204 bytesOut=0
09-08 02:04:25.752 10510 11413 I ChromePhotosDataPlane: phase=media_shield_ready origin=same_origin result=204 bytesOut=0
09-08 02:04:25.766 10510 11413 I ChromePhotosDataPlane: phase=media_shield_ready origin=same_origin result=204 bytesOut=0
09-08 02:04:25.869 10510 12061 I ChromePhotosDataPlane: phase=worker_ready correlationId=c275 admissionWaitMs=0.280
09-08 02:04:25.926 10510 12076 I ChromePhotosDataPlane: phase=tls_certificate correlationId=c273 tlsCacheHit=false tlsCacheWaitMs=0.002 tlsCreationMs=198.325
09-08 02:04:25.926 10510 12076 I ChromePhotosDataPlane: phase=tls_material correlationId=c273 tlsMaterialMs=198.649
09-08 02:04:25.939 10510 12076 I ChromePhotosDataPlane: phase=tls_ready correlationId=c273 hostClass=network hostHash=685eae6637200805 clientProtocol=http/1.1 ca=37670e7f53713d17
09-08 02:04:26.120 10510 12076 I ChromePhotosDataPlane: origin=real hostClass=network hostHash=685eae6637200805 method=GET clientProtocol=http/1.1 upstreamProtocol=h2 status=302 contentType= bytesIn=0 bytesOut=0 cache=miss decision=passthrough   requestToDeliveryMs=177.860 upstreamHeadersMs=174.415 sanitizeMs=0.792 downstreamWriteMs=0.693
09-08 02:04:26.133 10510 11281 I ChromePhotosDataPlane: phase=worker_ready correlationId=c276 admissionWaitMs=1.660
09-08 02:04:26.165 10510 11443 I ChromePhotosDataPlane: phase=worker_ready correlationId=c277 admissionWaitMs=0.239
09-08 02:04:26.257 10510 11437 I ChromePhotosDataPlane: origin=real hostClass=network hostHash=191347bfe55d0ca9 method=GET clientProtocol=http/1.1 upstreamProtocol=h2 status=204 contentType=text/css bytesIn=0 bytesOut=0 cache=miss decision=passthrough   requestToDeliveryMs=72.689 upstreamHeadersMs=71.323 sanitizeMs=0.024 downstreamWriteMs=0.321
09-08 02:04:26.370 10510 11437 I ChromePhotosDataPlane: origin=real hostClass=network hostHash=191347bfe55d0ca9 method=POST clientProtocol=http/1.1 upstreamProtocol=h2 status=204 contentType=text/html bytesOut=0 transfer=fixed upstreamHeadersMs=60.851 downstreamWriteMs=22.418
09-08 02:04:26.588 10510 11413 I ChromePhotosDataPlane: origin=real hostClass=network hostHash=191347bfe55d0ca9 method=GET clientProtocol=http/1.1 upstreamProtocol=h2 status=200 contentType=image/webp bytesIn=2070 bytesOut=2070 cache=miss decision=safe reason=model_allow source=engine probability=0.093275934 basis=None decodeMs=8.917 inferenceMs=627.638 inferenceQueueMs=0.203 localDecisionMs=638.106  bodyAdmissionMs=0.029 bodyReadMs=0.199 hashMs=0.350 requestToDeliveryMs=696.188 upstreamHeadersMs=49.772 sanitizeMs=639.952 downstreamWriteMs=2.051
09-08 02:04:26.619 10510 12061 I ChromePhotosDataPlane: phase=tls_certificate correlationId=c275 tlsCacheHit=false tlsCacheWaitMs=13.064 tlsCreationMs=693.358
09-08 02:04:26.619 10510 12061 I ChromePhotosDataPlane: phase=tls_material correlationId=c275 tlsMaterialMs=706.957
09-08 02:04:26.629 10510 12061 I ChromePhotosDataPlane: phase=tls_ready correlationId=c275 hostClass=network hostHash=c350913878bceb2f clientProtocol=http/1.1 ca=37670e7f53713d17
09-08 02:04:26.741 10510 12038 I ChromePhotosDataPlane: phase=worker_ready correlationId=c278 admissionWaitMs=0.912
09-08 02:04:26.748 10510 11900 I ChromePhotosDataPlane: phase=worker_ready correlationId=c279 admissionWaitMs=4.452
09-08 02:04:26.795 10510 11422 I ChromePhotosDataPlane: phase=worker_ready correlationId=c280 admissionWaitMs=0.183
09-08 02:04:26.805 10510 11413 I ChromePhotosDataPlane: origin=real hostClass=network hostHash=191347bfe55d0ca9 method=GET clientProtocol=http/1.1 upstreamProtocol=h2 status=204 contentType=text/css bytesIn=0 bytesOut=0 cache=miss decision=passthrough   requestToDeliveryMs=71.682 upstreamHeadersMs=69.268 sanitizeMs=0.028 downstreamWriteMs=0.481
09-08 02:04:26.988 10510 12061 I ChromePhotosDataPlane: origin=real hostClass=network hostHash=c350913878bceb2f method=GET clientProtocol=http/1.1 upstreamProtocol=h2 status=200 contentType=application/json bytesOut=55 transfer=fixed upstreamHeadersMs=357.773 downstreamWriteMs=0.510
09-08 02:04:26.992 10510 11413 I ChromePhotosDataPlane: origin=real hostClass=network hostHash=191347bfe55d0ca9 method=GET clientProtocol=http/1.1 upstreamProtocol=h2 status=200 contentType=text/javascript bytesOut=505 transfer=fixed upstreamHeadersMs=50.404 downstreamWriteMs=2.486
09-08 02:04:27.060 10510 11281 I ChromePhotosDataPlane: phase=tls_certificate correlationId=c276 tlsCacheHit=false tlsCacheWaitMs=431.691 tlsCreationMs=439.990
09-08 02:04:27.060 10510 11281 I ChromePhotosDataPlane: phase=tls_material correlationId=c276 tlsMaterialMs=872.003
09-08 02:04:27.070 10510 11281 I ChromePhotosDataPlane: phase=tls_ready correlationId=c276 hostClass=network hostHash=bf52830e11f43bb6 clientProtocol=http/1.1 ca=37670e7f53713d17
09-08 02:04:27.079 10510 11413 I ChromePhotosDataPlane: origin=real hostClass=network hostHash=191347bfe55d0ca9 method=POST clientProtocol=http/1.1 upstreamProtocol=h2 status=204 contentType=text/html bytesOut=0 transfer=fixed upstreamHeadersMs=81.223 downstreamWriteMs=0.948
09-08 02:04:27.175 10510 11413 I ChromePhotosDataPlane: origin=real hostClass=network hostHash=191347bfe55d0ca9 method=POST clientProtocol=http/1.1 upstreamProtocol=h2 status=204 contentType=text/html bytesOut=0 transfer=fixed upstreamHeadersMs=55.061 downstreamWriteMs=0.372
09-08 02:04:27.316 10510 11413 I ChromePhotosDataPlane: origin=real hostClass=network hostHash=191347bfe55d0ca9 method=POST clientProtocol=http/1.1 upstreamProtocol=h2 status=204 contentType=text/html bytesOut=0 transfer=fixed upstreamHeadersMs=70.331 downstreamWriteMs=0.246
09-08 02:04:27.316 10510 11427 I ChromePhotosDataPlane: phase=worker_ready correlationId=c281 admissionWaitMs=0.489
09-08 02:04:27.326 10510 11600 I ChromePhotosDataPlane: phase=worker_ready correlationId=c282 admissionWaitMs=0.500
09-08 02:04:27.328 10510 11498 I ChromePhotosDataPlane: phase=worker_ready correlationId=c283 admissionWaitMs=0.449
09-08 02:04:27.329 10510 11284 I ChromePhotosDataPlane: phase=worker_ready correlationId=c284 admissionWaitMs=0.691
09-08 02:04:27.364 10510 11489 I ChromePhotosDataPlane: phase=worker_ready correlationId=c285 admissionWaitMs=1.771
09-08 02:04:27.396 10510 11437 I ChromePhotosDataPlane: origin=real hostClass=network hostHash=191347bfe55d0ca9 method=GET clientProtocol=http/1.1 upstreamProtocol=h2 status=200 contentType=text/javascript bytesOut=68404 transfer=fixed upstreamHeadersMs=51.602 downstreamWriteMs=32.274
09-08 02:04:27.422 10510 11413 I ChromePhotosDataPlane: origin=real hostClass=network hostHash=191347bfe55d0ca9 method=GET clientProtocol=http/1.1 upstreamProtocol=h2 status=200 contentType=text/javascript bytesOut=44610 transfer=fixed upstreamHeadersMs=71.146 downstreamWriteMs=12.867
09-08 02:04:27.517 10510 11437 I ChromePhotosDataPlane: origin=real hostClass=network hostHash=191347bfe55d0ca9 method=GET clientProtocol=http/1.1 upstreamProtocol=h2 status=200 contentType=text/javascript bytesOut=90023 transfer=fixed upstreamHeadersMs=67.587 downstreamWriteMs=47.493
09-08 02:04:27.549 10510 11413 I ChromePhotosDataPlane: origin=real hostClass=network hostHash=191347bfe55d0ca9 method=GET clientProtocol=http/1.1 upstreamProtocol=h2 status=200 contentType=text/javascript bytesOut=12035 transfer=fixed upstreamHeadersMs=57.095 downstreamWriteMs=15.284
09-08 02:04:27.629 10510 11437 I ChromePhotosDataPlane: origin=real hostClass=network hostHash=191347bfe55d0ca9 method=GET clientProtocol=http/1.1 upstreamProtocol=h2 status=200 contentType=text/javascript bytesOut=1853 transfer=fixed upstreamHeadersMs=70.097 downstreamWriteMs=4.043
09-08 02:04:27.657 10510 11281 I ChromePhotosDataPlane: origin=real hostClass=network hostHash=bf52830e11f43bb6 method=GET clientProtocol=http/1.1 upstreamProtocol=h2 status=200 contentType=image/png bytesIn=719 bytesOut=719 cache=miss decision=safe reason=model_allow source=engine probability=0.039679587 basis=None decodeMs=3.159 inferenceMs=213.702 inferenceQueueMs=0.194 localDecisionMs=217.836  bodyAdmissionMs=0.027 bodyReadMs=0.221 hashMs=0.957 requestToDeliveryMs=585.738 upstreamHeadersMs=361.401 sanitizeMs=220.284 downstreamWriteMs=1.623
09-08 02:04:27.700 10510 11484 I ChromePhotosDataPlane: phase=worker_ready correlationId=c286 admissionWaitMs=0.215
09-08 02:04:27.760 10510 11437 I ChromePhotosDataPlane: origin=real hostClass=network hostHash=191347bfe55d0ca9 method=POST clientProtocol=http/1.1 upstreamProtocol=h2 status=204 contentType=text/html bytesOut=0 transfer=fixed upstreamHeadersMs=51.995 downstreamWriteMs=0.779
09-08 02:04:27.873 10510 11437 I ChromePhotosDataPlane: origin=real hostClass=network hostHash=191347bfe55d0ca9 method=GET clientProtocol=http/1.1 upstreamProtocol=h2 status=200 contentType=application/json bytesOut=13516 transfer=fixed upstreamHeadersMs=104.332 downstreamWriteMs=0.541
09-08 02:04:27.895 10510 11443 I ChromePhotosDataPlane: phase=tls_certificate correlationId=c277 tlsCacheHit=false tlsCacheWaitMs=858.177 tlsCreationMs=833.496
09-08 02:04:27.895 10510 11443 I ChromePhotosDataPlane: phase=tls_material correlationId=c277 tlsMaterialMs=1692.210
09-08 02:04:27.907 10510 11443 I ChromePhotosDataPlane: phase=tls_ready correlationId=c277 hostClass=network hostHash=531c0c97f236d51c clientProtocol=http/1.1 ca=37670e7f53713d17
09-08 02:04:27.970 10510 11437 I ChromePhotosDataPlane: origin=real hostClass=network hostHash=191347bfe55d0ca9 method=GET clientProtocol=http/1.1 upstreamProtocol=h2 status=200 contentType=image/png bytesIn=43 bytesOut=704 cache=miss decision=unknown reason=unsupported_gif source=error probability=-1.0 basis=none decodeMs=0.000 inferenceMs=0.000 inferenceQueueMs=0.000 localDecisionMs=0.000  bodyAdmissionMs=0.018 bodyReadMs=0.059 requestToDeliveryMs=47.669 upstreamHeadersMs=46.026 sanitizeMs=0.358 downstreamWriteMs=0.275
09-08 02:04:28.000 10510 11413 I ChromePhotosDataPlane: origin=real hostClass=network hostHash=191347bfe55d0ca9 method=GET clientProtocol=http/1.1 upstreamProtocol=h2 status=200 contentType=text/css bytesOut=10520 transfer=fixed upstreamHeadersMs=60.781 downstreamWriteMs=2.152
09-08 02:04:28.073 10510 11443 I ChromePhotosDataPlane: origin=real hostClass=network hostHash=531c0c97f236d51c method=GET clientProtocol=http/1.1 upstreamProtocol=h2 status=204 contentType=text/css bytesIn=0 bytesOut=0 cache=miss decision=passthrough   requestToDeliveryMs=165.035 upstreamHeadersMs=163.819 sanitizeMs=0.022 downstreamWriteMs=0.272
09-08 02:04:28.082 10510 11413 I ChromePhotosDataPlane: origin=real hostClass=network hostHash=191347bfe55d0ca9 method=GET clientProtocol=http/1.1 upstreamProtocol=h2 status=200 contentType=text/css bytesOut=32958 transfer=fixed upstreamHeadersMs=71.974 downstreamWriteMs=2.577
09-08 02:04:28.083 10510 11437 I ChromePhotosDataPlane: origin=real hostClass=network hostHash=191347bfe55d0ca9 method=GET clientProtocol=http/1.1 upstreamProtocol=h2 status=200 contentType=text/css bytesOut=22301 transfer=fixed upstreamHeadersMs=69.274 downstreamWriteMs=0.732
09-08 02:04:28.184 10510 11413 I ChromePhotosDataPlane: origin=real hostClass=network hostHash=191347bfe55d0ca9 method=GET clientProtocol=http/1.1 upstreamProtocol=h2 status=200 contentType=text/css bytesOut=24257 transfer=fixed upstreamHeadersMs=57.679 downstreamWriteMs=0.767
09-08 02:04:28.196 10510 11437 I ChromePhotosDataPlane: origin=real hostClass=network hostHash=191347bfe55d0ca9 method=GET clientProtocol=http/1.1 upstreamProtocol=h2 status=200 contentType=text/css bytesOut=8185 transfer=fixed upstreamHeadersMs=66.164 downstreamWriteMs=0.843
09-08 02:04:28.251 10510 11900 I ChromePhotosDataPlane: phase=tls_certificate correlationId=c279 tlsCacheHit=false tlsCacheWaitMs=1111.311 tlsCreationMs=356.469
09-08 02:04:28.251 10510 11900 I ChromePhotosDataPlane: phase=tls_material correlationId=c279 tlsMaterialMs=1468.348
09-08 02:04:28.252 10510 12038 I ChromePhotosDataPlane: phase=tls_certificate correlationId=c278 tlsCacheHit=true tlsCacheWaitMs=1458.321 tlsCreationMs=0.000
09-08 02:04:28.252 10510 12038 I ChromePhotosDataPlane: phase=tls_material correlationId=c278 tlsMaterialMs=1458.807
09-08 02:04:28.260 10510 11900 I ChromePhotosDataPlane: phase=tls_ready correlationId=c279 hostClass=network hostHash=a599aeb3c7c1dfa5 clientProtocol=http/1.1 ca=37670e7f53713d17
09-08 02:04:28.261 10510 12038 I ChromePhotosDataPlane: phase=tls_ready correlationId=c278 hostClass=network hostHash=a599aeb3c7c1dfa5 clientProtocol=http/1.1 ca=37670e7f53713d17
09-08 02:04:28.285 10510 11413 I ChromePhotosDataPlane: origin=real hostClass=network hostHash=191347bfe55d0ca9 method=GET clientProtocol=http/1.1 upstreamProtocol=h2 status=200 contentType=text/css bytesOut=13762 transfer=fixed upstreamHeadersMs=56.406 downstreamWriteMs=0.450
09-08 02:04:28.299 10510 11437 I ChromePhotosDataPlane: origin=real hostClass=network hostHash=191347bfe55d0ca9 method=GET clientProtocol=http/1.1 upstreamProtocol=h2 status=200 contentType=text/css bytesOut=2778 transfer=fixed upstreamHeadersMs=59.605 downstreamWriteMs=0.525
09-08 02:04:28.372 10510 11936 I ChromePhotosDataPlane: phase=worker_ready correlationId=c287 admissionWaitMs=0.268
09-08 02:04:28.374 10510 11413 I ChromePhotosDataPlane: origin=real hostClass=network hostHash=191347bfe55d0ca9 method=GET clientProtocol=http/1.1 upstreamProtocol=h2 status=200 contentType=text/css bytesOut=192 transfer=fixed upstreamHeadersMs=46.851 downstreamWriteMs=0.274
09-08 02:04:28.411 10510 11900 I ChromePhotosDataPlane: origin=real hostClass=network hostHash=a599aeb3c7c1dfa5 method=GET clientProtocol=http/1.1 upstreamProtocol=h2 status=204 contentType=text/html bytesIn=0 bytesOut=0 cache=miss decision=passthrough   requestToDeliveryMs=147.815 upstreamHeadersMs=146.377 sanitizeMs=0.017 downstreamWriteMs=0.196
09-08 02:04:28.412 10510 12038 I ChromePhotosDataPlane: origin=real hostClass=network hostHash=a599aeb3c7c1dfa5 method=GET clientProtocol=http/1.1 upstreamProtocol=h2 status=204 contentType=text/html bytesIn=0 bytesOut=0 cache=miss decision=passthrough   requestToDeliveryMs=148.391 upstreamHeadersMs=146.078 sanitizeMs=0.018 downstreamWriteMs=0.196
09-08 02:04:28.419 10510 11437 I ChromePhotosDataPlane: origin=real hostClass=network hostHash=191347bfe55d0ca9 method=GET clientProtocol=http/1.1 upstreamProtocol=h2 status=200 contentType=text/javascript bytesOut=61510 transfer=fixed upstreamHeadersMs=57.445 downstreamWriteMs=12.074
09-08 02:04:28.429 10510 11271 I ChromePhotosDataPlane: phase=worker_ready correlationId=c288 admissionWaitMs=0.282
09-08 02:04:28.476 10510 11437 I ChromePhotosDataPlane: phase=media_shield_ready origin=same_origin result=200 bytesOut=162118
09-08 02:04:28.494 10510 11413 I ChromePhotosDataPlane: origin=real hostClass=network hostHash=191347bfe55d0ca9 method=GET clientProtocol=http/1.1 upstreamProtocol=h2 status=200 contentType=text/javascript bytesOut=22561 transfer=fixed upstreamHeadersMs=66.256 downstreamWriteMs=4.608
09-08 02:04:28.536 10510 11422 I ChromePhotosDataPlane: phase=tls_certificate correlationId=c280 tlsCacheHit=false tlsCacheWaitMs=1442.868 tlsCreationMs=283.710
09-08 02:04:28.536 10510 11422 I ChromePhotosDataPlane: phase=tls_material correlationId=c280 tlsMaterialMs=1726.987
09-08 02:04:28.536 10510 11427 I ChromePhotosDataPlane: phase=tls_certificate correlationId=c281 tlsCacheHit=true tlsCacheWaitMs=1215.088 tlsCreationMs=0.000
09-08 02:04:28.536 10510 11427 I ChromePhotosDataPlane: phase=tls_material correlationId=c281 tlsMaterialMs=1215.387
09-08 02:04:28.536 10510 11600 I ChromePhotosDataPlane: phase=tls_certificate correlationId=c282 tlsCacheHit=true tlsCacheWaitMs=1203.976 tlsCreationMs=0.000
09-08 02:04:28.537 10510 11600 I ChromePhotosDataPlane: phase=tls_material correlationId=c282 tlsMaterialMs=1204.223
09-08 02:04:28.542 10510 11498 I ChromePhotosDataPlane: phase=tls_certificate correlationId=c283 tlsCacheHit=true tlsCacheWaitMs=1209.339 tlsCreationMs=0.000
09-08 02:04:28.542 10510 11498 I ChromePhotosDataPlane: phase=tls_material correlationId=c283 tlsMaterialMs=1209.649
09-08 02:04:28.547 10510 11284 I ChromePhotosDataPlane: phase=tls_certificate correlationId=c284 tlsCacheHit=true tlsCacheWaitMs=1210.231 tlsCreationMs=0.000
09-08 02:04:28.547 10510 11284 I ChromePhotosDataPlane: phase=tls_material correlationId=c284 tlsMaterialMs=1210.518
09-08 02:04:28.548 10510 11422 I ChromePhotosDataPlane: phase=tls_ready correlationId=c280 hostClass=network hostHash=abf8fbf760ef2a86 clientProtocol=http/1.1 ca=37670e7f53713d17
09-08 02:04:28.560 10510 11427 I ChromePhotosDataPlane: phase=tls_ready correlationId=c281 hostClass=network hostHash=191347bfe55d0ca9 clientProtocol=http/1.1 ca=37670e7f53713d17
09-08 02:04:28.563 10510 11600 I ChromePhotosDataPlane: phase=tls_ready correlationId=c282 hostClass=network hostHash=191347bfe55d0ca9 clientProtocol=http/1.1 ca=37670e7f53713d17
09-08 02:04:28.563 10510 11498 I ChromePhotosDataPlane: phase=tls_ready correlationId=c283 hostClass=network hostHash=191347bfe55d0ca9 clientProtocol=http/1.1 ca=37670e7f53713d17
09-08 02:04:28.564 10510 11284 I ChromePhotosDataPlane: phase=tls_ready correlationId=c284 hostClass=network hostHash=191347bfe55d0ca9 clientProtocol=http/1.1 ca=37670e7f53713d17
09-08 02:04:28.576 10510 11437 I ChromePhotosDataPlane: origin=real hostClass=network hostHash=191347bfe55d0ca9 method=GET clientProtocol=http/1.1 upstreamProtocol=h2 status=200 contentType=text/javascript bytesOut=49844 transfer=fixed upstreamHeadersMs=78.006 downstreamWriteMs=3.695
09-08 02:04:28.618 10510 11188 I ChromePhotosDataPlane: phase=worker_ready correlationId=c289 admissionWaitMs=0.456
09-08 02:04:28.661 10510 11413 I ChromePhotosDataPlane: origin=real hostClass=network hostHash=191347bfe55d0ca9 method=GET clientProtocol=http/1.1 upstreamProtocol=h2 status=200 contentType=text/javascript bytesOut=70266 transfer=fixed upstreamHeadersMs=68.046 downstreamWriteMs=48.756
09-08 02:04:28.720 10510 11537 I ChromePhotosDataPlane: phase=worker_ready correlationId=c290 admissionWaitMs=1.955
09-08 02:04:28.732 10510 11600 I ChromePhotosDataPlane: origin=real hostClass=network hostHash=191347bfe55d0ca9 method=GET clientProtocol=http/1.1 upstreamProtocol=h2 status=200 contentType=text/javascript bytesOut=110109 transfer=fixed upstreamHeadersMs=84.716 downstreamWriteMs=62.812
09-08 02:04:28.747 10510 11413 I ChromePhotosDataPlane: phase=media_shield_ready origin=same_origin result=200 bytesOut=92935
09-08 02:04:28.747 10510 11437 I ChromePhotosDataPlane: origin=real hostClass=network hostHash=191347bfe55d0ca9 method=GET clientProtocol=http/1.1 upstreamProtocol=h2 status=200 contentType=text/javascript bytesOut=27076 transfer=fixed upstreamHeadersMs=91.998 downstreamWriteMs=6.689
09-08 02:04:28.751 10510 11498 I ChromePhotosDataPlane: origin=real hostClass=network hostHash=191347bfe55d0ca9 method=GET clientProtocol=http/1.1 upstreamProtocol=h2 status=200 contentType=text/javascript bytesOut=236992 transfer=fixed upstreamHeadersMs=80.774 downstreamWriteMs=77.205
09-08 02:04:28.771 10510 11427 I ChromePhotosDataPlane: origin=real hostClass=network hostHash=191347bfe55d0ca9 method=GET clientProtocol=http/1.1 upstreamProtocol=h2 status=200 contentType=text/javascript bytesOut=227530 transfer=fixed upstreamHeadersMs=85.264 downstreamWriteMs=120.445
09-08 02:04:28.884 10510 11672 I ChromePhotosDataPlane: phase=worker_ready correlationId=c291 admissionWaitMs=2.186
09-08 02:04:28.894 10510 11600 I ChromePhotosDataPlane: origin=real hostClass=network hostHash=191347bfe55d0ca9 method=POST clientProtocol=http/1.1 upstreamProtocol=h2 status=204 contentType=text/html bytesOut=0 transfer=fixed upstreamHeadersMs=96.441 downstreamWriteMs=0.788
09-08 02:04:28.896 10510 11284 I ChromePhotosDataPlane: origin=real hostClass=network hostHash=191347bfe55d0ca9 method=GET clientProtocol=http/1.1 upstreamProtocol=h2 status=200 contentType=text/javascript bytesOut=229143 transfer=fixed upstreamHeadersMs=81.742 downstreamWriteMs=218.831
09-08 02:04:28.897 10510 11518 I ChromePhotosDataPlane: phase=worker_ready correlationId=c292 admissionWaitMs=0.285
09-08 02:04:28.912 10510 11422 I ChromePhotosDataPlane: origin=real hostClass=network hostHash=abf8fbf760ef2a86 method=GET clientProtocol=http/1.1 upstreamProtocol=h2 status=200 contentType=image/png bytesIn=0 bytesOut=704 cache=miss decision=unknown reason=encoded_image_unsupported source=error probability=-1.0 basis=none decodeMs=0.000 inferenceMs=0.000 inferenceQueueMs=0.000 localDecisionMs=0.000   requestToDeliveryMs=363.188 upstreamHeadersMs=361.716 sanitizeMs=0.103 downstreamWriteMs=0.416
09-08 02:04:28.924 10510 11437 I ChromePhotosDataPlane: origin=real hostClass=network hostHash=191347bfe55d0ca9 method=GET clientProtocol=http/1.1 upstreamProtocol=h2 status=200 contentType=text/javascript bytesOut=3824 transfer=fixed upstreamHeadersMs=84.135 downstreamWriteMs=1.308
09-08 02:04:28.946 10510 11413 I ChromePhotosDataPlane: origin=real hostClass=network hostHash=191347bfe55d0ca9 method=POST clientProtocol=http/1.1 upstreamProtocol=h2 status=204 contentType=text/html bytesOut=0 transfer=fixed upstreamHeadersMs=139.571 downstreamWriteMs=0.439
09-08 02:04:28.957 10510 11498 I ChromePhotosDataPlane: origin=real hostClass=network hostHash=191347bfe55d0ca9 method=POST clientProtocol=http/1.1 upstreamProtocol=h2 status=204 contentType=text/html bytesOut=0 transfer=fixed upstreamHeadersMs=76.641 downstreamWriteMs=5.948
09-08 02:04:28.973 10510 11600 I ChromePhotosDataPlane: phase=media_shield_ready origin=same_origin result=200 bytesOut=122964
09-08 02:04:28.976 10510 11427 I ChromePhotosDataPlane: origin=real hostClass=network hostHash=191347bfe55d0ca9 method=POST clientProtocol=http/1.1 upstreamProtocol=h2 status=204 contentType=text/html bytesOut=0 transfer=fixed upstreamHeadersMs=93.048 downstreamWriteMs=0.295
09-08 02:04:29.110 10510 11893 I ChromePhotosDataPlane: phase=worker_ready correlationId=c293 admissionWaitMs=0.208
09-08 02:04:29.220 10510 11422 I ChromePhotosDataPlane: origin=real hostClass=network hostHash=abf8fbf760ef2a86 method=GET clientProtocol=http/1.1 upstreamProtocol=h2 status=200 contentType=image/png bytesIn=0 bytesOut=704 cache=miss decision=unknown reason=encoded_image_unsupported source=error probability=-1.0 basis=none decodeMs=0.000 inferenceMs=0.000 inferenceQueueMs=0.000 localDecisionMs=0.000   requestToDeliveryMs=231.907 upstreamHeadersMs=223.715 sanitizeMs=0.096 downstreamWriteMs=7.050
09-08 02:04:29.228 10510 11600 I ChromePhotosDataPlane: phase=media_shield_ready origin=same_origin result=200 bytesOut=57915
09-08 02:04:29.249 10510 11489 I ChromePhotosDataPlane: phase=tls_certificate correlationId=c285 tlsCacheHit=false tlsCacheWaitMs=1130.403 tlsCreationMs=701.803
09-08 02:04:29.249 10510 11489 I ChromePhotosDataPlane: phase=tls_material correlationId=c285 tlsMaterialMs=1832.862
09-08 02:04:29.254 10510 11484 I ChromePhotosDataPlane: phase=tls_certificate correlationId=c286 tlsCacheHit=true tlsCacheWaitMs=1547.973 tlsCreationMs=0.000
09-08 02:04:29.254 10510 11484 I ChromePhotosDataPlane: phase=tls_material correlationId=c286 tlsMaterialMs=1548.443
09-08 02:04:29.255 10510 11936 I ChromePhotosDataPlane: phase=tls_certificate correlationId=c287 tlsCacheHit=true tlsCacheWaitMs=878.857 tlsCreationMs=0.000
09-08 02:04:29.255 10510 11936 I ChromePhotosDataPlane: phase=tls_material correlationId=c287 tlsMaterialMs=879.262
09-08 02:04:29.256 10510 11271 I ChromePhotosDataPlane: phase=tls_certificate correlationId=c288 tlsCacheHit=true tlsCacheWaitMs=813.088 tlsCreationMs=0.000
09-08 02:04:29.256 10510 11271 I ChromePhotosDataPlane: phase=tls_material correlationId=c288 tlsMaterialMs=814.290
09-08 02:04:29.263 10510 11188 I ChromePhotosDataPlane: phase=tls_certificate correlationId=c289 tlsCacheHit=true tlsCacheWaitMs=638.041 tlsCreationMs=0.000
09-08 02:04:29.264 10510 11188 I ChromePhotosDataPlane: phase=tls_material correlationId=c289 tlsMaterialMs=638.552
09-08 02:04:29.280 10510 11484 I ChromePhotosDataPlane: phase=tls_ready correlationId=c286 hostClass=network hostHash=191347bfe55d0ca9 clientProtocol=http/1.1 ca=37670e7f53713d17
09-08 02:04:29.286 10510 11489 I ChromePhotosDataPlane: phase=tls_ready correlationId=c285 hostClass=network hostHash=eaadc6f5c45b9f47 clientProtocol=http/1.1 ca=37670e7f53713d17
09-08 02:04:29.291 10510 11271 I ChromePhotosDataPlane: phase=tls_ready correlationId=c288 hostClass=network hostHash=191347bfe55d0ca9 clientProtocol=http/1.1 ca=37670e7f53713d17
09-08 02:04:29.295 10510 11936 I ChromePhotosDataPlane: phase=tls_ready correlationId=c287 hostClass=network hostHash=abf8fbf760ef2a86 clientProtocol=http/1.1 ca=37670e7f53713d17
09-08 02:04:29.303 10510 11188 I ChromePhotosDataPlane: phase=tls_ready correlationId=c289 hostClass=network hostHash=191347bfe55d0ca9 clientProtocol=http/1.1 ca=37670e7f53713d17
09-08 02:04:29.324 10510 11484 I ChromePhotosDataPlane: origin=real hostClass=network hostHash=191347bfe55d0ca9 method=GET clientProtocol=http/1.1 upstreamProtocol=h2 status=200 contentType=image/png bytesIn=0 bytesOut=704 cache=miss decision=unknown reason=encoded_image_unsupported source=error probability=-1.0 basis=none decodeMs=0.000 inferenceMs=0.000 inferenceQueueMs=0.000 localDecisionMs=0.000   requestToDeliveryMs=26.433 upstreamHeadersMs=23.575 sanitizeMs=0.092 downstreamWriteMs=0.939
09-08 02:04:29.494 10510 11489 I ChromePhotosDataPlane: origin=real hostClass=network hostHash=eaadc6f5c45b9f47 method=POST clientProtocol=http/1.1 upstreamProtocol=h2 status=200 contentType=application/json+protobuf bytesOut=39 transfer=fixed upstreamHeadersMs=193.553 downstreamWriteMs=1.271
09-08 02:04:29.650 10510 11518 I ChromePhotosDataPlane: phase=tls_certificate correlationId=c292 tlsCacheHit=true tlsCacheWaitMs=743.665 tlsCreationMs=0.000
09-08 02:04:29.650 10510 11518 I ChromePhotosDataPlane: phase=tls_material correlationId=c292 tlsMaterialMs=743.912
09-08 02:04:29.669 10510 11537 I ChromePhotosDataPlane: phase=tls_certificate correlationId=c290 tlsCacheHit=false tlsCacheWaitMs=461.758 tlsCreationMs=385.380
09-08 02:04:29.669 10510 11537 I ChromePhotosDataPlane: phase=tls_material correlationId=c290 tlsMaterialMs=866.971
09-08 02:04:29.684 10510 11518 I ChromePhotosDataPlane: phase=tls_ready correlationId=c292 hostClass=network hostHash=191347bfe55d0ca9 clientProtocol=http/1.1 ca=37670e7f53713d17
09-08 02:04:29.694 10510 11862 I ChromePhotosDataPlane: phase=worker_ready correlationId=c294 admissionWaitMs=0.453
09-08 02:04:29.695 10510 11537 I ChromePhotosDataPlane: phase=tls_ready correlationId=c290 hostClass=network hostHash=11f22eead42a856b clientProtocol=http/1.1 ca=37670e7f53713d17
09-08 02:04:29.705 10510 11993 I ChromePhotosDataPlane: phase=worker_ready correlationId=c295 admissionWaitMs=0.293
09-08 02:04:29.713 10510 11994 I ChromePhotosDataPlane: phase=worker_ready correlationId=c296 admissionWaitMs=0.929
09-08 02:04:29.716 10510 11673 I ChromePhotosDataPlane: phase=worker_ready correlationId=c297 admissionWaitMs=2.112
09-08 02:04:29.739 10510 11931 I ChromePhotosDataPlane: phase=worker_ready correlationId=c298 admissionWaitMs=13.620
09-08 02:04:29.754 10510 12020 I ChromePhotosDataPlane: phase=worker_ready correlationId=c299 admissionWaitMs=20.402
09-08 02:04:29.855 10510 11600 I ChromePhotosDataPlane: origin=real hostClass=network hostHash=191347bfe55d0ca9 method=GET clientProtocol=http/1.1 upstreamProtocol=h2 status=200 contentType=text/javascript bytesOut=65366 transfer=fixed upstreamHeadersMs=58.099 downstreamWriteMs=43.436
09-08 02:04:29.874 10510 11427 I ChromePhotosDataPlane: origin=real hostClass=network hostHash=191347bfe55d0ca9 method=GET clientProtocol=http/1.1 upstreamProtocol=h2 status=200 contentType=text/javascript bytesOut=19927 transfer=fixed upstreamHeadersMs=97.560 downstreamWriteMs=17.520
09-08 02:04:29.895 10510 11437 I ChromePhotosDataPlane: origin=real hostClass=network hostHash=191347bfe55d0ca9 method=GET clientProtocol=http/1.1 upstreamProtocol=h2 status=200 contentType=text/javascript bytesOut=44182 transfer=fixed upstreamHeadersMs=76.094 downstreamWriteMs=9.530
09-08 02:04:29.943 10510 11413 I ChromePhotosDataPlane: origin=real hostClass=network hostHash=191347bfe55d0ca9 method=GET clientProtocol=http/1.1 upstreamProtocol=h2 status=200 contentType=text/javascript bytesOut=16267 transfer=fixed upstreamHeadersMs=103.843 downstreamWriteMs=3.362
09-08 02:04:29.985 10510 11498 I ChromePhotosDataPlane: origin=real hostClass=network hostHash=191347bfe55d0ca9 method=GET clientProtocol=http/1.1 upstreamProtocol=h2 status=200 contentType=text/javascript bytesOut=229403 transfer=fixed upstreamHeadersMs=91.954 downstreamWriteMs=75.768
09-08 02:04:30.008 10510 11437 I ChromePhotosDataPlane: origin=real hostClass=network hostHash=191347bfe55d0ca9 method=GET clientProtocol=http/1.1 upstreamProtocol=h2 status=200 contentType=text/javascript bytesOut=32058 transfer=fixed upstreamHeadersMs=64.981 downstreamWriteMs=3.639
09-08 02:04:30.029 10510 11284 I ChromePhotosDataPlane: origin=real hostClass=network hostHash=191347bfe55d0ca9 method=GET clientProtocol=http/1.1 upstreamProtocol=h2 status=200 contentType=application/octet-stream bytesOut=122022 transfer=chunked upstreamHeadersMs=66.691 downstreamWriteMs=29.925
09-08 02:04:30.051 10510 11992 I ChromePhotosDataPlane: phase=worker_ready correlationId=c300 admissionWaitMs=8.701
09-08 02:04:30.139 10510 12029 I ChromePhotosDataPlane: phase=worker_ready correlationId=c301 admissionWaitMs=0.238
09-08 02:04:30.152 10510 11284 I ChromePhotosDataPlane: origin=real hostClass=network hostHash=191347bfe55d0ca9 method=GET clientProtocol=http/1.1 upstreamProtocol=h2 status=200 contentType=text/javascript bytesOut=9548 transfer=fixed upstreamHeadersMs=55.454 downstreamWriteMs=11.028
09-08 02:04:30.162 10510 11498 I ChromePhotosDataPlane: origin=real hostClass=network hostHash=191347bfe55d0ca9 method=POST clientProtocol=http/1.1 upstreamProtocol=h2 status=204 contentType=text/html bytesOut=0 transfer=fixed upstreamHeadersMs=55.879 downstreamWriteMs=0.467
09-08 02:04:30.257 10510 11437 I ChromePhotosDataPlane: origin=real hostClass=network hostHash=191347bfe55d0ca9 method=GET clientProtocol=http/1.1 upstreamProtocol=h2 status=200 contentType=text/javascript bytesOut=68731 transfer=fixed upstreamHeadersMs=77.839 downstreamWriteMs=21.336
09-08 02:04:30.296 10510 11537 I ChromePhotosDataPlane: origin=real hostClass=network hostHash=11f22eead42a856b method=GET clientProtocol=http/1.1 upstreamProtocol=h2 status=200 contentType=image/png bytesIn=696 bytesOut=696 cache=miss decision=safe reason=model_allow source=engine probability=0.016929269 basis=None decodeMs=4.224 inferenceMs=323.136 inferenceQueueMs=0.146 localDecisionMs=328.145  bodyAdmissionMs=0.017 bodyReadMs=0.078 hashMs=0.184 requestToDeliveryMs=545.664 upstreamHeadersMs=215.516 sanitizeMs=328.607 downstreamWriteMs=0.407
09-08 02:04:30.363 10510 11672 I ChromePhotosDataPlane: phase=tls_certificate correlationId=c291 tlsCacheHit=false tlsCacheWaitMs=668.121 tlsCreationMs=708.222
09-08 02:04:30.363 10510 11672 I ChromePhotosDataPlane: phase=tls_material correlationId=c291 tlsMaterialMs=1376.787
09-08 02:04:30.374 10510 11672 I ChromePhotosDataPlane: phase=tls_ready correlationId=c291 hostClass=network hostHash=8e08d6d89d17a981 clientProtocol=http/1.1 ca=37670e7f53713d17
09-08 02:04:30.475 10510 12060 I ChromePhotosDataPlane: phase=worker_ready correlationId=c302 admissionWaitMs=0.223
09-08 02:04:30.552 10510 11672 I ChromePhotosDataPlane: origin=real hostClass=network hostHash=8e08d6d89d17a981 method=POST clientProtocol=http/1.1 upstreamProtocol=h2 status=200 contentType=image/png bytesIn=0 bytesOut=704 cache=miss decision=unknown reason=encoded_image_unsupported source=error probability=-1.0 basis=none decodeMs=0.000 inferenceMs=0.000 inferenceQueueMs=0.000 localDecisionMs=0.000   requestToDeliveryMs=176.699 upstreamHeadersMs=174.027 sanitizeMs=0.183 downstreamWriteMs=0.740
09-08 02:04:30.576 10510 11437 I ChromePhotosDataPlane: origin=real hostClass=network hostHash=191347bfe55d0ca9 method=POST clientProtocol=http/1.1 upstreamProtocol=h2 status=204 contentType=text/html bytesOut=0 transfer=fixed upstreamHeadersMs=85.986 downstreamWriteMs=0.411
09-08 02:04:30.635 10510 11281 I ChromePhotosDataPlane: origin=real hostClass=network hostHash=bf52830e11f43bb6 method=GET clientProtocol=http/1.1 upstreamProtocol=h2 status=200 contentType=image/jpeg bytesIn=1298 bytesOut=1298 cache=miss decision=safe reason=model_allow source=engine probability=0.037662417 basis=None decodeMs=8.163 inferenceMs=235.421 inferenceQueueMs=0.109 localDecisionMs=244.317  bodyAdmissionMs=0.020 bodyReadMs=0.100 hashMs=0.176 requestToDeliveryMs=433.950 upstreamHeadersMs=187.622 sanitizeMs=244.739 downstreamWriteMs=0.463
09-08 02:04:30.666 10510 11672 I ChromePhotosDataPlane: origin=real hostClass=network hostHash=8e08d6d89d17a981 method=POST clientProtocol=http/1.1 upstreamProtocol=h2 status=200 contentType=image/png bytesIn=0 bytesOut=704 cache=miss decision=unknown reason=encoded_image_unsupported source=error probability=-1.0 basis=none decodeMs=0.000 inferenceMs=0.000 inferenceQueueMs=0.000 localDecisionMs=0.000   requestToDeliveryMs=57.970 upstreamHeadersMs=55.250 sanitizeMs=0.089 downstreamWriteMs=0.386
09-08 02:04:30.710 10510 11437 I ChromePhotosDataPlane: origin=real hostClass=network hostHash=191347bfe55d0ca9 method=POST clientProtocol=http/1.1 upstreamProtocol=h2 status=200 contentType=image/png bytesIn=0 bytesOut=704 cache=miss decision=unknown reason=encoded_image_unsupported source=error probability=-1.0 basis=none decodeMs=0.000 inferenceMs=0.000 inferenceQueueMs=0.000 localDecisionMs=0.000   requestToDeliveryMs=52.921 upstreamHeadersMs=51.393 sanitizeMs=0.087 downstreamWriteMs=0.409
09-08 02:04:30.717 10510 11893 I ChromePhotosDataPlane: phase=tls_certificate correlationId=c293 tlsCacheHit=false tlsCacheWaitMs=1149.082 tlsCreationMs=352.855
09-08 02:04:30.717 10510 11893 I ChromePhotosDataPlane: phase=tls_material correlationId=c293 tlsMaterialMs=1502.350
09-08 02:04:30.727 10510 11893 I ChromePhotosDataPlane: phase=tls_ready correlationId=c293 hostClass=network hostHash=8d3ccd7dcafe06ad clientProtocol=http/1.1 ca=37670e7f53713d17
09-08 02:04:30.807 10510 11437 I ChromePhotosDataPlane: origin=real hostClass=network hostHash=191347bfe55d0ca9 method=POST clientProtocol=http/1.1 upstreamProtocol=h2 status=204 contentType=text/html bytesOut=0 transfer=fixed upstreamHeadersMs=61.264 downstreamWriteMs=0.350
09-08 02:04:30.814 10510 11498 I ChromePhotosDataPlane: origin=real hostClass=network hostHash=191347bfe55d0ca9 method=GET clientProtocol=http/1.1 upstreamProtocol=h2 status=200 contentType=text/css bytesOut=666 transfer=fixed upstreamHeadersMs=49.769 downstreamWriteMs=0.395
09-08 02:04:30.815 10510 11284 I ChromePhotosDataPlane: origin=real hostClass=network hostHash=191347bfe55d0ca9 method=GET clientProtocol=http/1.1 upstreamProtocol=h2 status=200 contentType=text/css bytesOut=2216 transfer=fixed upstreamHeadersMs=59.504 downstreamWriteMs=0.471
09-08 02:04:30.831 10510 11175 I ChromePhotosDataPlane: phase=worker_ready correlationId=c303 admissionWaitMs=0.175
09-08 02:04:30.835 10510 11211 I ChromePhotosDataPlane: phase=worker_ready correlationId=c304 admissionWaitMs=0.881
09-08 02:04:30.848 10510 11427 I ChromePhotosDataPlane: origin=real hostClass=network hostHash=191347bfe55d0ca9 method=GET clientProtocol=http/1.1 upstreamProtocol=h2 status=200 contentType=text/javascript bytesOut=3182 transfer=fixed upstreamHeadersMs=68.730 downstreamWriteMs=0.469
09-08 02:04:30.857 10510 11413 I ChromePhotosDataPlane: origin=real hostClass=network hostHash=191347bfe55d0ca9 method=GET clientProtocol=http/1.1 upstreamProtocol=h2 status=200 contentType=text/javascript bytesOut=41322 transfer=fixed upstreamHeadersMs=69.841 downstreamWriteMs=12.763
09-08 02:04:30.858 10510 11600 I ChromePhotosDataPlane: origin=real hostClass=network hostHash=191347bfe55d0ca9 method=GET clientProtocol=http/1.1 upstreamProtocol=h2 status=200 contentType=text/javascript bytesOut=14614 transfer=fixed upstreamHeadersMs=79.608 downstreamWriteMs=2.412
09-08 02:04:30.873 10510 11271 I ChromePhotosDataPlane: origin=real hostClass=network hostHash=191347bfe55d0ca9 method=GET clientProtocol=http/1.1 upstreamProtocol=h2 status=200 contentType=text/javascript bytesOut=551 transfer=fixed upstreamHeadersMs=91.813 downstreamWriteMs=0.956
09-08 02:04:30.878 10510 11188 I ChromePhotosDataPlane: origin=real hostClass=network hostHash=191347bfe55d0ca9 method=GET clientProtocol=http/1.1 upstreamProtocol=h2 status=200 contentType=text/javascript bytesOut=8135 transfer=fixed upstreamHeadersMs=90.808 downstreamWriteMs=7.098
09-08 02:04:30.879 10510 11518 I ChromePhotosDataPlane: origin=real hostClass=network hostHash=191347bfe55d0ca9 method=GET clientProtocol=http/1.1 upstreamProtocol=h2 status=200 contentType=application/json bytesOut=6475 transfer=fixed upstreamHeadersMs=91.778 downstreamWriteMs=1.380
09-08 02:04:30.914 10510 11437 I ChromePhotosDataPlane: origin=real hostClass=network hostHash=191347bfe55d0ca9 method=GET clientProtocol=http/1.1 upstreamProtocol=h2 status=200 contentType=image/png bytesIn=0 bytesOut=704 cache=miss decision=unknown reason=encoded_image_unsupported source=error probability=-1.0 basis=none decodeMs=0.000 inferenceMs=0.000 inferenceQueueMs=0.000 localDecisionMs=0.000   requestToDeliveryMs=89.130 upstreamHeadersMs=87.354 sanitizeMs=0.096 downstreamWriteMs=0.517
09-08 02:04:31.005 10510 11862 I ChromePhotosDataPlane: phase=tls_certificate correlationId=c294 tlsCacheHit=false tlsCacheWaitMs=985.217 tlsCreationMs=287.509
09-08 02:04:31.005 10510 11862 I ChromePhotosDataPlane: phase=tls_material correlationId=c294 tlsMaterialMs=1273.124
09-08 02:04:31.005 10510 11993 I ChromePhotosDataPlane: phase=tls_certificate correlationId=c295 tlsCacheHit=true tlsCacheWaitMs=1260.790 tlsCreationMs=0.000
09-08 02:04:31.005 10510 11993 I ChromePhotosDataPlane: phase=tls_material correlationId=c295 tlsMaterialMs=1261.123
09-08 02:04:31.014 10510 11993 I ChromePhotosDataPlane: phase=tls_ready correlationId=c295 hostClass=network hostHash=86c190c2d7dd6548 clientProtocol=http/1.1 ca=37670e7f53713d17
09-08 02:04:31.015 10510 11862 I ChromePhotosDataPlane: phase=tls_ready correlationId=c294 hostClass=network hostHash=86c190c2d7dd6548 clientProtocol=http/1.1 ca=37670e7f53713d17
09-08 02:04:31.016 10510 11437 I ChromePhotosDataPlane: origin=real hostClass=network hostHash=191347bfe55d0ca9 method=POST clientProtocol=http/1.1 upstreamProtocol=h2 status=204 contentType=text/html bytesOut=0 transfer=fixed upstreamHeadersMs=52.889 downstreamWriteMs=0.249
09-08 02:04:31.034 10510 11518 I ChromePhotosDataPlane: origin=real hostClass=network hostHash=191347bfe55d0ca9 method=POST clientProtocol=http/1.1 upstreamProtocol=h2 status=204 contentType=text/html bytesOut=0 transfer=fixed upstreamHeadersMs=59.815 downstreamWriteMs=0.427
09-08 02:04:31.044 10510 11188 I ChromePhotosDataPlane: origin=real hostClass=network hostHash=191347bfe55d0ca9 method=POST clientProtocol=http/1.1 upstreamProtocol=h2 status=204 contentType=text/html bytesOut=0 transfer=fixed upstreamHeadersMs=59.983 downstreamWriteMs=0.259
09-08 02:04:31.044 10510 11271 I ChromePhotosDataPlane: origin=real hostClass=network hostHash=191347bfe55d0ca9 method=POST clientProtocol=http/1.1 upstreamProtocol=h2 status=204 contentType=text/html bytesOut=0 transfer=fixed upstreamHeadersMs=68.831 downstreamWriteMs=0.258
09-08 02:04:31.049 10510 11600 I ChromePhotosDataPlane: origin=real hostClass=network hostHash=191347bfe55d0ca9 method=GET clientProtocol=http/1.1 upstreamProtocol=h2 status=200 contentType=text/css bytesOut=795 transfer=fixed upstreamHeadersMs=60.386 downstreamWriteMs=0.409
09-08 02:04:31.069 10510 11413 I ChromePhotosDataPlane: origin=real hostClass=network hostHash=191347bfe55d0ca9 method=POST clientProtocol=http/1.1 upstreamProtocol=h2 status=204 contentType=text/html bytesOut=0 transfer=fixed upstreamHeadersMs=81.199 downstreamWriteMs=0.233
09-08 02:04:31.076 10510 11427 I ChromePhotosDataPlane: origin=real hostClass=network hostHash=191347bfe55d0ca9 method=GET clientProtocol=http/1.1 upstreamProtocol=h2 status=200 contentType=text/javascript bytesOut=13180 transfer=fixed upstreamHeadersMs=85.425 downstreamWriteMs=0.583
09-08 02:04:31.176 10510 11512 I ChromePhotosDataPlane: phase=worker_ready correlationId=c305 admissionWaitMs=3.424
09-08 02:04:31.188 10510 11210 I ChromePhotosDataPlane: phase=worker_ready correlationId=c306 admissionWaitMs=0.391
09-08 02:04:31.206 10510 11600 I ChromePhotosDataPlane: origin=real hostClass=network hostHash=191347bfe55d0ca9 method=GET clientProtocol=http/1.1 upstreamProtocol=h2 status=200 contentType=text/javascript bytesOut=22049 transfer=fixed upstreamHeadersMs=89.289 downstreamWriteMs=1.067
09-08 02:04:31.216 10510 11413 I ChromePhotosDataPlane: origin=real hostClass=network hostHash=191347bfe55d0ca9 method=GET clientProtocol=http/1.1 upstreamProtocol=h2 status=200 contentType=text/javascript bytesOut=46094 transfer=fixed upstreamHeadersMs=91.400 downstreamWriteMs=9.611
09-08 02:04:31.220 10510 11427 I ChromePhotosDataPlane: origin=real hostClass=network hostHash=191347bfe55d0ca9 method=GET clientProtocol=http/1.1 upstreamProtocol=h2 status=200 contentType=text/css bytesOut=5517 transfer=fixed upstreamHeadersMs=116.300 downstreamWriteMs=0.822
09-08 02:04:31.267 10510 11271 I ChromePhotosDataPlane: origin=real hostClass=network hostHash=191347bfe55d0ca9 method=POST clientProtocol=http/1.1 upstreamProtocol=h2 status=204 contentType=text/html bytesOut=0 transfer=fixed upstreamHeadersMs=96.525 downstreamWriteMs=0.269
09-08 02:04:31.329 10510 11427 I ChromePhotosDataPlane: phase=media_shield_ready origin=same_origin result=200 bytesOut=18633
09-08 02:04:31.390 10510 11271 I ChromePhotosDataPlane: origin=real hostClass=network hostHash=191347bfe55d0ca9 method=POST clientProtocol=http/1.1 upstreamProtocol=h2 status=204 contentType=text/html bytesOut=0 transfer=fixed upstreamHeadersMs=72.438 downstreamWriteMs=0.404
09-08 02:04:31.451 10510 11862 I ChromePhotosDataPlane: origin=real hostClass=network hostHash=86c190c2d7dd6548 method=GET clientProtocol=http/1.1 upstreamProtocol=h2 status=200 contentType=image/webp bytesIn=6904 bytesOut=6904 cache=miss decision=safe reason=model_allow source=engine probability=0.07125187 basis=None decodeMs=6.236 inferenceMs=299.190 inferenceQueueMs=0.414 localDecisionMs=307.121  bodyAdmissionMs=0.026 bodyReadMs=0.949 hashMs=0.206 requestToDeliveryMs=435.047 upstreamHeadersMs=118.467 sanitizeMs=313.711 downstreamWriteMs=0.662
09-08 02:04:31.511 10510 11271 I ChromePhotosDataPlane: origin=real hostClass=network hostHash=191347bfe55d0ca9 method=GET clientProtocol=http/1.1 upstreamProtocol=h2 status=200 contentType=application/json bytesOut=17 transfer=chunked upstreamHeadersMs=62.639 downstreamWriteMs=0.795
09-08 02:04:31.525 10510 11672 I ChromePhotosDataPlane: origin=real hostClass=network hostHash=8e08d6d89d17a981 method=POST clientProtocol=http/1.1 upstreamProtocol=h2 status=200 contentType=image/png bytesIn=0 bytesOut=704 cache=miss decision=unknown reason=encoded_image_unsupported source=error probability=-1.0 basis=none decodeMs=0.000 inferenceMs=0.000 inferenceQueueMs=0.000 localDecisionMs=0.000   requestToDeliveryMs=59.813 upstreamHeadersMs=57.460 sanitizeMs=0.147 downstreamWriteMs=0.856
09-08 02:04:31.526 10510 11994 I ChromePhotosDataPlane: phase=tls_certificate correlationId=c296 tlsCacheHit=false tlsCacheWaitMs=1240.818 tlsCreationMs=520.190
09-08 02:04:31.526 10510 11994 I ChromePhotosDataPlane: phase=tls_material correlationId=c296 tlsMaterialMs=1761.447
09-08 02:04:31.537 10510 11994 I ChromePhotosDataPlane: phase=tls_ready correlationId=c296 hostClass=network hostHash=a07e840be85c9b23 clientProtocol=http/1.1 ca=37670e7f53713d17
09-08 02:04:31.638 10510 11993 I ChromePhotosDataPlane: origin=real hostClass=network hostHash=86c190c2d7dd6548 method=GET clientProtocol=http/1.1 upstreamProtocol=h2 status=200 contentType=image/png bytesIn=17986 bytesOut=704 cache=miss decision=block reason=model_filter source=engine probability=0.9443214 basis=FullThreshold decodeMs=18.734 inferenceMs=169.010 inferenceQueueMs=260.737 localDecisionMs=449.571  bodyAdmissionMs=0.014 bodyReadMs=0.242 hashMs=0.224 requestToDeliveryMs=622.593 upstreamHeadersMs=155.256 sanitizeMs=465.621 downstreamWriteMs=0.371
09-08 02:04:31.666 10510 11271 I ChromePhotosDataPlane: origin=real hostClass=network hostHash=191347bfe55d0ca9 method=GET clientProtocol=http/1.1 upstreamProtocol=h2 status=200 contentType=application/json bytesOut=136 transfer=fixed upstreamHeadersMs=47.602 downstreamWriteMs=0.402
09-08 02:04:31.666 10510 11427 I ChromePhotosDataPlane: origin=real hostClass=network hostHash=191347bfe55d0ca9 method=GET clientProtocol=http/1.1 upstreamProtocol=h2 status=200 contentType=application/json bytesOut=39 transfer=fixed upstreamHeadersMs=43.534 downstreamWriteMs=0.499
09-08 02:04:31.719 10510 11672 I ChromePhotosDataPlane: origin=real hostClass=network hostHash=8e08d6d89d17a981 method=POST clientProtocol=http/1.1 upstreamProtocol=h2 status=200 contentType=image/png bytesIn=0 bytesOut=704 cache=miss decision=unknown reason=encoded_image_unsupported source=error probability=-1.0 basis=none decodeMs=0.000 inferenceMs=0.000 inferenceQueueMs=0.000 localDecisionMs=0.000   requestToDeliveryMs=62.477 upstreamHeadersMs=56.533 sanitizeMs=0.536 downstreamWriteMs=2.070
09-08 02:04:31.751 10510 11673 I ChromePhotosDataPlane: phase=tls_certificate correlationId=c297 tlsCacheHit=false tlsCacheWaitMs=1762.672 tlsCreationMs=223.186
09-08 02:04:31.751 10510 11673 I ChromePhotosDataPlane: phase=tls_material correlationId=c297 tlsMaterialMs=1986.329
09-08 02:04:31.764 10510 11673 I ChromePhotosDataPlane: phase=tls_ready correlationId=c297 hostClass=network hostHash=73a1220668a1b571 clientProtocol=http/1.1 ca=37670e7f53713d17
09-08 02:04:31.872 10510 11994 I ChromePhotosDataPlane: origin=real hostClass=network hostHash=a07e840be85c9b23 method=GET clientProtocol=http/1.1 upstreamProtocol=h2 status=200 contentType=image/webp bytesIn=13074 bytesOut=13074 cache=miss decision=safe reason=model_allow source=engine probability=0.29779983 basis=None decodeMs=5.744 inferenceMs=134.763 inferenceQueueMs=0.239 localDecisionMs=141.842  bodyAdmissionMs=0.050 bodyReadMs=5.885 hashMs=1.478 requestToDeliveryMs=332.232 upstreamHeadersMs=155.464 sanitizeMs=167.198 downstreamWriteMs=2.997
09-08 02:04:31.880 10510 11188 I ChromePhotosDataPlane: origin=real hostClass=network hostHash=191347bfe55d0ca9 method=GET clientProtocol=http/1.1 upstreamProtocol=h2 status=200 contentType=application/json bytesOut=1262 transfer=fixed upstreamHeadersMs=80.120 downstreamWriteMs=3.326
09-08 02:04:32.009 10510 11427 I ChromePhotosDataPlane: origin=real hostClass=network hostHash=191347bfe55d0ca9 method=GET clientProtocol=http/1.1 upstreamProtocol=h2 status=200 contentType=image/png bytesIn=411 bytesOut=411 cache=miss decision=safe reason=model_allow source=engine probability=0.037618577 basis=None decodeMs=6.182 inferenceMs=133.447 inferenceQueueMs=81.044 localDecisionMs=221.917  bodyAdmissionMs=0.032 bodyReadMs=0.124 hashMs=0.390 requestToDeliveryMs=317.073 upstreamHeadersMs=88.039 sanitizeMs=223.067 downstreamWriteMs=1.987
09-08 02:04:32.148 10510 11600 I ChromePhotosDataPlane: origin=real hostClass=network hostHash=191347bfe55d0ca9 method=GET clientProtocol=http/1.1 upstreamProtocol=h2 status=200 contentType=image/png bytesIn=31923 bytesOut=31923 cache=miss decision=safe reason=model_allow source=engine probability=0.0069973767 basis=None decodeMs=3.718 inferenceMs=134.656 inferenceQueueMs=122.626 localDecisionMs=261.833  bodyAdmissionMs=76.292 bodyReadMs=1.027 hashMs=0.905 requestToDeliveryMs=454.117 upstreamHeadersMs=93.410 sanitizeMs=354.427 downstreamWriteMs=2.896
09-08 02:04:32.293 10510 11271 I ChromePhotosDataPlane: origin=real hostClass=network hostHash=191347bfe55d0ca9 method=GET clientProtocol=http/1.1 upstreamProtocol=h2 status=200 contentType=image/png bytesIn=56622 bytesOut=56622 cache=miss decision=safe reason=model_allow source=engine probability=0.006153792 basis=None decodeMs=4.165 inferenceMs=131.540 inferenceQueueMs=107.319 localDecisionMs=243.700  bodyAdmissionMs=215.399 bodyReadMs=1.333 hashMs=0.516 requestToDeliveryMs=604.501 upstreamHeadersMs=99.618 sanitizeMs=489.878 downstreamWriteMs=10.544
09-08 02:04:32.337 10510 11931 I ChromePhotosDataPlane: phase=tls_certificate correlationId=c298 tlsCacheHit=false tlsCacheWaitMs=1967.679 tlsCreationMs=585.467
09-08 02:04:32.337 10510 11931 I ChromePhotosDataPlane: phase=tls_material correlationId=c298 tlsMaterialMs=2553.756
09-08 02:04:32.339 10510 12020 I ChromePhotosDataPlane: phase=tls_certificate correlationId=c299 tlsCacheHit=true tlsCacheWaitMs=2549.963 tlsCreationMs=0.000
09-08 02:04:32.339 10510 12020 I ChromePhotosDataPlane: phase=tls_material correlationId=c299 tlsMaterialMs=2550.862
09-08 02:04:32.340 10510 11992 I ChromePhotosDataPlane: phase=tls_certificate correlationId=c300 tlsCacheHit=true tlsCacheWaitMs=2277.614 tlsCreationMs=0.000
09-08 02:04:32.340 10510 11992 I ChromePhotosDataPlane: phase=tls_material correlationId=c300 tlsMaterialMs=2278.505
09-08 02:04:32.353 10510 11931 I ChromePhotosDataPlane: phase=tls_ready correlationId=c298 hostClass=network hostHash=8276259f415f9299 clientProtocol=http/1.1 ca=37670e7f53713d17
09-08 02:04:32.377 10510 11992 I ChromePhotosDataPlane: phase=tls_ready correlationId=c300 hostClass=network hostHash=73a1220668a1b571 clientProtocol=http/1.1 ca=37670e7f53713d17
09-08 02:04:32.382 10510 12020 I ChromePhotosDataPlane: phase=tls_ready correlationId=c299 hostClass=network hostHash=8276259f415f9299 clientProtocol=http/1.1 ca=37670e7f53713d17
09-08 02:04:32.434 10510 11413 I ChromePhotosDataPlane: origin=real hostClass=network hostHash=191347bfe55d0ca9 method=GET clientProtocol=http/1.1 upstreamProtocol=h2 status=200 contentType=image/png bytesIn=68236 bytesOut=68236 cache=miss decision=safe reason=model_allow source=engine probability=0.005772829 basis=None decodeMs=4.798 inferenceMs=132.783 inferenceQueueMs=112.760 localDecisionMs=251.613  bodyAdmissionMs=271.865 bodyReadMs=1.179 hashMs=1.002 requestToDeliveryMs=738.721 upstreamHeadersMs=174.420 sanitizeMs=546.302 downstreamWriteMs=9.251
09-08 02:04:32.525 10510 11413 I ChromePhotosDataPlane: origin=real hostClass=network hostHash=191347bfe55d0ca9 method=POST clientProtocol=http/1.1 upstreamProtocol=h2 status=204 contentType=text/html bytesOut=0 transfer=fixed upstreamHeadersMs=60.234 downstreamWriteMs=1.564
09-08 02:04:32.561 10510 11673 I ChromePhotosDataPlane: origin=real hostClass=network hostHash=73a1220668a1b571 method=GET clientProtocol=http/1.1 upstreamProtocol=h2 status=200 contentType=image/webp bytesIn=5224 bytesOut=5224 cache=miss decision=safe reason=model_allow source=engine probability=0.12205231 basis=None decodeMs=5.156 inferenceMs=134.763 inferenceQueueMs=126.531 localDecisionMs=267.273  bodyAdmissionMs=323.033 bodyReadMs=1.973 hashMs=1.072 requestToDeliveryMs=795.987 upstreamHeadersMs=190.261 sanitizeMs=600.923 downstreamWriteMs=1.658
09-08 02:04:32.585 10510 11271 I ChromePhotosDataPlane: origin=real hostClass=network hostHash=191347bfe55d0ca9 method=GET clientProtocol=http/1.1 upstreamProtocol=h2 status=204 contentType=text/html bytesIn=0 bytesOut=0 cache=miss decision=passthrough   requestToDeliveryMs=123.089 upstreamHeadersMs=119.720 sanitizeMs=0.086 downstreamWriteMs=1.042
09-08 02:04:32.708 10510 11931 I ChromePhotosDataPlane: origin=real hostClass=network hostHash=8276259f415f9299 method=GET clientProtocol=http/1.1 upstreamProtocol=h2 status=200 contentType=image/png bytesIn=10404 bytesOut=704 cache=miss decision=block reason=model_filter source=engine probability=0.8823084 basis=FullThreshold decodeMs=5.271 inferenceMs=130.270 inferenceQueueMs=0.096 localDecisionMs=136.846  bodyAdmissionMs=0.062 bodyReadMs=6.249 hashMs=1.806 requestToDeliveryMs=353.079 upstreamHeadersMs=191.162 sanitizeMs=155.175 downstreamWriteMs=1.355
09-08 02:04:32.804 10510 12029 I ChromePhotosDataPlane: phase=tls_certificate correlationId=c301 tlsCacheHit=false tlsCacheWaitMs=2087.748 tlsCreationMs=463.685
09-08 02:04:32.804 10510 12029 I ChromePhotosDataPlane: phase=tls_material correlationId=c301 tlsMaterialMs=2551.948
09-08 02:04:32.806 10510 12060 I ChromePhotosDataPlane: phase=tls_certificate correlationId=c302 tlsCacheHit=true tlsCacheWaitMs=2316.589 tlsCreationMs=0.000
09-08 02:04:32.806 10510 12060 I ChromePhotosDataPlane: phase=tls_material correlationId=c302 tlsMaterialMs=2317.589
09-08 02:04:32.820 10510 12029 I ChromePhotosDataPlane: phase=tls_ready correlationId=c301 hostClass=network hostHash=a58f4ee3bbb3e6ee clientProtocol=http/1.1 ca=37670e7f53713d17
09-08 02:04:32.841 10510 12020 I ChromePhotosDataPlane: origin=real hostClass=network hostHash=8276259f415f9299 method=GET clientProtocol=http/1.1 upstreamProtocol=h2 status=200 contentType=image/webp bytesIn=8492 bytesOut=8492 cache=miss decision=safe reason=model_allow source=engine probability=0.15323454 basis=None decodeMs=5.038 inferenceMs=132.410 inferenceQueueMs=133.052 localDecisionMs=271.419  bodyAdmissionMs=3.087 bodyReadMs=1.995 hashMs=0.968 requestToDeliveryMs=457.549 upstreamHeadersMs=169.783 sanitizeMs=284.820 downstreamWriteMs=0.866
09-08 02:04:32.848 10510 12060 I ChromePhotosDataPlane: phase=tls_ready correlationId=c302 hostClass=network hostHash=8e08d6d89d17a981 clientProtocol=http/1.1 ca=37670e7f53713d17
09-08 02:04:32.981 10510 11992 I ChromePhotosDataPlane: origin=real hostClass=network hostHash=73a1220668a1b571 method=GET clientProtocol=http/1.1 upstreamProtocol=h2 status=200 contentType=image/webp bytesIn=9194 bytesOut=9194 cache=miss decision=safe reason=model_allow source=engine probability=0.19717693 basis=None decodeMs=5.097 inferenceMs=129.815 inferenceQueueMs=111.848 localDecisionMs=247.798  bodyAdmissionMs=122.347 bodyReadMs=0.569 hashMs=11.379 requestToDeliveryMs=603.024 upstreamHeadersMs=202.129 sanitizeMs=393.249 downstreamWriteMs=2.044
09-08 02:04:33.217 10510 11175 I ChromePhotosDataPlane: phase=tls_certificate correlationId=c303 tlsCacheHit=false tlsCacheWaitMs=1936.294 tlsCreationMs=410.520
09-08 02:04:33.217 10510 11175 I ChromePhotosDataPlane: phase=tls_material correlationId=c303 tlsMaterialMs=2347.318
09-08 02:04:33.218 10510 11211 I ChromePhotosDataPlane: phase=tls_certificate correlationId=c304 tlsCacheHit=true tlsCacheWaitMs=2330.598 tlsCreationMs=0.000
09-08 02:04:33.218 10510 11211 I ChromePhotosDataPlane: phase=tls_material correlationId=c304 tlsMaterialMs=2331.025
09-08 02:04:33.223 10510 11512 I ChromePhotosDataPlane: phase=tls_certificate correlationId=c305 tlsCacheHit=true tlsCacheWaitMs=2014.417 tlsCreationMs=0.000
09-08 02:04:33.223 10510 11512 I ChromePhotosDataPlane: phase=tls_material correlationId=c305 tlsMaterialMs=2014.807
09-08 02:04:33.224 10510 11210 I ChromePhotosDataPlane: phase=tls_certificate correlationId=c306 tlsCacheHit=true tlsCacheWaitMs=2004.621 tlsCreationMs=0.000
09-08 02:04:33.224 10510 11210 I ChromePhotosDataPlane: phase=tls_material correlationId=c306 tlsMaterialMs=2005.221
09-08 02:04:33.232 10510 11512 I ChromePhotosDataPlane: phase=tls_ready correlationId=c305 hostClass=network hostHash=a58f4ee3bbb3e6ee clientProtocol=http/1.1 ca=37670e7f53713d17
09-08 02:04:33.235 10510 11211 I ChromePhotosDataPlane: phase=tls_ready correlationId=c304 hostClass=network hostHash=3eac1e980287c7ce clientProtocol=http/1.1 ca=37670e7f53713d17
09-08 02:04:33.236 10510 11175 I ChromePhotosDataPlane: phase=tls_ready correlationId=c303 hostClass=network hostHash=3eac1e980287c7ce clientProtocol=http/1.1 ca=37670e7f53713d17
09-08 02:04:33.253 10510 11210 I ChromePhotosDataPlane: phase=tls_ready correlationId=c306 hostClass=network hostHash=a58f4ee3bbb3e6ee clientProtocol=http/1.1 ca=37670e7f53713d17
09-08 02:04:33.394 10510 11175 I ChromePhotosDataPlane: origin=real hostClass=network hostHash=3eac1e980287c7ce method=GET clientProtocol=http/1.1 upstreamProtocol=h2 status=200 contentType=image/png bytesIn=37 bytesOut=704 cache=miss decision=unknown reason=unsupported_gif source=error probability=-1.0 basis=none decodeMs=0.000 inferenceMs=0.000 inferenceQueueMs=0.000 localDecisionMs=0.000  bodyAdmissionMs=0.041 bodyReadMs=0.197 requestToDeliveryMs=150.860 upstreamHeadersMs=146.019 sanitizeMs=1.454 downstreamWriteMs=1.189
09-08 02:04:33.406 10510 11211 I ChromePhotosDataPlane: origin=real hostClass=network hostHash=3eac1e980287c7ce method=GET clientProtocol=http/1.1 upstreamProtocol=h2 status=200 contentType=image/png bytesIn=37 bytesOut=704 cache=miss decision=unknown reason=unsupported_gif source=error probability=-1.0 basis=none decodeMs=0.000 inferenceMs=0.000 inferenceQueueMs=0.000 localDecisionMs=0.000  bodyAdmissionMs=0.025 bodyReadMs=0.268 requestToDeliveryMs=166.780 upstreamHeadersMs=160.383 sanitizeMs=1.373 downstreamWriteMs=2.126
09-08 02:04:33.438 10510 11512 I ChromePhotosDataPlane: phase=media_shield_document origin=real hostClass=network hostHash=a58f4ee3bbb3e6ee result=fail_closed reason=document_status_403 bytesOut=41 upstreamHeadersMs=199.024 documentDecisionMs=0.058 downstreamWriteMs=0.275
09-08 02:04:33.579 10510 11271 I ChromePhotosDataPlane: origin=real hostClass=network hostHash=191347bfe55d0ca9 method=POST clientProtocol=http/1.1 upstreamProtocol=h2 status=204 contentType=text/html bytesOut=0 transfer=fixed upstreamHeadersMs=54.475 downstreamWriteMs=0.475
09-08 02:04:33.607 10510 11413 I ChromePhotosDataPlane: origin=real hostClass=network hostHash=191347bfe55d0ca9 method=POST clientProtocol=http/1.1 upstreamProtocol=h2 status=204 contentType=text/html bytesOut=0 transfer=fixed upstreamHeadersMs=77.497 downstreamWriteMs=0.734
09-08 02:04:33.618 10510 11427 I ChromePhotosDataPlane: origin=real hostClass=network hostHash=191347bfe55d0ca9 method=POST clientProtocol=http/1.1 upstreamProtocol=h2 status=204 contentType=text/html bytesOut=0 transfer=fixed upstreamHeadersMs=64.292 downstreamWriteMs=0.472
09-08 02:04:33.625 10510 11600 I ChromePhotosDataPlane: origin=real hostClass=network hostHash=191347bfe55d0ca9 method=POST clientProtocol=http/1.1 upstreamProtocol=h2 status=200 contentType=text/html bytesOut=0 transfer=fixed upstreamHeadersMs=84.277 downstreamWriteMs=0.696
09-08 02:04:48.963 10510 11512 I ChromePhotosDataPlane: phase=media_shield_document origin=real hostClass=network hostHash=a58f4ee3bbb3e6ee result=fail_closed reason=document_status_403 bytesOut=41 upstreamHeadersMs=150.535 documentDecisionMs=0.092 downstreamWriteMs=0.857
09-08 02:04:51.542 10510 11512 I ChromePhotosDataPlane: phase=media_shield_document origin=real hostClass=network hostHash=a58f4ee3bbb3e6ee result=fail_closed reason=document_status_403 bytesOut=41 upstreamHeadersMs=196.646 documentDecisionMs=0.105 downstreamWriteMs=0.822
09-08 02:07:23.620 10510 10510 I ChromePhotosDataPlane: bootstrap=locked_boot_guard blocked=true
