--------- beginning of main
09-08 08:00:48.934 24100 24100 I ChromePhotosDataPlane: phase=status statusSequence=2 lifecycle=PresentationReady active=true ready=true connections=0 requests=0 safe=0 blocked=0 unknown=0 passthrough=0 cacheHits=0 cacheMisses=0 failures=0 clientDisconnects=0 bytesIn=0 bytesOut=0 streamed=0 proxyQueueRejects=0 proxyActivePeak=0 proxyP50Ms=0.000 proxyP95Ms=0.000 proxyP99Ms=0.000 upstreamSockets=0 protectSuccess=0 protectFailure=0 web11a=not_run web11b=not_run modelLoadMs=626.663 engineCalls=0 dedupeHits=0 decisionCacheConfig=64 decisionConcurrencyConfig=1 decisionQueueConfig=2 decisionTimeoutMs=5000 engineCallsPerRequest=0.0 inferencePeak=0 inFlightPeak=0 queuePeak=0 queueRejects=0 timeouts=0 inferenceP50Ms=0.0 inferenceP95Ms=0.0 inferenceP99Ms=0.0 decisionP50Ms=0.0 decisionP95Ms=0.0 decisionP99Ms=0.0 cacheHitP50Ms=0.0 cacheHitP95Ms=0.0 cacheEntries=0 cacheEvictions=0 preprocessP50Ms=0.0 preprocessP95Ms=0.0 preprocessP99Ms=0.0 preparedCount1=0 preparedCount4=0 preparedCount5=0 preparedCountOther=0 decisionBasis= imageCandidates=0 imagePrefixPeeks=0 imageMagicCandidates=0 imageBodyAdmissionPeak=0 imageBodyAdmissionRejects=0 networkVisualCandidates=0 networkVisualReplaced=0 networkVisualRawDelivered=0 networkVisualSafeRawDelivered=0 networkVisualBlockedReplaced=0 networkVisualUnknownReplaced=0 networkVisualUnsupportedReplaced=0 networkVisualRawBlockedDelivered=0 networkVisualRawUnknownDelivered=0 networkVisualCacheHit=0 networkVisualInference=0 mediaDocumentsTransformed=0 mediaDocumentsFailClosed=0 documentTransformOutstanding=0 readyTokensOutstanding=0 uiSvgRegistered=0 uiSvgRegistryBytes=0 uiSvgCssRewritten=0 uiSvgCssRejected=0 uiSvgNetworkAccepted=0 uiSvgNetworkRejected=0 uiSvgAssetServed=0 uiSvgAssetRejected=0 h18=REPORT=not_run,EVENT_SEQUENCE=0,COMPAT_DOCS=0,STRICT_DOCS=0,STYLE_REQ=0,SCRIPT_REQ=0,DATA_REQ=0,NETWORK_REQ=0,REPORTS=0,LAST_DOC=none,NETWORK_SHA=ee17e3f62edde61823ce35732ea168f4f5986bff347ccfac063eca7f4009ee1b,AUDIT_SHA=74d4467bbf6833db4eeab998495b7dfc50db3b1f04f407704b839ad3f4b25582 h19=REPORT=not_run,DOCUMENTS=0,FRAMES=0,SCRIPTS=0,FIRST_ORIGINAL_SCRIPTS=0,STYLES=0,WORKERS=0,SERVICE_WORKERS=0,FRAME_REPORTS=0,FRAME_REPORT_REJECTS=0,FRAME_REPORT=not_run,FRAME_REPORT_SHA=not_run,FRAME_CHALLENGE_SHA=not_run,FRAME_GENERATION=0,FRAME_ACCEPTED_CHALLENGE_SHA=not_run,FRAME_REPORT_BINDING_SHA=not_run,SAME_URL_BODIES=0,REPORTS=0,SW_BOUNDARY={INSTALL_DOCS=0,WORKER_SCRIPTS=0,WORKER_PROBE_SCRIPTS=0,PROBE_DOCS=0,CLEANUP_DOCS=0,REPORTS_ACCEPTED=0,REPORTS_REJECTED=0,CONTROLLER_PRESENT=0,CONTROLLER_MISSING=0,NAV_FETCHES=0,SELF_READY_FETCHES=0,SELF_READY_PASS_THROUGH=0,SELF_READY_SYNTHETIC=0,NAV_SYNTHETIC=0,RESET_BASELINE_CLEAN=0,RESET_BASELINE_DIRTY=0,REGISTER_BLOCKED=0,REGISTER_SUCCEEDED=0,WORKER_REGISTER_BLOCKED=0,WORKER_REGISTER_SUCCEEDED=0,WORKER_REGISTER_UNSUPPORTED=0,WORKER_REGISTER_ERROR=0,LAST_CASE=none,LAST_EVENT=none,LAST_VALUE=none},UI_SVG={not_run} quicAttempts=0 directTcpAttempts=0 bootstrapResetGeneration=2 bootstrapCompleteGeneration=2 bootstrapResetCount=3 chromeSuspended=false guardSession=539 guardHeartbeatSequence=161 audit17State=0 audit17Navigation=0 audit17Events=0 audit17Dropped=0
09-08 08:00:48.934 24100 24100 I ChromeMediaShieldStatus: v=1 seq=2 kind=network mode=selective candidates=0 replaced=0 rawDelivered=0 safeRaw=0 blockedReplaced=0 unknownReplaced=0 unsupportedReplaced=0 rawBlocked=0 rawUnknown=0 cacheHit=0 decisionEngine=0 engineCalls=0
09-08 08:00:48.934 24100 24100 I ChromeMediaShieldStatus: v=1 seq=2 kind=document transformed=0 failClosed=0 outstanding=0 issued=0 claims=0 documentSequence=0 navigationSequence=0 readyRequests=0 readyPreflights=0 readyAccepted=0 readyRejected=0 parserBarrierRequests=0 parserBarrierReady=0 parserBarrierFailClosed=0 selfShield=true selfReadyRequests=0 selfReadyAccepted=0 selfReadyRejected=0 selfReadyRejectReason=none selfShieldReleaseCompleted=0 selfShieldParserContinued=0 selfShieldOriginalScriptStarted=0 selfShieldTraceRejected=0 selfShieldTraceOutstanding=0 bootstrapDiagnosticAccepted=0 bootstrapDiagnosticRejected=0 bootstrapDiagnosticRejectReason=none bootstrapDiagnosticStage=none bootstrapDiagnosticReason=none bootstrapDiagnosticOutstanding=0
09-08 08:00:48.934 24100 24100 I ChromeMediaShieldStatus: v=1 seq=2 kind=renderer reports=0 rejected=0 globalCallbacks=0 globalRecords=0 childRecords=0 attributeRecords=0 maxRecords=0 scanCalls=0 scanRoot=0 scanNodes=0 maxScanNodes=0 scanMicros=0 maxScanMicros=0 observerChildScans=0 observerAttributeScans=0 guardedScans=0 markupScans=0 shadowScans=0 initialScans=0 otherScans=0 sanitizeElement=0 sanitizeContainer=0 img=0 source=0 svg=0 iframe=0 canvas=0 video=0 safeIcon=0 lockIcon=0 geometryWrites=0 svgRecords=0 shadowRoots=0 shadowObservers=0 shadowCallbacks=0 shadowRecords=0 shadowScanCalls=0 ensureStyle=0 ensureCurtain=0 internalMutations=0
09-08 08:00:48.934 24100 24100 I ChromeMediaShieldStatus: v=1 seq=2 kind=rendererApis callScan=createElement=0/0 createElementNS=0/0 appendChild=0/0 insertBefore=0/0 replaceChild=0/0 append=0/0 prepend=0/0 replaceChildren=0/0 before=0/0 after=0/0 replaceWith=0/0 adjacentElement=0/0 moveBefore=0/0 rangeInsert=0/0 rangeSurround=0/0 adoptNode=0/0 cloneNode=0/0 importNode=0/0 safeMarkup=0/0 innerHTML=0/0 outerHTML=0/0 insertAdjacentHTML=0/0 setHTML=0/0 shadowInnerHTML=0/0 execCommandInsertHTML=0/0 mappedTextContent=0/0
09-08 08:00:48.934 24100 24100 I ChromeMediaShieldStatus: v=1 seq=2 kind=rendererFamilies roots=element/fragment/text/other factory:calls=0,scans=0,direct=0,roots=0/0/0/0,nodes=0,micros=0,maxMicros=0 domGuard:calls=0,scans=0,direct=0,roots=0/0/0/0,nodes=0,micros=0,maxMicros=0 markup:calls=0,scans=0,direct=0,roots=0/0/0/0,nodes=0,micros=0,maxMicros=0
09-08 08:00:48.934 24100 24100 I ChromeMediaShieldStatus: v=1 seq=2 kind=uiSvg registered=0 registryBytes=0 cssRewritten=0 cssRejected=0 networkAccepted=0 networkRejected=0 assetServed=0 assetRejected=0
09-08 08:00:48.934 24100 24100 I ChromeMediaShieldStatus: v=1 seq=2 kind=health failures=0 clientDisconnects=0 proxyQueueRejects=0 protectFailure=0 quicAttempts=0 directTcpAttempts=0 active=true ready=true
09-08 08:00:48.934 24100 24100 I ChromeMediaShieldStatus: v=1 seq=2 kind=fixture report=REPORT=not_run,DOCUMENTS=0,FRAMES=0,SCRIPTS=0,FIRST_ORIGINAL_SCRIPTS=0,STYLES=0,WORKERS=0,SERVICE_WORKERS=0,FRAME_REPORTS=0,FRAME_REPORT_REJECTS=0,FRAME_REPORT=not_run,FRAME_REPORT_SHA=not_run,FRAME_CHALLENGE_SHA=not_run,FRAME_GENERATION=0,FRAME_ACCEPTED_CHALLENGE_SHA=not_run,FRAME_REPORT_BINDING_SHA=not_run,SAME_URL_BODIES=0,REPORTS=0,SW_BOUNDARY={INSTALL_DOCS=0,WORKER_SCRIPTS=0,WORKER_PROBE_SCRIPTS=0,PROBE_DOCS=0,CLEANUP_DOCS=0,REPORTS_ACCEPTED=0,REPORTS_REJECTED=0,CONTROLLER_PRESENT=0,CONTROLLER_MISSING=0,NAV_FETCHES=0,SELF_READY_FETCHES=0,SELF_READY_PASS_THROUGH=0,SELF_READY_SYNTHETIC=0,NAV_SYNTHETIC=0,RESET_BASELINE_CLEAN=0,RESET_BASELINE_DIRTY=0,REGISTER_BLOCKED=0,REGISTER_SUCCEEDED=0,WORKER_REGISTER_BLOCKED=0,WORKER_REGISTER_SUCCEEDED=0,WORKER_REGISTER_UNSUPPORTED=0,WORKER_REGISTER_ERROR=0,LAST_CASE=none,LAST_EVENT=none,LAST_VALUE=none},UI_SVG={not_run}
09-08 08:01:03.362 24100 24676 I ChromePhotosDataPlane: phase=guard_heartbeat_delay durationMs=3000
09-08 08:01:06.381 24100 24676 I ChromePhotosDataPlane: phase=guard_session_renewed previousGeneration=539
09-08 08:01:06.599 24100 24676 I ChromePhotosDataPlane: phase=presentation_ready scope=real_web failSafe=armed
09-08 08:01:45.457 24100   696 I ChromePhotosDataPlane: phase=worker_ready correlationId=c1 admissionWaitMs=7.163
09-08 08:01:45.459 24100   697 I ChromePhotosDataPlane: phase=worker_ready correlationId=c2 admissionWaitMs=0.389
09-08 08:01:45.558 24100   697 I ChromePhotosDataPlane: phase=tls_certificate correlationId=c2 tlsCacheHit=false tlsCacheWaitMs=0.327 tlsCreationMs=46.474
09-08 08:01:45.559 24100   697 I ChromePhotosDataPlane: phase=tls_material correlationId=c2 tlsMaterialMs=50.783
09-08 08:01:45.573 24100   696 I ChromePhotosDataPlane: phase=tls_certificate correlationId=c1 tlsCacheHit=false tlsCacheWaitMs=44.603 tlsCreationMs=14.916
09-08 08:01:45.573 24100   696 I ChromePhotosDataPlane: phase=tls_material correlationId=c1 tlsMaterialMs=59.812
09-08 08:01:45.579 24100   726 I ChromePhotosDataPlane: phase=worker_ready correlationId=c3 admissionWaitMs=0.572
09-08 08:01:45.654 24100   726 I ChromePhotosDataPlane: phase=tls_certificate correlationId=c3 tlsCacheHit=false tlsCacheWaitMs=0.009 tlsCreationMs=16.056
09-08 08:01:45.654 24100   726 I ChromePhotosDataPlane: phase=tls_material correlationId=c3 tlsMaterialMs=16.380
09-08 08:01:45.692 24100   847 I ChromePhotosDataPlane: phase=worker_ready correlationId=c4 admissionWaitMs=0.393
09-08 08:01:45.696 24100   847 I ChromePhotosDataPlane: phase=tls_certificate correlationId=c4 tlsCacheHit=true tlsCacheWaitMs=0.008 tlsCreationMs=0.000
09-08 08:01:45.696 24100   847 I ChromePhotosDataPlane: phase=tls_material correlationId=c4 tlsMaterialMs=0.190
09-08 08:01:46.325 24100   697 I ChromePhotosDataPlane: phase=tls_ready correlationId=c2 hostClass=network hostHash=7df7caa0a5579e01 clientProtocol=http/1.1 ca=e781cfa6b123a902
09-08 08:01:46.332 24100   726 I ChromePhotosDataPlane: phase=tls_ready correlationId=c3 hostClass=network hostHash=a58f4ee3bbb3e6ee clientProtocol=http/1.1 ca=e781cfa6b123a902
09-08 08:01:46.333 24100   847 I ChromePhotosDataPlane: phase=tls_ready correlationId=c4 hostClass=network hostHash=a58f4ee3bbb3e6ee clientProtocol=http/1.1 ca=e781cfa6b123a902
09-08 08:01:46.335 24100   696 I ChromePhotosDataPlane: phase=tls_ready correlationId=c1 hostClass=network hostHash=191347bfe55d0ca9 clientProtocol=http/1.1 ca=e781cfa6b123a902
09-08 08:01:46.562 24100   726 I ChromePhotosDataPlane: phase=media_shield_document origin=real hostClass=network hostHash=a58f4ee3bbb3e6ee result=fail_closed reason=document_status_403 bytesOut=41 upstreamHeadersMs=219.350 documentDecisionMs=0.584 downstreamWriteMs=0.978
09-08 08:01:48.909 24100 24100 I ChromePhotosDataPlane: phase=status statusSequence=3 lifecycle=PresentationReady active=true ready=true connections=4 requests=1 safe=0 blocked=0 unknown=0 passthrough=0 cacheHits=0 cacheMisses=0 failures=0 clientDisconnects=0 bytesIn=553 bytesOut=41 streamed=0 proxyQueueRejects=0 proxyActivePeak=4 proxyP50Ms=223.017 proxyP95Ms=223.017 proxyP99Ms=223.017 upstreamSockets=1 protectSuccess=1 protectFailure=0 web11a=not_run web11b=not_run modelLoadMs=626.663 engineCalls=0 dedupeHits=0 decisionCacheConfig=64 decisionConcurrencyConfig=1 decisionQueueConfig=2 decisionTimeoutMs=5000 engineCallsPerRequest=0.0 inferencePeak=0 inFlightPeak=0 queuePeak=0 queueRejects=0 timeouts=0 inferenceP50Ms=0.0 inferenceP95Ms=0.0 inferenceP99Ms=0.0 decisionP50Ms=0.0 decisionP95Ms=0.0 decisionP99Ms=0.0 cacheHitP50Ms=0.0 cacheHitP95Ms=0.0 cacheEntries=0 cacheEvictions=0 preprocessP50Ms=0.0 preprocessP95Ms=0.0 preprocessP99Ms=0.0 preparedCount1=0 preparedCount4=0 preparedCount5=0 preparedCountOther=0 decisionBasis= imageCandidates=0 imagePrefixPeeks=0 imageMagicCandidates=0 imageBodyAdmissionPeak=0 imageBodyAdmissionRejects=0 networkVisualCandidates=0 networkVisualReplaced=0 networkVisualRawDelivered=0 networkVisualSafeRawDelivered=0 networkVisualBlockedReplaced=0 networkVisualUnknownReplaced=0 networkVisualUnsupportedReplaced=0 networkVisualRawBlockedDelivered=0 networkVisualRawUnknownDelivered=0 networkVisualCacheHit=0 networkVisualInference=0 mediaDocumentsTransformed=0 mediaDocumentsFailClosed=1 documentTransformOutstanding=0 readyTokensOutstanding=0 uiSvgRegistered=0 uiSvgRegistryBytes=0 uiSvgCssRewritten=0 uiSvgCssRejected=0 uiSvgNetworkAccepted=0 uiSvgNetworkRejected=0 uiSvgAssetServed=0 uiSvgAssetRejected=0 h18=REPORT=not_run,EVENT_SEQUENCE=0,COMPAT_DOCS=0,STRICT_DOCS=0,STYLE_REQ=0,SCRIPT_REQ=0,DATA_REQ=0,NETWORK_REQ=0,REPORTS=0,LAST_DOC=none,NETWORK_SHA=ee17e3f62edde61823ce35732ea168f4f5986bff347ccfac063eca7f4009ee1b,AUDIT_SHA=74d4467bbf6833db4eeab998495b7dfc50db3b1f04f407704b839ad3f4b25582 h19=REPORT=not_run,DOCUMENTS=0,FRAMES=0,SCRIPTS=0,FIRST_ORIGINAL_SCRIPTS=0,STYLES=0,WORKERS=0,SERVICE_WORKERS=0,FRAME_REPORTS=0,FRAME_REPORT_REJECTS=0,FRAME_REPORT=not_run,FRAME_REPORT_SHA=not_run,FRAME_CHALLENGE_SHA=not_run,FRAME_GENERATION=0,FRAME_ACCEPTED_CHALLENGE_SHA=not_run,FRAME_REPORT_BINDING_SHA=not_run,SAME_URL_BODIES=0,REPORTS=0,SW_BOUNDARY={INSTALL_DOCS=0,WORKER_SCRIPTS=0,WORKER_PROBE_SCRIPTS=0,PROBE_DOCS=0,CLEANUP_DOCS=0,REPORTS_ACCEPTED=0,REPORTS_REJECTED=0,CONTROLLER_PRESENT=0,CONTROLLER_MISSING=0,NAV_FETCHES=0,SELF_READY_FETCHES=0,SELF_READY_PASS_THROUGH=0,SELF_READY_SYNTHETIC=0,NAV_SYNTHETIC=0,RESET_BASELINE_CLEAN=0,RESET_BASELINE_DIRTY=0,REGISTER_BLOCKED=0,REGISTER_SUCCEEDED=0,WORKER_REGISTER_BLOCKED=0,WORKER_REGISTER_SUCCEEDED=0,WORKER_REGISTER_UNSUPPORTED=0,WORKER_REGISTER_ERROR=0,LAST_CASE=none,LAST_EVENT=none,LAST_VALUE=none},UI_SVG={not_run} quicAttempts=0 directTcpAttempts=0 bootstrapResetGeneration=2 bootstrapCompleteGeneration=2 bootstrapResetCount=3 chromeSuspended=false guardSession=540 guardHeartbeatSequence=78 audit17State=0 audit17Navigation=0 audit17Events=0 audit17Dropped=0
09-08 08:01:48.909 24100 24100 I ChromeMediaShieldStatus: v=1 seq=3 kind=network mode=selective candidates=0 replaced=0 rawDelivered=0 safeRaw=0 blockedReplaced=0 unknownReplaced=0 unsupportedReplaced=0 rawBlocked=0 rawUnknown=0 cacheHit=0 decisionEngine=0 engineCalls=0
09-08 08:01:48.909 24100 24100 I ChromeMediaShieldStatus: v=1 seq=3 kind=document transformed=0 failClosed=1 outstanding=0 issued=0 claims=0 documentSequence=0 navigationSequence=0 readyRequests=0 readyPreflights=0 readyAccepted=0 readyRejected=0 parserBarrierRequests=0 parserBarrierReady=0 parserBarrierFailClosed=0 selfShield=true selfReadyRequests=0 selfReadyAccepted=0 selfReadyRejected=0 selfReadyRejectReason=none selfShieldReleaseCompleted=0 selfShieldParserContinued=0 selfShieldOriginalScriptStarted=0 selfShieldTraceRejected=0 selfShieldTraceOutstanding=0 bootstrapDiagnosticAccepted=0 bootstrapDiagnosticRejected=0 bootstrapDiagnosticRejectReason=none bootstrapDiagnosticStage=none bootstrapDiagnosticReason=none bootstrapDiagnosticOutstanding=0
09-08 08:01:48.909 24100 24100 I ChromeMediaShieldStatus: v=1 seq=3 kind=renderer reports=0 rejected=0 globalCallbacks=0 globalRecords=0 childRecords=0 attributeRecords=0 maxRecords=0 scanCalls=0 scanRoot=0 scanNodes=0 maxScanNodes=0 scanMicros=0 maxScanMicros=0 observerChildScans=0 observerAttributeScans=0 guardedScans=0 markupScans=0 shadowScans=0 initialScans=0 otherScans=0 sanitizeElement=0 sanitizeContainer=0 img=0 source=0 svg=0 iframe=0 canvas=0 video=0 safeIcon=0 lockIcon=0 geometryWrites=0 svgRecords=0 shadowRoots=0 shadowObservers=0 shadowCallbacks=0 shadowRecords=0 shadowScanCalls=0 ensureStyle=0 ensureCurtain=0 internalMutations=0
09-08 08:01:48.909 24100 24100 I ChromeMediaShieldStatus: v=1 seq=3 kind=rendererApis callScan=createElement=0/0 createElementNS=0/0 appendChild=0/0 insertBefore=0/0 replaceChild=0/0 append=0/0 prepend=0/0 replaceChildren=0/0 before=0/0 after=0/0 replaceWith=0/0 adjacentElement=0/0 moveBefore=0/0 rangeInsert=0/0 rangeSurround=0/0 adoptNode=0/0 cloneNode=0/0 importNode=0/0 safeMarkup=0/0 innerHTML=0/0 outerHTML=0/0 insertAdjacentHTML=0/0 setHTML=0/0 shadowInnerHTML=0/0 execCommandInsertHTML=0/0 mappedTextContent=0/0
09-08 08:01:48.909 24100 24100 I ChromeMediaShieldStatus: v=1 seq=3 kind=rendererFamilies roots=element/fragment/text/other factory:calls=0,scans=0,direct=0,roots=0/0/0/0,nodes=0,micros=0,maxMicros=0 domGuard:calls=0,scans=0,direct=0,roots=0/0/0/0,nodes=0,micros=0,maxMicros=0 markup:calls=0,scans=0,direct=0,roots=0/0/0/0,nodes=0,micros=0,maxMicros=0
09-08 08:01:48.909 24100 24100 I ChromeMediaShieldStatus: v=1 seq=3 kind=uiSvg registered=0 registryBytes=0 cssRewritten=0 cssRejected=0 networkAccepted=0 networkRejected=0 assetServed=0 assetRejected=0
09-08 08:01:48.909 24100 24100 I ChromeMediaShieldStatus: v=1 seq=3 kind=health failures=0 clientDisconnects=0 proxyQueueRejects=0 protectFailure=0 quicAttempts=0 directTcpAttempts=0 active=true ready=true
09-08 08:01:48.909 24100 24100 I ChromeMediaShieldStatus: v=1 seq=3 kind=fixture report=REPORT=not_run,DOCUMENTS=0,FRAMES=0,SCRIPTS=0,FIRST_ORIGINAL_SCRIPTS=0,STYLES=0,WORKERS=0,SERVICE_WORKERS=0,FRAME_REPORTS=0,FRAME_REPORT_REJECTS=0,FRAME_REPORT=not_run,FRAME_REPORT_SHA=not_run,FRAME_CHALLENGE_SHA=not_run,FRAME_GENERATION=0,FRAME_ACCEPTED_CHALLENGE_SHA=not_run,FRAME_REPORT_BINDING_SHA=not_run,SAME_URL_BODIES=0,REPORTS=0,SW_BOUNDARY={INSTALL_DOCS=0,WORKER_SCRIPTS=0,WORKER_PROBE_SCRIPTS=0,PROBE_DOCS=0,CLEANUP_DOCS=0,REPORTS_ACCEPTED=0,REPORTS_REJECTED=0,CONTROLLER_PRESENT=0,CONTROLLER_MISSING=0,NAV_FETCHES=0,SELF_READY_FETCHES=0,SELF_READY_PASS_THROUGH=0,SELF_READY_SYNTHETIC=0,NAV_SYNTHETIC=0,RESET_BASELINE_CLEAN=0,RESET_BASELINE_DIRTY=0,REGISTER_BLOCKED=0,REGISTER_SUCCEEDED=0,WORKER_REGISTER_BLOCKED=0,WORKER_REGISTER_SUCCEEDED=0,WORKER_REGISTER_UNSUPPORTED=0,WORKER_REGISTER_ERROR=0,LAST_CASE=none,LAST_EVENT=none,LAST_VALUE=none},UI_SVG={not_run}
09-08 08:01:50.792 24100  1562 I ChromePhotosDataPlane: phase=worker_ready correlationId=c5 admissionWaitMs=0.998
09-08 08:01:50.890 24100  1562 I ChromePhotosDataPlane: phase=tls_certificate correlationId=c5 tlsCacheHit=false tlsCacheWaitMs=0.040 tlsCreationMs=51.132
09-08 08:01:50.890 24100  1562 I ChromePhotosDataPlane: phase=tls_material correlationId=c5 tlsMaterialMs=52.038
09-08 08:01:50.902 24100  1562 I ChromePhotosDataPlane: phase=tls_ready correlationId=c5 hostClass=network hostHash=67093c854a7c66ad clientProtocol=http/1.1 ca=e781cfa6b123a902
09-08 08:01:51.238 24100  1562 I ChromePhotosDataPlane: origin=real hostClass=network hostHash=67093c854a7c66ad method=GET clientProtocol=http/1.1 upstreamProtocol=h2 status=200 contentType=application/octet-stream bytesOut=162 transfer=fixed upstreamHeadersMs=321.633 downstreamWriteMs=2.656
09-08 08:02:29.987 24100  5109 I ChromePhotosDataPlane: phase=worker_ready correlationId=c6 admissionWaitMs=27.668
09-08 08:02:30.081 24100  5109 I ChromePhotosDataPlane: phase=tls_certificate correlationId=c6 tlsCacheHit=true tlsCacheWaitMs=0.016 tlsCreationMs=0.000
09-08 08:02:30.081 24100  5109 I ChromePhotosDataPlane: phase=tls_material correlationId=c6 tlsMaterialMs=3.621
09-08 08:02:30.119 24100  5119 I ChromePhotosDataPlane: phase=worker_ready correlationId=c7 admissionWaitMs=17.797
09-08 08:02:30.121 24100  5109 I ChromePhotosDataPlane: phase=tls_ready correlationId=c6 hostClass=network hostHash=191347bfe55d0ca9 clientProtocol=http/1.1 ca=e781cfa6b123a902
09-08 08:02:30.181 24100  5119 I ChromePhotosDataPlane: phase=tls_certificate correlationId=c7 tlsCacheHit=true tlsCacheWaitMs=0.011 tlsCreationMs=0.000
09-08 08:02:30.181 24100  5119 I ChromePhotosDataPlane: phase=tls_material correlationId=c7 tlsMaterialMs=0.340
09-08 08:02:30.322 24100  5119 I ChromePhotosDataPlane: phase=tls_ready correlationId=c7 hostClass=network hostHash=7df7caa0a5579e01 clientProtocol=http/1.1 ca=e781cfa6b123a902
09-08 08:02:31.760 24100  5109 I ChromePhotosDataPlane: phase=media_shield_document origin=real hostClass=network hostHash=191347bfe55d0ca9 result=transformed documentSequence=1 navigationSequence=1 token=4891c8e2c5d6 bytesOut=1485552 upstreamHeadersMs=340.847 documentDecisionMs=367.498 downstreamWriteMs=9.080
09-08 08:02:31.831 24100  5255 I ChromePhotosDataPlane: phase=worker_ready correlationId=c8 admissionWaitMs=3.329
09-08 08:02:31.869 24100  5264 I ChromePhotosDataPlane: phase=worker_ready correlationId=c9 admissionWaitMs=0.487
09-08 08:02:31.926 24100  5109 I ChromePhotosDataPlane: phase=media_shield_ready origin=same_origin result=204 bytesOut=0
09-08 08:02:31.929 24100  5255 I ChromePhotosDataPlane: phase=tls_certificate correlationId=c8 tlsCacheHit=false tlsCacheWaitMs=0.017 tlsCreationMs=43.132
09-08 08:02:31.929 24100  5255 I ChromePhotosDataPlane: phase=tls_material correlationId=c8 tlsMaterialMs=43.681
09-08 08:02:31.936 24100  5255 I ChromePhotosDataPlane: phase=tls_ready correlationId=c8 hostClass=network hostHash=685eae6637200805 clientProtocol=http/1.1 ca=e781cfa6b123a902
09-08 08:02:31.940 24100  5109 I ChromePhotosDataPlane: phase=media_shield_ready origin=same_origin result=204 bytesOut=0
09-08 08:02:31.955 24100  5109 I ChromePhotosDataPlane: phase=media_shield_ready origin=same_origin result=204 bytesOut=0
09-08 08:02:31.959 24100  5264 I ChromePhotosDataPlane: phase=tls_certificate correlationId=c9 tlsCacheHit=false tlsCacheWaitMs=20.407 tlsCreationMs=29.641
09-08 08:02:31.959 24100  5264 I ChromePhotosDataPlane: phase=tls_material correlationId=c9 tlsMaterialMs=50.534
09-08 08:02:31.965 24100  5264 I ChromePhotosDataPlane: phase=tls_ready correlationId=c9 hostClass=network hostHash=c350913878bceb2f clientProtocol=http/1.1 ca=e781cfa6b123a902
09-08 08:02:32.129 24100  5255 I ChromePhotosDataPlane: origin=real hostClass=network hostHash=685eae6637200805 method=GET clientProtocol=http/1.1 upstreamProtocol=h2 status=302 contentType= bytesIn=0 bytesOut=0 cache=miss decision=passthrough   requestToDeliveryMs=188.895 upstreamHeadersMs=181.980 sanitizeMs=1.577 downstreamWriteMs=1.590
09-08 08:02:32.204 24100  5296 I ChromePhotosDataPlane: phase=worker_ready correlationId=c10 admissionWaitMs=6.029
09-08 08:02:32.288 24100  5296 I ChromePhotosDataPlane: phase=tls_certificate correlationId=c10 tlsCacheHit=false tlsCacheWaitMs=0.015 tlsCreationMs=36.589
09-08 08:02:32.288 24100  5296 I ChromePhotosDataPlane: phase=tls_material correlationId=c10 tlsMaterialMs=37.360
09-08 08:02:32.302 24100  5296 I ChromePhotosDataPlane: phase=tls_ready correlationId=c10 hostClass=network hostHash=bf52830e11f43bb6 clientProtocol=http/1.1 ca=e781cfa6b123a902
09-08 08:02:32.353 24100  5264 I ChromePhotosDataPlane: origin=real hostClass=network hostHash=c350913878bceb2f method=GET clientProtocol=http/1.1 upstreamProtocol=h2 status=200 contentType=application/json bytesOut=55 transfer=fixed upstreamHeadersMs=379.791 downstreamWriteMs=4.209
09-08 08:02:32.798 24100  5329 I ChromePhotosDataPlane: phase=worker_ready correlationId=c11 admissionWaitMs=16.203
09-08 08:02:32.811 24100  5329 I ChromePhotosDataPlane: phase=tls_certificate correlationId=c11 tlsCacheHit=true tlsCacheWaitMs=0.012 tlsCreationMs=0.000
09-08 08:02:32.811 24100  5329 I ChromePhotosDataPlane: phase=tls_material correlationId=c11 tlsMaterialMs=0.362
09-08 08:02:32.823 24100  5329 I ChromePhotosDataPlane: phase=tls_ready correlationId=c11 hostClass=network hostHash=191347bfe55d0ca9 clientProtocol=http/1.1 ca=e781cfa6b123a902
09-08 08:02:32.830 24100  5339 I ChromePhotosDataPlane: phase=worker_ready correlationId=c12 admissionWaitMs=6.607
09-08 08:02:32.840 24100  5339 I ChromePhotosDataPlane: phase=tls_certificate correlationId=c12 tlsCacheHit=true tlsCacheWaitMs=0.011 tlsCreationMs=0.000
09-08 08:02:32.840 24100  5339 I ChromePhotosDataPlane: phase=tls_material correlationId=c12 tlsMaterialMs=0.329
09-08 08:02:32.853 24100  5339 I ChromePhotosDataPlane: phase=tls_ready correlationId=c12 hostClass=network hostHash=191347bfe55d0ca9 clientProtocol=http/1.1 ca=e781cfa6b123a902
09-08 08:02:32.903 24100  5329 I ChromePhotosDataPlane: origin=real hostClass=network hostHash=191347bfe55d0ca9 method=POST clientProtocol=http/1.1 upstreamProtocol=h2 status=204 contentType=text/html bytesOut=0 transfer=fixed upstreamHeadersMs=60.401 downstreamWriteMs=0.516
09-08 08:02:32.929 24100  5339 I ChromePhotosDataPlane: origin=real hostClass=network hostHash=191347bfe55d0ca9 method=POST clientProtocol=http/1.1 upstreamProtocol=h2 status=204 contentType=text/html bytesOut=0 transfer=fixed upstreamHeadersMs=65.098 downstreamWriteMs=0.413
09-08 08:02:32.986 24100  5349 I ChromePhotosDataPlane: phase=worker_ready correlationId=c13 admissionWaitMs=3.593
09-08 08:02:33.081 24100  5109 I ChromePhotosDataPlane: origin=real hostClass=network hostHash=191347bfe55d0ca9 method=GET clientProtocol=http/1.1 upstreamProtocol=h2 status=200 contentType=image/webp bytesIn=2070 bytesOut=2070 cache=miss decision=safe reason=model_allow source=engine probability=0.093275934 basis=None decodeMs=101.399 inferenceMs=766.462 inferenceQueueMs=1.795 localDecisionMs=878.027  bodyAdmissionMs=2.116 bodyReadMs=1.277 hashMs=0.681 requestToDeliveryMs=968.759 upstreamHeadersMs=55.731 sanitizeMs=905.773 downstreamWriteMs=1.445
09-08 08:02:33.096 24100  5349 I ChromePhotosDataPlane: phase=tls_certificate correlationId=c13 tlsCacheHit=false tlsCacheWaitMs=0.028 tlsCreationMs=44.696
09-08 08:02:33.096 24100  5349 I ChromePhotosDataPlane: phase=tls_material correlationId=c13 tlsMaterialMs=45.277
09-08 08:02:33.106 24100  5349 I ChromePhotosDataPlane: phase=tls_ready correlationId=c13 hostClass=network hostHash=abf8fbf760ef2a86 clientProtocol=http/1.1 ca=e781cfa6b123a902
09-08 08:02:33.224 24100  5296 I ChromePhotosDataPlane: origin=real hostClass=network hostHash=bf52830e11f43bb6 method=GET clientProtocol=http/1.1 upstreamProtocol=h2 status=200 contentType=image/png bytesIn=719 bytesOut=719 cache=miss decision=safe reason=model_allow source=engine probability=0.039679587 basis=None decodeMs=2.884 inferenceMs=137.743 inferenceQueueMs=571.019 localDecisionMs=712.405  bodyAdmissionMs=0.047 bodyReadMs=0.592 hashMs=1.045 requestToDeliveryMs=917.957 upstreamHeadersMs=195.187 sanitizeMs=716.093 downstreamWriteMs=1.277
09-08 08:02:33.426 24100  5349 I ChromePhotosDataPlane: origin=real hostClass=network hostHash=abf8fbf760ef2a86 method=GET clientProtocol=http/1.1 upstreamProtocol=h2 status=200 contentType=image/png bytesIn=0 bytesOut=704 cache=miss decision=unknown reason=encoded_image_unsupported source=error probability=-1.0 basis=none decodeMs=0.000 inferenceMs=0.000 inferenceQueueMs=0.000 localDecisionMs=0.000   requestToDeliveryMs=316.920 upstreamHeadersMs=315.118 sanitizeMs=0.087 downstreamWriteMs=0.478
09-08 08:02:33.449 24100  5109 I ChromePhotosDataPlane: origin=real hostClass=network hostHash=191347bfe55d0ca9 method=POST clientProtocol=http/1.1 upstreamProtocol=h2 status=204 contentType=text/html bytesOut=0 transfer=fixed upstreamHeadersMs=70.243 downstreamWriteMs=1.677
09-08 08:02:33.563 24100  5386 I ChromePhotosDataPlane: phase=worker_ready correlationId=c14 admissionWaitMs=0.907
09-08 08:02:33.575 24100  5109 I ChromePhotosDataPlane: origin=real hostClass=network hostHash=191347bfe55d0ca9 method=POST clientProtocol=http/1.1 upstreamProtocol=h2 status=204 contentType=text/html bytesOut=0 transfer=fixed upstreamHeadersMs=71.661 downstreamWriteMs=0.493
09-08 08:02:33.577 24100  5386 I ChromePhotosDataPlane: phase=tls_certificate correlationId=c14 tlsCacheHit=true tlsCacheWaitMs=0.017 tlsCreationMs=0.000
09-08 08:02:33.578 24100  5386 I ChromePhotosDataPlane: phase=tls_material correlationId=c14 tlsMaterialMs=0.435
09-08 08:02:33.585 24100  5392 I ChromePhotosDataPlane: phase=worker_ready correlationId=c15 admissionWaitMs=0.697
09-08 08:02:33.590 24100  5386 I ChromePhotosDataPlane: phase=tls_ready correlationId=c14 hostClass=network hostHash=191347bfe55d0ca9 clientProtocol=http/1.1 ca=e781cfa6b123a902
09-08 08:02:33.657 24100  5392 I ChromePhotosDataPlane: phase=tls_certificate correlationId=c15 tlsCacheHit=false tlsCacheWaitMs=0.071 tlsCreationMs=33.317
09-08 08:02:33.657 24100  5392 I ChromePhotosDataPlane: phase=tls_material correlationId=c15 tlsMaterialMs=33.823
09-08 08:02:33.663 24100  5392 I ChromePhotosDataPlane: phase=tls_ready correlationId=c15 hostClass=network hostHash=eaadc6f5c45b9f47 clientProtocol=http/1.1 ca=e781cfa6b123a902
09-08 08:02:33.682 24100  5329 I ChromePhotosDataPlane: origin=real hostClass=network hostHash=191347bfe55d0ca9 method=GET clientProtocol=http/1.1 upstreamProtocol=h2 status=200 contentType=text/javascript bytesOut=35119 transfer=fixed upstreamHeadersMs=65.189 downstreamWriteMs=39.336
09-08 08:02:33.695 24100  5339 I ChromePhotosDataPlane: origin=real hostClass=network hostHash=191347bfe55d0ca9 method=GET clientProtocol=http/1.1 upstreamProtocol=h2 status=200 contentType=text/javascript bytesOut=96568 transfer=fixed upstreamHeadersMs=59.161 downstreamWriteMs=73.721
09-08 08:02:33.695 24100  5109 I ChromePhotosDataPlane: origin=real hostClass=network hostHash=191347bfe55d0ca9 method=GET clientProtocol=http/1.1 upstreamProtocol=h2 status=200 contentType=text/javascript bytesOut=28369 transfer=fixed upstreamHeadersMs=91.264 downstreamWriteMs=16.162
09-08 08:02:33.699 24100  5425 I ChromePhotosDataPlane: phase=worker_ready correlationId=c16 admissionWaitMs=1.368
09-08 08:02:33.712 24100  5425 I ChromePhotosDataPlane: phase=tls_certificate correlationId=c16 tlsCacheHit=true tlsCacheWaitMs=0.017 tlsCreationMs=0.000
09-08 08:02:33.712 24100  5425 I ChromePhotosDataPlane: phase=tls_material correlationId=c16 tlsMaterialMs=0.577
09-08 08:02:33.721 24100  5425 I ChromePhotosDataPlane: phase=tls_ready correlationId=c16 hostClass=network hostHash=191347bfe55d0ca9 clientProtocol=http/1.1 ca=e781cfa6b123a902
09-08 08:02:33.750 24100  5425 I ChromePhotosDataPlane: origin=real hostClass=network hostHash=191347bfe55d0ca9 method=GET clientProtocol=http/1.1 upstreamProtocol=h2 status=200 contentType=image/png bytesIn=0 bytesOut=704 cache=miss decision=unknown reason=encoded_image_unsupported source=error probability=-1.0 basis=none decodeMs=0.000 inferenceMs=0.000 inferenceQueueMs=0.000 localDecisionMs=0.000   requestToDeliveryMs=24.830 upstreamHeadersMs=22.973 sanitizeMs=0.092 downstreamWriteMs=0.538
09-08 08:02:33.842 24100  5392 I ChromePhotosDataPlane: origin=real hostClass=network hostHash=eaadc6f5c45b9f47 method=POST clientProtocol=http/1.1 upstreamProtocol=h2 status=200 contentType=application/json+protobuf bytesOut=39 transfer=fixed upstreamHeadersMs=171.542 downstreamWriteMs=0.646
09-08 08:02:33.886 24100  5109 I ChromePhotosDataPlane: origin=real hostClass=network hostHash=191347bfe55d0ca9 method=GET clientProtocol=http/1.1 upstreamProtocol=h2 status=200 contentType=application/json bytesOut=16 transfer=fixed upstreamHeadersMs=76.665 downstreamWriteMs=0.783
09-08 08:02:33.979 24100  5453 I ChromePhotosDataPlane: phase=worker_ready correlationId=c17 admissionWaitMs=1.734
09-08 08:02:33.984 24100  5454 I ChromePhotosDataPlane: phase=worker_ready correlationId=c18 admissionWaitMs=0.612
09-08 08:02:33.989 24100  5455 I ChromePhotosDataPlane: phase=worker_ready correlationId=c19 admissionWaitMs=1.207
09-08 08:02:33.993 24100  5458 I ChromePhotosDataPlane: phase=worker_ready correlationId=c20 admissionWaitMs=0.648
09-08 08:02:33.996 24100  5460 I ChromePhotosDataPlane: phase=worker_ready correlationId=c21 admissionWaitMs=0.752
09-08 08:02:33.999 24100  5465 I ChromePhotosDataPlane: phase=worker_ready correlationId=c22 admissionWaitMs=0.483
09-08 08:02:34.007 24100  5467 I ChromePhotosDataPlane: phase=worker_ready correlationId=c23 admissionWaitMs=0.874
09-08 08:02:34.010 24100  5473 I ChromePhotosDataPlane: phase=worker_ready correlationId=c24 admissionWaitMs=0.545
09-08 08:02:34.028 24100  5484 I ChromePhotosDataPlane: phase=worker_ready correlationId=c25 admissionWaitMs=3.036
09-08 08:02:34.048 24100  5484 I ChromePhotosDataPlane: phase=tls_certificate correlationId=c25 tlsCacheHit=true tlsCacheWaitMs=0.013 tlsCreationMs=0.000
09-08 08:02:34.048 24100  5484 I ChromePhotosDataPlane: phase=tls_material correlationId=c25 tlsMaterialMs=0.245
09-08 08:02:34.078 24100  5484 I ChromePhotosDataPlane: phase=tls_ready correlationId=c25 hostClass=network hostHash=191347bfe55d0ca9 clientProtocol=http/1.1 ca=e781cfa6b123a902
09-08 08:02:34.084 24100  5505 I ChromePhotosDataPlane: phase=worker_ready correlationId=c26 admissionWaitMs=4.207
09-08 08:02:34.092 24100  5454 I ChromePhotosDataPlane: phase=tls_certificate correlationId=c18 tlsCacheHit=false tlsCacheWaitMs=0.009 tlsCreationMs=38.537
09-08 08:02:34.092 24100  5454 I ChromePhotosDataPlane: phase=tls_material correlationId=c18 tlsMaterialMs=38.913
09-08 08:02:34.096 24100  5460 I ChromePhotosDataPlane: phase=tls_certificate correlationId=c21 tlsCacheHit=true tlsCacheWaitMs=0.010 tlsCreationMs=0.000
09-08 08:02:34.096 24100  5460 I ChromePhotosDataPlane: phase=tls_material correlationId=c21 tlsMaterialMs=0.344
09-08 08:02:34.100 24100  5454 I ChromePhotosDataPlane: phase=tls_ready correlationId=c18 hostClass=network hostHash=86c190c2d7dd6548 clientProtocol=http/1.1 ca=e781cfa6b123a902
09-08 08:02:34.104 24100  5460 I ChromePhotosDataPlane: phase=tls_ready correlationId=c21 hostClass=network hostHash=86c190c2d7dd6548 clientProtocol=http/1.1 ca=e781cfa6b123a902
09-08 08:02:34.105 24100  5109 I ChromePhotosDataPlane: origin=real hostClass=network hostHash=191347bfe55d0ca9 method=GET clientProtocol=http/1.1 upstreamProtocol=h2 status=200 contentType=text/css bytesOut=1240 transfer=fixed upstreamHeadersMs=68.985 downstreamWriteMs=1.279
09-08 08:02:34.138 24100  5329 I ChromePhotosDataPlane: origin=real hostClass=network hostHash=191347bfe55d0ca9 method=GET clientProtocol=http/1.1 upstreamProtocol=h2 status=200 contentType=text/javascript bytesOut=43910 transfer=fixed upstreamHeadersMs=58.730 downstreamWriteMs=15.749
09-08 08:02:34.140 24100  5339 I ChromePhotosDataPlane: origin=real hostClass=network hostHash=191347bfe55d0ca9 method=GET clientProtocol=http/1.1 upstreamProtocol=h2 status=200 contentType=text/css bytesOut=341 transfer=fixed upstreamHeadersMs=73.119 downstreamWriteMs=0.654
09-08 08:02:34.140 24100  5386 I ChromePhotosDataPlane: origin=real hostClass=network hostHash=191347bfe55d0ca9 method=GET clientProtocol=http/1.1 upstreamProtocol=h2 status=200 contentType=text/javascript bytesOut=2461 transfer=fixed upstreamHeadersMs=69.021 downstreamWriteMs=1.082
09-08 08:02:34.156 24100  5473 I ChromePhotosDataPlane: phase=tls_certificate correlationId=c24 tlsCacheHit=true tlsCacheWaitMs=101.326 tlsCreationMs=0.000
09-08 08:02:34.156 24100  5453 I ChromePhotosDataPlane: phase=tls_certificate correlationId=c17 tlsCacheHit=true tlsCacheWaitMs=97.454 tlsCreationMs=0.000
09-08 08:02:34.156 24100  5455 I ChromePhotosDataPlane: phase=tls_certificate correlationId=c19 tlsCacheHit=true tlsCacheWaitMs=83.834 tlsCreationMs=0.000
09-08 08:02:34.156 24100  5453 I ChromePhotosDataPlane: phase=tls_material correlationId=c17 tlsMaterialMs=97.775
09-08 08:02:34.156 24100  5473 I ChromePhotosDataPlane: phase=tls_material correlationId=c24 tlsMaterialMs=101.692
09-08 08:02:34.156 24100  5455 I ChromePhotosDataPlane: phase=tls_material correlationId=c19 tlsMaterialMs=84.285
09-08 08:02:34.157 24100  5458 I ChromePhotosDataPlane: phase=tls_certificate correlationId=c20 tlsCacheHit=false tlsCacheWaitMs=38.884 tlsCreationMs=63.595
09-08 08:02:34.157 24100  5458 I ChromePhotosDataPlane: phase=tls_material correlationId=c20 tlsMaterialMs=103.179
09-08 08:02:34.166 24100  5455 I ChromePhotosDataPlane: phase=tls_ready correlationId=c19 hostClass=network hostHash=a07e840be85c9b23 clientProtocol=http/1.1 ca=e781cfa6b123a902
09-08 08:02:34.168 24100  5458 I ChromePhotosDataPlane: phase=tls_ready correlationId=c20 hostClass=network hostHash=a07e840be85c9b23 clientProtocol=http/1.1 ca=e781cfa6b123a902
09-08 08:02:34.187 24100  5453 I ChromePhotosDataPlane: phase=tls_ready correlationId=c17 hostClass=network hostHash=a07e840be85c9b23 clientProtocol=http/1.1 ca=e781cfa6b123a902
09-08 08:02:34.189 24100  5473 I ChromePhotosDataPlane: phase=tls_ready correlationId=c24 hostClass=network hostHash=a07e840be85c9b23 clientProtocol=http/1.1 ca=e781cfa6b123a902
09-08 08:02:34.196 24100  5484 I ChromePhotosDataPlane: origin=real hostClass=network hostHash=191347bfe55d0ca9 method=GET clientProtocol=http/1.1 upstreamProtocol=h2 status=200 contentType=text/javascript bytesOut=89604 transfer=fixed upstreamHeadersMs=69.483 downstreamWriteMs=34.988
09-08 08:02:34.204 24100  5536 I ChromePhotosDataPlane: phase=worker_ready correlationId=c28 admissionWaitMs=5.716
09-08 08:02:34.208 24100  5535 I ChromePhotosDataPlane: phase=worker_ready correlationId=c27 admissionWaitMs=14.763
09-08 08:02:34.219 24100  5505 I ChromePhotosDataPlane: phase=tls_certificate correlationId=c26 tlsCacheHit=false tlsCacheWaitMs=43.159 tlsCreationMs=60.988
09-08 08:02:34.219 24100  5505 I ChromePhotosDataPlane: phase=tls_material correlationId=c26 tlsMaterialMs=104.744
09-08 08:02:34.220 24100  5535 I ChromePhotosDataPlane: phase=tls_certificate correlationId=c27 tlsCacheHit=true tlsCacheWaitMs=0.017 tlsCreationMs=0.000
09-08 08:02:34.220 24100  5535 I ChromePhotosDataPlane: phase=tls_material correlationId=c27 tlsMaterialMs=0.498
09-08 08:02:34.238 24100  5535 I ChromePhotosDataPlane: phase=tls_ready correlationId=c27 hostClass=network hostHash=a07e840be85c9b23 clientProtocol=http/1.1 ca=e781cfa6b123a902
09-08 08:02:34.243 24100  5505 I ChromePhotosDataPlane: phase=tls_ready correlationId=c26 hostClass=network hostHash=73a1220668a1b571 clientProtocol=http/1.1 ca=e781cfa6b123a902
09-08 08:02:34.255 24100  5541 I ChromePhotosDataPlane: phase=worker_ready correlationId=c29 admissionWaitMs=11.181
09-08 08:02:34.260 24100  5541 I ChromePhotosDataPlane: phase=tls_certificate correlationId=c29 tlsCacheHit=true tlsCacheWaitMs=0.017 tlsCreationMs=0.000
09-08 08:02:34.260 24100  5541 I ChromePhotosDataPlane: phase=tls_material correlationId=c29 tlsMaterialMs=0.297
09-08 08:02:34.261 24100  5542 I ChromePhotosDataPlane: phase=worker_ready correlationId=c30 admissionWaitMs=14.056
09-08 08:02:34.266 24100  5542 I ChromePhotosDataPlane: phase=tls_certificate correlationId=c30 tlsCacheHit=true tlsCacheWaitMs=0.010 tlsCreationMs=0.000
09-08 08:02:34.266 24100  5542 I ChromePhotosDataPlane: phase=tls_material correlationId=c30 tlsMaterialMs=0.268
09-08 08:02:34.280 24100  5465 I ChromePhotosDataPlane: phase=tls_certificate correlationId=c22 tlsCacheHit=false tlsCacheWaitMs=103.623 tlsCreationMs=60.977
09-08 08:02:34.280 24100  5465 I ChromePhotosDataPlane: phase=tls_material correlationId=c22 tlsMaterialMs=165.158
09-08 08:02:34.281 24100  5467 I ChromePhotosDataPlane: phase=tls_certificate correlationId=c23 tlsCacheHit=true tlsCacheWaitMs=157.710 tlsCreationMs=0.000
09-08 08:02:34.281 24100  5467 I ChromePhotosDataPlane: phase=tls_material correlationId=c23 tlsMaterialMs=158.153
09-08 08:02:34.282 24100  5536 I ChromePhotosDataPlane: phase=tls_certificate correlationId=c28 tlsCacheHit=true tlsCacheWaitMs=43.885 tlsCreationMs=0.000
09-08 08:02:34.282 24100  5536 I ChromePhotosDataPlane: phase=tls_material correlationId=c28 tlsMaterialMs=44.218
09-08 08:02:34.291 24100  5541 I ChromePhotosDataPlane: phase=tls_ready correlationId=c29 hostClass=network hostHash=73a1220668a1b571 clientProtocol=http/1.1 ca=e781cfa6b123a902
09-08 08:02:34.298 24100  5542 I ChromePhotosDataPlane: phase=tls_ready correlationId=c30 hostClass=network hostHash=73a1220668a1b571 clientProtocol=http/1.1 ca=e781cfa6b123a902
09-08 08:02:34.308 24100  5467 I ChromePhotosDataPlane: phase=tls_ready correlationId=c23 hostClass=network hostHash=8276259f415f9299 clientProtocol=http/1.1 ca=e781cfa6b123a902
09-08 08:02:34.313 24100  5536 I ChromePhotosDataPlane: phase=tls_ready correlationId=c28 hostClass=network hostHash=8276259f415f9299 clientProtocol=http/1.1 ca=e781cfa6b123a902
09-08 08:02:34.313 24100  5465 I ChromePhotosDataPlane: phase=tls_ready correlationId=c22 hostClass=network hostHash=8276259f415f9299 clientProtocol=http/1.1 ca=e781cfa6b123a902
09-08 08:02:34.330 24100  5547 I ChromePhotosDataPlane: phase=worker_ready correlationId=c31 admissionWaitMs=35.148
09-08 08:02:34.430 24100  5484 I ChromePhotosDataPlane: origin=real hostClass=network hostHash=191347bfe55d0ca9 method=POST clientProtocol=http/1.1 upstreamProtocol=h2 status=204 contentType=text/html bytesOut=0 transfer=fixed upstreamHeadersMs=122.416 downstreamWriteMs=0.965
09-08 08:02:34.434 24100  5547 I ChromePhotosDataPlane: phase=tls_certificate correlationId=c31 tlsCacheHit=false tlsCacheWaitMs=0.015 tlsCreationMs=39.760
09-08 08:02:34.434 24100  5547 I ChromePhotosDataPlane: phase=tls_material correlationId=c31 tlsMaterialMs=56.116
09-08 08:02:34.470 24100  5547 I ChromePhotosDataPlane: phase=tls_ready correlationId=c31 hostClass=network hostHash=531c0c97f236d51c clientProtocol=http/1.1 ca=e781cfa6b123a902
09-08 08:02:34.499 24100  5603 I ChromePhotosDataPlane: phase=worker_ready correlationId=c32 admissionWaitMs=15.338
09-08 08:02:34.503 24100  5604 I ChromePhotosDataPlane: phase=worker_ready correlationId=c33 admissionWaitMs=10.359
09-08 08:02:34.647 24100  5454 I ChromePhotosDataPlane: origin=real hostClass=network hostHash=86c190c2d7dd6548 method=GET clientProtocol=http/1.1 upstreamProtocol=h2 status=200 contentType=image/png bytesIn=25936 bytesOut=704 cache=miss decision=block reason=model_filter source=engine probability=0.56968385 basis=FullThreshold decodeMs=34.360 inferenceMs=295.266 inferenceQueueMs=0.858 localDecisionMs=332.281  bodyAdmissionMs=0.035 bodyReadMs=30.382 hashMs=0.159 requestToDeliveryMs=543.784 upstreamHeadersMs=138.796 sanitizeMs=402.894 downstreamWriteMs=0.542
09-08 08:02:34.657 24100  5484 I ChromePhotosDataPlane: origin=real hostClass=network hostHash=191347bfe55d0ca9 method=POST clientProtocol=http/1.1 upstreamProtocol=h2 status=204 contentType=text/html bytesOut=0 transfer=fixed upstreamHeadersMs=131.644 downstreamWriteMs=0.655
09-08 08:02:34.684 24100  5631 I ChromePhotosDataPlane: phase=worker_ready correlationId=c34 admissionWaitMs=22.656
09-08 08:02:34.692 24100  5604 I ChromePhotosDataPlane: phase=tls_certificate correlationId=c33 tlsCacheHit=false tlsCacheWaitMs=0.018 tlsCreationMs=41.986
09-08 08:02:34.692 24100  5603 I ChromePhotosDataPlane: phase=tls_certificate correlationId=c32 tlsCacheHit=true tlsCacheWaitMs=13.047 tlsCreationMs=0.000
09-08 08:02:34.692 24100  5604 I ChromePhotosDataPlane: phase=tls_material correlationId=c33 tlsMaterialMs=42.518
09-08 08:02:34.692 24100  5603 I ChromePhotosDataPlane: phase=tls_material correlationId=c32 tlsMaterialMs=36.432
09-08 08:02:34.700 24100  5604 I ChromePhotosDataPlane: phase=tls_ready correlationId=c33 hostClass=network hostHash=3eac1e980287c7ce clientProtocol=http/1.1 ca=e781cfa6b123a902
09-08 08:02:34.702 24100  5603 I ChromePhotosDataPlane: phase=tls_ready correlationId=c32 hostClass=network hostHash=3eac1e980287c7ce clientProtocol=http/1.1 ca=e781cfa6b123a902
09-08 08:02:34.736 24100  5386 I ChromePhotosDataPlane: origin=real hostClass=network hostHash=191347bfe55d0ca9 method=GET clientProtocol=http/1.1 upstreamProtocol=h2 status=200 contentType=text/css bytesOut=5220 transfer=fixed upstreamHeadersMs=57.786 downstreamWriteMs=1.597
09-08 08:02:34.769 24100  5329 I ChromePhotosDataPlane: origin=real hostClass=network hostHash=191347bfe55d0ca9 method=GET clientProtocol=http/1.1 upstreamProtocol=h2 status=200 contentType=text/javascript bytesOut=27358 transfer=fixed upstreamHeadersMs=75.306 downstreamWriteMs=12.525
09-08 08:02:34.786 24100  5386 I ChromePhotosDataPlane: phase=media_shield_ready origin=same_origin result=200 bytesOut=18234
09-08 08:02:34.794 24100  5631 I ChromePhotosDataPlane: phase=tls_certificate correlationId=c34 tlsCacheHit=false tlsCacheWaitMs=0.024 tlsCreationMs=54.312
09-08 08:02:34.794 24100  5631 I ChromePhotosDataPlane: phase=tls_material correlationId=c34 tlsMaterialMs=54.820
09-08 08:02:34.802 24100  5631 I ChromePhotosDataPlane: phase=tls_ready correlationId=c34 hostClass=network hostHash=8e08d6d89d17a981 clientProtocol=http/1.1 ca=e781cfa6b123a902
09-08 08:02:34.816 24100  5460 I ChromePhotosDataPlane: origin=real hostClass=network hostHash=86c190c2d7dd6548 method=GET clientProtocol=http/1.1 upstreamProtocol=h2 status=200 contentType=image/webp bytesIn=16822 bytesOut=16822 cache=miss decision=safe reason=model_allow source=engine probability=0.07619065 basis=None decodeMs=6.501 inferenceMs=158.939 inferenceQueueMs=198.053 localDecisionMs=364.442  bodyAdmissionMs=0.020 bodyReadMs=71.014 hashMs=0.507 requestToDeliveryMs=706.224 upstreamHeadersMs=238.193 sanitizeMs=462.063 downstreamWriteMs=1.263
09-08 08:02:34.866 24100  5656 I ChromePhotosDataPlane: phase=worker_ready correlationId=c35 admissionWaitMs=7.054
09-08 08:02:34.880 24100  5656 I ChromePhotosDataPlane: phase=tls_certificate correlationId=c35 tlsCacheHit=true tlsCacheWaitMs=0.025 tlsCreationMs=0.000
09-08 08:02:34.880 24100  5656 I ChromePhotosDataPlane: phase=tls_material correlationId=c35 tlsMaterialMs=0.638
09-08 08:02:34.882 24100  5657 I ChromePhotosDataPlane: phase=worker_ready correlationId=c36 admissionWaitMs=9.069
09-08 08:02:34.903 24100  5656 I ChromePhotosDataPlane: phase=tls_ready correlationId=c35 hostClass=network hostHash=a07e840be85c9b23 clientProtocol=http/1.1 ca=e781cfa6b123a902
09-08 08:02:34.929 24100  5657 I ChromePhotosDataPlane: phase=tls_certificate correlationId=c36 tlsCacheHit=true tlsCacheWaitMs=0.016 tlsCreationMs=0.000
09-08 08:02:34.930 24100  5657 I ChromePhotosDataPlane: phase=tls_material correlationId=c36 tlsMaterialMs=39.542
09-08 08:02:34.939 24100  5657 I ChromePhotosDataPlane: phase=tls_ready correlationId=c36 hostClass=network hostHash=73a1220668a1b571 clientProtocol=http/1.1 ca=e781cfa6b123a902
09-08 08:02:34.968 24100  5455 I ChromePhotosDataPlane: origin=real hostClass=network hostHash=a07e840be85c9b23 method=GET clientProtocol=http/1.1 upstreamProtocol=h2 status=200 contentType=image/webp bytesIn=23140 bytesOut=23140 cache=miss decision=safe reason=model_allow source=engine probability=0.009956628 basis=None decodeMs=8.972 inferenceMs=142.644 inferenceQueueMs=158.617 localDecisionMs=310.919  bodyAdmissionMs=271.665 bodyReadMs=0.237 hashMs=0.176 requestToDeliveryMs=796.972 upstreamHeadersMs=202.608 sanitizeMs=590.000 downstreamWriteMs=1.693
09-08 08:02:35.011 24100  5666 I ChromePhotosDataPlane: phase=worker_ready correlationId=c37 admissionWaitMs=1.947
09-08 08:02:35.013 24100  5631 I ChromePhotosDataPlane: origin=real hostClass=network hostHash=8e08d6d89d17a981 method=POST clientProtocol=http/1.1 upstreamProtocol=h2 status=200 contentType=image/png bytesIn=0 bytesOut=704 cache=miss decision=unknown reason=encoded_image_unsupported source=error probability=-1.0 basis=none decodeMs=0.000 inferenceMs=0.000 inferenceQueueMs=0.000 localDecisionMs=0.000   requestToDeliveryMs=206.672 upstreamHeadersMs=201.952 sanitizeMs=0.323 downstreamWriteMs=1.746
09-08 08:02:35.027 24100  5666 I ChromePhotosDataPlane: phase=tls_certificate correlationId=c37 tlsCacheHit=true tlsCacheWaitMs=0.685 tlsCreationMs=0.000
09-08 08:02:35.027 24100  5666 I ChromePhotosDataPlane: phase=tls_material correlationId=c37 tlsMaterialMs=2.111
09-08 08:02:35.036 24100  5666 I ChromePhotosDataPlane: phase=tls_ready correlationId=c37 hostClass=network hostHash=8276259f415f9299 clientProtocol=http/1.1 ca=e781cfa6b123a902
09-08 08:02:35.107 24100  5467 I ChromePhotosDataPlane: origin=real hostClass=network hostHash=8276259f415f9299 method=GET clientProtocol=http/1.1 upstreamProtocol=h2 status=200 contentType=image/webp bytesIn=29362 bytesOut=29362 cache=miss decision=safe reason=model_allow source=engine probability=0.03888789 basis=None decodeMs=7.734 inferenceMs=132.540 inferenceQueueMs=136.556 localDecisionMs=277.552  bodyAdmissionMs=365.524 bodyReadMs=0.367 hashMs=0.437 requestToDeliveryMs=785.173 upstreamHeadersMs=124.399 sanitizeMs=658.156 downstreamWriteMs=0.610
09-08 08:02:35.128 24100  5386 I ChromePhotosDataPlane: origin=real hostClass=network hostHash=191347bfe55d0ca9 method=GET clientProtocol=http/1.1 upstreamProtocol=h2 status=200 contentType=application/octet-stream bytesOut=123028 transfer=chunked upstreamHeadersMs=81.360 downstreamWriteMs=38.382
09-08 08:02:35.261 24100  5465 I ChromePhotosDataPlane: origin=real hostClass=network hostHash=8276259f415f9299 method=GET clientProtocol=http/1.1 upstreamProtocol=h2 status=200 contentType=image/webp bytesIn=39114 bytesOut=39114 cache=miss decision=safe reason=model_allow source=engine probability=0.25462428 basis=None decodeMs=9.405 inferenceMs=134.998 inferenceQueueMs=96.866 localDecisionMs=252.279  bodyAdmissionMs=513.983 bodyReadMs=0.454 hashMs=0.599 requestToDeliveryMs=933.742 upstreamHeadersMs=122.712 sanitizeMs=800.390 downstreamWriteMs=6.623
09-08 08:02:35.361 24100  5631 I ChromePhotosDataPlane: origin=real hostClass=network hostHash=8e08d6d89d17a981 method=POST clientProtocol=http/1.1 upstreamProtocol=h2 status=200 contentType=image/png bytesIn=0 bytesOut=704 cache=miss decision=unknown reason=encoded_image_unsupported source=error probability=-1.0 basis=none decodeMs=0.000 inferenceMs=0.000 inferenceQueueMs=0.000 localDecisionMs=0.000   requestToDeliveryMs=67.206 upstreamHeadersMs=61.571 sanitizeMs=0.291 downstreamWriteMs=1.828
09-08 08:02:35.400 24100  5458 I ChromePhotosDataPlane: origin=real hostClass=network hostHash=a07e840be85c9b23 method=GET clientProtocol=http/1.1 upstreamProtocol=h2 status=200 contentType=image/webp bytesIn=16398 bytesOut=16398 cache=miss decision=safe reason=model_allow source=engine probability=0.019275308 basis=None decodeMs=6.720 inferenceMs=137.231 inferenceQueueMs=136.685 localDecisionMs=281.444  bodyAdmissionMs=633.884 bodyReadMs=1.723 hashMs=0.441 requestToDeliveryMs=1217.260 upstreamHeadersMs=288.565 sanitizeMs=923.167 downstreamWriteMs=1.501
09-08 08:02:35.441 24100  5696 I ChromePhotosDataPlane: phase=worker_ready correlationId=c38 admissionWaitMs=0.687
09-08 08:02:35.452 24100  5696 I ChromePhotosDataPlane: phase=tls_certificate correlationId=c38 tlsCacheHit=true tlsCacheWaitMs=0.027 tlsCreationMs=0.000
09-08 08:02:35.452 24100  5696 I ChromePhotosDataPlane: phase=tls_material correlationId=c38 tlsMaterialMs=0.711
09-08 08:02:35.468 24100  5696 I ChromePhotosDataPlane: phase=tls_ready correlationId=c38 hostClass=network hostHash=73a1220668a1b571 clientProtocol=http/1.1 ca=e781cfa6b123a902
09-08 08:02:35.476 24100  5700 I ChromePhotosDataPlane: phase=worker_ready correlationId=c39 admissionWaitMs=5.684
09-08 08:02:35.482 24100  5700 I ChromePhotosDataPlane: phase=tls_certificate correlationId=c39 tlsCacheHit=true tlsCacheWaitMs=0.013 tlsCreationMs=0.000
09-08 08:02:35.482 24100  5700 I ChromePhotosDataPlane: phase=tls_material correlationId=c39 tlsMaterialMs=0.296
09-08 08:02:35.490 24100  5700 I ChromePhotosDataPlane: phase=tls_ready correlationId=c39 hostClass=network hostHash=73a1220668a1b571 clientProtocol=http/1.1 ca=e781cfa6b123a902
09-08 08:02:35.531 24100  5386 I ChromePhotosDataPlane: origin=real hostClass=network hostHash=191347bfe55d0ca9 method=POST clientProtocol=http/1.1 upstreamProtocol=h2 status=204 contentType=text/html bytesOut=0 transfer=fixed upstreamHeadersMs=69.391 downstreamWriteMs=0.472
09-08 08:02:35.539 24100  5535 I ChromePhotosDataPlane: origin=real hostClass=network hostHash=a07e840be85c9b23 method=GET clientProtocol=http/1.1 upstreamProtocol=h2 status=200 contentType=image/webp bytesIn=43220 bytesOut=43220 cache=miss decision=safe reason=model_allow source=engine probability=0.031249672 basis=None decodeMs=8.981 inferenceMs=132.826 inferenceQueueMs=117.202 localDecisionMs=259.671  bodyAdmissionMs=779.104 bodyReadMs=0.576 hashMs=0.627 requestToDeliveryMs=1299.111 upstreamHeadersMs=233.767 sanitizeMs=1062.747 downstreamWriteMs=0.830
09-08 08:02:35.687 24100  5505 I ChromePhotosDataPlane: origin=real hostClass=network hostHash=73a1220668a1b571 method=GET clientProtocol=http/1.1 upstreamProtocol=h2 status=200 contentType=image/png bytesIn=7389 bytesOut=704 cache=miss decision=block reason=model_filter source=engine probability=0.9777452 basis=FullStrong decodeMs=11.827 inferenceMs=133.126 inferenceQueueMs=140.615 localDecisionMs=286.163  bodyAdmissionMs=910.248 bodyReadMs=0.213 hashMs=0.484 requestToDeliveryMs=1434.890 upstreamHeadersMs=232.988 sanitizeMs=1197.640 downstreamWriteMs=1.041
09-08 08:02:35.836 24100  5473 I ChromePhotosDataPlane: origin=real hostClass=network hostHash=a07e840be85c9b23 method=GET clientProtocol=http/1.1 upstreamProtocol=h2 status=200 contentType=image/webp bytesIn=42884 bytesOut=42884 cache=miss decision=safe reason=model_allow source=engine probability=0.11805633 basis=None decodeMs=8.996 inferenceMs=135.546 inferenceQueueMs=124.601 localDecisionMs=269.790  bodyAdmissionMs=1039.594 bodyReadMs=0.547 hashMs=0.505 requestToDeliveryMs=1624.088 upstreamHeadersMs=285.205 sanitizeMs=1330.305 downstreamWriteMs=2.486
09-08 08:02:35.971 24100  5541 I ChromePhotosDataPlane: origin=real hostClass=network hostHash=73a1220668a1b571 method=GET clientProtocol=http/1.1 upstreamProtocol=h2 status=200 contentType=image/png bytesIn=30032 bytesOut=704 cache=miss decision=block reason=model_filter source=engine probability=0.98529774 basis=FullStrong decodeMs=4.640 inferenceMs=134.345 inferenceQueueMs=143.424 localDecisionMs=283.056  bodyAdmissionMs=1183.171 bodyReadMs=0.412 hashMs=0.547 requestToDeliveryMs=1641.966 upstreamHeadersMs=169.410 sanitizeMs=1467.851 downstreamWriteMs=2.051
09-08 08:02:36.109 24100  5453 I ChromePhotosDataPlane: origin=real hostClass=network hostHash=a07e840be85c9b23 method=GET clientProtocol=http/1.1 upstreamProtocol=h2 status=200 contentType=image/webp bytesIn=6816 bytesOut=6816 cache=miss decision=safe reason=model_allow source=engine probability=0.06250122 basis=None decodeMs=5.558 inferenceMs=133.016 inferenceQueueMs=135.070 localDecisionMs=274.233  bodyAdmissionMs=1307.682 bodyReadMs=0.214 hashMs=0.530 requestToDeliveryMs=1906.639 upstreamHeadersMs=316.862 sanitizeMs=1586.115 downstreamWriteMs=0.944
09-08 08:02:36.249 24100  5536 I ChromePhotosDataPlane: origin=real hostClass=network hostHash=8276259f415f9299 method=GET clientProtocol=http/1.1 upstreamProtocol=h2 status=200 contentType=image/webp bytesIn=10820 bytesOut=10820 cache=miss decision=safe reason=model_allow source=engine probability=0.028499633 basis=None decodeMs=6.081 inferenceMs=133.072 inferenceQueueMs=133.687 localDecisionMs=273.552  bodyAdmissionMs=1441.869 bodyReadMs=0.229 hashMs=0.542 requestToDeliveryMs=1921.732 upstreamHeadersMs=196.799 sanitizeMs=1720.562 downstreamWriteMs=1.005
09-08 08:02:36.368 24100  5631 I ChromePhotosDataPlane: origin=real hostClass=network hostHash=8e08d6d89d17a981 method=POST clientProtocol=http/1.1 upstreamProtocol=h2 status=200 contentType=image/png bytesIn=0 bytesOut=704 cache=miss decision=unknown reason=encoded_image_unsupported source=error probability=-1.0 basis=none decodeMs=0.000 inferenceMs=0.000 inferenceQueueMs=0.000 localDecisionMs=0.000   requestToDeliveryMs=59.485 upstreamHeadersMs=54.980 sanitizeMs=0.213 downstreamWriteMs=1.484
09-08 08:02:36.376 24100  5386 I ChromePhotosDataPlane: origin=real hostClass=network hostHash=191347bfe55d0ca9 method=GET clientProtocol=http/1.1 upstreamProtocol=h2 status=200 contentType=application/json bytesOut=17 transfer=chunked upstreamHeadersMs=73.445 downstreamWriteMs=3.335
09-08 08:02:36.386 24100  5603 I ChromePhotosDataPlane: origin=real hostClass=network hostHash=3eac1e980287c7ce method=GET clientProtocol=http/1.1 upstreamProtocol=h2 status=200 contentType=image/png bytesIn=37 bytesOut=704 cache=miss decision=unknown reason=unsupported_gif source=error probability=-1.0 basis=none decodeMs=0.000 inferenceMs=0.000 inferenceQueueMs=0.000 localDecisionMs=0.000  bodyAdmissionMs=1480.100 bodyReadMs=0.100 requestToDeliveryMs=1669.462 upstreamHeadersMs=187.056 sanitizeMs=1480.593 downstreamWriteMs=0.464
09-08 08:02:36.386 24100  5604 I ChromePhotosDataPlane: origin=real hostClass=network hostHash=3eac1e980287c7ce method=GET clientProtocol=http/1.1 upstreamProtocol=h2 status=200 contentType=image/png bytesIn=37 bytesOut=704 cache=miss decision=unknown reason=unsupported_gif source=error probability=-1.0 basis=none decodeMs=0.000 inferenceMs=0.000 inferenceQueueMs=0.000 localDecisionMs=0.000  bodyAdmissionMs=1471.355 bodyReadMs=0.131 requestToDeliveryMs=1681.015 upstreamHeadersMs=207.875 sanitizeMs=1471.742 downstreamWriteMs=0.261
09-08 08:02:36.387 24100  5542 I ChromePhotosDataPlane: origin=real hostClass=network hostHash=73a1220668a1b571 method=GET clientProtocol=http/1.1 upstreamProtocol=h2 status=200 contentType=image/webp bytesIn=22242 bytesOut=22242 cache=miss decision=safe reason=model_allow source=engine probability=0.09518984 basis=None decodeMs=6.954 inferenceMs=130.694 inferenceQueueMs=126.941 localDecisionMs=266.288  bodyAdmissionMs=1577.858 bodyReadMs=0.294 hashMs=0.832 requestToDeliveryMs=2072.455 upstreamHeadersMs=212.742 sanitizeMs=1855.616 downstreamWriteMs=0.929
09-08 08:02:36.819 24100  5454 I ChromePhotosDataPlane: origin=real hostClass=network hostHash=86c190c2d7dd6548 method=GET clientProtocol=http/1.1 upstreamProtocol=h2 status=200 contentType=image/png bytesIn=20894 bytesOut=704 cache=miss decision=block reason=model_filter source=engine probability=0.61197966 basis=UncertainRegional decodeMs=7.052 inferenceMs=393.358 inferenceQueueMs=123.229 localDecisionMs=554.789  bodyAdmissionMs=1474.865 bodyReadMs=0.297 hashMs=2.471 requestToDeliveryMs=2125.122 upstreamHeadersMs=77.378 sanitizeMs=2044.275 downstreamWriteMs=1.028
09-08 08:02:37.516 24100  5657 I ChromePhotosDataPlane: origin=real hostClass=network hostHash=73a1220668a1b571 method=GET clientProtocol=http/1.1 upstreamProtocol=h2 status=200 contentType=image/webp bytesIn=30180 bytesOut=30180 cache=miss decision=safe reason=model_allow source=engine probability=0.3629666 basis=None decodeMs=8.019 inferenceMs=685.505 inferenceQueueMs=423.365 localDecisionMs=1123.078  bodyAdmissionMs=1420.584 bodyReadMs=0.348 hashMs=0.178 requestToDeliveryMs=2574.516 upstreamHeadersMs=21.847 sanitizeMs=2550.190 downstreamWriteMs=0.813
09-08 08:02:37.672 24100  5656 I ChromePhotosDataPlane: origin=real hostClass=network hostHash=a07e840be85c9b23 method=GET clientProtocol=http/1.1 upstreamProtocol=h2 status=200 contentType=image/webp bytesIn=23194 bytesOut=23194 cache=miss decision=safe reason=model_allow source=engine probability=0.04749605 basis=None decodeMs=7.210 inferenceMs=137.194 inferenceQueueMs=675.928 localDecisionMs=820.887  bodyAdmissionMs=1818.233 bodyReadMs=0.504 hashMs=0.882 requestToDeliveryMs=2762.635 upstreamHeadersMs=86.162 sanitizeMs=2662.202 downstreamWriteMs=8.057
09-08 08:02:38.356 24100  5666 I ChromePhotosDataPlane: origin=real hostClass=network hostHash=8276259f415f9299 method=GET clientProtocol=http/1.1 upstreamProtocol=h2 status=200 contentType=image/webp bytesIn=5544 bytesOut=5544 cache=miss decision=safe reason=model_allow source=engine probability=0.39567742 basis=None decodeMs=5.551 inferenceMs=674.538 inferenceQueueMs=139.986 localDecisionMs=824.606  bodyAdmissionMs=2407.217 bodyReadMs=0.244 hashMs=0.946 requestToDeliveryMs=3318.470 upstreamHeadersMs=69.155 sanitizeMs=3236.364 downstreamWriteMs=3.689
09-08 08:02:38.624 24100  5455 I ChromePhotosDataPlane: origin=real hostClass=network hostHash=a07e840be85c9b23 method=GET clientProtocol=http/1.1 upstreamProtocol=h2 status=200 contentType=image/png bytesIn=27672 bytesOut=704 cache=miss decision=block reason=model_filter source=engine probability=0.5040765 basis=UncertainRegional decodeMs=7.511 inferenceMs=266.929 inferenceQueueMs=656.052 localDecisionMs=935.344  bodyAdmissionMs=2458.316 bodyReadMs=0.437 hashMs=0.726 requestToDeliveryMs=3472.192 upstreamHeadersMs=49.543 sanitizeMs=3420.453 downstreamWriteMs=0.477
09-08 08:02:38.761 24100  5460 I ChromePhotosDataPlane: origin=real hostClass=network hostHash=86c190c2d7dd6548 method=GET clientProtocol=http/1.1 upstreamProtocol=h2 status=200 contentType=image/webp bytesIn=19816 bytesOut=19816 cache=miss decision=safe reason=model_allow source=engine probability=0.042573214 basis=None decodeMs=6.834 inferenceMs=128.910 inferenceQueueMs=258.474 localDecisionMs=395.139  bodyAdmissionMs=3046.432 bodyReadMs=0.632 hashMs=0.740 requestToDeliveryMs=3497.107 upstreamHeadersMs=32.811 sanitizeMs=3461.101 downstreamWriteMs=0.760
09-08 08:02:38.903 24100  5696 I ChromePhotosDataPlane: origin=real hostClass=network hostHash=73a1220668a1b571 method=GET clientProtocol=http/1.1 upstreamProtocol=h2 status=200 contentType=image/png bytesIn=41831 bytesOut=704 cache=miss decision=block reason=model_filter source=engine probability=0.70220387 basis=FullThreshold decodeMs=3.919 inferenceMs=134.850 inferenceQueueMs=132.978 localDecisionMs=272.488  bodyAdmissionMs=3123.603 bodyReadMs=1.058 hashMs=1.015 requestToDeliveryMs=3428.679 upstreamHeadersMs=24.854 sanitizeMs=3398.846 downstreamWriteMs=1.417
09-08 08:02:39.037 24100  5700 I ChromePhotosDataPlane: origin=real hostClass=network hostHash=73a1220668a1b571 method=GET clientProtocol=http/1.1 upstreamProtocol=h2 status=200 contentType=image/png bytesIn=5545 bytesOut=704 cache=miss decision=block reason=model_filter source=engine probability=0.9786568 basis=FullStrong decodeMs=2.564 inferenceMs=130.825 inferenceQueueMs=134.959 localDecisionMs=269.055  bodyAdmissionMs=3228.689 bodyReadMs=0.976 hashMs=2.246 requestToDeliveryMs=3544.698 upstreamHeadersMs=38.327 sanitizeMs=3501.707 downstreamWriteMs=1.632
09-08 08:02:39.174 24100  5458 I ChromePhotosDataPlane: origin=real hostClass=network hostHash=a07e840be85c9b23 method=GET clientProtocol=http/1.1 upstreamProtocol=h2 status=200 contentType=image/webp bytesIn=32852 bytesOut=32852 cache=miss decision=safe reason=model_allow source=engine probability=0.0011321008 basis=None decodeMs=7.894 inferenceMs=129.525 inferenceQueueMs=96.126 localDecisionMs=234.217  bodyAdmissionMs=3363.153 bodyReadMs=1.133 hashMs=0.552 requestToDeliveryMs=3727.472 upstreamHeadersMs=87.215 sanitizeMs=3634.730 downstreamWriteMs=1.343
09-08 08:02:39.305 24100  5386 I ChromePhotosDataPlane: origin=real hostClass=network hostHash=191347bfe55d0ca9 method=POST clientProtocol=http/1.1 upstreamProtocol=h2 status=204 contentType=text/html bytesOut=0 transfer=fixed upstreamHeadersMs=73.441 downstreamWriteMs=1.032
09-08 08:02:49.322 24100 24100 I ChromePhotosDataPlane: phase=status statusSequence=4 lifecycle=PresentationReady active=true ready=true connections=39 requests=62 safe=17 blocked=7 unknown=7 passthrough=25 cacheHits=0 cacheMisses=24 failures=0 clientDisconnects=0 bytesIn=2339708 bytesOut=2332383 streamed=24 proxyQueueRejects=0 proxyActivePeak=34 proxyP50Ms=318.578 proxyP95Ms=3472.300 proxyP99Ms=3545.130 upstreamSockets=20 protectSuccess=20 protectFailure=0 web11a=not_run web11b=not_run modelLoadMs=626.663 engineCalls=24 dedupeHits=0 decisionCacheConfig=64 decisionConcurrencyConfig=1 decisionQueueConfig=2 decisionTimeoutMs=5000 engineCallsPerRequest=1.0 inferencePeak=1 inFlightPeak=2 queuePeak=1 queueRejects=0 timeouts=0 inferenceP50Ms=134.998437 inferenceP95Ms=674.538387 inferenceP99Ms=685.504637 decisionP50Ms=283.055729 decisionP95Ms=878.02703 decisionP99Ms=935.343958 cacheHitP50Ms=0.0 cacheHitP95Ms=0.0 cacheEntries=24 cacheEvictions=0 preprocessP50Ms=7.052187 preprocessP95Ms=11.827344 preprocessP99Ms=34.359843 preparedCount1=19 preparedCount4=1 preparedCount5=4 preparedCountOther=0 decisionBasis=FullStrong:3,FullThreshold:2,None:17,UncertainRegional:2 imageCandidates=31 imagePrefixPeeks=2 imageMagicCandidates=0 imageBodyAdmissionPeak=2 imageBodyAdmissionRejects=0 networkVisualCandidates=31 networkVisualReplaced=0 networkVisualRawDelivered=0 networkVisualSafeRawDelivered=17 networkVisualBlockedReplaced=7 networkVisualUnknownReplaced=0 networkVisualUnsupportedReplaced=7 networkVisualRawBlockedDelivered=0 networkVisualRawUnknownDelivered=0 networkVisualCacheHit=0 networkVisualInference=24 mediaDocumentsTransformed=1 mediaDocumentsFailClosed=1 documentTransformOutstanding=0 readyTokensOutstanding=1 uiSvgRegistered=1 uiSvgRegistryBytes=217 uiSvgCssRewritten=0 uiSvgCssRejected=0 uiSvgNetworkAccepted=0 uiSvgNetworkRejected=0 uiSvgAssetServed=0 uiSvgAssetRejected=0 h18=REPORT=not_run,EVENT_SEQUENCE=0,COMPAT_DOCS=0,STRICT_DOCS=0,STYLE_REQ=0,SCRIPT_REQ=0,DATA_REQ=0,NETWORK_REQ=0,REPORTS=0,LAST_DOC=none,NETWORK_SHA=ee17e3f62edde61823ce35732ea168f4f5986bff347ccfac063eca7f4009ee1b,AUDIT_SHA=74d4467bbf6833db4eeab998495b7dfc50db3b1f04f407704b839ad3f4b25582 h19=REPORT=not_run,DOCUMENTS=0,FRAMES=0,SCRIPTS=0,FIRST_ORIGINAL_SCRIPTS=0,STYLES=0,WORKERS=0,SERVICE_WORKERS=0,FRAME_REPORTS=0,FRAME_REPORT_REJECTS=0,FRAME_REPORT=not_run,FRAME_REPORT_SHA=not_run,FRAME_CHALLENGE_SHA=not_run,FRAME_GENERATION=0,FRAME_ACCEPTED_CHALLENGE_SHA=not_run,FRAME_REPORT_BINDING_SHA=not_run,SAME_URL_BODIES=0,REPORTS=0,SW_BOUNDARY={INSTALL_DOCS=0,WORKER_SCRIPTS=0,WORKER_PROBE_SCRIPTS=0,PROBE_DOCS=0,CLEANUP_DOCS=0,REPORTS_ACCEPTED=0,REPORTS_REJECTED=0,CONTROLLER_PRESENT=0,CONTROLLER_MISSING=0,NAV_FETCHES=0,SELF_READY_FETCHES=0,SELF_READY_PASS_THROUGH=0,SELF_READY_SYNTHETIC=0,NAV_SYNTHETIC=0,RESET_BASELINE_CLEAN=0,RESET_BASELINE_DIRTY=0,REGISTER_BLOCKED=0,REGISTER_SUCCEEDED=0,WORKER_REGISTER_BLOCKED=0,WORKER_REGISTER_SUCCEEDED=0,WORKER_REGISTER_UNSUPPORTED=0,WORKER_REGISTER_ERROR=0,LAST_CASE=none,LAST_EVENT=none,LAST_VALUE=none},UI_SVG={not_run} quicAttempts=0 directTcpAttempts=0 bootstrapResetGeneration=2 bootstrapCompleteGeneration=2 bootstrapResetCount=3 chromeSuspended=false guardSession=540 guardHeartbeatSequence=187 audit17State=0 audit17Navigation=0 audit17Events=32 audit17Dropped=0
09-08 08:02:49.323 24100 24100 I ChromeMediaShieldStatus: v=1 seq=4 kind=network mode=selective candidates=31 replaced=0 rawDelivered=0 safeRaw=17 blockedReplaced=7 unknownReplaced=0 unsupportedReplaced=7 rawBlocked=0 rawUnknown=0 cacheHit=0 decisionEngine=24 engineCalls=24
09-08 08:02:49.323 24100 24100 I ChromeMediaShieldStatus: v=1 seq=4 kind=document transformed=1 failClosed=1 outstanding=0 issued=1 claims=1 documentSequence=1 navigationSequence=1 readyRequests=3 readyPreflights=0 readyAccepted=1 readyRejected=0 parserBarrierRequests=0 parserBarrierReady=0 parserBarrierFailClosed=0 selfShield=true selfReadyRequests=1 selfReadyAccepted=1 selfReadyRejected=0 selfReadyRejectReason=none selfShieldReleaseCompleted=1 selfShieldParserContinued=1 selfShieldOriginalScriptStarted=0 selfShieldTraceRejected=0 selfShieldTraceOutstanding=0 bootstrapDiagnosticAccepted=0 bootstrapDiagnosticRejected=0 bootstrapDiagnosticRejectReason=none bootstrapDiagnosticStage=none bootstrapDiagnosticReason=none bootstrapDiagnosticOutstanding=0
09-08 08:02:49.323 24100 24100 I ChromeMediaShieldStatus: v=1 seq=4 kind=renderer reports=0 rejected=0 globalCallbacks=0 globalRecords=0 childRecords=0 attributeRecords=0 maxRecords=0 scanCalls=0 scanRoot=0 scanNodes=0 maxScanNodes=0 scanMicros=0 maxScanMicros=0 observerChildScans=0 observerAttributeScans=0 guardedScans=0 markupScans=0 shadowScans=0 initialScans=0 otherScans=0 sanitizeElement=0 sanitizeContainer=0 img=0 source=0 svg=0 iframe=0 canvas=0 video=0 safeIcon=0 lockIcon=0 geometryWrites=0 svgRecords=0 shadowRoots=0 shadowObservers=0 shadowCallbacks=0 shadowRecords=0 shadowScanCalls=0 ensureStyle=0 ensureCurtain=0 internalMutations=0
09-08 08:02:49.323 24100 24100 I ChromeMediaShieldStatus: v=1 seq=4 kind=rendererApis callScan=createElement=0/0 createElementNS=0/0 appendChild=0/0 insertBefore=0/0 replaceChild=0/0 append=0/0 prepend=0/0 replaceChildren=0/0 before=0/0 after=0/0 replaceWith=0/0 adjacentElement=0/0 moveBefore=0/0 rangeInsert=0/0 rangeSurround=0/0 adoptNode=0/0 cloneNode=0/0 importNode=0/0 safeMarkup=0/0 innerHTML=0/0 outerHTML=0/0 insertAdjacentHTML=0/0 setHTML=0/0 shadowInnerHTML=0/0 execCommandInsertHTML=0/0 mappedTextContent=0/0
09-08 08:02:49.324 24100 24100 I ChromeMediaShieldStatus: v=1 seq=4 kind=rendererFamilies roots=element/fragment/text/other factory:calls=0,scans=0,direct=0,roots=0/0/0/0,nodes=0,micros=0,maxMicros=0 domGuard:calls=0,scans=0,direct=0,roots=0/0/0/0,nodes=0,micros=0,maxMicros=0 markup:calls=0,scans=0,direct=0,roots=0/0/0/0,nodes=0,micros=0,maxMicros=0
09-08 08:02:49.324 24100 24100 I ChromeMediaShieldStatus: v=1 seq=4 kind=uiSvg registered=1 registryBytes=217 cssRewritten=0 cssRejected=0 networkAccepted=0 networkRejected=0 assetServed=0 assetRejected=0
09-08 08:02:49.324 24100 24100 I ChromeMediaShieldStatus: v=1 seq=4 kind=health failures=0 clientDisconnects=0 proxyQueueRejects=0 protectFailure=0 quicAttempts=0 directTcpAttempts=0 active=true ready=true
09-08 08:02:49.324 24100 24100 I ChromeMediaShieldStatus: v=1 seq=4 kind=fixture report=REPORT=not_run,DOCUMENTS=0,FRAMES=0,SCRIPTS=0,FIRST_ORIGINAL_SCRIPTS=0,STYLES=0,WORKERS=0,SERVICE_WORKERS=0,FRAME_REPORTS=0,FRAME_REPORT_REJECTS=0,FRAME_REPORT=not_run,FRAME_REPORT_SHA=not_run,FRAME_CHALLENGE_SHA=not_run,FRAME_GENERATION=0,FRAME_ACCEPTED_CHALLENGE_SHA=not_run,FRAME_REPORT_BINDING_SHA=not_run,SAME_URL_BODIES=0,REPORTS=0,SW_BOUNDARY={INSTALL_DOCS=0,WORKER_SCRIPTS=0,WORKER_PROBE_SCRIPTS=0,PROBE_DOCS=0,CLEANUP_DOCS=0,REPORTS_ACCEPTED=0,REPORTS_REJECTED=0,CONTROLLER_PRESENT=0,CONTROLLER_MISSING=0,NAV_FETCHES=0,SELF_READY_FETCHES=0,SELF_READY_PASS_THROUGH=0,SELF_READY_SYNTHETIC=0,NAV_SYNTHETIC=0,RESET_BASELINE_CLEAN=0,RESET_BASELINE_DIRTY=0,REGISTER_BLOCKED=0,REGISTER_SUCCEEDED=0,WORKER_REGISTER_BLOCKED=0,WORKER_REGISTER_SUCCEEDED=0,WORKER_REGISTER_UNSUPPORTED=0,WORKER_REGISTER_ERROR=0,LAST_CASE=none,LAST_EVENT=none,LAST_VALUE=none},UI_SVG={not_run}
09-08 08:03:49.221 24100 24100 I ChromePhotosDataPlane: phase=status statusSequence=5 lifecycle=PresentationReady active=true ready=true connections=39 requests=62 safe=17 blocked=7 unknown=7 passthrough=25 cacheHits=0 cacheMisses=24 failures=0 clientDisconnects=0 bytesIn=2339708 bytesOut=2332383 streamed=24 proxyQueueRejects=0 proxyActivePeak=34 proxyP50Ms=318.578 proxyP95Ms=3472.300 proxyP99Ms=3545.130 upstreamSockets=20 protectSuccess=20 protectFailure=0 web11a=not_run web11b=not_run modelLoadMs=626.663 engineCalls=24 dedupeHits=0 decisionCacheConfig=64 decisionConcurrencyConfig=1 decisionQueueConfig=2 decisionTimeoutMs=5000 engineCallsPerRequest=1.0 inferencePeak=1 inFlightPeak=2 queuePeak=1 queueRejects=0 timeouts=0 inferenceP50Ms=134.998437 inferenceP95Ms=674.538387 inferenceP99Ms=685.504637 decisionP50Ms=283.055729 decisionP95Ms=878.02703 decisionP99Ms=935.343958 cacheHitP50Ms=0.0 cacheHitP95Ms=0.0 cacheEntries=24 cacheEvictions=0 preprocessP50Ms=7.052187 preprocessP95Ms=11.827344 preprocessP99Ms=34.359843 preparedCount1=19 preparedCount4=1 preparedCount5=4 preparedCountOther=0 decisionBasis=FullStrong:3,FullThreshold:2,None:17,UncertainRegional:2 imageCandidates=31 imagePrefixPeeks=2 imageMagicCandidates=0 imageBodyAdmissionPeak=2 imageBodyAdmissionRejects=0 networkVisualCandidates=31 networkVisualReplaced=0 networkVisualRawDelivered=0 networkVisualSafeRawDelivered=17 networkVisualBlockedReplaced=7 networkVisualUnknownReplaced=0 networkVisualUnsupportedReplaced=7 networkVisualRawBlockedDelivered=0 networkVisualRawUnknownDelivered=0 networkVisualCacheHit=0 networkVisualInference=24 mediaDocumentsTransformed=1 mediaDocumentsFailClosed=1 documentTransformOutstanding=0 readyTokensOutstanding=1 uiSvgRegistered=1 uiSvgRegistryBytes=217 uiSvgCssRewritten=0 uiSvgCssRejected=0 uiSvgNetworkAccepted=0 uiSvgNetworkRejected=0 uiSvgAssetServed=0 uiSvgAssetRejected=0 h18=REPORT=not_run,EVENT_SEQUENCE=0,COMPAT_DOCS=0,STRICT_DOCS=0,STYLE_REQ=0,SCRIPT_REQ=0,DATA_REQ=0,NETWORK_REQ=0,REPORTS=0,LAST_DOC=none,NETWORK_SHA=ee17e3f62edde61823ce35732ea168f4f5986bff347ccfac063eca7f4009ee1b,AUDIT_SHA=74d4467bbf6833db4eeab998495b7dfc50db3b1f04f407704b839ad3f4b25582 h19=REPORT=not_run,DOCUMENTS=0,FRAMES=0,SCRIPTS=0,FIRST_ORIGINAL_SCRIPTS=0,STYLES=0,WORKERS=0,SERVICE_WORKERS=0,FRAME_REPORTS=0,FRAME_REPORT_REJECTS=0,FRAME_REPORT=not_run,FRAME_REPORT_SHA=not_run,FRAME_CHALLENGE_SHA=not_run,FRAME_GENERATION=0,FRAME_ACCEPTED_CHALLENGE_SHA=not_run,FRAME_REPORT_BINDING_SHA=not_run,SAME_URL_BODIES=0,REPORTS=0,SW_BOUNDARY={INSTALL_DOCS=0,WORKER_SCRIPTS=0,WORKER_PROBE_SCRIPTS=0,PROBE_DOCS=0,CLEANUP_DOCS=0,REPORTS_ACCEPTED=0,REPORTS_REJECTED=0,CONTROLLER_PRESENT=0,CONTROLLER_MISSING=0,NAV_FETCHES=0,SELF_READY_FETCHES=0,SELF_READY_PASS_THROUGH=0,SELF_READY_SYNTHETIC=0,NAV_SYNTHETIC=0,RESET_BASELINE_CLEAN=0,RESET_BASELINE_DIRTY=0,REGISTER_BLOCKED=0,REGISTER_SUCCEEDED=0,WORKER_REGISTER_BLOCKED=0,WORKER_REGISTER_SUCCEEDED=0,WORKER_REGISTER_UNSUPPORTED=0,WORKER_REGISTER_ERROR=0,LAST_CASE=none,LAST_EVENT=none,LAST_VALUE=none},UI_SVG={not_run} quicAttempts=0 directTcpAttempts=0 bootstrapResetGeneration=2 bootstrapCompleteGeneration=2 bootstrapResetCount=3 chromeSuspended=false guardSession=540 guardHeartbeatSequence=295 audit17State=0 audit17Navigation=0 audit17Events=32 audit17Dropped=0
09-08 08:03:49.221 24100 24100 I ChromeMediaShieldStatus: v=1 seq=5 kind=network mode=selective candidates=31 replaced=0 rawDelivered=0 safeRaw=17 blockedReplaced=7 unknownReplaced=0 unsupportedReplaced=7 rawBlocked=0 rawUnknown=0 cacheHit=0 decisionEngine=24 engineCalls=24
09-08 08:03:49.221 24100 24100 I ChromeMediaShieldStatus: v=1 seq=5 kind=document transformed=1 failClosed=1 outstanding=0 issued=1 claims=1 documentSequence=1 navigationSequence=1 readyRequests=3 readyPreflights=0 readyAccepted=1 readyRejected=0 parserBarrierRequests=0 parserBarrierReady=0 parserBarrierFailClosed=0 selfShield=true selfReadyRequests=1 selfReadyAccepted=1 selfReadyRejected=0 selfReadyRejectReason=none selfShieldReleaseCompleted=1 selfShieldParserContinued=1 selfShieldOriginalScriptStarted=0 selfShieldTraceRejected=0 selfShieldTraceOutstanding=0 bootstrapDiagnosticAccepted=0 bootstrapDiagnosticRejected=0 bootstrapDiagnosticRejectReason=none bootstrapDiagnosticStage=none bootstrapDiagnosticReason=none bootstrapDiagnosticOutstanding=0
09-08 08:03:49.221 24100 24100 I ChromeMediaShieldStatus: v=1 seq=5 kind=renderer reports=0 rejected=0 globalCallbacks=0 globalRecords=0 childRecords=0 attributeRecords=0 maxRecords=0 scanCalls=0 scanRoot=0 scanNodes=0 maxScanNodes=0 scanMicros=0 maxScanMicros=0 observerChildScans=0 observerAttributeScans=0 guardedScans=0 markupScans=0 shadowScans=0 initialScans=0 otherScans=0 sanitizeElement=0 sanitizeContainer=0 img=0 source=0 svg=0 iframe=0 canvas=0 video=0 safeIcon=0 lockIcon=0 geometryWrites=0 svgRecords=0 shadowRoots=0 shadowObservers=0 shadowCallbacks=0 shadowRecords=0 shadowScanCalls=0 ensureStyle=0 ensureCurtain=0 internalMutations=0
09-08 08:03:49.221 24100 24100 I ChromeMediaShieldStatus: v=1 seq=5 kind=rendererApis callScan=createElement=0/0 createElementNS=0/0 appendChild=0/0 insertBefore=0/0 replaceChild=0/0 append=0/0 prepend=0/0 replaceChildren=0/0 before=0/0 after=0/0 replaceWith=0/0 adjacentElement=0/0 moveBefore=0/0 rangeInsert=0/0 rangeSurround=0/0 adoptNode=0/0 cloneNode=0/0 importNode=0/0 safeMarkup=0/0 innerHTML=0/0 outerHTML=0/0 insertAdjacentHTML=0/0 setHTML=0/0 shadowInnerHTML=0/0 execCommandInsertHTML=0/0 mappedTextContent=0/0
09-08 08:03:49.221 24100 24100 I ChromeMediaShieldStatus: v=1 seq=5 kind=rendererFamilies roots=element/fragment/text/other factory:calls=0,scans=0,direct=0,roots=0/0/0/0,nodes=0,micros=0,maxMicros=0 domGuard:calls=0,scans=0,direct=0,roots=0/0/0/0,nodes=0,micros=0,maxMicros=0 markup:calls=0,scans=0,direct=0,roots=0/0/0/0,nodes=0,micros=0,maxMicros=0
09-08 08:03:49.221 24100 24100 I ChromeMediaShieldStatus: v=1 seq=5 kind=uiSvg registered=1 registryBytes=217 cssRewritten=0 cssRejected=0 networkAccepted=0 networkRejected=0 assetServed=0 assetRejected=0
09-08 08:03:49.221 24100 24100 I ChromeMediaShieldStatus: v=1 seq=5 kind=health failures=0 clientDisconnects=0 proxyQueueRejects=0 protectFailure=0 quicAttempts=0 directTcpAttempts=0 active=true ready=true
09-08 08:03:49.222 24100 24100 I ChromeMediaShieldStatus: v=1 seq=5 kind=fixture report=REPORT=not_run,DOCUMENTS=0,FRAMES=0,SCRIPTS=0,FIRST_ORIGINAL_SCRIPTS=0,STYLES=0,WORKERS=0,SERVICE_WORKERS=0,FRAME_REPORTS=0,FRAME_REPORT_REJECTS=0,FRAME_REPORT=not_run,FRAME_REPORT_SHA=not_run,FRAME_CHALLENGE_SHA=not_run,FRAME_GENERATION=0,FRAME_ACCEPTED_CHALLENGE_SHA=not_run,FRAME_REPORT_BINDING_SHA=not_run,SAME_URL_BODIES=0,REPORTS=0,SW_BOUNDARY={INSTALL_DOCS=0,WORKER_SCRIPTS=0,WORKER_PROBE_SCRIPTS=0,PROBE_DOCS=0,CLEANUP_DOCS=0,REPORTS_ACCEPTED=0,REPORTS_REJECTED=0,CONTROLLER_PRESENT=0,CONTROLLER_MISSING=0,NAV_FETCHES=0,SELF_READY_FETCHES=0,SELF_READY_PASS_THROUGH=0,SELF_READY_SYNTHETIC=0,NAV_SYNTHETIC=0,RESET_BASELINE_CLEAN=0,RESET_BASELINE_DIRTY=0,REGISTER_BLOCKED=0,REGISTER_SUCCEEDED=0,WORKER_REGISTER_BLOCKED=0,WORKER_REGISTER_SUCCEEDED=0,WORKER_REGISTER_UNSUPPORTED=0,WORKER_REGISTER_ERROR=0,LAST_CASE=none,LAST_EVENT=none,LAST_VALUE=none},UI_SVG={not_run}
09-08 08:04:48.982 24100 24100 I ChromePhotosDataPlane: phase=status statusSequence=6 lifecycle=PresentationReady active=true ready=true connections=39 requests=62 safe=17 blocked=7 unknown=7 passthrough=25 cacheHits=0 cacheMisses=24 failures=0 clientDisconnects=0 bytesIn=2339708 bytesOut=2332383 streamed=24 proxyQueueRejects=0 proxyActivePeak=34 proxyP50Ms=318.578 proxyP95Ms=3472.300 proxyP99Ms=3545.130 upstreamSockets=20 protectSuccess=20 protectFailure=0 web11a=not_run web11b=not_run modelLoadMs=626.663 engineCalls=24 dedupeHits=0 decisionCacheConfig=64 decisionConcurrencyConfig=1 decisionQueueConfig=2 decisionTimeoutMs=5000 engineCallsPerRequest=1.0 inferencePeak=1 inFlightPeak=2 queuePeak=1 queueRejects=0 timeouts=0 inferenceP50Ms=134.998437 inferenceP95Ms=674.538387 inferenceP99Ms=685.504637 decisionP50Ms=283.055729 decisionP95Ms=878.02703 decisionP99Ms=935.343958 cacheHitP50Ms=0.0 cacheHitP95Ms=0.0 cacheEntries=24 cacheEvictions=0 preprocessP50Ms=7.052187 preprocessP95Ms=11.827344 preprocessP99Ms=34.359843 preparedCount1=19 preparedCount4=1 preparedCount5=4 preparedCountOther=0 decisionBasis=FullStrong:3,FullThreshold:2,None:17,UncertainRegional:2 imageCandidates=31 imagePrefixPeeks=2 imageMagicCandidates=0 imageBodyAdmissionPeak=2 imageBodyAdmissionRejects=0 networkVisualCandidates=31 networkVisualReplaced=0 networkVisualRawDelivered=0 networkVisualSafeRawDelivered=17 networkVisualBlockedReplaced=7 networkVisualUnknownReplaced=0 networkVisualUnsupportedReplaced=7 networkVisualRawBlockedDelivered=0 networkVisualRawUnknownDelivered=0 networkVisualCacheHit=0 networkVisualInference=24 mediaDocumentsTransformed=1 mediaDocumentsFailClosed=1 documentTransformOutstanding=0 readyTokensOutstanding=1 uiSvgRegistered=1 uiSvgRegistryBytes=217 uiSvgCssRewritten=0 uiSvgCssRejected=0 uiSvgNetworkAccepted=0 uiSvgNetworkRejected=0 uiSvgAssetServed=0 uiSvgAssetRejected=0 h18=REPORT=not_run,EVENT_SEQUENCE=0,COMPAT_DOCS=0,STRICT_DOCS=0,STYLE_REQ=0,SCRIPT_REQ=0,DATA_REQ=0,NETWORK_REQ=0,REPORTS=0,LAST_DOC=none,NETWORK_SHA=ee17e3f62edde61823ce35732ea168f4f5986bff347ccfac063eca7f4009ee1b,AUDIT_SHA=74d4467bbf6833db4eeab998495b7dfc50db3b1f04f407704b839ad3f4b25582 h19=REPORT=not_run,DOCUMENTS=0,FRAMES=0,SCRIPTS=0,FIRST_ORIGINAL_SCRIPTS=0,STYLES=0,WORKERS=0,SERVICE_WORKERS=0,FRAME_REPORTS=0,FRAME_REPORT_REJECTS=0,FRAME_REPORT=not_run,FRAME_REPORT_SHA=not_run,FRAME_CHALLENGE_SHA=not_run,FRAME_GENERATION=0,FRAME_ACCEPTED_CHALLENGE_SHA=not_run,FRAME_REPORT_BINDING_SHA=not_run,SAME_URL_BODIES=0,REPORTS=0,SW_BOUNDARY={INSTALL_DOCS=0,WORKER_SCRIPTS=0,WORKER_PROBE_SCRIPTS=0,PROBE_DOCS=0,CLEANUP_DOCS=0,REPORTS_ACCEPTED=0,REPORTS_REJECTED=0,CONTROLLER_PRESENT=0,CONTROLLER_MISSING=0,NAV_FETCHES=0,SELF_READY_FETCHES=0,SELF_READY_PASS_THROUGH=0,SELF_READY_SYNTHETIC=0,NAV_SYNTHETIC=0,RESET_BASELINE_CLEAN=0,RESET_BASELINE_DIRTY=0,REGISTER_BLOCKED=0,REGISTER_SUCCEEDED=0,WORKER_REGISTER_BLOCKED=0,WORKER_REGISTER_SUCCEEDED=0,WORKER_REGISTER_UNSUPPORTED=0,WORKER_REGISTER_ERROR=0,LAST_CASE=none,LAST_EVENT=none,LAST_VALUE=none},UI_SVG={not_run} quicAttempts=0 directTcpAttempts=0 bootstrapResetGeneration=2 bootstrapCompleteGeneration=2 bootstrapResetCount=3 chromeSuspended=false guardSession=540 guardHeartbeatSequence=403 audit17State=0 audit17Navigation=0 audit17Events=32 audit17Dropped=0
09-08 08:04:48.982 24100 24100 I ChromeMediaShieldStatus: v=1 seq=6 kind=network mode=selective candidates=31 replaced=0 rawDelivered=0 safeRaw=17 blockedReplaced=7 unknownReplaced=0 unsupportedReplaced=7 rawBlocked=0 rawUnknown=0 cacheHit=0 decisionEngine=24 engineCalls=24
09-08 08:04:48.982 24100 24100 I ChromeMediaShieldStatus: v=1 seq=6 kind=document transformed=1 failClosed=1 outstanding=0 issued=1 claims=1 documentSequence=1 navigationSequence=1 readyRequests=3 readyPreflights=0 readyAccepted=1 readyRejected=0 parserBarrierRequests=0 parserBarrierReady=0 parserBarrierFailClosed=0 selfShield=true selfReadyRequests=1 selfReadyAccepted=1 selfReadyRejected=0 selfReadyRejectReason=none selfShieldReleaseCompleted=1 selfShieldParserContinued=1 selfShieldOriginalScriptStarted=0 selfShieldTraceRejected=0 selfShieldTraceOutstanding=0 bootstrapDiagnosticAccepted=0 bootstrapDiagnosticRejected=0 bootstrapDiagnosticRejectReason=none bootstrapDiagnosticStage=none bootstrapDiagnosticReason=none bootstrapDiagnosticOutstanding=0
09-08 08:04:48.982 24100 24100 I ChromeMediaShieldStatus: v=1 seq=6 kind=renderer reports=0 rejected=0 globalCallbacks=0 globalRecords=0 childRecords=0 attributeRecords=0 maxRecords=0 scanCalls=0 scanRoot=0 scanNodes=0 maxScanNodes=0 scanMicros=0 maxScanMicros=0 observerChildScans=0 observerAttributeScans=0 guardedScans=0 markupScans=0 shadowScans=0 initialScans=0 otherScans=0 sanitizeElement=0 sanitizeContainer=0 img=0 source=0 svg=0 iframe=0 canvas=0 video=0 safeIcon=0 lockIcon=0 geometryWrites=0 svgRecords=0 shadowRoots=0 shadowObservers=0 shadowCallbacks=0 shadowRecords=0 shadowScanCalls=0 ensureStyle=0 ensureCurtain=0 internalMutations=0
09-08 08:04:48.983 24100 24100 I ChromeMediaShieldStatus: v=1 seq=6 kind=rendererApis callScan=createElement=0/0 createElementNS=0/0 appendChild=0/0 insertBefore=0/0 replaceChild=0/0 append=0/0 prepend=0/0 replaceChildren=0/0 before=0/0 after=0/0 replaceWith=0/0 adjacentElement=0/0 moveBefore=0/0 rangeInsert=0/0 rangeSurround=0/0 adoptNode=0/0 cloneNode=0/0 importNode=0/0 safeMarkup=0/0 innerHTML=0/0 outerHTML=0/0 insertAdjacentHTML=0/0 setHTML=0/0 shadowInnerHTML=0/0 execCommandInsertHTML=0/0 mappedTextContent=0/0
09-08 08:04:48.983 24100 24100 I ChromeMediaShieldStatus: v=1 seq=6 kind=rendererFamilies roots=element/fragment/text/other factory:calls=0,scans=0,direct=0,roots=0/0/0/0,nodes=0,micros=0,maxMicros=0 domGuard:calls=0,scans=0,direct=0,roots=0/0/0/0,nodes=0,micros=0,maxMicros=0 markup:calls=0,scans=0,direct=0,roots=0/0/0/0,nodes=0,micros=0,maxMicros=0
09-08 08:04:48.983 24100 24100 I ChromeMediaShieldStatus: v=1 seq=6 kind=uiSvg registered=1 registryBytes=217 cssRewritten=0 cssRejected=0 networkAccepted=0 networkRejected=0 assetServed=0 assetRejected=0
09-08 08:04:48.983 24100 24100 I ChromeMediaShieldStatus: v=1 seq=6 kind=health failures=0 clientDisconnects=0 proxyQueueRejects=0 protectFailure=0 quicAttempts=0 directTcpAttempts=0 active=true ready=true
09-08 08:04:48.983 24100 24100 I ChromeMediaShieldStatus: v=1 seq=6 kind=fixture report=REPORT=not_run,DOCUMENTS=0,FRAMES=0,SCRIPTS=0,FIRST_ORIGINAL_SCRIPTS=0,STYLES=0,WORKERS=0,SERVICE_WORKERS=0,FRAME_REPORTS=0,FRAME_REPORT_REJECTS=0,FRAME_REPORT=not_run,FRAME_REPORT_SHA=not_run,FRAME_CHALLENGE_SHA=not_run,FRAME_GENERATION=0,FRAME_ACCEPTED_CHALLENGE_SHA=not_run,FRAME_REPORT_BINDING_SHA=not_run,SAME_URL_BODIES=0,REPORTS=0,SW_BOUNDARY={INSTALL_DOCS=0,WORKER_SCRIPTS=0,WORKER_PROBE_SCRIPTS=0,PROBE_DOCS=0,CLEANUP_DOCS=0,REPORTS_ACCEPTED=0,REPORTS_REJECTED=0,CONTROLLER_PRESENT=0,CONTROLLER_MISSING=0,NAV_FETCHES=0,SELF_READY_FETCHES=0,SELF_READY_PASS_THROUGH=0,SELF_READY_SYNTHETIC=0,NAV_SYNTHETIC=0,RESET_BASELINE_CLEAN=0,RESET_BASELINE_DIRTY=0,REGISTER_BLOCKED=0,REGISTER_SUCCEEDED=0,WORKER_REGISTER_BLOCKED=0,WORKER_REGISTER_SUCCEEDED=0,WORKER_REGISTER_UNSUPPORTED=0,WORKER_REGISTER_ERROR=0,LAST_CASE=none,LAST_EVENT=none,LAST_VALUE=none},UI_SVG={not_run}
09-08 08:05:49.257 24100 24100 I ChromePhotosDataPlane: phase=status statusSequence=7 lifecycle=PresentationReady active=true ready=true connections=39 requests=62 safe=17 blocked=7 unknown=7 passthrough=25 cacheHits=0 cacheMisses=24 failures=0 clientDisconnects=0 bytesIn=2339708 bytesOut=2332383 streamed=24 proxyQueueRejects=0 proxyActivePeak=34 proxyP50Ms=318.578 proxyP95Ms=3472.300 proxyP99Ms=3545.130 upstreamSockets=20 protectSuccess=20 protectFailure=0 web11a=not_run web11b=not_run modelLoadMs=626.663 engineCalls=24 dedupeHits=0 decisionCacheConfig=64 decisionConcurrencyConfig=1 decisionQueueConfig=2 decisionTimeoutMs=5000 engineCallsPerRequest=1.0 inferencePeak=1 inFlightPeak=2 queuePeak=1 queueRejects=0 timeouts=0 inferenceP50Ms=134.998437 inferenceP95Ms=674.538387 inferenceP99Ms=685.504637 decisionP50Ms=283.055729 decisionP95Ms=878.02703 decisionP99Ms=935.343958 cacheHitP50Ms=0.0 cacheHitP95Ms=0.0 cacheEntries=24 cacheEvictions=0 preprocessP50Ms=7.052187 preprocessP95Ms=11.827344 preprocessP99Ms=34.359843 preparedCount1=19 preparedCount4=1 preparedCount5=4 preparedCountOther=0 decisionBasis=FullStrong:3,FullThreshold:2,None:17,UncertainRegional:2 imageCandidates=31 imagePrefixPeeks=2 imageMagicCandidates=0 imageBodyAdmissionPeak=2 imageBodyAdmissionRejects=0 networkVisualCandidates=31 networkVisualReplaced=0 networkVisualRawDelivered=0 networkVisualSafeRawDelivered=17 networkVisualBlockedReplaced=7 networkVisualUnknownReplaced=0 networkVisualUnsupportedReplaced=7 networkVisualRawBlockedDelivered=0 networkVisualRawUnknownDelivered=0 networkVisualCacheHit=0 networkVisualInference=24 mediaDocumentsTransformed=1 mediaDocumentsFailClosed=1 documentTransformOutstanding=0 readyTokensOutstanding=1 uiSvgRegistered=1 uiSvgRegistryBytes=217 uiSvgCssRewritten=0 uiSvgCssRejected=0 uiSvgNetworkAccepted=0 uiSvgNetworkRejected=0 uiSvgAssetServed=0 uiSvgAssetRejected=0 h18=REPORT=not_run,EVENT_SEQUENCE=0,COMPAT_DOCS=0,STRICT_DOCS=0,STYLE_REQ=0,SCRIPT_REQ=0,DATA_REQ=0,NETWORK_REQ=0,REPORTS=0,LAST_DOC=none,NETWORK_SHA=ee17e3f62edde61823ce35732ea168f4f5986bff347ccfac063eca7f4009ee1b,AUDIT_SHA=74d4467bbf6833db4eeab998495b7dfc50db3b1f04f407704b839ad3f4b25582 h19=REPORT=not_run,DOCUMENTS=0,FRAMES=0,SCRIPTS=0,FIRST_ORIGINAL_SCRIPTS=0,STYLES=0,WORKERS=0,SERVICE_WORKERS=0,FRAME_REPORTS=0,FRAME_REPORT_REJECTS=0,FRAME_REPORT=not_run,FRAME_REPORT_SHA=not_run,FRAME_CHALLENGE_SHA=not_run,FRAME_GENERATION=0,FRAME_ACCEPTED_CHALLENGE_SHA=not_run,FRAME_REPORT_BINDING_SHA=not_run,SAME_URL_BODIES=0,REPORTS=0,SW_BOUNDARY={INSTALL_DOCS=0,WORKER_SCRIPTS=0,WORKER_PROBE_SCRIPTS=0,PROBE_DOCS=0,CLEANUP_DOCS=0,REPORTS_ACCEPTED=0,REPORTS_REJECTED=0,CONTROLLER_PRESENT=0,CONTROLLER_MISSING=0,NAV_FETCHES=0,SELF_READY_FETCHES=0,SELF_READY_PASS_THROUGH=0,SELF_READY_SYNTHETIC=0,NAV_SYNTHETIC=0,RESET_BASELINE_CLEAN=0,RESET_BASELINE_DIRTY=0,REGISTER_BLOCKED=0,REGISTER_SUCCEEDED=0,WORKER_REGISTER_BLOCKED=0,WORKER_REGISTER_SUCCEEDED=0,WORKER_REGISTER_UNSUPPORTED=0,WORKER_REGISTER_ERROR=0,LAST_CASE=none,LAST_EVENT=none,LAST_VALUE=none},UI_SVG={not_run} quicAttempts=0 directTcpAttempts=0 bootstrapResetGeneration=2 bootstrapCompleteGeneration=2 bootstrapResetCount=3 chromeSuspended=false guardSession=540 guardHeartbeatSequence=510 audit17State=0 audit17Navigation=0 audit17Events=32 audit17Dropped=0
09-08 08:05:49.257 24100 24100 I ChromeMediaShieldStatus: v=1 seq=7 kind=network mode=selective candidates=31 replaced=0 rawDelivered=0 safeRaw=17 blockedReplaced=7 unknownReplaced=0 unsupportedReplaced=7 rawBlocked=0 rawUnknown=0 cacheHit=0 decisionEngine=24 engineCalls=24
09-08 08:05:49.258 24100 24100 I ChromeMediaShieldStatus: v=1 seq=7 kind=document transformed=1 failClosed=1 outstanding=0 issued=1 claims=1 documentSequence=1 navigationSequence=1 readyRequests=3 readyPreflights=0 readyAccepted=1 readyRejected=0 parserBarrierRequests=0 parserBarrierReady=0 parserBarrierFailClosed=0 selfShield=true selfReadyRequests=1 selfReadyAccepted=1 selfReadyRejected=0 selfReadyRejectReason=none selfShieldReleaseCompleted=1 selfShieldParserContinued=1 selfShieldOriginalScriptStarted=0 selfShieldTraceRejected=0 selfShieldTraceOutstanding=0 bootstrapDiagnosticAccepted=0 bootstrapDiagnosticRejected=0 bootstrapDiagnosticRejectReason=none bootstrapDiagnosticStage=none bootstrapDiagnosticReason=none bootstrapDiagnosticOutstanding=0
09-08 08:05:49.258 24100 24100 I ChromeMediaShieldStatus: v=1 seq=7 kind=renderer reports=0 rejected=0 globalCallbacks=0 globalRecords=0 childRecords=0 attributeRecords=0 maxRecords=0 scanCalls=0 scanRoot=0 scanNodes=0 maxScanNodes=0 scanMicros=0 maxScanMicros=0 observerChildScans=0 observerAttributeScans=0 guardedScans=0 markupScans=0 shadowScans=0 initialScans=0 otherScans=0 sanitizeElement=0 sanitizeContainer=0 img=0 source=0 svg=0 iframe=0 canvas=0 video=0 safeIcon=0 lockIcon=0 geometryWrites=0 svgRecords=0 shadowRoots=0 shadowObservers=0 shadowCallbacks=0 shadowRecords=0 shadowScanCalls=0 ensureStyle=0 ensureCurtain=0 internalMutations=0
09-08 08:05:49.258 24100 24100 I ChromeMediaShieldStatus: v=1 seq=7 kind=rendererApis callScan=createElement=0/0 createElementNS=0/0 appendChild=0/0 insertBefore=0/0 replaceChild=0/0 append=0/0 prepend=0/0 replaceChildren=0/0 before=0/0 after=0/0 replaceWith=0/0 adjacentElement=0/0 moveBefore=0/0 rangeInsert=0/0 rangeSurround=0/0 adoptNode=0/0 cloneNode=0/0 importNode=0/0 safeMarkup=0/0 innerHTML=0/0 outerHTML=0/0 insertAdjacentHTML=0/0 setHTML=0/0 shadowInnerHTML=0/0 execCommandInsertHTML=0/0 mappedTextContent=0/0
09-08 08:05:49.258 24100 24100 I ChromeMediaShieldStatus: v=1 seq=7 kind=rendererFamilies roots=element/fragment/text/other factory:calls=0,scans=0,direct=0,roots=0/0/0/0,nodes=0,micros=0,maxMicros=0 domGuard:calls=0,scans=0,direct=0,roots=0/0/0/0,nodes=0,micros=0,maxMicros=0 markup:calls=0,scans=0,direct=0,roots=0/0/0/0,nodes=0,micros=0,maxMicros=0
09-08 08:05:49.258 24100 24100 I ChromeMediaShieldStatus: v=1 seq=7 kind=uiSvg registered=1 registryBytes=217 cssRewritten=0 cssRejected=0 networkAccepted=0 networkRejected=0 assetServed=0 assetRejected=0
09-08 08:05:49.258 24100 24100 I ChromeMediaShieldStatus: v=1 seq=7 kind=health failures=0 clientDisconnects=0 proxyQueueRejects=0 protectFailure=0 quicAttempts=0 directTcpAttempts=0 active=true ready=true
09-08 08:05:49.258 24100 24100 I ChromeMediaShieldStatus: v=1 seq=7 kind=fixture report=REPORT=not_run,DOCUMENTS=0,FRAMES=0,SCRIPTS=0,FIRST_ORIGINAL_SCRIPTS=0,STYLES=0,WORKERS=0,SERVICE_WORKERS=0,FRAME_REPORTS=0,FRAME_REPORT_REJECTS=0,FRAME_REPORT=not_run,FRAME_REPORT_SHA=not_run,FRAME_CHALLENGE_SHA=not_run,FRAME_GENERATION=0,FRAME_ACCEPTED_CHALLENGE_SHA=not_run,FRAME_REPORT_BINDING_SHA=not_run,SAME_URL_BODIES=0,REPORTS=0,SW_BOUNDARY={INSTALL_DOCS=0,WORKER_SCRIPTS=0,WORKER_PROBE_SCRIPTS=0,PROBE_DOCS=0,CLEANUP_DOCS=0,REPORTS_ACCEPTED=0,REPORTS_REJECTED=0,CONTROLLER_PRESENT=0,CONTROLLER_MISSING=0,NAV_FETCHES=0,SELF_READY_FETCHES=0,SELF_READY_PASS_THROUGH=0,SELF_READY_SYNTHETIC=0,NAV_SYNTHETIC=0,RESET_BASELINE_CLEAN=0,RESET_BASELINE_DIRTY=0,REGISTER_BLOCKED=0,REGISTER_SUCCEEDED=0,WORKER_REGISTER_BLOCKED=0,WORKER_REGISTER_SUCCEEDED=0,WORKER_REGISTER_UNSUPPORTED=0,WORKER_REGISTER_ERROR=0,LAST_CASE=none,LAST_EVENT=none,LAST_VALUE=none},UI_SVG={not_run}
09-08 08:06:04.301 24100 12174 I ChromePhotosDataPlane: phase=worker_ready correlationId=c40 admissionWaitMs=0.424
09-08 08:06:04.340 24100 12174 I ChromePhotosDataPlane: phase=tls_certificate correlationId=c40 tlsCacheHit=false tlsCacheWaitMs=0.011 tlsCreationMs=34.744
09-08 08:06:04.340 24100 12174 I ChromePhotosDataPlane: phase=tls_material correlationId=c40 tlsMaterialMs=34.971
09-08 08:06:04.412 24100 12174 I ChromePhotosDataPlane: phase=tls_ready correlationId=c40 hostClass=fixture hostHash=1c728e158a8cddb0 clientProtocol=http/1.1 ca=e781cfa6b123a902
09-08 08:06:04.417 24100 12185 I ChromePhotosDataPlane: phase=worker_ready correlationId=c41 admissionWaitMs=8.980
09-08 08:06:04.426 24100 12185 I ChromePhotosDataPlane: phase=tls_certificate correlationId=c41 tlsCacheHit=true tlsCacheWaitMs=0.011 tlsCreationMs=0.000
09-08 08:06:04.426 24100 12185 I ChromePhotosDataPlane: phase=tls_material correlationId=c41 tlsMaterialMs=0.281
09-08 08:06:04.436 24100 12185 I ChromePhotosDataPlane: phase=tls_ready correlationId=c41 hostClass=fixture hostHash=1c728e158a8cddb0 clientProtocol=http/1.1 ca=e781cfa6b123a902
09-08 08:06:04.461 24100 12174 I ChromePhotosDataPlane: phase=media_shield_document origin=fixture resource=fixture-index result=transformed documentSequence=2 navigationSequence=2 token=dfb31dbb6142 bytesOut=120276
09-08 08:06:04.496 24100 12195 I ChromePhotosDataPlane: phase=worker_ready correlationId=c43 admissionWaitMs=0.389
09-08 08:06:04.496 24100 12194 I ChromePhotosDataPlane: phase=worker_ready correlationId=c42 admissionWaitMs=3.188
09-08 08:06:04.554 24100 12195 I ChromePhotosDataPlane: phase=tls_certificate correlationId=c43 tlsCacheHit=false tlsCacheWaitMs=0.013 tlsCreationMs=20.604
09-08 08:06:04.554 24100 12195 I ChromePhotosDataPlane: phase=tls_material correlationId=c43 tlsMaterialMs=20.962
09-08 08:06:04.560 24100 12195 I ChromePhotosDataPlane: phase=tls_ready correlationId=c43 hostClass=network hostHash=d4c9d9027326271a clientProtocol=http/1.1 ca=e781cfa6b123a902
09-08 08:06:04.575 24100 12194 I ChromePhotosDataPlane: phase=tls_certificate correlationId=c42 tlsCacheHit=false tlsCacheWaitMs=19.219 tlsCreationMs=21.158
09-08 08:06:04.575 24100 12194 I ChromePhotosDataPlane: phase=tls_material correlationId=c42 tlsMaterialMs=40.678
09-08 08:06:04.583 24100 12194 I ChromePhotosDataPlane: phase=tls_ready correlationId=c42 hostClass=network hostHash=816c1c4228e457b0 clientProtocol=http/1.1 ca=e781cfa6b123a902
09-08 08:06:04.586 24100 12214 I ChromePhotosDataPlane: phase=worker_ready correlationId=c44 admissionWaitMs=4.879
09-08 08:06:04.589 24100 12214 I ChromePhotosDataPlane: phase=tls_certificate correlationId=c44 tlsCacheHit=true tlsCacheWaitMs=0.009 tlsCreationMs=0.000
09-08 08:06:04.589 24100 12214 I ChromePhotosDataPlane: phase=tls_material correlationId=c44 tlsMaterialMs=0.204
09-08 08:06:04.594 24100 12214 I ChromePhotosDataPlane: phase=tls_ready correlationId=c44 hostClass=network hostHash=816c1c4228e457b0 clientProtocol=http/1.1 ca=e781cfa6b123a902
09-08 08:06:04.633 24100 12218 I ChromePhotosDataPlane: phase=worker_ready correlationId=c46 admissionWaitMs=0.458
09-08 08:06:04.634 24100 12217 I ChromePhotosDataPlane: phase=worker_ready correlationId=c45 admissionWaitMs=4.875
09-08 08:06:04.676 24100 12229 I ChromePhotosDataPlane: phase=worker_ready correlationId=c47 admissionWaitMs=4.444
09-08 08:06:04.690 24100 12174 I ChromePhotosDataPlane: phase=media_shield_ready result=204 bytesOut=0
09-08 08:06:04.695 24100 12218 I ChromePhotosDataPlane: phase=tls_certificate correlationId=c46 tlsCacheHit=false tlsCacheWaitMs=0.020 tlsCreationMs=25.882
09-08 08:06:04.695 24100 12218 I ChromePhotosDataPlane: phase=tls_material correlationId=c46 tlsMaterialMs=26.249
09-08 08:06:04.699 24100 12174 I ChromePhotosDataPlane: phase=media_shield_ready result=204 bytesOut=0
09-08 08:06:04.700 24100 12218 I ChromePhotosDataPlane: phase=tls_ready correlationId=c46 hostClass=network hostHash=80255870a6218fe0 clientProtocol=http/1.1 ca=e781cfa6b123a902
09-08 08:06:04.707 24100 12174 I ChromePhotosDataPlane: phase=media_shield_ready result=204 bytesOut=0
09-08 08:06:04.715 24100 12229 I ChromePhotosDataPlane: phase=tls_certificate correlationId=c47 tlsCacheHit=true tlsCacheWaitMs=0.015 tlsCreationMs=0.000
09-08 08:06:04.715 24100 12229 I ChromePhotosDataPlane: phase=tls_material correlationId=c47 tlsMaterialMs=0.292
09-08 08:06:04.717 24100 12241 I ChromePhotosDataPlane: phase=worker_ready correlationId=c48 admissionWaitMs=0.432
09-08 08:06:04.722 24100 12229 I ChromePhotosDataPlane: phase=tls_ready correlationId=c47 hostClass=network hostHash=191347bfe55d0ca9 clientProtocol=http/1.1 ca=e781cfa6b123a902
09-08 08:06:04.731 24100 12244 I ChromePhotosDataPlane: phase=worker_ready correlationId=c49 admissionWaitMs=3.885
09-08 08:06:04.735 24100 12245 I ChromePhotosDataPlane: phase=worker_ready correlationId=c50 admissionWaitMs=1.178
09-08 08:06:04.737 24100 12246 I ChromePhotosDataPlane: phase=worker_ready correlationId=c51 admissionWaitMs=0.464
09-08 08:06:04.742 24100 12266 I ChromePhotosDataPlane: phase=worker_ready correlationId=c52 admissionWaitMs=1.196
09-08 08:06:04.745 24100 12271 I ChromePhotosDataPlane: phase=worker_ready correlationId=c53 admissionWaitMs=0.697
09-08 08:06:04.749 24100 12281 I ChromePhotosDataPlane: phase=worker_ready correlationId=c54 admissionWaitMs=2.309
09-08 08:06:04.753 24100 12174 I ChromePhotosDataPlane: resource=fixture-lease-script origin=fixture_local destination=chrome protocol=http/1.1 method=GET status=200 bytesIn=285 bytesOut=285 decision=passthrough 
09-08 08:06:04.755 24100 12291 I ChromePhotosDataPlane: phase=worker_ready correlationId=c55 admissionWaitMs=1.094
09-08 08:06:04.757 24100 12292 I ChromePhotosDataPlane: phase=worker_ready correlationId=c56 admissionWaitMs=1.749
09-08 08:06:04.760 24100 12291 I ChromePhotosDataPlane: phase=tls_certificate correlationId=c55 tlsCacheHit=true tlsCacheWaitMs=0.009 tlsCreationMs=0.000
09-08 08:06:04.760 24100 12291 I ChromePhotosDataPlane: phase=tls_material correlationId=c55 tlsMaterialMs=0.234
09-08 08:06:04.774 24100 12297 I ChromePhotosDataPlane: phase=worker_ready correlationId=c57 admissionWaitMs=0.696
09-08 08:06:04.775 24100 12292 I ChromePhotosDataPlane: phase=tls_certificate correlationId=c56 tlsCacheHit=true tlsCacheWaitMs=0.015 tlsCreationMs=0.000
09-08 08:06:04.775 24100 12292 I ChromePhotosDataPlane: phase=tls_material correlationId=c56 tlsMaterialMs=9.368
09-08 08:06:04.777 24100 12291 I ChromePhotosDataPlane: phase=tls_ready correlationId=c55 hostClass=network hostHash=191347bfe55d0ca9 clientProtocol=http/1.1 ca=e781cfa6b123a902
09-08 08:06:04.788 24100 12292 I ChromePhotosDataPlane: phase=tls_ready correlationId=c56 hostClass=network hostHash=191347bfe55d0ca9 clientProtocol=http/1.1 ca=e781cfa6b123a902
09-08 08:06:04.803 24100 12245 I ChromePhotosDataPlane: phase=tls_certificate correlationId=c50 tlsCacheHit=false tlsCacheWaitMs=0.010 tlsCreationMs=36.573
09-08 08:06:04.803 24100 12245 I ChromePhotosDataPlane: phase=tls_material correlationId=c50 tlsMaterialMs=36.836
09-08 08:06:04.808 24100 12245 I ChromePhotosDataPlane: phase=tls_ready correlationId=c50 hostClass=network hostHash=3aeb002460381c6f clientProtocol=http/1.1 ca=e781cfa6b123a902
09-08 08:06:04.819 24100 12246 I ChromePhotosDataPlane: phase=tls_certificate correlationId=c51 tlsCacheHit=false tlsCacheWaitMs=18.559 tlsCreationMs=16.279
09-08 08:06:04.819 24100 12246 I ChromePhotosDataPlane: phase=tls_material correlationId=c51 tlsMaterialMs=35.189
09-08 08:06:04.820 24100 12195 I ChromePhotosDataPlane: origin=real hostClass=network hostHash=d4c9d9027326271a method=POST clientProtocol=http/1.1 upstreamProtocol=h2 status=200 contentType=application/javascript bytesOut=0 transfer=fixed upstreamHeadersMs=252.069 downstreamWriteMs=6.562
09-08 08:06:04.825 24100 12246 I ChromePhotosDataPlane: phase=tls_ready correlationId=c51 hostClass=network hostHash=1f6baa4a359d00da clientProtocol=http/1.1 ca=e781cfa6b123a902
09-08 08:06:04.830 24100 12229 I ChromePhotosDataPlane: origin=real hostClass=network hostHash=191347bfe55d0ca9 method=POST clientProtocol=http/1.1 upstreamProtocol=h2 status=204 contentType=text/html bytesOut=0 transfer=fixed upstreamHeadersMs=63.241 downstreamWriteMs=0.309
09-08 08:06:04.842 24100 12194 I ChromePhotosDataPlane: origin=real hostClass=network hostHash=816c1c4228e457b0 method=POST clientProtocol=http/1.1 upstreamProtocol=h2 status=200 contentType=application/javascript bytesOut=0 transfer=fixed upstreamHeadersMs=250.948 downstreamWriteMs=6.511
09-08 08:06:04.843 24100 12214 I ChromePhotosDataPlane: origin=real hostClass=network hostHash=816c1c4228e457b0 method=POST clientProtocol=http/1.1 upstreamProtocol=h2 status=200 contentType=application/javascript bytesOut=0 transfer=fixed upstreamHeadersMs=245.986 downstreamWriteMs=0.489
09-08 08:06:04.857 24100 12292 I ChromePhotosDataPlane: origin=real hostClass=network hostHash=191347bfe55d0ca9 method=POST clientProtocol=http/1.1 upstreamProtocol=h2 status=204 contentType=text/html bytesOut=0 transfer=fixed upstreamHeadersMs=61.571 downstreamWriteMs=0.357
09-08 08:06:04.860 24100 12266 I ChromePhotosDataPlane: phase=tls_certificate correlationId=c52 tlsCacheHit=false tlsCacheWaitMs=2.790 tlsCreationMs=40.570
09-08 08:06:04.860 24100 12281 I ChromePhotosDataPlane: phase=tls_certificate correlationId=c54 tlsCacheHit=true tlsCacheWaitMs=43.281 tlsCreationMs=0.000
09-08 08:06:04.860 24100 12266 I ChromePhotosDataPlane: phase=tls_material correlationId=c52 tlsMaterialMs=43.898
09-08 08:06:04.860 24100 12271 I ChromePhotosDataPlane: phase=tls_certificate correlationId=c53 tlsCacheHit=true tlsCacheWaitMs=42.396 tlsCreationMs=0.000
09-08 08:06:04.860 24100 12281 I ChromePhotosDataPlane: phase=tls_material correlationId=c54 tlsMaterialMs=43.732
09-08 08:06:04.860 24100 12297 I ChromePhotosDataPlane: phase=tls_certificate correlationId=c57 tlsCacheHit=true tlsCacheWaitMs=41.338 tlsCreationMs=0.000
09-08 08:06:04.860 24100 12271 I ChromePhotosDataPlane: phase=tls_material correlationId=c53 tlsMaterialMs=42.839
09-08 08:06:04.860 24100 12297 I ChromePhotosDataPlane: phase=tls_material correlationId=c57 tlsMaterialMs=41.611
09-08 08:06:04.867 24100 12291 I ChromePhotosDataPlane: origin=real hostClass=network hostHash=191347bfe55d0ca9 method=POST clientProtocol=http/1.1 upstreamProtocol=h2 status=204 contentType=text/html bytesOut=0 transfer=fixed upstreamHeadersMs=74.466 downstreamWriteMs=0.302
09-08 08:06:04.869 24100 12266 I ChromePhotosDataPlane: phase=tls_ready correlationId=c52 hostClass=network hostHash=466884c463494e8a clientProtocol=http/1.1 ca=e781cfa6b123a902
09-08 08:06:04.877 24100 12281 I ChromePhotosDataPlane: phase=tls_ready correlationId=c54 hostClass=network hostHash=466884c463494e8a clientProtocol=http/1.1 ca=e781cfa6b123a902
09-08 08:06:04.885 24100 12297 I ChromePhotosDataPlane: phase=tls_ready correlationId=c57 hostClass=network hostHash=466884c463494e8a clientProtocol=http/1.1 ca=e781cfa6b123a902
09-08 08:06:04.892 24100 12271 I ChromePhotosDataPlane: phase=tls_ready correlationId=c53 hostClass=network hostHash=466884c463494e8a clientProtocol=http/1.1 ca=e781cfa6b123a902
09-08 08:06:04.962 24100 12318 I ChromePhotosDataPlane: phase=worker_ready correlationId=c58 admissionWaitMs=59.567
09-08 08:06:04.975 24100 12318 I ChromePhotosDataPlane: phase=tls_certificate correlationId=c58 tlsCacheHit=true tlsCacheWaitMs=0.054 tlsCreationMs=0.000
09-08 08:06:04.976 24100 12318 I ChromePhotosDataPlane: phase=tls_material correlationId=c58 tlsMaterialMs=0.668
09-08 08:06:04.999 24100 12318 I ChromePhotosDataPlane: phase=tls_ready correlationId=c58 hostClass=fixture hostHash=1c728e158a8cddb0 clientProtocol=http/1.1 ca=e781cfa6b123a902
09-08 08:06:05.011 24100 12318 I ChromePhotosDataPlane: phase=presentation_ready fixture=visible heartbeat=fresh failSafe=armed
09-08 08:06:05.021 24100 12326 I ChromePhotosDataPlane: phase=worker_ready correlationId=c59 admissionWaitMs=0.647
09-08 08:06:05.028 24100 12244 I ChromePhotosDataPlane: phase=tls_certificate correlationId=c49 tlsCacheHit=false tlsCacheWaitMs=0.020 tlsCreationMs=36.037
09-08 08:06:05.029 24100 12244 I ChromePhotosDataPlane: phase=tls_material correlationId=c49 tlsMaterialMs=36.424
09-08 08:06:05.029 24100 12241 I ChromePhotosDataPlane: phase=tls_certificate correlationId=c48 tlsCacheHit=true tlsCacheWaitMs=35.016 tlsCreationMs=0.000
09-08 08:06:05.029 24100 12217 I ChromePhotosDataPlane: phase=tls_certificate correlationId=c45 tlsCacheHit=true tlsCacheWaitMs=35.148 tlsCreationMs=0.000
09-08 08:06:05.029 24100 12241 I ChromePhotosDataPlane: phase=tls_material correlationId=c48 tlsMaterialMs=35.322
09-08 08:06:05.029 24100 12217 I ChromePhotosDataPlane: phase=tls_material correlationId=c45 tlsMaterialMs=35.782
09-08 08:06:05.035 24100 12326 I ChromePhotosDataPlane: phase=tls_certificate correlationId=c59 tlsCacheHit=true tlsCacheWaitMs=0.011 tlsCreationMs=0.000
09-08 08:06:05.035 24100 12326 I ChromePhotosDataPlane: phase=tls_material correlationId=c59 tlsMaterialMs=0.235
09-08 08:06:05.048 24100 12244 I ChromePhotosDataPlane: phase=tls_ready correlationId=c49 hostClass=network hostHash=9b0ff8cd24a50ec9 clientProtocol=http/1.1 ca=e781cfa6b123a902
09-08 08:06:05.049 24100 12217 I ChromePhotosDataPlane: phase=tls_ready correlationId=c45 hostClass=network hostHash=9b0ff8cd24a50ec9 clientProtocol=http/1.1 ca=e781cfa6b123a902
09-08 08:06:05.049 24100 12327 I ChromePhotosDataPlane: phase=worker_ready correlationId=c60 admissionWaitMs=17.373
09-08 08:06:05.051 24100 12326 I ChromePhotosDataPlane: phase=tls_ready correlationId=c59 hostClass=network hostHash=466884c463494e8a clientProtocol=http/1.1 ca=e781cfa6b123a902
09-08 08:06:05.054 24100 12241 I ChromePhotosDataPlane: phase=tls_ready correlationId=c48 hostClass=network hostHash=9b0ff8cd24a50ec9 clientProtocol=http/1.1 ca=e781cfa6b123a902
09-08 08:06:05.057 24100 12327 I ChromePhotosDataPlane: phase=tls_certificate correlationId=c60 tlsCacheHit=true tlsCacheWaitMs=0.021 tlsCreationMs=0.000
09-08 08:06:05.057 24100 12327 I ChromePhotosDataPlane: phase=tls_material correlationId=c60 tlsMaterialMs=0.640
09-08 08:06:05.073 24100 12327 I ChromePhotosDataPlane: phase=tls_ready correlationId=c60 hostClass=network hostHash=466884c463494e8a clientProtocol=http/1.1 ca=e781cfa6b123a902
09-08 08:06:05.124 24100 12218 I ChromePhotosDataPlane: origin=real hostClass=network hostHash=80255870a6218fe0 method=GET clientProtocol=http/1.1 upstreamProtocol=h2 status=200 contentType=image/webp bytesIn=30320 bytesOut=30320 cache=miss decision=safe reason=model_allow source=engine probability=0.006820023 basis=None decodeMs=10.468 inferenceMs=252.310 inferenceQueueMs=1.568 localDecisionMs=265.091  bodyAdmissionMs=0.025 bodyReadMs=16.475 hashMs=0.437 requestToDeliveryMs=420.987 upstreamHeadersMs=124.821 sanitizeMs=291.991 downstreamWriteMs=1.366
09-08 08:06:05.373 24100 12245 I ChromePhotosDataPlane: origin=real hostClass=network hostHash=3aeb002460381c6f method=GET clientProtocol=http/1.1 upstreamProtocol=h2 status=302 contentType= bytesIn=0 bytesOut=0 cache=miss decision=passthrough   requestToDeliveryMs=562.718 upstreamHeadersMs=560.530 sanitizeMs=0.321 downstreamWriteMs=0.567
09-08 08:06:05.533 24100 12281 I ChromePhotosDataPlane: origin=real hostClass=network hostHash=466884c463494e8a method=GET clientProtocol=http/1.1 upstreamProtocol=h2 status=200 contentType=image/jpeg bytesIn=837774 bytesOut=837774 cache=miss decision=safe reason=model_allow source=engine probability=0.0482603 basis=None decodeMs=51.179 inferenceMs=146.495 inferenceQueueMs=0.122 localDecisionMs=200.062  bodyAdmissionMs=0.040 bodyReadMs=265.981 hashMs=4.161 requestToDeliveryMs=640.668 upstreamHeadersMs=129.627 sanitizeMs=471.173 downstreamWriteMs=15.893
09-08 08:06:05.875 24100 12297 I ChromePhotosDataPlane: origin=real hostClass=network hostHash=466884c463494e8a method=GET clientProtocol=http/1.1 upstreamProtocol=h2 status=200 contentType=image/png bytesIn=1452444 bytesOut=704 cache=miss decision=unknown reason=unsafe_dimensions source=engine probability=-1.0 basis=none decodeMs=0.449 inferenceMs=0.000 inferenceQueueMs=218.395 localDecisionMs=219.091  bodyAdmissionMs=369.535 bodyReadMs=133.566 hashMs=2.921 requestToDeliveryMs=987.354 upstreamHeadersMs=236.078 sanitizeMs=725.888 downstreamWriteMs=2.313
09-08 08:06:05.939 24100 12266 I ChromePhotosDataPlane: origin=real hostClass=network hostHash=466884c463494e8a method=GET clientProtocol=http/1.1 upstreamProtocol=h2 status=200 contentType=image/jpeg bytesIn=3403942 bytesOut=3403942 cache=miss decision=safe reason=model_allow source=engine probability=0.037037224 basis=None decodeMs=107.903 inferenceMs=129.198 inferenceQueueMs=0.318 localDecisionMs=240.938  bodyAdmissionMs=37.063 bodyReadMs=498.012 hashMs=9.035 requestToDeliveryMs=1060.105 upstreamHeadersMs=202.336 sanitizeMs=786.057 downstreamWriteMs=50.035
09-08 08:06:06.164 24100 12326 I ChromePhotosDataPlane: origin=real hostClass=network hostHash=466884c463494e8a method=GET clientProtocol=http/1.1 upstreamProtocol=h2 status=200 contentType=image/jpeg bytesIn=2965483 bytesOut=2965483 cache=miss decision=safe reason=model_allow source=engine probability=0.059427142 basis=None decodeMs=82.324 inferenceMs=143.202 inferenceQueueMs=0.195 localDecisionMs=228.897  bodyAdmissionMs=724.890 bodyReadMs=44.003 hashMs=2.725 requestToDeliveryMs=1111.922 upstreamHeadersMs=91.416 sanitizeMs=1000.905 downstreamWriteMs=14.348
09-08 08:06:06.378 24100 12271 I ChromePhotosDataPlane: origin=real hostClass=network hostHash=466884c463494e8a method=GET clientProtocol=http/1.1 upstreamProtocol=h2 status=200 contentType=image/jpeg bytesIn=2372694 bytesOut=2372694 cache=miss decision=safe reason=model_allow source=engine probability=0.05782932 basis=None decodeMs=76.162 inferenceMs=129.367 inferenceQueueMs=220.858 localDecisionMs=429.025  bodyAdmissionMs=724.769 bodyReadMs=52.903 hashMs=2.151 requestToDeliveryMs=1474.127 upstreamHeadersMs=231.096 sanitizeMs=1209.189 downstreamWriteMs=19.846
09-08 08:06:06.606 24100 12327 I ChromePhotosDataPlane: origin=real hostClass=network hostHash=466884c463494e8a method=GET clientProtocol=http/1.1 upstreamProtocol=h2 status=200 contentType=image/jpeg bytesIn=3808825 bytesOut=3808825 cache=miss decision=safe reason=model_allow source=engine probability=0.029154658 basis=None decodeMs=98.218 inferenceMs=128.446 inferenceQueueMs=168.260 localDecisionMs=398.631  bodyAdmissionMs=978.949 bodyReadMs=34.947 hashMs=3.732 requestToDeliveryMs=1531.599 upstreamHeadersMs=92.273 sanitizeMs=1416.657 downstreamWriteMs=17.801
09-08 08:06:07.125 24100 12246 I ChromePhotosDataPlane: origin=real hostClass=network hostHash=1f6baa4a359d00da method=GET clientProtocol=http/1.1 upstreamProtocol=h2 status=200 contentType=image/avif bytesIn=28133 bytesOut=28133 cache=miss decision=safe reason=model_allow source=engine probability=0.0050848126 basis=None decodeMs=389.564 inferenceMs=140.502 inferenceQueueMs=228.168 localDecisionMs=759.432  bodyAdmissionMs=1023.638 bodyReadMs=0.438 hashMs=0.405 requestToDeliveryMs=2298.234 upstreamHeadersMs=504.120 sanitizeMs=1784.816 downstreamWriteMs=3.966
09-08 08:06:07.136 24100 12349 I ChromePhotosDataPlane: phase=worker_ready correlationId=c61 admissionWaitMs=1.795
09-08 08:06:07.171 24100 12349 I ChromePhotosDataPlane: phase=tls_certificate correlationId=c61 tlsCacheHit=true tlsCacheWaitMs=0.027 tlsCreationMs=0.000
09-08 08:06:07.171 24100 12349 I ChromePhotosDataPlane: phase=tls_material correlationId=c61 tlsMaterialMs=0.790
09-08 08:06:07.182 24100 12349 I ChromePhotosDataPlane: phase=tls_ready correlationId=c61 hostClass=network hostHash=1f6baa4a359d00da clientProtocol=http/1.1 ca=e781cfa6b123a902
09-08 08:06:07.259 24100 12217 I ChromePhotosDataPlane: origin=real hostClass=network hostHash=9b0ff8cd24a50ec9 method=GET clientProtocol=http/1.1 upstreamProtocol=h2 status=200 contentType=image/webp bytesIn=10568 bytesOut=10568 cache=miss decision=safe reason=model_allow source=engine probability=0.032659233 basis=None decodeMs=4.155 inferenceMs=131.766 inferenceQueueMs=517.274 localDecisionMs=654.092  bodyAdmissionMs=637.327 bodyReadMs=0.402 hashMs=1.375 requestToDeliveryMs=2206.917 upstreamHeadersMs=893.361 sanitizeMs=1305.084 downstreamWriteMs=2.629
09-08 08:06:07.396 24100 12246 I ChromePhotosDataPlane: origin=real hostClass=network hostHash=1f6baa4a359d00da method=GET clientProtocol=http/1.1 upstreamProtocol=h2 status=200 contentType=image/avif bytesIn=28133 bytesOut=28133 cache=hit decision=safe reason=model_allow source=cache probability=0.0050848126 basis=None decodeMs=0.000 inferenceMs=0.000 inferenceQueueMs=0.000 localDecisionMs=0.146  bodyAdmissionMs=161.955 bodyReadMs=1.546 hashMs=1.433 requestToDeliveryMs=222.328 upstreamHeadersMs=46.286 sanitizeMs=168.904 downstreamWriteMs=1.570
09-08 08:06:07.397 24100 12244 I ChromePhotosDataPlane: origin=real hostClass=network hostHash=9b0ff8cd24a50ec9 method=GET clientProtocol=http/1.1 upstreamProtocol=h2 status=200 contentType=image/png bytesIn=8090 bytesOut=8090 cache=miss decision=safe reason=model_allow source=engine probability=0.018158317 basis=None decodeMs=2.764 inferenceMs=129.084 inferenceQueueMs=126.064 localDecisionMs=258.656  bodyAdmissionMs=1165.190 bodyReadMs=0.459 hashMs=1.481 requestToDeliveryMs=2347.540 upstreamHeadersMs=900.763 sanitizeMs=1433.283 downstreamWriteMs=9.242
09-08 08:06:07.530 24100 12241 I ChromePhotosDataPlane: origin=real hostClass=network hostHash=9b0ff8cd24a50ec9 method=GET clientProtocol=http/1.1 upstreamProtocol=h2 status=200 contentType=image/jpeg bytesIn=35588 bytesOut=35588 cache=miss decision=safe reason=model_allow source=engine probability=0.042280197 basis=None decodeMs=3.220 inferenceMs=131.949 inferenceQueueMs=128.412 localDecisionMs=264.501  bodyAdmissionMs=1148.572 bodyReadMs=1.199 hashMs=1.397 requestToDeliveryMs=2472.068 upstreamHeadersMs=1041.194 sanitizeMs=1416.330 downstreamWriteMs=2.936
09-08 08:06:49.036 24100 24100 I ChromePhotosDataPlane: phase=status statusSequence=8 lifecycle=PresentationReady active=true ready=true connections=61 requests=263 safe=28 blocked=7 unknown=8 passthrough=210 cacheHits=1 cacheMisses=35 failures=0 clientDisconnects=0 bytesIn=17328325 bytesOut=15983198 streamed=30 proxyQueueRejects=0 proxyActivePeak=34 proxyP50Ms=2.914 proxyP95Ms=2072.690 proxyP99Ms=3472.300 upstreamSockets=33 protectSuccess=33 protectFailure=0 web11a=not_run web11b=not_run modelLoadMs=626.663 engineCalls=35 dedupeHits=0 decisionCacheConfig=64 decisionConcurrencyConfig=1 decisionQueueConfig=2 decisionTimeoutMs=5000 engineCallsPerRequest=0.9722222222222222 inferencePeak=1 inFlightPeak=2 queuePeak=1 queueRejects=0 timeouts=0 inferenceP50Ms=134.850052 inferenceP95Ms=674.538387 inferenceP99Ms=685.504637 decisionP50Ms=277.552396 decisionP95Ms=878.02703 decisionP99Ms=935.343958 cacheHitP50Ms=0.145989 cacheHitP95Ms=0.145989 cacheEntries=35 cacheEvictions=0 preprocessP50Ms=7.510729 preprocessP95Ms=101.399115 preprocessP99Ms=107.903072 preparedCount1=29 preparedCount4=1 preparedCount5=4 preparedCountOther=1 decisionBasis=FullStrong:3,FullThreshold:2,None:27,Other:1,UncertainRegional:2 imageCandidates=43 imagePrefixPeeks=2 imageMagicCandidates=0 imageBodyAdmissionPeak=2 imageBodyAdmissionRejects=0 networkVisualCandidates=43 networkVisualReplaced=0 networkVisualRawDelivered=0 networkVisualSafeRawDelivered=28 networkVisualBlockedReplaced=7 networkVisualUnknownReplaced=0 networkVisualUnsupportedReplaced=8 networkVisualRawBlockedDelivered=0 networkVisualRawUnknownDelivered=0 networkVisualCacheHit=1 networkVisualInference=35 mediaDocumentsTransformed=2 mediaDocumentsFailClosed=1 documentTransformOutstanding=0 readyTokensOutstanding=2 uiSvgRegistered=1 uiSvgRegistryBytes=217 uiSvgCssRewritten=0 uiSvgCssRejected=0 uiSvgNetworkAccepted=0 uiSvgNetworkRejected=0 uiSvgAssetServed=0 uiSvgAssetRejected=0 h18=REPORT=not_run,EVENT_SEQUENCE=0,COMPAT_DOCS=0,STRICT_DOCS=0,STYLE_REQ=0,SCRIPT_REQ=0,DATA_REQ=0,NETWORK_REQ=0,REPORTS=0,LAST_DOC=none,NETWORK_SHA=ee17e3f62edde61823ce35732ea168f4f5986bff347ccfac063eca7f4009ee1b,AUDIT_SHA=74d4467bbf6833db4eeab998495b7dfc50db3b1f04f407704b839ad3f4b25582 h19=REPORT=not_run,DOCUMENTS=0,FRAMES=0,SCRIPTS=0,FIRST_ORIGINAL_SCRIPTS=0,STYLES=0,WORKERS=0,SERVICE_WORKERS=0,FRAME_REPORTS=0,FRAME_REPORT_REJECTS=0,FRAME_REPORT=not_run,FRAME_REPORT_SHA=not_run,FRAME_CHALLENGE_SHA=not_run,FRAME_GENERATION=0,FRAME_ACCEPTED_CHALLENGE_SHA=not_run,FRAME_REPORT_BINDING_SHA=not_run,SAME_URL_BODIES=0,REPORTS=0,SW_BOUNDARY={INSTALL_DOCS=0,WORKER_SCRIPTS=0,WORKER_PROBE_SCRIPTS=0,PROBE_DOCS=0,CLEANUP_DOCS=0,REPORTS_ACCEPTED=0,REPORTS_REJECTED=0,CONTROLLER_PRESENT=0,CONTROLLER_MISSING=0,NAV_FETCHES=0,SELF_READY_FETCHES=0,SELF_READY_PASS_THROUGH=0,SELF_READY_SYNTHETIC=0,NAV_SYNTHETIC=0,RESET_BASELINE_CLEAN=0,RESET_BASELINE_DIRTY=0,REGISTER_BLOCKED=0,REGISTER_SUCCEEDED=0,WORKER_REGISTER_BLOCKED=0,WORKER_REGISTER_SUCCEEDED=0,WORKER_REGISTER_UNSUPPORTED=0,WORKER_REGISTER_ERROR=0,LAST_CASE=none,LAST_EVENT=none,LAST_VALUE=none},UI_SVG={not_run} quicAttempts=0 directTcpAttempts=0 bootstrapResetGeneration=2 bootstrapCompleteGeneration=2 bootstrapResetCount=3 chromeSuspended=false guardSession=540 guardHeartbeatSequence=617 audit17State=0 audit17Navigation=0 audit17Events=45 audit17Dropped=0
09-08 08:06:49.036 24100 24100 I ChromeMediaShieldStatus: v=1 seq=8 kind=network mode=selective candidates=43 replaced=0 rawDelivered=0 safeRaw=28 blockedReplaced=7 unknownReplaced=0 unsupportedReplaced=8 rawBlocked=0 rawUnknown=0 cacheHit=1 decisionEngine=35 engineCalls=35
09-08 08:06:49.036 24100 24100 I ChromeMediaShieldStatus: v=1 seq=8 kind=document transformed=2 failClosed=1 outstanding=0 issued=2 claims=2 documentSequence=2 navigationSequence=2 readyRequests=6 readyPreflights=0 readyAccepted=2 readyRejected=0 parserBarrierRequests=0 parserBarrierReady=0 parserBarrierFailClosed=0 selfShield=true selfReadyRequests=2 selfReadyAccepted=2 selfReadyRejected=0 selfReadyRejectReason=none selfShieldReleaseCompleted=2 selfShieldParserContinued=2 selfShieldOriginalScriptStarted=0 selfShieldTraceRejected=0 selfShieldTraceOutstanding=1 bootstrapDiagnosticAccepted=0 bootstrapDiagnosticRejected=0 bootstrapDiagnosticRejectReason=none bootstrapDiagnosticStage=none bootstrapDiagnosticReason=none bootstrapDiagnosticOutstanding=0
09-08 08:06:49.036 24100 24100 I ChromeMediaShieldStatus: v=1 seq=8 kind=renderer reports=0 rejected=0 globalCallbacks=0 globalRecords=0 childRecords=0 attributeRecords=0 maxRecords=0 scanCalls=0 scanRoot=0 scanNodes=0 maxScanNodes=0 scanMicros=0 maxScanMicros=0 observerChildScans=0 observerAttributeScans=0 guardedScans=0 markupScans=0 shadowScans=0 initialScans=0 otherScans=0 sanitizeElement=0 sanitizeContainer=0 img=0 source=0 svg=0 iframe=0 canvas=0 video=0 safeIcon=0 lockIcon=0 geometryWrites=0 svgRecords=0 shadowRoots=0 shadowObservers=0 shadowCallbacks=0 shadowRecords=0 shadowScanCalls=0 ensureStyle=0 ensureCurtain=0 internalMutations=0
09-08 08:06:49.037 24100 24100 I ChromeMediaShieldStatus: v=1 seq=8 kind=rendererApis callScan=createElement=0/0 createElementNS=0/0 appendChild=0/0 insertBefore=0/0 replaceChild=0/0 append=0/0 prepend=0/0 replaceChildren=0/0 before=0/0 after=0/0 replaceWith=0/0 adjacentElement=0/0 moveBefore=0/0 rangeInsert=0/0 rangeSurround=0/0 adoptNode=0/0 cloneNode=0/0 importNode=0/0 safeMarkup=0/0 innerHTML=0/0 outerHTML=0/0 insertAdjacentHTML=0/0 setHTML=0/0 shadowInnerHTML=0/0 execCommandInsertHTML=0/0 mappedTextContent=0/0
09-08 08:06:49.037 24100 24100 I ChromeMediaShieldStatus: v=1 seq=8 kind=rendererFamilies roots=element/fragment/text/other factory:calls=0,scans=0,direct=0,roots=0/0/0/0,nodes=0,micros=0,maxMicros=0 domGuard:calls=0,scans=0,direct=0,roots=0/0/0/0,nodes=0,micros=0,maxMicros=0 markup:calls=0,scans=0,direct=0,roots=0/0/0/0,nodes=0,micros=0,maxMicros=0
09-08 08:06:49.037 24100 24100 I ChromeMediaShieldStatus: v=1 seq=8 kind=uiSvg registered=1 registryBytes=217 cssRewritten=0 cssRejected=0 networkAccepted=0 networkRejected=0 assetServed=0 assetRejected=0
09-08 08:06:49.037 24100 24100 I ChromeMediaShieldStatus: v=1 seq=8 kind=health failures=0 clientDisconnects=0 proxyQueueRejects=0 protectFailure=0 quicAttempts=0 directTcpAttempts=0 active=true ready=true
09-08 08:06:49.037 24100 24100 I ChromeMediaShieldStatus: v=1 seq=8 kind=fixture report=REPORT=not_run,DOCUMENTS=0,FRAMES=0,SCRIPTS=0,FIRST_ORIGINAL_SCRIPTS=0,STYLES=0,WORKERS=0,SERVICE_WORKERS=0,FRAME_REPORTS=0,FRAME_REPORT_REJECTS=0,FRAME_REPORT=not_run,FRAME_REPORT_SHA=not_run,FRAME_CHALLENGE_SHA=not_run,FRAME_GENERATION=0,FRAME_ACCEPTED_CHALLENGE_SHA=not_run,FRAME_REPORT_BINDING_SHA=not_run,SAME_URL_BODIES=0,REPORTS=0,SW_BOUNDARY={INSTALL_DOCS=0,WORKER_SCRIPTS=0,WORKER_PROBE_SCRIPTS=0,PROBE_DOCS=0,CLEANUP_DOCS=0,REPORTS_ACCEPTED=0,REPORTS_REJECTED=0,CONTROLLER_PRESENT=0,CONTROLLER_MISSING=0,NAV_FETCHES=0,SELF_READY_FETCHES=0,SELF_READY_PASS_THROUGH=0,SELF_READY_SYNTHETIC=0,NAV_SYNTHETIC=0,RESET_BASELINE_CLEAN=0,RESET_BASELINE_DIRTY=0,REGISTER_BLOCKED=0,REGISTER_SUCCEEDED=0,WORKER_REGISTER_BLOCKED=0,WORKER_REGISTER_SUCCEEDED=0,WORKER_REGISTER_UNSUPPORTED=0,WORKER_REGISTER_ERROR=0,LAST_CASE=none,LAST_EVENT=none,LAST_VALUE=none},UI_SVG={not_run}
09-08 08:07:04.921 24100 12383 I ChromePhotosDataPlane: phase=worker_ready correlationId=c62 admissionWaitMs=3.561
09-08 08:07:04.939 24100 12383 I ChromePhotosDataPlane: phase=tls_certificate correlationId=c62 tlsCacheHit=true tlsCacheWaitMs=0.033 tlsCreationMs=0.000
09-08 08:07:04.939 24100 12383 I ChromePhotosDataPlane: phase=tls_material correlationId=c62 tlsMaterialMs=0.533
09-08 08:07:04.950 24100 12383 I ChromePhotosDataPlane: phase=tls_ready correlationId=c62 hostClass=network hostHash=816c1c4228e457b0 clientProtocol=http/1.1 ca=e781cfa6b123a902
09-08 08:07:05.235 24100 12383 I ChromePhotosDataPlane: origin=real hostClass=network hostHash=816c1c4228e457b0 method=POST clientProtocol=http/1.1 upstreamProtocol=h2 status=200 contentType=application/javascript bytesOut=0 transfer=fixed upstreamHeadersMs=280.191 downstreamWriteMs=1.094
09-08 08:07:36.233 24100 24476 I ChromePhotosDataPlane: bootstrap=chrome_blocked reason=manual_stop
09-08 08:07:36.247 24100 24476 I ChromePhotosDataPlane: phase=fail_closed reason=manual_stop
09-08 08:07:36.250 24100 24476 I ChromePhotosDataPlane: phase=status statusSequence=9 lifecycle=PresentationReady active=true ready=false connections=62 requests=453 safe=28 blocked=7 unknown=8 passthrough=400 cacheHits=1 cacheMisses=35 failures=0 clientDisconnects=0 bytesIn=17328325 bytesOut=15983198 streamed=31 proxyQueueRejects=0 proxyActivePeak=34 proxyP50Ms=2.522 proxyP95Ms=1436.060 proxyP99Ms=3319.181 upstreamSockets=34 protectSuccess=34 protectFailure=0 web11a=not_run web11b=not_run modelLoadMs=626.663 engineCalls=35 dedupeHits=0 decisionCacheConfig=64 decisionConcurrencyConfig=1 decisionQueueConfig=2 decisionTimeoutMs=5000 engineCallsPerRequest=0.9722222222222222 inferencePeak=1 inFlightPeak=2 queuePeak=1 queueRejects=0 timeouts=0 inferenceP50Ms=134.850052 inferenceP95Ms=674.538387 inferenceP99Ms=685.504637 decisionP50Ms=277.552396 decisionP95Ms=878.02703 decisionP99Ms=935.343958 cacheHitP50Ms=0.145989 cacheHitP95Ms=0.145989 cacheEntries=35 cacheEvictions=0 preprocessP50Ms=7.510729 preprocessP95Ms=101.399115 preprocessP99Ms=107.903072 preparedCount1=29 preparedCount4=1 preparedCount5=4 preparedCountOther=1 decisionBasis=FullStrong:3,FullThreshold:2,None:27,Other:1,UncertainRegional:2 imageCandidates=43 imagePrefixPeeks=2 imageMagicCandidates=0 imageBodyAdmissionPeak=2 imageBodyAdmissionRejects=0 networkVisualCandidates=43 networkVisualReplaced=0 networkVisualRawDelivered=0 networkVisualSafeRawDelivered=28 networkVisualBlockedReplaced=7 networkVisualUnknownReplaced=0 networkVisualUnsupportedReplaced=8 networkVisualRawBlockedDelivered=0 networkVisualRawUnknownDelivered=0 networkVisualCacheHit=1 networkVisualInference=35 mediaDocumentsTransformed=2 mediaDocumentsFailClosed=1 documentTransformOutstanding=0 readyTokensOutstanding=0 uiSvgRegistered=1 uiSvgRegistryBytes=217 uiSvgCssRewritten=0 uiSvgCssRejected=0 uiSvgNetworkAccepted=0 uiSvgNetworkRejected=0 uiSvgAssetServed=0 uiSvgAssetRejected=0 h18=REPORT=not_run,EVENT_SEQUENCE=0,COMPAT_DOCS=0,STRICT_DOCS=0,STYLE_REQ=0,SCRIPT_REQ=0,DATA_REQ=0,NETWORK_REQ=0,REPORTS=0,LAST_DOC=none,NETWORK_SHA=ee17e3f62edde61823ce35732ea168f4f5986bff347ccfac063eca7f4009ee1b,AUDIT_SHA=74d4467bbf6833db4eeab998495b7dfc50db3b1f04f407704b839ad3f4b25582 h19=REPORT=not_run,DOCUMENTS=0,FRAMES=0,SCRIPTS=0,FIRST_ORIGINAL_SCRIPTS=0,STYLES=0,WORKERS=0,SERVICE_WORKERS=0,FRAME_REPORTS=0,FRAME_REPORT_REJECTS=0,FRAME_REPORT=not_run,FRAME_REPORT_SHA=not_run,FRAME_CHALLENGE_SHA=not_run,FRAME_GENERATION=0,FRAME_ACCEPTED_CHALLENGE_SHA=not_run,FRAME_REPORT_BINDING_SHA=not_run,SAME_URL_BODIES=0,REPORTS=0,SW_BOUNDARY={INSTALL_DOCS=0,WORKER_SCRIPTS=0,WORKER_PROBE_SCRIPTS=0,PROBE_DOCS=0,CLEANUP_DOCS=0,REPORTS_ACCEPTED=0,REPORTS_REJECTED=0,CONTROLLER_PRESENT=0,CONTROLLER_MISSING=0,NAV_FETCHES=0,SELF_READY_FETCHES=0,SELF_READY_PASS_THROUGH=0,SELF_READY_SYNTHETIC=0,NAV_SYNTHETIC=0,RESET_BASELINE_CLEAN=0,RESET_BASELINE_DIRTY=0,REGISTER_BLOCKED=0,REGISTER_SUCCEEDED=0,WORKER_REGISTER_BLOCKED=0,WORKER_REGISTER_SUCCEEDED=0,WORKER_REGISTER_UNSUPPORTED=0,WORKER_REGISTER_ERROR=0,LAST_CASE=none,LAST_EVENT=none,LAST_VALUE=none},UI_SVG={not_run} quicAttempts=0 directTcpAttempts=0 bootstrapResetGeneration=2 bootstrapCompleteGeneration=2 bootstrapResetCount=3 chromeSuspended=true guardSession=540 guardHeartbeatSequence=701 audit17State=0 audit17Navigation=0 audit17Events=45 audit17Dropped=0
09-08 08:07:36.250 24100 24476 I ChromeMediaShieldStatus: v=1 seq=9 kind=network mode=selective candidates=43 replaced=0 rawDelivered=0 safeRaw=28 blockedReplaced=7 unknownReplaced=0 unsupportedReplaced=8 rawBlocked=0 rawUnknown=0 cacheHit=1 decisionEngine=35 engineCalls=35
09-08 08:07:36.250 24100 24476 I ChromeMediaShieldStatus: v=1 seq=9 kind=document transformed=2 failClosed=1 outstanding=0 issued=0 claims=0 documentSequence=0 navigationSequence=0 readyRequests=6 readyPreflights=0 readyAccepted=2 readyRejected=0 parserBarrierRequests=0 parserBarrierReady=0 parserBarrierFailClosed=0 selfShield=true selfReadyRequests=2 selfReadyAccepted=2 selfReadyRejected=0 selfReadyRejectReason=none selfShieldReleaseCompleted=2 selfShieldParserContinued=2 selfShieldOriginalScriptStarted=0 selfShieldTraceRejected=0 selfShieldTraceOutstanding=1 bootstrapDiagnosticAccepted=0 bootstrapDiagnosticRejected=0 bootstrapDiagnosticRejectReason=none bootstrapDiagnosticStage=none bootstrapDiagnosticReason=none bootstrapDiagnosticOutstanding=0
09-08 08:07:36.250 24100 24476 I ChromeMediaShieldStatus: v=1 seq=9 kind=renderer reports=0 rejected=0 globalCallbacks=0 globalRecords=0 childRecords=0 attributeRecords=0 maxRecords=0 scanCalls=0 scanRoot=0 scanNodes=0 maxScanNodes=0 scanMicros=0 maxScanMicros=0 observerChildScans=0 observerAttributeScans=0 guardedScans=0 markupScans=0 shadowScans=0 initialScans=0 otherScans=0 sanitizeElement=0 sanitizeContainer=0 img=0 source=0 svg=0 iframe=0 canvas=0 video=0 safeIcon=0 lockIcon=0 geometryWrites=0 svgRecords=0 shadowRoots=0 shadowObservers=0 shadowCallbacks=0 shadowRecords=0 shadowScanCalls=0 ensureStyle=0 ensureCurtain=0 internalMutations=0
09-08 08:07:36.251 24100 24476 I ChromeMediaShieldStatus: v=1 seq=9 kind=rendererApis callScan=createElement=0/0 createElementNS=0/0 appendChild=0/0 insertBefore=0/0 replaceChild=0/0 append=0/0 prepend=0/0 replaceChildren=0/0 before=0/0 after=0/0 replaceWith=0/0 adjacentElement=0/0 moveBefore=0/0 rangeInsert=0/0 rangeSurround=0/0 adoptNode=0/0 cloneNode=0/0 importNode=0/0 safeMarkup=0/0 innerHTML=0/0 outerHTML=0/0 insertAdjacentHTML=0/0 setHTML=0/0 shadowInnerHTML=0/0 execCommandInsertHTML=0/0 mappedTextContent=0/0
09-08 08:07:36.251 24100 24476 I ChromeMediaShieldStatus: v=1 seq=9 kind=rendererFamilies roots=element/fragment/text/other factory:calls=0,scans=0,direct=0,roots=0/0/0/0,nodes=0,micros=0,maxMicros=0 domGuard:calls=0,scans=0,direct=0,roots=0/0/0/0,nodes=0,micros=0,maxMicros=0 markup:calls=0,scans=0,direct=0,roots=0/0/0/0,nodes=0,micros=0,maxMicros=0
09-08 08:07:36.251 24100 24476 I ChromeMediaShieldStatus: v=1 seq=9 kind=uiSvg registered=1 registryBytes=217 cssRewritten=0 cssRejected=0 networkAccepted=0 networkRejected=0 assetServed=0 assetRejected=0
09-08 08:07:36.251 24100 24476 I ChromeMediaShieldStatus: v=1 seq=9 kind=health failures=0 clientDisconnects=0 proxyQueueRejects=0 protectFailure=0 quicAttempts=0 directTcpAttempts=0 active=true ready=false
09-08 08:07:36.251 24100 24476 I ChromeMediaShieldStatus: v=1 seq=9 kind=fixture report=REPORT=not_run,DOCUMENTS=0,FRAMES=0,SCRIPTS=0,FIRST_ORIGINAL_SCRIPTS=0,STYLES=0,WORKERS=0,SERVICE_WORKERS=0,FRAME_REPORTS=0,FRAME_REPORT_REJECTS=0,FRAME_REPORT=not_run,FRAME_REPORT_SHA=not_run,FRAME_CHALLENGE_SHA=not_run,FRAME_GENERATION=0,FRAME_ACCEPTED_CHALLENGE_SHA=not_run,FRAME_REPORT_BINDING_SHA=not_run,SAME_URL_BODIES=0,REPORTS=0,SW_BOUNDARY={INSTALL_DOCS=0,WORKER_SCRIPTS=0,WORKER_PROBE_SCRIPTS=0,PROBE_DOCS=0,CLEANUP_DOCS=0,REPORTS_ACCEPTED=0,REPORTS_REJECTED=0,CONTROLLER_PRESENT=0,CONTROLLER_MISSING=0,NAV_FETCHES=0,SELF_READY_FETCHES=0,SELF_READY_PASS_THROUGH=0,SELF_READY_SYNTHETIC=0,NAV_SYNTHETIC=0,RESET_BASELINE_CLEAN=0,RESET_BASELINE_DIRTY=0,REGISTER_BLOCKED=0,REGISTER_SUCCEEDED=0,WORKER_REGISTER_BLOCKED=0,WORKER_REGISTER_SUCCEEDED=0,WORKER_REGISTER_UNSUPPORTED=0,WORKER_REGISTER_ERROR=0,LAST_CASE=none,LAST_EVENT=none,LAST_VALUE=none},UI_SVG={not_run}
09-08 08:07:36.255 24100 12318 W ChromePhotosDataPlane: phase=connection_failed correlationId=c58 error=SocketException
09-08 08:07:36.364 24100 24476 I ChromePhotosDataPlane: phase=proxy_stopped cacheEntries=0 cleanup=complete
09-08 08:07:36.428 24100 24476 I ChromePhotosDataPlane: rollback=complete proxy=cleared ca=removed
09-08 08:07:36.433 24100 24100 I ChromePhotosDataPlane: vpnAttestation=revoked session=e486e004 fullTunnelApplied=false chromePackageAdmitted=false
09-08 08:07:36.435 24100 24476 I ChromePhotosDataPlane: rollback=vpn_restored action=refresh_routes
09-08 08:07:36.456 24100 24476 I ChromePhotosDataPlane: phase=stopped rollback=complete cache=cleared
09-08 08:07:36.561 24100 24100 I ChromePhotosDataPlane: bootstrap=chrome_blocked reason=service_destroyed
09-08 08:07:36.564 24100 24100 I ChromePhotosDataPlane: phase=fail_closed reason=service_destroyed
09-08 08:07:36.566 24100 24100 I ChromePhotosDataPlane: rollback=complete proxy=cleared ca=removed
09-08 08:07:36.826 24100 12159 I ChromePhotosDataPlane: vpnAttestation=revoked session=e486e004 fullTunnelApplied=false chromePackageAdmitted=true
09-08 08:07:48.994 24100 24100 I ChromePhotosDataPlane: phase=status statusSequence=1 lifecycle=Stopped active=false ready=false connections=0 requests=0 safe=0 blocked=0 unknown=0 passthrough=0 cacheHits=0 cacheMisses=0 failures=0 clientDisconnects=0 bytesIn=0 bytesOut=0 streamed=0 proxyQueueRejects=0 proxyActivePeak=0 proxyP50Ms=0.000 proxyP95Ms=0.000 proxyP99Ms=0.000 upstreamSockets=0 protectSuccess=0 protectFailure=0 web11a=not_run web11b=not_run modelLoadMs=0.000 engineCalls=0 dedupeHits=0 decisionCacheConfig=64 decisionConcurrencyConfig=1 decisionQueueConfig=2 decisionTimeoutMs=5000 engineCallsPerRequest=0.0 inferencePeak=0 inFlightPeak=0 queuePeak=0 queueRejects=0 timeouts=0 inferenceP50Ms=0.0 inferenceP95Ms=0.0 inferenceP99Ms=0.0 decisionP50Ms=0.0 decisionP95Ms=0.0 decisionP99Ms=0.0 cacheHitP50Ms=0.0 cacheHitP95Ms=0.0 cacheEntries=0 cacheEvictions=0 preprocessP50Ms=0.0 preprocessP95Ms=0.0 preprocessP99Ms=0.0 preparedCount1=0 preparedCount4=0 preparedCount5=0 preparedCountOther=0 decisionBasis= imageCandidates=0 imagePrefixPeeks=0 imageMagicCandidates=0 imageBodyAdmissionPeak=0 imageBodyAdmissionRejects=0 networkVisualCandidates=0 networkVisualReplaced=0 networkVisualRawDelivered=0 networkVisualSafeRawDelivered=0 networkVisualBlockedReplaced=0 networkVisualUnknownReplaced=0 networkVisualUnsupportedReplaced=0 networkVisualRawBlockedDelivered=0 networkVisualRawUnknownDelivered=0 networkVisualCacheHit=0 networkVisualInference=0 mediaDocumentsTransformed=0 mediaDocumentsFailClosed=0 documentTransformOutstanding=0 readyTokensOutstanding=0 uiSvgRegistered=0 uiSvgRegistryBytes=0 uiSvgCssRewritten=0 uiSvgCssRejected=0 uiSvgNetworkAccepted=0 uiSvgNetworkRejected=0 uiSvgAssetServed=0 uiSvgAssetRejected=0 h18=not_run h19=not_run quicAttempts=0 directTcpAttempts=0 bootstrapResetGeneration=2 bootstrapCompleteGeneration=2 bootstrapResetCount=3 chromeSuspended=true guardSession=0 guardHeartbeatSequence=0 audit17State=0 audit17Navigation=0 audit17Events=0 audit17Dropped=0
09-08 08:07:48.995 24100 24100 I ChromeMediaShieldStatus: v=1 seq=1 kind=network mode=selective candidates=0 replaced=0 rawDelivered=0 safeRaw=0 blockedReplaced=0 unknownReplaced=0 unsupportedReplaced=0 rawBlocked=0 rawUnknown=0 cacheHit=0 decisionEngine=0 engineCalls=0
09-08 08:07:48.995 24100 24100 I ChromeMediaShieldStatus: v=1 seq=1 kind=document transformed=0 failClosed=0 outstanding=0 issued=0 claims=0 documentSequence=0 navigationSequence=0 readyRequests=0 readyPreflights=0 readyAccepted=0 readyRejected=0 parserBarrierRequests=0 parserBarrierReady=0 parserBarrierFailClosed=0 selfShield=true selfReadyRequests=0 selfReadyAccepted=0 selfReadyRejected=0 selfReadyRejectReason=none selfShieldReleaseCompleted=0 selfShieldParserContinued=0 selfShieldOriginalScriptStarted=0 selfShieldTraceRejected=0 selfShieldTraceOutstanding=0 bootstrapDiagnosticAccepted=0 bootstrapDiagnosticRejected=0 bootstrapDiagnosticRejectReason=none bootstrapDiagnosticStage=none bootstrapDiagnosticReason=none bootstrapDiagnosticOutstanding=0
09-08 08:07:48.995 24100 24100 I ChromeMediaShieldStatus: v=1 seq=1 kind=renderer reports=0 rejected=0 globalCallbacks=0 globalRecords=0 childRecords=0 attributeRecords=0 maxRecords=0 scanCalls=0 scanRoot=0 scanNodes=0 maxScanNodes=0 scanMicros=0 maxScanMicros=0 observerChildScans=0 observerAttributeScans=0 guardedScans=0 markupScans=0 shadowScans=0 initialScans=0 otherScans=0 sanitizeElement=0 sanitizeContainer=0 img=0 source=0 svg=0 iframe=0 canvas=0 video=0 safeIcon=0 lockIcon=0 geometryWrites=0 svgRecords=0 shadowRoots=0 shadowObservers=0 shadowCallbacks=0 shadowRecords=0 shadowScanCalls=0 ensureStyle=0 ensureCurtain=0 internalMutations=0
09-08 08:07:48.995 24100 24100 I ChromeMediaShieldStatus: v=1 seq=1 kind=rendererApis callScan=createElement=0/0 createElementNS=0/0 appendChild=0/0 insertBefore=0/0 replaceChild=0/0 append=0/0 prepend=0/0 replaceChildren=0/0 before=0/0 after=0/0 replaceWith=0/0 adjacentElement=0/0 moveBefore=0/0 rangeInsert=0/0 rangeSurround=0/0 adoptNode=0/0 cloneNode=0/0 importNode=0/0 safeMarkup=0/0 innerHTML=0/0 outerHTML=0/0 insertAdjacentHTML=0/0 setHTML=0/0 shadowInnerHTML=0/0 execCommandInsertHTML=0/0 mappedTextContent=0/0
09-08 08:07:48.995 24100 24100 I ChromeMediaShieldStatus: v=1 seq=1 kind=rendererFamilies roots=element/fragment/text/other factory:calls=0,scans=0,direct=0,roots=0/0/0/0,nodes=0,micros=0,maxMicros=0 domGuard:calls=0,scans=0,direct=0,roots=0/0/0/0,nodes=0,micros=0,maxMicros=0 markup:calls=0,scans=0,direct=0,roots=0/0/0/0,nodes=0,micros=0,maxMicros=0
09-08 08:07:48.995 24100 24100 I ChromeMediaShieldStatus: v=1 seq=1 kind=uiSvg registered=0 registryBytes=0 cssRewritten=0 cssRejected=0 networkAccepted=0 networkRejected=0 assetServed=0 assetRejected=0
09-08 08:07:48.995 24100 24100 I ChromeMediaShieldStatus: v=1 seq=1 kind=health failures=0 clientDisconnects=0 proxyQueueRejects=0 protectFailure=0 quicAttempts=0 directTcpAttempts=0 active=false ready=false
09-08 08:07:48.995 24100 24100 I ChromeMediaShieldStatus: v=1 seq=1 kind=fixture report=not_run
09-08 08:08:01.219 24100 12488 I ChromePhotosDataPlane: bootstrap=chrome_blocked reason=session_start
09-08 08:08:01.227 24100 12488 I ChromePhotosDataPlane: rollback=complete proxy=cleared ca=removed
09-08 08:08:01.227 24100 12488 I ChromePhotosDataPlane: bootstrap=chrome_reset_skipped generation=2 resetCount=3
09-08 08:08:02.250 24100 12488 I ChromePhotosDataPlane: phase=proxy_ready bind=loopback port=8877
09-08 08:08:02.374 24100 12488 I ChromePhotosDataPlane: policy=chrome-only proxy=fixed stockMedia=true policyTypes=AIModeSettings:Integer,AllowBackForwardCacheForCacheControlNoStorePageEnabled:Boolean,BackForwardCacheEnabled:Boolean,DataUrlInSvgUseEnabled:Boolean,FindsSettings:Integer,ForceGoogleSafeSearch:Boolean,IncognitoModeAvailability:Integer,NTPContentSuggestionsEnabled:Boolean,SearchContentSharingSettings:Integer,SearchSuggestEnabled:Boolean,URLAllowlist:String,URLBlocklist:String ca=42e0f97fefe4bb3f
09-08 08:08:02.381 24100 12488 I ChromePhotosDataPlane: phase=active owner=device_owner scope=chrome_only session=fd5cadc9 ca=42e0f97fefe4bb3f model=R3.1 modelSha=c8b64af8092d3718c58736a511c996d0d443dacf3eaa74620b1e5af439a3cd48 policy=dag-36 modelLoadMs=397.685 fixture=controlled fallbackHosts=5 routes=0 udpFixture=false udpTarget=:0 transport=full_tunnel_dev networkVisualMode=selective stockMediaAuthority=true documentSelfShield=true privacy=public_only_memory_only
09-08 08:08:02.383 24100 24100 I ChromePhotosDataPlane: vpnAttestation=revoked session=fd5cadc9 fullTunnelApplied=false chromePackageAdmitted=false
09-08 08:08:02.587 24100 12160 I ChromePhotosDataPlane: vpnAttestation=confirmed session=fd5cadc9 fullTunnelApplied=true chromePackageAdmitted=true
09-08 08:08:02.712 24100 12491 I ChromePhotosDataPlane: phase=presentation_ready scope=real_web failSafe=armed
09-08 08:08:49.020 24100 24100 I ChromePhotosDataPlane: phase=status statusSequence=2 lifecycle=PresentationReady active=true ready=true connections=0 requests=0 safe=0 blocked=0 unknown=0 passthrough=0 cacheHits=0 cacheMisses=0 failures=0 clientDisconnects=0 bytesIn=0 bytesOut=0 streamed=0 proxyQueueRejects=0 proxyActivePeak=0 proxyP50Ms=0.000 proxyP95Ms=0.000 proxyP99Ms=0.000 upstreamSockets=0 protectSuccess=0 protectFailure=0 web11a=not_run web11b=not_run modelLoadMs=397.685 engineCalls=0 dedupeHits=0 decisionCacheConfig=64 decisionConcurrencyConfig=2 decisionQueueConfig=2 decisionTimeoutMs=5000 engineCallsPerRequest=0.0 inferencePeak=0 inFlightPeak=0 queuePeak=0 queueRejects=0 timeouts=0 inferenceP50Ms=0.0 inferenceP95Ms=0.0 inferenceP99Ms=0.0 decisionP50Ms=0.0 decisionP95Ms=0.0 decisionP99Ms=0.0 cacheHitP50Ms=0.0 cacheHitP95Ms=0.0 cacheEntries=0 cacheEvictions=0 preprocessP50Ms=0.0 preprocessP95Ms=0.0 preprocessP99Ms=0.0 preparedCount1=0 preparedCount4=0 preparedCount5=0 preparedCountOther=0 decisionBasis= imageCandidates=0 imagePrefixPeeks=0 imageMagicCandidates=0 imageBodyAdmissionPeak=0 imageBodyAdmissionRejects=0 networkVisualCandidates=0 networkVisualReplaced=0 networkVisualRawDelivered=0 networkVisualSafeRawDelivered=0 networkVisualBlockedReplaced=0 networkVisualUnknownReplaced=0 networkVisualUnsupportedReplaced=0 networkVisualRawBlockedDelivered=0 networkVisualRawUnknownDelivered=0 networkVisualCacheHit=0 networkVisualInference=0 mediaDocumentsTransformed=0 mediaDocumentsFailClosed=0 documentTransformOutstanding=0 readyTokensOutstanding=0 uiSvgRegistered=0 uiSvgRegistryBytes=0 uiSvgCssRewritten=0 uiSvgCssRejected=0 uiSvgNetworkAccepted=0 uiSvgNetworkRejected=0 uiSvgAssetServed=0 uiSvgAssetRejected=0 h18=REPORT=not_run,EVENT_SEQUENCE=0,COMPAT_DOCS=0,STRICT_DOCS=0,STYLE_REQ=0,SCRIPT_REQ=0,DATA_REQ=0,NETWORK_REQ=0,REPORTS=0,LAST_DOC=none,NETWORK_SHA=ee17e3f62edde61823ce35732ea168f4f5986bff347ccfac063eca7f4009ee1b,AUDIT_SHA=74d4467bbf6833db4eeab998495b7dfc50db3b1f04f407704b839ad3f4b25582 h19=REPORT=not_run,DOCUMENTS=0,FRAMES=0,SCRIPTS=0,FIRST_ORIGINAL_SCRIPTS=0,STYLES=0,WORKERS=0,SERVICE_WORKERS=0,FRAME_REPORTS=0,FRAME_REPORT_REJECTS=0,FRAME_REPORT=not_run,FRAME_REPORT_SHA=not_run,FRAME_CHALLENGE_SHA=not_run,FRAME_GENERATION=0,FRAME_ACCEPTED_CHALLENGE_SHA=not_run,FRAME_REPORT_BINDING_SHA=not_run,SAME_URL_BODIES=0,REPORTS=0,SW_BOUNDARY={INSTALL_DOCS=0,WORKER_SCRIPTS=0,WORKER_PROBE_SCRIPTS=0,PROBE_DOCS=0,CLEANUP_DOCS=0,REPORTS_ACCEPTED=0,REPORTS_REJECTED=0,CONTROLLER_PRESENT=0,CONTROLLER_MISSING=0,NAV_FETCHES=0,SELF_READY_FETCHES=0,SELF_READY_PASS_THROUGH=0,SELF_READY_SYNTHETIC=0,NAV_SYNTHETIC=0,RESET_BASELINE_CLEAN=0,RESET_BASELINE_DIRTY=0,REGISTER_BLOCKED=0,REGISTER_SUCCEEDED=0,WORKER_REGISTER_BLOCKED=0,WORKER_REGISTER_SUCCEEDED=0,WORKER_REGISTER_UNSUPPORTED=0,WORKER_REGISTER_ERROR=0,LAST_CASE=none,LAST_EVENT=none,LAST_VALUE=none},UI_SVG={not_run} quicAttempts=0 directTcpAttempts=0 bootstrapResetGeneration=2 bootstrapCompleteGeneration=2 bootstrapResetCount=3 chromeSuspended=false guardSession=541 guardHeartbeatSequence=82 audit17State=0 audit17Navigation=0 audit17Events=0 audit17Dropped=0
09-08 08:08:49.020 24100 24100 I ChromeMediaShieldStatus: v=1 seq=2 kind=network mode=selective candidates=0 replaced=0 rawDelivered=0 safeRaw=0 blockedReplaced=0 unknownReplaced=0 unsupportedReplaced=0 rawBlocked=0 rawUnknown=0 cacheHit=0 decisionEngine=0 engineCalls=0
09-08 08:08:49.020 24100 24100 I ChromeMediaShieldStatus: v=1 seq=2 kind=document transformed=0 failClosed=0 outstanding=0 issued=0 claims=0 documentSequence=0 navigationSequence=0 readyRequests=0 readyPreflights=0 readyAccepted=0 readyRejected=0 parserBarrierRequests=0 parserBarrierReady=0 parserBarrierFailClosed=0 selfShield=true selfReadyRequests=0 selfReadyAccepted=0 selfReadyRejected=0 selfReadyRejectReason=none selfShieldReleaseCompleted=0 selfShieldParserContinued=0 selfShieldOriginalScriptStarted=0 selfShieldTraceRejected=0 selfShieldTraceOutstanding=0 bootstrapDiagnosticAccepted=0 bootstrapDiagnosticRejected=0 bootstrapDiagnosticRejectReason=none bootstrapDiagnosticStage=none bootstrapDiagnosticReason=none bootstrapDiagnosticOutstanding=0
09-08 08:08:49.020 24100 24100 I ChromeMediaShieldStatus: v=1 seq=2 kind=renderer reports=0 rejected=0 globalCallbacks=0 globalRecords=0 childRecords=0 attributeRecords=0 maxRecords=0 scanCalls=0 scanRoot=0 scanNodes=0 maxScanNodes=0 scanMicros=0 maxScanMicros=0 observerChildScans=0 observerAttributeScans=0 guardedScans=0 markupScans=0 shadowScans=0 initialScans=0 otherScans=0 sanitizeElement=0 sanitizeContainer=0 img=0 source=0 svg=0 iframe=0 canvas=0 video=0 safeIcon=0 lockIcon=0 geometryWrites=0 svgRecords=0 shadowRoots=0 shadowObservers=0 shadowCallbacks=0 shadowRecords=0 shadowScanCalls=0 ensureStyle=0 ensureCurtain=0 internalMutations=0
09-08 08:08:49.021 24100 24100 I ChromeMediaShieldStatus: v=1 seq=2 kind=rendererApis callScan=createElement=0/0 createElementNS=0/0 appendChild=0/0 insertBefore=0/0 replaceChild=0/0 append=0/0 prepend=0/0 replaceChildren=0/0 before=0/0 after=0/0 replaceWith=0/0 adjacentElement=0/0 moveBefore=0/0 rangeInsert=0/0 rangeSurround=0/0 adoptNode=0/0 cloneNode=0/0 importNode=0/0 safeMarkup=0/0 innerHTML=0/0 outerHTML=0/0 insertAdjacentHTML=0/0 setHTML=0/0 shadowInnerHTML=0/0 execCommandInsertHTML=0/0 mappedTextContent=0/0
09-08 08:08:49.021 24100 24100 I ChromeMediaShieldStatus: v=1 seq=2 kind=rendererFamilies roots=element/fragment/text/other factory:calls=0,scans=0,direct=0,roots=0/0/0/0,nodes=0,micros=0,maxMicros=0 domGuard:calls=0,scans=0,direct=0,roots=0/0/0/0,nodes=0,micros=0,maxMicros=0 markup:calls=0,scans=0,direct=0,roots=0/0/0/0,nodes=0,micros=0,maxMicros=0
09-08 08:08:49.021 24100 24100 I ChromeMediaShieldStatus: v=1 seq=2 kind=uiSvg registered=0 registryBytes=0 cssRewritten=0 cssRejected=0 networkAccepted=0 networkRejected=0 assetServed=0 assetRejected=0
09-08 08:08:49.021 24100 24100 I ChromeMediaShieldStatus: v=1 seq=2 kind=health failures=0 clientDisconnects=0 proxyQueueRejects=0 protectFailure=0 quicAttempts=0 directTcpAttempts=0 active=true ready=true
09-08 08:08:49.021 24100 24100 I ChromeMediaShieldStatus: v=1 seq=2 kind=fixture report=REPORT=not_run,DOCUMENTS=0,FRAMES=0,SCRIPTS=0,FIRST_ORIGINAL_SCRIPTS=0,STYLES=0,WORKERS=0,SERVICE_WORKERS=0,FRAME_REPORTS=0,FRAME_REPORT_REJECTS=0,FRAME_REPORT=not_run,FRAME_REPORT_SHA=not_run,FRAME_CHALLENGE_SHA=not_run,FRAME_GENERATION=0,FRAME_ACCEPTED_CHALLENGE_SHA=not_run,FRAME_REPORT_BINDING_SHA=not_run,SAME_URL_BODIES=0,REPORTS=0,SW_BOUNDARY={INSTALL_DOCS=0,WORKER_SCRIPTS=0,WORKER_PROBE_SCRIPTS=0,PROBE_DOCS=0,CLEANUP_DOCS=0,REPORTS_ACCEPTED=0,REPORTS_REJECTED=0,CONTROLLER_PRESENT=0,CONTROLLER_MISSING=0,NAV_FETCHES=0,SELF_READY_FETCHES=0,SELF_READY_PASS_THROUGH=0,SELF_READY_SYNTHETIC=0,NAV_SYNTHETIC=0,RESET_BASELINE_CLEAN=0,RESET_BASELINE_DIRTY=0,REGISTER_BLOCKED=0,REGISTER_SUCCEEDED=0,WORKER_REGISTER_BLOCKED=0,WORKER_REGISTER_SUCCEEDED=0,WORKER_REGISTER_UNSUPPORTED=0,WORKER_REGISTER_ERROR=0,LAST_CASE=none,LAST_EVENT=none,LAST_VALUE=none},UI_SVG={not_run}
09-08 08:09:40.280 24100 24100 I ChromePhotosDataPlane: phase=status statusSequence=3 lifecycle=PresentationReady active=true ready=true connections=0 requests=0 safe=0 blocked=0 unknown=0 passthrough=0 cacheHits=0 cacheMisses=0 failures=0 clientDisconnects=0 bytesIn=0 bytesOut=0 streamed=0 proxyQueueRejects=0 proxyActivePeak=0 proxyP50Ms=0.000 proxyP95Ms=0.000 proxyP99Ms=0.000 upstreamSockets=0 protectSuccess=0 protectFailure=0 web11a=not_run web11b=not_run modelLoadMs=397.685 engineCalls=0 dedupeHits=0 decisionCacheConfig=64 decisionConcurrencyConfig=2 decisionQueueConfig=2 decisionTimeoutMs=5000 engineCallsPerRequest=0.0 inferencePeak=0 inFlightPeak=0 queuePeak=0 queueRejects=0 timeouts=0 inferenceP50Ms=0.0 inferenceP95Ms=0.0 inferenceP99Ms=0.0 decisionP50Ms=0.0 decisionP95Ms=0.0 decisionP99Ms=0.0 cacheHitP50Ms=0.0 cacheHitP95Ms=0.0 cacheEntries=0 cacheEvictions=0 preprocessP50Ms=0.0 preprocessP95Ms=0.0 preprocessP99Ms=0.0 preparedCount1=0 preparedCount4=0 preparedCount5=0 preparedCountOther=0 decisionBasis= imageCandidates=0 imagePrefixPeeks=0 imageMagicCandidates=0 imageBodyAdmissionPeak=0 imageBodyAdmissionRejects=0 networkVisualCandidates=0 networkVisualReplaced=0 networkVisualRawDelivered=0 networkVisualSafeRawDelivered=0 networkVisualBlockedReplaced=0 networkVisualUnknownReplaced=0 networkVisualUnsupportedReplaced=0 networkVisualRawBlockedDelivered=0 networkVisualRawUnknownDelivered=0 networkVisualCacheHit=0 networkVisualInference=0 mediaDocumentsTransformed=0 mediaDocumentsFailClosed=0 documentTransformOutstanding=0 readyTokensOutstanding=0 uiSvgRegistered=0 uiSvgRegistryBytes=0 uiSvgCssRewritten=0 uiSvgCssRejected=0 uiSvgNetworkAccepted=0 uiSvgNetworkRejected=0 uiSvgAssetServed=0 uiSvgAssetRejected=0 h18=REPORT=not_run,EVENT_SEQUENCE=0,COMPAT_DOCS=0,STRICT_DOCS=0,STYLE_REQ=0,SCRIPT_REQ=0,DATA_REQ=0,NETWORK_REQ=0,REPORTS=0,LAST_DOC=none,NETWORK_SHA=ee17e3f62edde61823ce35732ea168f4f5986bff347ccfac063eca7f4009ee1b,AUDIT_SHA=74d4467bbf6833db4eeab998495b7dfc50db3b1f04f407704b839ad3f4b25582 h19=REPORT=not_run,DOCUMENTS=0,FRAMES=0,SCRIPTS=0,FIRST_ORIGINAL_SCRIPTS=0,STYLES=0,WORKERS=0,SERVICE_WORKERS=0,FRAME_REPORTS=0,FRAME_REPORT_REJECTS=0,FRAME_REPORT=not_run,FRAME_REPORT_SHA=not_run,FRAME_CHALLENGE_SHA=not_run,FRAME_GENERATION=0,FRAME_ACCEPTED_CHALLENGE_SHA=not_run,FRAME_REPORT_BINDING_SHA=not_run,SAME_URL_BODIES=0,REPORTS=0,SW_BOUNDARY={INSTALL_DOCS=0,WORKER_SCRIPTS=0,WORKER_PROBE_SCRIPTS=0,PROBE_DOCS=0,CLEANUP_DOCS=0,REPORTS_ACCEPTED=0,REPORTS_REJECTED=0,CONTROLLER_PRESENT=0,CONTROLLER_MISSING=0,NAV_FETCHES=0,SELF_READY_FETCHES=0,SELF_READY_PASS_THROUGH=0,SELF_READY_SYNTHETIC=0,NAV_SYNTHETIC=0,RESET_BASELINE_CLEAN=0,RESET_BASELINE_DIRTY=0,REGISTER_BLOCKED=0,REGISTER_SUCCEEDED=0,WORKER_REGISTER_BLOCKED=0,WORKER_REGISTER_SUCCEEDED=0,WORKER_REGISTER_UNSUPPORTED=0,WORKER_REGISTER_ERROR=0,LAST_CASE=none,LAST_EVENT=none,LAST_VALUE=none},UI_SVG={not_run} quicAttempts=0 directTcpAttempts=0 bootstrapResetGeneration=2 bootstrapCompleteGeneration=2 bootstrapResetCount=3 chromeSuspended=false guardSession=541 guardHeartbeatSequence=173 audit17State=0 audit17Navigation=0 audit17Events=0 audit17Dropped=0
09-08 08:09:40.280 24100 24100 I ChromeMediaShieldStatus: v=1 seq=3 kind=network mode=selective candidates=0 replaced=0 rawDelivered=0 safeRaw=0 blockedReplaced=0 unknownReplaced=0 unsupportedReplaced=0 rawBlocked=0 rawUnknown=0 cacheHit=0 decisionEngine=0 engineCalls=0
09-08 08:09:40.280 24100 24100 I ChromeMediaShieldStatus: v=1 seq=3 kind=document transformed=0 failClosed=0 outstanding=0 issued=0 claims=0 documentSequence=0 navigationSequence=0 readyRequests=0 readyPreflights=0 readyAccepted=0 readyRejected=0 parserBarrierRequests=0 parserBarrierReady=0 parserBarrierFailClosed=0 selfShield=true selfReadyRequests=0 selfReadyAccepted=0 selfReadyRejected=0 selfReadyRejectReason=none selfShieldReleaseCompleted=0 selfShieldParserContinued=0 selfShieldOriginalScriptStarted=0 selfShieldTraceRejected=0 selfShieldTraceOutstanding=0 bootstrapDiagnosticAccepted=0 bootstrapDiagnosticRejected=0 bootstrapDiagnosticRejectReason=none bootstrapDiagnosticStage=none bootstrapDiagnosticReason=none bootstrapDiagnosticOutstanding=0
09-08 08:09:40.281 24100 24100 I ChromeMediaShieldStatus: v=1 seq=3 kind=renderer reports=0 rejected=0 globalCallbacks=0 globalRecords=0 childRecords=0 attributeRecords=0 maxRecords=0 scanCalls=0 scanRoot=0 scanNodes=0 maxScanNodes=0 scanMicros=0 maxScanMicros=0 observerChildScans=0 observerAttributeScans=0 guardedScans=0 markupScans=0 shadowScans=0 initialScans=0 otherScans=0 sanitizeElement=0 sanitizeContainer=0 img=0 source=0 svg=0 iframe=0 canvas=0 video=0 safeIcon=0 lockIcon=0 geometryWrites=0 svgRecords=0 shadowRoots=0 shadowObservers=0 shadowCallbacks=0 shadowRecords=0 shadowScanCalls=0 ensureStyle=0 ensureCurtain=0 internalMutations=0
09-08 08:09:40.281 24100 24100 I ChromeMediaShieldStatus: v=1 seq=3 kind=rendererApis callScan=createElement=0/0 createElementNS=0/0 appendChild=0/0 insertBefore=0/0 replaceChild=0/0 append=0/0 prepend=0/0 replaceChildren=0/0 before=0/0 after=0/0 replaceWith=0/0 adjacentElement=0/0 moveBefore=0/0 rangeInsert=0/0 rangeSurround=0/0 adoptNode=0/0 cloneNode=0/0 importNode=0/0 safeMarkup=0/0 innerHTML=0/0 outerHTML=0/0 insertAdjacentHTML=0/0 setHTML=0/0 shadowInnerHTML=0/0 execCommandInsertHTML=0/0 mappedTextContent=0/0
09-08 08:09:40.281 24100 24100 I ChromeMediaShieldStatus: v=1 seq=3 kind=rendererFamilies roots=element/fragment/text/other factory:calls=0,scans=0,direct=0,roots=0/0/0/0,nodes=0,micros=0,maxMicros=0 domGuard:calls=0,scans=0,direct=0,roots=0/0/0/0,nodes=0,micros=0,maxMicros=0 markup:calls=0,scans=0,direct=0,roots=0/0/0/0,nodes=0,micros=0,maxMicros=0
09-08 08:09:40.281 24100 24100 I ChromeMediaShieldStatus: v=1 seq=3 kind=uiSvg registered=0 registryBytes=0 cssRewritten=0 cssRejected=0 networkAccepted=0 networkRejected=0 assetServed=0 assetRejected=0
09-08 08:09:40.281 24100 24100 I ChromeMediaShieldStatus: v=1 seq=3 kind=health failures=0 clientDisconnects=0 proxyQueueRejects=0 protectFailure=0 quicAttempts=0 directTcpAttempts=0 active=true ready=true
09-08 08:09:40.281 24100 24100 I ChromeMediaShieldStatus: v=1 seq=3 kind=fixture report=REPORT=not_run,DOCUMENTS=0,FRAMES=0,SCRIPTS=0,FIRST_ORIGINAL_SCRIPTS=0,STYLES=0,WORKERS=0,SERVICE_WORKERS=0,FRAME_REPORTS=0,FRAME_REPORT_REJECTS=0,FRAME_REPORT=not_run,FRAME_REPORT_SHA=not_run,FRAME_CHALLENGE_SHA=not_run,FRAME_GENERATION=0,FRAME_ACCEPTED_CHALLENGE_SHA=not_run,FRAME_REPORT_BINDING_SHA=not_run,SAME_URL_BODIES=0,REPORTS=0,SW_BOUNDARY={INSTALL_DOCS=0,WORKER_SCRIPTS=0,WORKER_PROBE_SCRIPTS=0,PROBE_DOCS=0,CLEANUP_DOCS=0,REPORTS_ACCEPTED=0,REPORTS_REJECTED=0,CONTROLLER_PRESENT=0,CONTROLLER_MISSING=0,NAV_FETCHES=0,SELF_READY_FETCHES=0,SELF_READY_PASS_THROUGH=0,SELF_READY_SYNTHETIC=0,NAV_SYNTHETIC=0,RESET_BASELINE_CLEAN=0,RESET_BASELINE_DIRTY=0,REGISTER_BLOCKED=0,REGISTER_SUCCEEDED=0,WORKER_REGISTER_BLOCKED=0,WORKER_REGISTER_SUCCEEDED=0,WORKER_REGISTER_UNSUPPORTED=0,WORKER_REGISTER_ERROR=0,LAST_CASE=none,LAST_EVENT=none,LAST_VALUE=none},UI_SVG={not_run}
09-08 08:09:40.605 24100 12894 I ChromePhotosDataPlane: phase=worker_ready correlationId=c1 admissionWaitMs=11.001
09-08 08:09:40.605 24100 12895 I ChromePhotosDataPlane: phase=worker_ready correlationId=c2 admissionWaitMs=1.763
09-08 08:09:40.725 24100 12894 I ChromePhotosDataPlane: phase=tls_certificate correlationId=c1 tlsCacheHit=false tlsCacheWaitMs=0.010 tlsCreationMs=38.752
09-08 08:09:40.725 24100 12894 I ChromePhotosDataPlane: phase=tls_material correlationId=c1 tlsMaterialMs=39.324
09-08 08:09:40.755 24100 12895 I ChromePhotosDataPlane: phase=tls_certificate correlationId=c2 tlsCacheHit=false tlsCacheWaitMs=32.016 tlsCreationMs=30.171
09-08 08:09:40.755 24100 12895 I ChromePhotosDataPlane: phase=tls_material correlationId=c2 tlsMaterialMs=62.668
09-08 08:09:41.287 24100 12894 I ChromePhotosDataPlane: phase=tls_ready correlationId=c1 hostClass=network hostHash=191347bfe55d0ca9 clientProtocol=http/1.1 ca=42e0f97fefe4bb3f
09-08 08:09:41.288 24100 12895 I ChromePhotosDataPlane: phase=tls_ready correlationId=c2 hostClass=network hostHash=7df7caa0a5579e01 clientProtocol=http/1.1 ca=42e0f97fefe4bb3f
09-08 08:09:42.167 24100 12894 I ChromePhotosDataPlane: phase=media_shield_document origin=real hostClass=network hostHash=191347bfe55d0ca9 result=transformed documentSequence=1 navigationSequence=1 token=11c5e42587ec bytesOut=1058510 upstreamHeadersMs=224.806 documentDecisionMs=195.277 downstreamWriteMs=5.626
09-08 08:09:42.238 24100 12942 I ChromePhotosDataPlane: phase=worker_ready correlationId=c3 admissionWaitMs=2.242
09-08 08:09:42.274 24100 12947 I ChromePhotosDataPlane: phase=worker_ready correlationId=c4 admissionWaitMs=0.435
09-08 08:09:42.311 24100 12942 I ChromePhotosDataPlane: phase=tls_certificate correlationId=c3 tlsCacheHit=false tlsCacheWaitMs=0.013 tlsCreationMs=19.299
09-08 08:09:42.311 24100 12942 I ChromePhotosDataPlane: phase=tls_material correlationId=c3 tlsMaterialMs=19.659
09-08 08:09:42.326 24100 12942 I ChromePhotosDataPlane: phase=tls_ready correlationId=c3 hostClass=network hostHash=685eae6637200805 clientProtocol=http/1.1 ca=42e0f97fefe4bb3f
09-08 08:09:42.328 24100 12894 I ChromePhotosDataPlane: phase=media_shield_ready origin=same_origin result=204 bytesOut=0
09-08 08:09:42.336 24100 12947 I ChromePhotosDataPlane: phase=tls_certificate correlationId=c4 tlsCacheHit=false tlsCacheWaitMs=0.008 tlsCreationMs=23.089
09-08 08:09:42.336 24100 12947 I ChromePhotosDataPlane: phase=tls_material correlationId=c4 tlsMaterialMs=23.408
09-08 08:09:42.344 24100 12947 I ChromePhotosDataPlane: phase=tls_ready correlationId=c4 hostClass=network hostHash=c350913878bceb2f clientProtocol=http/1.1 ca=42e0f97fefe4bb3f
09-08 08:09:42.346 24100 12894 I ChromePhotosDataPlane: phase=media_shield_ready origin=same_origin result=204 bytesOut=0
09-08 08:09:42.357 24100 12894 I ChromePhotosDataPlane: phase=media_shield_ready origin=same_origin result=204 bytesOut=0
09-08 08:09:42.496 24100 12942 I ChromePhotosDataPlane: origin=real hostClass=network hostHash=685eae6637200805 method=GET clientProtocol=http/1.1 upstreamProtocol=h2 status=302 contentType= bytesIn=0 bytesOut=0 cache=miss decision=passthrough   requestToDeliveryMs=166.516 upstreamHeadersMs=164.494 sanitizeMs=0.433 downstreamWriteMs=0.360
09-08 08:09:42.526 24100 12961 I ChromePhotosDataPlane: phase=worker_ready correlationId=c5 admissionWaitMs=0.433
09-08 08:09:42.592 24100 12961 I ChromePhotosDataPlane: phase=tls_certificate correlationId=c5 tlsCacheHit=false tlsCacheWaitMs=0.016 tlsCreationMs=17.089
09-08 08:09:42.592 24100 12961 I ChromePhotosDataPlane: phase=tls_material correlationId=c5 tlsMaterialMs=17.475
09-08 08:09:42.599 24100 12961 I ChromePhotosDataPlane: phase=tls_ready correlationId=c5 hostClass=network hostHash=bf52830e11f43bb6 clientProtocol=http/1.1 ca=42e0f97fefe4bb3f
09-08 08:09:42.720 24100 12947 I ChromePhotosDataPlane: origin=real hostClass=network hostHash=c350913878bceb2f method=GET clientProtocol=http/1.1 upstreamProtocol=h2 status=200 contentType=application/json bytesOut=55 transfer=fixed upstreamHeadersMs=372.054 downstreamWriteMs=1.533
09-08 08:09:43.089 24100 12961 I ChromePhotosDataPlane: origin=real hostClass=network hostHash=bf52830e11f43bb6 method=GET clientProtocol=http/1.1 upstreamProtocol=h2 status=200 contentType=image/png bytesIn=719 bytesOut=719 cache=miss decision=safe reason=model_allow source=engine probability=0.039679587 basis=None decodeMs=11.825 inferenceMs=306.357 inferenceQueueMs=1.872 localDecisionMs=321.401  bodyAdmissionMs=0.060 bodyReadMs=0.436 hashMs=0.718 requestToDeliveryMs=488.995 upstreamHeadersMs=162.377 sanitizeMs=323.722 downstreamWriteMs=0.569
09-08 08:09:43.145 24100 12973 I ChromePhotosDataPlane: phase=worker_ready correlationId=c6 admissionWaitMs=19.092
09-08 08:09:43.162 24100 12973 I ChromePhotosDataPlane: phase=tls_certificate correlationId=c6 tlsCacheHit=true tlsCacheWaitMs=0.015 tlsCreationMs=0.000
09-08 08:09:43.162 24100 12973 I ChromePhotosDataPlane: phase=tls_material correlationId=c6 tlsMaterialMs=0.311
09-08 08:09:43.171 24100 12973 I ChromePhotosDataPlane: phase=tls_ready correlationId=c6 hostClass=network hostHash=191347bfe55d0ca9 clientProtocol=http/1.1 ca=42e0f97fefe4bb3f
09-08 08:09:43.238 24100 12973 I ChromePhotosDataPlane: origin=real hostClass=network hostHash=191347bfe55d0ca9 method=POST clientProtocol=http/1.1 upstreamProtocol=h2 status=204 contentType=text/html bytesOut=0 transfer=fixed upstreamHeadersMs=62.099 downstreamWriteMs=0.503
09-08 08:09:43.254 24100 12894 I ChromePhotosDataPlane: origin=real hostClass=network hostHash=191347bfe55d0ca9 method=GET clientProtocol=http/1.1 upstreamProtocol=h2 status=200 contentType=image/webp bytesIn=2070 bytesOut=2070 cache=miss decision=safe reason=model_allow source=engine probability=0.093275934 basis=None decodeMs=7.663 inferenceMs=642.865 inferenceQueueMs=0.435 localDecisionMs=657.721  bodyAdmissionMs=0.026 bodyReadMs=0.111 hashMs=0.184 requestToDeliveryMs=708.021 upstreamHeadersMs=47.447 sanitizeMs=658.628 downstreamWriteMs=0.551
09-08 08:09:43.271 24100 12979 I ChromePhotosDataPlane: phase=worker_ready correlationId=c7 admissionWaitMs=4.998
09-08 08:09:43.335 24100 12979 I ChromePhotosDataPlane: phase=tls_certificate correlationId=c7 tlsCacheHit=false tlsCacheWaitMs=0.013 tlsCreationMs=16.552
09-08 08:09:43.335 24100 12979 I ChromePhotosDataPlane: phase=tls_material correlationId=c7 tlsMaterialMs=16.872
09-08 08:09:43.341 24100 12979 I ChromePhotosDataPlane: phase=tls_ready correlationId=c7 hostClass=network hostHash=abf8fbf760ef2a86 clientProtocol=http/1.1 ca=42e0f97fefe4bb3f
09-08 08:09:43.622 24100 12894 I ChromePhotosDataPlane: origin=real hostClass=network hostHash=191347bfe55d0ca9 method=POST clientProtocol=http/1.1 upstreamProtocol=h2 status=204 contentType=text/html bytesOut=0 transfer=fixed upstreamHeadersMs=50.942 downstreamWriteMs=0.318
09-08 08:09:43.648 24100 12979 I ChromePhotosDataPlane: origin=real hostClass=network hostHash=abf8fbf760ef2a86 method=GET clientProtocol=http/1.1 upstreamProtocol=h2 status=200 contentType=image/png bytesIn=0 bytesOut=704 cache=miss decision=unknown reason=encoded_image_unsupported source=error probability=-1.0 basis=none decodeMs=0.000 inferenceMs=0.000 inferenceQueueMs=0.000 localDecisionMs=0.000   requestToDeliveryMs=306.319 upstreamHeadersMs=304.960 sanitizeMs=0.096 downstreamWriteMs=0.316
09-08 08:09:43.757 24100 12894 I ChromePhotosDataPlane: origin=real hostClass=network hostHash=191347bfe55d0ca9 method=POST clientProtocol=http/1.1 upstreamProtocol=h2 status=204 contentType=text/html bytesOut=0 transfer=fixed upstreamHeadersMs=80.218 downstreamWriteMs=0.357
09-08 08:09:43.789 24100 12973 I ChromePhotosDataPlane: origin=real hostClass=network hostHash=191347bfe55d0ca9 method=GET clientProtocol=http/1.1 upstreamProtocol=h2 status=200 contentType=text/javascript bytesOut=28320 transfer=fixed upstreamHeadersMs=62.781 downstreamWriteMs=4.135
09-08 08:09:43.827 24100 12989 I ChromePhotosDataPlane: phase=worker_ready correlationId=c8 admissionWaitMs=0.611
09-08 08:09:43.871 24100 12989 I ChromePhotosDataPlane: phase=tls_certificate correlationId=c8 tlsCacheHit=false tlsCacheWaitMs=0.012 tlsCreationMs=15.517
09-08 08:09:43.871 24100 12989 I ChromePhotosDataPlane: phase=tls_material correlationId=c8 tlsMaterialMs=15.965
09-08 08:09:43.878 24100 12989 I ChromePhotosDataPlane: phase=tls_ready correlationId=c8 hostClass=network hostHash=eaadc6f5c45b9f47 clientProtocol=http/1.1 ca=42e0f97fefe4bb3f
09-08 08:09:43.953 24100 12973 I ChromePhotosDataPlane: origin=real hostClass=network hostHash=191347bfe55d0ca9 method=GET clientProtocol=http/1.1 upstreamProtocol=h2 status=200 contentType=application/json bytesOut=16 transfer=fixed upstreamHeadersMs=64.187 downstreamWriteMs=0.521
09-08 08:09:44.025 24100 12996 I ChromePhotosDataPlane: phase=worker_ready correlationId=c9 admissionWaitMs=0.531
09-08 08:09:44.030 24100 12999 I ChromePhotosDataPlane: phase=worker_ready correlationId=c10 admissionWaitMs=0.489
09-08 08:09:44.035 24100 12999 I ChromePhotosDataPlane: phase=tls_certificate correlationId=c10 tlsCacheHit=true tlsCacheWaitMs=0.017 tlsCreationMs=0.000
09-08 08:09:44.035 24100 12999 I ChromePhotosDataPlane: phase=tls_material correlationId=c10 tlsMaterialMs=0.203
09-08 08:09:44.045 24100 12989 I ChromePhotosDataPlane: origin=real hostClass=network hostHash=eaadc6f5c45b9f47 method=POST clientProtocol=http/1.1 upstreamProtocol=h2 status=200 contentType=application/json+protobuf bytesOut=39 transfer=fixed upstreamHeadersMs=164.285 downstreamWriteMs=0.425
09-08 08:09:44.047 24100 12999 I ChromePhotosDataPlane: phase=tls_ready correlationId=c10 hostClass=network hostHash=191347bfe55d0ca9 clientProtocol=http/1.1 ca=42e0f97fefe4bb3f
09-08 08:09:44.080 24100 12996 I ChromePhotosDataPlane: phase=tls_certificate correlationId=c9 tlsCacheHit=false tlsCacheWaitMs=0.010 tlsCreationMs=18.735
09-08 08:09:44.080 24100 12996 I ChromePhotosDataPlane: phase=tls_material correlationId=c9 tlsMaterialMs=19.048
09-08 08:09:44.089 24100 12996 I ChromePhotosDataPlane: phase=tls_ready correlationId=c9 hostClass=network hostHash=73a1220668a1b571 clientProtocol=http/1.1 ca=42e0f97fefe4bb3f
09-08 08:09:44.094 24100 12999 I ChromePhotosDataPlane: origin=real hostClass=network hostHash=191347bfe55d0ca9 method=GET clientProtocol=http/1.1 upstreamProtocol=h2 status=200 contentType=image/png bytesIn=0 bytesOut=704 cache=miss decision=unknown reason=encoded_image_unsupported source=error probability=-1.0 basis=none decodeMs=0.000 inferenceMs=0.000 inferenceQueueMs=0.000 localDecisionMs=0.000   requestToDeliveryMs=43.266 upstreamHeadersMs=41.732 sanitizeMs=0.120 downstreamWriteMs=0.305
09-08 08:09:44.095 24100 13005 I ChromePhotosDataPlane: phase=worker_ready correlationId=c12 admissionWaitMs=6.494
09-08 08:09:44.096 24100 13003 I ChromePhotosDataPlane: phase=worker_ready correlationId=c11 admissionWaitMs=9.014
09-08 08:09:44.096 24100 13006 I ChromePhotosDataPlane: phase=worker_ready correlationId=c13 admissionWaitMs=5.489
09-08 08:09:44.102 24100 13003 I ChromePhotosDataPlane: phase=tls_certificate correlationId=c11 tlsCacheHit=true tlsCacheWaitMs=0.008 tlsCreationMs=0.000
09-08 08:09:44.102 24100 13003 I ChromePhotosDataPlane: phase=tls_material correlationId=c11 tlsMaterialMs=0.301
09-08 08:09:44.104 24100 13005 I ChromePhotosDataPlane: phase=tls_certificate correlationId=c12 tlsCacheHit=true tlsCacheWaitMs=0.008 tlsCreationMs=0.000
09-08 08:09:44.104 24100 13005 I ChromePhotosDataPlane: phase=tls_material correlationId=c12 tlsMaterialMs=0.187
09-08 08:09:44.104 24100 13006 I ChromePhotosDataPlane: phase=tls_certificate correlationId=c13 tlsCacheHit=true tlsCacheWaitMs=0.005 tlsCreationMs=0.000
09-08 08:09:44.104 24100 13006 I ChromePhotosDataPlane: phase=tls_material correlationId=c13 tlsMaterialMs=0.109
09-08 08:09:44.112 24100 13003 I ChromePhotosDataPlane: phase=tls_ready correlationId=c11 hostClass=network hostHash=73a1220668a1b571 clientProtocol=http/1.1 ca=42e0f97fefe4bb3f
09-08 08:09:44.113 24100 13005 I ChromePhotosDataPlane: phase=tls_ready correlationId=c12 hostClass=network hostHash=73a1220668a1b571 clientProtocol=http/1.1 ca=42e0f97fefe4bb3f
09-08 08:09:44.113 24100 12973 I ChromePhotosDataPlane: origin=real hostClass=network hostHash=191347bfe55d0ca9 method=GET clientProtocol=http/1.1 upstreamProtocol=h2 status=200 contentType=text/javascript bytesOut=20478 transfer=fixed upstreamHeadersMs=66.579 downstreamWriteMs=1.828
09-08 08:09:44.119 24100 13006 I ChromePhotosDataPlane: phase=tls_ready correlationId=c13 hostClass=network hostHash=73a1220668a1b571 clientProtocol=http/1.1 ca=42e0f97fefe4bb3f
09-08 08:09:44.152 24100 13011 I ChromePhotosDataPlane: phase=worker_ready correlationId=c14 admissionWaitMs=4.262
09-08 08:09:44.218 24100 13011 I ChromePhotosDataPlane: phase=tls_certificate correlationId=c14 tlsCacheHit=false tlsCacheWaitMs=0.022 tlsCreationMs=28.336
09-08 08:09:44.218 24100 13011 I ChromePhotosDataPlane: phase=tls_material correlationId=c14 tlsMaterialMs=28.700
09-08 08:09:44.226 24100 13011 I ChromePhotosDataPlane: phase=tls_ready correlationId=c14 hostClass=network hostHash=531c0c97f236d51c clientProtocol=http/1.1 ca=42e0f97fefe4bb3f
09-08 08:09:44.387 24100 12996 I ChromePhotosDataPlane: origin=real hostClass=network hostHash=73a1220668a1b571 method=GET clientProtocol=http/1.1 upstreamProtocol=h2 status=200 contentType=image/png bytesIn=7389 bytesOut=704 cache=miss decision=block reason=model_filter source=engine probability=0.9777452 basis=FullStrong decodeMs=3.331 inferenceMs=156.543 inferenceQueueMs=0.090 localDecisionMs=163.814  bodyAdmissionMs=0.020 bodyReadMs=0.087 hashMs=0.229 requestToDeliveryMs=292.715 upstreamHeadersMs=126.734 sanitizeMs=164.410 downstreamWriteMs=0.514
09-08 08:09:44.398 24100 12973 I ChromePhotosDataPlane: phase=media_shield_ready origin=same_origin result=200 bytesOut=18234
09-08 08:09:44.455 24100 13022 I ChromePhotosDataPlane: phase=worker_ready correlationId=c15 admissionWaitMs=8.147
09-08 08:09:44.459 24100 13023 I ChromePhotosDataPlane: phase=worker_ready correlationId=c16 admissionWaitMs=7.177
09-08 08:09:44.493 24100 13005 I ChromePhotosDataPlane: origin=real hostClass=network hostHash=73a1220668a1b571 method=GET clientProtocol=http/1.1 upstreamProtocol=h2 status=200 contentType=image/png bytesIn=41831 bytesOut=704 cache=miss decision=block reason=model_filter source=engine probability=0.70220387 basis=FullThreshold decodeMs=12.360 inferenceMs=192.908 inferenceQueueMs=0.444 localDecisionMs=206.429  bodyAdmissionMs=0.016 bodyReadMs=36.966 hashMs=0.626 requestToDeliveryMs=373.864 upstreamHeadersMs=127.220 sanitizeMs=244.329 downstreamWriteMs=0.587
09-08 08:09:44.520 24100 12973 I ChromePhotosDataPlane: origin=real hostClass=network hostHash=191347bfe55d0ca9 method=POST clientProtocol=http/1.1 upstreamProtocol=h2 status=204 contentType=text/html bytesOut=0 transfer=fixed upstreamHeadersMs=61.527 downstreamWriteMs=0.612
09-08 08:09:44.549 24100 13022 I ChromePhotosDataPlane: phase=tls_certificate correlationId=c15 tlsCacheHit=false tlsCacheWaitMs=0.017 tlsCreationMs=42.307
09-08 08:09:44.549 24100 13022 I ChromePhotosDataPlane: phase=tls_material correlationId=c15 tlsMaterialMs=43.739
09-08 08:09:44.550 24100 13023 I ChromePhotosDataPlane: phase=tls_certificate correlationId=c16 tlsCacheHit=true tlsCacheWaitMs=43.623 tlsCreationMs=0.000
09-08 08:09:44.550 24100 13023 I ChromePhotosDataPlane: phase=tls_material correlationId=c16 tlsMaterialMs=43.966
09-08 08:09:44.563 24100 13022 I ChromePhotosDataPlane: phase=tls_ready correlationId=c15 hostClass=network hostHash=3eac1e980287c7ce clientProtocol=http/1.1 ca=42e0f97fefe4bb3f
09-08 08:09:44.565 24100 13023 I ChromePhotosDataPlane: phase=tls_ready correlationId=c16 hostClass=network hostHash=3eac1e980287c7ce clientProtocol=http/1.1 ca=42e0f97fefe4bb3f
09-08 08:09:44.570 24100 13006 I ChromePhotosDataPlane: origin=real hostClass=network hostHash=73a1220668a1b571 method=GET clientProtocol=http/1.1 upstreamProtocol=h2 status=200 contentType=image/png bytesIn=5545 bytesOut=704 cache=miss decision=block reason=model_filter source=engine probability=0.9786568 basis=FullStrong decodeMs=3.025 inferenceMs=175.092 inferenceQueueMs=0.067 localDecisionMs=180.663  bodyAdmissionMs=125.145 bodyReadMs=0.111 hashMs=0.197 requestToDeliveryMs=450.004 upstreamHeadersMs=141.928 sanitizeMs=306.294 downstreamWriteMs=0.470
09-08 08:09:44.598 24100 12973 I ChromePhotosDataPlane: origin=real hostClass=network hostHash=191347bfe55d0ca9 method=POST clientProtocol=http/1.1 upstreamProtocol=h2 status=204 contentType=text/html bytesOut=0 transfer=fixed upstreamHeadersMs=67.169 downstreamWriteMs=0.317
09-08 08:09:44.614 24100 12894 I ChromePhotosDataPlane: origin=real hostClass=network hostHash=191347bfe55d0ca9 method=POST clientProtocol=http/1.1 upstreamProtocol=h2 status=204 contentType=text/html bytesOut=0 transfer=fixed upstreamHeadersMs=61.558 downstreamWriteMs=0.325
09-08 08:09:44.654 24100 13003 I ChromePhotosDataPlane: origin=real hostClass=network hostHash=73a1220668a1b571 method=GET clientProtocol=http/1.1 upstreamProtocol=h2 status=200 contentType=image/png bytesIn=30032 bytesOut=704 cache=miss decision=block reason=model_filter source=engine probability=0.98529774 basis=FullStrong decodeMs=4.849 inferenceMs=152.960 inferenceQueueMs=0.141 localDecisionMs=158.624  bodyAdmissionMs=218.138 bodyReadMs=0.318 hashMs=0.758 requestToDeliveryMs=538.436 upstreamHeadersMs=158.706 sanitizeMs=378.067 downstreamWriteMs=0.396
09-08 08:09:44.739 24100 13023 I ChromePhotosDataPlane: origin=real hostClass=network hostHash=3eac1e980287c7ce method=GET clientProtocol=http/1.1 upstreamProtocol=h2 status=200 contentType=image/png bytesIn=37 bytesOut=704 cache=miss decision=unknown reason=unsupported_gif source=error probability=-1.0 basis=none decodeMs=0.000 inferenceMs=0.000 inferenceQueueMs=0.000 localDecisionMs=0.000  bodyAdmissionMs=0.016 bodyReadMs=0.244 requestToDeliveryMs=172.094 upstreamHeadersMs=169.674 sanitizeMs=0.662 downstreamWriteMs=0.539
09-08 08:09:44.739 24100 13022 I ChromePhotosDataPlane: origin=real hostClass=network hostHash=3eac1e980287c7ce method=GET clientProtocol=http/1.1 upstreamProtocol=h2 status=200 contentType=image/png bytesIn=37 bytesOut=704 cache=miss decision=unknown reason=unsupported_gif source=error probability=-1.0 basis=none decodeMs=0.000 inferenceMs=0.000 inferenceQueueMs=0.000 localDecisionMs=0.000  bodyAdmissionMs=0.043 bodyReadMs=0.147 requestToDeliveryMs=173.311 upstreamHeadersMs=170.335 sanitizeMs=0.780 downstreamWriteMs=0.653
09-08 08:09:44.866 24100 12894 I ChromePhotosDataPlane: origin=real hostClass=network hostHash=191347bfe55d0ca9 method=POST clientProtocol=http/1.1 upstreamProtocol=h2 status=204 contentType=text/html bytesOut=0 transfer=fixed upstreamHeadersMs=57.082 downstreamWriteMs=0.248
09-08 08:09:44.946 24100 13036 I ChromePhotosDataPlane: phase=worker_ready correlationId=c17 admissionWaitMs=0.573
09-08 08:09:45.002 24100 13036 I ChromePhotosDataPlane: phase=tls_certificate correlationId=c17 tlsCacheHit=false tlsCacheWaitMs=0.007 tlsCreationMs=21.616
09-08 08:09:45.002 24100 13036 I ChromePhotosDataPlane: phase=tls_material correlationId=c17 tlsMaterialMs=21.925
09-08 08:09:45.008 24100 13036 I ChromePhotosDataPlane: phase=tls_ready correlationId=c17 hostClass=network hostHash=8e08d6d89d17a981 clientProtocol=http/1.1 ca=42e0f97fefe4bb3f
09-08 08:09:45.164 24100 12894 I ChromePhotosDataPlane: origin=real hostClass=network hostHash=191347bfe55d0ca9 method=GET clientProtocol=http/1.1 upstreamProtocol=h2 status=200 contentType=application/octet-stream bytesOut=123153 transfer=chunked upstreamHeadersMs=67.360 downstreamWriteMs=32.201
09-08 08:09:45.184 24100 13036 I ChromePhotosDataPlane: origin=real hostClass=network hostHash=8e08d6d89d17a981 method=POST clientProtocol=http/1.1 upstreamProtocol=h2 status=200 contentType=image/png bytesIn=0 bytesOut=704 cache=miss decision=unknown reason=encoded_image_unsupported source=error probability=-1.0 basis=none decodeMs=0.000 inferenceMs=0.000 inferenceQueueMs=0.000 localDecisionMs=0.000   requestToDeliveryMs=174.115 upstreamHeadersMs=162.742 sanitizeMs=0.235 downstreamWriteMs=0.781
09-08 08:09:45.311 24100 13036 I ChromePhotosDataPlane: origin=real hostClass=network hostHash=8e08d6d89d17a981 method=POST clientProtocol=http/1.1 upstreamProtocol=h2 status=200 contentType=image/png bytesIn=0 bytesOut=704 cache=miss decision=unknown reason=encoded_image_unsupported source=error probability=-1.0 basis=none decodeMs=0.000 inferenceMs=0.000 inferenceQueueMs=0.000 localDecisionMs=0.000   requestToDeliveryMs=53.214 upstreamHeadersMs=51.792 sanitizeMs=0.085 downstreamWriteMs=0.332
09-08 08:09:46.333 24100 13036 I ChromePhotosDataPlane: origin=real hostClass=network hostHash=8e08d6d89d17a981 method=POST clientProtocol=http/1.1 upstreamProtocol=h2 status=200 contentType=image/png bytesIn=0 bytesOut=704 cache=miss decision=unknown reason=encoded_image_unsupported source=error probability=-1.0 basis=none decodeMs=0.000 inferenceMs=0.000 inferenceQueueMs=0.000 localDecisionMs=0.000   requestToDeliveryMs=59.121 upstreamHeadersMs=52.828 sanitizeMs=0.356 downstreamWriteMs=2.881
09-08 08:09:46.346 24100 12894 I ChromePhotosDataPlane: origin=real hostClass=network hostHash=191347bfe55d0ca9 method=GET clientProtocol=http/1.1 upstreamProtocol=h2 status=200 contentType=application/json bytesOut=17 transfer=chunked upstreamHeadersMs=77.648 downstreamWriteMs=2.284
09-08 08:09:49.014 24100 24100 I ChromePhotosDataPlane: phase=status statusSequence=4 lifecycle=PresentationReady active=true ready=true connections=17 requests=33 safe=2 blocked=4 unknown=7 passthrough=15 cacheHits=0 cacheMisses=6 failures=0 clientDisconnects=0 bytesIn=1197093 bytesOut=1259355 streamed=14 proxyQueueRejects=0 proxyActivePeak=17 proxyP50Ms=111.042 proxyP95Ms=538.547 proxyP99Ms=708.165 upstreamSockets=13 protectSuccess=13 protectFailure=0 web11a=not_run web11b=not_run modelLoadMs=397.685 engineCalls=6 dedupeHits=0 decisionCacheConfig=64 decisionConcurrencyConfig=2 decisionQueueConfig=2 decisionTimeoutMs=5000 engineCallsPerRequest=1.0 inferencePeak=2 inFlightPeak=2 queuePeak=1 queueRejects=0 timeouts=0 inferenceP50Ms=175.091979 inferenceP95Ms=306.356667 inferenceP99Ms=306.356667 decisionP50Ms=180.663125 decisionP95Ms=321.400937 decisionP99Ms=321.400937 cacheHitP50Ms=0.0 cacheHitP95Ms=0.0 cacheEntries=6 cacheEvictions=0 preprocessP50Ms=4.849218 preprocessP95Ms=11.825157 preprocessP99Ms=11.825157 preparedCount1=5 preparedCount4=1 preparedCount5=0 preparedCountOther=0 decisionBasis=FullStrong:3,FullThreshold:1,None:2 imageCandidates=13 imagePrefixPeeks=1 imageMagicCandidates=0 imageBodyAdmissionPeak=2 imageBodyAdmissionRejects=0 networkVisualCandidates=13 networkVisualReplaced=0 networkVisualRawDelivered=0 networkVisualSafeRawDelivered=2 networkVisualBlockedReplaced=4 networkVisualUnknownReplaced=0 networkVisualUnsupportedReplaced=7 networkVisualRawBlockedDelivered=0 networkVisualRawUnknownDelivered=0 networkVisualCacheHit=0 networkVisualInference=6 mediaDocumentsTransformed=1 mediaDocumentsFailClosed=0 documentTransformOutstanding=0 readyTokensOutstanding=1 uiSvgRegistered=1 uiSvgRegistryBytes=217 uiSvgCssRewritten=0 uiSvgCssRejected=0 uiSvgNetworkAccepted=0 uiSvgNetworkRejected=0 uiSvgAssetServed=0 uiSvgAssetRejected=0 h18=REPORT=not_run,EVENT_SEQUENCE=0,COMPAT_DOCS=0,STRICT_DOCS=0,STYLE_REQ=0,SCRIPT_REQ=0,DATA_REQ=0,NETWORK_REQ=0,REPORTS=0,LAST_DOC=none,NETWORK_SHA=ee17e3f62edde61823ce35732ea168f4f5986bff347ccfac063eca7f4009ee1b,AUDIT_SHA=74d4467bbf6833db4eeab998495b7dfc50db3b1f04f407704b839ad3f4b25582 h19=REPORT=not_run,DOCUMENTS=0,FRAMES=0,SCRIPTS=0,FIRST_ORIGINAL_SCRIPTS=0,STYLES=0,WORKERS=0,SERVICE_WORKERS=0,FRAME_REPORTS=0,FRAME_REPORT_REJECTS=0,FRAME_REPORT=not_run,FRAME_REPORT_SHA=not_run,FRAME_CHALLENGE_SHA=not_run,FRAME_GENERATION=0,FRAME_ACCEPTED_CHALLENGE_SHA=not_run,FRAME_REPORT_BINDING_SHA=not_run,SAME_URL_BODIES=0,REPORTS=0,SW_BOUNDARY={INSTALL_DOCS=0,WORKER_SCRIPTS=0,WORKER_PROBE_SCRIPTS=0,PROBE_DOCS=0,CLEANUP_DOCS=0,REPORTS_ACCEPTED=0,REPORTS_REJECTED=0,CONTROLLER_PRESENT=0,CONTROLLER_MISSING=0,NAV_FETCHES=0,SELF_READY_FETCHES=0,SELF_READY_PASS_THROUGH=0,SELF_READY_SYNTHETIC=0,NAV_SYNTHETIC=0,RESET_BASELINE_CLEAN=0,RESET_BASELINE_DIRTY=0,REGISTER_BLOCKED=0,REGISTER_SUCCEEDED=0,WORKER_REGISTER_BLOCKED=0,WORKER_REGISTER_SUCCEEDED=0,WORKER_REGISTER_UNSUPPORTED=0,WORKER_REGISTER_ERROR=0,LAST_CASE=none,LAST_EVENT=none,LAST_VALUE=none},UI_SVG={not_run} quicAttempts=0 directTcpAttempts=0 bootstrapResetGeneration=2 bootstrapCompleteGeneration=2 bootstrapResetCount=3 chromeSuspended=false guardSession=541 guardHeartbeatSequence=190 audit17State=0 audit17Navigation=0 audit17Events=14 audit17Dropped=0
09-08 08:09:49.014 24100 24100 I ChromeMediaShieldStatus: v=1 seq=4 kind=network mode=selective candidates=13 replaced=0 rawDelivered=0 safeRaw=2 blockedReplaced=4 unknownReplaced=0 unsupportedReplaced=7 rawBlocked=0 rawUnknown=0 cacheHit=0 decisionEngine=6 engineCalls=6
09-08 08:09:49.014 24100 24100 I ChromeMediaShieldStatus: v=1 seq=4 kind=document transformed=1 failClosed=0 outstanding=0 issued=1 claims=1 documentSequence=1 navigationSequence=1 readyRequests=3 readyPreflights=0 readyAccepted=1 readyRejected=0 parserBarrierRequests=0 parserBarrierReady=0 parserBarrierFailClosed=0 selfShield=true selfReadyRequests=1 selfReadyAccepted=1 selfReadyRejected=0 selfReadyRejectReason=none selfShieldReleaseCompleted=1 selfShieldParserContinued=1 selfShieldOriginalScriptStarted=0 selfShieldTraceRejected=0 selfShieldTraceOutstanding=0 bootstrapDiagnosticAccepted=0 bootstrapDiagnosticRejected=0 bootstrapDiagnosticRejectReason=none bootstrapDiagnosticStage=none bootstrapDiagnosticReason=none bootstrapDiagnosticOutstanding=0
09-08 08:09:49.014 24100 24100 I ChromeMediaShieldStatus: v=1 seq=4 kind=renderer reports=0 rejected=0 globalCallbacks=0 globalRecords=0 childRecords=0 attributeRecords=0 maxRecords=0 scanCalls=0 scanRoot=0 scanNodes=0 maxScanNodes=0 scanMicros=0 maxScanMicros=0 observerChildScans=0 observerAttributeScans=0 guardedScans=0 markupScans=0 shadowScans=0 initialScans=0 otherScans=0 sanitizeElement=0 sanitizeContainer=0 img=0 source=0 svg=0 iframe=0 canvas=0 video=0 safeIcon=0 lockIcon=0 geometryWrites=0 svgRecords=0 shadowRoots=0 shadowObservers=0 shadowCallbacks=0 shadowRecords=0 shadowScanCalls=0 ensureStyle=0 ensureCurtain=0 internalMutations=0
09-08 08:09:49.015 24100 24100 I ChromeMediaShieldStatus: v=1 seq=4 kind=rendererApis callScan=createElement=0/0 createElementNS=0/0 appendChild=0/0 insertBefore=0/0 replaceChild=0/0 append=0/0 prepend=0/0 replaceChildren=0/0 before=0/0 after=0/0 replaceWith=0/0 adjacentElement=0/0 moveBefore=0/0 rangeInsert=0/0 rangeSurround=0/0 adoptNode=0/0 cloneNode=0/0 importNode=0/0 safeMarkup=0/0 innerHTML=0/0 outerHTML=0/0 insertAdjacentHTML=0/0 setHTML=0/0 shadowInnerHTML=0/0 execCommandInsertHTML=0/0 mappedTextContent=0/0
09-08 08:09:49.015 24100 24100 I ChromeMediaShieldStatus: v=1 seq=4 kind=rendererFamilies roots=element/fragment/text/other factory:calls=0,scans=0,direct=0,roots=0/0/0/0,nodes=0,micros=0,maxMicros=0 domGuard:calls=0,scans=0,direct=0,roots=0/0/0/0,nodes=0,micros=0,maxMicros=0 markup:calls=0,scans=0,direct=0,roots=0/0/0/0,nodes=0,micros=0,maxMicros=0
09-08 08:09:49.015 24100 24100 I ChromeMediaShieldStatus: v=1 seq=4 kind=uiSvg registered=1 registryBytes=217 cssRewritten=0 cssRejected=0 networkAccepted=0 networkRejected=0 assetServed=0 assetRejected=0
09-08 08:09:49.015 24100 24100 I ChromeMediaShieldStatus: v=1 seq=4 kind=health failures=0 clientDisconnects=0 proxyQueueRejects=0 protectFailure=0 quicAttempts=0 directTcpAttempts=0 active=true ready=true
09-08 08:09:49.015 24100 24100 I ChromeMediaShieldStatus: v=1 seq=4 kind=fixture report=REPORT=not_run,DOCUMENTS=0,FRAMES=0,SCRIPTS=0,FIRST_ORIGINAL_SCRIPTS=0,STYLES=0,WORKERS=0,SERVICE_WORKERS=0,FRAME_REPORTS=0,FRAME_REPORT_REJECTS=0,FRAME_REPORT=not_run,FRAME_REPORT_SHA=not_run,FRAME_CHALLENGE_SHA=not_run,FRAME_GENERATION=0,FRAME_ACCEPTED_CHALLENGE_SHA=not_run,FRAME_REPORT_BINDING_SHA=not_run,SAME_URL_BODIES=0,REPORTS=0,SW_BOUNDARY={INSTALL_DOCS=0,WORKER_SCRIPTS=0,WORKER_PROBE_SCRIPTS=0,PROBE_DOCS=0,CLEANUP_DOCS=0,REPORTS_ACCEPTED=0,REPORTS_REJECTED=0,CONTROLLER_PRESENT=0,CONTROLLER_MISSING=0,NAV_FETCHES=0,SELF_READY_FETCHES=0,SELF_READY_PASS_THROUGH=0,SELF_READY_SYNTHETIC=0,NAV_SYNTHETIC=0,RESET_BASELINE_CLEAN=0,RESET_BASELINE_DIRTY=0,REGISTER_BLOCKED=0,REGISTER_SUCCEEDED=0,WORKER_REGISTER_BLOCKED=0,WORKER_REGISTER_SUCCEEDED=0,WORKER_REGISTER_UNSUPPORTED=0,WORKER_REGISTER_ERROR=0,LAST_CASE=none,LAST_EVENT=none,LAST_VALUE=none},UI_SVG={not_run}
09-08 08:10:38.915 24100 13086 I ChromePhotosDataPlane: phase=worker_ready correlationId=c18 admissionWaitMs=2.354
09-08 08:10:38.940 24100 13089 I ChromePhotosDataPlane: phase=worker_ready correlationId=c19 admissionWaitMs=1.560
09-08 08:10:38.961 24100 13086 I ChromePhotosDataPlane: phase=tls_certificate correlationId=c18 tlsCacheHit=false tlsCacheWaitMs=0.021 tlsCreationMs=35.809
09-08 08:10:38.961 24100 13089 I ChromePhotosDataPlane: phase=tls_certificate correlationId=c19 tlsCacheHit=true tlsCacheWaitMs=14.824 tlsCreationMs=0.000
09-08 08:10:38.961 24100 13089 I ChromePhotosDataPlane: phase=tls_material correlationId=c19 tlsMaterialMs=14.995
09-08 08:10:38.961 24100 13086 I ChromePhotosDataPlane: phase=tls_material correlationId=c18 tlsMaterialMs=36.261
09-08 08:10:38.968 24100 13089 I ChromePhotosDataPlane: phase=tls_ready correlationId=c19 hostClass=fixture hostHash=1c728e158a8cddb0 clientProtocol=http/1.1 ca=42e0f97fefe4bb3f
09-08 08:10:38.969 24100 13086 I ChromePhotosDataPlane: phase=tls_ready correlationId=c18 hostClass=fixture hostHash=1c728e158a8cddb0 clientProtocol=http/1.1 ca=42e0f97fefe4bb3f
09-08 08:10:39.014 24100 13089 I ChromePhotosDataPlane: phase=media_shield_document origin=fixture resource=fixture-index result=transformed documentSequence=2 navigationSequence=2 token=f7e6bfabb82b bytesOut=120276
09-08 08:10:39.128 24100 13110 I ChromePhotosDataPlane: phase=worker_ready correlationId=c20 admissionWaitMs=5.110
09-08 08:10:39.132 24100 13111 I ChromePhotosDataPlane: phase=worker_ready correlationId=c21 admissionWaitMs=5.280
09-08 08:10:39.136 24100 13112 I ChromePhotosDataPlane: phase=worker_ready correlationId=c22 admissionWaitMs=2.426
09-08 08:10:39.155 24100 13112 I ChromePhotosDataPlane: phase=tls_certificate correlationId=c22 tlsCacheHit=true tlsCacheWaitMs=0.010 tlsCreationMs=0.000
09-08 08:10:39.155 24100 13112 I ChromePhotosDataPlane: phase=tls_material correlationId=c22 tlsMaterialMs=0.285
09-08 08:10:39.164 24100 13112 I ChromePhotosDataPlane: phase=tls_ready correlationId=c22 hostClass=network hostHash=191347bfe55d0ca9 clientProtocol=http/1.1 ca=42e0f97fefe4bb3f
09-08 08:10:39.164 24100 13110 I ChromePhotosDataPlane: phase=tls_certificate correlationId=c20 tlsCacheHit=false tlsCacheWaitMs=0.013 tlsCreationMs=19.944
09-08 08:10:39.164 24100 13110 I ChromePhotosDataPlane: phase=tls_material correlationId=c20 tlsMaterialMs=20.232
09-08 08:10:39.166 24100 13126 I ChromePhotosDataPlane: phase=worker_ready correlationId=c23 admissionWaitMs=0.905
09-08 08:10:39.168 24100 13127 I ChromePhotosDataPlane: phase=worker_ready correlationId=c24 admissionWaitMs=0.809
09-08 08:10:39.171 24100 13126 I ChromePhotosDataPlane: phase=tls_certificate correlationId=c23 tlsCacheHit=true tlsCacheWaitMs=0.007 tlsCreationMs=0.000
09-08 08:10:39.171 24100 13126 I ChromePhotosDataPlane: phase=tls_material correlationId=c23 tlsMaterialMs=0.159
09-08 08:10:39.173 24100 13110 I ChromePhotosDataPlane: phase=tls_ready correlationId=c20 hostClass=network hostHash=9b0ff8cd24a50ec9 clientProtocol=http/1.1 ca=42e0f97fefe4bb3f
09-08 08:10:39.174 24100 13089 I ChromePhotosDataPlane: phase=media_shield_ready result=204 bytesOut=0
09-08 08:10:39.179 24100 13127 I ChromePhotosDataPlane: phase=tls_certificate correlationId=c24 tlsCacheHit=true tlsCacheWaitMs=0.007 tlsCreationMs=0.000
09-08 08:10:39.179 24100 13127 I ChromePhotosDataPlane: phase=tls_material correlationId=c24 tlsMaterialMs=0.222
09-08 08:10:39.180 24100 13126 I ChromePhotosDataPlane: phase=tls_ready correlationId=c23 hostClass=network hostHash=191347bfe55d0ca9 clientProtocol=http/1.1 ca=42e0f97fefe4bb3f
09-08 08:10:39.183 24100 13089 I ChromePhotosDataPlane: phase=media_shield_ready result=204 bytesOut=0
09-08 08:10:39.195 24100 13089 I ChromePhotosDataPlane: phase=media_shield_ready result=204 bytesOut=0
09-08 08:10:39.196 24100 13127 I ChromePhotosDataPlane: phase=tls_ready correlationId=c24 hostClass=network hostHash=191347bfe55d0ca9 clientProtocol=http/1.1 ca=42e0f97fefe4bb3f
09-08 08:10:39.203 24100 13111 I ChromePhotosDataPlane: phase=tls_certificate correlationId=c21 tlsCacheHit=false tlsCacheWaitMs=0.007 tlsCreationMs=20.339
09-08 08:10:39.204 24100 13111 I ChromePhotosDataPlane: phase=tls_material correlationId=c21 tlsMaterialMs=20.769
09-08 08:10:39.212 24100 13132 I ChromePhotosDataPlane: phase=worker_ready correlationId=c25 admissionWaitMs=8.691
09-08 08:10:39.213 24100 13133 I ChromePhotosDataPlane: phase=worker_ready correlationId=c26 admissionWaitMs=5.572
09-08 08:10:39.216 24100 13133 I ChromePhotosDataPlane: phase=tls_certificate correlationId=c26 tlsCacheHit=true tlsCacheWaitMs=0.010 tlsCreationMs=0.000
09-08 08:10:39.216 24100 13133 I ChromePhotosDataPlane: phase=tls_material correlationId=c26 tlsMaterialMs=0.254
09-08 08:10:39.218 24100 13136 I ChromePhotosDataPlane: phase=worker_ready correlationId=c29 admissionWaitMs=3.106
09-08 08:10:39.220 24100 13135 I ChromePhotosDataPlane: phase=worker_ready correlationId=c28 admissionWaitMs=7.152
09-08 08:10:39.222 24100 13134 I ChromePhotosDataPlane: phase=worker_ready correlationId=c27 admissionWaitMs=10.401
09-08 08:10:39.224 24100 13137 I ChromePhotosDataPlane: phase=worker_ready correlationId=c30 admissionWaitMs=5.691
09-08 08:10:39.225 24100 13132 I ChromePhotosDataPlane: phase=tls_certificate correlationId=c25 tlsCacheHit=true tlsCacheWaitMs=0.008 tlsCreationMs=0.000
09-08 08:10:39.225 24100 13132 I ChromePhotosDataPlane: phase=tls_material correlationId=c25 tlsMaterialMs=0.203
09-08 08:10:39.231 24100 13157 I ChromePhotosDataPlane: phase=worker_ready correlationId=c31 admissionWaitMs=0.635
09-08 08:10:39.235 24100 13112 I ChromePhotosDataPlane: origin=real hostClass=network hostHash=191347bfe55d0ca9 method=POST clientProtocol=http/1.1 upstreamProtocol=h2 status=204 contentType=text/html bytesOut=0 transfer=fixed upstreamHeadersMs=62.067 downstreamWriteMs=0.496
09-08 08:10:39.235 24100 13133 I ChromePhotosDataPlane: phase=tls_ready correlationId=c26 hostClass=network hostHash=9b0ff8cd24a50ec9 clientProtocol=http/1.1 ca=42e0f97fefe4bb3f
09-08 08:10:39.242 24100 13089 I ChromePhotosDataPlane: resource=fixture-lease-script origin=fixture_local destination=chrome protocol=http/1.1 method=GET status=200 bytesIn=285 bytesOut=285 decision=passthrough 
09-08 08:10:39.245 24100 13111 I ChromePhotosDataPlane: phase=tls_ready correlationId=c21 hostClass=network hostHash=80255870a6218fe0 clientProtocol=http/1.1 ca=42e0f97fefe4bb3f
09-08 08:10:39.254 24100 13132 I ChromePhotosDataPlane: phase=tls_ready correlationId=c25 hostClass=network hostHash=9b0ff8cd24a50ec9 clientProtocol=http/1.1 ca=42e0f97fefe4bb3f
09-08 08:10:39.255 24100 13127 I ChromePhotosDataPlane: origin=real hostClass=network hostHash=191347bfe55d0ca9 method=POST clientProtocol=http/1.1 upstreamProtocol=h2 status=204 contentType=text/html bytesOut=0 transfer=fixed upstreamHeadersMs=54.403 downstreamWriteMs=0.474
09-08 08:10:39.259 24100 13135 I ChromePhotosDataPlane: phase=tls_certificate correlationId=c28 tlsCacheHit=false tlsCacheWaitMs=0.020 tlsCreationMs=26.698
09-08 08:10:39.259 24100 13135 I ChromePhotosDataPlane: phase=tls_material correlationId=c28 tlsMaterialMs=27.123
09-08 08:10:39.268 24100 13126 I ChromePhotosDataPlane: origin=real hostClass=network hostHash=191347bfe55d0ca9 method=POST clientProtocol=http/1.1 upstreamProtocol=h2 status=204 contentType=text/html bytesOut=0 transfer=fixed upstreamHeadersMs=84.042 downstreamWriteMs=0.532
09-08 08:10:39.292 24100 13135 I ChromePhotosDataPlane: phase=tls_ready correlationId=c28 hostClass=network hostHash=1f6baa4a359d00da clientProtocol=http/1.1 ca=42e0f97fefe4bb3f
09-08 08:10:39.296 24100 13175 I ChromePhotosDataPlane: phase=worker_ready correlationId=c32 admissionWaitMs=27.101
09-08 08:10:39.298 24100 13178 I ChromePhotosDataPlane: phase=worker_ready correlationId=c35 admissionWaitMs=0.648
09-08 08:10:39.301 24100 13134 I ChromePhotosDataPlane: phase=tls_certificate correlationId=c27 tlsCacheHit=false tlsCacheWaitMs=5.055 tlsCreationMs=41.556
09-08 08:10:39.301 24100 13134 I ChromePhotosDataPlane: phase=tls_material correlationId=c27 tlsMaterialMs=46.816
09-08 08:10:39.302 24100 13176 I ChromePhotosDataPlane: phase=worker_ready correlationId=c33 admissionWaitMs=8.016
09-08 08:10:39.303 24100 13177 I ChromePhotosDataPlane: phase=worker_ready correlationId=c34 admissionWaitMs=7.018
09-08 08:10:39.306 24100 13178 I ChromePhotosDataPlane: phase=tls_certificate correlationId=c35 tlsCacheHit=true tlsCacheWaitMs=0.010 tlsCreationMs=0.000
09-08 08:10:39.306 24100 13178 I ChromePhotosDataPlane: phase=tls_material correlationId=c35 tlsMaterialMs=0.245
09-08 08:10:39.307 24100 13134 I ChromePhotosDataPlane: phase=tls_ready correlationId=c27 hostClass=network hostHash=3aeb002460381c6f clientProtocol=http/1.1 ca=42e0f97fefe4bb3f
09-08 08:10:39.319 24100 13178 I ChromePhotosDataPlane: phase=tls_ready correlationId=c35 hostClass=fixture hostHash=1c728e158a8cddb0 clientProtocol=http/1.1 ca=42e0f97fefe4bb3f
09-08 08:10:39.342 24100 13178 I ChromePhotosDataPlane: phase=presentation_ready fixture=visible heartbeat=fresh failSafe=armed
09-08 08:10:39.356 24100 13136 I ChromePhotosDataPlane: phase=tls_certificate correlationId=c29 tlsCacheHit=false tlsCacheWaitMs=0.012 tlsCreationMs=26.733
09-08 08:10:39.356 24100 13157 I ChromePhotosDataPlane: phase=tls_certificate correlationId=c31 tlsCacheHit=true tlsCacheWaitMs=26.658 tlsCreationMs=0.000
09-08 08:10:39.356 24100 13136 I ChromePhotosDataPlane: phase=tls_material correlationId=c29 tlsMaterialMs=27.078
09-08 08:10:39.356 24100 13157 I ChromePhotosDataPlane: phase=tls_material correlationId=c31 tlsMaterialMs=26.790
09-08 08:10:39.356 24100 13175 I ChromePhotosDataPlane: phase=tls_certificate correlationId=c32 tlsCacheHit=true tlsCacheWaitMs=26.137 tlsCreationMs=0.000
09-08 08:10:39.356 24100 13175 I ChromePhotosDataPlane: phase=tls_material correlationId=c32 tlsMaterialMs=26.292
09-08 08:10:39.356 24100 13137 I ChromePhotosDataPlane: phase=tls_certificate correlationId=c30 tlsCacheHit=true tlsCacheWaitMs=24.093 tlsCreationMs=0.000
09-08 08:10:39.356 24100 13137 I ChromePhotosDataPlane: phase=tls_material correlationId=c30 tlsMaterialMs=24.299
09-08 08:10:39.357 24100 13176 I ChromePhotosDataPlane: phase=tls_certificate correlationId=c33 tlsCacheHit=true tlsCacheWaitMs=23.005 tlsCreationMs=0.000
09-08 08:10:39.357 24100 13177 I ChromePhotosDataPlane: phase=tls_certificate correlationId=c34 tlsCacheHit=true tlsCacheWaitMs=22.787 tlsCreationMs=0.000
09-08 08:10:39.357 24100 13176 I ChromePhotosDataPlane: phase=tls_material correlationId=c33 tlsMaterialMs=23.207
09-08 08:10:39.357 24100 13177 I ChromePhotosDataPlane: phase=tls_material correlationId=c34 tlsMaterialMs=22.890
09-08 08:10:39.366 24100 13136 I ChromePhotosDataPlane: phase=tls_ready correlationId=c29 hostClass=network hostHash=466884c463494e8a clientProtocol=http/1.1 ca=42e0f97fefe4bb3f
09-08 08:10:39.366 24100 13137 I ChromePhotosDataPlane: phase=tls_ready correlationId=c30 hostClass=network hostHash=466884c463494e8a clientProtocol=http/1.1 ca=42e0f97fefe4bb3f
09-08 08:10:39.366 24100 13175 I ChromePhotosDataPlane: phase=tls_ready correlationId=c32 hostClass=network hostHash=466884c463494e8a clientProtocol=http/1.1 ca=42e0f97fefe4bb3f
09-08 08:10:39.366 24100 13157 I ChromePhotosDataPlane: phase=tls_ready correlationId=c31 hostClass=network hostHash=466884c463494e8a clientProtocol=http/1.1 ca=42e0f97fefe4bb3f
09-08 08:10:39.369 24100 13176 I ChromePhotosDataPlane: phase=tls_ready correlationId=c33 hostClass=network hostHash=466884c463494e8a clientProtocol=http/1.1 ca=42e0f97fefe4bb3f
09-08 08:10:39.371 24100 13177 I ChromePhotosDataPlane: phase=tls_ready correlationId=c34 hostClass=network hostHash=466884c463494e8a clientProtocol=http/1.1 ca=42e0f97fefe4bb3f
09-08 08:10:39.571 24100 13111 I ChromePhotosDataPlane: origin=real hostClass=network hostHash=80255870a6218fe0 method=GET clientProtocol=http/1.1 upstreamProtocol=h2 status=200 contentType=image/webp bytesIn=30320 bytesOut=30320 cache=miss decision=safe reason=model_allow source=engine probability=0.006820023 basis=None decodeMs=19.485 inferenceMs=156.447 inferenceQueueMs=0.256 localDecisionMs=176.993  bodyAdmissionMs=0.027 bodyReadMs=19.657 hashMs=0.272 requestToDeliveryMs=317.978 upstreamHeadersMs=110.356 sanitizeMs=202.300 downstreamWriteMs=0.776
09-08 08:10:39.806 24100 13134 I ChromePhotosDataPlane: origin=real hostClass=network hostHash=3aeb002460381c6f method=GET clientProtocol=http/1.1 upstreamProtocol=h2 status=302 contentType= bytesIn=0 bytesOut=0 cache=miss decision=passthrough   requestToDeliveryMs=497.570 upstreamHeadersMs=492.785 sanitizeMs=0.759 downstreamWriteMs=0.969
09-08 08:10:39.808 24100 13135 I ChromePhotosDataPlane: origin=real hostClass=network hostHash=1f6baa4a359d00da method=GET clientProtocol=http/1.1 upstreamProtocol=h2 status=200 contentType=image/avif bytesIn=28133 bytesOut=28133 cache=miss decision=safe reason=model_allow source=engine probability=0.0050848126 basis=None decodeMs=249.075 inferenceMs=149.263 inferenceQueueMs=0.581 localDecisionMs=400.306  bodyAdmissionMs=0.019 bodyReadMs=4.655 hashMs=0.214 requestToDeliveryMs=515.118 upstreamHeadersMs=107.636 sanitizeMs=405.526 downstreamWriteMs=0.571
09-08 08:10:39.817 24100 13224 I ChromePhotosDataPlane: phase=worker_ready correlationId=c36 admissionWaitMs=0.614
09-08 08:10:39.827 24100 13224 I ChromePhotosDataPlane: phase=tls_certificate correlationId=c36 tlsCacheHit=true tlsCacheWaitMs=0.010 tlsCreationMs=0.000
09-08 08:10:39.827 24100 13224 I ChromePhotosDataPlane: phase=tls_material correlationId=c36 tlsMaterialMs=0.333
09-08 08:10:39.835 24100 13224 I ChromePhotosDataPlane: phase=tls_ready correlationId=c36 hostClass=network hostHash=1f6baa4a359d00da clientProtocol=http/1.1 ca=42e0f97fefe4bb3f
09-08 08:10:40.391 24100 13136 I ChromePhotosDataPlane: origin=real hostClass=network hostHash=466884c463494e8a method=GET clientProtocol=http/1.1 upstreamProtocol=h2 status=200 contentType=image/jpeg bytesIn=3403942 bytesOut=3403942 cache=miss decision=safe reason=model_allow source=engine probability=0.037037224 basis=None decodeMs=110.993 inferenceMs=165.188 inferenceQueueMs=0.387 localDecisionMs=280.315  bodyAdmissionMs=91.388 bodyReadMs=458.585 hashMs=8.113 requestToDeliveryMs=1017.200 upstreamHeadersMs=102.223 sanitizeMs=839.256 downstreamWriteMs=60.258
09-08 08:10:40.420 24100 13176 I ChromePhotosDataPlane: origin=real hostClass=network hostHash=466884c463494e8a method=GET clientProtocol=http/1.1 upstreamProtocol=h2 status=200 contentType=image/jpeg bytesIn=2965483 bytesOut=2965483 cache=miss decision=safe reason=model_allow source=engine probability=0.059427142 basis=None decodeMs=82.087 inferenceMs=165.570 inferenceQueueMs=0.308 localDecisionMs=251.311  bodyAdmissionMs=240.997 bodyReadMs=275.824 hashMs=5.405 requestToDeliveryMs=1039.979 upstreamHeadersMs=186.541 sanitizeMs=774.525 downstreamWriteMs=66.852
09-08 08:10:40.535 24100 13157 I ChromePhotosDataPlane: origin=real hostClass=network hostHash=466884c463494e8a method=GET clientProtocol=http/1.1 upstreamProtocol=h2 status=200 contentType=image/png bytesIn=1452444 bytesOut=704 cache=miss decision=unknown reason=unsafe_dimensions source=engine probability=-1.0 basis=none decodeMs=0.679 inferenceMs=0.000 inferenceQueueMs=0.221 localDecisionMs=1.456  bodyAdmissionMs=927.686 bodyReadMs=26.800 hashMs=5.692 requestToDeliveryMs=1157.622 upstreamHeadersMs=191.770 sanitizeMs=962.827 downstreamWriteMs=0.673
09-08 08:10:40.542 24100 13137 I ChromePhotosDataPlane: origin=real hostClass=network hostHash=466884c463494e8a method=GET clientProtocol=http/1.1 upstreamProtocol=h2 status=200 contentType=image/jpeg bytesIn=837774 bytesOut=837774 cache=miss decision=safe reason=model_allow source=engine probability=0.0482603 basis=None decodeMs=24.695 inferenceMs=136.814 inferenceQueueMs=0.455 localDecisionMs=163.823  bodyAdmissionMs=747.881 bodyReadMs=12.365 hashMs=4.214 requestToDeliveryMs=1166.590 upstreamHeadersMs=192.500 sanitizeMs=929.120 downstreamWriteMs=34.410
09-08 08:10:40.649 24100 13224 I ChromePhotosDataPlane: origin=real hostClass=network hostHash=1f6baa4a359d00da method=GET clientProtocol=http/1.1 upstreamProtocol=h2 status=200 contentType=image/avif bytesIn=28133 bytesOut=28133 cache=hit decision=safe reason=model_allow source=cache probability=0.0050848126 basis=None decodeMs=0.000 inferenceMs=0.000 inferenceQueueMs=0.000 localDecisionMs=0.123  bodyAdmissionMs=769.334 bodyReadMs=0.905 hashMs=0.952 requestToDeliveryMs=812.780 upstreamHeadersMs=31.758 sanitizeMs=772.353 downstreamWriteMs=2.644
09-08 08:10:40.735 24100 13177 I ChromePhotosDataPlane: origin=real hostClass=network hostHash=466884c463494e8a method=GET clientProtocol=http/1.1 upstreamProtocol=h2 status=200 contentType=image/jpeg bytesIn=3808825 bytesOut=3808825 cache=miss decision=safe reason=model_allow source=engine probability=0.029154658 basis=None decodeMs=117.205 inferenceMs=135.056 inferenceQueueMs=0.551 localDecisionMs=256.840  bodyAdmissionMs=773.094 bodyReadMs=33.459 hashMs=4.310 requestToDeliveryMs=1353.527 upstreamHeadersMs=186.485 sanitizeMs=1068.546 downstreamWriteMs=80.769
09-08 08:10:40.833 24100 13132 I ChromePhotosDataPlane: origin=real hostClass=network hostHash=9b0ff8cd24a50ec9 method=GET clientProtocol=http/1.1 upstreamProtocol=h2 status=200 contentType=image/webp bytesIn=10568 bytesOut=10568 cache=miss decision=safe reason=model_allow source=engine probability=0.032659233 basis=None decodeMs=5.425 inferenceMs=180.296 inferenceQueueMs=0.157 localDecisionMs=186.541  bodyAdmissionMs=638.272 bodyReadMs=0.148 hashMs=0.300 requestToDeliveryMs=1570.658 upstreamHeadersMs=739.524 sanitizeMs=827.390 downstreamWriteMs=1.092
09-08 08:10:40.873 24100 13175 I ChromePhotosDataPlane: origin=real hostClass=network hostHash=466884c463494e8a method=GET clientProtocol=http/1.1 upstreamProtocol=h2 status=200 contentType=image/jpeg bytesIn=2372694 bytesOut=2372694 cache=miss decision=safe reason=model_allow source=engine probability=0.05782932 basis=None decodeMs=75.563 inferenceMs=168.550 inferenceQueueMs=0.113 localDecisionMs=246.815  bodyAdmissionMs=962.374 bodyReadMs=19.574 hashMs=2.160 requestToDeliveryMs=1494.989 upstreamHeadersMs=191.230 sanitizeMs=1231.298 downstreamWriteMs=66.392
09-08 08:10:40.987 24100 13110 I ChromePhotosDataPlane: origin=real hostClass=network hostHash=9b0ff8cd24a50ec9 method=GET clientProtocol=http/1.1 upstreamProtocol=h2 status=200 contentType=image/png bytesIn=8090 bytesOut=8090 cache=miss decision=safe reason=model_allow source=engine probability=0.018158317 basis=None decodeMs=2.928 inferenceMs=173.413 inferenceQueueMs=0.112 localDecisionMs=177.716  bodyAdmissionMs=790.171 bodyReadMs=0.184 hashMs=0.449 requestToDeliveryMs=1812.127 upstreamHeadersMs=836.639 sanitizeMs=970.666 downstreamWriteMs=1.495
09-08 08:10:41.016 24100 13133 I ChromePhotosDataPlane: origin=real hostClass=network hostHash=9b0ff8cd24a50ec9 method=GET clientProtocol=http/1.1 upstreamProtocol=h2 status=200 contentType=image/jpeg bytesIn=35588 bytesOut=35588 cache=miss decision=safe reason=model_allow source=engine probability=0.042280197 basis=None decodeMs=3.681 inferenceMs=167.349 inferenceQueueMs=0.456 localDecisionMs=172.488  bodyAdmissionMs=778.110 bodyReadMs=0.672 hashMs=0.500 requestToDeliveryMs=1765.931 upstreamHeadersMs=801.368 sanitizeMs=952.384 downstreamWriteMs=5.237
09-08 08:10:44.069 24100 13229 I ChromePhotosDataPlane: phase=worker_ready correlationId=c37 admissionWaitMs=2.080
09-08 08:10:44.199 24100 13229 I ChromePhotosDataPlane: phase=tls_certificate correlationId=c37 tlsCacheHit=false tlsCacheWaitMs=0.042 tlsCreationMs=59.795
09-08 08:10:44.199 24100 13229 I ChromePhotosDataPlane: phase=tls_material correlationId=c37 tlsMaterialMs=60.762
09-08 08:10:44.208 24100 13229 I ChromePhotosDataPlane: phase=tls_ready correlationId=c37 hostClass=network hostHash=816c1c4228e457b0 clientProtocol=http/1.1 ca=42e0f97fefe4bb3f
09-08 08:10:44.526 24100 13229 I ChromePhotosDataPlane: origin=real hostClass=network hostHash=816c1c4228e457b0 method=POST clientProtocol=http/1.1 upstreamProtocol=h2 status=200 contentType=application/javascript bytesOut=0 transfer=fixed upstreamHeadersMs=312.245 downstreamWriteMs=2.615
09-08 08:10:48.933 24100 24100 I ChromePhotosDataPlane: phase=status statusSequence=5 lifecycle=PresentationReady active=true ready=true connections=37 requests=94 safe=13 blocked=4 unknown=8 passthrough=60 cacheHits=1 cacheMisses=17 failures=0 clientDisconnects=0 bytesIn=16185710 bytesOut=14910170 streamed=18 proxyQueueRejects=0 proxyActivePeak=20 proxyP50Ms=44.819 proxyP95Ms=1167.127 proxyP99Ms=1766.644 upstreamSockets=26 protectSuccess=26 protectFailure=0 web11a=not_run web11b=not_run modelLoadMs=397.685 engineCalls=17 dedupeHits=0 decisionCacheConfig=64 decisionConcurrencyConfig=2 decisionQueueConfig=2 decisionTimeoutMs=5000 engineCallsPerRequest=0.9444444444444444 inferencePeak=2 inFlightPeak=2 queuePeak=1 queueRejects=0 timeouts=0 inferenceP50Ms=165.570208 inferenceP95Ms=306.356667 inferenceP99Ms=306.356667 decisionP50Ms=180.663125 decisionP95Ms=400.306302 decisionP99Ms=400.306302 cacheHitP50Ms=0.122865 cacheHitP95Ms=0.122865 cacheEntries=17 cacheEvictions=0 preprocessP50Ms=11.825157 preprocessP95Ms=117.204896 preprocessP99Ms=117.204896 preparedCount1=15 preparedCount4=1 preparedCount5=0 preparedCountOther=1 decisionBasis=FullStrong:3,FullThreshold:1,None:12,Other:1 imageCandidates=25 imagePrefixPeeks=1 imageMagicCandidates=0 imageBodyAdmissionPeak=2 imageBodyAdmissionRejects=0 networkVisualCandidates=25 networkVisualReplaced=0 networkVisualRawDelivered=0 networkVisualSafeRawDelivered=13 networkVisualBlockedReplaced=4 networkVisualUnknownReplaced=0 networkVisualUnsupportedReplaced=8 networkVisualRawBlockedDelivered=0 networkVisualRawUnknownDelivered=0 networkVisualCacheHit=1 networkVisualInference=17 mediaDocumentsTransformed=2 mediaDocumentsFailClosed=0 documentTransformOutstanding=0 readyTokensOutstanding=2 uiSvgRegistered=1 uiSvgRegistryBytes=217 uiSvgCssRewritten=0 uiSvgCssRejected=0 uiSvgNetworkAccepted=0 uiSvgNetworkRejected=0 uiSvgAssetServed=0 uiSvgAssetRejected=0 h18=REPORT=not_run,EVENT_SEQUENCE=0,COMPAT_DOCS=0,STRICT_DOCS=0,STYLE_REQ=0,SCRIPT_REQ=0,DATA_REQ=0,NETWORK_REQ=0,REPORTS=0,LAST_DOC=none,NETWORK_SHA=ee17e3f62edde61823ce35732ea168f4f5986bff347ccfac063eca7f4009ee1b,AUDIT_SHA=74d4467bbf6833db4eeab998495b7dfc50db3b1f04f407704b839ad3f4b25582 h19=REPORT=not_run,DOCUMENTS=0,FRAMES=0,SCRIPTS=0,FIRST_ORIGINAL_SCRIPTS=0,STYLES=0,WORKERS=0,SERVICE_WORKERS=0,FRAME_REPORTS=0,FRAME_REPORT_REJECTS=0,FRAME_REPORT=not_run,FRAME_REPORT_SHA=not_run,FRAME_CHALLENGE_SHA=not_run,FRAME_GENERATION=0,FRAME_ACCEPTED_CHALLENGE_SHA=not_run,FRAME_REPORT_BINDING_SHA=not_run,SAME_URL_BODIES=0,REPORTS=0,SW_BOUNDARY={INSTALL_DOCS=0,WORKER_SCRIPTS=0,WORKER_PROBE_SCRIPTS=0,PROBE_DOCS=0,CLEANUP_DOCS=0,REPORTS_ACCEPTED=0,REPORTS_REJECTED=0,CONTROLLER_PRESENT=0,CONTROLLER_MISSING=0,NAV_FETCHES=0,SELF_READY_FETCHES=0,SELF_READY_PASS_THROUGH=0,SELF_READY_SYNTHETIC=0,NAV_SYNTHETIC=0,RESET_BASELINE_CLEAN=0,RESET_BASELINE_DIRTY=0,REGISTER_BLOCKED=0,REGISTER_SUCCEEDED=0,WORKER_REGISTER_BLOCKED=0,WORKER_REGISTER_SUCCEEDED=0,WORKER_REGISTER_UNSUPPORTED=0,WORKER_REGISTER_ERROR=0,LAST_CASE=none,LAST_EVENT=none,LAST_VALUE=none},UI_SVG={not_run} quicAttempts=0 directTcpAttempts=0 bootstrapResetGeneration=2 bootstrapCompleteGeneration=2 bootstrapResetCount=3 chromeSuspended=false guardSession=541 guardHeartbeatSequence=297 audit17State=0 audit17Navigation=0 audit17Events=27 audit17Dropped=0
09-08 08:10:48.933 24100 24100 I ChromeMediaShieldStatus: v=1 seq=5 kind=network mode=selective candidates=25 replaced=0 rawDelivered=0 safeRaw=13 blockedReplaced=4 unknownReplaced=0 unsupportedReplaced=8 rawBlocked=0 rawUnknown=0 cacheHit=1 decisionEngine=17 engineCalls=17
09-08 08:10:48.933 24100 24100 I ChromeMediaShieldStatus: v=1 seq=5 kind=document transformed=2 failClosed=0 outstanding=0 issued=2 claims=2 documentSequence=2 navigationSequence=2 readyRequests=6 readyPreflights=0 readyAccepted=2 readyRejected=0 parserBarrierRequests=0 parserBarrierReady=0 parserBarrierFailClosed=0 selfShield=true selfReadyRequests=2 selfReadyAccepted=2 selfReadyRejected=0 selfReadyRejectReason=none selfShieldReleaseCompleted=2 selfShieldParserContinued=2 selfShieldOriginalScriptStarted=0 selfShieldTraceRejected=0 selfShieldTraceOutstanding=1 bootstrapDiagnosticAccepted=0 bootstrapDiagnosticRejected=0 bootstrapDiagnosticRejectReason=none bootstrapDiagnosticStage=none bootstrapDiagnosticReason=none bootstrapDiagnosticOutstanding=0
09-08 08:10:48.933 24100 24100 I ChromeMediaShieldStatus: v=1 seq=5 kind=renderer reports=0 rejected=0 globalCallbacks=0 globalRecords=0 childRecords=0 attributeRecords=0 maxRecords=0 scanCalls=0 scanRoot=0 scanNodes=0 maxScanNodes=0 scanMicros=0 maxScanMicros=0 observerChildScans=0 observerAttributeScans=0 guardedScans=0 markupScans=0 shadowScans=0 initialScans=0 otherScans=0 sanitizeElement=0 sanitizeContainer=0 img=0 source=0 svg=0 iframe=0 canvas=0 video=0 safeIcon=0 lockIcon=0 geometryWrites=0 svgRecords=0 shadowRoots=0 shadowObservers=0 shadowCallbacks=0 shadowRecords=0 shadowScanCalls=0 ensureStyle=0 ensureCurtain=0 internalMutations=0
09-08 08:10:48.934 24100 24100 I ChromeMediaShieldStatus: v=1 seq=5 kind=rendererApis callScan=createElement=0/0 createElementNS=0/0 appendChild=0/0 insertBefore=0/0 replaceChild=0/0 append=0/0 prepend=0/0 replaceChildren=0/0 before=0/0 after=0/0 replaceWith=0/0 adjacentElement=0/0 moveBefore=0/0 rangeInsert=0/0 rangeSurround=0/0 adoptNode=0/0 cloneNode=0/0 importNode=0/0 safeMarkup=0/0 innerHTML=0/0 outerHTML=0/0 insertAdjacentHTML=0/0 setHTML=0/0 shadowInnerHTML=0/0 execCommandInsertHTML=0/0 mappedTextContent=0/0
09-08 08:10:48.934 24100 24100 I ChromeMediaShieldStatus: v=1 seq=5 kind=rendererFamilies roots=element/fragment/text/other factory:calls=0,scans=0,direct=0,roots=0/0/0/0,nodes=0,micros=0,maxMicros=0 domGuard:calls=0,scans=0,direct=0,roots=0/0/0/0,nodes=0,micros=0,maxMicros=0 markup:calls=0,scans=0,direct=0,roots=0/0/0/0,nodes=0,micros=0,maxMicros=0
09-08 08:10:48.934 24100 24100 I ChromeMediaShieldStatus: v=1 seq=5 kind=uiSvg registered=1 registryBytes=217 cssRewritten=0 cssRejected=0 networkAccepted=0 networkRejected=0 assetServed=0 assetRejected=0
09-08 08:10:48.934 24100 24100 I ChromeMediaShieldStatus: v=1 seq=5 kind=health failures=0 clientDisconnects=0 proxyQueueRejects=0 protectFailure=0 quicAttempts=0 directTcpAttempts=0 active=true ready=true
09-08 08:10:48.934 24100 24100 I ChromeMediaShieldStatus: v=1 seq=5 kind=fixture report=REPORT=not_run,DOCUMENTS=0,FRAMES=0,SCRIPTS=0,FIRST_ORIGINAL_SCRIPTS=0,STYLES=0,WORKERS=0,SERVICE_WORKERS=0,FRAME_REPORTS=0,FRAME_REPORT_REJECTS=0,FRAME_REPORT=not_run,FRAME_REPORT_SHA=not_run,FRAME_CHALLENGE_SHA=not_run,FRAME_GENERATION=0,FRAME_ACCEPTED_CHALLENGE_SHA=not_run,FRAME_REPORT_BINDING_SHA=not_run,SAME_URL_BODIES=0,REPORTS=0,SW_BOUNDARY={INSTALL_DOCS=0,WORKER_SCRIPTS=0,WORKER_PROBE_SCRIPTS=0,PROBE_DOCS=0,CLEANUP_DOCS=0,REPORTS_ACCEPTED=0,REPORTS_REJECTED=0,CONTROLLER_PRESENT=0,CONTROLLER_MISSING=0,NAV_FETCHES=0,SELF_READY_FETCHES=0,SELF_READY_PASS_THROUGH=0,SELF_READY_SYNTHETIC=0,NAV_SYNTHETIC=0,RESET_BASELINE_CLEAN=0,RESET_BASELINE_DIRTY=0,REGISTER_BLOCKED=0,REGISTER_SUCCEEDED=0,WORKER_REGISTER_BLOCKED=0,WORKER_REGISTER_SUCCEEDED=0,WORKER_REGISTER_UNSUPPORTED=0,WORKER_REGISTER_ERROR=0,LAST_CASE=none,LAST_EVENT=none,LAST_VALUE=none},UI_SVG={not_run}
09-08 08:11:44.555 24100 13282 I ChromePhotosDataPlane: phase=worker_ready correlationId=c38 admissionWaitMs=1.775
09-08 08:11:44.579 24100 13282 I ChromePhotosDataPlane: phase=tls_certificate correlationId=c38 tlsCacheHit=true tlsCacheWaitMs=0.027 tlsCreationMs=0.000
09-08 08:11:44.579 24100 13282 I ChromePhotosDataPlane: phase=tls_material correlationId=c38 tlsMaterialMs=0.768
09-08 08:11:44.597 24100 13282 I ChromePhotosDataPlane: phase=tls_ready correlationId=c38 hostClass=network hostHash=816c1c4228e457b0 clientProtocol=http/1.1 ca=42e0f97fefe4bb3f
09-08 08:11:44.781 24100 13282 I ChromePhotosDataPlane: origin=real hostClass=network hostHash=816c1c4228e457b0 method=POST clientProtocol=http/1.1 upstreamProtocol=h2 status=200 contentType=application/javascript bytesOut=0 transfer=fixed upstreamHeadersMs=176.617 downstreamWriteMs=1.086
09-08 08:11:48.967 24100 24100 I ChromePhotosDataPlane: phase=status statusSequence=6 lifecycle=PresentationReady active=true ready=true connections=38 requests=335 safe=13 blocked=4 unknown=8 passthrough=301 cacheHits=1 cacheMisses=17 failures=0 clientDisconnects=0 bytesIn=16185710 bytesOut=14910170 streamed=19 proxyQueueRejects=0 proxyActivePeak=20 proxyP50Ms=1.953 proxyP95Ms=375.010 proxyP99Ms=1353.735 upstreamSockets=26 protectSuccess=26 protectFailure=0 web11a=not_run web11b=not_run modelLoadMs=397.685 engineCalls=17 dedupeHits=0 decisionCacheConfig=64 decisionConcurrencyConfig=2 decisionQueueConfig=2 decisionTimeoutMs=5000 engineCallsPerRequest=0.9444444444444444 inferencePeak=2 inFlightPeak=2 queuePeak=1 queueRejects=0 timeouts=0 inferenceP50Ms=165.570208 inferenceP95Ms=306.356667 inferenceP99Ms=306.356667 decisionP50Ms=180.663125 decisionP95Ms=400.306302 decisionP99Ms=400.306302 cacheHitP50Ms=0.122865 cacheHitP95Ms=0.122865 cacheEntries=17 cacheEvictions=0 preprocessP50Ms=11.825157 preprocessP95Ms=117.204896 preprocessP99Ms=117.204896 preparedCount1=15 preparedCount4=1 preparedCount5=0 preparedCountOther=1 decisionBasis=FullStrong:3,FullThreshold:1,None:12,Other:1 imageCandidates=25 imagePrefixPeeks=1 imageMagicCandidates=0 imageBodyAdmissionPeak=2 imageBodyAdmissionRejects=0 networkVisualCandidates=25 networkVisualReplaced=0 networkVisualRawDelivered=0 networkVisualSafeRawDelivered=13 networkVisualBlockedReplaced=4 networkVisualUnknownReplaced=0 networkVisualUnsupportedReplaced=8 networkVisualRawBlockedDelivered=0 networkVisualRawUnknownDelivered=0 networkVisualCacheHit=1 networkVisualInference=17 mediaDocumentsTransformed=2 mediaDocumentsFailClosed=0 documentTransformOutstanding=0 readyTokensOutstanding=2 uiSvgRegistered=1 uiSvgRegistryBytes=217 uiSvgCssRewritten=0 uiSvgCssRejected=0 uiSvgNetworkAccepted=0 uiSvgNetworkRejected=0 uiSvgAssetServed=0 uiSvgAssetRejected=0 h18=REPORT=not_run,EVENT_SEQUENCE=0,COMPAT_DOCS=0,STRICT_DOCS=0,STYLE_REQ=0,SCRIPT_REQ=0,DATA_REQ=0,NETWORK_REQ=0,REPORTS=0,LAST_DOC=none,NETWORK_SHA=ee17e3f62edde61823ce35732ea168f4f5986bff347ccfac063eca7f4009ee1b,AUDIT_SHA=74d4467bbf6833db4eeab998495b7dfc50db3b1f04f407704b839ad3f4b25582 h19=REPORT=not_run,DOCUMENTS=0,FRAMES=0,SCRIPTS=0,FIRST_ORIGINAL_SCRIPTS=0,STYLES=0,WORKERS=0,SERVICE_WORKERS=0,FRAME_REPORTS=0,FRAME_REPORT_REJECTS=0,FRAME_REPORT=not_run,FRAME_REPORT_SHA=not_run,FRAME_CHALLENGE_SHA=not_run,FRAME_GENERATION=0,FRAME_ACCEPTED_CHALLENGE_SHA=not_run,FRAME_REPORT_BINDING_SHA=not_run,SAME_URL_BODIES=0,REPORTS=0,SW_BOUNDARY={INSTALL_DOCS=0,WORKER_SCRIPTS=0,WORKER_PROBE_SCRIPTS=0,PROBE_DOCS=0,CLEANUP_DOCS=0,REPORTS_ACCEPTED=0,REPORTS_REJECTED=0,CONTROLLER_PRESENT=0,CONTROLLER_MISSING=0,NAV_FETCHES=0,SELF_READY_FETCHES=0,SELF_READY_PASS_THROUGH=0,SELF_READY_SYNTHETIC=0,NAV_SYNTHETIC=0,RESET_BASELINE_CLEAN=0,RESET_BASELINE_DIRTY=0,REGISTER_BLOCKED=0,REGISTER_SUCCEEDED=0,WORKER_REGISTER_BLOCKED=0,WORKER_REGISTER_SUCCEEDED=0,WORKER_REGISTER_UNSUPPORTED=0,WORKER_REGISTER_ERROR=0,LAST_CASE=none,LAST_EVENT=none,LAST_VALUE=none},UI_SVG={not_run} quicAttempts=0 directTcpAttempts=0 bootstrapResetGeneration=2 bootstrapCompleteGeneration=2 bootstrapResetCount=3 chromeSuspended=false guardSession=541 guardHeartbeatSequence=404 audit17State=0 audit17Navigation=0 audit17Events=27 audit17Dropped=0
09-08 08:11:48.967 24100 24100 I ChromeMediaShieldStatus: v=1 seq=6 kind=network mode=selective candidates=25 replaced=0 rawDelivered=0 safeRaw=13 blockedReplaced=4 unknownReplaced=0 unsupportedReplaced=8 rawBlocked=0 rawUnknown=0 cacheHit=1 decisionEngine=17 engineCalls=17
09-08 08:11:48.967 24100 24100 I ChromeMediaShieldStatus: v=1 seq=6 kind=document transformed=2 failClosed=0 outstanding=0 issued=2 claims=2 documentSequence=2 navigationSequence=2 readyRequests=6 readyPreflights=0 readyAccepted=2 readyRejected=0 parserBarrierRequests=0 parserBarrierReady=0 parserBarrierFailClosed=0 selfShield=true selfReadyRequests=2 selfReadyAccepted=2 selfReadyRejected=0 selfReadyRejectReason=none selfShieldReleaseCompleted=2 selfShieldParserContinued=2 selfShieldOriginalScriptStarted=0 selfShieldTraceRejected=0 selfShieldTraceOutstanding=1 bootstrapDiagnosticAccepted=0 bootstrapDiagnosticRejected=0 bootstrapDiagnosticRejectReason=none bootstrapDiagnosticStage=none bootstrapDiagnosticReason=none bootstrapDiagnosticOutstanding=0
09-08 08:11:48.968 24100 24100 I ChromeMediaShieldStatus: v=1 seq=6 kind=renderer reports=0 rejected=0 globalCallbacks=0 globalRecords=0 childRecords=0 attributeRecords=0 maxRecords=0 scanCalls=0 scanRoot=0 scanNodes=0 maxScanNodes=0 scanMicros=0 maxScanMicros=0 observerChildScans=0 observerAttributeScans=0 guardedScans=0 markupScans=0 shadowScans=0 initialScans=0 otherScans=0 sanitizeElement=0 sanitizeContainer=0 img=0 source=0 svg=0 iframe=0 canvas=0 video=0 safeIcon=0 lockIcon=0 geometryWrites=0 svgRecords=0 shadowRoots=0 shadowObservers=0 shadowCallbacks=0 shadowRecords=0 shadowScanCalls=0 ensureStyle=0 ensureCurtain=0 internalMutations=0
09-08 08:11:48.968 24100 24100 I ChromeMediaShieldStatus: v=1 seq=6 kind=rendererApis callScan=createElement=0/0 createElementNS=0/0 appendChild=0/0 insertBefore=0/0 replaceChild=0/0 append=0/0 prepend=0/0 replaceChildren=0/0 before=0/0 after=0/0 replaceWith=0/0 adjacentElement=0/0 moveBefore=0/0 rangeInsert=0/0 rangeSurround=0/0 adoptNode=0/0 cloneNode=0/0 importNode=0/0 safeMarkup=0/0 innerHTML=0/0 outerHTML=0/0 insertAdjacentHTML=0/0 setHTML=0/0 shadowInnerHTML=0/0 execCommandInsertHTML=0/0 mappedTextContent=0/0
09-08 08:11:48.968 24100 24100 I ChromeMediaShieldStatus: v=1 seq=6 kind=rendererFamilies roots=element/fragment/text/other factory:calls=0,scans=0,direct=0,roots=0/0/0/0,nodes=0,micros=0,maxMicros=0 domGuard:calls=0,scans=0,direct=0,roots=0/0/0/0,nodes=0,micros=0,maxMicros=0 markup:calls=0,scans=0,direct=0,roots=0/0/0/0,nodes=0,micros=0,maxMicros=0
09-08 08:11:48.968 24100 24100 I ChromeMediaShieldStatus: v=1 seq=6 kind=uiSvg registered=1 registryBytes=217 cssRewritten=0 cssRejected=0 networkAccepted=0 networkRejected=0 assetServed=0 assetRejected=0
09-08 08:11:48.968 24100 24100 I ChromeMediaShieldStatus: v=1 seq=6 kind=health failures=0 clientDisconnects=0 proxyQueueRejects=0 protectFailure=0 quicAttempts=0 directTcpAttempts=0 active=true ready=true
09-08 08:11:48.968 24100 24100 I ChromeMediaShieldStatus: v=1 seq=6 kind=fixture report=REPORT=not_run,DOCUMENTS=0,FRAMES=0,SCRIPTS=0,FIRST_ORIGINAL_SCRIPTS=0,STYLES=0,WORKERS=0,SERVICE_WORKERS=0,FRAME_REPORTS=0,FRAME_REPORT_REJECTS=0,FRAME_REPORT=not_run,FRAME_REPORT_SHA=not_run,FRAME_CHALLENGE_SHA=not_run,FRAME_GENERATION=0,FRAME_ACCEPTED_CHALLENGE_SHA=not_run,FRAME_REPORT_BINDING_SHA=not_run,SAME_URL_BODIES=0,REPORTS=0,SW_BOUNDARY={INSTALL_DOCS=0,WORKER_SCRIPTS=0,WORKER_PROBE_SCRIPTS=0,PROBE_DOCS=0,CLEANUP_DOCS=0,REPORTS_ACCEPTED=0,REPORTS_REJECTED=0,CONTROLLER_PRESENT=0,CONTROLLER_MISSING=0,NAV_FETCHES=0,SELF_READY_FETCHES=0,SELF_READY_PASS_THROUGH=0,SELF_READY_SYNTHETIC=0,NAV_SYNTHETIC=0,RESET_BASELINE_CLEAN=0,RESET_BASELINE_DIRTY=0,REGISTER_BLOCKED=0,REGISTER_SUCCEEDED=0,WORKER_REGISTER_BLOCKED=0,WORKER_REGISTER_SUCCEEDED=0,WORKER_REGISTER_UNSUPPORTED=0,WORKER_REGISTER_ERROR=0,LAST_CASE=none,LAST_EVENT=none,LAST_VALUE=none},UI_SVG={not_run}
09-08 08:12:48.935 24100 24100 I ChromePhotosDataPlane: phase=status statusSequence=7 lifecycle=PresentationReady active=true ready=true connections=38 requests=575 safe=13 blocked=4 unknown=8 passthrough=541 cacheHits=1 cacheMisses=17 failures=0 clientDisconnects=0 bytesIn=16185710 bytesOut=14910170 streamed=19 proxyQueueRejects=0 proxyActivePeak=20 proxyP50Ms=1.830 proxyP95Ms=6.898 proxyP99Ms=8.876 upstreamSockets=26 protectSuccess=26 protectFailure=0 web11a=not_run web11b=not_run modelLoadMs=397.685 engineCalls=17 dedupeHits=0 decisionCacheConfig=64 decisionConcurrencyConfig=2 decisionQueueConfig=2 decisionTimeoutMs=5000 engineCallsPerRequest=0.9444444444444444 inferencePeak=2 inFlightPeak=2 queuePeak=1 queueRejects=0 timeouts=0 inferenceP50Ms=165.570208 inferenceP95Ms=306.356667 inferenceP99Ms=306.356667 decisionP50Ms=180.663125 decisionP95Ms=400.306302 decisionP99Ms=400.306302 cacheHitP50Ms=0.122865 cacheHitP95Ms=0.122865 cacheEntries=17 cacheEvictions=0 preprocessP50Ms=11.825157 preprocessP95Ms=117.204896 preprocessP99Ms=117.204896 preparedCount1=15 preparedCount4=1 preparedCount5=0 preparedCountOther=1 decisionBasis=FullStrong:3,FullThreshold:1,None:12,Other:1 imageCandidates=25 imagePrefixPeeks=1 imageMagicCandidates=0 imageBodyAdmissionPeak=2 imageBodyAdmissionRejects=0 networkVisualCandidates=25 networkVisualReplaced=0 networkVisualRawDelivered=0 networkVisualSafeRawDelivered=13 networkVisualBlockedReplaced=4 networkVisualUnknownReplaced=0 networkVisualUnsupportedReplaced=8 networkVisualRawBlockedDelivered=0 networkVisualRawUnknownDelivered=0 networkVisualCacheHit=1 networkVisualInference=17 mediaDocumentsTransformed=2 mediaDocumentsFailClosed=0 documentTransformOutstanding=0 readyTokensOutstanding=2 uiSvgRegistered=1 uiSvgRegistryBytes=217 uiSvgCssRewritten=0 uiSvgCssRejected=0 uiSvgNetworkAccepted=0 uiSvgNetworkRejected=0 uiSvgAssetServed=0 uiSvgAssetRejected=0 h18=REPORT=not_run,EVENT_SEQUENCE=0,COMPAT_DOCS=0,STRICT_DOCS=0,STYLE_REQ=0,SCRIPT_REQ=0,DATA_REQ=0,NETWORK_REQ=0,REPORTS=0,LAST_DOC=none,NETWORK_SHA=ee17e3f62edde61823ce35732ea168f4f5986bff347ccfac063eca7f4009ee1b,AUDIT_SHA=74d4467bbf6833db4eeab998495b7dfc50db3b1f04f407704b839ad3f4b25582 h19=REPORT=not_run,DOCUMENTS=0,FRAMES=0,SCRIPTS=0,FIRST_ORIGINAL_SCRIPTS=0,STYLES=0,WORKERS=0,SERVICE_WORKERS=0,FRAME_REPORTS=0,FRAME_REPORT_REJECTS=0,FRAME_REPORT=not_run,FRAME_REPORT_SHA=not_run,FRAME_CHALLENGE_SHA=not_run,FRAME_GENERATION=0,FRAME_ACCEPTED_CHALLENGE_SHA=not_run,FRAME_REPORT_BINDING_SHA=not_run,SAME_URL_BODIES=0,REPORTS=0,SW_BOUNDARY={INSTALL_DOCS=0,WORKER_SCRIPTS=0,WORKER_PROBE_SCRIPTS=0,PROBE_DOCS=0,CLEANUP_DOCS=0,REPORTS_ACCEPTED=0,REPORTS_REJECTED=0,CONTROLLER_PRESENT=0,CONTROLLER_MISSING=0,NAV_FETCHES=0,SELF_READY_FETCHES=0,SELF_READY_PASS_THROUGH=0,SELF_READY_SYNTHETIC=0,NAV_SYNTHETIC=0,RESET_BASELINE_CLEAN=0,RESET_BASELINE_DIRTY=0,REGISTER_BLOCKED=0,REGISTER_SUCCEEDED=0,WORKER_REGISTER_BLOCKED=0,WORKER_REGISTER_SUCCEEDED=0,WORKER_REGISTER_UNSUPPORTED=0,WORKER_REGISTER_ERROR=0,LAST_CASE=none,LAST_EVENT=none,LAST_VALUE=none},UI_SVG={not_run} quicAttempts=0 directTcpAttempts=0 bootstrapResetGeneration=2 bootstrapCompleteGeneration=2 bootstrapResetCount=3 chromeSuspended=false guardSession=541 guardHeartbeatSequence=511 audit17State=0 audit17Navigation=0 audit17Events=27 audit17Dropped=0
09-08 08:12:48.935 24100 24100 I ChromeMediaShieldStatus: v=1 seq=7 kind=network mode=selective candidates=25 replaced=0 rawDelivered=0 safeRaw=13 blockedReplaced=4 unknownReplaced=0 unsupportedReplaced=8 rawBlocked=0 rawUnknown=0 cacheHit=1 decisionEngine=17 engineCalls=17
09-08 08:12:48.935 24100 24100 I ChromeMediaShieldStatus: v=1 seq=7 kind=document transformed=2 failClosed=0 outstanding=0 issued=2 claims=2 documentSequence=2 navigationSequence=2 readyRequests=6 readyPreflights=0 readyAccepted=2 readyRejected=0 parserBarrierRequests=0 parserBarrierReady=0 parserBarrierFailClosed=0 selfShield=true selfReadyRequests=2 selfReadyAccepted=2 selfReadyRejected=0 selfReadyRejectReason=none selfShieldReleaseCompleted=2 selfShieldParserContinued=2 selfShieldOriginalScriptStarted=0 selfShieldTraceRejected=0 selfShieldTraceOutstanding=1 bootstrapDiagnosticAccepted=0 bootstrapDiagnosticRejected=0 bootstrapDiagnosticRejectReason=none bootstrapDiagnosticStage=none bootstrapDiagnosticReason=none bootstrapDiagnosticOutstanding=0
09-08 08:12:48.935 24100 24100 I ChromeMediaShieldStatus: v=1 seq=7 kind=renderer reports=0 rejected=0 globalCallbacks=0 globalRecords=0 childRecords=0 attributeRecords=0 maxRecords=0 scanCalls=0 scanRoot=0 scanNodes=0 maxScanNodes=0 scanMicros=0 maxScanMicros=0 observerChildScans=0 observerAttributeScans=0 guardedScans=0 markupScans=0 shadowScans=0 initialScans=0 otherScans=0 sanitizeElement=0 sanitizeContainer=0 img=0 source=0 svg=0 iframe=0 canvas=0 video=0 safeIcon=0 lockIcon=0 geometryWrites=0 svgRecords=0 shadowRoots=0 shadowObservers=0 shadowCallbacks=0 shadowRecords=0 shadowScanCalls=0 ensureStyle=0 ensureCurtain=0 internalMutations=0
09-08 08:12:48.935 24100 24100 I ChromeMediaShieldStatus: v=1 seq=7 kind=rendererApis callScan=createElement=0/0 createElementNS=0/0 appendChild=0/0 insertBefore=0/0 replaceChild=0/0 append=0/0 prepend=0/0 replaceChildren=0/0 before=0/0 after=0/0 replaceWith=0/0 adjacentElement=0/0 moveBefore=0/0 rangeInsert=0/0 rangeSurround=0/0 adoptNode=0/0 cloneNode=0/0 importNode=0/0 safeMarkup=0/0 innerHTML=0/0 outerHTML=0/0 insertAdjacentHTML=0/0 setHTML=0/0 shadowInnerHTML=0/0 execCommandInsertHTML=0/0 mappedTextContent=0/0
09-08 08:12:48.935 24100 24100 I ChromeMediaShieldStatus: v=1 seq=7 kind=rendererFamilies roots=element/fragment/text/other factory:calls=0,scans=0,direct=0,roots=0/0/0/0,nodes=0,micros=0,maxMicros=0 domGuard:calls=0,scans=0,direct=0,roots=0/0/0/0,nodes=0,micros=0,maxMicros=0 markup:calls=0,scans=0,direct=0,roots=0/0/0/0,nodes=0,micros=0,maxMicros=0
09-08 08:12:48.936 24100 24100 I ChromeMediaShieldStatus: v=1 seq=7 kind=uiSvg registered=1 registryBytes=217 cssRewritten=0 cssRejected=0 networkAccepted=0 networkRejected=0 assetServed=0 assetRejected=0
09-08 08:12:48.936 24100 24100 I ChromeMediaShieldStatus: v=1 seq=7 kind=health failures=0 clientDisconnects=0 proxyQueueRejects=0 protectFailure=0 quicAttempts=0 directTcpAttempts=0 active=true ready=true
09-08 08:12:48.936 24100 24100 I ChromeMediaShieldStatus: v=1 seq=7 kind=fixture report=REPORT=not_run,DOCUMENTS=0,FRAMES=0,SCRIPTS=0,FIRST_ORIGINAL_SCRIPTS=0,STYLES=0,WORKERS=0,SERVICE_WORKERS=0,FRAME_REPORTS=0,FRAME_REPORT_REJECTS=0,FRAME_REPORT=not_run,FRAME_REPORT_SHA=not_run,FRAME_CHALLENGE_SHA=not_run,FRAME_GENERATION=0,FRAME_ACCEPTED_CHALLENGE_SHA=not_run,FRAME_REPORT_BINDING_SHA=not_run,SAME_URL_BODIES=0,REPORTS=0,SW_BOUNDARY={INSTALL_DOCS=0,WORKER_SCRIPTS=0,WORKER_PROBE_SCRIPTS=0,PROBE_DOCS=0,CLEANUP_DOCS=0,REPORTS_ACCEPTED=0,REPORTS_REJECTED=0,CONTROLLER_PRESENT=0,CONTROLLER_MISSING=0,NAV_FETCHES=0,SELF_READY_FETCHES=0,SELF_READY_PASS_THROUGH=0,SELF_READY_SYNTHETIC=0,NAV_SYNTHETIC=0,RESET_BASELINE_CLEAN=0,RESET_BASELINE_DIRTY=0,REGISTER_BLOCKED=0,REGISTER_SUCCEEDED=0,WORKER_REGISTER_BLOCKED=0,WORKER_REGISTER_SUCCEEDED=0,WORKER_REGISTER_UNSUPPORTED=0,WORKER_REGISTER_ERROR=0,LAST_CASE=none,LAST_EVENT=none,LAST_VALUE=none},UI_SVG={not_run}
09-08 08:13:36.508 24100 13393 I ChromePhotosDataPlane: phase=worker_ready correlationId=c39 admissionWaitMs=0.965
09-08 08:13:36.550 24100 13400 I ChromePhotosDataPlane: phase=worker_ready correlationId=c40 admissionWaitMs=3.597
09-08 08:13:36.562 24100 13393 I ChromePhotosDataPlane: phase=tls_certificate correlationId=c39 tlsCacheHit=true tlsCacheWaitMs=0.007 tlsCreationMs=0.000
09-08 08:13:36.562 24100 13393 I ChromePhotosDataPlane: phase=tls_material correlationId=c39 tlsMaterialMs=0.323
09-08 08:13:36.568 24100 13393 I ChromePhotosDataPlane: phase=tls_ready correlationId=c39 hostClass=network hostHash=191347bfe55d0ca9 clientProtocol=http/1.1 ca=42e0f97fefe4bb3f
09-08 08:13:36.580 24100 13400 I ChromePhotosDataPlane: phase=tls_certificate correlationId=c40 tlsCacheHit=true tlsCacheWaitMs=0.010 tlsCreationMs=0.000
09-08 08:13:36.580 24100 13400 I ChromePhotosDataPlane: phase=tls_material correlationId=c40 tlsMaterialMs=0.312
09-08 08:13:36.585 24100 13400 I ChromePhotosDataPlane: phase=tls_ready correlationId=c40 hostClass=network hostHash=7df7caa0a5579e01 clientProtocol=http/1.1 ca=42e0f97fefe4bb3f
09-08 08:13:37.586 24100 13393 I ChromePhotosDataPlane: phase=media_shield_document origin=real hostClass=network hostHash=191347bfe55d0ca9 result=transformed documentSequence=3 navigationSequence=3 token=47f33082a521 bytesOut=1465376 upstreamHeadersMs=183.278 documentDecisionMs=286.590 downstreamWriteMs=6.146
09-08 08:13:37.678 24100 13430 I ChromePhotosDataPlane: phase=worker_ready correlationId=c41 admissionWaitMs=0.924
09-08 08:13:37.702 24100 13393 I ChromePhotosDataPlane: phase=media_shield_ready origin=same_origin result=204 bytesOut=0
09-08 08:13:37.711 24100 13393 I ChromePhotosDataPlane: phase=media_shield_ready origin=same_origin result=204 bytesOut=0
09-08 08:13:37.718 24100 13430 I ChromePhotosDataPlane: phase=tls_certificate correlationId=c41 tlsCacheHit=true tlsCacheWaitMs=0.019 tlsCreationMs=0.000
09-08 08:13:37.718 24100 13430 I ChromePhotosDataPlane: phase=tls_material correlationId=c41 tlsMaterialMs=0.508
09-08 08:13:37.722 24100 13393 I ChromePhotosDataPlane: phase=media_shield_ready origin=same_origin result=204 bytesOut=0
09-08 08:13:37.728 24100 13430 I ChromePhotosDataPlane: phase=tls_ready correlationId=c41 hostClass=network hostHash=685eae6637200805 clientProtocol=http/1.1 ca=42e0f97fefe4bb3f
09-08 08:13:37.887 24100 13393 I ChromePhotosDataPlane: origin=real hostClass=network hostHash=191347bfe55d0ca9 method=GET clientProtocol=http/1.1 upstreamProtocol=h2 status=200 contentType=image/webp bytesIn=2070 bytesOut=2070 cache=hit decision=safe reason=model_allow source=cache probability=0.093275934 basis=None decodeMs=0.000 inferenceMs=0.000 inferenceQueueMs=0.000 localDecisionMs=0.042  bodyAdmissionMs=0.031 bodyReadMs=0.144 hashMs=0.206 requestToDeliveryMs=55.146 upstreamHeadersMs=52.327 sanitizeMs=0.936 downstreamWriteMs=0.627
09-08 08:13:37.893 24100 13430 I ChromePhotosDataPlane: origin=real hostClass=network hostHash=685eae6637200805 method=GET clientProtocol=http/1.1 upstreamProtocol=h2 status=302 contentType= bytesIn=0 bytesOut=0 cache=miss decision=passthrough   requestToDeliveryMs=163.292 upstreamHeadersMs=159.612 sanitizeMs=0.869 downstreamWriteMs=0.850
09-08 08:13:37.917 24100 13441 I ChromePhotosDataPlane: phase=worker_ready correlationId=c42 admissionWaitMs=2.130
09-08 08:13:37.951 24100 13441 I ChromePhotosDataPlane: phase=tls_certificate correlationId=c42 tlsCacheHit=true tlsCacheWaitMs=0.007 tlsCreationMs=0.000
09-08 08:13:37.951 24100 13441 I ChromePhotosDataPlane: phase=tls_material correlationId=c42 tlsMaterialMs=0.350
09-08 08:13:37.960 24100 13441 I ChromePhotosDataPlane: phase=tls_ready correlationId=c42 hostClass=network hostHash=bf52830e11f43bb6 clientProtocol=http/1.1 ca=42e0f97fefe4bb3f
09-08 08:13:38.106 24100 13441 I ChromePhotosDataPlane: origin=real hostClass=network hostHash=bf52830e11f43bb6 method=GET clientProtocol=http/1.1 upstreamProtocol=h2 status=200 contentType=image/png bytesIn=719 bytesOut=719 cache=hit decision=safe reason=model_allow source=cache probability=0.039679587 basis=None decodeMs=0.000 inferenceMs=0.000 inferenceQueueMs=0.000 localDecisionMs=0.066  bodyAdmissionMs=0.041 bodyReadMs=0.960 hashMs=0.478 requestToDeliveryMs=144.389 upstreamHeadersMs=137.818 sanitizeMs=2.262 downstreamWriteMs=1.397
09-08 08:13:38.288 24100 12515 I ChromePhotosDataPlane: phase=fixture_scope_lost action=lease_revoked
09-08 08:13:38.341 24100 13393 I ChromePhotosDataPlane: origin=real hostClass=network hostHash=191347bfe55d0ca9 method=POST clientProtocol=http/1.1 upstreamProtocol=h2 status=204 contentType=text/html bytesOut=0 transfer=fixed upstreamHeadersMs=56.110 downstreamWriteMs=1.034
09-08 08:13:38.806 24100 13393 I ChromePhotosDataPlane: origin=real hostClass=network hostHash=191347bfe55d0ca9 method=POST clientProtocol=http/1.1 upstreamProtocol=h2 status=204 contentType=text/html bytesOut=0 transfer=fixed upstreamHeadersMs=80.451 downstreamWriteMs=1.130
09-08 08:13:38.915 24100 13393 I ChromePhotosDataPlane: origin=real hostClass=network hostHash=191347bfe55d0ca9 method=POST clientProtocol=http/1.1 upstreamProtocol=h2 status=204 contentType=text/html bytesOut=0 transfer=fixed upstreamHeadersMs=74.944 downstreamWriteMs=0.480
09-08 08:13:38.928 24100 13451 I ChromePhotosDataPlane: phase=worker_ready correlationId=c43 admissionWaitMs=1.341
09-08 08:13:38.965 24100 13451 I ChromePhotosDataPlane: phase=tls_certificate correlationId=c43 tlsCacheHit=true tlsCacheWaitMs=0.014 tlsCreationMs=0.000
09-08 08:13:38.965 24100 13451 I ChromePhotosDataPlane: phase=tls_material correlationId=c43 tlsMaterialMs=0.430
09-08 08:13:38.975 24100 13451 I ChromePhotosDataPlane: phase=tls_ready correlationId=c43 hostClass=network hostHash=eaadc6f5c45b9f47 clientProtocol=http/1.1 ca=42e0f97fefe4bb3f
09-08 08:13:39.101 24100 13393 I ChromePhotosDataPlane: origin=real hostClass=network hostHash=191347bfe55d0ca9 method=GET clientProtocol=http/1.1 upstreamProtocol=h2 status=200 contentType=application/json bytesOut=16 transfer=fixed upstreamHeadersMs=86.251 downstreamWriteMs=6.542
09-08 08:13:39.174 24100 13462 I ChromePhotosDataPlane: phase=worker_ready correlationId=c47 admissionWaitMs=1.149
09-08 08:13:39.175 24100 13458 I ChromePhotosDataPlane: phase=worker_ready correlationId=c44 admissionWaitMs=11.486
09-08 08:13:39.177 24100 13460 I ChromePhotosDataPlane: phase=worker_ready correlationId=c45 admissionWaitMs=10.380
09-08 08:13:39.179 24100 13461 I ChromePhotosDataPlane: phase=worker_ready correlationId=c46 admissionWaitMs=8.691
09-08 08:13:39.183 24100 13471 I ChromePhotosDataPlane: phase=worker_ready correlationId=c48 admissionWaitMs=0.425
09-08 08:13:39.186 24100 13451 I ChromePhotosDataPlane: origin=real hostClass=network hostHash=eaadc6f5c45b9f47 method=POST clientProtocol=http/1.1 upstreamProtocol=h2 status=200 contentType=application/json+protobuf bytesOut=39 transfer=fixed upstreamHeadersMs=208.665 downstreamWriteMs=0.563
09-08 08:13:39.201 24100 13482 I ChromePhotosDataPlane: phase=worker_ready correlationId=c49 admissionWaitMs=1.441
09-08 08:13:39.224 24100 13482 I ChromePhotosDataPlane: phase=tls_certificate correlationId=c49 tlsCacheHit=true tlsCacheWaitMs=0.014 tlsCreationMs=0.000
09-08 08:13:39.225 24100 13482 I ChromePhotosDataPlane: phase=tls_material correlationId=c49 tlsMaterialMs=0.484
09-08 08:13:39.235 24100 13482 I ChromePhotosDataPlane: phase=tls_ready correlationId=c49 hostClass=network hostHash=73a1220668a1b571 clientProtocol=http/1.1 ca=42e0f97fefe4bb3f
09-08 08:13:39.238 24100 13490 I ChromePhotosDataPlane: phase=worker_ready correlationId=c50 admissionWaitMs=0.806
09-08 08:13:39.243 24100 13458 I ChromePhotosDataPlane: phase=tls_certificate correlationId=c44 tlsCacheHit=false tlsCacheWaitMs=0.014 tlsCreationMs=34.059
09-08 08:13:39.243 24100 13458 I ChromePhotosDataPlane: phase=tls_material correlationId=c44 tlsMaterialMs=34.555
09-08 08:13:39.253 24100 13490 I ChromePhotosDataPlane: phase=tls_certificate correlationId=c50 tlsCacheHit=true tlsCacheWaitMs=0.016 tlsCreationMs=0.000
09-08 08:13:39.254 24100 13490 I ChromePhotosDataPlane: phase=tls_material correlationId=c50 tlsMaterialMs=0.576
09-08 08:13:39.260 24100 13458 I ChromePhotosDataPlane: phase=tls_ready correlationId=c44 hostClass=network hostHash=8276259f415f9299 clientProtocol=http/1.1 ca=42e0f97fefe4bb3f
09-08 08:13:39.267 24100 13490 I ChromePhotosDataPlane: phase=tls_ready correlationId=c50 hostClass=network hostHash=73a1220668a1b571 clientProtocol=http/1.1 ca=42e0f97fefe4bb3f
09-08 08:13:39.280 24100 13460 I ChromePhotosDataPlane: phase=tls_certificate correlationId=c45 tlsCacheHit=true tlsCacheWaitMs=65.969 tlsCreationMs=0.000
09-08 08:13:39.280 24100 13461 I ChromePhotosDataPlane: phase=tls_certificate correlationId=c46 tlsCacheHit=false tlsCacheWaitMs=29.885 tlsCreationMs=36.442
09-08 08:13:39.280 24100 13460 I ChromePhotosDataPlane: phase=tls_material correlationId=c45 tlsMaterialMs=66.214
09-08 08:13:39.280 24100 13461 I ChromePhotosDataPlane: phase=tls_material correlationId=c46 tlsMaterialMs=66.803
09-08 08:13:39.280 24100 13471 I ChromePhotosDataPlane: phase=tls_certificate correlationId=c48 tlsCacheHit=true tlsCacheWaitMs=63.736 tlsCreationMs=0.000
09-08 08:13:39.280 24100 13471 I ChromePhotosDataPlane: phase=tls_material correlationId=c48 tlsMaterialMs=64.145
09-08 08:13:39.281 24100 13462 I ChromePhotosDataPlane: phase=tls_certificate correlationId=c47 tlsCacheHit=true tlsCacheWaitMs=60.573 tlsCreationMs=0.000
09-08 08:13:39.281 24100 13462 I ChromePhotosDataPlane: phase=tls_material correlationId=c47 tlsMaterialMs=61.057
09-08 08:13:39.286 24100 13461 I ChromePhotosDataPlane: phase=tls_ready correlationId=c46 hostClass=network hostHash=a07e840be85c9b23 clientProtocol=http/1.1 ca=42e0f97fefe4bb3f
09-08 08:13:39.288 24100 13460 I ChromePhotosDataPlane: phase=tls_ready correlationId=c45 hostClass=network hostHash=8276259f415f9299 clientProtocol=http/1.1 ca=42e0f97fefe4bb3f
09-08 08:13:39.290 24100 13462 I ChromePhotosDataPlane: phase=tls_ready correlationId=c47 hostClass=network hostHash=a07e840be85c9b23 clientProtocol=http/1.1 ca=42e0f97fefe4bb3f
09-08 08:13:39.293 24100 13471 I ChromePhotosDataPlane: phase=tls_ready correlationId=c48 hostClass=network hostHash=8276259f415f9299 clientProtocol=http/1.1 ca=42e0f97fefe4bb3f
09-08 08:13:39.309 24100 13498 I ChromePhotosDataPlane: phase=worker_ready correlationId=c51 admissionWaitMs=0.518
09-08 08:13:39.364 24100 13498 I ChromePhotosDataPlane: phase=tls_certificate correlationId=c51 tlsCacheHit=true tlsCacheWaitMs=0.030 tlsCreationMs=0.000
09-08 08:13:39.364 24100 13498 I ChromePhotosDataPlane: phase=tls_material correlationId=c51 tlsMaterialMs=0.604
09-08 08:13:39.370 24100 13498 I ChromePhotosDataPlane: phase=tls_ready correlationId=c51 hostClass=network hostHash=531c0c97f236d51c clientProtocol=http/1.1 ca=42e0f97fefe4bb3f
09-08 08:13:39.440 24100 13482 I ChromePhotosDataPlane: origin=real hostClass=network hostHash=73a1220668a1b571 method=GET clientProtocol=http/1.1 upstreamProtocol=h2 status=200 contentType=image/png bytesIn=30032 bytesOut=704 cache=hit decision=block reason=model_filter source=cache probability=0.98529774 basis=FullStrong decodeMs=0.000 inferenceMs=0.000 inferenceQueueMs=0.000 localDecisionMs=0.124  bodyAdmissionMs=0.025 bodyReadMs=32.179 hashMs=1.197 requestToDeliveryMs=194.343 upstreamHeadersMs=152.396 sanitizeMs=34.359 downstreamWriteMs=1.682
09-08 08:13:39.556 24100 13393 I ChromePhotosDataPlane: phase=media_shield_ready origin=same_origin result=200 bytesOut=18234
09-08 08:13:39.627 24100 13461 I ChromePhotosDataPlane: origin=real hostClass=network hostHash=a07e840be85c9b23 method=GET clientProtocol=http/1.1 upstreamProtocol=h2 status=200 contentType=image/webp bytesIn=23140 bytesOut=23140 cache=miss decision=safe reason=model_allow source=engine probability=0.009956628 basis=None decodeMs=7.337 inferenceMs=179.714 inferenceQueueMs=0.372 localDecisionMs=188.766  bodyAdmissionMs=0.030 bodyReadMs=18.744 hashMs=0.280 requestToDeliveryMs=339.532 upstreamHeadersMs=113.050 sanitizeMs=217.972 downstreamWriteMs=3.234
09-08 08:13:39.628 24100 13490 I ChromePhotosDataPlane: origin=real hostClass=network hostHash=73a1220668a1b571 method=GET clientProtocol=http/1.1 upstreamProtocol=h2 status=200 contentType=image/png bytesIn=7389 bytesOut=704 cache=hit decision=block reason=model_filter source=cache probability=0.9777452 basis=FullStrong decodeMs=0.000 inferenceMs=0.000 inferenceQueueMs=0.000 localDecisionMs=0.148  bodyAdmissionMs=187.086 bodyReadMs=0.670 hashMs=1.326 requestToDeliveryMs=358.894 upstreamHeadersMs=161.901 sanitizeMs=190.038 downstreamWriteMs=2.859
09-08 08:13:39.679 24100 13458 I ChromePhotosDataPlane: origin=real hostClass=network hostHash=8276259f415f9299 method=GET clientProtocol=http/1.1 upstreamProtocol=h2 status=200 contentType=image/webp bytesIn=27734 bytesOut=27734 cache=miss decision=safe reason=model_allow source=engine probability=0.049351603 basis=None decodeMs=23.895 inferenceMs=184.697 inferenceQueueMs=0.343 localDecisionMs=210.106  bodyAdmissionMs=19.151 bodyReadMs=0.510 hashMs=0.516 requestToDeliveryMs=416.049 upstreamHeadersMs=155.786 sanitizeMs=251.891 downstreamWriteMs=1.325
09-08 08:13:39.681 24100 13522 I ChromePhotosDataPlane: phase=worker_ready correlationId=c52 admissionWaitMs=4.320
09-08 08:13:39.689 24100 13523 I ChromePhotosDataPlane: phase=worker_ready correlationId=c53 admissionWaitMs=0.957
09-08 08:13:39.696 24100 13522 I ChromePhotosDataPlane: phase=tls_certificate correlationId=c52 tlsCacheHit=true tlsCacheWaitMs=0.027 tlsCreationMs=0.000
09-08 08:13:39.696 24100 13522 I ChromePhotosDataPlane: phase=tls_material correlationId=c52 tlsMaterialMs=0.705
09-08 08:13:39.699 24100 13524 I ChromePhotosDataPlane: phase=worker_ready correlationId=c54 admissionWaitMs=1.151
09-08 08:13:39.715 24100 13523 I ChromePhotosDataPlane: phase=tls_certificate correlationId=c53 tlsCacheHit=true tlsCacheWaitMs=0.020 tlsCreationMs=0.000
09-08 08:13:39.715 24100 13523 I ChromePhotosDataPlane: phase=tls_material correlationId=c53 tlsMaterialMs=0.720
09-08 08:13:39.721 24100 13524 I ChromePhotosDataPlane: phase=tls_certificate correlationId=c54 tlsCacheHit=true tlsCacheWaitMs=0.015 tlsCreationMs=0.000
09-08 08:13:39.722 24100 13524 I ChromePhotosDataPlane: phase=tls_material correlationId=c54 tlsMaterialMs=0.593
09-08 08:13:39.730 24100 13525 I ChromePhotosDataPlane: phase=worker_ready correlationId=c55 admissionWaitMs=0.995
09-08 08:13:39.733 24100 13522 I ChromePhotosDataPlane: phase=tls_ready correlationId=c52 hostClass=network hostHash=8276259f415f9299 clientProtocol=http/1.1 ca=42e0f97fefe4bb3f
09-08 08:13:39.737 24100 13523 I ChromePhotosDataPlane: phase=tls_ready correlationId=c53 hostClass=network hostHash=8276259f415f9299 clientProtocol=http/1.1 ca=42e0f97fefe4bb3f
09-08 08:13:39.746 24100 13524 I ChromePhotosDataPlane: phase=tls_ready correlationId=c54 hostClass=network hostHash=8276259f415f9299 clientProtocol=http/1.1 ca=42e0f97fefe4bb3f
09-08 08:13:39.814 24100 13525 I ChromePhotosDataPlane: phase=tls_certificate correlationId=c55 tlsCacheHit=false tlsCacheWaitMs=0.031 tlsCreationMs=33.804
09-08 08:13:39.814 24100 13525 I ChromePhotosDataPlane: phase=tls_material correlationId=c55 tlsMaterialMs=34.476
09-08 08:13:39.821 24100 13525 I ChromePhotosDataPlane: phase=tls_ready correlationId=c55 hostClass=network hostHash=86c190c2d7dd6548 clientProtocol=http/1.1 ca=42e0f97fefe4bb3f
09-08 08:13:39.863 24100 13460 I ChromePhotosDataPlane: origin=real hostClass=network hostHash=8276259f415f9299 method=GET clientProtocol=http/1.1 upstreamProtocol=h2 status=200 contentType=image/webp bytesIn=32292 bytesOut=32292 cache=miss decision=safe reason=model_allow source=engine probability=0.031550497 basis=None decodeMs=9.938 inferenceMs=181.358 inferenceQueueMs=0.401 localDecisionMs=192.598  bodyAdmissionMs=179.413 bodyReadMs=1.014 hashMs=0.496 requestToDeliveryMs=572.689 upstreamHeadersMs=149.694 sanitizeMs=410.075 downstreamWriteMs=3.308
09-08 08:13:39.883 24100 13471 I ChromePhotosDataPlane: origin=real hostClass=network hostHash=8276259f415f9299 method=GET clientProtocol=http/1.1 upstreamProtocol=h2 status=200 contentType=image/webp bytesIn=22280 bytesOut=22280 cache=miss decision=safe reason=model_allow source=engine probability=0.017893106 basis=None decodeMs=10.668 inferenceMs=179.837 inferenceQueueMs=0.287 localDecisionMs=191.642  bodyAdmissionMs=204.791 bodyReadMs=0.541 hashMs=1.286 requestToDeliveryMs=583.343 upstreamHeadersMs=164.900 sanitizeMs=416.369 downstreamWriteMs=0.718
09-08 08:13:39.912 24100 13555 I ChromePhotosDataPlane: phase=worker_ready correlationId=c56 admissionWaitMs=1.719
09-08 08:13:39.956 24100 13555 I ChromePhotosDataPlane: phase=tls_certificate correlationId=c56 tlsCacheHit=true tlsCacheWaitMs=0.026 tlsCreationMs=0.000
09-08 08:13:39.956 24100 13555 I ChromePhotosDataPlane: phase=tls_material correlationId=c56 tlsMaterialMs=0.871
09-08 08:13:39.967 24100 13555 I ChromePhotosDataPlane: phase=tls_ready correlationId=c56 hostClass=network hostHash=8e08d6d89d17a981 clientProtocol=http/1.1 ca=42e0f97fefe4bb3f
09-08 08:13:40.039 24100 13462 I ChromePhotosDataPlane: origin=real hostClass=network hostHash=a07e840be85c9b23 method=GET clientProtocol=http/1.1 upstreamProtocol=h2 status=200 contentType=image/webp bytesIn=16398 bytesOut=16398 cache=miss decision=safe reason=model_allow source=engine probability=0.019275308 basis=None decodeMs=6.632 inferenceMs=162.653 inferenceQueueMs=0.277 localDecisionMs=170.189  bodyAdmissionMs=370.829 bodyReadMs=0.757 hashMs=0.215 requestToDeliveryMs=743.268 upstreamHeadersMs=185.870 sanitizeMs=549.296 downstreamWriteMs=2.990
09-08 08:13:40.088 24100 13461 I ChromePhotosDataPlane: origin=real hostClass=network hostHash=a07e840be85c9b23 method=GET clientProtocol=http/1.1 upstreamProtocol=h2 status=200 contentType=image/png bytesIn=22564 bytesOut=704 cache=miss decision=block reason=model_filter source=engine probability=0.8389416 basis=FullThreshold decodeMs=6.992 inferenceMs=170.314 inferenceQueueMs=0.307 localDecisionMs=178.595  bodyAdmissionMs=173.668 bodyReadMs=0.926 hashMs=1.253 requestToDeliveryMs=416.703 upstreamHeadersMs=25.934 sanitizeMs=377.593 downstreamWriteMs=0.966
09-08 08:13:40.150 24100 13555 I ChromePhotosDataPlane: origin=real hostClass=network hostHash=8e08d6d89d17a981 method=POST clientProtocol=http/1.1 upstreamProtocol=h2 status=200 contentType=image/png bytesIn=0 bytesOut=704 cache=miss decision=unknown reason=encoded_image_unsupported source=error probability=-1.0 basis=none decodeMs=0.000 inferenceMs=0.000 inferenceQueueMs=0.000 localDecisionMs=0.000   requestToDeliveryMs=181.949 upstreamHeadersMs=177.131 sanitizeMs=0.528 downstreamWriteMs=1.562
09-08 08:13:40.224 24100 13523 I ChromePhotosDataPlane: origin=real hostClass=network hostHash=8276259f415f9299 method=GET clientProtocol=http/1.1 upstreamProtocol=h2 status=200 contentType=image/webp bytesIn=39114 bytesOut=39114 cache=miss decision=safe reason=model_allow source=engine probability=0.25462428 basis=None decodeMs=8.920 inferenceMs=168.562 inferenceQueueMs=0.345 localDecisionMs=178.854  bodyAdmissionMs=245.458 bodyReadMs=0.232 hashMs=1.516 requestToDeliveryMs=472.320 upstreamHeadersMs=33.769 sanitizeMs=436.416 downstreamWriteMs=0.815
09-08 08:13:40.292 24100 13522 I ChromePhotosDataPlane: origin=real hostClass=network hostHash=8276259f415f9299 method=GET clientProtocol=http/1.1 upstreamProtocol=h2 status=200 contentType=image/webp bytesIn=29362 bytesOut=29362 cache=miss decision=safe reason=model_allow source=engine probability=0.03888789 basis=None decodeMs=8.112 inferenceMs=172.445 inferenceQueueMs=0.132 localDecisionMs=181.741  bodyAdmissionMs=292.401 bodyReadMs=0.363 hashMs=0.643 requestToDeliveryMs=542.220 upstreamHeadersMs=44.192 sanitizeMs=488.714 downstreamWriteMs=3.358
09-08 08:13:40.305 24100 13393 I ChromePhotosDataPlane: origin=real hostClass=network hostHash=191347bfe55d0ca9 method=GET clientProtocol=http/1.1 upstreamProtocol=h2 status=200 contentType=application/octet-stream bytesOut=123345 transfer=chunked upstreamHeadersMs=85.735 downstreamWriteMs=33.773
09-08 08:13:40.317 24100 13564 I ChromePhotosDataPlane: phase=worker_ready correlationId=c57 admissionWaitMs=1.028
09-08 08:13:40.324 24100 13564 I ChromePhotosDataPlane: phase=tls_certificate correlationId=c57 tlsCacheHit=true tlsCacheWaitMs=0.018 tlsCreationMs=0.000
09-08 08:13:40.324 24100 13564 I ChromePhotosDataPlane: phase=tls_material correlationId=c57 tlsMaterialMs=0.470
09-08 08:13:40.335 24100 13564 I ChromePhotosDataPlane: phase=tls_ready correlationId=c57 hostClass=network hostHash=86c190c2d7dd6548 clientProtocol=http/1.1 ca=42e0f97fefe4bb3f
09-08 08:13:40.410 24100 13458 I ChromePhotosDataPlane: origin=real hostClass=network hostHash=8276259f415f9299 method=GET clientProtocol=http/1.1 upstreamProtocol=h2 status=200 contentType=image/webp bytesIn=7522 bytesOut=7522 cache=miss decision=safe reason=model_allow source=engine probability=0.110446215 basis=None decodeMs=5.778 inferenceMs=168.470 inferenceQueueMs=0.121 localDecisionMs=175.051  bodyAdmissionMs=421.366 bodyReadMs=0.357 hashMs=0.900 requestToDeliveryMs=669.447 upstreamHeadersMs=60.196 sanitizeMs=605.635 downstreamWriteMs=1.084
09-08 08:13:40.481 24100 13525 I ChromePhotosDataPlane: origin=real hostClass=network hostHash=86c190c2d7dd6548 method=GET clientProtocol=http/1.1 upstreamProtocol=h2 status=200 contentType=image/webp bytesIn=16822 bytesOut=16822 cache=miss decision=safe reason=model_allow source=engine probability=0.07619065 basis=None decodeMs=6.041 inferenceMs=170.922 inferenceQueueMs=0.163 localDecisionMs=177.993  bodyAdmissionMs=430.230 bodyReadMs=1.091 hashMs=0.742 requestToDeliveryMs=659.020 upstreamHeadersMs=30.878 sanitizeMs=624.936 downstreamWriteMs=1.132
09-08 08:13:40.527 24100 13566 I ChromePhotosDataPlane: phase=worker_ready correlationId=c58 admissionWaitMs=1.437
09-08 08:13:40.546 24100 13566 I ChromePhotosDataPlane: phase=tls_certificate correlationId=c58 tlsCacheHit=true tlsCacheWaitMs=0.026 tlsCreationMs=0.000
09-08 08:13:40.546 24100 13566 I ChromePhotosDataPlane: phase=tls_material correlationId=c58 tlsMaterialMs=0.750
09-08 08:13:40.556 24100 13566 I ChromePhotosDataPlane: phase=tls_ready correlationId=c58 hostClass=network hostHash=a07e840be85c9b23 clientProtocol=http/1.1 ca=42e0f97fefe4bb3f
09-08 08:13:40.613 24100 13490 I ChromePhotosDataPlane: origin=real hostClass=network hostHash=73a1220668a1b571 method=GET clientProtocol=http/1.1 upstreamProtocol=h2 status=200 contentType=image/webp bytesIn=22242 bytesOut=22242 cache=miss decision=safe reason=model_allow source=engine probability=0.09518984 basis=None decodeMs=7.287 inferenceMs=173.746 inferenceQueueMs=0.139 localDecisionMs=182.256  bodyAdmissionMs=483.543 bodyReadMs=0.309 hashMs=0.544 requestToDeliveryMs=714.410 upstreamHeadersMs=24.418 sanitizeMs=676.513 downstreamWriteMs=7.902
09-08 08:13:40.662 24100 13461 I ChromePhotosDataPlane: origin=real hostClass=network hostHash=a07e840be85c9b23 method=GET clientProtocol=http/1.1 upstreamProtocol=h2 status=200 contentType=image/png bytesIn=20262 bytesOut=704 cache=miss decision=block reason=model_filter source=engine probability=0.67016435 basis=FullThreshold decodeMs=6.323 inferenceMs=161.628 inferenceQueueMs=0.355 localDecisionMs=169.003  bodyAdmissionMs=186.229 bodyReadMs=0.326 hashMs=2.062 requestToDeliveryMs=431.611 upstreamHeadersMs=61.247 sanitizeMs=365.447 downstreamWriteMs=1.987
09-08 08:13:40.667 24100 13568 I ChromePhotosDataPlane: phase=worker_ready correlationId=c59 admissionWaitMs=3.290
09-08 08:13:40.671 24100 13568 I ChromePhotosDataPlane: phase=tls_certificate correlationId=c59 tlsCacheHit=true tlsCacheWaitMs=0.011 tlsCreationMs=0.000
09-08 08:13:40.671 24100 13568 I ChromePhotosDataPlane: phase=tls_material correlationId=c59 tlsMaterialMs=0.277
09-08 08:13:40.684 24100 13568 I ChromePhotosDataPlane: phase=tls_ready correlationId=c59 hostClass=network hostHash=73a1220668a1b571 clientProtocol=http/1.1 ca=42e0f97fefe4bb3f
09-08 08:13:40.861 24100 13522 I ChromePhotosDataPlane: origin=real hostClass=network hostHash=8276259f415f9299 method=GET clientProtocol=http/1.1 upstreamProtocol=h2 status=200 contentType=image/webp bytesIn=10820 bytesOut=10820 cache=miss decision=safe reason=model_allow source=engine probability=0.028499633 basis=None decodeMs=6.437 inferenceMs=168.702 inferenceQueueMs=0.545 localDecisionMs=177.820  bodyAdmissionMs=280.177 bodyReadMs=0.461 hashMs=0.894 requestToDeliveryMs=532.216 upstreamHeadersMs=48.208 sanitizeMs=477.430 downstreamWriteMs=1.919
09-08 08:13:40.903 24100 13570 I ChromePhotosDataPlane: phase=worker_ready correlationId=c60 admissionWaitMs=1.103
09-08 08:13:40.946 24100 13570 I ChromePhotosDataPlane: phase=tls_certificate correlationId=c60 tlsCacheHit=true tlsCacheWaitMs=0.020 tlsCreationMs=0.000
09-08 08:13:40.946 24100 13570 I ChromePhotosDataPlane: phase=tls_material correlationId=c60 tlsMaterialMs=0.583
09-08 08:13:40.961 24100 13570 I ChromePhotosDataPlane: phase=tls_ready correlationId=c60 hostClass=network hostHash=3eac1e980287c7ce clientProtocol=http/1.1 ca=42e0f97fefe4bb3f
09-08 08:13:41.085 24100 13564 I ChromePhotosDataPlane: origin=real hostClass=network hostHash=86c190c2d7dd6548 method=GET clientProtocol=http/1.1 upstreamProtocol=h2 status=200 contentType=image/png bytesIn=27936 bytesOut=704 cache=miss decision=block reason=model_filter source=engine probability=0.4911736 basis=FullThreshold decodeMs=11.023 inferenceMs=175.090 inferenceQueueMs=0.115 localDecisionMs=187.193  bodyAdmissionMs=468.763 bodyReadMs=0.756 hashMs=0.458 requestToDeliveryMs=747.673 upstreamHeadersMs=48.202 sanitizeMs=693.072 downstreamWriteMs=1.921
09-08 08:13:41.127 24100 13579 I ChromePhotosDataPlane: phase=worker_ready correlationId=c61 admissionWaitMs=1.010
09-08 08:13:41.135 24100 13579 I ChromePhotosDataPlane: phase=tls_certificate correlationId=c61 tlsCacheHit=true tlsCacheWaitMs=0.036 tlsCreationMs=0.000
09-08 08:13:41.135 24100 13579 I ChromePhotosDataPlane: phase=tls_material correlationId=c61 tlsMaterialMs=0.832
09-08 08:13:41.152 24100 13579 I ChromePhotosDataPlane: phase=tls_ready correlationId=c61 hostClass=network hostHash=3eac1e980287c7ce clientProtocol=http/1.1 ca=42e0f97fefe4bb3f
09-08 08:13:41.296 24100 13523 I ChromePhotosDataPlane: origin=real hostClass=network hostHash=8276259f415f9299 method=GET clientProtocol=http/1.1 upstreamProtocol=h2 status=200 contentType=image/webp bytesIn=23116 bytesOut=23116 cache=miss decision=safe reason=model_allow source=engine probability=0.012381375 basis=None decodeMs=7.174 inferenceMs=171.989 inferenceQueueMs=0.203 localDecisionMs=180.382  bodyAdmissionMs=689.349 bodyReadMs=0.878 hashMs=0.567 requestToDeliveryMs=978.844 upstreamHeadersMs=72.679 sanitizeMs=899.901 downstreamWriteMs=2.361
09-08 08:13:41.393 24100 13393 I ChromePhotosDataPlane: origin=real hostClass=network hostHash=191347bfe55d0ca9 method=POST clientProtocol=http/1.1 upstreamProtocol=h2 status=204 contentType=text/html bytesOut=0 transfer=fixed upstreamHeadersMs=73.911 downstreamWriteMs=1.079
09-08 08:13:41.483 24100 13393 I ChromePhotosDataPlane: origin=real hostClass=network hostHash=191347bfe55d0ca9 method=POST clientProtocol=http/1.1 upstreamProtocol=h2 status=204 contentType=text/html bytesOut=0 transfer=fixed upstreamHeadersMs=67.366 downstreamWriteMs=0.727
09-08 08:13:41.485 24100 13581 I ChromePhotosDataPlane: phase=worker_ready correlationId=c62 admissionWaitMs=1.042
09-08 08:13:41.497 24100 13482 I ChromePhotosDataPlane: origin=real hostClass=network hostHash=73a1220668a1b571 method=GET clientProtocol=http/1.1 upstreamProtocol=h2 status=200 contentType=image/webp bytesIn=30180 bytesOut=30180 cache=miss decision=safe reason=model_allow source=engine probability=0.3629666 basis=None decodeMs=8.017 inferenceMs=815.203 inferenceQueueMs=0.123 localDecisionMs=854.650  bodyAdmissionMs=257.897 bodyReadMs=1.342 hashMs=0.617 requestToDeliveryMs=1178.346 upstreamHeadersMs=26.180 sanitizeMs=1147.012 downstreamWriteMs=1.916
09-08 08:13:41.501 24100 13462 I ChromePhotosDataPlane: origin=real hostClass=network hostHash=a07e840be85c9b23 method=GET clientProtocol=http/1.1 upstreamProtocol=h2 status=200 contentType=image/png bytesIn=33124 bytesOut=704 cache=miss decision=block reason=model_filter source=engine probability=0.5479276 basis=FullThreshold decodeMs=8.419 inferenceMs=173.392 inferenceQueueMs=0.384 localDecisionMs=182.864  bodyAdmissionMs=808.227 bodyReadMs=0.708 hashMs=0.560 requestToDeliveryMs=1046.397 upstreamHeadersMs=26.383 sanitizeMs=1016.624 downstreamWriteMs=0.983
09-08 08:13:41.505 24100 13490 I ChromePhotosDataPlane: origin=real hostClass=network hostHash=73a1220668a1b571 method=GET clientProtocol=http/1.1 upstreamProtocol=h2 status=200 contentType=image/png bytesIn=41831 bytesOut=704 cache=hit decision=block reason=model_filter source=cache probability=0.70220387 basis=FullThreshold decodeMs=0.000 inferenceMs=0.000 inferenceQueueMs=0.000 localDecisionMs=0.048  bodyAdmissionMs=845.220 bodyReadMs=0.508 hashMs=0.460 requestToDeliveryMs=883.138 upstreamHeadersMs=28.880 sanitizeMs=846.621 downstreamWriteMs=0.819
09-08 08:13:41.506 24100 13568 I ChromePhotosDataPlane: origin=real hostClass=network hostHash=73a1220668a1b571 method=GET clientProtocol=http/1.1 upstreamProtocol=h2 status=200 contentType=image/png bytesIn=5545 bytesOut=704 cache=hit decision=block reason=model_filter source=cache probability=0.9786568 basis=FullStrong decodeMs=0.000 inferenceMs=0.000 inferenceQueueMs=0.000 localDecisionMs=0.054  bodyAdmissionMs=764.786 bodyReadMs=0.274 hashMs=0.451 requestToDeliveryMs=819.201 upstreamHeadersMs=49.719 sanitizeMs=765.884 downstreamWriteMs=0.783
09-08 08:13:41.508 24100 13570 I ChromePhotosDataPlane: origin=real hostClass=network hostHash=3eac1e980287c7ce method=GET clientProtocol=http/1.1 upstreamProtocol=h2 status=200 contentType=image/png bytesIn=37 bytesOut=704 cache=miss decision=unknown reason=unsupported_gif source=error probability=-1.0 basis=none decodeMs=0.000 inferenceMs=0.000 inferenceQueueMs=0.000 localDecisionMs=0.000  bodyAdmissionMs=322.321 bodyReadMs=0.142 requestToDeliveryMs=542.439 upstreamHeadersMs=215.494 sanitizeMs=323.002 downstreamWriteMs=0.820
09-08 08:13:41.511 24100 13579 I ChromePhotosDataPlane: origin=real hostClass=network hostHash=3eac1e980287c7ce method=GET clientProtocol=http/1.1 upstreamProtocol=h2 status=200 contentType=image/png bytesIn=37 bytesOut=704 cache=miss decision=unknown reason=unsupported_gif source=error probability=-1.0 basis=none decodeMs=0.000 inferenceMs=0.000 inferenceQueueMs=0.000 localDecisionMs=0.000  bodyAdmissionMs=265.815 bodyReadMs=0.272 requestToDeliveryMs=356.659 upstreamHeadersMs=86.327 sanitizeMs=266.852 downstreamWriteMs=0.810
09-08 08:13:41.514 24100 13581 I ChromePhotosDataPlane: phase=tls_certificate correlationId=c62 tlsCacheHit=true tlsCacheWaitMs=0.018 tlsCreationMs=0.000
09-08 08:13:41.514 24100 13581 I ChromePhotosDataPlane: phase=tls_material correlationId=c62 tlsMaterialMs=0.516
09-08 08:13:41.525 24100 13581 I ChromePhotosDataPlane: phase=tls_ready correlationId=c62 hostClass=network hostHash=191347bfe55d0ca9 clientProtocol=http/1.1 ca=42e0f97fefe4bb3f
09-08 08:13:41.562 24100 13587 I ChromePhotosDataPlane: phase=worker_ready correlationId=c63 admissionWaitMs=1.549
09-08 08:13:41.573 24100 13588 I ChromePhotosDataPlane: phase=worker_ready correlationId=c64 admissionWaitMs=1.110
09-08 08:13:41.573 24100 13587 I ChromePhotosDataPlane: phase=tls_certificate correlationId=c63 tlsCacheHit=true tlsCacheWaitMs=0.017 tlsCreationMs=0.000
09-08 08:13:41.573 24100 13587 I ChromePhotosDataPlane: phase=tls_material correlationId=c63 tlsMaterialMs=0.473
09-08 08:13:41.581 24100 13588 I ChromePhotosDataPlane: phase=tls_certificate correlationId=c64 tlsCacheHit=true tlsCacheWaitMs=0.017 tlsCreationMs=0.000
09-08 08:13:41.581 24100 13588 I ChromePhotosDataPlane: phase=tls_material correlationId=c64 tlsMaterialMs=0.503
09-08 08:13:41.586 24100 13587 I ChromePhotosDataPlane: phase=tls_ready correlationId=c63 hostClass=network hostHash=191347bfe55d0ca9 clientProtocol=http/1.1 ca=42e0f97fefe4bb3f
09-08 08:13:41.591 24100 13393 I ChromePhotosDataPlane: origin=real hostClass=network hostHash=191347bfe55d0ca9 method=GET clientProtocol=http/1.1 upstreamProtocol=h2 status=200 contentType=application/json bytesOut=17 transfer=chunked upstreamHeadersMs=72.103 downstreamWriteMs=1.015
09-08 08:13:41.602 24100 13588 I ChromePhotosDataPlane: phase=tls_ready correlationId=c64 hostClass=network hostHash=8e08d6d89d17a981 clientProtocol=http/1.1 ca=42e0f97fefe4bb3f
09-08 08:13:41.621 24100 13581 I ChromePhotosDataPlane: origin=real hostClass=network hostHash=191347bfe55d0ca9 method=POST clientProtocol=http/1.1 upstreamProtocol=h2 status=204 contentType=text/html bytesOut=0 transfer=fixed upstreamHeadersMs=56.067 downstreamWriteMs=1.084
09-08 08:13:41.644 24100 13587 I ChromePhotosDataPlane: origin=real hostClass=network hostHash=191347bfe55d0ca9 method=GET clientProtocol=http/1.1 upstreamProtocol=h2 status=200 contentType=image/png bytesIn=0 bytesOut=704 cache=miss decision=unknown reason=encoded_image_unsupported source=error probability=-1.0 basis=none decodeMs=0.000 inferenceMs=0.000 inferenceQueueMs=0.000 localDecisionMs=0.000   requestToDeliveryMs=52.774 upstreamHeadersMs=46.893 sanitizeMs=0.422 downstreamWriteMs=1.867
09-08 08:13:41.647 24100 13566 I ChromePhotosDataPlane: origin=real hostClass=network hostHash=a07e840be85c9b23 method=GET clientProtocol=http/1.1 upstreamProtocol=h2 status=200 contentType=image/png bytesIn=23112 bytesOut=704 cache=miss decision=block reason=model_filter source=engine probability=0.6973743 basis=FullThreshold decodeMs=7.160 inferenceMs=133.688 inferenceQueueMs=0.132 localDecisionMs=141.569  bodyAdmissionMs=851.904 bodyReadMs=0.421 hashMs=0.484 requestToDeliveryMs=1087.851 upstreamHeadersMs=81.259 sanitizeMs=1002.407 downstreamWriteMs=1.114
09-08 08:13:41.737 24100 13555 I ChromePhotosDataPlane: origin=real hostClass=network hostHash=8e08d6d89d17a981 method=POST clientProtocol=http/1.1 upstreamProtocol=h2 status=200 contentType=image/png bytesIn=0 bytesOut=704 cache=miss decision=unknown reason=encoded_image_unsupported source=error probability=-1.0 basis=none decodeMs=0.000 inferenceMs=0.000 inferenceQueueMs=0.000 localDecisionMs=0.000   requestToDeliveryMs=160.218 upstreamHeadersMs=155.719 sanitizeMs=0.313 downstreamWriteMs=1.719
09-08 08:13:41.761 24100 13393 I ChromePhotosDataPlane: origin=real hostClass=network hostHash=191347bfe55d0ca9 method=POST clientProtocol=http/1.1 upstreamProtocol=h2 status=204 contentType=text/html bytesOut=0 transfer=fixed upstreamHeadersMs=59.501 downstreamWriteMs=1.279
09-08 08:13:41.770 24100 13588 I ChromePhotosDataPlane: origin=real hostClass=network hostHash=8e08d6d89d17a981 method=POST clientProtocol=http/1.1 upstreamProtocol=h2 status=200 contentType=image/png bytesIn=0 bytesOut=704 cache=miss decision=unknown reason=encoded_image_unsupported source=error probability=-1.0 basis=none decodeMs=0.000 inferenceMs=0.000 inferenceQueueMs=0.000 localDecisionMs=0.000   requestToDeliveryMs=166.695 upstreamHeadersMs=161.677 sanitizeMs=0.313 downstreamWriteMs=1.923
09-08 08:13:48.994 24100 24100 I ChromePhotosDataPlane: phase=status statusSequence=8 lifecycle=PresentationReady active=true ready=true connections=64 requests=817 safe=28 blocked=13 unknown=14 passthrough=748 cacheHits=7 cacheMisses=35 failures=0 clientDisconnects=0 bytesIn=18165713 bytesOut=16831568 streamed=30 proxyQueueRejects=0 proxyActivePeak=27 proxyP50Ms=1.836 proxyP95Ms=184.514 proxyP99Ms=819.468 upstreamSockets=41 protectSuccess=41 protectFailure=0 web11a=not_run web11b=not_run modelLoadMs=397.685 engineCalls=35 dedupeHits=0 decisionCacheConfig=64 decisionConcurrencyConfig=2 decisionQueueConfig=2 decisionTimeoutMs=5000 engineCallsPerRequest=0.8333333333333334 inferencePeak=2 inFlightPeak=2 queuePeak=1 queueRejects=0 timeouts=0 inferenceP50Ms=170.313906 inferenceP95Ms=306.356667 inferenceP99Ms=642.864583 decisionP50Ms=178.595208 decisionP95Ms=321.400937 decisionP99Ms=657.721093 cacheHitP50Ms=0.065937 cacheHitP95Ms=0.12401 cacheEntries=35 cacheEvictions=0 preprocessP50Ms=7.662605 preprocessP95Ms=110.992968 preprocessP99Ms=117.204896 preparedCount1=32 preparedCount4=1 preparedCount5=1 preparedCountOther=1 decisionBasis=FullStrong:3,FullThreshold:6,None:25,Other:1 imageCandidates=55 imagePrefixPeeks=2 imageMagicCandidates=0 imageBodyAdmissionPeak=2 imageBodyAdmissionRejects=0 networkVisualCandidates=55 networkVisualReplaced=0 networkVisualRawDelivered=0 networkVisualSafeRawDelivered=28 networkVisualBlockedReplaced=13 networkVisualUnknownReplaced=0 networkVisualUnsupportedReplaced=14 networkVisualRawBlockedDelivered=0 networkVisualRawUnknownDelivered=0 networkVisualCacheHit=7 networkVisualInference=35 mediaDocumentsTransformed=3 mediaDocumentsFailClosed=0 documentTransformOutstanding=0 readyTokensOutstanding=3 uiSvgRegistered=1 uiSvgRegistryBytes=217 uiSvgCssRewritten=0 uiSvgCssRejected=0 uiSvgNetworkAccepted=0 uiSvgNetworkRejected=0 uiSvgAssetServed=0 uiSvgAssetRejected=0 h18=REPORT=not_run,EVENT_SEQUENCE=0,COMPAT_DOCS=0,STRICT_DOCS=0,STYLE_REQ=0,SCRIPT_REQ=0,DATA_REQ=0,NETWORK_REQ=0,REPORTS=0,LAST_DOC=none,NETWORK_SHA=ee17e3f62edde61823ce35732ea168f4f5986bff347ccfac063eca7f4009ee1b,AUDIT_SHA=74d4467bbf6833db4eeab998495b7dfc50db3b1f04f407704b839ad3f4b25582 h19=REPORT=not_run,DOCUMENTS=0,FRAMES=0,SCRIPTS=0,FIRST_ORIGINAL_SCRIPTS=0,STYLES=0,WORKERS=0,SERVICE_WORKERS=0,FRAME_REPORTS=0,FRAME_REPORT_REJECTS=0,FRAME_REPORT=not_run,FRAME_REPORT_SHA=not_run,FRAME_CHALLENGE_SHA=not_run,FRAME_GENERATION=0,FRAME_ACCEPTED_CHALLENGE_SHA=not_run,FRAME_REPORT_BINDING_SHA=not_run,SAME_URL_BODIES=0,REPORTS=0,SW_BOUNDARY={INSTALL_DOCS=0,WORKER_SCRIPTS=0,WORKER_PROBE_SCRIPTS=0,PROBE_DOCS=0,CLEANUP_DOCS=0,REPORTS_ACCEPTED=0,REPORTS_REJECTED=0,CONTROLLER_PRESENT=0,CONTROLLER_MISSING=0,NAV_FETCHES=0,SELF_READY_FETCHES=0,SELF_READY_PASS_THROUGH=0,SELF_READY_SYNTHETIC=0,NAV_SYNTHETIC=0,RESET_BASELINE_CLEAN=0,RESET_BASELINE_DIRTY=0,REGISTER_BLOCKED=0,REGISTER_SUCCEEDED=0,WORKER_REGISTER_BLOCKED=0,WORKER_REGISTER_SUCCEEDED=0,WORKER_REGISTER_UNSUPPORTED=0,WORKER_REGISTER_ERROR=0,LAST_CASE=none,LAST_EVENT=none,LAST_VALUE=none},UI_SVG={not_run} quicAttempts=0 directTcpAttempts=0 bootstrapResetGeneration=2 bootstrapCompleteGeneration=2 bootstrapResetCount=3 chromeSuspended=false guardSession=541 guardHeartbeatSequence=619 audit17State=0 audit17Navigation=0 audit17Events=58 audit17Dropped=0
09-08 08:13:48.994 24100 24100 I ChromeMediaShieldStatus: v=1 seq=8 kind=network mode=selective candidates=55 replaced=0 rawDelivered=0 safeRaw=28 blockedReplaced=13 unknownReplaced=0 unsupportedReplaced=14 rawBlocked=0 rawUnknown=0 cacheHit=7 decisionEngine=35 engineCalls=35
09-08 08:13:48.994 24100 24100 I ChromeMediaShieldStatus: v=1 seq=8 kind=document transformed=3 failClosed=0 outstanding=0 issued=3 claims=3 documentSequence=3 navigationSequence=3 readyRequests=9 readyPreflights=0 readyAccepted=3 readyRejected=0 parserBarrierRequests=0 parserBarrierReady=0 parserBarrierFailClosed=0 selfShield=true selfReadyRequests=3 selfReadyAccepted=3 selfReadyRejected=0 selfReadyRejectReason=none selfShieldReleaseCompleted=3 selfShieldParserContinued=3 selfShieldOriginalScriptStarted=0 selfShieldTraceRejected=0 selfShieldTraceOutstanding=1 bootstrapDiagnosticAccepted=0 bootstrapDiagnosticRejected=0 bootstrapDiagnosticRejectReason=none bootstrapDiagnosticStage=none bootstrapDiagnosticReason=none bootstrapDiagnosticOutstanding=0
09-08 08:13:48.994 24100 24100 I ChromeMediaShieldStatus: v=1 seq=8 kind=renderer reports=0 rejected=0 globalCallbacks=0 globalRecords=0 childRecords=0 attributeRecords=0 maxRecords=0 scanCalls=0 scanRoot=0 scanNodes=0 maxScanNodes=0 scanMicros=0 maxScanMicros=0 observerChildScans=0 observerAttributeScans=0 guardedScans=0 markupScans=0 shadowScans=0 initialScans=0 otherScans=0 sanitizeElement=0 sanitizeContainer=0 img=0 source=0 svg=0 iframe=0 canvas=0 video=0 safeIcon=0 lockIcon=0 geometryWrites=0 svgRecords=0 shadowRoots=0 shadowObservers=0 shadowCallbacks=0 shadowRecords=0 shadowScanCalls=0 ensureStyle=0 ensureCurtain=0 internalMutations=0
09-08 08:13:48.994 24100 24100 I ChromeMediaShieldStatus: v=1 seq=8 kind=rendererApis callScan=createElement=0/0 createElementNS=0/0 appendChild=0/0 insertBefore=0/0 replaceChild=0/0 append=0/0 prepend=0/0 replaceChildren=0/0 before=0/0 after=0/0 replaceWith=0/0 adjacentElement=0/0 moveBefore=0/0 rangeInsert=0/0 rangeSurround=0/0 adoptNode=0/0 cloneNode=0/0 importNode=0/0 safeMarkup=0/0 innerHTML=0/0 outerHTML=0/0 insertAdjacentHTML=0/0 setHTML=0/0 shadowInnerHTML=0/0 execCommandInsertHTML=0/0 mappedTextContent=0/0
09-08 08:13:48.995 24100 24100 I ChromeMediaShieldStatus: v=1 seq=8 kind=rendererFamilies roots=element/fragment/text/other factory:calls=0,scans=0,direct=0,roots=0/0/0/0,nodes=0,micros=0,maxMicros=0 domGuard:calls=0,scans=0,direct=0,roots=0/0/0/0,nodes=0,micros=0,maxMicros=0 markup:calls=0,scans=0,direct=0,roots=0/0/0/0,nodes=0,micros=0,maxMicros=0
09-08 08:13:48.995 24100 24100 I ChromeMediaShieldStatus: v=1 seq=8 kind=uiSvg registered=1 registryBytes=217 cssRewritten=0 cssRejected=0 networkAccepted=0 networkRejected=0 assetServed=0 assetRejected=0
09-08 08:13:48.995 24100 24100 I ChromeMediaShieldStatus: v=1 seq=8 kind=health failures=0 clientDisconnects=0 proxyQueueRejects=0 protectFailure=0 quicAttempts=0 directTcpAttempts=0 active=true ready=true
09-08 08:13:48.995 24100 24100 I ChromeMediaShieldStatus: v=1 seq=8 kind=fixture report=REPORT=not_run,DOCUMENTS=0,FRAMES=0,SCRIPTS=0,FIRST_ORIGINAL_SCRIPTS=0,STYLES=0,WORKERS=0,SERVICE_WORKERS=0,FRAME_REPORTS=0,FRAME_REPORT_REJECTS=0,FRAME_REPORT=not_run,FRAME_REPORT_SHA=not_run,FRAME_CHALLENGE_SHA=not_run,FRAME_GENERATION=0,FRAME_ACCEPTED_CHALLENGE_SHA=not_run,FRAME_REPORT_BINDING_SHA=not_run,SAME_URL_BODIES=0,REPORTS=0,SW_BOUNDARY={INSTALL_DOCS=0,WORKER_SCRIPTS=0,WORKER_PROBE_SCRIPTS=0,PROBE_DOCS=0,CLEANUP_DOCS=0,REPORTS_ACCEPTED=0,REPORTS_REJECTED=0,CONTROLLER_PRESENT=0,CONTROLLER_MISSING=0,NAV_FETCHES=0,SELF_READY_FETCHES=0,SELF_READY_PASS_THROUGH=0,SELF_READY_SYNTHETIC=0,NAV_SYNTHETIC=0,RESET_BASELINE_CLEAN=0,RESET_BASELINE_DIRTY=0,REGISTER_BLOCKED=0,REGISTER_SUCCEEDED=0,WORKER_REGISTER_BLOCKED=0,WORKER_REGISTER_SUCCEEDED=0,WORKER_REGISTER_UNSUPPORTED=0,WORKER_REGISTER_ERROR=0,LAST_CASE=none,LAST_EVENT=none,LAST_VALUE=none},UI_SVG={not_run}
09-08 08:14:42.801 24100 12895 I ChromePhotosDataPlane: phase=worker_ready correlationId=c65 admissionWaitMs=0.960
09-08 08:14:42.868 24100 12895 I ChromePhotosDataPlane: phase=tls_certificate correlationId=c65 tlsCacheHit=true tlsCacheWaitMs=0.028 tlsCreationMs=0.000
09-08 08:14:42.868 24100 12895 I ChromePhotosDataPlane: phase=tls_material correlationId=c65 tlsMaterialMs=0.874
09-08 08:14:42.888 24100 12895 I ChromePhotosDataPlane: phase=tls_ready correlationId=c65 hostClass=network hostHash=c350913878bceb2f clientProtocol=http/1.1 ca=42e0f97fefe4bb3f
09-08 08:14:43.287 24100 12895 I ChromePhotosDataPlane: origin=real hostClass=network hostHash=c350913878bceb2f method=GET clientProtocol=http/1.1 upstreamProtocol=h2 status=200 contentType=application/json bytesOut=55 transfer=fixed upstreamHeadersMs=389.812 downstreamWriteMs=2.315
09-08 08:14:43.340 24100 12942 I ChromePhotosDataPlane: phase=worker_ready correlationId=c66 admissionWaitMs=0.892
09-08 08:14:43.359 24100 12947 I ChromePhotosDataPlane: phase=worker_ready correlationId=c67 admissionWaitMs=0.310
09-08 08:14:43.395 24100 12942 I ChromePhotosDataPlane: phase=tls_certificate correlationId=c66 tlsCacheHit=true tlsCacheWaitMs=0.028 tlsCreationMs=0.000
09-08 08:14:43.395 24100 12942 I ChromePhotosDataPlane: phase=tls_material correlationId=c66 tlsMaterialMs=1.051
09-08 08:14:43.407 24100 12942 I ChromePhotosDataPlane: phase=tls_ready correlationId=c66 hostClass=network hostHash=816c1c4228e457b0 clientProtocol=http/1.1 ca=42e0f97fefe4bb3f
09-08 08:14:43.412 24100 12961 I ChromePhotosDataPlane: phase=worker_ready correlationId=c68 admissionWaitMs=0.465
09-08 08:14:43.413 24100 12979 I ChromePhotosDataPlane: phase=worker_ready correlationId=c69 admissionWaitMs=0.220
09-08 08:14:43.420 24100 12961 I ChromePhotosDataPlane: phase=tls_certificate correlationId=c68 tlsCacheHit=true tlsCacheWaitMs=0.011 tlsCreationMs=0.000
09-08 08:14:43.420 24100 12961 I ChromePhotosDataPlane: phase=tls_material correlationId=c68 tlsMaterialMs=0.303
09-08 08:14:43.430 24100 12979 I ChromePhotosDataPlane: phase=tls_certificate correlationId=c69 tlsCacheHit=true tlsCacheWaitMs=0.010 tlsCreationMs=0.000
09-08 08:14:43.440 24100 12979 I ChromePhotosDataPlane: phase=tls_material correlationId=c69 tlsMaterialMs=10.372
09-08 08:14:43.446 24100 12961 I ChromePhotosDataPlane: phase=tls_ready correlationId=c68 hostClass=network hostHash=816c1c4228e457b0 clientProtocol=http/1.1 ca=42e0f97fefe4bb3f
09-08 08:14:43.454 24100 12947 I ChromePhotosDataPlane: phase=tls_certificate correlationId=c67 tlsCacheHit=false tlsCacheWaitMs=0.029 tlsCreationMs=47.780
09-08 08:14:43.454 24100 12979 I ChromePhotosDataPlane: phase=tls_ready correlationId=c69 hostClass=network hostHash=816c1c4228e457b0 clientProtocol=http/1.1 ca=42e0f97fefe4bb3f
09-08 08:14:43.454 24100 12947 I ChromePhotosDataPlane: phase=tls_material correlationId=c67 tlsMaterialMs=48.425
09-08 08:14:43.464 24100 12947 I ChromePhotosDataPlane: phase=tls_ready correlationId=c67 hostClass=network hostHash=d4c9d9027326271a clientProtocol=http/1.1 ca=42e0f97fefe4bb3f
09-08 08:14:43.776 24100 12942 I ChromePhotosDataPlane: origin=real hostClass=network hostHash=816c1c4228e457b0 method=POST clientProtocol=http/1.1 upstreamProtocol=h2 status=200 contentType=application/javascript bytesOut=0 transfer=fixed upstreamHeadersMs=337.257 downstreamWriteMs=1.409
09-08 08:14:43.777 24100 12947 I ChromePhotosDataPlane: origin=real hostClass=network hostHash=d4c9d9027326271a method=POST clientProtocol=http/1.1 upstreamProtocol=h2 status=200 contentType=application/javascript bytesOut=0 transfer=fixed upstreamHeadersMs=311.383 downstreamWriteMs=0.384
09-08 08:14:43.783 24100 12961 I ChromePhotosDataPlane: origin=real hostClass=network hostHash=816c1c4228e457b0 method=POST clientProtocol=http/1.1 upstreamProtocol=h2 status=200 contentType=application/javascript bytesOut=0 transfer=fixed upstreamHeadersMs=323.047 downstreamWriteMs=9.126
09-08 08:14:43.788 24100 12979 I ChromePhotosDataPlane: origin=real hostClass=network hostHash=816c1c4228e457b0 method=POST clientProtocol=http/1.1 upstreamProtocol=h2 status=200 contentType=application/javascript bytesOut=0 transfer=fixed upstreamHeadersMs=327.784 downstreamWriteMs=2.180
09-08 08:14:49.378 24100 24100 I ChromePhotosDataPlane: phase=status statusSequence=9 lifecycle=PresentationReady active=true ready=true connections=69 requests=822 safe=28 blocked=13 unknown=14 passthrough=753 cacheHits=7 cacheMisses=35 failures=0 clientDisconnects=0 bytesIn=18165768 bytesOut=16831623 streamed=35 proxyQueueRejects=0 proxyActivePeak=27 proxyP50Ms=1.850 proxyP95Ms=333.547 proxyP99Ms=819.468 upstreamSockets=46 protectSuccess=46 protectFailure=0 web11a=not_run web11b=not_run modelLoadMs=397.685 engineCalls=35 dedupeHits=0 decisionCacheConfig=64 decisionConcurrencyConfig=2 decisionQueueConfig=2 decisionTimeoutMs=5000 engineCallsPerRequest=0.8333333333333334 inferencePeak=2 inFlightPeak=2 queuePeak=1 queueRejects=0 timeouts=0 inferenceP50Ms=170.313906 inferenceP95Ms=306.356667 inferenceP99Ms=642.864583 decisionP50Ms=178.595208 decisionP95Ms=321.400937 decisionP99Ms=657.721093 cacheHitP50Ms=0.065937 cacheHitP95Ms=0.12401 cacheEntries=35 cacheEvictions=0 preprocessP50Ms=7.662605 preprocessP95Ms=110.992968 preprocessP99Ms=117.204896 preparedCount1=32 preparedCount4=1 preparedCount5=1 preparedCountOther=1 decisionBasis=FullStrong:3,FullThreshold:6,None:25,Other:1 imageCandidates=55 imagePrefixPeeks=2 imageMagicCandidates=0 imageBodyAdmissionPeak=2 imageBodyAdmissionRejects=0 networkVisualCandidates=55 networkVisualReplaced=0 networkVisualRawDelivered=0 networkVisualSafeRawDelivered=28 networkVisualBlockedReplaced=13 networkVisualUnknownReplaced=0 networkVisualUnsupportedReplaced=14 networkVisualRawBlockedDelivered=0 networkVisualRawUnknownDelivered=0 networkVisualCacheHit=7 networkVisualInference=35 mediaDocumentsTransformed=3 mediaDocumentsFailClosed=0 documentTransformOutstanding=0 readyTokensOutstanding=3 uiSvgRegistered=1 uiSvgRegistryBytes=217 uiSvgCssRewritten=0 uiSvgCssRejected=0 uiSvgNetworkAccepted=0 uiSvgNetworkRejected=0 uiSvgAssetServed=0 uiSvgAssetRejected=0 h18=REPORT=not_run,EVENT_SEQUENCE=0,COMPAT_DOCS=0,STRICT_DOCS=0,STYLE_REQ=0,SCRIPT_REQ=0,DATA_REQ=0,NETWORK_REQ=0,REPORTS=0,LAST_DOC=none,NETWORK_SHA=ee17e3f62edde61823ce35732ea168f4f5986bff347ccfac063eca7f4009ee1b,AUDIT_SHA=74d4467bbf6833db4eeab998495b7dfc50db3b1f04f407704b839ad3f4b25582 h19=REPORT=not_run,DOCUMENTS=0,FRAMES=0,SCRIPTS=0,FIRST_ORIGINAL_SCRIPTS=0,STYLES=0,WORKERS=0,SERVICE_WORKERS=0,FRAME_REPORTS=0,FRAME_REPORT_REJECTS=0,FRAME_REPORT=not_run,FRAME_REPORT_SHA=not_run,FRAME_CHALLENGE_SHA=not_run,FRAME_GENERATION=0,FRAME_ACCEPTED_CHALLENGE_SHA=not_run,FRAME_REPORT_BINDING_SHA=not_run,SAME_URL_BODIES=0,REPORTS=0,SW_BOUNDARY={INSTALL_DOCS=0,WORKER_SCRIPTS=0,WORKER_PROBE_SCRIPTS=0,PROBE_DOCS=0,CLEANUP_DOCS=0,REPORTS_ACCEPTED=0,REPORTS_REJECTED=0,CONTROLLER_PRESENT=0,CONTROLLER_MISSING=0,NAV_FETCHES=0,SELF_READY_FETCHES=0,SELF_READY_PASS_THROUGH=0,SELF_READY_SYNTHETIC=0,NAV_SYNTHETIC=0,RESET_BASELINE_CLEAN=0,RESET_BASELINE_DIRTY=0,REGISTER_BLOCKED=0,REGISTER_SUCCEEDED=0,WORKER_REGISTER_BLOCKED=0,WORKER_REGISTER_SUCCEEDED=0,WORKER_REGISTER_UNSUPPORTED=0,WORKER_REGISTER_ERROR=0,LAST_CASE=none,LAST_EVENT=none,LAST_VALUE=none},UI_SVG={not_run} quicAttempts=0 directTcpAttempts=0 bootstrapResetGeneration=2 bootstrapCompleteGeneration=2 bootstrapResetCount=3 chromeSuspended=false guardSession=541 guardHeartbeatSequence=726 audit17State=0 audit17Navigation=0 audit17Events=58 audit17Dropped=0
09-08 08:14:49.378 24100 24100 I ChromeMediaShieldStatus: v=1 seq=9 kind=network mode=selective candidates=55 replaced=0 rawDelivered=0 safeRaw=28 blockedReplaced=13 unknownReplaced=0 unsupportedReplaced=14 rawBlocked=0 rawUnknown=0 cacheHit=7 decisionEngine=35 engineCalls=35
09-08 08:14:49.378 24100 24100 I ChromeMediaShieldStatus: v=1 seq=9 kind=document transformed=3 failClosed=0 outstanding=0 issued=3 claims=3 documentSequence=3 navigationSequence=3 readyRequests=9 readyPreflights=0 readyAccepted=3 readyRejected=0 parserBarrierRequests=0 parserBarrierReady=0 parserBarrierFailClosed=0 selfShield=true selfReadyRequests=3 selfReadyAccepted=3 selfReadyRejected=0 selfReadyRejectReason=none selfShieldReleaseCompleted=3 selfShieldParserContinued=3 selfShieldOriginalScriptStarted=0 selfShieldTraceRejected=0 selfShieldTraceOutstanding=1 bootstrapDiagnosticAccepted=0 bootstrapDiagnosticRejected=0 bootstrapDiagnosticRejectReason=none bootstrapDiagnosticStage=none bootstrapDiagnosticReason=none bootstrapDiagnosticOutstanding=0
09-08 08:14:49.378 24100 24100 I ChromeMediaShieldStatus: v=1 seq=9 kind=renderer reports=0 rejected=0 globalCallbacks=0 globalRecords=0 childRecords=0 attributeRecords=0 maxRecords=0 scanCalls=0 scanRoot=0 scanNodes=0 maxScanNodes=0 scanMicros=0 maxScanMicros=0 observerChildScans=0 observerAttributeScans=0 guardedScans=0 markupScans=0 shadowScans=0 initialScans=0 otherScans=0 sanitizeElement=0 sanitizeContainer=0 img=0 source=0 svg=0 iframe=0 canvas=0 video=0 safeIcon=0 lockIcon=0 geometryWrites=0 svgRecords=0 shadowRoots=0 shadowObservers=0 shadowCallbacks=0 shadowRecords=0 shadowScanCalls=0 ensureStyle=0 ensureCurtain=0 internalMutations=0
09-08 08:14:49.378 24100 24100 I ChromeMediaShieldStatus: v=1 seq=9 kind=rendererApis callScan=createElement=0/0 createElementNS=0/0 appendChild=0/0 insertBefore=0/0 replaceChild=0/0 append=0/0 prepend=0/0 replaceChildren=0/0 before=0/0 after=0/0 replaceWith=0/0 adjacentElement=0/0 moveBefore=0/0 rangeInsert=0/0 rangeSurround=0/0 adoptNode=0/0 cloneNode=0/0 importNode=0/0 safeMarkup=0/0 innerHTML=0/0 outerHTML=0/0 insertAdjacentHTML=0/0 setHTML=0/0 shadowInnerHTML=0/0 execCommandInsertHTML=0/0 mappedTextContent=0/0
09-08 08:14:49.378 24100 24100 I ChromeMediaShieldStatus: v=1 seq=9 kind=rendererFamilies roots=element/fragment/text/other factory:calls=0,scans=0,direct=0,roots=0/0/0/0,nodes=0,micros=0,maxMicros=0 domGuard:calls=0,scans=0,direct=0,roots=0/0/0/0,nodes=0,micros=0,maxMicros=0 markup:calls=0,scans=0,direct=0,roots=0/0/0/0,nodes=0,micros=0,maxMicros=0
09-08 08:14:49.378 24100 24100 I ChromeMediaShieldStatus: v=1 seq=9 kind=uiSvg registered=1 registryBytes=217 cssRewritten=0 cssRejected=0 networkAccepted=0 networkRejected=0 assetServed=0 assetRejected=0
09-08 08:14:49.378 24100 24100 I ChromeMediaShieldStatus: v=1 seq=9 kind=health failures=0 clientDisconnects=0 proxyQueueRejects=0 protectFailure=0 quicAttempts=0 directTcpAttempts=0 active=true ready=true
09-08 08:14:49.378 24100 24100 I ChromeMediaShieldStatus: v=1 seq=9 kind=fixture report=REPORT=not_run,DOCUMENTS=0,FRAMES=0,SCRIPTS=0,FIRST_ORIGINAL_SCRIPTS=0,STYLES=0,WORKERS=0,SERVICE_WORKERS=0,FRAME_REPORTS=0,FRAME_REPORT_REJECTS=0,FRAME_REPORT=not_run,FRAME_REPORT_SHA=not_run,FRAME_CHALLENGE_SHA=not_run,FRAME_GENERATION=0,FRAME_ACCEPTED_CHALLENGE_SHA=not_run,FRAME_REPORT_BINDING_SHA=not_run,SAME_URL_BODIES=0,REPORTS=0,SW_BOUNDARY={INSTALL_DOCS=0,WORKER_SCRIPTS=0,WORKER_PROBE_SCRIPTS=0,PROBE_DOCS=0,CLEANUP_DOCS=0,REPORTS_ACCEPTED=0,REPORTS_REJECTED=0,CONTROLLER_PRESENT=0,CONTROLLER_MISSING=0,NAV_FETCHES=0,SELF_READY_FETCHES=0,SELF_READY_PASS_THROUGH=0,SELF_READY_SYNTHETIC=0,NAV_SYNTHETIC=0,RESET_BASELINE_CLEAN=0,RESET_BASELINE_DIRTY=0,REGISTER_BLOCKED=0,REGISTER_SUCCEEDED=0,WORKER_REGISTER_BLOCKED=0,WORKER_REGISTER_SUCCEEDED=0,WORKER_REGISTER_UNSUPPORTED=0,WORKER_REGISTER_ERROR=0,LAST_CASE=none,LAST_EVENT=none,LAST_VALUE=none},UI_SVG={not_run}
09-08 08:15:49.220 24100 24100 I ChromePhotosDataPlane: phase=status statusSequence=10 lifecycle=PresentationReady active=true ready=true connections=69 requests=822 safe=28 blocked=13 unknown=14 passthrough=753 cacheHits=7 cacheMisses=35 failures=0 clientDisconnects=0 bytesIn=18165768 bytesOut=16831623 streamed=35 proxyQueueRejects=0 proxyActivePeak=27 proxyP50Ms=1.850 proxyP95Ms=333.547 proxyP99Ms=819.468 upstreamSockets=46 protectSuccess=46 protectFailure=0 web11a=not_run web11b=not_run modelLoadMs=397.685 engineCalls=35 dedupeHits=0 decisionCacheConfig=64 decisionConcurrencyConfig=2 decisionQueueConfig=2 decisionTimeoutMs=5000 engineCallsPerRequest=0.8333333333333334 inferencePeak=2 inFlightPeak=2 queuePeak=1 queueRejects=0 timeouts=0 inferenceP50Ms=170.313906 inferenceP95Ms=306.356667 inferenceP99Ms=642.864583 decisionP50Ms=178.595208 decisionP95Ms=321.400937 decisionP99Ms=657.721093 cacheHitP50Ms=0.065937 cacheHitP95Ms=0.12401 cacheEntries=35 cacheEvictions=0 preprocessP50Ms=7.662605 preprocessP95Ms=110.992968 preprocessP99Ms=117.204896 preparedCount1=32 preparedCount4=1 preparedCount5=1 preparedCountOther=1 decisionBasis=FullStrong:3,FullThreshold:6,None:25,Other:1 imageCandidates=55 imagePrefixPeeks=2 imageMagicCandidates=0 imageBodyAdmissionPeak=2 imageBodyAdmissionRejects=0 networkVisualCandidates=55 networkVisualReplaced=0 networkVisualRawDelivered=0 networkVisualSafeRawDelivered=28 networkVisualBlockedReplaced=13 networkVisualUnknownReplaced=0 networkVisualUnsupportedReplaced=14 networkVisualRawBlockedDelivered=0 networkVisualRawUnknownDelivered=0 networkVisualCacheHit=7 networkVisualInference=35 mediaDocumentsTransformed=3 mediaDocumentsFailClosed=0 documentTransformOutstanding=0 readyTokensOutstanding=3 uiSvgRegistered=1 uiSvgRegistryBytes=217 uiSvgCssRewritten=0 uiSvgCssRejected=0 uiSvgNetworkAccepted=0 uiSvgNetworkRejected=0 uiSvgAssetServed=0 uiSvgAssetRejected=0 h18=REPORT=not_run,EVENT_SEQUENCE=0,COMPAT_DOCS=0,STRICT_DOCS=0,STYLE_REQ=0,SCRIPT_REQ=0,DATA_REQ=0,NETWORK_REQ=0,REPORTS=0,LAST_DOC=none,NETWORK_SHA=ee17e3f62edde61823ce35732ea168f4f5986bff347ccfac063eca7f4009ee1b,AUDIT_SHA=74d4467bbf6833db4eeab998495b7dfc50db3b1f04f407704b839ad3f4b25582 h19=REPORT=not_run,DOCUMENTS=0,FRAMES=0,SCRIPTS=0,FIRST_ORIGINAL_SCRIPTS=0,STYLES=0,WORKERS=0,SERVICE_WORKERS=0,FRAME_REPORTS=0,FRAME_REPORT_REJECTS=0,FRAME_REPORT=not_run,FRAME_REPORT_SHA=not_run,FRAME_CHALLENGE_SHA=not_run,FRAME_GENERATION=0,FRAME_ACCEPTED_CHALLENGE_SHA=not_run,FRAME_REPORT_BINDING_SHA=not_run,SAME_URL_BODIES=0,REPORTS=0,SW_BOUNDARY={INSTALL_DOCS=0,WORKER_SCRIPTS=0,WORKER_PROBE_SCRIPTS=0,PROBE_DOCS=0,CLEANUP_DOCS=0,REPORTS_ACCEPTED=0,REPORTS_REJECTED=0,CONTROLLER_PRESENT=0,CONTROLLER_MISSING=0,NAV_FETCHES=0,SELF_READY_FETCHES=0,SELF_READY_PASS_THROUGH=0,SELF_READY_SYNTHETIC=0,NAV_SYNTHETIC=0,RESET_BASELINE_CLEAN=0,RESET_BASELINE_DIRTY=0,REGISTER_BLOCKED=0,REGISTER_SUCCEEDED=0,WORKER_REGISTER_BLOCKED=0,WORKER_REGISTER_SUCCEEDED=0,WORKER_REGISTER_UNSUPPORTED=0,WORKER_REGISTER_ERROR=0,LAST_CASE=none,LAST_EVENT=none,LAST_VALUE=none},UI_SVG={not_run} quicAttempts=0 directTcpAttempts=0 bootstrapResetGeneration=2 bootstrapCompleteGeneration=2 bootstrapResetCount=3 chromeSuspended=false guardSession=541 guardHeartbeatSequence=835 audit17State=0 audit17Navigation=0 audit17Events=58 audit17Dropped=0
09-08 08:15:49.221 24100 24100 I ChromeMediaShieldStatus: v=1 seq=10 kind=network mode=selective candidates=55 replaced=0 rawDelivered=0 safeRaw=28 blockedReplaced=13 unknownReplaced=0 unsupportedReplaced=14 rawBlocked=0 rawUnknown=0 cacheHit=7 decisionEngine=35 engineCalls=35
09-08 08:15:49.221 24100 24100 I ChromeMediaShieldStatus: v=1 seq=10 kind=document transformed=3 failClosed=0 outstanding=0 issued=3 claims=3 documentSequence=3 navigationSequence=3 readyRequests=9 readyPreflights=0 readyAccepted=3 readyRejected=0 parserBarrierRequests=0 parserBarrierReady=0 parserBarrierFailClosed=0 selfShield=true selfReadyRequests=3 selfReadyAccepted=3 selfReadyRejected=0 selfReadyRejectReason=none selfShieldReleaseCompleted=3 selfShieldParserContinued=3 selfShieldOriginalScriptStarted=0 selfShieldTraceRejected=0 selfShieldTraceOutstanding=1 bootstrapDiagnosticAccepted=0 bootstrapDiagnosticRejected=0 bootstrapDiagnosticRejectReason=none bootstrapDiagnosticStage=none bootstrapDiagnosticReason=none bootstrapDiagnosticOutstanding=0
09-08 08:15:49.221 24100 24100 I ChromeMediaShieldStatus: v=1 seq=10 kind=renderer reports=0 rejected=0 globalCallbacks=0 globalRecords=0 childRecords=0 attributeRecords=0 maxRecords=0 scanCalls=0 scanRoot=0 scanNodes=0 maxScanNodes=0 scanMicros=0 maxScanMicros=0 observerChildScans=0 observerAttributeScans=0 guardedScans=0 markupScans=0 shadowScans=0 initialScans=0 otherScans=0 sanitizeElement=0 sanitizeContainer=0 img=0 source=0 svg=0 iframe=0 canvas=0 video=0 safeIcon=0 lockIcon=0 geometryWrites=0 svgRecords=0 shadowRoots=0 shadowObservers=0 shadowCallbacks=0 shadowRecords=0 shadowScanCalls=0 ensureStyle=0 ensureCurtain=0 internalMutations=0
09-08 08:15:49.221 24100 24100 I ChromeMediaShieldStatus: v=1 seq=10 kind=rendererApis callScan=createElement=0/0 createElementNS=0/0 appendChild=0/0 insertBefore=0/0 replaceChild=0/0 append=0/0 prepend=0/0 replaceChildren=0/0 before=0/0 after=0/0 replaceWith=0/0 adjacentElement=0/0 moveBefore=0/0 rangeInsert=0/0 rangeSurround=0/0 adoptNode=0/0 cloneNode=0/0 importNode=0/0 safeMarkup=0/0 innerHTML=0/0 outerHTML=0/0 insertAdjacentHTML=0/0 setHTML=0/0 shadowInnerHTML=0/0 execCommandInsertHTML=0/0 mappedTextContent=0/0
09-08 08:15:49.221 24100 24100 I ChromeMediaShieldStatus: v=1 seq=10 kind=rendererFamilies roots=element/fragment/text/other factory:calls=0,scans=0,direct=0,roots=0/0/0/0,nodes=0,micros=0,maxMicros=0 domGuard:calls=0,scans=0,direct=0,roots=0/0/0/0,nodes=0,micros=0,maxMicros=0 markup:calls=0,scans=0,direct=0,roots=0/0/0/0,nodes=0,micros=0,maxMicros=0
09-08 08:15:49.221 24100 24100 I ChromeMediaShieldStatus: v=1 seq=10 kind=uiSvg registered=1 registryBytes=217 cssRewritten=0 cssRejected=0 networkAccepted=0 networkRejected=0 assetServed=0 assetRejected=0
09-08 08:15:49.221 24100 24100 I ChromeMediaShieldStatus: v=1 seq=10 kind=health failures=0 clientDisconnects=0 proxyQueueRejects=0 protectFailure=0 quicAttempts=0 directTcpAttempts=0 active=true ready=true
09-08 08:15:49.221 24100 24100 I ChromeMediaShieldStatus: v=1 seq=10 kind=fixture report=REPORT=not_run,DOCUMENTS=0,FRAMES=0,SCRIPTS=0,FIRST_ORIGINAL_SCRIPTS=0,STYLES=0,WORKERS=0,SERVICE_WORKERS=0,FRAME_REPORTS=0,FRAME_REPORT_REJECTS=0,FRAME_REPORT=not_run,FRAME_REPORT_SHA=not_run,FRAME_CHALLENGE_SHA=not_run,FRAME_GENERATION=0,FRAME_ACCEPTED_CHALLENGE_SHA=not_run,FRAME_REPORT_BINDING_SHA=not_run,SAME_URL_BODIES=0,REPORTS=0,SW_BOUNDARY={INSTALL_DOCS=0,WORKER_SCRIPTS=0,WORKER_PROBE_SCRIPTS=0,PROBE_DOCS=0,CLEANUP_DOCS=0,REPORTS_ACCEPTED=0,REPORTS_REJECTED=0,CONTROLLER_PRESENT=0,CONTROLLER_MISSING=0,NAV_FETCHES=0,SELF_READY_FETCHES=0,SELF_READY_PASS_THROUGH=0,SELF_READY_SYNTHETIC=0,NAV_SYNTHETIC=0,RESET_BASELINE_CLEAN=0,RESET_BASELINE_DIRTY=0,REGISTER_BLOCKED=0,REGISTER_SUCCEEDED=0,WORKER_REGISTER_BLOCKED=0,WORKER_REGISTER_SUCCEEDED=0,WORKER_REGISTER_UNSUPPORTED=0,WORKER_REGISTER_ERROR=0,LAST_CASE=none,LAST_EVENT=none,LAST_VALUE=none},UI_SVG={not_run}
09-08 08:16:48.986 24100 24100 I ChromePhotosDataPlane: phase=status statusSequence=11 lifecycle=PresentationReady active=true ready=true connections=69 requests=822 safe=28 blocked=13 unknown=14 passthrough=753 cacheHits=7 cacheMisses=35 failures=0 clientDisconnects=0 bytesIn=18165768 bytesOut=16831623 streamed=35 proxyQueueRejects=0 proxyActivePeak=27 proxyP50Ms=1.850 proxyP95Ms=333.547 proxyP99Ms=819.468 upstreamSockets=46 protectSuccess=46 protectFailure=0 web11a=not_run web11b=not_run modelLoadMs=397.685 engineCalls=35 dedupeHits=0 decisionCacheConfig=64 decisionConcurrencyConfig=2 decisionQueueConfig=2 decisionTimeoutMs=5000 engineCallsPerRequest=0.8333333333333334 inferencePeak=2 inFlightPeak=2 queuePeak=1 queueRejects=0 timeouts=0 inferenceP50Ms=170.313906 inferenceP95Ms=306.356667 inferenceP99Ms=642.864583 decisionP50Ms=178.595208 decisionP95Ms=321.400937 decisionP99Ms=657.721093 cacheHitP50Ms=0.065937 cacheHitP95Ms=0.12401 cacheEntries=35 cacheEvictions=0 preprocessP50Ms=7.662605 preprocessP95Ms=110.992968 preprocessP99Ms=117.204896 preparedCount1=32 preparedCount4=1 preparedCount5=1 preparedCountOther=1 decisionBasis=FullStrong:3,FullThreshold:6,None:25,Other:1 imageCandidates=55 imagePrefixPeeks=2 imageMagicCandidates=0 imageBodyAdmissionPeak=2 imageBodyAdmissionRejects=0 networkVisualCandidates=55 networkVisualReplaced=0 networkVisualRawDelivered=0 networkVisualSafeRawDelivered=28 networkVisualBlockedReplaced=13 networkVisualUnknownReplaced=0 networkVisualUnsupportedReplaced=14 networkVisualRawBlockedDelivered=0 networkVisualRawUnknownDelivered=0 networkVisualCacheHit=7 networkVisualInference=35 mediaDocumentsTransformed=3 mediaDocumentsFailClosed=0 documentTransformOutstanding=0 readyTokensOutstanding=3 uiSvgRegistered=1 uiSvgRegistryBytes=217 uiSvgCssRewritten=0 uiSvgCssRejected=0 uiSvgNetworkAccepted=0 uiSvgNetworkRejected=0 uiSvgAssetServed=0 uiSvgAssetRejected=0 h18=REPORT=not_run,EVENT_SEQUENCE=0,COMPAT_DOCS=0,STRICT_DOCS=0,STYLE_REQ=0,SCRIPT_REQ=0,DATA_REQ=0,NETWORK_REQ=0,REPORTS=0,LAST_DOC=none,NETWORK_SHA=ee17e3f62edde61823ce35732ea168f4f5986bff347ccfac063eca7f4009ee1b,AUDIT_SHA=74d4467bbf6833db4eeab998495b7dfc50db3b1f04f407704b839ad3f4b25582 h19=REPORT=not_run,DOCUMENTS=0,FRAMES=0,SCRIPTS=0,FIRST_ORIGINAL_SCRIPTS=0,STYLES=0,WORKERS=0,SERVICE_WORKERS=0,FRAME_REPORTS=0,FRAME_REPORT_REJECTS=0,FRAME_REPORT=not_run,FRAME_REPORT_SHA=not_run,FRAME_CHALLENGE_SHA=not_run,FRAME_GENERATION=0,FRAME_ACCEPTED_CHALLENGE_SHA=not_run,FRAME_REPORT_BINDING_SHA=not_run,SAME_URL_BODIES=0,REPORTS=0,SW_BOUNDARY={INSTALL_DOCS=0,WORKER_SCRIPTS=0,WORKER_PROBE_SCRIPTS=0,PROBE_DOCS=0,CLEANUP_DOCS=0,REPORTS_ACCEPTED=0,REPORTS_REJECTED=0,CONTROLLER_PRESENT=0,CONTROLLER_MISSING=0,NAV_FETCHES=0,SELF_READY_FETCHES=0,SELF_READY_PASS_THROUGH=0,SELF_READY_SYNTHETIC=0,NAV_SYNTHETIC=0,RESET_BASELINE_CLEAN=0,RESET_BASELINE_DIRTY=0,REGISTER_BLOCKED=0,REGISTER_SUCCEEDED=0,WORKER_REGISTER_BLOCKED=0,WORKER_REGISTER_SUCCEEDED=0,WORKER_REGISTER_UNSUPPORTED=0,WORKER_REGISTER_ERROR=0,LAST_CASE=none,LAST_EVENT=none,LAST_VALUE=none},UI_SVG={not_run} quicAttempts=0 directTcpAttempts=0 bootstrapResetGeneration=2 bootstrapCompleteGeneration=2 bootstrapResetCount=3 chromeSuspended=false guardSession=541 guardHeartbeatSequence=941 audit17State=0 audit17Navigation=0 audit17Events=58 audit17Dropped=0
09-08 08:16:48.986 24100 24100 I ChromeMediaShieldStatus: v=1 seq=11 kind=network mode=selective candidates=55 replaced=0 rawDelivered=0 safeRaw=28 blockedReplaced=13 unknownReplaced=0 unsupportedReplaced=14 rawBlocked=0 rawUnknown=0 cacheHit=7 decisionEngine=35 engineCalls=35
09-08 08:16:48.987 24100 24100 I ChromeMediaShieldStatus: v=1 seq=11 kind=document transformed=3 failClosed=0 outstanding=0 issued=3 claims=3 documentSequence=3 navigationSequence=3 readyRequests=9 readyPreflights=0 readyAccepted=3 readyRejected=0 parserBarrierRequests=0 parserBarrierReady=0 parserBarrierFailClosed=0 selfShield=true selfReadyRequests=3 selfReadyAccepted=3 selfReadyRejected=0 selfReadyRejectReason=none selfShieldReleaseCompleted=3 selfShieldParserContinued=3 selfShieldOriginalScriptStarted=0 selfShieldTraceRejected=0 selfShieldTraceOutstanding=1 bootstrapDiagnosticAccepted=0 bootstrapDiagnosticRejected=0 bootstrapDiagnosticRejectReason=none bootstrapDiagnosticStage=none bootstrapDiagnosticReason=none bootstrapDiagnosticOutstanding=0
09-08 08:16:48.987 24100 24100 I ChromeMediaShieldStatus: v=1 seq=11 kind=renderer reports=0 rejected=0 globalCallbacks=0 globalRecords=0 childRecords=0 attributeRecords=0 maxRecords=0 scanCalls=0 scanRoot=0 scanNodes=0 maxScanNodes=0 scanMicros=0 maxScanMicros=0 observerChildScans=0 observerAttributeScans=0 guardedScans=0 markupScans=0 shadowScans=0 initialScans=0 otherScans=0 sanitizeElement=0 sanitizeContainer=0 img=0 source=0 svg=0 iframe=0 canvas=0 video=0 safeIcon=0 lockIcon=0 geometryWrites=0 svgRecords=0 shadowRoots=0 shadowObservers=0 shadowCallbacks=0 shadowRecords=0 shadowScanCalls=0 ensureStyle=0 ensureCurtain=0 internalMutations=0
09-08 08:16:48.987 24100 24100 I ChromeMediaShieldStatus: v=1 seq=11 kind=rendererApis callScan=createElement=0/0 createElementNS=0/0 appendChild=0/0 insertBefore=0/0 replaceChild=0/0 append=0/0 prepend=0/0 replaceChildren=0/0 before=0/0 after=0/0 replaceWith=0/0 adjacentElement=0/0 moveBefore=0/0 rangeInsert=0/0 rangeSurround=0/0 adoptNode=0/0 cloneNode=0/0 importNode=0/0 safeMarkup=0/0 innerHTML=0/0 outerHTML=0/0 insertAdjacentHTML=0/0 setHTML=0/0 shadowInnerHTML=0/0 execCommandInsertHTML=0/0 mappedTextContent=0/0
09-08 08:16:48.988 24100 24100 I ChromeMediaShieldStatus: v=1 seq=11 kind=rendererFamilies roots=element/fragment/text/other factory:calls=0,scans=0,direct=0,roots=0/0/0/0,nodes=0,micros=0,maxMicros=0 domGuard:calls=0,scans=0,direct=0,roots=0/0/0/0,nodes=0,micros=0,maxMicros=0 markup:calls=0,scans=0,direct=0,roots=0/0/0/0,nodes=0,micros=0,maxMicros=0
09-08 08:16:48.988 24100 24100 I ChromeMediaShieldStatus: v=1 seq=11 kind=uiSvg registered=1 registryBytes=217 cssRewritten=0 cssRejected=0 networkAccepted=0 networkRejected=0 assetServed=0 assetRejected=0
09-08 08:16:48.988 24100 24100 I ChromeMediaShieldStatus: v=1 seq=11 kind=health failures=0 clientDisconnects=0 proxyQueueRejects=0 protectFailure=0 quicAttempts=0 directTcpAttempts=0 active=true ready=true
09-08 08:16:48.988 24100 24100 I ChromeMediaShieldStatus: v=1 seq=11 kind=fixture report=REPORT=not_run,DOCUMENTS=0,FRAMES=0,SCRIPTS=0,FIRST_ORIGINAL_SCRIPTS=0,STYLES=0,WORKERS=0,SERVICE_WORKERS=0,FRAME_REPORTS=0,FRAME_REPORT_REJECTS=0,FRAME_REPORT=not_run,FRAME_REPORT_SHA=not_run,FRAME_CHALLENGE_SHA=not_run,FRAME_GENERATION=0,FRAME_ACCEPTED_CHALLENGE_SHA=not_run,FRAME_REPORT_BINDING_SHA=not_run,SAME_URL_BODIES=0,REPORTS=0,SW_BOUNDARY={INSTALL_DOCS=0,WORKER_SCRIPTS=0,WORKER_PROBE_SCRIPTS=0,PROBE_DOCS=0,CLEANUP_DOCS=0,REPORTS_ACCEPTED=0,REPORTS_REJECTED=0,CONTROLLER_PRESENT=0,CONTROLLER_MISSING=0,NAV_FETCHES=0,SELF_READY_FETCHES=0,SELF_READY_PASS_THROUGH=0,SELF_READY_SYNTHETIC=0,NAV_SYNTHETIC=0,RESET_BASELINE_CLEAN=0,RESET_BASELINE_DIRTY=0,REGISTER_BLOCKED=0,REGISTER_SUCCEEDED=0,WORKER_REGISTER_BLOCKED=0,WORKER_REGISTER_SUCCEEDED=0,WORKER_REGISTER_UNSUPPORTED=0,WORKER_REGISTER_ERROR=0,LAST_CASE=none,LAST_EVENT=none,LAST_VALUE=none},UI_SVG={not_run}
09-08 08:17:13.806 24100 12989 I ChromePhotosDataPlane: phase=worker_ready correlationId=c70 admissionWaitMs=0.266
09-08 08:17:13.824 24100 12989 I ChromePhotosDataPlane: phase=tls_certificate correlationId=c70 tlsCacheHit=true tlsCacheWaitMs=0.014 tlsCreationMs=0.000
09-08 08:17:13.824 24100 12989 I ChromePhotosDataPlane: phase=tls_material correlationId=c70 tlsMaterialMs=0.807
09-08 08:17:13.852 24100 12989 I ChromePhotosDataPlane: phase=tls_ready correlationId=c70 hostClass=network hostHash=191347bfe55d0ca9 clientProtocol=http/1.1 ca=42e0f97fefe4bb3f
09-08 08:17:13.940 24100 12999 I ChromePhotosDataPlane: phase=worker_ready correlationId=c71 admissionWaitMs=0.250
09-08 08:17:13.950 24100 12999 I ChromePhotosDataPlane: phase=tls_certificate correlationId=c71 tlsCacheHit=true tlsCacheWaitMs=0.019 tlsCreationMs=0.000
09-08 08:17:13.950 24100 12999 I ChromePhotosDataPlane: phase=tls_material correlationId=c71 tlsMaterialMs=1.102
09-08 08:17:13.966 24100 12999 I ChromePhotosDataPlane: phase=tls_ready correlationId=c71 hostClass=network hostHash=191347bfe55d0ca9 clientProtocol=http/1.1 ca=42e0f97fefe4bb3f
09-08 08:17:13.968 24100 13011 I ChromePhotosDataPlane: phase=worker_ready correlationId=c72 admissionWaitMs=0.149
09-08 08:17:13.969 24100 12996 I ChromePhotosDataPlane: phase=worker_ready correlationId=c73 admissionWaitMs=0.201
09-08 08:17:13.974 24100 13011 I ChromePhotosDataPlane: phase=tls_certificate correlationId=c72 tlsCacheHit=true tlsCacheWaitMs=0.009 tlsCreationMs=0.000
09-08 08:17:13.974 24100 13011 I ChromePhotosDataPlane: phase=tls_material correlationId=c72 tlsMaterialMs=0.762
09-08 08:17:13.977 24100 12996 I ChromePhotosDataPlane: phase=tls_certificate correlationId=c73 tlsCacheHit=true tlsCacheWaitMs=0.010 tlsCreationMs=0.000
09-08 08:17:13.977 24100 12996 I ChromePhotosDataPlane: phase=tls_material correlationId=c73 tlsMaterialMs=0.347
09-08 08:17:13.990 24100 13011 I ChromePhotosDataPlane: phase=tls_ready correlationId=c72 hostClass=network hostHash=191347bfe55d0ca9 clientProtocol=http/1.1 ca=42e0f97fefe4bb3f
09-08 08:17:13.991 24100 12996 I ChromePhotosDataPlane: phase=tls_ready correlationId=c73 hostClass=network hostHash=191347bfe55d0ca9 clientProtocol=http/1.1 ca=42e0f97fefe4bb3f
09-08 08:17:14.014 24100 12989 I ChromePhotosDataPlane: origin=real hostClass=network hostHash=191347bfe55d0ca9 method=POST clientProtocol=http/1.1 upstreamProtocol=h2 status=204 contentType=text/html bytesOut=0 transfer=fixed upstreamHeadersMs=75.103 downstreamWriteMs=0.377
09-08 08:17:14.045 24100 12999 I ChromePhotosDataPlane: origin=real hostClass=network hostHash=191347bfe55d0ca9 method=POST clientProtocol=http/1.1 upstreamProtocol=h2 status=204 contentType=text/html bytesOut=0 transfer=fixed upstreamHeadersMs=53.841 downstreamWriteMs=1.101
09-08 08:17:14.051 24100 13005 I ChromePhotosDataPlane: phase=worker_ready correlationId=c74 admissionWaitMs=0.323
09-08 08:17:14.069 24100 13011 I ChromePhotosDataPlane: origin=real hostClass=network hostHash=191347bfe55d0ca9 method=POST clientProtocol=http/1.1 upstreamProtocol=h2 status=200 contentType=text/html bytesOut=0 transfer=fixed upstreamHeadersMs=75.564 downstreamWriteMs=0.296
09-08 08:17:14.069 24100 12996 I ChromePhotosDataPlane: origin=real hostClass=network hostHash=191347bfe55d0ca9 method=POST clientProtocol=http/1.1 upstreamProtocol=h2 status=200 contentType=text/html bytesOut=0 transfer=fixed upstreamHeadersMs=71.740 downstreamWriteMs=0.205
09-08 08:17:14.080 24100 13005 I ChromePhotosDataPlane: phase=tls_certificate correlationId=c74 tlsCacheHit=true tlsCacheWaitMs=0.009 tlsCreationMs=0.000
09-08 08:17:14.080 24100 13005 I ChromePhotosDataPlane: phase=tls_material correlationId=c74 tlsMaterialMs=0.290
09-08 08:17:14.087 24100 13005 I ChromePhotosDataPlane: phase=tls_ready correlationId=c74 hostClass=network hostHash=816c1c4228e457b0 clientProtocol=http/1.1 ca=42e0f97fefe4bb3f
09-08 08:17:14.242 24100 13005 I ChromePhotosDataPlane: origin=real hostClass=network hostHash=816c1c4228e457b0 method=POST clientProtocol=http/1.1 upstreamProtocol=h2 status=200 contentType=application/javascript bytesOut=0 transfer=fixed upstreamHeadersMs=153.134 downstreamWriteMs=0.427
09-08 08:17:14.311 24100 13006 I ChromePhotosDataPlane: phase=worker_ready correlationId=c75 admissionWaitMs=1.071
09-08 08:17:14.358 24100 13006 I ChromePhotosDataPlane: phase=tls_certificate correlationId=c75 tlsCacheHit=true tlsCacheWaitMs=0.019 tlsCreationMs=0.000
09-08 08:17:14.358 24100 13006 I ChromePhotosDataPlane: phase=tls_material correlationId=c75 tlsMaterialMs=0.595
09-08 08:17:14.372 24100 13006 I ChromePhotosDataPlane: phase=tls_ready correlationId=c75 hostClass=network hostHash=73a1220668a1b571 clientProtocol=http/1.1 ca=42e0f97fefe4bb3f
09-08 08:17:14.819 24100 13006 I ChromePhotosDataPlane: origin=real hostClass=network hostHash=73a1220668a1b571 method=GET clientProtocol=http/1.1 upstreamProtocol=h2 status=200 contentType=image/png bytesIn=33323 bytesOut=704 cache=miss decision=block reason=model_filter source=engine probability=0.87231517 basis=FullThreshold decodeMs=17.367 inferenceMs=244.229 inferenceQueueMs=0.233 localDecisionMs=263.812  bodyAdmissionMs=0.028 bodyReadMs=26.024 hashMs=0.740 requestToDeliveryMs=438.541 upstreamHeadersMs=145.777 sanitizeMs=291.231 downstreamWriteMs=0.456
09-08 08:17:15.284 24100 12996 I ChromePhotosDataPlane: origin=real hostClass=network hostHash=191347bfe55d0ca9 method=POST clientProtocol=http/1.1 upstreamProtocol=h2 status=204 contentType=text/html bytesOut=0 transfer=fixed upstreamHeadersMs=72.452 downstreamWriteMs=0.388
09-08 08:17:15.887 24100 12973 I ChromePhotosDataPlane: phase=worker_ready correlationId=c76 admissionWaitMs=0.178
09-08 08:17:15.890 24100 12973 I ChromePhotosDataPlane: phase=tls_certificate correlationId=c76 tlsCacheHit=true tlsCacheWaitMs=0.006 tlsCreationMs=0.000
09-08 08:17:15.890 24100 12973 I ChromePhotosDataPlane: phase=tls_material correlationId=c76 tlsMaterialMs=0.175
09-08 08:17:15.896 24100 12973 I ChromePhotosDataPlane: phase=tls_ready correlationId=c76 hostClass=network hostHash=73a1220668a1b571 clientProtocol=http/1.1 ca=42e0f97fefe4bb3f
09-08 08:17:15.909 24100 13003 I ChromePhotosDataPlane: phase=worker_ready correlationId=c77 admissionWaitMs=0.479
09-08 08:17:15.914 24100 13003 I ChromePhotosDataPlane: phase=tls_certificate correlationId=c77 tlsCacheHit=true tlsCacheWaitMs=0.008 tlsCreationMs=0.000
09-08 08:17:15.914 24100 13003 I ChromePhotosDataPlane: phase=tls_material correlationId=c77 tlsMaterialMs=0.246
09-08 08:17:15.921 24100 13003 I ChromePhotosDataPlane: phase=tls_ready correlationId=c77 hostClass=network hostHash=73a1220668a1b571 clientProtocol=http/1.1 ca=42e0f97fefe4bb3f
09-08 08:17:15.937 24100 13022 I ChromePhotosDataPlane: phase=worker_ready correlationId=c78 admissionWaitMs=0.395
09-08 08:17:15.947 24100 13022 I ChromePhotosDataPlane: phase=tls_certificate correlationId=c78 tlsCacheHit=true tlsCacheWaitMs=0.010 tlsCreationMs=0.000
09-08 08:17:15.947 24100 13022 I ChromePhotosDataPlane: phase=tls_material correlationId=c78 tlsMaterialMs=0.245
09-08 08:17:15.960 24100 13022 I ChromePhotosDataPlane: phase=tls_ready correlationId=c78 hostClass=network hostHash=73a1220668a1b571 clientProtocol=http/1.1 ca=42e0f97fefe4bb3f
09-08 08:17:16.032 24100 13023 I ChromePhotosDataPlane: phase=worker_ready correlationId=c79 admissionWaitMs=0.482
09-08 08:17:16.040 24100 13023 I ChromePhotosDataPlane: phase=tls_certificate correlationId=c79 tlsCacheHit=true tlsCacheWaitMs=0.020 tlsCreationMs=0.000
09-08 08:17:16.040 24100 13023 I ChromePhotosDataPlane: phase=tls_material correlationId=c79 tlsMaterialMs=0.568
09-08 08:17:16.049 24100 13023 I ChromePhotosDataPlane: phase=tls_ready correlationId=c79 hostClass=network hostHash=73a1220668a1b571 clientProtocol=http/1.1 ca=42e0f97fefe4bb3f
09-08 08:17:16.090 24100 12894 I ChromePhotosDataPlane: phase=worker_ready correlationId=c80 admissionWaitMs=0.252
09-08 08:17:16.096 24100 13036 I ChromePhotosDataPlane: phase=worker_ready correlationId=c81 admissionWaitMs=0.310
09-08 08:17:16.096 24100 12894 I ChromePhotosDataPlane: phase=tls_certificate correlationId=c80 tlsCacheHit=true tlsCacheWaitMs=0.011 tlsCreationMs=0.000
09-08 08:17:16.096 24100 12894 I ChromePhotosDataPlane: phase=tls_material correlationId=c80 tlsMaterialMs=0.365
09-08 08:17:16.114 24100 13006 I ChromePhotosDataPlane: origin=real hostClass=network hostHash=73a1220668a1b571 method=GET clientProtocol=http/1.1 upstreamProtocol=h2 status=200 contentType=image/png bytesIn=18650 bytesOut=704 cache=miss decision=block reason=model_filter source=engine probability=0.91251147 basis=FullThreshold decodeMs=5.952 inferenceMs=185.908 inferenceQueueMs=0.178 localDecisionMs=193.338  bodyAdmissionMs=0.024 bodyReadMs=6.548 hashMs=0.200 requestToDeliveryMs=243.548 upstreamHeadersMs=41.294 sanitizeMs=200.391 downstreamWriteMs=0.611
09-08 08:17:16.122 24100 12894 I ChromePhotosDataPlane: phase=tls_ready correlationId=c80 hostClass=network hostHash=73a1220668a1b571 clientProtocol=http/1.1 ca=42e0f97fefe4bb3f
09-08 08:17:16.145 24100 13036 I ChromePhotosDataPlane: phase=tls_certificate correlationId=c81 tlsCacheHit=true tlsCacheWaitMs=0.014 tlsCreationMs=0.000
09-08 08:17:16.145 24100 13036 I ChromePhotosDataPlane: phase=tls_material correlationId=c81 tlsMaterialMs=0.466
09-08 08:17:16.145 24100 12973 I ChromePhotosDataPlane: origin=real hostClass=network hostHash=73a1220668a1b571 method=GET clientProtocol=http/1.1 upstreamProtocol=h2 status=200 contentType=image/png bytesIn=28717 bytesOut=704 cache=miss decision=block reason=model_filter source=engine probability=0.93185234 basis=FullThreshold decodeMs=5.930 inferenceMs=187.453 inferenceQueueMs=0.569 localDecisionMs=194.826  bodyAdmissionMs=0.018 bodyReadMs=12.338 hashMs=0.334 requestToDeliveryMs=247.939 upstreamHeadersMs=37.434 sanitizeMs=207.910 downstreamWriteMs=1.164
09-08 08:17:16.155 24100 13036 I ChromePhotosDataPlane: phase=tls_ready correlationId=c81 hostClass=network hostHash=a07e840be85c9b23 clientProtocol=http/1.1 ca=42e0f97fefe4bb3f
09-08 08:17:16.303 24100 13003 I ChromePhotosDataPlane: origin=real hostClass=network hostHash=73a1220668a1b571 method=GET clientProtocol=http/1.1 upstreamProtocol=h2 status=200 contentType=image/jpeg bytesIn=29077 bytesOut=29077 cache=miss decision=safe reason=model_allow source=engine probability=0.093462616 basis=None decodeMs=3.852 inferenceMs=182.444 inferenceQueueMs=0.108 localDecisionMs=187.082  bodyAdmissionMs=152.759 bodyReadMs=0.254 hashMs=0.213 requestToDeliveryMs=380.448 upstreamHeadersMs=37.002 sanitizeMs=340.592 downstreamWriteMs=0.969
09-08 08:17:16.328 24100 13022 I ChromePhotosDataPlane: origin=real hostClass=network hostHash=73a1220668a1b571 method=GET clientProtocol=http/1.1 upstreamProtocol=h2 status=200 contentType=image/jpeg bytesIn=26896 bytesOut=26896 cache=miss decision=safe reason=model_allow source=engine probability=0.023405463 basis=None decodeMs=3.736 inferenceMs=176.874 inferenceQueueMs=0.166 localDecisionMs=181.418  bodyAdmissionMs=130.449 bodyReadMs=0.210 hashMs=0.188 requestToDeliveryMs=365.025 upstreamHeadersMs=49.777 sanitizeMs=312.504 downstreamWriteMs=0.529
09-08 08:17:16.492 24100 13023 I ChromePhotosDataPlane: origin=real hostClass=network hostHash=73a1220668a1b571 method=GET clientProtocol=http/1.1 upstreamProtocol=h2 status=200 contentType=image/png bytesIn=35901 bytesOut=704 cache=miss decision=block reason=model_filter source=engine probability=0.98041654 basis=FullStrong decodeMs=5.768 inferenceMs=181.938 inferenceQueueMs=0.596 localDecisionMs=189.222  bodyAdmissionMs=216.948 bodyReadMs=0.234 hashMs=0.163 requestToDeliveryMs=440.483 upstreamHeadersMs=28.477 sanitizeMs=406.851 downstreamWriteMs=0.540
09-08 08:17:16.511 24100 12894 I ChromePhotosDataPlane: origin=real hostClass=network hostHash=73a1220668a1b571 method=GET clientProtocol=http/1.1 upstreamProtocol=h2 status=200 contentType=image/png bytesIn=4742 bytesOut=704 cache=miss decision=block reason=model_filter source=engine probability=0.42912552 basis=FullThreshold decodeMs=3.025 inferenceMs=177.361 inferenceQueueMs=1.651 localDecisionMs=182.618  bodyAdmissionMs=165.870 bodyReadMs=0.216 hashMs=0.137 requestToDeliveryMs=379.511 upstreamHeadersMs=26.282 sanitizeMs=348.995 downstreamWriteMs=0.402
09-08 08:17:16.623 24100 12996 I ChromePhotosDataPlane: origin=real hostClass=network hostHash=191347bfe55d0ca9 method=POST clientProtocol=http/1.1 upstreamProtocol=h2 status=204 contentType=text/html bytesOut=0 transfer=fixed upstreamHeadersMs=64.160 downstreamWriteMs=0.491
09-08 08:17:16.680 24100 13036 I ChromePhotosDataPlane: origin=real hostClass=network hostHash=a07e840be85c9b23 method=GET clientProtocol=http/1.1 upstreamProtocol=h2 status=200 contentType=image/webp bytesIn=25212 bytesOut=25212 cache=miss decision=safe reason=model_allow source=engine probability=0.23268917 basis=None decodeMs=17.666 inferenceMs=158.344 inferenceQueueMs=0.079 localDecisionMs=177.131  bodyAdmissionMs=268.230 bodyReadMs=0.286 hashMs=0.487 requestToDeliveryMs=522.400 upstreamHeadersMs=61.947 sanitizeMs=455.209 downstreamWriteMs=1.505
09-08 08:17:16.837 24100 13023 I ChromePhotosDataPlane: origin=real hostClass=network hostHash=73a1220668a1b571 method=GET clientProtocol=http/1.1 upstreamProtocol=h2 status=200 contentType=image/png bytesIn=19322 bytesOut=704 cache=miss decision=block reason=model_filter source=engine probability=0.82911986 basis=FullThreshold decodeMs=7.021 inferenceMs=247.329 inferenceQueueMs=0.168 localDecisionMs=255.378  bodyAdmissionMs=0.030 bodyReadMs=0.234 hashMs=0.401 requestToDeliveryMs=301.991 upstreamHeadersMs=43.661 sanitizeMs=256.252 downstreamWriteMs=0.457
09-08 08:17:16.853 24100 13022 I ChromePhotosDataPlane: origin=real hostClass=network hostHash=73a1220668a1b571 method=GET clientProtocol=http/1.1 upstreamProtocol=h2 status=200 contentType=image/png bytesIn=30881 bytesOut=704 cache=miss decision=block reason=model_filter source=engine probability=0.99731994 basis=FullStrong decodeMs=3.608 inferenceMs=168.357 inferenceQueueMs=0.459 localDecisionMs=173.729  bodyAdmissionMs=72.842 bodyReadMs=0.265 hashMs=0.190 requestToDeliveryMs=313.343 upstreamHeadersMs=63.644 sanitizeMs=247.279 downstreamWriteMs=0.526
09-08 08:17:18.253 24100 13022 I ChromePhotosDataPlane: origin=real hostClass=network hostHash=73a1220668a1b571 method=GET clientProtocol=http/1.1 upstreamProtocol=h2 status=200 contentType=image/png bytesIn=22803 bytesOut=704 cache=miss decision=block reason=model_filter source=engine probability=0.78658307 basis=FullThreshold decodeMs=3.216 inferenceMs=188.047 inferenceQueueMs=0.068 localDecisionMs=191.770  bodyAdmissionMs=0.020 bodyReadMs=1.306 hashMs=0.188 requestToDeliveryMs=262.140 upstreamHeadersMs=66.470 sanitizeMs=193.540 downstreamWriteMs=0.543
09-08 08:17:18.290 24100 13023 I ChromePhotosDataPlane: origin=real hostClass=network hostHash=73a1220668a1b571 method=GET clientProtocol=http/1.1 upstreamProtocol=h2 status=200 contentType=image/png bytesIn=11527 bytesOut=704 cache=miss decision=block reason=model_filter source=engine probability=0.98317003 basis=FullStrong decodeMs=9.151 inferenceMs=208.242 inferenceQueueMs=0.375 localDecisionMs=218.831  bodyAdmissionMs=0.011 bodyReadMs=8.484 hashMs=0.223 requestToDeliveryMs=299.713 upstreamHeadersMs=69.116 sanitizeMs=227.783 downstreamWriteMs=1.045
09-08 08:17:18.445 24100 13036 I ChromePhotosDataPlane: origin=real hostClass=network hostHash=a07e840be85c9b23 method=GET clientProtocol=http/1.1 upstreamProtocol=h2 status=200 contentType=image/webp bytesIn=6640 bytesOut=6640 cache=miss decision=safe reason=model_allow source=engine probability=0.08594686 basis=None decodeMs=5.699 inferenceMs=179.055 inferenceQueueMs=0.302 localDecisionMs=185.903  bodyAdmissionMs=182.317 bodyReadMs=0.190 hashMs=0.185 requestToDeliveryMs=400.157 upstreamHeadersMs=25.558 sanitizeMs=369.919 downstreamWriteMs=1.921
09-08 08:17:18.453 24100 13086 I ChromePhotosDataPlane: phase=worker_ready correlationId=c82 admissionWaitMs=0.465
09-08 08:17:18.481 24100 12894 I ChromePhotosDataPlane: origin=real hostClass=network hostHash=73a1220668a1b571 method=GET clientProtocol=http/1.1 upstreamProtocol=h2 status=200 contentType=image/jpeg bytesIn=39642 bytesOut=39642 cache=miss decision=safe reason=model_allow source=engine probability=0.2227611 basis=None decodeMs=4.754 inferenceMs=179.112 inferenceQueueMs=0.601 localDecisionMs=185.455  bodyAdmissionMs=215.559 bodyReadMs=3.677 hashMs=0.628 requestToDeliveryMs=435.870 upstreamHeadersMs=26.075 sanitizeMs=405.652 downstreamWriteMs=1.879
09-08 08:17:18.491 24100 13086 I ChromePhotosDataPlane: phase=tls_certificate correlationId=c82 tlsCacheHit=true tlsCacheWaitMs=0.009 tlsCreationMs=0.000
09-08 08:17:18.491 24100 13086 I ChromePhotosDataPlane: phase=tls_material correlationId=c82 tlsMaterialMs=0.359
09-08 08:17:18.506 24100 13086 I ChromePhotosDataPlane: phase=tls_ready correlationId=c82 hostClass=network hostHash=86c190c2d7dd6548 clientProtocol=http/1.1 ca=42e0f97fefe4bb3f
09-08 08:17:18.622 24100 13022 I ChromePhotosDataPlane: origin=real hostClass=network hostHash=73a1220668a1b571 method=GET clientProtocol=http/1.1 upstreamProtocol=h2 status=200 contentType=image/jpeg bytesIn=6301 bytesOut=6301 cache=miss decision=safe reason=model_allow source=engine probability=0.2997887 basis=None decodeMs=3.895 inferenceMs=171.018 inferenceQueueMs=1.747 localDecisionMs=177.669  bodyAdmissionMs=89.726 bodyReadMs=0.159 hashMs=0.255 requestToDeliveryMs=318.723 upstreamHeadersMs=47.832 sanitizeMs=268.026 downstreamWriteMs=0.527
09-08 08:17:18.679 24100 13023 I ChromePhotosDataPlane: origin=real hostClass=network hostHash=73a1220668a1b571 method=GET clientProtocol=http/1.1 upstreamProtocol=h2 status=200 contentType=image/jpeg bytesIn=52083 bytesOut=52083 cache=miss decision=safe reason=model_allow source=engine probability=0.2517615 basis=None decodeMs=10.031 inferenceMs=186.079 inferenceQueueMs=0.460 localDecisionMs=197.484  bodyAdmissionMs=77.652 bodyReadMs=0.523 hashMs=0.456 requestToDeliveryMs=373.630 upstreamHeadersMs=92.351 sanitizeMs=276.375 downstreamWriteMs=0.761
09-08 08:17:18.776 24100 13003 I ChromePhotosDataPlane: origin=real hostClass=network hostHash=73a1220668a1b571 method=GET clientProtocol=http/1.1 upstreamProtocol=h2 status=200 contentType=image/png bytesIn=9003 bytesOut=704 cache=miss decision=block reason=model_filter source=engine probability=0.5631592 basis=FullThreshold decodeMs=3.151 inferenceMs=148.805 inferenceQueueMs=0.784 localDecisionMs=153.426  bodyAdmissionMs=135.941 bodyReadMs=0.142 hashMs=0.161 requestToDeliveryMs=316.659 upstreamHeadersMs=24.951 sanitizeMs=289.887 downstreamWriteMs=0.505
09-08 08:17:19.263 24100 13086 I ChromePhotosDataPlane: origin=real hostClass=network hostHash=86c190c2d7dd6548 method=GET clientProtocol=http/1.1 upstreamProtocol=h2 status=200 contentType=image/png bytesIn=120586 bytesOut=704 cache=miss decision=block reason=model_filter source=engine probability=0.59073603 basis=UncertainRegional decodeMs=27.300 inferenceMs=414.056 inferenceQueueMs=0.268 localDecisionMs=447.433  bodyAdmissionMs=9.713 bodyReadMs=106.823 hashMs=0.473 requestToDeliveryMs=756.077 upstreamHeadersMs=162.490 sanitizeMs=592.101 downstreamWriteMs=0.475
09-08 08:17:21.939 24100 12996 I ChromePhotosDataPlane: origin=real hostClass=network hostHash=191347bfe55d0ca9 method=POST clientProtocol=http/1.1 upstreamProtocol=h2 status=204 contentType=text/html bytesOut=0 transfer=fixed upstreamHeadersMs=149.736 downstreamWriteMs=0.542
09-08 08:17:22.585 24100 12996 I ChromePhotosDataPlane: origin=real hostClass=network hostHash=191347bfe55d0ca9 method=POST clientProtocol=http/1.1 upstreamProtocol=h2 status=204 contentType=text/html bytesOut=0 transfer=fixed upstreamHeadersMs=59.711 downstreamWriteMs=0.473
09-08 08:17:23.870 24100 12996 I ChromePhotosDataPlane: origin=real hostClass=network hostHash=191347bfe55d0ca9 method=POST clientProtocol=http/1.1 upstreamProtocol=h2 status=204 contentType=text/html bytesOut=0 transfer=fixed upstreamHeadersMs=102.261 downstreamWriteMs=0.447
09-08 08:17:24.258 24100 12996 I ChromePhotosDataPlane: origin=real hostClass=network hostHash=191347bfe55d0ca9 method=POST clientProtocol=http/1.1 upstreamProtocol=h2 status=204 contentType=text/html bytesOut=0 transfer=fixed upstreamHeadersMs=72.628 downstreamWriteMs=0.235
09-08 08:17:25.338 24100 12996 I ChromePhotosDataPlane: origin=real hostClass=network hostHash=191347bfe55d0ca9 method=POST clientProtocol=http/1.1 upstreamProtocol=h2 status=204 contentType=text/html bytesOut=0 transfer=fixed upstreamHeadersMs=141.401 downstreamWriteMs=0.233
09-08 08:17:25.600 24100 12996 I ChromePhotosDataPlane: origin=real hostClass=network hostHash=191347bfe55d0ca9 method=POST clientProtocol=http/1.1 upstreamProtocol=h2 status=204 contentType=text/html bytesOut=0 transfer=fixed upstreamHeadersMs=72.369 downstreamWriteMs=0.650
09-08 08:17:25.654 24100 13011 I ChromePhotosDataPlane: origin=real hostClass=network hostHash=191347bfe55d0ca9 method=POST clientProtocol=http/1.1 upstreamProtocol=h2 status=204 contentType=text/html bytesOut=0 transfer=fixed upstreamHeadersMs=62.534 downstreamWriteMs=1.252
09-08 08:17:25.845 24100 13011 I ChromePhotosDataPlane: origin=real hostClass=network hostHash=191347bfe55d0ca9 method=POST clientProtocol=http/1.1 upstreamProtocol=h2 status=204 contentType=text/html bytesOut=0 transfer=fixed upstreamHeadersMs=71.891 downstreamWriteMs=0.296
09-08 08:17:25.865 24100 12996 I ChromePhotosDataPlane: origin=real hostClass=network hostHash=191347bfe55d0ca9 method=POST clientProtocol=http/1.1 upstreamProtocol=h2 status=204 contentType=text/html bytesOut=0 transfer=fixed upstreamHeadersMs=67.262 downstreamWriteMs=0.351
09-08 08:17:29.019 24100 12996 I ChromePhotosDataPlane: origin=real hostClass=network hostHash=191347bfe55d0ca9 method=GET clientProtocol=http/1.1 upstreamProtocol=h2 status=200 contentType=application/json bytesOut=114 transfer=fixed upstreamHeadersMs=153.651 downstreamWriteMs=3.020
09-08 08:17:29.207 24100 12996 I ChromePhotosDataPlane: origin=real hostClass=network hostHash=191347bfe55d0ca9 method=GET clientProtocol=http/1.1 upstreamProtocol=h2 status=200 contentType=application/json bytesOut=94 transfer=fixed upstreamHeadersMs=93.228 downstreamWriteMs=1.855
09-08 08:17:29.666 24100 12996 I ChromePhotosDataPlane: origin=real hostClass=network hostHash=191347bfe55d0ca9 method=GET clientProtocol=http/1.1 upstreamProtocol=h2 status=200 contentType=application/json bytesOut=114 transfer=fixed upstreamHeadersMs=87.698 downstreamWriteMs=0.591
09-08 08:17:29.835 24100 12996 I ChromePhotosDataPlane: origin=real hostClass=network hostHash=191347bfe55d0ca9 method=GET clientProtocol=http/1.1 upstreamProtocol=h2 status=200 contentType=application/json bytesOut=102 transfer=fixed upstreamHeadersMs=88.953 downstreamWriteMs=1.710
09-08 08:17:30.188 24100 12996 I ChromePhotosDataPlane: origin=real hostClass=network hostHash=191347bfe55d0ca9 method=GET clientProtocol=http/1.1 upstreamProtocol=h2 status=200 contentType=application/json bytesOut=346 transfer=fixed upstreamHeadersMs=100.407 downstreamWriteMs=2.719
09-08 08:17:30.422 24100 13003 I ChromePhotosDataPlane: origin=real hostClass=network hostHash=73a1220668a1b571 method=GET clientProtocol=http/1.1 upstreamProtocol=h2 status=200 contentType=image/jpeg bytesIn=1755 bytesOut=1755 cache=miss decision=safe reason=model_allow source=engine probability=0.011968851 basis=None decodeMs=7.088 inferenceMs=139.698 inferenceQueueMs=0.329 localDecisionMs=148.439  bodyAdmissionMs=0.127 bodyReadMs=2.384 hashMs=1.482 requestToDeliveryMs=196.588 upstreamHeadersMs=29.398 sanitizeMs=153.897 downstreamWriteMs=2.542
09-08 08:17:31.127 24100 12996 I ChromePhotosDataPlane: origin=real hostClass=network hostHash=191347bfe55d0ca9 method=GET clientProtocol=http/1.1 upstreamProtocol=h2 status=200 contentType=application/json bytesOut=117 transfer=fixed upstreamHeadersMs=83.749 downstreamWriteMs=2.263
09-08 08:17:31.318 24100 12996 I ChromePhotosDataPlane: origin=real hostClass=network hostHash=191347bfe55d0ca9 method=GET clientProtocol=http/1.1 upstreamProtocol=h2 status=200 contentType=application/json bytesOut=105 transfer=fixed upstreamHeadersMs=80.570 downstreamWriteMs=1.094
09-08 08:17:31.710 24100 13112 I ChromePhotosDataPlane: phase=worker_ready correlationId=c83 admissionWaitMs=0.210
09-08 08:17:31.717 24100 12996 I ChromePhotosDataPlane: origin=real hostClass=network hostHash=191347bfe55d0ca9 method=POST clientProtocol=http/1.1 upstreamProtocol=h2 status=204 contentType=text/html bytesOut=0 transfer=fixed upstreamHeadersMs=70.417 downstreamWriteMs=0.367
09-08 08:17:31.743 24100 13112 I ChromePhotosDataPlane: phase=tls_certificate correlationId=c83 tlsCacheHit=true tlsCacheWaitMs=0.010 tlsCreationMs=0.000
09-08 08:17:31.743 24100 13112 I ChromePhotosDataPlane: phase=tls_material correlationId=c83 tlsMaterialMs=0.347
09-08 08:17:31.747 24100 13112 I ChromePhotosDataPlane: phase=tls_ready correlationId=c83 hostClass=network hostHash=7df7caa0a5579e01 clientProtocol=http/1.1 ca=42e0f97fefe4bb3f
09-08 08:17:32.440 24100 13011 I ChromePhotosDataPlane: phase=media_shield_document origin=real hostClass=network hostHash=191347bfe55d0ca9 result=transformed documentSequence=4 navigationSequence=4 token=b1f6e0fe5a2d bytesOut=1034153 upstreamHeadersMs=86.177 documentDecisionMs=215.321 downstreamWriteMs=6.303
09-08 08:17:32.535 24100 13089 I ChromePhotosDataPlane: phase=worker_ready correlationId=c84 admissionWaitMs=0.750
09-08 08:17:32.548 24100 13011 I ChromePhotosDataPlane: origin=real hostClass=network hostHash=191347bfe55d0ca9 method=POST clientProtocol=http/1.1 upstreamProtocol=h2 status=204 contentType=text/html bytesOut=0 transfer=fixed upstreamHeadersMs=76.164 downstreamWriteMs=0.437
09-08 08:17:32.572 24100 12996 I ChromePhotosDataPlane: origin=real hostClass=network hostHash=191347bfe55d0ca9 method=POST clientProtocol=http/1.1 upstreamProtocol=h2 status=204 contentType=text/html bytesOut=0 transfer=fixed upstreamHeadersMs=84.845 downstreamWriteMs=0.843
09-08 08:17:32.586 24100 12996 I ChromePhotosDataPlane: phase=media_shield_ready origin=same_origin result=204 bytesOut=0
09-08 08:17:32.603 24100 12996 I ChromePhotosDataPlane: phase=media_shield_ready origin=same_origin result=204 bytesOut=0
09-08 08:17:32.608 24100 13089 I ChromePhotosDataPlane: phase=tls_certificate correlationId=c84 tlsCacheHit=true tlsCacheWaitMs=0.022 tlsCreationMs=0.000
09-08 08:17:32.608 24100 13089 I ChromePhotosDataPlane: phase=tls_material correlationId=c84 tlsMaterialMs=0.832
09-08 08:17:32.615 24100 12996 I ChromePhotosDataPlane: phase=media_shield_ready origin=same_origin result=204 bytesOut=0
09-08 08:17:32.619 24100 13089 I ChromePhotosDataPlane: phase=tls_ready correlationId=c84 hostClass=network hostHash=685eae6637200805 clientProtocol=http/1.1 ca=42e0f97fefe4bb3f
09-08 08:17:32.763 24100 12996 I ChromePhotosDataPlane: origin=real hostClass=network hostHash=191347bfe55d0ca9 method=GET clientProtocol=http/1.1 upstreamProtocol=h2 status=200 contentType=image/webp bytesIn=2070 bytesOut=2070 cache=hit decision=safe reason=model_allow source=cache probability=0.093275934 basis=None decodeMs=0.000 inferenceMs=0.000 inferenceQueueMs=0.000 localDecisionMs=0.148  bodyAdmissionMs=0.022 bodyReadMs=0.351 hashMs=2.338 requestToDeliveryMs=63.507 upstreamHeadersMs=53.400 sanitizeMs=4.586 downstreamWriteMs=1.787
09-08 08:17:32.802 24100 13089 I ChromePhotosDataPlane: origin=real hostClass=network hostHash=685eae6637200805 method=GET clientProtocol=http/1.1 upstreamProtocol=h2 status=302 contentType= bytesIn=0 bytesOut=0 cache=miss decision=passthrough   requestToDeliveryMs=179.359 upstreamHeadersMs=175.608 sanitizeMs=1.953 downstreamWriteMs=0.442
09-08 08:17:32.807 24100 13127 I ChromePhotosDataPlane: phase=worker_ready correlationId=c85 admissionWaitMs=0.244
09-08 08:17:32.843 24100 13127 I ChromePhotosDataPlane: phase=tls_certificate correlationId=c85 tlsCacheHit=true tlsCacheWaitMs=0.017 tlsCreationMs=0.000
09-08 08:17:32.843 24100 13127 I ChromePhotosDataPlane: phase=tls_material correlationId=c85 tlsMaterialMs=0.821
09-08 08:17:32.851 24100 13127 I ChromePhotosDataPlane: phase=tls_ready correlationId=c85 hostClass=network hostHash=bf52830e11f43bb6 clientProtocol=http/1.1 ca=42e0f97fefe4bb3f
09-08 08:17:33.024 24100 13127 I ChromePhotosDataPlane: origin=real hostClass=network hostHash=bf52830e11f43bb6 method=GET clientProtocol=http/1.1 upstreamProtocol=h2 status=200 contentType=image/png bytesIn=719 bytesOut=719 cache=hit decision=safe reason=model_allow source=cache probability=0.039679587 basis=None decodeMs=0.000 inferenceMs=0.000 inferenceQueueMs=0.000 localDecisionMs=0.034  bodyAdmissionMs=0.019 bodyReadMs=1.355 hashMs=0.175 requestToDeliveryMs=171.635 upstreamHeadersMs=168.372 sanitizeMs=1.805 downstreamWriteMs=0.359
09-08 08:17:33.088 24100 12996 I ChromePhotosDataPlane: origin=real hostClass=network hostHash=191347bfe55d0ca9 method=POST clientProtocol=http/1.1 upstreamProtocol=h2 status=204 contentType=text/html bytesOut=0 transfer=fixed upstreamHeadersMs=63.918 downstreamWriteMs=0.377
09-08 08:17:33.565 24100 12996 I ChromePhotosDataPlane: origin=real hostClass=network hostHash=191347bfe55d0ca9 method=POST clientProtocol=http/1.1 upstreamProtocol=h2 status=204 contentType=text/html bytesOut=0 transfer=fixed upstreamHeadersMs=56.569 downstreamWriteMs=0.797
09-08 08:17:33.845 24100 12996 I ChromePhotosDataPlane: origin=real hostClass=network hostHash=191347bfe55d0ca9 method=GET clientProtocol=http/1.1 upstreamProtocol=h2 status=200 contentType=application/json bytesOut=16 transfer=fixed upstreamHeadersMs=69.811 downstreamWriteMs=1.420
09-08 08:17:34.042 24100 13003 I ChromePhotosDataPlane: origin=real hostClass=network hostHash=73a1220668a1b571 method=GET clientProtocol=http/1.1 upstreamProtocol=h2 status=200 contentType=image/jpeg bytesIn=14212 bytesOut=14212 cache=miss decision=safe reason=model_allow source=engine probability=0.04154098 basis=None decodeMs=6.396 inferenceMs=167.915 inferenceQueueMs=0.302 localDecisionMs=175.455  bodyAdmissionMs=0.040 bodyReadMs=3.531 hashMs=2.275 requestToDeliveryMs=211.541 upstreamHeadersMs=25.589 sanitizeMs=181.837 downstreamWriteMs=1.394
09-08 08:17:34.103 24100 13023 I ChromePhotosDataPlane: origin=real hostClass=network hostHash=73a1220668a1b571 method=GET clientProtocol=http/1.1 upstreamProtocol=h2 status=200 contentType=image/jpeg bytesIn=36546 bytesOut=36546 cache=miss decision=safe reason=model_allow source=engine probability=0.11868197 basis=None decodeMs=7.667 inferenceMs=182.202 inferenceQueueMs=0.212 localDecisionMs=191.080  bodyAdmissionMs=0.024 bodyReadMs=15.235 hashMs=0.528 requestToDeliveryMs=266.652 upstreamHeadersMs=54.117 sanitizeMs=207.156 downstreamWriteMs=2.409
09-08 08:17:34.135 24100 13126 I ChromePhotosDataPlane: phase=worker_ready correlationId=c86 admissionWaitMs=0.403
09-08 08:17:34.175 24100 13126 I ChromePhotosDataPlane: phase=tls_certificate correlationId=c86 tlsCacheHit=true tlsCacheWaitMs=0.025 tlsCreationMs=0.000
09-08 08:17:34.175 24100 13126 I ChromePhotosDataPlane: phase=tls_material correlationId=c86 tlsMaterialMs=0.680
09-08 08:17:34.196 24100 13126 I ChromePhotosDataPlane: phase=tls_ready correlationId=c86 hostClass=network hostHash=eaadc6f5c45b9f47 clientProtocol=http/1.1 ca=42e0f97fefe4bb3f
09-08 08:17:34.227 24100 13022 I ChromePhotosDataPlane: origin=real hostClass=network hostHash=73a1220668a1b571 method=GET clientProtocol=http/1.1 upstreamProtocol=h2 status=200 contentType=image/jpeg bytesIn=13276 bytesOut=13276 cache=miss decision=safe reason=model_allow source=engine probability=0.0174506 basis=None decodeMs=3.536 inferenceMs=179.052 inferenceQueueMs=0.326 localDecisionMs=183.698  bodyAdmissionMs=133.685 bodyReadMs=0.347 hashMs=0.440 requestToDeliveryMs=387.423 upstreamHeadersMs=65.161 sanitizeMs=318.638 downstreamWriteMs=1.269
09-08 08:17:34.308 24100 12996 I ChromePhotosDataPlane: phase=media_shield_ready origin=same_origin result=200 bytesOut=18234
09-08 08:17:34.316 24100 12973 I ChromePhotosDataPlane: origin=real hostClass=network hostHash=73a1220668a1b571 method=GET clientProtocol=http/1.1 upstreamProtocol=h2 status=200 contentType=image/jpeg bytesIn=24761 bytesOut=24761 cache=miss decision=safe reason=model_allow source=engine probability=0.03404358 basis=None decodeMs=3.662 inferenceMs=206.526 inferenceQueueMs=0.099 localDecisionMs=210.853  bodyAdmissionMs=191.338 bodyReadMs=0.390 hashMs=0.389 requestToDeliveryMs=470.814 upstreamHeadersMs=60.966 sanitizeMs=403.403 downstreamWriteMs=2.881
09-08 08:17:34.408 24100 13126 I ChromePhotosDataPlane: origin=real hostClass=network hostHash=eaadc6f5c45b9f47 method=POST clientProtocol=http/1.1 upstreamProtocol=h2 status=200 contentType=application/json+protobuf bytesOut=39 transfer=fixed upstreamHeadersMs=193.392 downstreamWriteMs=1.017
09-08 08:17:34.446 24100 12894 I ChromePhotosDataPlane: origin=real hostClass=network hostHash=73a1220668a1b571 method=GET clientProtocol=http/1.1 upstreamProtocol=h2 status=200 contentType=image/jpeg bytesIn=19051 bytesOut=19051 cache=miss decision=safe reason=model_allow source=engine probability=0.20220673 basis=None decodeMs=3.580 inferenceMs=206.259 inferenceQueueMs=6.185 localDecisionMs=217.056  bodyAdmissionMs=312.295 bodyReadMs=0.187 hashMs=0.175 requestToDeliveryMs=603.889 upstreamHeadersMs=68.245 sanitizeMs=530.061 downstreamWriteMs=2.485
09-08 08:17:34.456 24100 13111 I ChromePhotosDataPlane: phase=worker_ready correlationId=c87 admissionWaitMs=0.590
09-08 08:17:34.466 24100 13134 I ChromePhotosDataPlane: phase=worker_ready correlationId=c88 admissionWaitMs=0.759
09-08 08:17:34.483 24100 13135 I ChromePhotosDataPlane: phase=worker_ready correlationId=c89 admissionWaitMs=0.413
09-08 08:17:34.504 24100 13111 I ChromePhotosDataPlane: phase=tls_certificate correlationId=c87 tlsCacheHit=true tlsCacheWaitMs=0.011 tlsCreationMs=0.000
09-08 08:17:34.504 24100 13111 I ChromePhotosDataPlane: phase=tls_material correlationId=c87 tlsMaterialMs=0.365
09-08 08:17:34.509 24100 13135 I ChromePhotosDataPlane: phase=tls_certificate correlationId=c89 tlsCacheHit=true tlsCacheWaitMs=0.017 tlsCreationMs=0.000
09-08 08:17:34.509 24100 13135 I ChromePhotosDataPlane: phase=tls_material correlationId=c89 tlsMaterialMs=0.513
09-08 08:17:34.511 24100 13134 I ChromePhotosDataPlane: phase=tls_certificate correlationId=c88 tlsCacheHit=true tlsCacheWaitMs=0.015 tlsCreationMs=0.000
09-08 08:17:34.511 24100 13134 I ChromePhotosDataPlane: phase=tls_material correlationId=c88 tlsMaterialMs=0.475
09-08 08:17:34.511 24100 13023 I ChromePhotosDataPlane: origin=real hostClass=network hostHash=73a1220668a1b571 method=GET clientProtocol=http/1.1 upstreamProtocol=h2 status=200 contentType=image/jpeg bytesIn=4490 bytesOut=4490 cache=miss decision=safe reason=model_allow source=engine probability=0.020425886 basis=None decodeMs=6.403 inferenceMs=188.927 inferenceQueueMs=0.417 localDecisionMs=197.268  bodyAdmissionMs=170.661 bodyReadMs=0.328 hashMs=0.469 requestToDeliveryMs=401.900 upstreamHeadersMs=27.755 sanitizeMs=369.078 downstreamWriteMs=0.959
09-08 08:17:34.515 24100 13111 I ChromePhotosDataPlane: phase=tls_ready correlationId=c87 hostClass=network hostHash=3eac1e980287c7ce clientProtocol=http/1.1 ca=42e0f97fefe4bb3f
09-08 08:17:34.519 24100 13135 I ChromePhotosDataPlane: phase=tls_ready correlationId=c89 hostClass=network hostHash=191347bfe55d0ca9 clientProtocol=http/1.1 ca=42e0f97fefe4bb3f
09-08 08:17:34.524 24100 13134 I ChromePhotosDataPlane: phase=tls_ready correlationId=c88 hostClass=network hostHash=3eac1e980287c7ce clientProtocol=http/1.1 ca=42e0f97fefe4bb3f
09-08 08:17:34.544 24100 13011 I ChromePhotosDataPlane: origin=real hostClass=network hostHash=191347bfe55d0ca9 method=POST clientProtocol=http/1.1 upstreamProtocol=h2 status=204 contentType=text/html bytesOut=0 transfer=fixed upstreamHeadersMs=62.474 downstreamWriteMs=0.735
09-08 08:17:34.551 24100 13135 I ChromePhotosDataPlane: origin=real hostClass=network hostHash=191347bfe55d0ca9 method=GET clientProtocol=http/1.1 upstreamProtocol=h2 status=200 contentType=image/png bytesIn=0 bytesOut=704 cache=miss decision=unknown reason=encoded_image_unsupported source=error probability=-1.0 basis=none decodeMs=0.000 inferenceMs=0.000 inferenceQueueMs=0.000 localDecisionMs=0.000   requestToDeliveryMs=30.748 upstreamHeadersMs=28.947 sanitizeMs=0.074 downstreamWriteMs=0.523
09-08 08:17:34.566 24100 12996 I ChromePhotosDataPlane: origin=real hostClass=network hostHash=191347bfe55d0ca9 method=POST clientProtocol=http/1.1 upstreamProtocol=h2 status=204 contentType=text/html bytesOut=0 transfer=fixed upstreamHeadersMs=83.153 downstreamWriteMs=0.744
09-08 08:17:34.602 24100 12973 I ChromePhotosDataPlane: origin=real hostClass=network hostHash=73a1220668a1b571 method=GET clientProtocol=http/1.1 upstreamProtocol=h2 status=200 contentType=image/jpeg bytesIn=11024 bytesOut=11024 cache=miss decision=safe reason=model_allow source=engine probability=0.027321845 basis=None decodeMs=3.515 inferenceMs=150.518 inferenceQueueMs=0.130 localDecisionMs=154.892  bodyAdmissionMs=91.974 bodyReadMs=0.434 hashMs=0.595 requestToDeliveryMs=279.581 upstreamHeadersMs=26.015 sanitizeMs=248.372 downstreamWriteMs=1.370
09-08 08:17:34.720 24100 13111 I ChromePhotosDataPlane: origin=real hostClass=network hostHash=3eac1e980287c7ce method=GET clientProtocol=http/1.1 upstreamProtocol=h2 status=200 contentType=image/png bytesIn=37 bytesOut=704 cache=miss decision=unknown reason=unsupported_gif source=error probability=-1.0 basis=none decodeMs=0.000 inferenceMs=0.000 inferenceQueueMs=0.000 localDecisionMs=0.000  bodyAdmissionMs=0.032 bodyReadMs=0.315 requestToDeliveryMs=204.181 upstreamHeadersMs=196.812 sanitizeMs=2.101 downstreamWriteMs=2.172
09-08 08:17:34.721 24100 13134 I ChromePhotosDataPlane: origin=real hostClass=network hostHash=3eac1e980287c7ce method=GET clientProtocol=http/1.1 upstreamProtocol=h2 status=200 contentType=image/png bytesIn=37 bytesOut=704 cache=miss decision=unknown reason=unsupported_gif source=error probability=-1.0 basis=none decodeMs=0.000 inferenceMs=0.000 inferenceQueueMs=0.000 localDecisionMs=0.000  bodyAdmissionMs=0.035 bodyReadMs=1.456 requestToDeliveryMs=196.515 upstreamHeadersMs=189.109 sanitizeMs=2.922 downstreamWriteMs=1.944
09-08 08:17:34.840 24100 12996 I ChromePhotosDataPlane: origin=real hostClass=network hostHash=191347bfe55d0ca9 method=POST clientProtocol=http/1.1 upstreamProtocol=h2 status=204 contentType=text/html bytesOut=0 transfer=fixed upstreamHeadersMs=58.716 downstreamWriteMs=1.225
09-08 08:17:34.978 24100 12996 I ChromePhotosDataPlane: origin=real hostClass=network hostHash=191347bfe55d0ca9 method=GET clientProtocol=http/1.1 upstreamProtocol=h2 status=200 contentType=application/octet-stream bytesOut=123834 transfer=chunked upstreamHeadersMs=74.163 downstreamWriteMs=35.737
09-08 08:17:35.247 24100 13136 I ChromePhotosDataPlane: phase=worker_ready correlationId=c90 admissionWaitMs=0.298
09-08 08:17:35.277 24100 13136 I ChromePhotosDataPlane: phase=tls_certificate correlationId=c90 tlsCacheHit=true tlsCacheWaitMs=0.010 tlsCreationMs=0.000
09-08 08:17:35.277 24100 13136 I ChromePhotosDataPlane: phase=tls_material correlationId=c90 tlsMaterialMs=0.327
09-08 08:17:35.282 24100 13136 I ChromePhotosDataPlane: phase=tls_ready correlationId=c90 hostClass=network hostHash=8e08d6d89d17a981 clientProtocol=http/1.1 ca=42e0f97fefe4bb3f
09-08 08:17:35.283 24100 13176 I ChromePhotosDataPlane: phase=worker_ready correlationId=c91 admissionWaitMs=0.154
09-08 08:17:35.287 24100 13176 I ChromePhotosDataPlane: phase=tls_certificate correlationId=c91 tlsCacheHit=true tlsCacheWaitMs=0.008 tlsCreationMs=0.000
09-08 08:17:35.287 24100 13176 I ChromePhotosDataPlane: phase=tls_material correlationId=c91 tlsMaterialMs=0.202
09-08 08:17:35.294 24100 13176 I ChromePhotosDataPlane: phase=tls_ready correlationId=c91 hostClass=network hostHash=8e08d6d89d17a981 clientProtocol=http/1.1 ca=42e0f97fefe4bb3f
09-08 08:17:35.417 24100 13137 I ChromePhotosDataPlane: phase=worker_ready correlationId=c92 admissionWaitMs=0.174
09-08 08:17:35.422 24100 13137 I ChromePhotosDataPlane: phase=tls_certificate correlationId=c92 tlsCacheHit=true tlsCacheWaitMs=0.019 tlsCreationMs=0.000
09-08 08:17:35.422 24100 13137 I ChromePhotosDataPlane: phase=tls_material correlationId=c92 tlsMaterialMs=0.243
09-08 08:17:35.427 24100 13137 I ChromePhotosDataPlane: phase=tls_ready correlationId=c92 hostClass=network hostHash=191347bfe55d0ca9 clientProtocol=http/1.1 ca=42e0f97fefe4bb3f
09-08 08:17:35.448 24100 13176 I ChromePhotosDataPlane: origin=real hostClass=network hostHash=8e08d6d89d17a981 method=POST clientProtocol=http/1.1 upstreamProtocol=h2 status=200 contentType=image/png bytesIn=0 bytesOut=704 cache=miss decision=unknown reason=encoded_image_unsupported source=error probability=-1.0 basis=none decodeMs=0.000 inferenceMs=0.000 inferenceQueueMs=0.000 localDecisionMs=0.000   requestToDeliveryMs=152.626 upstreamHeadersMs=150.630 sanitizeMs=0.069 downstreamWriteMs=0.882
09-08 08:17:35.450 24100 13136 I ChromePhotosDataPlane: origin=real hostClass=network hostHash=8e08d6d89d17a981 method=POST clientProtocol=http/1.1 upstreamProtocol=h2 status=200 contentType=image/png bytesIn=0 bytesOut=704 cache=miss decision=unknown reason=encoded_image_unsupported source=error probability=-1.0 basis=none decodeMs=0.000 inferenceMs=0.000 inferenceQueueMs=0.000 localDecisionMs=0.000   requestToDeliveryMs=158.976 upstreamHeadersMs=157.003 sanitizeMs=0.063 downstreamWriteMs=0.659
09-08 08:17:35.456 24100 13157 I ChromePhotosDataPlane: phase=worker_ready correlationId=c93 admissionWaitMs=0.235
09-08 08:17:35.464 24100 13157 I ChromePhotosDataPlane: phase=tls_certificate correlationId=c93 tlsCacheHit=true tlsCacheWaitMs=0.009 tlsCreationMs=0.000
09-08 08:17:35.464 24100 13157 I ChromePhotosDataPlane: phase=tls_material correlationId=c93 tlsMaterialMs=0.251
09-08 08:17:35.474 24100 12996 I ChromePhotosDataPlane: origin=real hostClass=network hostHash=191347bfe55d0ca9 method=POST clientProtocol=http/1.1 upstreamProtocol=h2 status=204 contentType=text/html bytesOut=0 transfer=fixed upstreamHeadersMs=57.983 downstreamWriteMs=0.421
09-08 08:17:35.485 24100 13157 I ChromePhotosDataPlane: phase=tls_ready correlationId=c93 hostClass=network hostHash=191347bfe55d0ca9 clientProtocol=http/1.1 ca=42e0f97fefe4bb3f
09-08 08:17:35.493 24100 13224 I ChromePhotosDataPlane: phase=worker_ready correlationId=c94 admissionWaitMs=0.960
09-08 08:17:35.494 24100 13011 I ChromePhotosDataPlane: origin=real hostClass=network hostHash=191347bfe55d0ca9 method=POST clientProtocol=http/1.1 upstreamProtocol=h2 status=204 contentType=text/html bytesOut=0 transfer=fixed upstreamHeadersMs=76.351 downstreamWriteMs=0.398
09-08 08:17:35.495 24100 13137 I ChromePhotosDataPlane: origin=real hostClass=network hostHash=191347bfe55d0ca9 method=POST clientProtocol=http/1.1 upstreamProtocol=h2 status=204 contentType=text/html bytesOut=0 transfer=fixed upstreamHeadersMs=63.170 downstreamWriteMs=1.331
09-08 08:17:35.499 24100 13224 I ChromePhotosDataPlane: phase=tls_certificate correlationId=c94 tlsCacheHit=true tlsCacheWaitMs=0.018 tlsCreationMs=0.000
09-08 08:17:35.499 24100 13224 I ChromePhotosDataPlane: phase=tls_material correlationId=c94 tlsMaterialMs=0.896
09-08 08:17:35.505 24100 13224 I ChromePhotosDataPlane: phase=tls_ready correlationId=c94 hostClass=network hostHash=191347bfe55d0ca9 clientProtocol=http/1.1 ca=42e0f97fefe4bb3f
09-08 08:17:35.544 24100 12996 I ChromePhotosDataPlane: origin=real hostClass=network hostHash=191347bfe55d0ca9 method=POST clientProtocol=http/1.1 upstreamProtocol=h2 status=204 contentType=text/html bytesOut=0 transfer=fixed upstreamHeadersMs=57.941 downstreamWriteMs=0.285
09-08 08:17:35.560 24100 13157 I ChromePhotosDataPlane: origin=real hostClass=network hostHash=191347bfe55d0ca9 method=GET clientProtocol=http/1.1 upstreamProtocol=h2 status=200 contentType=application/json bytesOut=342 transfer=fixed upstreamHeadersMs=70.871 downstreamWriteMs=1.097
09-08 08:17:35.579 24100 13011 I ChromePhotosDataPlane: origin=real hostClass=network hostHash=191347bfe55d0ca9 method=POST clientProtocol=http/1.1 upstreamProtocol=h2 status=204 contentType=text/html bytesOut=0 transfer=fixed upstreamHeadersMs=64.459 downstreamWriteMs=11.285
09-08 08:17:35.671 24100 13157 I ChromePhotosDataPlane: origin=real hostClass=network hostHash=191347bfe55d0ca9 method=POST clientProtocol=http/1.1 upstreamProtocol=h2 status=204 contentType=text/html bytesOut=0 transfer=fixed upstreamHeadersMs=60.648 downstreamWriteMs=0.806
09-08 08:17:35.912 24100 13023 I ChromePhotosDataPlane: origin=real hostClass=network hostHash=73a1220668a1b571 method=GET clientProtocol=http/1.1 upstreamProtocol=h2 status=200 contentType=image/jpeg bytesIn=13866 bytesOut=13866 cache=miss decision=safe reason=model_allow source=engine probability=0.02164954 basis=None decodeMs=3.321 inferenceMs=207.966 inferenceQueueMs=0.122 localDecisionMs=212.161  bodyAdmissionMs=0.015 bodyReadMs=0.268 hashMs=0.213 requestToDeliveryMs=265.879 upstreamHeadersMs=47.344 sanitizeMs=212.821 downstreamWriteMs=1.060
09-08 08:17:35.934 24100 12973 I ChromePhotosDataPlane: origin=real hostClass=network hostHash=73a1220668a1b571 method=GET clientProtocol=http/1.1 upstreamProtocol=h2 status=200 contentType=image/png bytesIn=2475 bytesOut=704 cache=miss decision=block reason=model_filter source=engine probability=0.6631745 basis=FullThreshold decodeMs=4.621 inferenceMs=258.642 inferenceQueueMs=1.619 localDecisionMs=265.488  bodyAdmissionMs=0.013 bodyReadMs=0.088 hashMs=0.188 requestToDeliveryMs=298.791 upstreamHeadersMs=30.282 sanitizeMs=265.936 downstreamWriteMs=0.521
09-08 08:17:36.341 24100 13176 I ChromePhotosDataPlane: origin=real hostClass=network hostHash=8e08d6d89d17a981 method=POST clientProtocol=http/1.1 upstreamProtocol=h2 status=200 contentType=image/png bytesIn=0 bytesOut=704 cache=miss decision=unknown reason=encoded_image_unsupported source=error probability=-1.0 basis=none decodeMs=0.000 inferenceMs=0.000 inferenceQueueMs=0.000 localDecisionMs=0.000   requestToDeliveryMs=65.166 upstreamHeadersMs=63.654 sanitizeMs=0.086 downstreamWriteMs=0.448
09-08 08:17:36.360 24100 13157 I ChromePhotosDataPlane: origin=real hostClass=network hostHash=191347bfe55d0ca9 method=GET clientProtocol=http/1.1 upstreamProtocol=h2 status=200 contentType=application/json bytesOut=17 transfer=chunked upstreamHeadersMs=92.911 downstreamWriteMs=0.782
09-08 08:17:36.557 24100 13157 I ChromePhotosDataPlane: origin=real hostClass=network hostHash=191347bfe55d0ca9 method=GET clientProtocol=http/1.1 upstreamProtocol=h2 status=200 contentType=application/json bytesOut=342 transfer=fixed upstreamHeadersMs=62.418 downstreamWriteMs=2.275
09-08 08:17:37.190 24100 13157 I ChromePhotosDataPlane: origin=real hostClass=network hostHash=191347bfe55d0ca9 method=GET clientProtocol=http/1.1 upstreamProtocol=h2 status=200 contentType=application/json bytesOut=113 transfer=fixed upstreamHeadersMs=79.677 downstreamWriteMs=1.453
09-08 08:17:37.408 24100 13157 I ChromePhotosDataPlane: origin=real hostClass=network hostHash=191347bfe55d0ca9 method=GET clientProtocol=http/1.1 upstreamProtocol=h2 status=200 contentType=application/json bytesOut=107 transfer=fixed upstreamHeadersMs=64.923 downstreamWriteMs=0.697
09-08 08:17:37.555 24100 13157 I ChromePhotosDataPlane: origin=real hostClass=network hostHash=191347bfe55d0ca9 method=GET clientProtocol=http/1.1 upstreamProtocol=h2 status=200 contentType=application/json bytesOut=110 transfer=fixed upstreamHeadersMs=64.048 downstreamWriteMs=1.586
09-08 08:17:37.965 24100 13157 I ChromePhotosDataPlane: origin=real hostClass=network hostHash=191347bfe55d0ca9 method=GET clientProtocol=http/1.1 upstreamProtocol=h2 status=200 contentType=application/json bytesOut=110 transfer=fixed upstreamHeadersMs=82.495 downstreamWriteMs=2.882
09-08 08:17:38.169 24100 13157 I ChromePhotosDataPlane: origin=real hostClass=network hostHash=191347bfe55d0ca9 method=GET clientProtocol=http/1.1 upstreamProtocol=h2 status=200 contentType=application/json bytesOut=108 transfer=fixed upstreamHeadersMs=81.335 downstreamWriteMs=4.365
09-08 08:17:38.509 24100 13157 I ChromePhotosDataPlane: origin=real hostClass=network hostHash=191347bfe55d0ca9 method=POST clientProtocol=http/1.1 upstreamProtocol=h2 status=204 contentType=text/html bytesOut=0 transfer=fixed upstreamHeadersMs=79.147 downstreamWriteMs=0.889
09-08 08:17:39.666 24100 13011 I ChromePhotosDataPlane: phase=media_shield_document origin=real hostClass=network hostHash=191347bfe55d0ca9 result=transformed documentSequence=5 navigationSequence=5 token=f89103ace091 bytesOut=2360956 upstreamHeadersMs=86.122 documentDecisionMs=228.950 downstreamWriteMs=10.728
09-08 08:17:39.759 24100 13011 I ChromePhotosDataPlane: phase=media_shield_ready origin=same_origin result=204 bytesOut=0
09-08 08:17:39.768 24100 13011 I ChromePhotosDataPlane: phase=media_shield_ready origin=same_origin result=204 bytesOut=0
09-08 08:17:39.783 24100 13011 I ChromePhotosDataPlane: phase=media_shield_ready origin=same_origin result=204 bytesOut=0
09-08 08:17:39.799 24100 13157 I ChromePhotosDataPlane: origin=real hostClass=network hostHash=191347bfe55d0ca9 method=POST clientProtocol=http/1.1 upstreamProtocol=h2 status=204 contentType=text/html bytesOut=0 transfer=fixed upstreamHeadersMs=73.073 downstreamWriteMs=0.778
09-08 08:17:39.898 24100 13089 I ChromePhotosDataPlane: origin=real hostClass=network hostHash=685eae6637200805 method=GET clientProtocol=http/1.1 upstreamProtocol=h2 status=302 contentType= bytesIn=0 bytesOut=0 cache=miss decision=passthrough   requestToDeliveryMs=154.704 upstreamHeadersMs=151.144 sanitizeMs=0.986 downstreamWriteMs=0.754
09-08 08:17:39.938 24100 13157 I ChromePhotosDataPlane: origin=real hostClass=network hostHash=191347bfe55d0ca9 method=GET clientProtocol=http/1.1 upstreamProtocol=h2 status=200 contentType=image/webp bytesIn=2070 bytesOut=2070 cache=hit decision=safe reason=model_allow source=cache probability=0.093275934 basis=None decodeMs=0.000 inferenceMs=0.000 inferenceQueueMs=0.000 localDecisionMs=0.093  bodyAdmissionMs=0.029 bodyReadMs=0.281 hashMs=0.635 requestToDeliveryMs=57.137 upstreamHeadersMs=50.135 sanitizeMs=2.424 downstreamWriteMs=1.978
09-08 08:17:40.100 24100 13127 I ChromePhotosDataPlane: origin=real hostClass=network hostHash=bf52830e11f43bb6 method=GET clientProtocol=http/1.1 upstreamProtocol=h2 status=200 contentType=image/png bytesIn=719 bytesOut=719 cache=hit decision=safe reason=model_allow source=cache probability=0.039679587 basis=None decodeMs=0.000 inferenceMs=0.000 inferenceQueueMs=0.000 localDecisionMs=0.031  bodyAdmissionMs=0.019 bodyReadMs=0.160 hashMs=0.182 requestToDeliveryMs=189.979 upstreamHeadersMs=187.872 sanitizeMs=0.605 downstreamWriteMs=0.407
09-08 08:17:40.377 24100 13157 I ChromePhotosDataPlane: origin=real hostClass=network hostHash=191347bfe55d0ca9 method=POST clientProtocol=http/1.1 upstreamProtocol=h2 status=204 contentType=text/html bytesOut=0 transfer=fixed upstreamHeadersMs=57.839 downstreamWriteMs=0.581
09-08 08:17:40.716 24100 13157 I ChromePhotosDataPlane: origin=real hostClass=network hostHash=191347bfe55d0ca9 method=POST clientProtocol=http/1.1 upstreamProtocol=h2 status=204 contentType=text/html bytesOut=0 transfer=fixed upstreamHeadersMs=74.694 downstreamWriteMs=0.860
09-08 08:17:40.772 24100 13011 I ChromePhotosDataPlane: origin=real hostClass=network hostHash=191347bfe55d0ca9 method=POST clientProtocol=http/1.1 upstreamProtocol=h2 status=204 contentType=text/html bytesOut=0 transfer=fixed upstreamHeadersMs=68.728 downstreamWriteMs=0.322
09-08 08:17:40.915 24100 13011 I ChromePhotosDataPlane: origin=real hostClass=network hostHash=191347bfe55d0ca9 method=GET clientProtocol=http/1.1 upstreamProtocol=h2 status=200 contentType=application/json bytesOut=16 transfer=fixed upstreamHeadersMs=67.890 downstreamWriteMs=2.048
09-08 08:17:41.001 24100 13011 I ChromePhotosDataPlane: origin=real hostClass=network hostHash=191347bfe55d0ca9 method=GET clientProtocol=http/1.1 upstreamProtocol=h2 status=200 contentType=text/javascript bytesOut=777 transfer=fixed upstreamHeadersMs=48.805 downstreamWriteMs=3.409
09-08 08:17:41.024 24100 13177 I ChromePhotosDataPlane: phase=worker_ready correlationId=c95 admissionWaitMs=0.205
09-08 08:17:41.037 24100 13157 I ChromePhotosDataPlane: origin=real hostClass=network hostHash=191347bfe55d0ca9 method=POST clientProtocol=http/1.1 upstreamProtocol=h2 status=204 contentType=text/html bytesOut=0 transfer=fixed upstreamHeadersMs=62.323 downstreamWriteMs=0.573
09-08 08:17:41.059 24100 13177 I ChromePhotosDataPlane: phase=tls_certificate correlationId=c95 tlsCacheHit=true tlsCacheWaitMs=0.021 tlsCreationMs=0.000
09-08 08:17:41.059 24100 13177 I ChromePhotosDataPlane: phase=tls_material correlationId=c95 tlsMaterialMs=0.482
09-08 08:17:41.070 24100 13177 I ChromePhotosDataPlane: phase=tls_ready correlationId=c95 hostClass=network hostHash=531c0c97f236d51c clientProtocol=http/1.1 ca=42e0f97fefe4bb3f
09-08 08:17:41.098 24100 12996 I ChromePhotosDataPlane: origin=real hostClass=network hostHash=191347bfe55d0ca9 method=POST clientProtocol=http/1.1 upstreamProtocol=h2 status=204 contentType=text/html bytesOut=0 transfer=fixed upstreamHeadersMs=60.075 downstreamWriteMs=1.273
09-08 08:17:41.202 24100 12973 I ChromePhotosDataPlane: origin=real hostClass=network hostHash=73a1220668a1b571 method=GET clientProtocol=http/1.1 upstreamProtocol=h2 status=200 contentType=image/png bytesIn=9260 bytesOut=704 cache=miss decision=block reason=model_filter source=engine probability=0.7707697 basis=FullThreshold decodeMs=3.439 inferenceMs=183.708 inferenceQueueMs=0.677 localDecisionMs=188.918  bodyAdmissionMs=0.018 bodyReadMs=2.359 hashMs=0.483 requestToDeliveryMs=219.517 upstreamHeadersMs=24.218 sanitizeMs=192.174 downstreamWriteMs=1.373
09-08 08:17:41.236 24100 13022 I ChromePhotosDataPlane: origin=real hostClass=network hostHash=73a1220668a1b571 method=GET clientProtocol=http/1.1 upstreamProtocol=h2 status=200 contentType=image/png bytesIn=20040 bytesOut=704 cache=miss decision=block reason=model_filter source=engine probability=0.77102244 basis=FullThreshold decodeMs=5.160 inferenceMs=185.964 inferenceQueueMs=0.303 localDecisionMs=192.676  bodyAdmissionMs=0.029 bodyReadMs=7.750 hashMs=1.661 requestToDeliveryMs=240.396 upstreamHeadersMs=33.396 sanitizeMs=202.607 downstreamWriteMs=2.257
09-08 08:17:41.258 24100 12996 I ChromePhotosDataPlane: origin=real hostClass=network hostHash=191347bfe55d0ca9 method=POST clientProtocol=http/1.1 upstreamProtocol=h2 status=204 contentType=text/html bytesOut=0 transfer=fixed upstreamHeadersMs=73.572 downstreamWriteMs=0.521
09-08 08:17:41.348 24100 12996 I ChromePhotosDataPlane: phase=media_shield_ready origin=same_origin result=200 bytesOut=18234
09-08 08:17:41.359 24100 13157 I ChromePhotosDataPlane: origin=real hostClass=network hostHash=191347bfe55d0ca9 method=GET clientProtocol=http/1.1 upstreamProtocol=h2 status=200 contentType=text/javascript bytesOut=27365 transfer=fixed upstreamHeadersMs=61.244 downstreamWriteMs=7.253
09-08 08:17:41.442 24100 12894 I ChromePhotosDataPlane: origin=real hostClass=network hostHash=73a1220668a1b571 method=GET clientProtocol=http/1.1 upstreamProtocol=h2 status=200 contentType=image/png bytesIn=21148 bytesOut=704 cache=miss decision=block reason=model_filter source=engine probability=0.514613 basis=FullThreshold decodeMs=4.784 inferenceMs=197.754 inferenceQueueMs=1.337 localDecisionMs=204.852  bodyAdmissionMs=188.409 bodyReadMs=0.506 hashMs=0.545 requestToDeliveryMs=449.012 upstreamHeadersMs=51.036 sanitizeMs=394.730 downstreamWriteMs=1.481
09-08 08:17:41.445 24100 13111 I ChromePhotosDataPlane: origin=real hostClass=network hostHash=3eac1e980287c7ce method=GET clientProtocol=http/1.1 upstreamProtocol=h2 status=200 contentType=image/png bytesIn=37 bytesOut=704 cache=miss decision=unknown reason=unsupported_gif source=error probability=-1.0 basis=none decodeMs=0.000 inferenceMs=0.000 inferenceQueueMs=0.000 localDecisionMs=0.000  bodyAdmissionMs=68.662 bodyReadMs=0.303 requestToDeliveryMs=302.458 upstreamHeadersMs=225.526 sanitizeMs=69.831 downstreamWriteMs=3.591
09-08 08:17:41.447 24100 13134 I ChromePhotosDataPlane: origin=real hostClass=network hostHash=3eac1e980287c7ce method=GET clientProtocol=http/1.1 upstreamProtocol=h2 status=200 contentType=image/png bytesIn=37 bytesOut=704 cache=miss decision=unknown reason=unsupported_gif source=error probability=-1.0 basis=none decodeMs=0.000 inferenceMs=0.000 inferenceQueueMs=0.000 localDecisionMs=0.000  bodyAdmissionMs=54.984 bodyReadMs=0.278 requestToDeliveryMs=298.522 upstreamHeadersMs=235.441 sanitizeMs=55.950 downstreamWriteMs=1.833
09-08 08:17:41.481 24100 13135 I ChromePhotosDataPlane: origin=real hostClass=network hostHash=191347bfe55d0ca9 method=GET clientProtocol=http/1.1 upstreamProtocol=h2 status=200 contentType=image/png bytesIn=0 bytesOut=704 cache=miss decision=unknown reason=encoded_image_unsupported source=error probability=-1.0 basis=none decodeMs=0.000 inferenceMs=0.000 inferenceQueueMs=0.000 localDecisionMs=0.000   requestToDeliveryMs=22.324 upstreamHeadersMs=20.787 sanitizeMs=0.081 downstreamWriteMs=0.535
09-08 08:17:41.503 24100 13126 I ChromePhotosDataPlane: origin=real hostClass=network hostHash=eaadc6f5c45b9f47 method=POST clientProtocol=http/1.1 upstreamProtocol=h2 status=200 contentType=application/json+protobuf bytesOut=39 transfer=fixed upstreamHeadersMs=190.955 downstreamWriteMs=1.894
09-08 08:17:41.546 24100 13023 I ChromePhotosDataPlane: origin=real hostClass=network hostHash=73a1220668a1b571 method=GET clientProtocol=http/1.1 upstreamProtocol=h2 status=200 contentType=image/png bytesIn=13993 bytesOut=704 cache=miss decision=block reason=model_filter source=engine probability=0.6125832 basis=UncertainRegional decodeMs=4.863 inferenceMs=328.139 inferenceQueueMs=3.922 localDecisionMs=341.796  bodyAdmissionMs=158.741 bodyReadMs=0.426 hashMs=0.534 requestToDeliveryMs=557.578 upstreamHeadersMs=51.229 sanitizeMs=501.988 downstreamWriteMs=1.562
09-08 08:17:41.612 24100 13157 I ChromePhotosDataPlane: origin=real hostClass=network hostHash=191347bfe55d0ca9 method=POST clientProtocol=http/1.1 upstreamProtocol=h2 status=204 contentType=text/html bytesOut=0 transfer=fixed upstreamHeadersMs=55.025 downstreamWriteMs=1.139
09-08 08:17:42.105 24100 13157 I ChromePhotosDataPlane: origin=real hostClass=network hostHash=191347bfe55d0ca9 method=GET clientProtocol=http/1.1 upstreamProtocol=h2 status=200 contentType=application/octet-stream bytesOut=123001 transfer=chunked upstreamHeadersMs=97.318 downstreamWriteMs=40.343
09-08 08:17:42.477 24100 13176 I ChromePhotosDataPlane: origin=real hostClass=network hostHash=8e08d6d89d17a981 method=POST clientProtocol=http/1.1 upstreamProtocol=h2 status=200 contentType=image/png bytesIn=0 bytesOut=704 cache=miss decision=unknown reason=encoded_image_unsupported source=error probability=-1.0 basis=none decodeMs=0.000 inferenceMs=0.000 inferenceQueueMs=0.000 localDecisionMs=0.000   requestToDeliveryMs=196.728 upstreamHeadersMs=190.996 sanitizeMs=0.413 downstreamWriteMs=2.314
09-08 08:17:42.488 24100 13136 I ChromePhotosDataPlane: origin=real hostClass=network hostHash=8e08d6d89d17a981 method=POST clientProtocol=http/1.1 upstreamProtocol=h2 status=200 contentType=image/png bytesIn=0 bytesOut=704 cache=miss decision=unknown reason=encoded_image_unsupported source=error probability=-1.0 basis=none decodeMs=0.000 inferenceMs=0.000 inferenceQueueMs=0.000 localDecisionMs=0.000   requestToDeliveryMs=202.882 upstreamHeadersMs=196.221 sanitizeMs=1.491 downstreamWriteMs=2.205
09-08 08:17:43.388 24100 13136 I ChromePhotosDataPlane: origin=real hostClass=network hostHash=8e08d6d89d17a981 method=POST clientProtocol=http/1.1 upstreamProtocol=h2 status=200 contentType=image/png bytesIn=0 bytesOut=704 cache=miss decision=unknown reason=encoded_image_unsupported source=error probability=-1.0 basis=none decodeMs=0.000 inferenceMs=0.000 inferenceQueueMs=0.000 localDecisionMs=0.000   requestToDeliveryMs=67.362 upstreamHeadersMs=60.591 sanitizeMs=0.460 downstreamWriteMs=2.451
09-08 08:17:43.394 24100 13157 I ChromePhotosDataPlane: origin=real hostClass=network hostHash=191347bfe55d0ca9 method=GET clientProtocol=http/1.1 upstreamProtocol=h2 status=200 contentType=application/json bytesOut=17 transfer=chunked upstreamHeadersMs=73.905 downstreamWriteMs=3.168
09-08 08:17:49.042 24100 24100 I ChromePhotosDataPlane: phase=status statusSequence=12 lifecycle=PresentationReady active=true ready=true connections=95 requests=945 safe=48 blocked=29 unknown=26 passthrough=818 cacheHits=11 cacheMisses=67 failures=0 clientDisconnects=0 bytesIn=22329181 bytesOut=20890667 streamed=98 proxyQueueRejects=0 proxyActivePeak=27 proxyP50Ms=2.362 proxyP95Ms=440.616 proxyP99Ms=883.371 upstreamSockets=62 protectSuccess=62 protectFailure=0 web11a=not_run web11b=not_run modelLoadMs=397.685 engineCalls=67 dedupeHits=0 decisionCacheConfig=64 decisionConcurrencyConfig=2 decisionQueueConfig=2 decisionTimeoutMs=5000 engineCallsPerRequest=0.8589743589743589 inferencePeak=2 inFlightPeak=2 queuePeak=1 queueRejects=0 timeouts=0 inferenceP50Ms=176.874375 inferenceP95Ms=306.356667 inferenceP99Ms=642.864583 decisionP50Ms=182.617657 decisionP95Ms=341.795729 decisionP99Ms=657.721093 cacheHitP50Ms=0.065937 cacheHitP95Ms=0.148073 cacheEntries=64 cacheEvictions=3 preprocessP50Ms=6.403177 preprocessP95Ms=75.563125 preprocessP99Ms=117.204896 preparedCount1=61 preparedCount4=2 preparedCount5=3 preparedCountOther=1 decisionBasis=FullStrong:6,FullThreshold:17,None:41,Other:1,UncertainRegional:2 imageCandidates=103 imagePrefixPeeks=4 imageMagicCandidates=0 imageBodyAdmissionPeak=2 imageBodyAdmissionRejects=0 networkVisualCandidates=103 networkVisualReplaced=0 networkVisualRawDelivered=0 networkVisualSafeRawDelivered=48 networkVisualBlockedReplaced=29 networkVisualUnknownReplaced=0 networkVisualUnsupportedReplaced=26 networkVisualRawBlockedDelivered=0 networkVisualRawUnknownDelivered=0 networkVisualCacheHit=11 networkVisualInference=67 mediaDocumentsTransformed=5 mediaDocumentsFailClosed=0 documentTransformOutstanding=0 readyTokensOutstanding=5 uiSvgRegistered=1 uiSvgRegistryBytes=217 uiSvgCssRewritten=0 uiSvgCssRejected=0 uiSvgNetworkAccepted=0 uiSvgNetworkRejected=0 uiSvgAssetServed=0 uiSvgAssetRejected=0 h18=REPORT=not_run,EVENT_SEQUENCE=0,COMPAT_DOCS=0,STRICT_DOCS=0,STYLE_REQ=0,SCRIPT_REQ=0,DATA_REQ=0,NETWORK_REQ=0,REPORTS=0,LAST_DOC=none,NETWORK_SHA=ee17e3f62edde61823ce35732ea168f4f5986bff347ccfac063eca7f4009ee1b,AUDIT_SHA=74d4467bbf6833db4eeab998495b7dfc50db3b1f04f407704b839ad3f4b25582 h19=REPORT=not_run,DOCUMENTS=0,FRAMES=0,SCRIPTS=0,FIRST_ORIGINAL_SCRIPTS=0,STYLES=0,WORKERS=0,SERVICE_WORKERS=0,FRAME_REPORTS=0,FRAME_REPORT_REJECTS=0,FRAME_REPORT=not_run,FRAME_REPORT_SHA=not_run,FRAME_CHALLENGE_SHA=not_run,FRAME_GENERATION=0,FRAME_ACCEPTED_CHALLENGE_SHA=not_run,FRAME_REPORT_BINDING_SHA=not_run,SAME_URL_BODIES=0,REPORTS=0,SW_BOUNDARY={INSTALL_DOCS=0,WORKER_SCRIPTS=0,WORKER_PROBE_SCRIPTS=0,PROBE_DOCS=0,CLEANUP_DOCS=0,REPORTS_ACCEPTED=0,REPORTS_REJECTED=0,CONTROLLER_PRESENT=0,CONTROLLER_MISSING=0,NAV_FETCHES=0,SELF_READY_FETCHES=0,SELF_READY_PASS_THROUGH=0,SELF_READY_SYNTHETIC=0,NAV_SYNTHETIC=0,RESET_BASELINE_CLEAN=0,RESET_BASELINE_DIRTY=0,REGISTER_BLOCKED=0,REGISTER_SUCCEEDED=0,WORKER_REGISTER_BLOCKED=0,WORKER_REGISTER_SUCCEEDED=0,WORKER_REGISTER_UNSUPPORTED=0,WORKER_REGISTER_ERROR=0,LAST_CASE=none,LAST_EVENT=none,LAST_VALUE=none},UI_SVG={not_run} quicAttempts=0 directTcpAttempts=0 bootstrapResetGeneration=2 bootstrapCompleteGeneration=2 bootstrapResetCount=3 chromeSuspended=false guardSession=541 guardHeartbeatSequence=1050 audit17State=0 audit17Navigation=0 audit17Events=108 audit17Dropped=0
09-08 08:17:49.042 24100 24100 I ChromeMediaShieldStatus: v=1 seq=12 kind=network mode=selective candidates=103 replaced=0 rawDelivered=0 safeRaw=48 blockedReplaced=29 unknownReplaced=0 unsupportedReplaced=26 rawBlocked=0 rawUnknown=0 cacheHit=11 decisionEngine=67 engineCalls=67
09-08 08:17:49.042 24100 24100 I ChromeMediaShieldStatus: v=1 seq=12 kind=document transformed=5 failClosed=0 outstanding=0 issued=5 claims=5 documentSequence=5 navigationSequence=5 readyRequests=15 readyPreflights=0 readyAccepted=5 readyRejected=0 parserBarrierRequests=0 parserBarrierReady=0 parserBarrierFailClosed=0 selfShield=true selfReadyRequests=5 selfReadyAccepted=5 selfReadyRejected=0 selfReadyRejectReason=none selfShieldReleaseCompleted=5 selfShieldParserContinued=5 selfShieldOriginalScriptStarted=0 selfShieldTraceRejected=0 selfShieldTraceOutstanding=1 bootstrapDiagnosticAccepted=0 bootstrapDiagnosticRejected=0 bootstrapDiagnosticRejectReason=none bootstrapDiagnosticStage=none bootstrapDiagnosticReason=none bootstrapDiagnosticOutstanding=0
09-08 08:17:49.042 24100 24100 I ChromeMediaShieldStatus: v=1 seq=12 kind=renderer reports=0 rejected=0 globalCallbacks=0 globalRecords=0 childRecords=0 attributeRecords=0 maxRecords=0 scanCalls=0 scanRoot=0 scanNodes=0 maxScanNodes=0 scanMicros=0 maxScanMicros=0 observerChildScans=0 observerAttributeScans=0 guardedScans=0 markupScans=0 shadowScans=0 initialScans=0 otherScans=0 sanitizeElement=0 sanitizeContainer=0 img=0 source=0 svg=0 iframe=0 canvas=0 video=0 safeIcon=0 lockIcon=0 geometryWrites=0 svgRecords=0 shadowRoots=0 shadowObservers=0 shadowCallbacks=0 shadowRecords=0 shadowScanCalls=0 ensureStyle=0 ensureCurtain=0 internalMutations=0
09-08 08:17:49.043 24100 24100 I ChromeMediaShieldStatus: v=1 seq=12 kind=rendererApis callScan=createElement=0/0 createElementNS=0/0 appendChild=0/0 insertBefore=0/0 replaceChild=0/0 append=0/0 prepend=0/0 replaceChildren=0/0 before=0/0 after=0/0 replaceWith=0/0 adjacentElement=0/0 moveBefore=0/0 rangeInsert=0/0 rangeSurround=0/0 adoptNode=0/0 cloneNode=0/0 importNode=0/0 safeMarkup=0/0 innerHTML=0/0 outerHTML=0/0 insertAdjacentHTML=0/0 setHTML=0/0 shadowInnerHTML=0/0 execCommandInsertHTML=0/0 mappedTextContent=0/0
09-08 08:17:49.043 24100 24100 I ChromeMediaShieldStatus: v=1 seq=12 kind=rendererFamilies roots=element/fragment/text/other factory:calls=0,scans=0,direct=0,roots=0/0/0/0,nodes=0,micros=0,maxMicros=0 domGuard:calls=0,scans=0,direct=0,roots=0/0/0/0,nodes=0,micros=0,maxMicros=0 markup:calls=0,scans=0,direct=0,roots=0/0/0/0,nodes=0,micros=0,maxMicros=0
09-08 08:17:49.043 24100 24100 I ChromeMediaShieldStatus: v=1 seq=12 kind=uiSvg registered=1 registryBytes=217 cssRewritten=0 cssRejected=0 networkAccepted=0 networkRejected=0 assetServed=0 assetRejected=0
09-08 08:17:49.043 24100 24100 I ChromeMediaShieldStatus: v=1 seq=12 kind=health failures=0 clientDisconnects=0 proxyQueueRejects=0 protectFailure=0 quicAttempts=0 directTcpAttempts=0 active=true ready=true
09-08 08:17:49.043 24100 24100 I ChromeMediaShieldStatus: v=1 seq=12 kind=fixture report=REPORT=not_run,DOCUMENTS=0,FRAMES=0,SCRIPTS=0,FIRST_ORIGINAL_SCRIPTS=0,STYLES=0,WORKERS=0,SERVICE_WORKERS=0,FRAME_REPORTS=0,FRAME_REPORT_REJECTS=0,FRAME_REPORT=not_run,FRAME_REPORT_SHA=not_run,FRAME_CHALLENGE_SHA=not_run,FRAME_GENERATION=0,FRAME_ACCEPTED_CHALLENGE_SHA=not_run,FRAME_REPORT_BINDING_SHA=not_run,SAME_URL_BODIES=0,REPORTS=0,SW_BOUNDARY={INSTALL_DOCS=0,WORKER_SCRIPTS=0,WORKER_PROBE_SCRIPTS=0,PROBE_DOCS=0,CLEANUP_DOCS=0,REPORTS_ACCEPTED=0,REPORTS_REJECTED=0,CONTROLLER_PRESENT=0,CONTROLLER_MISSING=0,NAV_FETCHES=0,SELF_READY_FETCHES=0,SELF_READY_PASS_THROUGH=0,SELF_READY_SYNTHETIC=0,NAV_SYNTHETIC=0,RESET_BASELINE_CLEAN=0,RESET_BASELINE_DIRTY=0,REGISTER_BLOCKED=0,REGISTER_SUCCEEDED=0,WORKER_REGISTER_BLOCKED=0,WORKER_REGISTER_SUCCEEDED=0,WORKER_REGISTER_UNSUPPORTED=0,WORKER_REGISTER_ERROR=0,LAST_CASE=none,LAST_EVENT=none,LAST_VALUE=none},UI_SVG={not_run}
09-08 08:18:49.208 24100 24100 I ChromePhotosDataPlane: phase=status statusSequence=13 lifecycle=PresentationReady active=true ready=true connections=95 requests=945 safe=48 blocked=29 unknown=26 passthrough=818 cacheHits=11 cacheMisses=67 failures=0 clientDisconnects=0 bytesIn=22329181 bytesOut=20890667 streamed=98 proxyQueueRejects=0 proxyActivePeak=27 proxyP50Ms=2.362 proxyP95Ms=440.616 proxyP99Ms=883.371 upstreamSockets=62 protectSuccess=62 protectFailure=0 web11a=not_run web11b=not_run modelLoadMs=397.685 engineCalls=67 dedupeHits=0 decisionCacheConfig=64 decisionConcurrencyConfig=2 decisionQueueConfig=2 decisionTimeoutMs=5000 engineCallsPerRequest=0.8589743589743589 inferencePeak=2 inFlightPeak=2 queuePeak=1 queueRejects=0 timeouts=0 inferenceP50Ms=176.874375 inferenceP95Ms=306.356667 inferenceP99Ms=642.864583 decisionP50Ms=182.617657 decisionP95Ms=341.795729 decisionP99Ms=657.721093 cacheHitP50Ms=0.065937 cacheHitP95Ms=0.148073 cacheEntries=64 cacheEvictions=3 preprocessP50Ms=6.403177 preprocessP95Ms=75.563125 preprocessP99Ms=117.204896 preparedCount1=61 preparedCount4=2 preparedCount5=3 preparedCountOther=1 decisionBasis=FullStrong:6,FullThreshold:17,None:41,Other:1,UncertainRegional:2 imageCandidates=103 imagePrefixPeeks=4 imageMagicCandidates=0 imageBodyAdmissionPeak=2 imageBodyAdmissionRejects=0 networkVisualCandidates=103 networkVisualReplaced=0 networkVisualRawDelivered=0 networkVisualSafeRawDelivered=48 networkVisualBlockedReplaced=29 networkVisualUnknownReplaced=0 networkVisualUnsupportedReplaced=26 networkVisualRawBlockedDelivered=0 networkVisualRawUnknownDelivered=0 networkVisualCacheHit=11 networkVisualInference=67 mediaDocumentsTransformed=5 mediaDocumentsFailClosed=0 documentTransformOutstanding=0 readyTokensOutstanding=5 uiSvgRegistered=1 uiSvgRegistryBytes=217 uiSvgCssRewritten=0 uiSvgCssRejected=0 uiSvgNetworkAccepted=0 uiSvgNetworkRejected=0 uiSvgAssetServed=0 uiSvgAssetRejected=0 h18=REPORT=not_run,EVENT_SEQUENCE=0,COMPAT_DOCS=0,STRICT_DOCS=0,STYLE_REQ=0,SCRIPT_REQ=0,DATA_REQ=0,NETWORK_REQ=0,REPORTS=0,LAST_DOC=none,NETWORK_SHA=ee17e3f62edde61823ce35732ea168f4f5986bff347ccfac063eca7f4009ee1b,AUDIT_SHA=74d4467bbf6833db4eeab998495b7dfc50db3b1f04f407704b839ad3f4b25582 h19=REPORT=not_run,DOCUMENTS=0,FRAMES=0,SCRIPTS=0,FIRST_ORIGINAL_SCRIPTS=0,STYLES=0,WORKERS=0,SERVICE_WORKERS=0,FRAME_REPORTS=0,FRAME_REPORT_REJECTS=0,FRAME_REPORT=not_run,FRAME_REPORT_SHA=not_run,FRAME_CHALLENGE_SHA=not_run,FRAME_GENERATION=0,FRAME_ACCEPTED_CHALLENGE_SHA=not_run,FRAME_REPORT_BINDING_SHA=not_run,SAME_URL_BODIES=0,REPORTS=0,SW_BOUNDARY={INSTALL_DOCS=0,WORKER_SCRIPTS=0,WORKER_PROBE_SCRIPTS=0,PROBE_DOCS=0,CLEANUP_DOCS=0,REPORTS_ACCEPTED=0,REPORTS_REJECTED=0,CONTROLLER_PRESENT=0,CONTROLLER_MISSING=0,NAV_FETCHES=0,SELF_READY_FETCHES=0,SELF_READY_PASS_THROUGH=0,SELF_READY_SYNTHETIC=0,NAV_SYNTHETIC=0,RESET_BASELINE_CLEAN=0,RESET_BASELINE_DIRTY=0,REGISTER_BLOCKED=0,REGISTER_SUCCEEDED=0,WORKER_REGISTER_BLOCKED=0,WORKER_REGISTER_SUCCEEDED=0,WORKER_REGISTER_UNSUPPORTED=0,WORKER_REGISTER_ERROR=0,LAST_CASE=none,LAST_EVENT=none,LAST_VALUE=none},UI_SVG={not_run} quicAttempts=0 directTcpAttempts=0 bootstrapResetGeneration=2 bootstrapCompleteGeneration=2 bootstrapResetCount=3 chromeSuspended=false guardSession=541 guardHeartbeatSequence=1158 audit17State=0 audit17Navigation=0 audit17Events=108 audit17Dropped=0
09-08 08:18:49.209 24100 24100 I ChromeMediaShieldStatus: v=1 seq=13 kind=network mode=selective candidates=103 replaced=0 rawDelivered=0 safeRaw=48 blockedReplaced=29 unknownReplaced=0 unsupportedReplaced=26 rawBlocked=0 rawUnknown=0 cacheHit=11 decisionEngine=67 engineCalls=67
09-08 08:18:49.209 24100 24100 I ChromeMediaShieldStatus: v=1 seq=13 kind=document transformed=5 failClosed=0 outstanding=0 issued=5 claims=5 documentSequence=5 navigationSequence=5 readyRequests=15 readyPreflights=0 readyAccepted=5 readyRejected=0 parserBarrierRequests=0 parserBarrierReady=0 parserBarrierFailClosed=0 selfShield=true selfReadyRequests=5 selfReadyAccepted=5 selfReadyRejected=0 selfReadyRejectReason=none selfShieldReleaseCompleted=5 selfShieldParserContinued=5 selfShieldOriginalScriptStarted=0 selfShieldTraceRejected=0 selfShieldTraceOutstanding=1 bootstrapDiagnosticAccepted=0 bootstrapDiagnosticRejected=0 bootstrapDiagnosticRejectReason=none bootstrapDiagnosticStage=none bootstrapDiagnosticReason=none bootstrapDiagnosticOutstanding=0
09-08 08:18:49.209 24100 24100 I ChromeMediaShieldStatus: v=1 seq=13 kind=renderer reports=0 rejected=0 globalCallbacks=0 globalRecords=0 childRecords=0 attributeRecords=0 maxRecords=0 scanCalls=0 scanRoot=0 scanNodes=0 maxScanNodes=0 scanMicros=0 maxScanMicros=0 observerChildScans=0 observerAttributeScans=0 guardedScans=0 markupScans=0 shadowScans=0 initialScans=0 otherScans=0 sanitizeElement=0 sanitizeContainer=0 img=0 source=0 svg=0 iframe=0 canvas=0 video=0 safeIcon=0 lockIcon=0 geometryWrites=0 svgRecords=0 shadowRoots=0 shadowObservers=0 shadowCallbacks=0 shadowRecords=0 shadowScanCalls=0 ensureStyle=0 ensureCurtain=0 internalMutations=0
09-08 08:18:49.209 24100 24100 I ChromeMediaShieldStatus: v=1 seq=13 kind=rendererApis callScan=createElement=0/0 createElementNS=0/0 appendChild=0/0 insertBefore=0/0 replaceChild=0/0 append=0/0 prepend=0/0 replaceChildren=0/0 before=0/0 after=0/0 replaceWith=0/0 adjacentElement=0/0 moveBefore=0/0 rangeInsert=0/0 rangeSurround=0/0 adoptNode=0/0 cloneNode=0/0 importNode=0/0 safeMarkup=0/0 innerHTML=0/0 outerHTML=0/0 insertAdjacentHTML=0/0 setHTML=0/0 shadowInnerHTML=0/0 execCommandInsertHTML=0/0 mappedTextContent=0/0
09-08 08:18:49.209 24100 24100 I ChromeMediaShieldStatus: v=1 seq=13 kind=rendererFamilies roots=element/fragment/text/other factory:calls=0,scans=0,direct=0,roots=0/0/0/0,nodes=0,micros=0,maxMicros=0 domGuard:calls=0,scans=0,direct=0,roots=0/0/0/0,nodes=0,micros=0,maxMicros=0 markup:calls=0,scans=0,direct=0,roots=0/0/0/0,nodes=0,micros=0,maxMicros=0
09-08 08:18:49.209 24100 24100 I ChromeMediaShieldStatus: v=1 seq=13 kind=uiSvg registered=1 registryBytes=217 cssRewritten=0 cssRejected=0 networkAccepted=0 networkRejected=0 assetServed=0 assetRejected=0
09-08 08:18:49.209 24100 24100 I ChromeMediaShieldStatus: v=1 seq=13 kind=health failures=0 clientDisconnects=0 proxyQueueRejects=0 protectFailure=0 quicAttempts=0 directTcpAttempts=0 active=true ready=true
09-08 08:18:49.209 24100 24100 I ChromeMediaShieldStatus: v=1 seq=13 kind=fixture report=REPORT=not_run,DOCUMENTS=0,FRAMES=0,SCRIPTS=0,FIRST_ORIGINAL_SCRIPTS=0,STYLES=0,WORKERS=0,SERVICE_WORKERS=0,FRAME_REPORTS=0,FRAME_REPORT_REJECTS=0,FRAME_REPORT=not_run,FRAME_REPORT_SHA=not_run,FRAME_CHALLENGE_SHA=not_run,FRAME_GENERATION=0,FRAME_ACCEPTED_CHALLENGE_SHA=not_run,FRAME_REPORT_BINDING_SHA=not_run,SAME_URL_BODIES=0,REPORTS=0,SW_BOUNDARY={INSTALL_DOCS=0,WORKER_SCRIPTS=0,WORKER_PROBE_SCRIPTS=0,PROBE_DOCS=0,CLEANUP_DOCS=0,REPORTS_ACCEPTED=0,REPORTS_REJECTED=0,CONTROLLER_PRESENT=0,CONTROLLER_MISSING=0,NAV_FETCHES=0,SELF_READY_FETCHES=0,SELF_READY_PASS_THROUGH=0,SELF_READY_SYNTHETIC=0,NAV_SYNTHETIC=0,RESET_BASELINE_CLEAN=0,RESET_BASELINE_DIRTY=0,REGISTER_BLOCKED=0,REGISTER_SUCCEEDED=0,WORKER_REGISTER_BLOCKED=0,WORKER_REGISTER_SUCCEEDED=0,WORKER_REGISTER_UNSUPPORTED=0,WORKER_REGISTER_ERROR=0,LAST_CASE=none,LAST_EVENT=none,LAST_VALUE=none},UI_SVG={not_run}
09-08 08:19:43.363 24100 13132 I ChromePhotosDataPlane: phase=worker_ready correlationId=c96 admissionWaitMs=1.028
09-08 08:19:43.436 24100 13132 I ChromePhotosDataPlane: phase=tls_certificate correlationId=c96 tlsCacheHit=true tlsCacheWaitMs=0.033 tlsCreationMs=0.000
09-08 08:19:43.436 24100 13132 I ChromePhotosDataPlane: phase=tls_material correlationId=c96 tlsMaterialMs=0.863
09-08 08:19:43.457 24100 13132 I ChromePhotosDataPlane: phase=tls_ready correlationId=c96 hostClass=network hostHash=c350913878bceb2f clientProtocol=http/1.1 ca=42e0f97fefe4bb3f
09-08 08:19:43.946 24100 13132 I ChromePhotosDataPlane: origin=real hostClass=network hostHash=c350913878bceb2f method=GET clientProtocol=http/1.1 upstreamProtocol=h2 status=200 contentType=application/json bytesOut=55 transfer=fixed upstreamHeadersMs=480.092 downstreamWriteMs=2.852
09-08 08:19:43.995 24100 13175 I ChromePhotosDataPlane: phase=worker_ready correlationId=c97 admissionWaitMs=1.092
09-08 08:19:44.004 24100 13110 I ChromePhotosDataPlane: phase=worker_ready correlationId=c98 admissionWaitMs=0.714
09-08 08:19:44.048 24100 13175 I ChromePhotosDataPlane: phase=tls_certificate correlationId=c97 tlsCacheHit=true tlsCacheWaitMs=0.028 tlsCreationMs=0.000
09-08 08:19:44.048 24100 13175 I ChromePhotosDataPlane: phase=tls_material correlationId=c97 tlsMaterialMs=0.709
09-08 08:19:44.052 24100 13110 I ChromePhotosDataPlane: phase=tls_certificate correlationId=c98 tlsCacheHit=true tlsCacheWaitMs=0.035 tlsCreationMs=0.000
09-08 08:19:44.053 24100 13110 I ChromePhotosDataPlane: phase=tls_material correlationId=c98 tlsMaterialMs=0.884
09-08 08:19:44.073 24100 13175 I ChromePhotosDataPlane: phase=tls_ready correlationId=c97 hostClass=network hostHash=d4c9d9027326271a clientProtocol=http/1.1 ca=42e0f97fefe4bb3f
09-08 08:19:44.075 24100 13110 I ChromePhotosDataPlane: phase=tls_ready correlationId=c98 hostClass=network hostHash=816c1c4228e457b0 clientProtocol=http/1.1 ca=42e0f97fefe4bb3f
09-08 08:19:44.081 24100 13133 I ChromePhotosDataPlane: phase=worker_ready correlationId=c99 admissionWaitMs=0.561
09-08 08:19:44.093 24100 13133 I ChromePhotosDataPlane: phase=tls_certificate correlationId=c99 tlsCacheHit=true tlsCacheWaitMs=0.017 tlsCreationMs=0.000
09-08 08:19:44.094 24100 13133 I ChromePhotosDataPlane: phase=tls_material correlationId=c99 tlsMaterialMs=0.469
09-08 08:19:44.105 24100 13133 I ChromePhotosDataPlane: phase=tls_ready correlationId=c99 hostClass=network hostHash=816c1c4228e457b0 clientProtocol=http/1.1 ca=42e0f97fefe4bb3f
09-08 08:19:44.400 24100 13175 I ChromePhotosDataPlane: origin=real hostClass=network hostHash=d4c9d9027326271a method=POST clientProtocol=http/1.1 upstreamProtocol=h2 status=200 contentType=application/javascript bytesOut=0 transfer=fixed upstreamHeadersMs=317.033 downstreamWriteMs=1.834
09-08 08:19:44.405 24100 13110 I ChromePhotosDataPlane: origin=real hostClass=network hostHash=816c1c4228e457b0 method=POST clientProtocol=http/1.1 upstreamProtocol=h2 status=200 contentType=application/javascript bytesOut=0 transfer=fixed upstreamHeadersMs=306.910 downstreamWriteMs=1.430
09-08 08:19:44.406 24100 13133 I ChromePhotosDataPlane: origin=real hostClass=network hostHash=816c1c4228e457b0 method=POST clientProtocol=http/1.1 upstreamProtocol=h2 status=200 contentType=application/javascript bytesOut=0 transfer=fixed upstreamHeadersMs=294.321 downstreamWriteMs=1.616
09-08 08:19:48.959 24100 24100 I ChromePhotosDataPlane: phase=status statusSequence=14 lifecycle=PresentationReady active=true ready=true connections=99 requests=949 safe=48 blocked=29 unknown=26 passthrough=822 cacheHits=11 cacheMisses=67 failures=0 clientDisconnects=0 bytesIn=22329236 bytesOut=20890722 streamed=102 proxyQueueRejects=0 proxyActivePeak=27 proxyP50Ms=2.455 proxyP95Ms=449.424 proxyP99Ms=883.371 upstreamSockets=66 protectSuccess=66 protectFailure=0 web11a=not_run web11b=not_run modelLoadMs=397.685 engineCalls=67 dedupeHits=0 decisionCacheConfig=64 decisionConcurrencyConfig=2 decisionQueueConfig=2 decisionTimeoutMs=5000 engineCallsPerRequest=0.8589743589743589 inferencePeak=2 inFlightPeak=2 queuePeak=1 queueRejects=0 timeouts=0 inferenceP50Ms=176.874375 inferenceP95Ms=306.356667 inferenceP99Ms=642.864583 decisionP50Ms=182.617657 decisionP95Ms=341.795729 decisionP99Ms=657.721093 cacheHitP50Ms=0.065937 cacheHitP95Ms=0.148073 cacheEntries=64 cacheEvictions=3 preprocessP50Ms=6.403177 preprocessP95Ms=75.563125 preprocessP99Ms=117.204896 preparedCount1=61 preparedCount4=2 preparedCount5=3 preparedCountOther=1 decisionBasis=FullStrong:6,FullThreshold:17,None:41,Other:1,UncertainRegional:2 imageCandidates=103 imagePrefixPeeks=4 imageMagicCandidates=0 imageBodyAdmissionPeak=2 imageBodyAdmissionRejects=0 networkVisualCandidates=103 networkVisualReplaced=0 networkVisualRawDelivered=0 networkVisualSafeRawDelivered=48 networkVisualBlockedReplaced=29 networkVisualUnknownReplaced=0 networkVisualUnsupportedReplaced=26 networkVisualRawBlockedDelivered=0 networkVisualRawUnknownDelivered=0 networkVisualCacheHit=11 networkVisualInference=67 mediaDocumentsTransformed=5 mediaDocumentsFailClosed=0 documentTransformOutstanding=0 readyTokensOutstanding=5 uiSvgRegistered=1 uiSvgRegistryBytes=217 uiSvgCssRewritten=0 uiSvgCssRejected=0 uiSvgNetworkAccepted=0 uiSvgNetworkRejected=0 uiSvgAssetServed=0 uiSvgAssetRejected=0 h18=REPORT=not_run,EVENT_SEQUENCE=0,COMPAT_DOCS=0,STRICT_DOCS=0,STYLE_REQ=0,SCRIPT_REQ=0,DATA_REQ=0,NETWORK_REQ=0,REPORTS=0,LAST_DOC=none,NETWORK_SHA=ee17e3f62edde61823ce35732ea168f4f5986bff347ccfac063eca7f4009ee1b,AUDIT_SHA=74d4467bbf6833db4eeab998495b7dfc50db3b1f04f407704b839ad3f4b25582 h19=REPORT=not_run,DOCUMENTS=0,FRAMES=0,SCRIPTS=0,FIRST_ORIGINAL_SCRIPTS=0,STYLES=0,WORKERS=0,SERVICE_WORKERS=0,FRAME_REPORTS=0,FRAME_REPORT_REJECTS=0,FRAME_REPORT=not_run,FRAME_REPORT_SHA=not_run,FRAME_CHALLENGE_SHA=not_run,FRAME_GENERATION=0,FRAME_ACCEPTED_CHALLENGE_SHA=not_run,FRAME_REPORT_BINDING_SHA=not_run,SAME_URL_BODIES=0,REPORTS=0,SW_BOUNDARY={INSTALL_DOCS=0,WORKER_SCRIPTS=0,WORKER_PROBE_SCRIPTS=0,PROBE_DOCS=0,CLEANUP_DOCS=0,REPORTS_ACCEPTED=0,REPORTS_REJECTED=0,CONTROLLER_PRESENT=0,CONTROLLER_MISSING=0,NAV_FETCHES=0,SELF_READY_FETCHES=0,SELF_READY_PASS_THROUGH=0,SELF_READY_SYNTHETIC=0,NAV_SYNTHETIC=0,RESET_BASELINE_CLEAN=0,RESET_BASELINE_DIRTY=0,REGISTER_BLOCKED=0,REGISTER_SUCCEEDED=0,WORKER_REGISTER_BLOCKED=0,WORKER_REGISTER_SUCCEEDED=0,WORKER_REGISTER_UNSUPPORTED=0,WORKER_REGISTER_ERROR=0,LAST_CASE=none,LAST_EVENT=none,LAST_VALUE=none},UI_SVG={not_run} quicAttempts=0 directTcpAttempts=0 bootstrapResetGeneration=2 bootstrapCompleteGeneration=2 bootstrapResetCount=3 chromeSuspended=false guardSession=541 guardHeartbeatSequence=1264 audit17State=0 audit17Navigation=0 audit17Events=108 audit17Dropped=0
09-08 08:19:48.960 24100 24100 I ChromeMediaShieldStatus: v=1 seq=14 kind=network mode=selective candidates=103 replaced=0 rawDelivered=0 safeRaw=48 blockedReplaced=29 unknownReplaced=0 unsupportedReplaced=26 rawBlocked=0 rawUnknown=0 cacheHit=11 decisionEngine=67 engineCalls=67
09-08 08:19:48.960 24100 24100 I ChromeMediaShieldStatus: v=1 seq=14 kind=document transformed=5 failClosed=0 outstanding=0 issued=5 claims=5 documentSequence=5 navigationSequence=5 readyRequests=15 readyPreflights=0 readyAccepted=5 readyRejected=0 parserBarrierRequests=0 parserBarrierReady=0 parserBarrierFailClosed=0 selfShield=true selfReadyRequests=5 selfReadyAccepted=5 selfReadyRejected=0 selfReadyRejectReason=none selfShieldReleaseCompleted=5 selfShieldParserContinued=5 selfShieldOriginalScriptStarted=0 selfShieldTraceRejected=0 selfShieldTraceOutstanding=1 bootstrapDiagnosticAccepted=0 bootstrapDiagnosticRejected=0 bootstrapDiagnosticRejectReason=none bootstrapDiagnosticStage=none bootstrapDiagnosticReason=none bootstrapDiagnosticOutstanding=0
09-08 08:19:48.960 24100 24100 I ChromeMediaShieldStatus: v=1 seq=14 kind=renderer reports=0 rejected=0 globalCallbacks=0 globalRecords=0 childRecords=0 attributeRecords=0 maxRecords=0 scanCalls=0 scanRoot=0 scanNodes=0 maxScanNodes=0 scanMicros=0 maxScanMicros=0 observerChildScans=0 observerAttributeScans=0 guardedScans=0 markupScans=0 shadowScans=0 initialScans=0 otherScans=0 sanitizeElement=0 sanitizeContainer=0 img=0 source=0 svg=0 iframe=0 canvas=0 video=0 safeIcon=0 lockIcon=0 geometryWrites=0 svgRecords=0 shadowRoots=0 shadowObservers=0 shadowCallbacks=0 shadowRecords=0 shadowScanCalls=0 ensureStyle=0 ensureCurtain=0 internalMutations=0
09-08 08:19:48.960 24100 24100 I ChromeMediaShieldStatus: v=1 seq=14 kind=rendererApis callScan=createElement=0/0 createElementNS=0/0 appendChild=0/0 insertBefore=0/0 replaceChild=0/0 append=0/0 prepend=0/0 replaceChildren=0/0 before=0/0 after=0/0 replaceWith=0/0 adjacentElement=0/0 moveBefore=0/0 rangeInsert=0/0 rangeSurround=0/0 adoptNode=0/0 cloneNode=0/0 importNode=0/0 safeMarkup=0/0 innerHTML=0/0 outerHTML=0/0 insertAdjacentHTML=0/0 setHTML=0/0 shadowInnerHTML=0/0 execCommandInsertHTML=0/0 mappedTextContent=0/0
09-08 08:19:48.960 24100 24100 I ChromeMediaShieldStatus: v=1 seq=14 kind=rendererFamilies roots=element/fragment/text/other factory:calls=0,scans=0,direct=0,roots=0/0/0/0,nodes=0,micros=0,maxMicros=0 domGuard:calls=0,scans=0,direct=0,roots=0/0/0/0,nodes=0,micros=0,maxMicros=0 markup:calls=0,scans=0,direct=0,roots=0/0/0/0,nodes=0,micros=0,maxMicros=0
09-08 08:19:48.960 24100 24100 I ChromeMediaShieldStatus: v=1 seq=14 kind=uiSvg registered=1 registryBytes=217 cssRewritten=0 cssRejected=0 networkAccepted=0 networkRejected=0 assetServed=0 assetRejected=0
09-08 08:19:48.960 24100 24100 I ChromeMediaShieldStatus: v=1 seq=14 kind=health failures=0 clientDisconnects=0 proxyQueueRejects=0 protectFailure=0 quicAttempts=0 directTcpAttempts=0 active=true ready=true
09-08 08:19:48.960 24100 24100 I ChromeMediaShieldStatus: v=1 seq=14 kind=fixture report=REPORT=not_run,DOCUMENTS=0,FRAMES=0,SCRIPTS=0,FIRST_ORIGINAL_SCRIPTS=0,STYLES=0,WORKERS=0,SERVICE_WORKERS=0,FRAME_REPORTS=0,FRAME_REPORT_REJECTS=0,FRAME_REPORT=not_run,FRAME_REPORT_SHA=not_run,FRAME_CHALLENGE_SHA=not_run,FRAME_GENERATION=0,FRAME_ACCEPTED_CHALLENGE_SHA=not_run,FRAME_REPORT_BINDING_SHA=not_run,SAME_URL_BODIES=0,REPORTS=0,SW_BOUNDARY={INSTALL_DOCS=0,WORKER_SCRIPTS=0,WORKER_PROBE_SCRIPTS=0,PROBE_DOCS=0,CLEANUP_DOCS=0,REPORTS_ACCEPTED=0,REPORTS_REJECTED=0,CONTROLLER_PRESENT=0,CONTROLLER_MISSING=0,NAV_FETCHES=0,SELF_READY_FETCHES=0,SELF_READY_PASS_THROUGH=0,SELF_READY_SYNTHETIC=0,NAV_SYNTHETIC=0,RESET_BASELINE_CLEAN=0,RESET_BASELINE_DIRTY=0,REGISTER_BLOCKED=0,REGISTER_SUCCEEDED=0,WORKER_REGISTER_BLOCKED=0,WORKER_REGISTER_SUCCEEDED=0,WORKER_REGISTER_UNSUPPORTED=0,WORKER_REGISTER_ERROR=0,LAST_CASE=none,LAST_EVENT=none,LAST_VALUE=none},UI_SVG={not_run}
09-08 08:20:48.967 24100 24100 I ChromePhotosDataPlane: phase=status statusSequence=15 lifecycle=PresentationReady active=true ready=true connections=99 requests=949 safe=48 blocked=29 unknown=26 passthrough=822 cacheHits=11 cacheMisses=67 failures=0 clientDisconnects=0 bytesIn=22329236 bytesOut=20890722 streamed=102 proxyQueueRejects=0 proxyActivePeak=27 proxyP50Ms=2.455 proxyP95Ms=449.424 proxyP99Ms=883.371 upstreamSockets=66 protectSuccess=66 protectFailure=0 web11a=not_run web11b=not_run modelLoadMs=397.685 engineCalls=67 dedupeHits=0 decisionCacheConfig=64 decisionConcurrencyConfig=2 decisionQueueConfig=2 decisionTimeoutMs=5000 engineCallsPerRequest=0.8589743589743589 inferencePeak=2 inFlightPeak=2 queuePeak=1 queueRejects=0 timeouts=0 inferenceP50Ms=176.874375 inferenceP95Ms=306.356667 inferenceP99Ms=642.864583 decisionP50Ms=182.617657 decisionP95Ms=341.795729 decisionP99Ms=657.721093 cacheHitP50Ms=0.065937 cacheHitP95Ms=0.148073 cacheEntries=64 cacheEvictions=3 preprocessP50Ms=6.403177 preprocessP95Ms=75.563125 preprocessP99Ms=117.204896 preparedCount1=61 preparedCount4=2 preparedCount5=3 preparedCountOther=1 decisionBasis=FullStrong:6,FullThreshold:17,None:41,Other:1,UncertainRegional:2 imageCandidates=103 imagePrefixPeeks=4 imageMagicCandidates=0 imageBodyAdmissionPeak=2 imageBodyAdmissionRejects=0 networkVisualCandidates=103 networkVisualReplaced=0 networkVisualRawDelivered=0 networkVisualSafeRawDelivered=48 networkVisualBlockedReplaced=29 networkVisualUnknownReplaced=0 networkVisualUnsupportedReplaced=26 networkVisualRawBlockedDelivered=0 networkVisualRawUnknownDelivered=0 networkVisualCacheHit=11 networkVisualInference=67 mediaDocumentsTransformed=5 mediaDocumentsFailClosed=0 documentTransformOutstanding=0 readyTokensOutstanding=5 uiSvgRegistered=1 uiSvgRegistryBytes=217 uiSvgCssRewritten=0 uiSvgCssRejected=0 uiSvgNetworkAccepted=0 uiSvgNetworkRejected=0 uiSvgAssetServed=0 uiSvgAssetRejected=0 h18=REPORT=not_run,EVENT_SEQUENCE=0,COMPAT_DOCS=0,STRICT_DOCS=0,STYLE_REQ=0,SCRIPT_REQ=0,DATA_REQ=0,NETWORK_REQ=0,REPORTS=0,LAST_DOC=none,NETWORK_SHA=ee17e3f62edde61823ce35732ea168f4f5986bff347ccfac063eca7f4009ee1b,AUDIT_SHA=74d4467bbf6833db4eeab998495b7dfc50db3b1f04f407704b839ad3f4b25582 h19=REPORT=not_run,DOCUMENTS=0,FRAMES=0,SCRIPTS=0,FIRST_ORIGINAL_SCRIPTS=0,STYLES=0,WORKERS=0,SERVICE_WORKERS=0,FRAME_REPORTS=0,FRAME_REPORT_REJECTS=0,FRAME_REPORT=not_run,FRAME_REPORT_SHA=not_run,FRAME_CHALLENGE_SHA=not_run,FRAME_GENERATION=0,FRAME_ACCEPTED_CHALLENGE_SHA=not_run,FRAME_REPORT_BINDING_SHA=not_run,SAME_URL_BODIES=0,REPORTS=0,SW_BOUNDARY={INSTALL_DOCS=0,WORKER_SCRIPTS=0,WORKER_PROBE_SCRIPTS=0,PROBE_DOCS=0,CLEANUP_DOCS=0,REPORTS_ACCEPTED=0,REPORTS_REJECTED=0,CONTROLLER_PRESENT=0,CONTROLLER_MISSING=0,NAV_FETCHES=0,SELF_READY_FETCHES=0,SELF_READY_PASS_THROUGH=0,SELF_READY_SYNTHETIC=0,NAV_SYNTHETIC=0,RESET_BASELINE_CLEAN=0,RESET_BASELINE_DIRTY=0,REGISTER_BLOCKED=0,REGISTER_SUCCEEDED=0,WORKER_REGISTER_BLOCKED=0,WORKER_REGISTER_SUCCEEDED=0,WORKER_REGISTER_UNSUPPORTED=0,WORKER_REGISTER_ERROR=0,LAST_CASE=none,LAST_EVENT=none,LAST_VALUE=none},UI_SVG={not_run} quicAttempts=0 directTcpAttempts=0 bootstrapResetGeneration=2 bootstrapCompleteGeneration=2 bootstrapResetCount=3 chromeSuspended=false guardSession=541 guardHeartbeatSequence=1371 audit17State=0 audit17Navigation=0 audit17Events=108 audit17Dropped=0
09-08 08:20:48.967 24100 24100 I ChromeMediaShieldStatus: v=1 seq=15 kind=network mode=selective candidates=103 replaced=0 rawDelivered=0 safeRaw=48 blockedReplaced=29 unknownReplaced=0 unsupportedReplaced=26 rawBlocked=0 rawUnknown=0 cacheHit=11 decisionEngine=67 engineCalls=67
09-08 08:20:48.967 24100 24100 I ChromeMediaShieldStatus: v=1 seq=15 kind=document transformed=5 failClosed=0 outstanding=0 issued=5 claims=5 documentSequence=5 navigationSequence=5 readyRequests=15 readyPreflights=0 readyAccepted=5 readyRejected=0 parserBarrierRequests=0 parserBarrierReady=0 parserBarrierFailClosed=0 selfShield=true selfReadyRequests=5 selfReadyAccepted=5 selfReadyRejected=0 selfReadyRejectReason=none selfShieldReleaseCompleted=5 selfShieldParserContinued=5 selfShieldOriginalScriptStarted=0 selfShieldTraceRejected=0 selfShieldTraceOutstanding=1 bootstrapDiagnosticAccepted=0 bootstrapDiagnosticRejected=0 bootstrapDiagnosticRejectReason=none bootstrapDiagnosticStage=none bootstrapDiagnosticReason=none bootstrapDiagnosticOutstanding=0
09-08 08:20:48.967 24100 24100 I ChromeMediaShieldStatus: v=1 seq=15 kind=renderer reports=0 rejected=0 globalCallbacks=0 globalRecords=0 childRecords=0 attributeRecords=0 maxRecords=0 scanCalls=0 scanRoot=0 scanNodes=0 maxScanNodes=0 scanMicros=0 maxScanMicros=0 observerChildScans=0 observerAttributeScans=0 guardedScans=0 markupScans=0 shadowScans=0 initialScans=0 otherScans=0 sanitizeElement=0 sanitizeContainer=0 img=0 source=0 svg=0 iframe=0 canvas=0 video=0 safeIcon=0 lockIcon=0 geometryWrites=0 svgRecords=0 shadowRoots=0 shadowObservers=0 shadowCallbacks=0 shadowRecords=0 shadowScanCalls=0 ensureStyle=0 ensureCurtain=0 internalMutations=0
09-08 08:20:48.967 24100 24100 I ChromeMediaShieldStatus: v=1 seq=15 kind=rendererApis callScan=createElement=0/0 createElementNS=0/0 appendChild=0/0 insertBefore=0/0 replaceChild=0/0 append=0/0 prepend=0/0 replaceChildren=0/0 before=0/0 after=0/0 replaceWith=0/0 adjacentElement=0/0 moveBefore=0/0 rangeInsert=0/0 rangeSurround=0/0 adoptNode=0/0 cloneNode=0/0 importNode=0/0 safeMarkup=0/0 innerHTML=0/0 outerHTML=0/0 insertAdjacentHTML=0/0 setHTML=0/0 shadowInnerHTML=0/0 execCommandInsertHTML=0/0 mappedTextContent=0/0
09-08 08:20:48.967 24100 24100 I ChromeMediaShieldStatus: v=1 seq=15 kind=rendererFamilies roots=element/fragment/text/other factory:calls=0,scans=0,direct=0,roots=0/0/0/0,nodes=0,micros=0,maxMicros=0 domGuard:calls=0,scans=0,direct=0,roots=0/0/0/0,nodes=0,micros=0,maxMicros=0 markup:calls=0,scans=0,direct=0,roots=0/0/0/0,nodes=0,micros=0,maxMicros=0
09-08 08:20:48.967 24100 24100 I ChromeMediaShieldStatus: v=1 seq=15 kind=uiSvg registered=1 registryBytes=217 cssRewritten=0 cssRejected=0 networkAccepted=0 networkRejected=0 assetServed=0 assetRejected=0
09-08 08:20:48.967 24100 24100 I ChromeMediaShieldStatus: v=1 seq=15 kind=health failures=0 clientDisconnects=0 proxyQueueRejects=0 protectFailure=0 quicAttempts=0 directTcpAttempts=0 active=true ready=true
09-08 08:20:48.967 24100 24100 I ChromeMediaShieldStatus: v=1 seq=15 kind=fixture report=REPORT=not_run,DOCUMENTS=0,FRAMES=0,SCRIPTS=0,FIRST_ORIGINAL_SCRIPTS=0,STYLES=0,WORKERS=0,SERVICE_WORKERS=0,FRAME_REPORTS=0,FRAME_REPORT_REJECTS=0,FRAME_REPORT=not_run,FRAME_REPORT_SHA=not_run,FRAME_CHALLENGE_SHA=not_run,FRAME_GENERATION=0,FRAME_ACCEPTED_CHALLENGE_SHA=not_run,FRAME_REPORT_BINDING_SHA=not_run,SAME_URL_BODIES=0,REPORTS=0,SW_BOUNDARY={INSTALL_DOCS=0,WORKER_SCRIPTS=0,WORKER_PROBE_SCRIPTS=0,PROBE_DOCS=0,CLEANUP_DOCS=0,REPORTS_ACCEPTED=0,REPORTS_REJECTED=0,CONTROLLER_PRESENT=0,CONTROLLER_MISSING=0,NAV_FETCHES=0,SELF_READY_FETCHES=0,SELF_READY_PASS_THROUGH=0,SELF_READY_SYNTHETIC=0,NAV_SYNTHETIC=0,RESET_BASELINE_CLEAN=0,RESET_BASELINE_DIRTY=0,REGISTER_BLOCKED=0,REGISTER_SUCCEEDED=0,WORKER_REGISTER_BLOCKED=0,WORKER_REGISTER_SUCCEEDED=0,WORKER_REGISTER_UNSUPPORTED=0,WORKER_REGISTER_ERROR=0,LAST_CASE=none,LAST_EVENT=none,LAST_VALUE=none},UI_SVG={not_run}
09-08 08:21:24.665 24100 13229 I ChromePhotosDataPlane: phase=worker_ready correlationId=c100 admissionWaitMs=0.335
09-08 08:21:24.722 24100 13229 I ChromePhotosDataPlane: phase=tls_certificate correlationId=c100 tlsCacheHit=true tlsCacheWaitMs=0.021 tlsCreationMs=0.000
09-08 08:21:24.723 24100 13229 I ChromePhotosDataPlane: phase=tls_material correlationId=c100 tlsMaterialMs=1.429
09-08 08:21:24.741 24100 13229 I ChromePhotosDataPlane: phase=tls_ready correlationId=c100 hostClass=network hostHash=191347bfe55d0ca9 clientProtocol=http/1.1 ca=42e0f97fefe4bb3f
09-08 08:21:24.747 24100 13282 I ChromePhotosDataPlane: phase=worker_ready correlationId=c101 admissionWaitMs=1.069
09-08 08:21:24.762 24100 13400 I ChromePhotosDataPlane: phase=worker_ready correlationId=c102 admissionWaitMs=0.344
09-08 08:21:24.771 24100 13400 I ChromePhotosDataPlane: phase=tls_certificate correlationId=c102 tlsCacheHit=true tlsCacheWaitMs=0.019 tlsCreationMs=0.000
09-08 08:21:24.772 24100 13400 I ChromePhotosDataPlane: phase=tls_material correlationId=c102 tlsMaterialMs=1.337
09-08 08:21:24.780 24100 13282 I ChromePhotosDataPlane: phase=tls_certificate correlationId=c101 tlsCacheHit=true tlsCacheWaitMs=0.018 tlsCreationMs=0.000
09-08 08:21:24.780 24100 13282 I ChromePhotosDataPlane: phase=tls_material correlationId=c101 tlsMaterialMs=0.407
09-08 08:21:24.789 24100 13400 I ChromePhotosDataPlane: phase=tls_ready correlationId=c102 hostClass=network hostHash=191347bfe55d0ca9 clientProtocol=http/1.1 ca=42e0f97fefe4bb3f
09-08 08:21:24.794 24100 13282 I ChromePhotosDataPlane: phase=tls_ready correlationId=c101 hostClass=network hostHash=191347bfe55d0ca9 clientProtocol=http/1.1 ca=42e0f97fefe4bb3f
09-08 08:21:24.823 24100 13229 I ChromePhotosDataPlane: origin=real hostClass=network hostHash=191347bfe55d0ca9 method=POST clientProtocol=http/1.1 upstreamProtocol=h2 status=204 contentType=text/html bytesOut=0 transfer=fixed upstreamHeadersMs=58.182 downstreamWriteMs=0.344
09-08 08:21:24.831 24100 13178 I ChromePhotosDataPlane: phase=worker_ready correlationId=c103 admissionWaitMs=0.729
09-08 08:21:24.866 24100 13178 I ChromePhotosDataPlane: phase=tls_certificate correlationId=c103 tlsCacheHit=true tlsCacheWaitMs=0.020 tlsCreationMs=0.000
09-08 08:21:24.866 24100 13178 I ChromePhotosDataPlane: phase=tls_material correlationId=c103 tlsMaterialMs=0.580
09-08 08:21:24.879 24100 13400 I ChromePhotosDataPlane: origin=real hostClass=network hostHash=191347bfe55d0ca9 method=POST clientProtocol=http/1.1 upstreamProtocol=h2 status=204 contentType=text/html bytesOut=0 transfer=fixed upstreamHeadersMs=81.440 downstreamWriteMs=0.687
09-08 08:21:24.883 24100 13282 I ChromePhotosDataPlane: origin=real hostClass=network hostHash=191347bfe55d0ca9 method=POST clientProtocol=http/1.1 upstreamProtocol=h2 status=204 contentType=text/html bytesOut=0 transfer=fixed upstreamHeadersMs=81.969 downstreamWriteMs=0.684
09-08 08:21:24.885 24100 13178 I ChromePhotosDataPlane: phase=tls_ready correlationId=c103 hostClass=network hostHash=816c1c4228e457b0 clientProtocol=http/1.1 ca=42e0f97fefe4bb3f
09-08 08:21:25.057 24100 13178 I ChromePhotosDataPlane: origin=real hostClass=network hostHash=816c1c4228e457b0 method=POST clientProtocol=http/1.1 upstreamProtocol=h2 status=200 contentType=application/javascript bytesOut=0 transfer=fixed upstreamHeadersMs=156.785 downstreamWriteMs=0.741
09-08 08:21:25.092 24100 13282 I ChromePhotosDataPlane: origin=real hostClass=network hostHash=191347bfe55d0ca9 method=POST clientProtocol=http/1.1 upstreamProtocol=h2 status=204 contentType=text/html bytesOut=0 transfer=fixed upstreamHeadersMs=53.980 downstreamWriteMs=0.427
09-08 08:21:49.019 24100 24100 I ChromePhotosDataPlane: phase=status statusSequence=16 lifecycle=PresentationReady active=true ready=true connections=103 requests=954 safe=48 blocked=29 unknown=26 passthrough=827 cacheHits=11 cacheMisses=67 failures=0 clientDisconnects=0 bytesIn=22329236 bytesOut=20890722 streamed=107 proxyQueueRejects=0 proxyActivePeak=27 proxyP50Ms=2.472 proxyP95Ms=449.424 proxyP99Ms=883.371 upstreamSockets=66 protectSuccess=66 protectFailure=0 web11a=not_run web11b=not_run modelLoadMs=397.685 engineCalls=67 dedupeHits=0 decisionCacheConfig=64 decisionConcurrencyConfig=2 decisionQueueConfig=2 decisionTimeoutMs=5000 engineCallsPerRequest=0.8589743589743589 inferencePeak=2 inFlightPeak=2 queuePeak=1 queueRejects=0 timeouts=0 inferenceP50Ms=176.874375 inferenceP95Ms=306.356667 inferenceP99Ms=642.864583 decisionP50Ms=182.617657 decisionP95Ms=341.795729 decisionP99Ms=657.721093 cacheHitP50Ms=0.065937 cacheHitP95Ms=0.148073 cacheEntries=64 cacheEvictions=3 preprocessP50Ms=6.403177 preprocessP95Ms=75.563125 preprocessP99Ms=117.204896 preparedCount1=61 preparedCount4=2 preparedCount5=3 preparedCountOther=1 decisionBasis=FullStrong:6,FullThreshold:17,None:41,Other:1,UncertainRegional:2 imageCandidates=103 imagePrefixPeeks=4 imageMagicCandidates=0 imageBodyAdmissionPeak=2 imageBodyAdmissionRejects=0 networkVisualCandidates=103 networkVisualReplaced=0 networkVisualRawDelivered=0 networkVisualSafeRawDelivered=48 networkVisualBlockedReplaced=29 networkVisualUnknownReplaced=0 networkVisualUnsupportedReplaced=26 networkVisualRawBlockedDelivered=0 networkVisualRawUnknownDelivered=0 networkVisualCacheHit=11 networkVisualInference=67 mediaDocumentsTransformed=5 mediaDocumentsFailClosed=0 documentTransformOutstanding=0 readyTokensOutstanding=5 uiSvgRegistered=1 uiSvgRegistryBytes=217 uiSvgCssRewritten=0 uiSvgCssRejected=0 uiSvgNetworkAccepted=0 uiSvgNetworkRejected=0 uiSvgAssetServed=0 uiSvgAssetRejected=0 h18=REPORT=not_run,EVENT_SEQUENCE=0,COMPAT_DOCS=0,STRICT_DOCS=0,STYLE_REQ=0,SCRIPT_REQ=0,DATA_REQ=0,NETWORK_REQ=0,REPORTS=0,LAST_DOC=none,NETWORK_SHA=ee17e3f62edde61823ce35732ea168f4f5986bff347ccfac063eca7f4009ee1b,AUDIT_SHA=74d4467bbf6833db4eeab998495b7dfc50db3b1f04f407704b839ad3f4b25582 h19=REPORT=not_run,DOCUMENTS=0,FRAMES=0,SCRIPTS=0,FIRST_ORIGINAL_SCRIPTS=0,STYLES=0,WORKERS=0,SERVICE_WORKERS=0,FRAME_REPORTS=0,FRAME_REPORT_REJECTS=0,FRAME_REPORT=not_run,FRAME_REPORT_SHA=not_run,FRAME_CHALLENGE_SHA=not_run,FRAME_GENERATION=0,FRAME_ACCEPTED_CHALLENGE_SHA=not_run,FRAME_REPORT_BINDING_SHA=not_run,SAME_URL_BODIES=0,REPORTS=0,SW_BOUNDARY={INSTALL_DOCS=0,WORKER_SCRIPTS=0,WORKER_PROBE_SCRIPTS=0,PROBE_DOCS=0,CLEANUP_DOCS=0,REPORTS_ACCEPTED=0,REPORTS_REJECTED=0,CONTROLLER_PRESENT=0,CONTROLLER_MISSING=0,NAV_FETCHES=0,SELF_READY_FETCHES=0,SELF_READY_PASS_THROUGH=0,SELF_READY_SYNTHETIC=0,NAV_SYNTHETIC=0,RESET_BASELINE_CLEAN=0,RESET_BASELINE_DIRTY=0,REGISTER_BLOCKED=0,REGISTER_SUCCEEDED=0,WORKER_REGISTER_BLOCKED=0,WORKER_REGISTER_SUCCEEDED=0,WORKER_REGISTER_UNSUPPORTED=0,WORKER_REGISTER_ERROR=0,LAST_CASE=none,LAST_EVENT=none,LAST_VALUE=none},UI_SVG={not_run} quicAttempts=0 directTcpAttempts=0 bootstrapResetGeneration=2 bootstrapCompleteGeneration=2 bootstrapResetCount=3 chromeSuspended=false guardSession=541 guardHeartbeatSequence=1479 audit17State=0 audit17Navigation=0 audit17Events=108 audit17Dropped=0
09-08 08:21:49.019 24100 24100 I ChromeMediaShieldStatus: v=1 seq=16 kind=network mode=selective candidates=103 replaced=0 rawDelivered=0 safeRaw=48 blockedReplaced=29 unknownReplaced=0 unsupportedReplaced=26 rawBlocked=0 rawUnknown=0 cacheHit=11 decisionEngine=67 engineCalls=67
09-08 08:21:49.019 24100 24100 I ChromeMediaShieldStatus: v=1 seq=16 kind=document transformed=5 failClosed=0 outstanding=0 issued=5 claims=5 documentSequence=5 navigationSequence=5 readyRequests=15 readyPreflights=0 readyAccepted=5 readyRejected=0 parserBarrierRequests=0 parserBarrierReady=0 parserBarrierFailClosed=0 selfShield=true selfReadyRequests=5 selfReadyAccepted=5 selfReadyRejected=0 selfReadyRejectReason=none selfShieldReleaseCompleted=5 selfShieldParserContinued=5 selfShieldOriginalScriptStarted=0 selfShieldTraceRejected=0 selfShieldTraceOutstanding=1 bootstrapDiagnosticAccepted=0 bootstrapDiagnosticRejected=0 bootstrapDiagnosticRejectReason=none bootstrapDiagnosticStage=none bootstrapDiagnosticReason=none bootstrapDiagnosticOutstanding=0
09-08 08:21:49.019 24100 24100 I ChromeMediaShieldStatus: v=1 seq=16 kind=renderer reports=0 rejected=0 globalCallbacks=0 globalRecords=0 childRecords=0 attributeRecords=0 maxRecords=0 scanCalls=0 scanRoot=0 scanNodes=0 maxScanNodes=0 scanMicros=0 maxScanMicros=0 observerChildScans=0 observerAttributeScans=0 guardedScans=0 markupScans=0 shadowScans=0 initialScans=0 otherScans=0 sanitizeElement=0 sanitizeContainer=0 img=0 source=0 svg=0 iframe=0 canvas=0 video=0 safeIcon=0 lockIcon=0 geometryWrites=0 svgRecords=0 shadowRoots=0 shadowObservers=0 shadowCallbacks=0 shadowRecords=0 shadowScanCalls=0 ensureStyle=0 ensureCurtain=0 internalMutations=0
09-08 08:21:49.019 24100 24100 I ChromeMediaShieldStatus: v=1 seq=16 kind=rendererApis callScan=createElement=0/0 createElementNS=0/0 appendChild=0/0 insertBefore=0/0 replaceChild=0/0 append=0/0 prepend=0/0 replaceChildren=0/0 before=0/0 after=0/0 replaceWith=0/0 adjacentElement=0/0 moveBefore=0/0 rangeInsert=0/0 rangeSurround=0/0 adoptNode=0/0 cloneNode=0/0 importNode=0/0 safeMarkup=0/0 innerHTML=0/0 outerHTML=0/0 insertAdjacentHTML=0/0 setHTML=0/0 shadowInnerHTML=0/0 execCommandInsertHTML=0/0 mappedTextContent=0/0
09-08 08:21:49.020 24100 24100 I ChromeMediaShieldStatus: v=1 seq=16 kind=rendererFamilies roots=element/fragment/text/other factory:calls=0,scans=0,direct=0,roots=0/0/0/0,nodes=0,micros=0,maxMicros=0 domGuard:calls=0,scans=0,direct=0,roots=0/0/0/0,nodes=0,micros=0,maxMicros=0 markup:calls=0,scans=0,direct=0,roots=0/0/0/0,nodes=0,micros=0,maxMicros=0
09-08 08:21:49.020 24100 24100 I ChromeMediaShieldStatus: v=1 seq=16 kind=uiSvg registered=1 registryBytes=217 cssRewritten=0 cssRejected=0 networkAccepted=0 networkRejected=0 assetServed=0 assetRejected=0
09-08 08:21:49.020 24100 24100 I ChromeMediaShieldStatus: v=1 seq=16 kind=health failures=0 clientDisconnects=0 proxyQueueRejects=0 protectFailure=0 quicAttempts=0 directTcpAttempts=0 active=true ready=true
09-08 08:21:49.020 24100 24100 I ChromeMediaShieldStatus: v=1 seq=16 kind=fixture report=REPORT=not_run,DOCUMENTS=0,FRAMES=0,SCRIPTS=0,FIRST_ORIGINAL_SCRIPTS=0,STYLES=0,WORKERS=0,SERVICE_WORKERS=0,FRAME_REPORTS=0,FRAME_REPORT_REJECTS=0,FRAME_REPORT=not_run,FRAME_REPORT_SHA=not_run,FRAME_CHALLENGE_SHA=not_run,FRAME_GENERATION=0,FRAME_ACCEPTED_CHALLENGE_SHA=not_run,FRAME_REPORT_BINDING_SHA=not_run,SAME_URL_BODIES=0,REPORTS=0,SW_BOUNDARY={INSTALL_DOCS=0,WORKER_SCRIPTS=0,WORKER_PROBE_SCRIPTS=0,PROBE_DOCS=0,CLEANUP_DOCS=0,REPORTS_ACCEPTED=0,REPORTS_REJECTED=0,CONTROLLER_PRESENT=0,CONTROLLER_MISSING=0,NAV_FETCHES=0,SELF_READY_FETCHES=0,SELF_READY_PASS_THROUGH=0,SELF_READY_SYNTHETIC=0,NAV_SYNTHETIC=0,RESET_BASELINE_CLEAN=0,RESET_BASELINE_DIRTY=0,REGISTER_BLOCKED=0,REGISTER_SUCCEEDED=0,WORKER_REGISTER_BLOCKED=0,WORKER_REGISTER_SUCCEEDED=0,WORKER_REGISTER_UNSUPPORTED=0,WORKER_REGISTER_ERROR=0,LAST_CASE=none,LAST_EVENT=none,LAST_VALUE=none},UI_SVG={not_run}
09-08 08:22:25.085 24100 13430 I ChromePhotosDataPlane: phase=worker_ready correlationId=c104 admissionWaitMs=1.939
09-08 08:22:25.118 24100 13430 I ChromePhotosDataPlane: phase=tls_certificate correlationId=c104 tlsCacheHit=true tlsCacheWaitMs=0.050 tlsCreationMs=0.000
09-08 08:22:25.119 24100 13430 I ChromePhotosDataPlane: phase=tls_material correlationId=c104 tlsMaterialMs=0.985
09-08 08:22:25.137 24100 13430 I ChromePhotosDataPlane: phase=tls_ready correlationId=c104 hostClass=network hostHash=191347bfe55d0ca9 clientProtocol=http/1.1 ca=42e0f97fefe4bb3f
09-08 08:22:25.226 24100 13430 I ChromePhotosDataPlane: origin=real hostClass=network hostHash=191347bfe55d0ca9 method=POST clientProtocol=http/1.1 upstreamProtocol=h2 status=204 contentType=text/html bytesOut=0 transfer=fixed upstreamHeadersMs=79.592 downstreamWriteMs=0.763
09-08 08:22:49.007 24100 24100 I ChromePhotosDataPlane: phase=status statusSequence=17 lifecycle=PresentationReady active=true ready=true connections=104 requests=955 safe=48 blocked=29 unknown=26 passthrough=828 cacheHits=11 cacheMisses=67 failures=0 clientDisconnects=0 bytesIn=22329236 bytesOut=20890722 streamed=108 proxyQueueRejects=0 proxyActivePeak=27 proxyP50Ms=2.541 proxyP95Ms=449.424 proxyP99Ms=883.371 upstreamSockets=66 protectSuccess=66 protectFailure=0 web11a=not_run web11b=not_run modelLoadMs=397.685 engineCalls=67 dedupeHits=0 decisionCacheConfig=64 decisionConcurrencyConfig=2 decisionQueueConfig=2 decisionTimeoutMs=5000 engineCallsPerRequest=0.8589743589743589 inferencePeak=2 inFlightPeak=2 queuePeak=1 queueRejects=0 timeouts=0 inferenceP50Ms=176.874375 inferenceP95Ms=306.356667 inferenceP99Ms=642.864583 decisionP50Ms=182.617657 decisionP95Ms=341.795729 decisionP99Ms=657.721093 cacheHitP50Ms=0.065937 cacheHitP95Ms=0.148073 cacheEntries=64 cacheEvictions=3 preprocessP50Ms=6.403177 preprocessP95Ms=75.563125 preprocessP99Ms=117.204896 preparedCount1=61 preparedCount4=2 preparedCount5=3 preparedCountOther=1 decisionBasis=FullStrong:6,FullThreshold:17,None:41,Other:1,UncertainRegional:2 imageCandidates=103 imagePrefixPeeks=4 imageMagicCandidates=0 imageBodyAdmissionPeak=2 imageBodyAdmissionRejects=0 networkVisualCandidates=103 networkVisualReplaced=0 networkVisualRawDelivered=0 networkVisualSafeRawDelivered=48 networkVisualBlockedReplaced=29 networkVisualUnknownReplaced=0 networkVisualUnsupportedReplaced=26 networkVisualRawBlockedDelivered=0 networkVisualRawUnknownDelivered=0 networkVisualCacheHit=11 networkVisualInference=67 mediaDocumentsTransformed=5 mediaDocumentsFailClosed=0 documentTransformOutstanding=0 readyTokensOutstanding=5 uiSvgRegistered=1 uiSvgRegistryBytes=217 uiSvgCssRewritten=0 uiSvgCssRejected=0 uiSvgNetworkAccepted=0 uiSvgNetworkRejected=0 uiSvgAssetServed=0 uiSvgAssetRejected=0 h18=REPORT=not_run,EVENT_SEQUENCE=0,COMPAT_DOCS=0,STRICT_DOCS=0,STYLE_REQ=0,SCRIPT_REQ=0,DATA_REQ=0,NETWORK_REQ=0,REPORTS=0,LAST_DOC=none,NETWORK_SHA=ee17e3f62edde61823ce35732ea168f4f5986bff347ccfac063eca7f4009ee1b,AUDIT_SHA=74d4467bbf6833db4eeab998495b7dfc50db3b1f04f407704b839ad3f4b25582 h19=REPORT=not_run,DOCUMENTS=0,FRAMES=0,SCRIPTS=0,FIRST_ORIGINAL_SCRIPTS=0,STYLES=0,WORKERS=0,SERVICE_WORKERS=0,FRAME_REPORTS=0,FRAME_REPORT_REJECTS=0,FRAME_REPORT=not_run,FRAME_REPORT_SHA=not_run,FRAME_CHALLENGE_SHA=not_run,FRAME_GENERATION=0,FRAME_ACCEPTED_CHALLENGE_SHA=not_run,FRAME_REPORT_BINDING_SHA=not_run,SAME_URL_BODIES=0,REPORTS=0,SW_BOUNDARY={INSTALL_DOCS=0,WORKER_SCRIPTS=0,WORKER_PROBE_SCRIPTS=0,PROBE_DOCS=0,CLEANUP_DOCS=0,REPORTS_ACCEPTED=0,REPORTS_REJECTED=0,CONTROLLER_PRESENT=0,CONTROLLER_MISSING=0,NAV_FETCHES=0,SELF_READY_FETCHES=0,SELF_READY_PASS_THROUGH=0,SELF_READY_SYNTHETIC=0,NAV_SYNTHETIC=0,RESET_BASELINE_CLEAN=0,RESET_BASELINE_DIRTY=0,REGISTER_BLOCKED=0,REGISTER_SUCCEEDED=0,WORKER_REGISTER_BLOCKED=0,WORKER_REGISTER_SUCCEEDED=0,WORKER_REGISTER_UNSUPPORTED=0,WORKER_REGISTER_ERROR=0,LAST_CASE=none,LAST_EVENT=none,LAST_VALUE=none},UI_SVG={not_run} quicAttempts=0 directTcpAttempts=0 bootstrapResetGeneration=2 bootstrapCompleteGeneration=2 bootstrapResetCount=3 chromeSuspended=false guardSession=541 guardHeartbeatSequence=1586 audit17State=0 audit17Navigation=0 audit17Events=108 audit17Dropped=0
09-08 08:22:49.007 24100 24100 I ChromeMediaShieldStatus: v=1 seq=17 kind=network mode=selective candidates=103 replaced=0 rawDelivered=0 safeRaw=48 blockedReplaced=29 unknownReplaced=0 unsupportedReplaced=26 rawBlocked=0 rawUnknown=0 cacheHit=11 decisionEngine=67 engineCalls=67
09-08 08:22:49.007 24100 24100 I ChromeMediaShieldStatus: v=1 seq=17 kind=document transformed=5 failClosed=0 outstanding=0 issued=5 claims=5 documentSequence=5 navigationSequence=5 readyRequests=15 readyPreflights=0 readyAccepted=5 readyRejected=0 parserBarrierRequests=0 parserBarrierReady=0 parserBarrierFailClosed=0 selfShield=true selfReadyRequests=5 selfReadyAccepted=5 selfReadyRejected=0 selfReadyRejectReason=none selfShieldReleaseCompleted=5 selfShieldParserContinued=5 selfShieldOriginalScriptStarted=0 selfShieldTraceRejected=0 selfShieldTraceOutstanding=1 bootstrapDiagnosticAccepted=0 bootstrapDiagnosticRejected=0 bootstrapDiagnosticRejectReason=none bootstrapDiagnosticStage=none bootstrapDiagnosticReason=none bootstrapDiagnosticOutstanding=0
09-08 08:22:49.007 24100 24100 I ChromeMediaShieldStatus: v=1 seq=17 kind=renderer reports=0 rejected=0 globalCallbacks=0 globalRecords=0 childRecords=0 attributeRecords=0 maxRecords=0 scanCalls=0 scanRoot=0 scanNodes=0 maxScanNodes=0 scanMicros=0 maxScanMicros=0 observerChildScans=0 observerAttributeScans=0 guardedScans=0 markupScans=0 shadowScans=0 initialScans=0 otherScans=0 sanitizeElement=0 sanitizeContainer=0 img=0 source=0 svg=0 iframe=0 canvas=0 video=0 safeIcon=0 lockIcon=0 geometryWrites=0 svgRecords=0 shadowRoots=0 shadowObservers=0 shadowCallbacks=0 shadowRecords=0 shadowScanCalls=0 ensureStyle=0 ensureCurtain=0 internalMutations=0
09-08 08:22:49.007 24100 24100 I ChromeMediaShieldStatus: v=1 seq=17 kind=rendererApis callScan=createElement=0/0 createElementNS=0/0 appendChild=0/0 insertBefore=0/0 replaceChild=0/0 append=0/0 prepend=0/0 replaceChildren=0/0 before=0/0 after=0/0 replaceWith=0/0 adjacentElement=0/0 moveBefore=0/0 rangeInsert=0/0 rangeSurround=0/0 adoptNode=0/0 cloneNode=0/0 importNode=0/0 safeMarkup=0/0 innerHTML=0/0 outerHTML=0/0 insertAdjacentHTML=0/0 setHTML=0/0 shadowInnerHTML=0/0 execCommandInsertHTML=0/0 mappedTextContent=0/0
09-08 08:22:49.008 24100 24100 I ChromeMediaShieldStatus: v=1 seq=17 kind=rendererFamilies roots=element/fragment/text/other factory:calls=0,scans=0,direct=0,roots=0/0/0/0,nodes=0,micros=0,maxMicros=0 domGuard:calls=0,scans=0,direct=0,roots=0/0/0/0,nodes=0,micros=0,maxMicros=0 markup:calls=0,scans=0,direct=0,roots=0/0/0/0,nodes=0,micros=0,maxMicros=0
09-08 08:22:49.008 24100 24100 I ChromeMediaShieldStatus: v=1 seq=17 kind=uiSvg registered=1 registryBytes=217 cssRewritten=0 cssRejected=0 networkAccepted=0 networkRejected=0 assetServed=0 assetRejected=0
09-08 08:22:49.008 24100 24100 I ChromeMediaShieldStatus: v=1 seq=17 kind=health failures=0 clientDisconnects=0 proxyQueueRejects=0 protectFailure=0 quicAttempts=0 directTcpAttempts=0 active=true ready=true
09-08 08:22:49.008 24100 24100 I ChromeMediaShieldStatus: v=1 seq=17 kind=fixture report=REPORT=not_run,DOCUMENTS=0,FRAMES=0,SCRIPTS=0,FIRST_ORIGINAL_SCRIPTS=0,STYLES=0,WORKERS=0,SERVICE_WORKERS=0,FRAME_REPORTS=0,FRAME_REPORT_REJECTS=0,FRAME_REPORT=not_run,FRAME_REPORT_SHA=not_run,FRAME_CHALLENGE_SHA=not_run,FRAME_GENERATION=0,FRAME_ACCEPTED_CHALLENGE_SHA=not_run,FRAME_REPORT_BINDING_SHA=not_run,SAME_URL_BODIES=0,REPORTS=0,SW_BOUNDARY={INSTALL_DOCS=0,WORKER_SCRIPTS=0,WORKER_PROBE_SCRIPTS=0,PROBE_DOCS=0,CLEANUP_DOCS=0,REPORTS_ACCEPTED=0,REPORTS_REJECTED=0,CONTROLLER_PRESENT=0,CONTROLLER_MISSING=0,NAV_FETCHES=0,SELF_READY_FETCHES=0,SELF_READY_PASS_THROUGH=0,SELF_READY_SYNTHETIC=0,NAV_SYNTHETIC=0,RESET_BASELINE_CLEAN=0,RESET_BASELINE_DIRTY=0,REGISTER_BLOCKED=0,REGISTER_SUCCEEDED=0,WORKER_REGISTER_BLOCKED=0,WORKER_REGISTER_SUCCEEDED=0,WORKER_REGISTER_UNSUPPORTED=0,WORKER_REGISTER_ERROR=0,LAST_CASE=none,LAST_EVENT=none,LAST_VALUE=none},UI_SVG={not_run}
09-08 08:23:14.213 24100 13441 I ChromePhotosDataPlane: phase=worker_ready correlationId=c105 admissionWaitMs=0.392
09-08 08:23:14.266 24100 12159 I ChromePhotosDataPlane: bootstrap=chrome_blocked reason=manual_stop
09-08 08:23:14.273 24100 13441 I ChromePhotosDataPlane: phase=tls_certificate correlationId=c105 tlsCacheHit=true tlsCacheWaitMs=0.012 tlsCreationMs=0.000
09-08 08:23:14.273 24100 13441 I ChromePhotosDataPlane: phase=tls_material correlationId=c105 tlsMaterialMs=0.342
09-08 08:23:14.279 24100 12159 I ChromePhotosDataPlane: phase=fail_closed reason=manual_stop
09-08 08:23:14.281 24100 13441 I ChromePhotosDataPlane: phase=tls_ready correlationId=c105 hostClass=network hostHash=191347bfe55d0ca9 clientProtocol=http/1.1 ca=42e0f97fefe4bb3f
09-08 08:23:14.282 24100 12159 I ChromePhotosDataPlane: phase=status statusSequence=18 lifecycle=PresentationReady active=true ready=false connections=105 requests=955 safe=48 blocked=29 unknown=26 passthrough=828 cacheHits=11 cacheMisses=67 failures=0 clientDisconnects=0 bytesIn=22329236 bytesOut=20890722 streamed=108 proxyQueueRejects=0 proxyActivePeak=27 proxyP50Ms=2.541 proxyP95Ms=449.424 proxyP99Ms=883.371 upstreamSockets=66 protectSuccess=66 protectFailure=0 web11a=not_run web11b=not_run modelLoadMs=397.685 engineCalls=67 dedupeHits=0 decisionCacheConfig=64 decisionConcurrencyConfig=2 decisionQueueConfig=2 decisionTimeoutMs=5000 engineCallsPerRequest=0.8589743589743589 inferencePeak=2 inFlightPeak=2 queuePeak=1 queueRejects=0 timeouts=0 inferenceP50Ms=176.874375 inferenceP95Ms=306.356667 inferenceP99Ms=642.864583 decisionP50Ms=182.617657 decisionP95Ms=341.795729 decisionP99Ms=657.721093 cacheHitP50Ms=0.065937 cacheHitP95Ms=0.148073 cacheEntries=64 cacheEvictions=3 preprocessP50Ms=6.403177 preprocessP95Ms=75.563125 preprocessP99Ms=117.204896 preparedCount1=61 preparedCount4=2 preparedCount5=3 preparedCountOther=1 decisionBasis=FullStrong:6,FullThreshold:17,None:41,Other:1,UncertainRegional:2 imageCandidates=103 imagePrefixPeeks=4 imageMagicCandidates=0 imageBodyAdmissionPeak=2 imageBodyAdmissionRejects=0 networkVisualCandidates=103 networkVisualReplaced=0 networkVisualRawDelivered=0 networkVisualSafeRawDelivered=48 networkVisualBlockedReplaced=29 networkVisualUnknownReplaced=0 networkVisualUnsupportedReplaced=26 networkVisualRawBlockedDelivered=0 networkVisualRawUnknownDelivered=0 networkVisualCacheHit=11 networkVisualInference=67 mediaDocumentsTransformed=5 mediaDocumentsFailClosed=0 documentTransformOutstanding=0 readyTokensOutstanding=0 uiSvgRegistered=1 uiSvgRegistryBytes=217 uiSvgCssRewritten=0 uiSvgCssRejected=0 uiSvgNetworkAccepted=0 uiSvgNetworkRejected=0 uiSvgAssetServed=0 uiSvgAssetRejected=0 h18=REPORT=not_run,EVENT_SEQUENCE=0,COMPAT_DOCS=0,STRICT_DOCS=0,STYLE_REQ=0,SCRIPT_REQ=0,DATA_REQ=0,NETWORK_REQ=0,REPORTS=0,LAST_DOC=none,NETWORK_SHA=ee17e3f62edde61823ce35732ea168f4f5986bff347ccfac063eca7f4009ee1b,AUDIT_SHA=74d4467bbf6833db4eeab998495b7dfc50db3b1f04f407704b839ad3f4b25582 h19=REPORT=not_run,DOCUMENTS=0,FRAMES=0,SCRIPTS=0,FIRST_ORIGINAL_SCRIPTS=0,STYLES=0,WORKERS=0,SERVICE_WORKERS=0,FRAME_REPORTS=0,FRAME_REPORT_REJECTS=0,FRAME_REPORT=not_run,FRAME_REPORT_SHA=not_run,FRAME_CHALLENGE_SHA=not_run,FRAME_GENERATION=0,FRAME_ACCEPTED_CHALLENGE_SHA=not_run,FRAME_REPORT_BINDING_SHA=not_run,SAME_URL_BODIES=0,REPORTS=0,SW_BOUNDARY={INSTALL_DOCS=0,WORKER_SCRIPTS=0,WORKER_PROBE_SCRIPTS=0,PROBE_DOCS=0,CLEANUP_DOCS=0,REPORTS_ACCEPTED=0,REPORTS_REJECTED=0,CONTROLLER_PRESENT=0,CONTROLLER_MISSING=0,NAV_FETCHES=0,SELF_READY_FETCHES=0,SELF_READY_PASS_THROUGH=0,SELF_READY_SYNTHETIC=0,NAV_SYNTHETIC=0,RESET_BASELINE_CLEAN=0,RESET_BASELINE_DIRTY=0,REGISTER_BLOCKED=0,REGISTER_SUCCEEDED=0,WORKER_REGISTER_BLOCKED=0,WORKER_REGISTER_SUCCEEDED=0,WORKER_REGISTER_UNSUPPORTED=0,WORKER_REGISTER_ERROR=0,LAST_CASE=none,LAST_EVENT=none,LAST_VALUE=none},UI_SVG={not_run} quicAttempts=0 directTcpAttempts=0 bootstrapResetGeneration=2 bootstrapCompleteGeneration=2 bootstrapResetCount=3 chromeSuspended=true guardSession=541 guardHeartbeatSequence=1631 audit17State=0 audit17Navigation=0 audit17Events=108 audit17Dropped=0
09-08 08:23:14.282 24100 12159 I ChromeMediaShieldStatus: v=1 seq=18 kind=network mode=selective candidates=103 replaced=0 rawDelivered=0 safeRaw=48 blockedReplaced=29 unknownReplaced=0 unsupportedReplaced=26 rawBlocked=0 rawUnknown=0 cacheHit=11 decisionEngine=67 engineCalls=67
09-08 08:23:14.282 24100 12159 I ChromeMediaShieldStatus: v=1 seq=18 kind=document transformed=5 failClosed=0 outstanding=0 issued=0 claims=0 documentSequence=0 navigationSequence=0 readyRequests=15 readyPreflights=0 readyAccepted=5 readyRejected=0 parserBarrierRequests=0 parserBarrierReady=0 parserBarrierFailClosed=0 selfShield=true selfReadyRequests=5 selfReadyAccepted=5 selfReadyRejected=0 selfReadyRejectReason=none selfShieldReleaseCompleted=5 selfShieldParserContinued=5 selfShieldOriginalScriptStarted=0 selfShieldTraceRejected=0 selfShieldTraceOutstanding=1 bootstrapDiagnosticAccepted=0 bootstrapDiagnosticRejected=0 bootstrapDiagnosticRejectReason=none bootstrapDiagnosticStage=none bootstrapDiagnosticReason=none bootstrapDiagnosticOutstanding=0
09-08 08:23:14.282 24100 12159 I ChromeMediaShieldStatus: v=1 seq=18 kind=renderer reports=0 rejected=0 globalCallbacks=0 globalRecords=0 childRecords=0 attributeRecords=0 maxRecords=0 scanCalls=0 scanRoot=0 scanNodes=0 maxScanNodes=0 scanMicros=0 maxScanMicros=0 observerChildScans=0 observerAttributeScans=0 guardedScans=0 markupScans=0 shadowScans=0 initialScans=0 otherScans=0 sanitizeElement=0 sanitizeContainer=0 img=0 source=0 svg=0 iframe=0 canvas=0 video=0 safeIcon=0 lockIcon=0 geometryWrites=0 svgRecords=0 shadowRoots=0 shadowObservers=0 shadowCallbacks=0 shadowRecords=0 shadowScanCalls=0 ensureStyle=0 ensureCurtain=0 internalMutations=0
09-08 08:23:14.282 24100 12159 I ChromeMediaShieldStatus: v=1 seq=18 kind=rendererApis callScan=createElement=0/0 createElementNS=0/0 appendChild=0/0 insertBefore=0/0 replaceChild=0/0 append=0/0 prepend=0/0 replaceChildren=0/0 before=0/0 after=0/0 replaceWith=0/0 adjacentElement=0/0 moveBefore=0/0 rangeInsert=0/0 rangeSurround=0/0 adoptNode=0/0 cloneNode=0/0 importNode=0/0 safeMarkup=0/0 innerHTML=0/0 outerHTML=0/0 insertAdjacentHTML=0/0 setHTML=0/0 shadowInnerHTML=0/0 execCommandInsertHTML=0/0 mappedTextContent=0/0
09-08 08:23:14.282 24100 12159 I ChromeMediaShieldStatus: v=1 seq=18 kind=rendererFamilies roots=element/fragment/text/other factory:calls=0,scans=0,direct=0,roots=0/0/0/0,nodes=0,micros=0,maxMicros=0 domGuard:calls=0,scans=0,direct=0,roots=0/0/0/0,nodes=0,micros=0,maxMicros=0 markup:calls=0,scans=0,direct=0,roots=0/0/0/0,nodes=0,micros=0,maxMicros=0
09-08 08:23:14.282 24100 12159 I ChromeMediaShieldStatus: v=1 seq=18 kind=uiSvg registered=1 registryBytes=217 cssRewritten=0 cssRejected=0 networkAccepted=0 networkRejected=0 assetServed=0 assetRejected=0
09-08 08:23:14.282 24100 12159 I ChromeMediaShieldStatus: v=1 seq=18 kind=health failures=0 clientDisconnects=0 proxyQueueRejects=0 protectFailure=0 quicAttempts=0 directTcpAttempts=0 active=true ready=false
09-08 08:23:14.282 24100 12159 I ChromeMediaShieldStatus: v=1 seq=18 kind=fixture report=REPORT=not_run,DOCUMENTS=0,FRAMES=0,SCRIPTS=0,FIRST_ORIGINAL_SCRIPTS=0,STYLES=0,WORKERS=0,SERVICE_WORKERS=0,FRAME_REPORTS=0,FRAME_REPORT_REJECTS=0,FRAME_REPORT=not_run,FRAME_REPORT_SHA=not_run,FRAME_CHALLENGE_SHA=not_run,FRAME_GENERATION=0,FRAME_ACCEPTED_CHALLENGE_SHA=not_run,FRAME_REPORT_BINDING_SHA=not_run,SAME_URL_BODIES=0,REPORTS=0,SW_BOUNDARY={INSTALL_DOCS=0,WORKER_SCRIPTS=0,WORKER_PROBE_SCRIPTS=0,PROBE_DOCS=0,CLEANUP_DOCS=0,REPORTS_ACCEPTED=0,REPORTS_REJECTED=0,CONTROLLER_PRESENT=0,CONTROLLER_MISSING=0,NAV_FETCHES=0,SELF_READY_FETCHES=0,SELF_READY_PASS_THROUGH=0,SELF_READY_SYNTHETIC=0,NAV_SYNTHETIC=0,RESET_BASELINE_CLEAN=0,RESET_BASELINE_DIRTY=0,REGISTER_BLOCKED=0,REGISTER_SUCCEEDED=0,WORKER_REGISTER_BLOCKED=0,WORKER_REGISTER_SUCCEEDED=0,WORKER_REGISTER_UNSUPPORTED=0,WORKER_REGISTER_ERROR=0,LAST_CASE=none,LAST_EVENT=none,LAST_VALUE=none},UI_SVG={not_run}
09-08 08:23:14.288 24100 13441 W ChromePhotosDataPlane: phase=upstream_failed correlationId=c105-r1 hostClass=network hostHash=191347bfe55d0ca9 responseStarted=false errorResponseWritten=false error=InterruptedIOException
09-08 08:23:14.367 24100 12159 I ChromePhotosDataPlane: phase=proxy_stopped cacheEntries=0 cleanup=complete
09-08 08:23:14.446 24100 12159 I ChromePhotosDataPlane: rollback=complete proxy=cleared ca=removed
09-08 08:23:14.451 24100 24100 I ChromePhotosDataPlane: vpnAttestation=revoked session=fd5cadc9 fullTunnelApplied=false chromePackageAdmitted=false
09-08 08:23:14.453 24100 12159 I ChromePhotosDataPlane: rollback=vpn_restored action=refresh_routes
09-08 08:23:14.461 24100 12159 I ChromePhotosDataPlane: phase=stopped rollback=complete cache=cleared
09-08 08:23:14.556 24100 24100 I ChromePhotosDataPlane: bootstrap=chrome_blocked reason=service_destroyed
09-08 08:23:14.558 24100 24100 I ChromePhotosDataPlane: phase=fail_closed reason=service_destroyed
09-08 08:23:14.560 24100 24100 I ChromePhotosDataPlane: rollback=complete proxy=cleared ca=removed
09-08 08:23:14.663 24100 12490 I ChromePhotosDataPlane: vpnAttestation=revoked session=fd5cadc9 fullTunnelApplied=false chromePackageAdmitted=true
09-08 08:23:17.328 24100 14572 I ChromePhotosDataPlane: bootstrap=chrome_blocked reason=session_start
09-08 08:23:17.332 24100 14572 I ChromePhotosDataPlane: rollback=complete proxy=cleared ca=removed
09-08 08:23:17.332 24100 14572 I ChromePhotosDataPlane: bootstrap=chrome_reset_skipped generation=2 resetCount=3
09-08 08:23:18.410 24100 14572 I ChromePhotosDataPlane: phase=proxy_ready bind=loopback port=8877
09-08 08:23:18.473 24100 14572 I ChromePhotosDataPlane: policy=chrome-only proxy=fixed stockMedia=true policyTypes=AIModeSettings:Integer,AllowBackForwardCacheForCacheControlNoStorePageEnabled:Boolean,BackForwardCacheEnabled:Boolean,DataUrlInSvgUseEnabled:Boolean,FindsSettings:Integer,ForceGoogleSafeSearch:Boolean,IncognitoModeAvailability:Integer,NTPContentSuggestionsEnabled:Boolean,SearchContentSharingSettings:Integer,SearchSuggestEnabled:Boolean,URLAllowlist:String,URLBlocklist:String ca=5ba8c2dfbb7d41e2
09-08 08:23:18.500 24100 14572 I ChromePhotosDataPlane: phase=active owner=device_owner scope=chrome_only session=8429d078 ca=5ba8c2dfbb7d41e2 model=R3.1 modelSha=c8b64af8092d3718c58736a511c996d0d443dacf3eaa74620b1e5af439a3cd48 policy=dag-36 modelLoadMs=397.069 fixture=controlled fallbackHosts=5 routes=0 udpFixture=false udpTarget=:0 transport=full_tunnel_dev networkVisualMode=selective stockMediaAuthority=true documentSelfShield=true privacy=public_only_memory_only
09-08 08:23:18.503 24100 24100 I ChromePhotosDataPlane: vpnAttestation=revoked session=8429d078 fullTunnelApplied=false chromePackageAdmitted=false
09-08 08:23:18.733 24100 12159 I ChromePhotosDataPlane: vpnAttestation=confirmed session=8429d078 fullTunnelApplied=true chromePackageAdmitted=true
09-08 08:23:18.942 24100 15296 I ChromePhotosDataPlane: phase=presentation_ready scope=real_web failSafe=armed
09-08 08:23:49.346 24100 24100 I ChromePhotosDataPlane: phase=status statusSequence=1 lifecycle=PresentationReady active=true ready=true connections=0 requests=0 safe=0 blocked=0 unknown=0 passthrough=0 cacheHits=0 cacheMisses=0 failures=0 clientDisconnects=0 bytesIn=0 bytesOut=0 streamed=0 proxyQueueRejects=0 proxyActivePeak=0 proxyP50Ms=0.000 proxyP95Ms=0.000 proxyP99Ms=0.000 upstreamSockets=0 protectSuccess=0 protectFailure=0 web11a=not_run web11b=not_run modelLoadMs=397.069 engineCalls=0 dedupeHits=0 decisionCacheConfig=64 decisionConcurrencyConfig=2 decisionQueueConfig=2 decisionTimeoutMs=5000 engineCallsPerRequest=0.0 inferencePeak=0 inFlightPeak=0 queuePeak=0 queueRejects=0 timeouts=0 inferenceP50Ms=0.0 inferenceP95Ms=0.0 inferenceP99Ms=0.0 decisionP50Ms=0.0 decisionP95Ms=0.0 decisionP99Ms=0.0 cacheHitP50Ms=0.0 cacheHitP95Ms=0.0 cacheEntries=0 cacheEvictions=0 preprocessP50Ms=0.0 preprocessP95Ms=0.0 preprocessP99Ms=0.0 preparedCount1=0 preparedCount4=0 preparedCount5=0 preparedCountOther=0 decisionBasis= imageCandidates=0 imagePrefixPeeks=0 imageMagicCandidates=0 imageBodyAdmissionPeak=0 imageBodyAdmissionRejects=0 networkVisualCandidates=0 networkVisualReplaced=0 networkVisualRawDelivered=0 networkVisualSafeRawDelivered=0 networkVisualBlockedReplaced=0 networkVisualUnknownReplaced=0 networkVisualUnsupportedReplaced=0 networkVisualRawBlockedDelivered=0 networkVisualRawUnknownDelivered=0 networkVisualCacheHit=0 networkVisualInference=0 mediaDocumentsTransformed=0 mediaDocumentsFailClosed=0 documentTransformOutstanding=0 readyTokensOutstanding=0 uiSvgRegistered=0 uiSvgRegistryBytes=0 uiSvgCssRewritten=0 uiSvgCssRejected=0 uiSvgNetworkAccepted=0 uiSvgNetworkRejected=0 uiSvgAssetServed=0 uiSvgAssetRejected=0 h18=REPORT=not_run,EVENT_SEQUENCE=0,COMPAT_DOCS=0,STRICT_DOCS=0,STYLE_REQ=0,SCRIPT_REQ=0,DATA_REQ=0,NETWORK_REQ=0,REPORTS=0,LAST_DOC=none,NETWORK_SHA=ee17e3f62edde61823ce35732ea168f4f5986bff347ccfac063eca7f4009ee1b,AUDIT_SHA=74d4467bbf6833db4eeab998495b7dfc50db3b1f04f407704b839ad3f4b25582 h19=REPORT=not_run,DOCUMENTS=0,FRAMES=0,SCRIPTS=0,FIRST_ORIGINAL_SCRIPTS=0,STYLES=0,WORKERS=0,SERVICE_WORKERS=0,FRAME_REPORTS=0,FRAME_REPORT_REJECTS=0,FRAME_REPORT=not_run,FRAME_REPORT_SHA=not_run,FRAME_CHALLENGE_SHA=not_run,FRAME_GENERATION=0,FRAME_ACCEPTED_CHALLENGE_SHA=not_run,FRAME_REPORT_BINDING_SHA=not_run,SAME_URL_BODIES=0,REPORTS=0,SW_BOUNDARY={INSTALL_DOCS=0,WORKER_SCRIPTS=0,WORKER_PROBE_SCRIPTS=0,PROBE_DOCS=0,CLEANUP_DOCS=0,REPORTS_ACCEPTED=0,REPORTS_REJECTED=0,CONTROLLER_PRESENT=0,CONTROLLER_MISSING=0,NAV_FETCHES=0,SELF_READY_FETCHES=0,SELF_READY_PASS_THROUGH=0,SELF_READY_SYNTHETIC=0,NAV_SYNTHETIC=0,RESET_BASELINE_CLEAN=0,RESET_BASELINE_DIRTY=0,REGISTER_BLOCKED=0,REGISTER_SUCCEEDED=0,WORKER_REGISTER_BLOCKED=0,WORKER_REGISTER_SUCCEEDED=0,WORKER_REGISTER_UNSUPPORTED=0,WORKER_REGISTER_ERROR=0,LAST_CASE=none,LAST_EVENT=none,LAST_VALUE=none},UI_SVG={not_run} quicAttempts=0 directTcpAttempts=0 bootstrapResetGeneration=2 bootstrapCompleteGeneration=2 bootstrapResetCount=3 chromeSuspended=false guardSession=542 guardHeartbeatSequence=54 audit17State=0 audit17Navigation=0 audit17Events=0 audit17Dropped=0
09-08 08:23:49.346 24100 24100 I ChromeMediaShieldStatus: v=1 seq=1 kind=network mode=selective candidates=0 replaced=0 rawDelivered=0 safeRaw=0 blockedReplaced=0 unknownReplaced=0 unsupportedReplaced=0 rawBlocked=0 rawUnknown=0 cacheHit=0 decisionEngine=0 engineCalls=0
09-08 08:23:49.346 24100 24100 I ChromeMediaShieldStatus: v=1 seq=1 kind=document transformed=0 failClosed=0 outstanding=0 issued=0 claims=0 documentSequence=0 navigationSequence=0 readyRequests=0 readyPreflights=0 readyAccepted=0 readyRejected=0 parserBarrierRequests=0 parserBarrierReady=0 parserBarrierFailClosed=0 selfShield=true selfReadyRequests=0 selfReadyAccepted=0 selfReadyRejected=0 selfReadyRejectReason=none selfShieldReleaseCompleted=0 selfShieldParserContinued=0 selfShieldOriginalScriptStarted=0 selfShieldTraceRejected=0 selfShieldTraceOutstanding=0 bootstrapDiagnosticAccepted=0 bootstrapDiagnosticRejected=0 bootstrapDiagnosticRejectReason=none bootstrapDiagnosticStage=none bootstrapDiagnosticReason=none bootstrapDiagnosticOutstanding=0
09-08 08:23:49.346 24100 24100 I ChromeMediaShieldStatus: v=1 seq=1 kind=renderer reports=0 rejected=0 globalCallbacks=0 globalRecords=0 childRecords=0 attributeRecords=0 maxRecords=0 scanCalls=0 scanRoot=0 scanNodes=0 maxScanNodes=0 scanMicros=0 maxScanMicros=0 observerChildScans=0 observerAttributeScans=0 guardedScans=0 markupScans=0 shadowScans=0 initialScans=0 otherScans=0 sanitizeElement=0 sanitizeContainer=0 img=0 source=0 svg=0 iframe=0 canvas=0 video=0 safeIcon=0 lockIcon=0 geometryWrites=0 svgRecords=0 shadowRoots=0 shadowObservers=0 shadowCallbacks=0 shadowRecords=0 shadowScanCalls=0 ensureStyle=0 ensureCurtain=0 internalMutations=0
09-08 08:23:49.347 24100 24100 I ChromeMediaShieldStatus: v=1 seq=1 kind=rendererApis callScan=createElement=0/0 createElementNS=0/0 appendChild=0/0 insertBefore=0/0 replaceChild=0/0 append=0/0 prepend=0/0 replaceChildren=0/0 before=0/0 after=0/0 replaceWith=0/0 adjacentElement=0/0 moveBefore=0/0 rangeInsert=0/0 rangeSurround=0/0 adoptNode=0/0 cloneNode=0/0 importNode=0/0 safeMarkup=0/0 innerHTML=0/0 outerHTML=0/0 insertAdjacentHTML=0/0 setHTML=0/0 shadowInnerHTML=0/0 execCommandInsertHTML=0/0 mappedTextContent=0/0
09-08 08:23:49.347 24100 24100 I ChromeMediaShieldStatus: v=1 seq=1 kind=rendererFamilies roots=element/fragment/text/other factory:calls=0,scans=0,direct=0,roots=0/0/0/0,nodes=0,micros=0,maxMicros=0 domGuard:calls=0,scans=0,direct=0,roots=0/0/0/0,nodes=0,micros=0,maxMicros=0 markup:calls=0,scans=0,direct=0,roots=0/0/0/0,nodes=0,micros=0,maxMicros=0
09-08 08:23:49.347 24100 24100 I ChromeMediaShieldStatus: v=1 seq=1 kind=uiSvg registered=0 registryBytes=0 cssRewritten=0 cssRejected=0 networkAccepted=0 networkRejected=0 assetServed=0 assetRejected=0
09-08 08:23:49.347 24100 24100 I ChromeMediaShieldStatus: v=1 seq=1 kind=health failures=0 clientDisconnects=0 proxyQueueRejects=0 protectFailure=0 quicAttempts=0 directTcpAttempts=0 active=true ready=true
09-08 08:23:49.347 24100 24100 I ChromeMediaShieldStatus: v=1 seq=1 kind=fixture report=REPORT=not_run,DOCUMENTS=0,FRAMES=0,SCRIPTS=0,FIRST_ORIGINAL_SCRIPTS=0,STYLES=0,WORKERS=0,SERVICE_WORKERS=0,FRAME_REPORTS=0,FRAME_REPORT_REJECTS=0,FRAME_REPORT=not_run,FRAME_REPORT_SHA=not_run,FRAME_CHALLENGE_SHA=not_run,FRAME_GENERATION=0,FRAME_ACCEPTED_CHALLENGE_SHA=not_run,FRAME_REPORT_BINDING_SHA=not_run,SAME_URL_BODIES=0,REPORTS=0,SW_BOUNDARY={INSTALL_DOCS=0,WORKER_SCRIPTS=0,WORKER_PROBE_SCRIPTS=0,PROBE_DOCS=0,CLEANUP_DOCS=0,REPORTS_ACCEPTED=0,REPORTS_REJECTED=0,CONTROLLER_PRESENT=0,CONTROLLER_MISSING=0,NAV_FETCHES=0,SELF_READY_FETCHES=0,SELF_READY_PASS_THROUGH=0,SELF_READY_SYNTHETIC=0,NAV_SYNTHETIC=0,RESET_BASELINE_CLEAN=0,RESET_BASELINE_DIRTY=0,REGISTER_BLOCKED=0,REGISTER_SUCCEEDED=0,WORKER_REGISTER_BLOCKED=0,WORKER_REGISTER_SUCCEEDED=0,WORKER_REGISTER_UNSUPPORTED=0,WORKER_REGISTER_ERROR=0,LAST_CASE=none,LAST_EVENT=none,LAST_VALUE=none},UI_SVG={not_run}
09-08 08:24:00.836 24100 12491 I ChromePhotosDataPlane: bootstrap=chrome_blocked reason=manual_stop
09-08 08:24:00.837 24100 24476 I ChromePhotosDataPlane: bootstrap=chrome_blocked reason=gloshia_lost
09-08 08:24:00.838 24100 12491 I ChromePhotosDataPlane: phase=fail_closed reason=manual_stop
09-08 08:24:00.839 24100 12491 I ChromePhotosDataPlane: phase=status statusSequence=2 lifecycle=PresentationReady active=true ready=false connections=0 requests=0 safe=0 blocked=0 unknown=0 passthrough=0 cacheHits=0 cacheMisses=0 failures=0 clientDisconnects=0 bytesIn=0 bytesOut=0 streamed=0 proxyQueueRejects=0 proxyActivePeak=0 proxyP50Ms=0.000 proxyP95Ms=0.000 proxyP99Ms=0.000 upstreamSockets=0 protectSuccess=0 protectFailure=0 web11a=not_run web11b=not_run modelLoadMs=397.069 engineCalls=0 dedupeHits=0 decisionCacheConfig=64 decisionConcurrencyConfig=2 decisionQueueConfig=2 decisionTimeoutMs=5000 engineCallsPerRequest=0.0 inferencePeak=0 inFlightPeak=0 queuePeak=0 queueRejects=0 timeouts=0 inferenceP50Ms=0.0 inferenceP95Ms=0.0 inferenceP99Ms=0.0 decisionP50Ms=0.0 decisionP95Ms=0.0 decisionP99Ms=0.0 cacheHitP50Ms=0.0 cacheHitP95Ms=0.0 cacheEntries=0 cacheEvictions=0 preprocessP50Ms=0.0 preprocessP95Ms=0.0 preprocessP99Ms=0.0 preparedCount1=0 preparedCount4=0 preparedCount5=0 preparedCountOther=0 decisionBasis= imageCandidates=0 imagePrefixPeeks=0 imageMagicCandidates=0 imageBodyAdmissionPeak=0 imageBodyAdmissionRejects=0 networkVisualCandidates=0 networkVisualReplaced=0 networkVisualRawDelivered=0 networkVisualSafeRawDelivered=0 networkVisualBlockedReplaced=0 networkVisualUnknownReplaced=0 networkVisualUnsupportedReplaced=0 networkVisualRawBlockedDelivered=0 networkVisualRawUnknownDelivered=0 networkVisualCacheHit=0 networkVisualInference=0 mediaDocumentsTransformed=0 mediaDocumentsFailClosed=0 documentTransformOutstanding=0 readyTokensOutstanding=0 uiSvgRegistered=0 uiSvgRegistryBytes=0 uiSvgCssRewritten=0 uiSvgCssRejected=0 uiSvgNetworkAccepted=0 uiSvgNetworkRejected=0 uiSvgAssetServed=0 uiSvgAssetRejected=0 h18=REPORT=not_run,EVENT_SEQUENCE=0,COMPAT_DOCS=0,STRICT_DOCS=0,STYLE_REQ=0,SCRIPT_REQ=0,DATA_REQ=0,NETWORK_REQ=0,REPORTS=0,LAST_DOC=none,NETWORK_SHA=ee17e3f62edde61823ce35732ea168f4f5986bff347ccfac063eca7f4009ee1b,AUDIT_SHA=74d4467bbf6833db4eeab998495b7dfc50db3b1f04f407704b839ad3f4b25582 h19=REPORT=not_run,DOCUMENTS=0,FRAMES=0,SCRIPTS=0,FIRST_ORIGINAL_SCRIPTS=0,STYLES=0,WORKERS=0,SERVICE_WORKERS=0,FRAME_REPORTS=0,FRAME_REPORT_REJECTS=0,FRAME_REPORT=not_run,FRAME_REPORT_SHA=not_run,FRAME_CHALLENGE_SHA=not_run,FRAME_GENERATION=0,FRAME_ACCEPTED_CHALLENGE_SHA=not_run,FRAME_REPORT_BINDING_SHA=not_run,SAME_URL_BODIES=0,REPORTS=0,SW_BOUNDARY={INSTALL_DOCS=0,WORKER_SCRIPTS=0,WORKER_PROBE_SCRIPTS=0,PROBE_DOCS=0,CLEANUP_DOCS=0,REPORTS_ACCEPTED=0,REPORTS_REJECTED=0,CONTROLLER_PRESENT=0,CONTROLLER_MISSING=0,NAV_FETCHES=0,SELF_READY_FETCHES=0,SELF_READY_PASS_THROUGH=0,SELF_READY_SYNTHETIC=0,NAV_SYNTHETIC=0,RESET_BASELINE_CLEAN=0,RESET_BASELINE_DIRTY=0,REGISTER_BLOCKED=0,REGISTER_SUCCEEDED=0,WORKER_REGISTER_BLOCKED=0,WORKER_REGISTER_SUCCEEDED=0,WORKER_REGISTER_UNSUPPORTED=0,WORKER_REGISTER_ERROR=0,LAST_CASE=none,LAST_EVENT=none,LAST_VALUE=none},UI_SVG={not_run} quicAttempts=0 directTcpAttempts=0 bootstrapResetGeneration=2 bootstrapCompleteGeneration=2 bootstrapResetCount=3 chromeSuspended=true guardSession=542 guardHeartbeatSequence=74 audit17State=0 audit17Navigation=0 audit17Events=0 audit17Dropped=0
09-08 08:24:00.839 24100 12491 I ChromeMediaShieldStatus: v=1 seq=2 kind=network mode=selective candidates=0 replaced=0 rawDelivered=0 safeRaw=0 blockedReplaced=0 unknownReplaced=0 unsupportedReplaced=0 rawBlocked=0 rawUnknown=0 cacheHit=0 decisionEngine=0 engineCalls=0
09-08 08:24:00.839 24100 12491 I ChromeMediaShieldStatus: v=1 seq=2 kind=document transformed=0 failClosed=0 outstanding=0 issued=0 claims=0 documentSequence=0 navigationSequence=0 readyRequests=0 readyPreflights=0 readyAccepted=0 readyRejected=0 parserBarrierRequests=0 parserBarrierReady=0 parserBarrierFailClosed=0 selfShield=true selfReadyRequests=0 selfReadyAccepted=0 selfReadyRejected=0 selfReadyRejectReason=none selfShieldReleaseCompleted=0 selfShieldParserContinued=0 selfShieldOriginalScriptStarted=0 selfShieldTraceRejected=0 selfShieldTraceOutstanding=0 bootstrapDiagnosticAccepted=0 bootstrapDiagnosticRejected=0 bootstrapDiagnosticRejectReason=none bootstrapDiagnosticStage=none bootstrapDiagnosticReason=none bootstrapDiagnosticOutstanding=0
09-08 08:24:00.839 24100 12491 I ChromeMediaShieldStatus: v=1 seq=2 kind=renderer reports=0 rejected=0 globalCallbacks=0 globalRecords=0 childRecords=0 attributeRecords=0 maxRecords=0 scanCalls=0 scanRoot=0 scanNodes=0 maxScanNodes=0 scanMicros=0 maxScanMicros=0 observerChildScans=0 observerAttributeScans=0 guardedScans=0 markupScans=0 shadowScans=0 initialScans=0 otherScans=0 sanitizeElement=0 sanitizeContainer=0 img=0 source=0 svg=0 iframe=0 canvas=0 video=0 safeIcon=0 lockIcon=0 geometryWrites=0 svgRecords=0 shadowRoots=0 shadowObservers=0 shadowCallbacks=0 shadowRecords=0 shadowScanCalls=0 ensureStyle=0 ensureCurtain=0 internalMutations=0
09-08 08:24:00.839 24100 12491 I ChromeMediaShieldStatus: v=1 seq=2 kind=rendererApis callScan=createElement=0/0 createElementNS=0/0 appendChild=0/0 insertBefore=0/0 replaceChild=0/0 append=0/0 prepend=0/0 replaceChildren=0/0 before=0/0 after=0/0 replaceWith=0/0 adjacentElement=0/0 moveBefore=0/0 rangeInsert=0/0 rangeSurround=0/0 adoptNode=0/0 cloneNode=0/0 importNode=0/0 safeMarkup=0/0 innerHTML=0/0 outerHTML=0/0 insertAdjacentHTML=0/0 setHTML=0/0 shadowInnerHTML=0/0 execCommandInsertHTML=0/0 mappedTextContent=0/0
09-08 08:24:00.839 24100 12491 I ChromeMediaShieldStatus: v=1 seq=2 kind=rendererFamilies roots=element/fragment/text/other factory:calls=0,scans=0,direct=0,roots=0/0/0/0,nodes=0,micros=0,maxMicros=0 domGuard:calls=0,scans=0,direct=0,roots=0/0/0/0,nodes=0,micros=0,maxMicros=0 markup:calls=0,scans=0,direct=0,roots=0/0/0/0,nodes=0,micros=0,maxMicros=0
09-08 08:24:00.839 24100 12491 I ChromeMediaShieldStatus: v=1 seq=2 kind=uiSvg registered=0 registryBytes=0 cssRewritten=0 cssRejected=0 networkAccepted=0 networkRejected=0 assetServed=0 assetRejected=0
09-08 08:24:00.839 24100 12491 I ChromeMediaShieldStatus: v=1 seq=2 kind=health failures=0 clientDisconnects=0 proxyQueueRejects=0 protectFailure=0 quicAttempts=0 directTcpAttempts=0 active=true ready=false
09-08 08:24:00.839 24100 12491 I ChromeMediaShieldStatus: v=1 seq=2 kind=fixture report=REPORT=not_run,DOCUMENTS=0,FRAMES=0,SCRIPTS=0,FIRST_ORIGINAL_SCRIPTS=0,STYLES=0,WORKERS=0,SERVICE_WORKERS=0,FRAME_REPORTS=0,FRAME_REPORT_REJECTS=0,FRAME_REPORT=not_run,FRAME_REPORT_SHA=not_run,FRAME_CHALLENGE_SHA=not_run,FRAME_GENERATION=0,FRAME_ACCEPTED_CHALLENGE_SHA=not_run,FRAME_REPORT_BINDING_SHA=not_run,SAME_URL_BODIES=0,REPORTS=0,SW_BOUNDARY={INSTALL_DOCS=0,WORKER_SCRIPTS=0,WORKER_PROBE_SCRIPTS=0,PROBE_DOCS=0,CLEANUP_DOCS=0,REPORTS_ACCEPTED=0,REPORTS_REJECTED=0,CONTROLLER_PRESENT=0,CONTROLLER_MISSING=0,NAV_FETCHES=0,SELF_READY_FETCHES=0,SELF_READY_PASS_THROUGH=0,SELF_READY_SYNTHETIC=0,NAV_SYNTHETIC=0,RESET_BASELINE_CLEAN=0,RESET_BASELINE_DIRTY=0,REGISTER_BLOCKED=0,REGISTER_SUCCEEDED=0,WORKER_REGISTER_BLOCKED=0,WORKER_REGISTER_SUCCEEDED=0,WORKER_REGISTER_UNSUPPORTED=0,WORKER_REGISTER_ERROR=0,LAST_CASE=none,LAST_EVENT=none,LAST_VALUE=none},UI_SVG={not_run}
09-08 08:24:00.847 24100 12491 I ChromePhotosDataPlane: phase=proxy_stopped cacheEntries=0 cleanup=complete
09-08 08:24:00.853 24100 24476 I ChromePhotosDataPlane: phase=fail_closed reason=gloshia_lost
09-08 08:24:00.914 24100 12491 I ChromePhotosDataPlane: rollback=complete proxy=cleared ca=removed
09-08 08:24:00.923 24100 24100 I ChromePhotosDataPlane: vpnAttestation=revoked session=8429d078 fullTunnelApplied=false chromePackageAdmitted=false
09-08 08:24:00.924 24100 12491 I ChromePhotosDataPlane: rollback=vpn_restored action=refresh_routes
09-08 08:24:00.928 24100 12491 I ChromePhotosDataPlane: phase=stopped rollback=complete cache=cleared
09-08 08:24:01.061 24100 24100 I ChromePhotosDataPlane: bootstrap=chrome_blocked reason=service_destroyed
09-08 08:24:01.065 24100 24100 I ChromePhotosDataPlane: phase=fail_closed reason=service_destroyed
09-08 08:24:01.075 24100 24100 I ChromePhotosDataPlane: rollback=complete proxy=cleared ca=removed
09-08 08:24:01.199 24100 15296 I ChromePhotosDataPlane: vpnAttestation=revoked session=8429d078 fullTunnelApplied=false chromePackageAdmitted=true
09-08 08:24:03.913 24100 12488 I ChromePhotosDataPlane: bootstrap=chrome_blocked reason=session_start
09-08 08:24:03.917 24100 12488 I ChromePhotosDataPlane: rollback=complete proxy=cleared ca=removed
09-08 08:24:03.918 24100 12488 I ChromePhotosDataPlane: bootstrap=chrome_reset_skipped generation=2 resetCount=3
09-08 08:24:04.695 24100 12488 I ChromePhotosDataPlane: phase=proxy_ready bind=loopback port=8877
09-08 08:24:04.767 24100 12488 I ChromePhotosDataPlane: policy=chrome-only proxy=fixed stockMedia=true policyTypes=AIModeSettings:Integer,AllowBackForwardCacheForCacheControlNoStorePageEnabled:Boolean,BackForwardCacheEnabled:Boolean,DataUrlInSvgUseEnabled:Boolean,FindsSettings:Integer,ForceGoogleSafeSearch:Boolean,IncognitoModeAvailability:Integer,NTPContentSuggestionsEnabled:Boolean,SearchContentSharingSettings:Integer,SearchSuggestEnabled:Boolean,URLAllowlist:String,URLBlocklist:String ca=fc0c3202d01fd7b3
09-08 08:24:04.774 24100 12488 I ChromePhotosDataPlane: phase=active owner=device_owner scope=chrome_only session=039b2433 ca=fc0c3202d01fd7b3 model=R3.1 modelSha=c8b64af8092d3718c58736a511c996d0d443dacf3eaa74620b1e5af439a3cd48 policy=dag-36 modelLoadMs=275.931 fixture=controlled fallbackHosts=5 routes=0 udpFixture=false udpTarget=:0 transport=full_tunnel_dev networkVisualMode=selective stockMediaAuthority=true documentSelfShield=true privacy=public_only_memory_only
09-08 08:24:04.779 24100 24100 I ChromePhotosDataPlane: vpnAttestation=revoked session=039b2433 fullTunnelApplied=false chromePackageAdmitted=false
09-08 08:24:04.895 24100 12515 I ChromePhotosDataPlane: vpnAttestation=confirmed session=039b2433 fullTunnelApplied=true chromePackageAdmitted=true
09-08 08:24:05.094 24100 24441 I ChromePhotosDataPlane: phase=presentation_ready scope=real_web failSafe=armed
09-08 08:24:42.835 24100 24476 I ChromePhotosDataPlane: bootstrap=chrome_blocked reason=manual_stop
09-08 08:24:42.838 24100 24476 I ChromePhotosDataPlane: phase=fail_closed reason=manual_stop
09-08 08:24:42.839 24100 24476 I ChromePhotosDataPlane: phase=status statusSequence=1 lifecycle=PresentationReady active=true ready=false connections=0 requests=0 safe=0 blocked=0 unknown=0 passthrough=0 cacheHits=0 cacheMisses=0 failures=0 clientDisconnects=0 bytesIn=0 bytesOut=0 streamed=0 proxyQueueRejects=0 proxyActivePeak=0 proxyP50Ms=0.000 proxyP95Ms=0.000 proxyP99Ms=0.000 upstreamSockets=0 protectSuccess=0 protectFailure=0 web11a=not_run web11b=not_run modelLoadMs=275.931 engineCalls=0 dedupeHits=0 decisionCacheConfig=64 decisionConcurrencyConfig=2 decisionQueueConfig=2 decisionTimeoutMs=5000 engineCallsPerRequest=0.0 inferencePeak=0 inFlightPeak=0 queuePeak=0 queueRejects=0 timeouts=0 inferenceP50Ms=0.0 inferenceP95Ms=0.0 inferenceP99Ms=0.0 decisionP50Ms=0.0 decisionP95Ms=0.0 decisionP99Ms=0.0 cacheHitP50Ms=0.0 cacheHitP95Ms=0.0 cacheEntries=0 cacheEvictions=0 preprocessP50Ms=0.0 preprocessP95Ms=0.0 preprocessP99Ms=0.0 preparedCount1=0 preparedCount4=0 preparedCount5=0 preparedCountOther=0 decisionBasis= imageCandidates=0 imagePrefixPeeks=0 imageMagicCandidates=0 imageBodyAdmissionPeak=0 imageBodyAdmissionRejects=0 networkVisualCandidates=0 networkVisualReplaced=0 networkVisualRawDelivered=0 networkVisualSafeRawDelivered=0 networkVisualBlockedReplaced=0 networkVisualUnknownReplaced=0 networkVisualUnsupportedReplaced=0 networkVisualRawBlockedDelivered=0 networkVisualRawUnknownDelivered=0 networkVisualCacheHit=0 networkVisualInference=0 mediaDocumentsTransformed=0 mediaDocumentsFailClosed=0 documentTransformOutstanding=0 readyTokensOutstanding=0 uiSvgRegistered=0 uiSvgRegistryBytes=0 uiSvgCssRewritten=0 uiSvgCssRejected=0 uiSvgNetworkAccepted=0 uiSvgNetworkRejected=0 uiSvgAssetServed=0 uiSvgAssetRejected=0 h18=REPORT=not_run,EVENT_SEQUENCE=0,COMPAT_DOCS=0,STRICT_DOCS=0,STYLE_REQ=0,SCRIPT_REQ=0,DATA_REQ=0,NETWORK_REQ=0,REPORTS=0,LAST_DOC=none,NETWORK_SHA=ee17e3f62edde61823ce35732ea168f4f5986bff347ccfac063eca7f4009ee1b,AUDIT_SHA=74d4467bbf6833db4eeab998495b7dfc50db3b1f04f407704b839ad3f4b25582 h19=REPORT=not_run,DOCUMENTS=0,FRAMES=0,SCRIPTS=0,FIRST_ORIGINAL_SCRIPTS=0,STYLES=0,WORKERS=0,SERVICE_WORKERS=0,FRAME_REPORTS=0,FRAME_REPORT_REJECTS=0,FRAME_REPORT=not_run,FRAME_REPORT_SHA=not_run,FRAME_CHALLENGE_SHA=not_run,FRAME_GENERATION=0,FRAME_ACCEPTED_CHALLENGE_SHA=not_run,FRAME_REPORT_BINDING_SHA=not_run,SAME_URL_BODIES=0,REPORTS=0,SW_BOUNDARY={INSTALL_DOCS=0,WORKER_SCRIPTS=0,WORKER_PROBE_SCRIPTS=0,PROBE_DOCS=0,CLEANUP_DOCS=0,REPORTS_ACCEPTED=0,REPORTS_REJECTED=0,CONTROLLER_PRESENT=0,CONTROLLER_MISSING=0,NAV_FETCHES=0,SELF_READY_FETCHES=0,SELF_READY_PASS_THROUGH=0,SELF_READY_SYNTHETIC=0,NAV_SYNTHETIC=0,RESET_BASELINE_CLEAN=0,RESET_BASELINE_DIRTY=0,REGISTER_BLOCKED=0,REGISTER_SUCCEEDED=0,WORKER_REGISTER_BLOCKED=0,WORKER_REGISTER_SUCCEEDED=0,WORKER_REGISTER_UNSUPPORTED=0,WORKER_REGISTER_ERROR=0,LAST_CASE=none,LAST_EVENT=none,LAST_VALUE=none},UI_SVG={not_run} quicAttempts=0 directTcpAttempts=0 bootstrapResetGeneration=2 bootstrapCompleteGeneration=2 bootstrapResetCount=3 chromeSuspended=true guardSession=543 guardHeartbeatSequence=67 audit17State=0 audit17Navigation=0 audit17Events=0 audit17Dropped=0
09-08 08:24:42.839 24100 24476 I ChromeMediaShieldStatus: v=1 seq=1 kind=network mode=selective candidates=0 replaced=0 rawDelivered=0 safeRaw=0 blockedReplaced=0 unknownReplaced=0 unsupportedReplaced=0 rawBlocked=0 rawUnknown=0 cacheHit=0 decisionEngine=0 engineCalls=0
09-08 08:24:42.839 24100 24476 I ChromeMediaShieldStatus: v=1 seq=1 kind=document transformed=0 failClosed=0 outstanding=0 issued=0 claims=0 documentSequence=0 navigationSequence=0 readyRequests=0 readyPreflights=0 readyAccepted=0 readyRejected=0 parserBarrierRequests=0 parserBarrierReady=0 parserBarrierFailClosed=0 selfShield=true selfReadyRequests=0 selfReadyAccepted=0 selfReadyRejected=0 selfReadyRejectReason=none selfShieldReleaseCompleted=0 selfShieldParserContinued=0 selfShieldOriginalScriptStarted=0 selfShieldTraceRejected=0 selfShieldTraceOutstanding=0 bootstrapDiagnosticAccepted=0 bootstrapDiagnosticRejected=0 bootstrapDiagnosticRejectReason=none bootstrapDiagnosticStage=none bootstrapDiagnosticReason=none bootstrapDiagnosticOutstanding=0
09-08 08:24:42.839 24100 24476 I ChromeMediaShieldStatus: v=1 seq=1 kind=renderer reports=0 rejected=0 globalCallbacks=0 globalRecords=0 childRecords=0 attributeRecords=0 maxRecords=0 scanCalls=0 scanRoot=0 scanNodes=0 maxScanNodes=0 scanMicros=0 maxScanMicros=0 observerChildScans=0 observerAttributeScans=0 guardedScans=0 markupScans=0 shadowScans=0 initialScans=0 otherScans=0 sanitizeElement=0 sanitizeContainer=0 img=0 source=0 svg=0 iframe=0 canvas=0 video=0 safeIcon=0 lockIcon=0 geometryWrites=0 svgRecords=0 shadowRoots=0 shadowObservers=0 shadowCallbacks=0 shadowRecords=0 shadowScanCalls=0 ensureStyle=0 ensureCurtain=0 internalMutations=0
09-08 08:24:42.839 24100 24476 I ChromeMediaShieldStatus: v=1 seq=1 kind=rendererApis callScan=createElement=0/0 createElementNS=0/0 appendChild=0/0 insertBefore=0/0 replaceChild=0/0 append=0/0 prepend=0/0 replaceChildren=0/0 before=0/0 after=0/0 replaceWith=0/0 adjacentElement=0/0 moveBefore=0/0 rangeInsert=0/0 rangeSurround=0/0 adoptNode=0/0 cloneNode=0/0 importNode=0/0 safeMarkup=0/0 innerHTML=0/0 outerHTML=0/0 insertAdjacentHTML=0/0 setHTML=0/0 shadowInnerHTML=0/0 execCommandInsertHTML=0/0 mappedTextContent=0/0
09-08 08:24:42.839 24100 24476 I ChromeMediaShieldStatus: v=1 seq=1 kind=rendererFamilies roots=element/fragment/text/other factory:calls=0,scans=0,direct=0,roots=0/0/0/0,nodes=0,micros=0,maxMicros=0 domGuard:calls=0,scans=0,direct=0,roots=0/0/0/0,nodes=0,micros=0,maxMicros=0 markup:calls=0,scans=0,direct=0,roots=0/0/0/0,nodes=0,micros=0,maxMicros=0
09-08 08:24:42.839 24100 24476 I ChromeMediaShieldStatus: v=1 seq=1 kind=uiSvg registered=0 registryBytes=0 cssRewritten=0 cssRejected=0 networkAccepted=0 networkRejected=0 assetServed=0 assetRejected=0
09-08 08:24:42.839 24100 24476 I ChromeMediaShieldStatus: v=1 seq=1 kind=health failures=0 clientDisconnects=0 proxyQueueRejects=0 protectFailure=0 quicAttempts=0 directTcpAttempts=0 active=true ready=false
09-08 08:24:42.839 24100 24476 I ChromeMediaShieldStatus: v=1 seq=1 kind=fixture report=REPORT=not_run,DOCUMENTS=0,FRAMES=0,SCRIPTS=0,FIRST_ORIGINAL_SCRIPTS=0,STYLES=0,WORKERS=0,SERVICE_WORKERS=0,FRAME_REPORTS=0,FRAME_REPORT_REJECTS=0,FRAME_REPORT=not_run,FRAME_REPORT_SHA=not_run,FRAME_CHALLENGE_SHA=not_run,FRAME_GENERATION=0,FRAME_ACCEPTED_CHALLENGE_SHA=not_run,FRAME_REPORT_BINDING_SHA=not_run,SAME_URL_BODIES=0,REPORTS=0,SW_BOUNDARY={INSTALL_DOCS=0,WORKER_SCRIPTS=0,WORKER_PROBE_SCRIPTS=0,PROBE_DOCS=0,CLEANUP_DOCS=0,REPORTS_ACCEPTED=0,REPORTS_REJECTED=0,CONTROLLER_PRESENT=0,CONTROLLER_MISSING=0,NAV_FETCHES=0,SELF_READY_FETCHES=0,SELF_READY_PASS_THROUGH=0,SELF_READY_SYNTHETIC=0,NAV_SYNTHETIC=0,RESET_BASELINE_CLEAN=0,RESET_BASELINE_DIRTY=0,REGISTER_BLOCKED=0,REGISTER_SUCCEEDED=0,WORKER_REGISTER_BLOCKED=0,WORKER_REGISTER_SUCCEEDED=0,WORKER_REGISTER_UNSUPPORTED=0,WORKER_REGISTER_ERROR=0,LAST_CASE=none,LAST_EVENT=none,LAST_VALUE=none},UI_SVG={not_run}
09-08 08:24:42.849 24100 24476 I ChromePhotosDataPlane: phase=proxy_stopped cacheEntries=0 cleanup=complete
09-08 08:24:42.892 24100 24476 I ChromePhotosDataPlane: rollback=complete proxy=cleared ca=removed
09-08 08:24:42.901 24100 24476 I ChromePhotosDataPlane: rollback=vpn_restored action=refresh_routes
09-08 08:24:42.905 24100 24100 I ChromePhotosDataPlane: vpnAttestation=revoked session=039b2433 fullTunnelApplied=false chromePackageAdmitted=false
09-08 08:24:42.910 24100 24476 I ChromePhotosDataPlane: phase=stopped rollback=complete cache=cleared
09-08 08:24:43.013 24100 24100 I ChromePhotosDataPlane: bootstrap=chrome_blocked reason=service_destroyed
09-08 08:24:43.030 24100 24100 I ChromePhotosDataPlane: phase=fail_closed reason=service_destroyed
09-08 08:24:43.031 24100 24100 I ChromePhotosDataPlane: rollback=complete proxy=cleared ca=removed
09-08 08:24:43.084 24100 15474 I ChromePhotosDataPlane: vpnAttestation=revoked session=039b2433 fullTunnelApplied=false chromePackageAdmitted=true
09-08 08:24:45.928 24100 12459 I ChromePhotosDataPlane: bootstrap=chrome_blocked reason=session_start
09-08 08:24:45.931 24100 12459 I ChromePhotosDataPlane: rollback=complete proxy=cleared ca=removed
09-08 08:24:45.931 24100 12459 I ChromePhotosDataPlane: bootstrap=chrome_reset_skipped generation=2 resetCount=3
09-08 08:24:46.601 24100 12459 I ChromePhotosDataPlane: phase=proxy_ready bind=loopback port=8877
09-08 08:24:46.649 24100 12459 I ChromePhotosDataPlane: policy=chrome-only proxy=fixed stockMedia=true policyTypes=AIModeSettings:Integer,AllowBackForwardCacheForCacheControlNoStorePageEnabled:Boolean,BackForwardCacheEnabled:Boolean,DataUrlInSvgUseEnabled:Boolean,FindsSettings:Integer,ForceGoogleSafeSearch:Boolean,IncognitoModeAvailability:Integer,NTPContentSuggestionsEnabled:Boolean,SearchContentSharingSettings:Integer,SearchSuggestEnabled:Boolean,URLAllowlist:String,URLBlocklist:String ca=c6612860f957a7a0
09-08 08:24:46.655 24100 12459 I ChromePhotosDataPlane: phase=active owner=device_owner scope=chrome_only session=9197c099 ca=c6612860f957a7a0 model=R3.1 modelSha=c8b64af8092d3718c58736a511c996d0d443dacf3eaa74620b1e5af439a3cd48 policy=dag-36 modelLoadMs=284.000 fixture=controlled fallbackHosts=5 routes=0 udpFixture=false udpTarget=:0 transport=full_tunnel_dev networkVisualMode=selective stockMediaAuthority=true documentSelfShield=true privacy=public_only_memory_only
09-08 08:24:46.659 24100 24100 I ChromePhotosDataPlane: vpnAttestation=revoked session=9197c099 fullTunnelApplied=false chromePackageAdmitted=false
09-08 08:24:46.807 24100 12459 I ChromePhotosDataPlane: vpnAttestation=confirmed session=9197c099 fullTunnelApplied=true chromePackageAdmitted=true
09-08 08:24:47.009 24100 24441 I ChromePhotosDataPlane: phase=presentation_ready scope=real_web failSafe=armed
09-08 08:24:48.963 24100 24100 I ChromePhotosDataPlane: phase=status statusSequence=1 lifecycle=PresentationReady active=true ready=true connections=0 requests=0 safe=0 blocked=0 unknown=0 passthrough=0 cacheHits=0 cacheMisses=0 failures=0 clientDisconnects=0 bytesIn=0 bytesOut=0 streamed=0 proxyQueueRejects=0 proxyActivePeak=0 proxyP50Ms=0.000 proxyP95Ms=0.000 proxyP99Ms=0.000 upstreamSockets=0 protectSuccess=0 protectFailure=0 web11a=not_run web11b=not_run modelLoadMs=284.000 engineCalls=0 dedupeHits=0 decisionCacheConfig=64 decisionConcurrencyConfig=2 decisionQueueConfig=2 decisionTimeoutMs=5000 engineCallsPerRequest=0.0 inferencePeak=0 inFlightPeak=0 queuePeak=0 queueRejects=0 timeouts=0 inferenceP50Ms=0.0 inferenceP95Ms=0.0 inferenceP99Ms=0.0 decisionP50Ms=0.0 decisionP95Ms=0.0 decisionP99Ms=0.0 cacheHitP50Ms=0.0 cacheHitP95Ms=0.0 cacheEntries=0 cacheEvictions=0 preprocessP50Ms=0.0 preprocessP95Ms=0.0 preprocessP99Ms=0.0 preparedCount1=0 preparedCount4=0 preparedCount5=0 preparedCountOther=0 decisionBasis= imageCandidates=0 imagePrefixPeeks=0 imageMagicCandidates=0 imageBodyAdmissionPeak=0 imageBodyAdmissionRejects=0 networkVisualCandidates=0 networkVisualReplaced=0 networkVisualRawDelivered=0 networkVisualSafeRawDelivered=0 networkVisualBlockedReplaced=0 networkVisualUnknownReplaced=0 networkVisualUnsupportedReplaced=0 networkVisualRawBlockedDelivered=0 networkVisualRawUnknownDelivered=0 networkVisualCacheHit=0 networkVisualInference=0 mediaDocumentsTransformed=0 mediaDocumentsFailClosed=0 documentTransformOutstanding=0 readyTokensOutstanding=0 uiSvgRegistered=0 uiSvgRegistryBytes=0 uiSvgCssRewritten=0 uiSvgCssRejected=0 uiSvgNetworkAccepted=0 uiSvgNetworkRejected=0 uiSvgAssetServed=0 uiSvgAssetRejected=0 h18=REPORT=not_run,EVENT_SEQUENCE=0,COMPAT_DOCS=0,STRICT_DOCS=0,STYLE_REQ=0,SCRIPT_REQ=0,DATA_REQ=0,NETWORK_REQ=0,REPORTS=0,LAST_DOC=none,NETWORK_SHA=ee17e3f62edde61823ce35732ea168f4f5986bff347ccfac063eca7f4009ee1b,AUDIT_SHA=74d4467bbf6833db4eeab998495b7dfc50db3b1f04f407704b839ad3f4b25582 h19=REPORT=not_run,DOCUMENTS=0,FRAMES=0,SCRIPTS=0,FIRST_ORIGINAL_SCRIPTS=0,STYLES=0,WORKERS=0,SERVICE_WORKERS=0,FRAME_REPORTS=0,FRAME_REPORT_REJECTS=0,FRAME_REPORT=not_run,FRAME_REPORT_SHA=not_run,FRAME_CHALLENGE_SHA=not_run,FRAME_GENERATION=0,FRAME_ACCEPTED_CHALLENGE_SHA=not_run,FRAME_REPORT_BINDING_SHA=not_run,SAME_URL_BODIES=0,REPORTS=0,SW_BOUNDARY={INSTALL_DOCS=0,WORKER_SCRIPTS=0,WORKER_PROBE_SCRIPTS=0,PROBE_DOCS=0,CLEANUP_DOCS=0,REPORTS_ACCEPTED=0,REPORTS_REJECTED=0,CONTROLLER_PRESENT=0,CONTROLLER_MISSING=0,NAV_FETCHES=0,SELF_READY_FETCHES=0,SELF_READY_PASS_THROUGH=0,SELF_READY_SYNTHETIC=0,NAV_SYNTHETIC=0,RESET_BASELINE_CLEAN=0,RESET_BASELINE_DIRTY=0,REGISTER_BLOCKED=0,REGISTER_SUCCEEDED=0,WORKER_REGISTER_BLOCKED=0,WORKER_REGISTER_SUCCEEDED=0,WORKER_REGISTER_UNSUPPORTED=0,WORKER_REGISTER_ERROR=0,LAST_CASE=none,LAST_EVENT=none,LAST_VALUE=none},UI_SVG={not_run} quicAttempts=0 directTcpAttempts=0 bootstrapResetGeneration=2 bootstrapCompleteGeneration=2 bootstrapResetCount=3 chromeSuspended=false guardSession=544 guardHeartbeatSequence=4 audit17State=0 audit17Navigation=0 audit17Events=0 audit17Dropped=0
09-08 08:24:48.963 24100 24100 I ChromeMediaShieldStatus: v=1 seq=1 kind=network mode=selective candidates=0 replaced=0 rawDelivered=0 safeRaw=0 blockedReplaced=0 unknownReplaced=0 unsupportedReplaced=0 rawBlocked=0 rawUnknown=0 cacheHit=0 decisionEngine=0 engineCalls=0
09-08 08:24:48.963 24100 24100 I ChromeMediaShieldStatus: v=1 seq=1 kind=document transformed=0 failClosed=0 outstanding=0 issued=0 claims=0 documentSequence=0 navigationSequence=0 readyRequests=0 readyPreflights=0 readyAccepted=0 readyRejected=0 parserBarrierRequests=0 parserBarrierReady=0 parserBarrierFailClosed=0 selfShield=true selfReadyRequests=0 selfReadyAccepted=0 selfReadyRejected=0 selfReadyRejectReason=none selfShieldReleaseCompleted=0 selfShieldParserContinued=0 selfShieldOriginalScriptStarted=0 selfShieldTraceRejected=0 selfShieldTraceOutstanding=0 bootstrapDiagnosticAccepted=0 bootstrapDiagnosticRejected=0 bootstrapDiagnosticRejectReason=none bootstrapDiagnosticStage=none bootstrapDiagnosticReason=none bootstrapDiagnosticOutstanding=0
09-08 08:24:48.963 24100 24100 I ChromeMediaShieldStatus: v=1 seq=1 kind=renderer reports=0 rejected=0 globalCallbacks=0 globalRecords=0 childRecords=0 attributeRecords=0 maxRecords=0 scanCalls=0 scanRoot=0 scanNodes=0 maxScanNodes=0 scanMicros=0 maxScanMicros=0 observerChildScans=0 observerAttributeScans=0 guardedScans=0 markupScans=0 shadowScans=0 initialScans=0 otherScans=0 sanitizeElement=0 sanitizeContainer=0 img=0 source=0 svg=0 iframe=0 canvas=0 video=0 safeIcon=0 lockIcon=0 geometryWrites=0 svgRecords=0 shadowRoots=0 shadowObservers=0 shadowCallbacks=0 shadowRecords=0 shadowScanCalls=0 ensureStyle=0 ensureCurtain=0 internalMutations=0
09-08 08:24:48.963 24100 24100 I ChromeMediaShieldStatus: v=1 seq=1 kind=rendererApis callScan=createElement=0/0 createElementNS=0/0 appendChild=0/0 insertBefore=0/0 replaceChild=0/0 append=0/0 prepend=0/0 replaceChildren=0/0 before=0/0 after=0/0 replaceWith=0/0 adjacentElement=0/0 moveBefore=0/0 rangeInsert=0/0 rangeSurround=0/0 adoptNode=0/0 cloneNode=0/0 importNode=0/0 safeMarkup=0/0 innerHTML=0/0 outerHTML=0/0 insertAdjacentHTML=0/0 setHTML=0/0 shadowInnerHTML=0/0 execCommandInsertHTML=0/0 mappedTextContent=0/0
09-08 08:24:48.964 24100 24100 I ChromeMediaShieldStatus: v=1 seq=1 kind=rendererFamilies roots=element/fragment/text/other factory:calls=0,scans=0,direct=0,roots=0/0/0/0,nodes=0,micros=0,maxMicros=0 domGuard:calls=0,scans=0,direct=0,roots=0/0/0/0,nodes=0,micros=0,maxMicros=0 markup:calls=0,scans=0,direct=0,roots=0/0/0/0,nodes=0,micros=0,maxMicros=0
09-08 08:24:48.964 24100 24100 I ChromeMediaShieldStatus: v=1 seq=1 kind=uiSvg registered=0 registryBytes=0 cssRewritten=0 cssRejected=0 networkAccepted=0 networkRejected=0 assetServed=0 assetRejected=0
09-08 08:24:48.964 24100 24100 I ChromeMediaShieldStatus: v=1 seq=1 kind=health failures=0 clientDisconnects=0 proxyQueueRejects=0 protectFailure=0 quicAttempts=0 directTcpAttempts=0 active=true ready=true
09-08 08:24:48.964 24100 24100 I ChromeMediaShieldStatus: v=1 seq=1 kind=fixture report=REPORT=not_run,DOCUMENTS=0,FRAMES=0,SCRIPTS=0,FIRST_ORIGINAL_SCRIPTS=0,STYLES=0,WORKERS=0,SERVICE_WORKERS=0,FRAME_REPORTS=0,FRAME_REPORT_REJECTS=0,FRAME_REPORT=not_run,FRAME_REPORT_SHA=not_run,FRAME_CHALLENGE_SHA=not_run,FRAME_GENERATION=0,FRAME_ACCEPTED_CHALLENGE_SHA=not_run,FRAME_REPORT_BINDING_SHA=not_run,SAME_URL_BODIES=0,REPORTS=0,SW_BOUNDARY={INSTALL_DOCS=0,WORKER_SCRIPTS=0,WORKER_PROBE_SCRIPTS=0,PROBE_DOCS=0,CLEANUP_DOCS=0,REPORTS_ACCEPTED=0,REPORTS_REJECTED=0,CONTROLLER_PRESENT=0,CONTROLLER_MISSING=0,NAV_FETCHES=0,SELF_READY_FETCHES=0,SELF_READY_PASS_THROUGH=0,SELF_READY_SYNTHETIC=0,NAV_SYNTHETIC=0,RESET_BASELINE_CLEAN=0,RESET_BASELINE_DIRTY=0,REGISTER_BLOCKED=0,REGISTER_SUCCEEDED=0,WORKER_REGISTER_BLOCKED=0,WORKER_REGISTER_SUCCEEDED=0,WORKER_REGISTER_UNSUPPORTED=0,WORKER_REGISTER_ERROR=0,LAST_CASE=none,LAST_EVENT=none,LAST_VALUE=none},UI_SVG={not_run}
09-08 08:24:51.799 24100 15911 I ChromePhotosDataPlane: phase=worker_ready correlationId=c1 admissionWaitMs=0.744
09-08 08:24:51.803 24100 15912 I ChromePhotosDataPlane: phase=worker_ready correlationId=c2 admissionWaitMs=2.377
09-08 08:24:51.850 24100 15912 I ChromePhotosDataPlane: phase=tls_certificate correlationId=c2 tlsCacheHit=false tlsCacheWaitMs=0.018 tlsCreationMs=39.932
09-08 08:24:51.851 24100 15912 I ChromePhotosDataPlane: phase=tls_material correlationId=c2 tlsMaterialMs=40.426
09-08 08:24:51.852 24100 15911 I ChromePhotosDataPlane: phase=tls_certificate correlationId=c1 tlsCacheHit=true tlsCacheWaitMs=41.779 tlsCreationMs=0.000
09-08 08:24:51.852 24100 15911 I ChromePhotosDataPlane: phase=tls_material correlationId=c1 tlsMaterialMs=42.123
09-08 08:24:52.520 24100 15911 I ChromePhotosDataPlane: phase=tls_ready correlationId=c1 hostClass=fixture hostHash=1c728e158a8cddb0 clientProtocol=http/1.1 ca=c6612860f957a7a0
09-08 08:24:52.522 24100 15912 I ChromePhotosDataPlane: phase=tls_ready correlationId=c2 hostClass=fixture hostHash=1c728e158a8cddb0 clientProtocol=http/1.1 ca=c6612860f957a7a0
09-08 08:24:52.578 24100 15911 I ChromePhotosDataPlane: phase=media_shield_document origin=fixture resource=fixture-index result=transformed documentSequence=1 navigationSequence=1 token=1d3b0a02e924 bytesOut=120276
09-08 08:24:52.589 24100 15954 I ChromePhotosDataPlane: phase=worker_ready correlationId=c3 admissionWaitMs=0.768
09-08 08:24:52.690 24100 15959 I ChromePhotosDataPlane: phase=worker_ready correlationId=c4 admissionWaitMs=52.836
09-08 08:24:52.706 24100 15961 I ChromePhotosDataPlane: phase=worker_ready correlationId=c5 admissionWaitMs=5.477
09-08 08:24:52.738 24100 15911 I ChromePhotosDataPlane: phase=media_shield_ready result=204 bytesOut=0
09-08 08:24:52.741 24100 15954 I ChromePhotosDataPlane: phase=tls_certificate correlationId=c3 tlsCacheHit=false tlsCacheWaitMs=0.013 tlsCreationMs=70.006
09-08 08:24:52.741 24100 15954 I ChromePhotosDataPlane: phase=tls_material correlationId=c3 tlsMaterialMs=70.409
09-08 08:24:52.752 24100 15911 I ChromePhotosDataPlane: phase=media_shield_ready result=204 bytesOut=0
09-08 08:24:52.762 24100 15954 I ChromePhotosDataPlane: phase=tls_ready correlationId=c3 hostClass=network hostHash=816c1c4228e457b0 clientProtocol=http/1.1 ca=c6612860f957a7a0
09-08 08:24:52.764 24100 15911 I ChromePhotosDataPlane: phase=media_shield_ready result=204 bytesOut=0
09-08 08:24:52.786 24100 15973 I ChromePhotosDataPlane: phase=worker_ready correlationId=c6 admissionWaitMs=0.485
09-08 08:24:52.789 24100 15961 I ChromePhotosDataPlane: phase=tls_certificate correlationId=c5 tlsCacheHit=false tlsCacheWaitMs=0.014 tlsCreationMs=40.455
09-08 08:24:52.789 24100 15961 I ChromePhotosDataPlane: phase=tls_material correlationId=c5 tlsMaterialMs=41.499
09-08 08:24:52.795 24100 15974 I ChromePhotosDataPlane: phase=worker_ready correlationId=c7 admissionWaitMs=3.838
09-08 08:24:52.799 24100 15976 I ChromePhotosDataPlane: phase=worker_ready correlationId=c8 admissionWaitMs=1.989
09-08 08:24:52.804 24100 15980 I ChromePhotosDataPlane: phase=worker_ready correlationId=c9 admissionWaitMs=2.751
09-08 08:24:52.808 24100 15981 I ChromePhotosDataPlane: phase=worker_ready correlationId=c10 admissionWaitMs=1.452
09-08 08:24:52.814 24100 15982 I ChromePhotosDataPlane: phase=worker_ready correlationId=c11 admissionWaitMs=3.702
09-08 08:24:52.816 24100 15985 I ChromePhotosDataPlane: phase=worker_ready correlationId=c12 admissionWaitMs=2.905
09-08 08:24:52.817 24100 15911 I ChromePhotosDataPlane: resource=fixture-lease-script origin=fixture_local destination=chrome protocol=http/1.1 method=GET status=200 bytesIn=285 bytesOut=285 decision=passthrough 
09-08 08:24:52.820 24100 15961 I ChromePhotosDataPlane: phase=tls_ready correlationId=c5 hostClass=network hostHash=80255870a6218fe0 clientProtocol=http/1.1 ca=c6612860f957a7a0
09-08 08:24:52.831 24100 16009 I ChromePhotosDataPlane: phase=worker_ready correlationId=c13 admissionWaitMs=1.266
09-08 08:24:52.867 24100 16014 I ChromePhotosDataPlane: phase=worker_ready correlationId=c14 admissionWaitMs=0.785
09-08 08:24:52.890 24100 15976 I ChromePhotosDataPlane: phase=tls_certificate correlationId=c8 tlsCacheHit=false tlsCacheWaitMs=0.012 tlsCreationMs=47.056
09-08 08:24:52.890 24100 15976 I ChromePhotosDataPlane: phase=tls_material correlationId=c8 tlsMaterialMs=47.514
09-08 08:24:52.900 24100 16014 I ChromePhotosDataPlane: phase=tls_certificate correlationId=c14 tlsCacheHit=true tlsCacheWaitMs=0.012 tlsCreationMs=0.000
09-08 08:24:52.900 24100 16014 I ChromePhotosDataPlane: phase=tls_material correlationId=c14 tlsMaterialMs=0.305
09-08 08:24:52.918 24100 15976 I ChromePhotosDataPlane: phase=tls_ready correlationId=c8 hostClass=network hostHash=3aeb002460381c6f clientProtocol=http/1.1 ca=c6612860f957a7a0
09-08 08:24:52.926 24100 16014 I ChromePhotosDataPlane: phase=tls_ready correlationId=c14 hostClass=fixture hostHash=1c728e158a8cddb0 clientProtocol=http/1.1 ca=c6612860f957a7a0
09-08 08:24:52.934 24100 15985 I ChromePhotosDataPlane: phase=tls_certificate correlationId=c12 tlsCacheHit=false tlsCacheWaitMs=0.009 tlsCreationMs=42.309
09-08 08:24:52.934 24100 15982 I ChromePhotosDataPlane: phase=tls_certificate correlationId=c11 tlsCacheHit=true tlsCacheWaitMs=43.692 tlsCreationMs=0.000
09-08 08:24:52.934 24100 15985 I ChromePhotosDataPlane: phase=tls_material correlationId=c12 tlsMaterialMs=42.758
09-08 08:24:52.934 24100 15982 I ChromePhotosDataPlane: phase=tls_material correlationId=c11 tlsMaterialMs=44.196
09-08 08:24:52.937 24100 16014 I ChromePhotosDataPlane: phase=presentation_ready fixture=visible heartbeat=fresh failSafe=armed
09-08 08:24:52.948 24100 15985 I ChromePhotosDataPlane: phase=tls_ready correlationId=c12 hostClass=network hostHash=466884c463494e8a clientProtocol=http/1.1 ca=c6612860f957a7a0
09-08 08:24:52.956 24100 15982 I ChromePhotosDataPlane: phase=tls_ready correlationId=c11 hostClass=network hostHash=466884c463494e8a clientProtocol=http/1.1 ca=c6612860f957a7a0
09-08 08:24:52.980 24100 15981 I ChromePhotosDataPlane: phase=tls_certificate correlationId=c10 tlsCacheHit=true tlsCacheWaitMs=80.661 tlsCreationMs=0.000
09-08 08:24:52.980 24100 15981 I ChromePhotosDataPlane: phase=tls_material correlationId=c10 tlsMaterialMs=80.908
09-08 08:24:52.980 24100 15980 I ChromePhotosDataPlane: phase=tls_certificate correlationId=c9 tlsCacheHit=false tlsCacheWaitMs=88.423 tlsCreationMs=45.916
09-08 08:24:52.980 24100 15980 I ChromePhotosDataPlane: phase=tls_material correlationId=c9 tlsMaterialMs=134.952
09-08 08:24:52.980 24100 16009 I ChromePhotosDataPlane: phase=tls_certificate correlationId=c13 tlsCacheHit=true tlsCacheWaitMs=80.550 tlsCreationMs=0.000
09-08 08:24:52.980 24100 16009 I ChromePhotosDataPlane: phase=tls_material correlationId=c13 tlsMaterialMs=80.737
09-08 08:24:52.987 24100 15981 I ChromePhotosDataPlane: phase=tls_ready correlationId=c10 hostClass=network hostHash=466884c463494e8a clientProtocol=http/1.1 ca=c6612860f957a7a0
09-08 08:24:52.993 24100 16009 I ChromePhotosDataPlane: phase=tls_ready correlationId=c13 hostClass=network hostHash=466884c463494e8a clientProtocol=http/1.1 ca=c6612860f957a7a0
09-08 08:24:52.995 24100 15980 I ChromePhotosDataPlane: phase=tls_ready correlationId=c9 hostClass=network hostHash=1f6baa4a359d00da clientProtocol=http/1.1 ca=c6612860f957a7a0
09-08 08:24:53.010 24100 15973 I ChromePhotosDataPlane: phase=tls_certificate correlationId=c6 tlsCacheHit=false tlsCacheWaitMs=76.308 tlsCreationMs=29.334
09-08 08:24:53.010 24100 15973 I ChromePhotosDataPlane: phase=tls_material correlationId=c6 tlsMaterialMs=106.097
09-08 08:24:53.010 24100 15974 I ChromePhotosDataPlane: phase=tls_certificate correlationId=c7 tlsCacheHit=true tlsCacheWaitMs=106.004 tlsCreationMs=0.000
09-08 08:24:53.010 24100 15959 I ChromePhotosDataPlane: phase=tls_certificate correlationId=c4 tlsCacheHit=true tlsCacheWaitMs=103.835 tlsCreationMs=0.000
09-08 08:24:53.010 24100 15959 I ChromePhotosDataPlane: phase=tls_material correlationId=c4 tlsMaterialMs=104.020
09-08 08:24:53.010 24100 15974 I ChromePhotosDataPlane: phase=tls_material correlationId=c7 tlsMaterialMs=106.196
09-08 08:24:53.019 24100 15973 I ChromePhotosDataPlane: phase=tls_ready correlationId=c6 hostClass=network hostHash=9b0ff8cd24a50ec9 clientProtocol=http/1.1 ca=c6612860f957a7a0
09-08 08:24:53.021 24100 15959 I ChromePhotosDataPlane: phase=tls_ready correlationId=c4 hostClass=network hostHash=9b0ff8cd24a50ec9 clientProtocol=http/1.1 ca=c6612860f957a7a0
09-08 08:24:53.021 24100 15974 I ChromePhotosDataPlane: phase=tls_ready correlationId=c7 hostClass=network hostHash=9b0ff8cd24a50ec9 clientProtocol=http/1.1 ca=c6612860f957a7a0
09-08 08:24:53.050 24100 15954 I ChromePhotosDataPlane: origin=real hostClass=network hostHash=816c1c4228e457b0 method=POST clientProtocol=http/1.1 upstreamProtocol=h2 status=200 contentType=application/javascript bytesOut=0 transfer=fixed upstreamHeadersMs=284.835 downstreamWriteMs=0.421
09-08 08:24:53.222 24100 15961 I ChromePhotosDataPlane: origin=real hostClass=network hostHash=80255870a6218fe0 method=GET clientProtocol=http/1.1 upstreamProtocol=h2 status=200 contentType=image/webp bytesIn=30320 bytesOut=30320 cache=miss decision=safe reason=model_allow source=engine probability=0.006820023 basis=None decodeMs=13.845 inferenceMs=197.323 inferenceQueueMs=1.126 localDecisionMs=214.125  bodyAdmissionMs=0.015 bodyReadMs=24.233 hashMs=0.213 requestToDeliveryMs=397.521 upstreamHeadersMs=147.455 sanitizeMs=243.857 downstreamWriteMs=2.764
09-08 08:24:53.377 24100 15982 I ChromePhotosDataPlane: origin=real hostClass=network hostHash=466884c463494e8a method=GET clientProtocol=http/1.1 upstreamProtocol=h2 status=200 contentType=image/jpeg bytesIn=837774 bytesOut=837774 cache=miss decision=safe reason=model_allow source=engine probability=0.0482603 basis=None decodeMs=48.873 inferenceMs=149.035 inferenceQueueMs=1.653 localDecisionMs=200.945  bodyAdmissionMs=0.023 bodyReadMs=98.285 hashMs=1.606 requestToDeliveryMs=420.175 upstreamHeadersMs=93.562 sanitizeMs=301.157 downstreamWriteMs=21.011
09-08 08:24:53.396 24100 15981 I ChromePhotosDataPlane: origin=real hostClass=network hostHash=466884c463494e8a method=GET clientProtocol=http/1.1 upstreamProtocol=h2 status=200 contentType=image/png bytesIn=1452444 bytesOut=704 cache=miss decision=unknown reason=unsafe_dimensions source=engine probability=-1.0 basis=none decodeMs=0.863 inferenceMs=0.000 inferenceQueueMs=0.601 localDecisionMs=2.333  bodyAdmissionMs=197.121 bodyReadMs=36.181 hashMs=1.374 requestToDeliveryMs=407.684 upstreamHeadersMs=166.652 sanitizeMs=239.412 downstreamWriteMs=0.581
09-08 08:24:53.478 24100 15976 I ChromePhotosDataPlane: origin=real hostClass=network hostHash=3aeb002460381c6f method=GET clientProtocol=http/1.1 upstreamProtocol=h2 status=302 contentType= bytesIn=0 bytesOut=0 cache=miss decision=passthrough   requestToDeliveryMs=546.861 upstreamHeadersMs=541.836 sanitizeMs=0.255 downstreamWriteMs=0.351
09-08 08:24:53.759 24100 16009 I ChromePhotosDataPlane: origin=real hostClass=network hostHash=466884c463494e8a method=GET clientProtocol=http/1.1 upstreamProtocol=h2 status=200 contentType=image/jpeg bytesIn=2372694 bytesOut=2372694 cache=miss decision=safe reason=model_allow source=engine probability=0.05782932 basis=None decodeMs=72.177 inferenceMs=221.947 inferenceQueueMs=0.974 localDecisionMs=298.122  bodyAdmissionMs=239.529 bodyReadMs=38.591 hashMs=2.817 requestToDeliveryMs=763.078 upstreamHeadersMs=159.474 sanitizeMs=579.295 downstreamWriteMs=21.046
09-08 08:24:53.779 24100 15985 I ChromePhotosDataPlane: origin=real hostClass=network hostHash=466884c463494e8a method=GET clientProtocol=http/1.1 upstreamProtocol=h2 status=200 contentType=image/jpeg bytesIn=3403942 bytesOut=3403942 cache=miss decision=safe reason=model_allow source=engine probability=0.037037224 basis=None decodeMs=101.226 inferenceMs=187.495 inferenceQueueMs=0.129 localDecisionMs=292.358  bodyAdmissionMs=68.816 bodyReadMs=236.077 hashMs=3.183 requestToDeliveryMs=825.778 upstreamHeadersMs=194.201 sanitizeMs=600.729 downstreamWriteMs=26.345
09-08 08:24:54.334 24100 15980 I ChromePhotosDataPlane: origin=real hostClass=network hostHash=1f6baa4a359d00da method=GET clientProtocol=http/1.1 upstreamProtocol=h2 status=200 contentType=image/avif bytesIn=28133 bytesOut=28133 cache=miss decision=safe reason=model_allow source=engine probability=0.0050848126 basis=None decodeMs=427.282 inferenceMs=168.669 inferenceQueueMs=0.310 localDecisionMs=596.842  bodyAdmissionMs=404.454 bodyReadMs=0.212 hashMs=0.172 requestToDeliveryMs=1335.805 upstreamHeadersMs=331.919 sanitizeMs=1001.883 downstreamWriteMs=0.679
09-08 08:24:54.343 24100 16057 I ChromePhotosDataPlane: phase=worker_ready correlationId=c15 admissionWaitMs=1.450
09-08 08:24:54.348 24100 16057 I ChromePhotosDataPlane: phase=tls_certificate correlationId=c15 tlsCacheHit=true tlsCacheWaitMs=0.029 tlsCreationMs=0.000
09-08 08:24:54.348 24100 16057 I ChromePhotosDataPlane: phase=tls_material correlationId=c15 tlsMaterialMs=0.861
09-08 08:24:54.354 24100 16057 I ChromePhotosDataPlane: phase=tls_ready correlationId=c15 hostClass=network hostHash=1f6baa4a359d00da clientProtocol=http/1.1 ca=c6612860f957a7a0
09-08 08:24:54.394 24100 15959 I ChromePhotosDataPlane: origin=real hostClass=network hostHash=9b0ff8cd24a50ec9 method=GET clientProtocol=http/1.1 upstreamProtocol=h2 status=200 contentType=image/webp bytesIn=10568 bytesOut=10568 cache=miss decision=safe reason=model_allow source=engine probability=0.032659233 basis=None decodeMs=5.385 inferenceMs=179.153 inferenceQueueMs=0.201 localDecisionMs=185.612  bodyAdmissionMs=0.019 bodyReadMs=307.962 hashMs=0.331 requestToDeliveryMs=1368.567 upstreamHeadersMs=866.837 sanitizeMs=495.841 downstreamWriteMs=0.438
09-08 08:24:54.520 24100 15974 I ChromePhotosDataPlane: origin=real hostClass=network hostHash=9b0ff8cd24a50ec9 method=GET clientProtocol=http/1.1 upstreamProtocol=h2 status=200 contentType=image/jpeg bytesIn=35588 bytesOut=35588 cache=miss decision=safe reason=model_allow source=engine probability=0.042280197 basis=None decodeMs=4.182 inferenceMs=179.771 inferenceQueueMs=0.654 localDecisionMs=185.482  bodyAdmissionMs=428.152 bodyReadMs=0.193 hashMs=0.165 requestToDeliveryMs=1494.878 upstreamHeadersMs=875.330 sanitizeMs=614.125 downstreamWriteMs=0.751
09-08 08:24:54.520 24100 16057 I ChromePhotosDataPlane: origin=real hostClass=network hostHash=1f6baa4a359d00da method=GET clientProtocol=http/1.1 upstreamProtocol=h2 status=200 contentType=image/avif bytesIn=28133 bytesOut=28133 cache=hit decision=safe reason=model_allow source=cache probability=0.0050848126 basis=None decodeMs=0.000 inferenceMs=0.000 inferenceQueueMs=0.000 localDecisionMs=0.025  bodyAdmissionMs=139.349 bodyReadMs=0.243 hashMs=0.142 requestToDeliveryMs=164.900 upstreamHeadersMs=23.631 sanitizeMs=139.886 downstreamWriteMs=0.432
09-08 08:24:54.562 24100 15973 I ChromePhotosDataPlane: origin=real hostClass=network hostHash=9b0ff8cd24a50ec9 method=GET clientProtocol=http/1.1 upstreamProtocol=h2 status=200 contentType=image/png bytesIn=8090 bytesOut=8090 cache=miss decision=safe reason=model_allow source=engine probability=0.018158317 basis=None decodeMs=3.216 inferenceMs=163.391 inferenceQueueMs=0.307 localDecisionMs=167.440  bodyAdmissionMs=302.063 bodyReadMs=0.131 hashMs=0.151 requestToDeliveryMs=1539.339 upstreamHeadersMs=1067.046 sanitizeMs=470.489 downstreamWriteMs=0.498
09-08 08:25:02.224 24100 24100 I ChromePhotosDataPlane: phase=status statusSequence=2 lifecycle=PresentationReady active=true ready=true connections=15 requests=55 safe=9 blocked=0 unknown=1 passthrough=41 cacheHits=1 cacheMisses=9 failures=0 clientDisconnects=0 bytesIn=8214309 bytesOut=6876507 streamed=1 proxyQueueRejects=0 proxyActivePeak=15 proxyP50Ms=1.462 proxyP95Ms=1335.976 proxyP99Ms=1494.970 upstreamSockets=11 protectSuccess=11 protectFailure=0 web11a=not_run web11b=not_run modelLoadMs=284.000 engineCalls=9 dedupeHits=0 decisionCacheConfig=64 decisionConcurrencyConfig=2 decisionQueueConfig=2 decisionTimeoutMs=5000 engineCallsPerRequest=0.9 inferencePeak=2 inFlightPeak=2 queuePeak=1 queueRejects=0 timeouts=0 inferenceP50Ms=179.153489 inferenceP95Ms=197.323385 inferenceP99Ms=197.323385 decisionP50Ms=185.611927 decisionP95Ms=298.121511 decisionP99Ms=298.121511 cacheHitP50Ms=0.025104 cacheHitP95Ms=0.025104 cacheEntries=9 cacheEvictions=0 preprocessP50Ms=13.844792 preprocessP95Ms=101.225677 preprocessP99Ms=101.225677 preparedCount1=8 preparedCount4=0 preparedCount5=0 preparedCountOther=1 decisionBasis=None:8,Other:1 imageCandidates=10 imagePrefixPeeks=0 imageMagicCandidates=0 imageBodyAdmissionPeak=2 imageBodyAdmissionRejects=0 networkVisualCandidates=10 networkVisualReplaced=0 networkVisualRawDelivered=0 networkVisualSafeRawDelivered=9 networkVisualBlockedReplaced=0 networkVisualUnknownReplaced=0 networkVisualUnsupportedReplaced=1 networkVisualRawBlockedDelivered=0 networkVisualRawUnknownDelivered=0 networkVisualCacheHit=1 networkVisualInference=9 mediaDocumentsTransformed=1 mediaDocumentsFailClosed=0 documentTransformOutstanding=0 readyTokensOutstanding=1 uiSvgRegistered=0 uiSvgRegistryBytes=0 uiSvgCssRewritten=0 uiSvgCssRejected=0 uiSvgNetworkAccepted=0 uiSvgNetworkRejected=0 uiSvgAssetServed=0 uiSvgAssetRejected=0 h18=REPORT=not_run,EVENT_SEQUENCE=0,COMPAT_DOCS=0,STRICT_DOCS=0,STYLE_REQ=0,SCRIPT_REQ=0,DATA_REQ=0,NETWORK_REQ=0,REPORTS=0,LAST_DOC=none,NETWORK_SHA=ee17e3f62edde61823ce35732ea168f4f5986bff347ccfac063eca7f4009ee1b,AUDIT_SHA=74d4467bbf6833db4eeab998495b7dfc50db3b1f04f407704b839ad3f4b25582 h19=REPORT=not_run,DOCUMENTS=0,FRAMES=0,SCRIPTS=0,FIRST_ORIGINAL_SCRIPTS=0,STYLES=0,WORKERS=0,SERVICE_WORKERS=0,FRAME_REPORTS=0,FRAME_REPORT_REJECTS=0,FRAME_REPORT=not_run,FRAME_REPORT_SHA=not_run,FRAME_CHALLENGE_SHA=not_run,FRAME_GENERATION=0,FRAME_ACCEPTED_CHALLENGE_SHA=not_run,FRAME_REPORT_BINDING_SHA=not_run,SAME_URL_BODIES=0,REPORTS=0,SW_BOUNDARY={INSTALL_DOCS=0,WORKER_SCRIPTS=0,WORKER_PROBE_SCRIPTS=0,PROBE_DOCS=0,CLEANUP_DOCS=0,REPORTS_ACCEPTED=0,REPORTS_REJECTED=0,CONTROLLER_PRESENT=0,CONTROLLER_MISSING=0,NAV_FETCHES=0,SELF_READY_FETCHES=0,SELF_READY_PASS_THROUGH=0,SELF_READY_SYNTHETIC=0,NAV_SYNTHETIC=0,RESET_BASELINE_CLEAN=0,RESET_BASELINE_DIRTY=0,REGISTER_BLOCKED=0,REGISTER_SUCCEEDED=0,WORKER_REGISTER_BLOCKED=0,WORKER_REGISTER_SUCCEEDED=0,WORKER_REGISTER_UNSUPPORTED=0,WORKER_REGISTER_ERROR=0,LAST_CASE=none,LAST_EVENT=none,LAST_VALUE=none},UI_SVG={not_run} quicAttempts=0 directTcpAttempts=0 bootstrapResetGeneration=2 bootstrapCompleteGeneration=2 bootstrapResetCount=3 chromeSuspended=false guardSession=544 guardHeartbeatSequence=29 audit17State=0 audit17Navigation=0 audit17Events=11 audit17Dropped=0
09-08 08:25:02.224 24100 24100 I ChromeMediaShieldStatus: v=1 seq=2 kind=network mode=selective candidates=10 replaced=0 rawDelivered=0 safeRaw=9 blockedReplaced=0 unknownReplaced=0 unsupportedReplaced=1 rawBlocked=0 rawUnknown=0 cacheHit=1 decisionEngine=9 engineCalls=9
09-08 08:25:02.224 24100 24100 I ChromeMediaShieldStatus: v=1 seq=2 kind=document transformed=1 failClosed=0 outstanding=0 issued=1 claims=1 documentSequence=1 navigationSequence=1 readyRequests=3 readyPreflights=0 readyAccepted=1 readyRejected=0 parserBarrierRequests=0 parserBarrierReady=0 parserBarrierFailClosed=0 selfShield=true selfReadyRequests=1 selfReadyAccepted=1 selfReadyRejected=0 selfReadyRejectReason=none selfShieldReleaseCompleted=1 selfShieldParserContinued=1 selfShieldOriginalScriptStarted=0 selfShieldTraceRejected=0 selfShieldTraceOutstanding=1 bootstrapDiagnosticAccepted=0 bootstrapDiagnosticRejected=0 bootstrapDiagnosticRejectReason=none bootstrapDiagnosticStage=none bootstrapDiagnosticReason=none bootstrapDiagnosticOutstanding=0
09-08 08:25:02.224 24100 24100 I ChromeMediaShieldStatus: v=1 seq=2 kind=renderer reports=0 rejected=0 globalCallbacks=0 globalRecords=0 childRecords=0 attributeRecords=0 maxRecords=0 scanCalls=0 scanRoot=0 scanNodes=0 maxScanNodes=0 scanMicros=0 maxScanMicros=0 observerChildScans=0 observerAttributeScans=0 guardedScans=0 markupScans=0 shadowScans=0 initialScans=0 otherScans=0 sanitizeElement=0 sanitizeContainer=0 img=0 source=0 svg=0 iframe=0 canvas=0 video=0 safeIcon=0 lockIcon=0 geometryWrites=0 svgRecords=0 shadowRoots=0 shadowObservers=0 shadowCallbacks=0 shadowRecords=0 shadowScanCalls=0 ensureStyle=0 ensureCurtain=0 internalMutations=0
09-08 08:25:02.224 24100 24100 I ChromeMediaShieldStatus: v=1 seq=2 kind=rendererApis callScan=createElement=0/0 createElementNS=0/0 appendChild=0/0 insertBefore=0/0 replaceChild=0/0 append=0/0 prepend=0/0 replaceChildren=0/0 before=0/0 after=0/0 replaceWith=0/0 adjacentElement=0/0 moveBefore=0/0 rangeInsert=0/0 rangeSurround=0/0 adoptNode=0/0 cloneNode=0/0 importNode=0/0 safeMarkup=0/0 innerHTML=0/0 outerHTML=0/0 insertAdjacentHTML=0/0 setHTML=0/0 shadowInnerHTML=0/0 execCommandInsertHTML=0/0 mappedTextContent=0/0
09-08 08:25:02.225 24100 24100 I ChromeMediaShieldStatus: v=1 seq=2 kind=rendererFamilies roots=element/fragment/text/other factory:calls=0,scans=0,direct=0,roots=0/0/0/0,nodes=0,micros=0,maxMicros=0 domGuard:calls=0,scans=0,direct=0,roots=0/0/0/0,nodes=0,micros=0,maxMicros=0 markup:calls=0,scans=0,direct=0,roots=0/0/0/0,nodes=0,micros=0,maxMicros=0
09-08 08:25:02.225 24100 24100 I ChromeMediaShieldStatus: v=1 seq=2 kind=uiSvg registered=0 registryBytes=0 cssRewritten=0 cssRejected=0 networkAccepted=0 networkRejected=0 assetServed=0 assetRejected=0
09-08 08:25:02.225 24100 24100 I ChromeMediaShieldStatus: v=1 seq=2 kind=health failures=0 clientDisconnects=0 proxyQueueRejects=0 protectFailure=0 quicAttempts=0 directTcpAttempts=0 active=true ready=true
09-08 08:25:02.225 24100 24100 I ChromeMediaShieldStatus: v=1 seq=2 kind=fixture report=REPORT=not_run,DOCUMENTS=0,FRAMES=0,SCRIPTS=0,FIRST_ORIGINAL_SCRIPTS=0,STYLES=0,WORKERS=0,SERVICE_WORKERS=0,FRAME_REPORTS=0,FRAME_REPORT_REJECTS=0,FRAME_REPORT=not_run,FRAME_REPORT_SHA=not_run,FRAME_CHALLENGE_SHA=not_run,FRAME_GENERATION=0,FRAME_ACCEPTED_CHALLENGE_SHA=not_run,FRAME_REPORT_BINDING_SHA=not_run,SAME_URL_BODIES=0,REPORTS=0,SW_BOUNDARY={INSTALL_DOCS=0,WORKER_SCRIPTS=0,WORKER_PROBE_SCRIPTS=0,PROBE_DOCS=0,CLEANUP_DOCS=0,REPORTS_ACCEPTED=0,REPORTS_REJECTED=0,CONTROLLER_PRESENT=0,CONTROLLER_MISSING=0,NAV_FETCHES=0,SELF_READY_FETCHES=0,SELF_READY_PASS_THROUGH=0,SELF_READY_SYNTHETIC=0,NAV_SYNTHETIC=0,RESET_BASELINE_CLEAN=0,RESET_BASELINE_DIRTY=0,REGISTER_BLOCKED=0,REGISTER_SUCCEEDED=0,WORKER_REGISTER_BLOCKED=0,WORKER_REGISTER_SUCCEEDED=0,WORKER_REGISTER_UNSUPPORTED=0,WORKER_REGISTER_ERROR=0,LAST_CASE=none,LAST_EVENT=none,LAST_VALUE=none},UI_SVG={not_run}
09-08 08:25:02.433 24100 15474 I ChromePhotosDataPlane: bootstrap=chrome_blocked reason=manual_stop
09-08 08:25:02.445 24100 15474 I ChromePhotosDataPlane: phase=fail_closed reason=manual_stop
09-08 08:25:02.448 24100 15474 I ChromePhotosDataPlane: phase=status statusSequence=3 lifecycle=PresentationReady active=true ready=false connections=15 requests=56 safe=9 blocked=0 unknown=1 passthrough=42 cacheHits=1 cacheMisses=9 failures=0 clientDisconnects=0 bytesIn=8214309 bytesOut=6876507 streamed=1 proxyQueueRejects=0 proxyActivePeak=15 proxyP50Ms=1.415 proxyP95Ms=1335.976 proxyP99Ms=1494.970 upstreamSockets=11 protectSuccess=11 protectFailure=0 web11a=not_run web11b=not_run modelLoadMs=284.000 engineCalls=9 dedupeHits=0 decisionCacheConfig=64 decisionConcurrencyConfig=2 decisionQueueConfig=2 decisionTimeoutMs=5000 engineCallsPerRequest=0.9 inferencePeak=2 inFlightPeak=2 queuePeak=1 queueRejects=0 timeouts=0 inferenceP50Ms=179.153489 inferenceP95Ms=197.323385 inferenceP99Ms=197.323385 decisionP50Ms=185.611927 decisionP95Ms=298.121511 decisionP99Ms=298.121511 cacheHitP50Ms=0.025104 cacheHitP95Ms=0.025104 cacheEntries=9 cacheEvictions=0 preprocessP50Ms=13.844792 preprocessP95Ms=101.225677 preprocessP99Ms=101.225677 preparedCount1=8 preparedCount4=0 preparedCount5=0 preparedCountOther=1 decisionBasis=None:8,Other:1 imageCandidates=10 imagePrefixPeeks=0 imageMagicCandidates=0 imageBodyAdmissionPeak=2 imageBodyAdmissionRejects=0 networkVisualCandidates=10 networkVisualReplaced=0 networkVisualRawDelivered=0 networkVisualSafeRawDelivered=9 networkVisualBlockedReplaced=0 networkVisualUnknownReplaced=0 networkVisualUnsupportedReplaced=1 networkVisualRawBlockedDelivered=0 networkVisualRawUnknownDelivered=0 networkVisualCacheHit=1 networkVisualInference=9 mediaDocumentsTransformed=1 mediaDocumentsFailClosed=0 documentTransformOutstanding=0 readyTokensOutstanding=0 uiSvgRegistered=0 uiSvgRegistryBytes=0 uiSvgCssRewritten=0 uiSvgCssRejected=0 uiSvgNetworkAccepted=0 uiSvgNetworkRejected=0 uiSvgAssetServed=0 uiSvgAssetRejected=0 h18=REPORT=not_run,EVENT_SEQUENCE=0,COMPAT_DOCS=0,STRICT_DOCS=0,STYLE_REQ=0,SCRIPT_REQ=0,DATA_REQ=0,NETWORK_REQ=0,REPORTS=0,LAST_DOC=none,NETWORK_SHA=ee17e3f62edde61823ce35732ea168f4f5986bff347ccfac063eca7f4009ee1b,AUDIT_SHA=74d4467bbf6833db4eeab998495b7dfc50db3b1f04f407704b839ad3f4b25582 h19=REPORT=not_run,DOCUMENTS=0,FRAMES=0,SCRIPTS=0,FIRST_ORIGINAL_SCRIPTS=0,STYLES=0,WORKERS=0,SERVICE_WORKERS=0,FRAME_REPORTS=0,FRAME_REPORT_REJECTS=0,FRAME_REPORT=not_run,FRAME_REPORT_SHA=not_run,FRAME_CHALLENGE_SHA=not_run,FRAME_GENERATION=0,FRAME_ACCEPTED_CHALLENGE_SHA=not_run,FRAME_REPORT_BINDING_SHA=not_run,SAME_URL_BODIES=0,REPORTS=0,SW_BOUNDARY={INSTALL_DOCS=0,WORKER_SCRIPTS=0,WORKER_PROBE_SCRIPTS=0,PROBE_DOCS=0,CLEANUP_DOCS=0,REPORTS_ACCEPTED=0,REPORTS_REJECTED=0,CONTROLLER_PRESENT=0,CONTROLLER_MISSING=0,NAV_FETCHES=0,SELF_READY_FETCHES=0,SELF_READY_PASS_THROUGH=0,SELF_READY_SYNTHETIC=0,NAV_SYNTHETIC=0,RESET_BASELINE_CLEAN=0,RESET_BASELINE_DIRTY=0,REGISTER_BLOCKED=0,REGISTER_SUCCEEDED=0,WORKER_REGISTER_BLOCKED=0,WORKER_REGISTER_SUCCEEDED=0,WORKER_REGISTER_UNSUPPORTED=0,WORKER_REGISTER_ERROR=0,LAST_CASE=none,LAST_EVENT=none,LAST_VALUE=none},UI_SVG={not_run} quicAttempts=0 directTcpAttempts=0 bootstrapResetGeneration=2 bootstrapCompleteGeneration=2 bootstrapResetCount=3 chromeSuspended=true guardSession=544 guardHeartbeatSequence=29 audit17State=0 audit17Navigation=0 audit17Events=11 audit17Dropped=0
09-08 08:25:02.450 24100 15474 I ChromeMediaShieldStatus: v=1 seq=3 kind=network mode=selective candidates=10 replaced=0 rawDelivered=0 safeRaw=9 blockedReplaced=0 unknownReplaced=0 unsupportedReplaced=1 rawBlocked=0 rawUnknown=0 cacheHit=1 decisionEngine=9 engineCalls=9
09-08 08:25:02.451 24100 15474 I ChromeMediaShieldStatus: v=1 seq=3 kind=document transformed=1 failClosed=0 outstanding=0 issued=0 claims=0 documentSequence=0 navigationSequence=0 readyRequests=3 readyPreflights=0 readyAccepted=1 readyRejected=0 parserBarrierRequests=0 parserBarrierReady=0 parserBarrierFailClosed=0 selfShield=true selfReadyRequests=1 selfReadyAccepted=1 selfReadyRejected=0 selfReadyRejectReason=none selfShieldReleaseCompleted=1 selfShieldParserContinued=1 selfShieldOriginalScriptStarted=0 selfShieldTraceRejected=0 selfShieldTraceOutstanding=1 bootstrapDiagnosticAccepted=0 bootstrapDiagnosticRejected=0 bootstrapDiagnosticRejectReason=none bootstrapDiagnosticStage=none bootstrapDiagnosticReason=none bootstrapDiagnosticOutstanding=0
09-08 08:25:02.451 24100 15474 I ChromeMediaShieldStatus: v=1 seq=3 kind=renderer reports=0 rejected=0 globalCallbacks=0 globalRecords=0 childRecords=0 attributeRecords=0 maxRecords=0 scanCalls=0 scanRoot=0 scanNodes=0 maxScanNodes=0 scanMicros=0 maxScanMicros=0 observerChildScans=0 observerAttributeScans=0 guardedScans=0 markupScans=0 shadowScans=0 initialScans=0 otherScans=0 sanitizeElement=0 sanitizeContainer=0 img=0 source=0 svg=0 iframe=0 canvas=0 video=0 safeIcon=0 lockIcon=0 geometryWrites=0 svgRecords=0 shadowRoots=0 shadowObservers=0 shadowCallbacks=0 shadowRecords=0 shadowScanCalls=0 ensureStyle=0 ensureCurtain=0 internalMutations=0
09-08 08:25:02.451 24100 15474 I ChromeMediaShieldStatus: v=1 seq=3 kind=rendererApis callScan=createElement=0/0 createElementNS=0/0 appendChild=0/0 insertBefore=0/0 replaceChild=0/0 append=0/0 prepend=0/0 replaceChildren=0/0 before=0/0 after=0/0 replaceWith=0/0 adjacentElement=0/0 moveBefore=0/0 rangeInsert=0/0 rangeSurround=0/0 adoptNode=0/0 cloneNode=0/0 importNode=0/0 safeMarkup=0/0 innerHTML=0/0 outerHTML=0/0 insertAdjacentHTML=0/0 setHTML=0/0 shadowInnerHTML=0/0 execCommandInsertHTML=0/0 mappedTextContent=0/0
09-08 08:25:02.451 24100 15474 I ChromeMediaShieldStatus: v=1 seq=3 kind=rendererFamilies roots=element/fragment/text/other factory:calls=0,scans=0,direct=0,roots=0/0/0/0,nodes=0,micros=0,maxMicros=0 domGuard:calls=0,scans=0,direct=0,roots=0/0/0/0,nodes=0,micros=0,maxMicros=0 markup:calls=0,scans=0,direct=0,roots=0/0/0/0,nodes=0,micros=0,maxMicros=0
09-08 08:25:02.451 24100 15474 I ChromeMediaShieldStatus: v=1 seq=3 kind=uiSvg registered=0 registryBytes=0 cssRewritten=0 cssRejected=0 networkAccepted=0 networkRejected=0 assetServed=0 assetRejected=0
09-08 08:25:02.451 24100 15474 I ChromeMediaShieldStatus: v=1 seq=3 kind=health failures=0 clientDisconnects=0 proxyQueueRejects=0 protectFailure=0 quicAttempts=0 directTcpAttempts=0 active=true ready=false
09-08 08:25:02.451 24100 15474 I ChromeMediaShieldStatus: v=1 seq=3 kind=fixture report=REPORT=not_run,DOCUMENTS=0,FRAMES=0,SCRIPTS=0,FIRST_ORIGINAL_SCRIPTS=0,STYLES=0,WORKERS=0,SERVICE_WORKERS=0,FRAME_REPORTS=0,FRAME_REPORT_REJECTS=0,FRAME_REPORT=not_run,FRAME_REPORT_SHA=not_run,FRAME_CHALLENGE_SHA=not_run,FRAME_GENERATION=0,FRAME_ACCEPTED_CHALLENGE_SHA=not_run,FRAME_REPORT_BINDING_SHA=not_run,SAME_URL_BODIES=0,REPORTS=0,SW_BOUNDARY={INSTALL_DOCS=0,WORKER_SCRIPTS=0,WORKER_PROBE_SCRIPTS=0,PROBE_DOCS=0,CLEANUP_DOCS=0,REPORTS_ACCEPTED=0,REPORTS_REJECTED=0,CONTROLLER_PRESENT=0,CONTROLLER_MISSING=0,NAV_FETCHES=0,SELF_READY_FETCHES=0,SELF_READY_PASS_THROUGH=0,SELF_READY_SYNTHETIC=0,NAV_SYNTHETIC=0,RESET_BASELINE_CLEAN=0,RESET_BASELINE_DIRTY=0,REGISTER_BLOCKED=0,REGISTER_SUCCEEDED=0,WORKER_REGISTER_BLOCKED=0,WORKER_REGISTER_SUCCEEDED=0,WORKER_REGISTER_UNSUPPORTED=0,WORKER_REGISTER_ERROR=0,LAST_CASE=none,LAST_EVENT=none,LAST_VALUE=none},UI_SVG={not_run}
09-08 08:25:02.455 24100 16009 W ChromePhotosDataPlane: phase=connection_failed correlationId=c13 error=SocketException
09-08 08:25:02.455 24100 15973 W ChromePhotosDataPlane: phase=connection_failed correlationId=c6 error=SocketException
09-08 08:25:02.458 24100 15911 W ChromePhotosDataPlane: phase=connection_failed correlationId=c1 error=SocketException
09-08 08:25:02.460 24100 15985 W ChromePhotosDataPlane: phase=connection_failed correlationId=c12 error=SocketException
09-08 08:25:02.461 24100 15974 W ChromePhotosDataPlane: phase=connection_failed correlationId=c7 error=SocketException
09-08 08:25:02.462 24100 15981 W ChromePhotosDataPlane: phase=connection_failed correlationId=c10 error=SocketException
09-08 08:25:02.462 24100 15982 W ChromePhotosDataPlane: phase=connection_failed correlationId=c11 error=SocketException
09-08 08:25:02.462 24100 15954 W ChromePhotosDataPlane: phase=connection_failed correlationId=c3 error=SocketException
09-08 08:25:02.463 24100 15976 W ChromePhotosDataPlane: phase=connection_failed correlationId=c8 error=SocketException
09-08 08:25:02.463 24100 15959 W ChromePhotosDataPlane: phase=connection_failed correlationId=c4 error=SocketException
09-08 08:25:02.463 24100 15961 W ChromePhotosDataPlane: phase=connection_failed correlationId=c5 error=SocketException
09-08 08:25:02.463 24100 16057 W ChromePhotosDataPlane: phase=connection_failed correlationId=c15 error=SocketException
09-08 08:25:02.463 24100 15912 W ChromePhotosDataPlane: phase=connection_failed correlationId=c2 error=SocketException
09-08 08:25:02.465 24100 16014 W ChromePhotosDataPlane: phase=connection_failed correlationId=c14 error=SocketException
09-08 08:25:02.466 24100 15980 W ChromePhotosDataPlane: phase=connection_failed correlationId=c9 error=SocketException
09-08 08:25:02.498 24100 15474 I ChromePhotosDataPlane: phase=proxy_stopped cacheEntries=0 cleanup=complete
09-08 08:25:02.554 24100 15474 I ChromePhotosDataPlane: rollback=complete proxy=cleared ca=removed
09-08 08:25:02.563 24100 24100 I ChromePhotosDataPlane: vpnAttestation=revoked session=9197c099 fullTunnelApplied=false chromePackageAdmitted=false
09-08 08:25:02.567 24100 15474 I ChromePhotosDataPlane: rollback=vpn_restored action=refresh_routes
09-08 08:25:02.578 24100 15474 I ChromePhotosDataPlane: phase=stopped rollback=complete cache=cleared
09-08 08:25:02.692 24100 24100 I ChromePhotosDataPlane: bootstrap=chrome_blocked reason=service_destroyed
09-08 08:25:02.716 24100 24100 I ChromePhotosDataPlane: phase=fail_closed reason=service_destroyed
09-08 08:25:02.717 24100 24100 I ChromePhotosDataPlane: rollback=complete proxy=cleared ca=removed
09-08 08:25:02.929 24100 12515 I ChromePhotosDataPlane: vpnAttestation=revoked session=9197c099 fullTunnelApplied=false chromePackageAdmitted=true
09-08 08:25:05.573 24100 13762 I ChromePhotosDataPlane: bootstrap=chrome_blocked reason=session_start
09-08 08:25:05.578 24100 13762 I ChromePhotosDataPlane: rollback=complete proxy=cleared ca=removed
09-08 08:25:05.578 24100 13762 I ChromePhotosDataPlane: bootstrap=chrome_reset_skipped generation=2 resetCount=3
09-08 08:25:06.492 24100 16153 I ChromePhotosDataPlane: phase=proxy_ready bind=loopback port=8877
09-08 08:25:06.549 24100 16153 I ChromePhotosDataPlane: policy=chrome-only proxy=fixed stockMedia=true policyTypes=AIModeSettings:Integer,AllowBackForwardCacheForCacheControlNoStorePageEnabled:Boolean,BackForwardCacheEnabled:Boolean,DataUrlInSvgUseEnabled:Boolean,FindsSettings:Integer,ForceGoogleSafeSearch:Boolean,IncognitoModeAvailability:Integer,NTPContentSuggestionsEnabled:Boolean,SearchContentSharingSettings:Integer,SearchSuggestEnabled:Boolean,URLAllowlist:String,URLBlocklist:String ca=87a7d7a47ac5b439
09-08 08:25:06.553 24100 16153 I ChromePhotosDataPlane: phase=active owner=device_owner scope=chrome_only session=d985cb8a ca=87a7d7a47ac5b439 model=R3.1 modelSha=c8b64af8092d3718c58736a511c996d0d443dacf3eaa74620b1e5af439a3cd48 policy=dag-36 modelLoadMs=273.204 fixture=controlled fallbackHosts=5 routes=0 udpFixture=false udpTarget=:0 transport=full_tunnel_dev networkVisualMode=selective stockMediaAuthority=true documentSelfShield=true privacy=public_only_memory_only
09-08 08:25:06.558 24100 24100 I ChromePhotosDataPlane: vpnAttestation=revoked session=d985cb8a fullTunnelApplied=false chromePackageAdmitted=false
09-08 08:25:06.730 24100 12459 I ChromePhotosDataPlane: vpnAttestation=confirmed session=d985cb8a fullTunnelApplied=true chromePackageAdmitted=true
09-08 08:25:06.890 24100 12159 I ChromePhotosDataPlane: phase=presentation_ready scope=real_web failSafe=armed
09-08 08:25:11.236 24100 16329 I ChromePhotosDataPlane: phase=worker_ready correlationId=c1 admissionWaitMs=8.866
09-08 08:25:11.236 24100 16330 I ChromePhotosDataPlane: phase=worker_ready correlationId=c2 admissionWaitMs=1.454
09-08 08:25:11.276 24100 16329 I ChromePhotosDataPlane: phase=tls_certificate correlationId=c1 tlsCacheHit=false tlsCacheWaitMs=0.022 tlsCreationMs=29.960
09-08 08:25:11.276 24100 16329 I ChromePhotosDataPlane: phase=tls_material correlationId=c1 tlsMaterialMs=30.534
09-08 08:25:11.276 24100 16330 I ChromePhotosDataPlane: phase=tls_certificate correlationId=c2 tlsCacheHit=true tlsCacheWaitMs=24.871 tlsCreationMs=0.000
09-08 08:25:11.276 24100 16330 I ChromePhotosDataPlane: phase=tls_material correlationId=c2 tlsMaterialMs=25.195
09-08 08:25:11.541 24100 16329 I ChromePhotosDataPlane: phase=tls_ready correlationId=c1 hostClass=fixture hostHash=1c728e158a8cddb0 clientProtocol=http/1.1 ca=87a7d7a47ac5b439
09-08 08:25:11.543 24100 16330 I ChromePhotosDataPlane: phase=tls_ready correlationId=c2 hostClass=fixture hostHash=1c728e158a8cddb0 clientProtocol=http/1.1 ca=87a7d7a47ac5b439
09-08 08:25:11.658 24100 16329 I ChromePhotosDataPlane: phase=media_shield_document origin=fixture resource=fixture-index result=transformed documentSequence=1 navigationSequence=1 token=05f6cf07b0ee bytesOut=120276
09-08 08:25:11.755 24100 16369 I ChromePhotosDataPlane: phase=worker_ready correlationId=c3 admissionWaitMs=3.447
09-08 08:25:11.758 24100 16370 I ChromePhotosDataPlane: phase=worker_ready correlationId=c4 admissionWaitMs=1.414
09-08 08:25:11.791 24100 16329 I ChromePhotosDataPlane: phase=media_shield_ready result=204 bytesOut=0
09-08 08:25:11.796 24100 16369 I ChromePhotosDataPlane: phase=tls_certificate correlationId=c3 tlsCacheHit=false tlsCacheWaitMs=0.012 tlsCreationMs=23.663
09-08 08:25:11.796 24100 16369 I ChromePhotosDataPlane: phase=tls_material correlationId=c3 tlsMaterialMs=24.035
09-08 08:25:11.800 24100 16329 I ChromePhotosDataPlane: phase=media_shield_ready result=204 bytesOut=0
09-08 08:25:11.806 24100 16369 I ChromePhotosDataPlane: phase=tls_ready correlationId=c3 hostClass=network hostHash=9b0ff8cd24a50ec9 clientProtocol=http/1.1 ca=87a7d7a47ac5b439
09-08 08:25:11.811 24100 16329 I ChromePhotosDataPlane: phase=media_shield_ready result=204 bytesOut=0
09-08 08:25:11.825 24100 16384 I ChromePhotosDataPlane: phase=worker_ready correlationId=c5 admissionWaitMs=1.554
09-08 08:25:11.825 24100 16370 I ChromePhotosDataPlane: phase=tls_certificate correlationId=c4 tlsCacheHit=false tlsCacheWaitMs=17.215 tlsCreationMs=29.304
09-08 08:25:11.825 24100 16370 I ChromePhotosDataPlane: phase=tls_material correlationId=c4 tlsMaterialMs=47.054
09-08 08:25:11.828 24100 16385 I ChromePhotosDataPlane: phase=worker_ready correlationId=c6 admissionWaitMs=1.967
09-08 08:25:11.832 24100 16385 I ChromePhotosDataPlane: phase=tls_certificate correlationId=c6 tlsCacheHit=true tlsCacheWaitMs=0.013 tlsCreationMs=0.000
09-08 08:25:11.832 24100 16385 I ChromePhotosDataPlane: phase=tls_material correlationId=c6 tlsMaterialMs=0.224
09-08 08:25:11.835 24100 16386 I ChromePhotosDataPlane: phase=worker_ready correlationId=c7 admissionWaitMs=3.522
09-08 08:25:11.838 24100 16387 I ChromePhotosDataPlane: phase=worker_ready correlationId=c8 admissionWaitMs=0.530
09-08 08:25:11.839 24100 16384 I ChromePhotosDataPlane: phase=tls_certificate correlationId=c5 tlsCacheHit=true tlsCacheWaitMs=0.021 tlsCreationMs=0.000
09-08 08:25:11.840 24100 16384 I ChromePhotosDataPlane: phase=tls_material correlationId=c5 tlsMaterialMs=0.558
09-08 08:25:11.842 24100 16385 I ChromePhotosDataPlane: phase=tls_ready correlationId=c6 hostClass=network hostHash=9b0ff8cd24a50ec9 clientProtocol=http/1.1 ca=87a7d7a47ac5b439
09-08 08:25:11.850 24100 16329 I ChromePhotosDataPlane: resource=fixture-lease-script origin=fixture_local destination=chrome protocol=http/1.1 method=GET status=200 bytesIn=285 bytesOut=285 decision=passthrough 
09-08 08:25:11.852 24100 16389 I ChromePhotosDataPlane: phase=worker_ready correlationId=c9 admissionWaitMs=6.402
09-08 08:25:11.855 24100 16370 I ChromePhotosDataPlane: phase=tls_ready correlationId=c4 hostClass=network hostHash=80255870a6218fe0 clientProtocol=http/1.1 ca=87a7d7a47ac5b439
09-08 08:25:11.856 24100 16384 I ChromePhotosDataPlane: phase=tls_ready correlationId=c5 hostClass=network hostHash=9b0ff8cd24a50ec9 clientProtocol=http/1.1 ca=87a7d7a47ac5b439
09-08 08:25:11.887 24100 16387 I ChromePhotosDataPlane: phase=tls_certificate correlationId=c8 tlsCacheHit=false tlsCacheWaitMs=0.013 tlsCreationMs=29.780
09-08 08:25:11.887 24100 16387 I ChromePhotosDataPlane: phase=tls_material correlationId=c8 tlsMaterialMs=30.123
09-08 08:25:11.894 24100 16404 I ChromePhotosDataPlane: phase=worker_ready correlationId=c10 admissionWaitMs=0.473
09-08 08:25:11.898 24100 16405 I ChromePhotosDataPlane: phase=worker_ready correlationId=c11 admissionWaitMs=0.785
09-08 08:25:11.903 24100 16387 I ChromePhotosDataPlane: phase=tls_ready correlationId=c8 hostClass=network hostHash=1f6baa4a359d00da clientProtocol=http/1.1 ca=87a7d7a47ac5b439
09-08 08:25:11.905 24100 16406 I ChromePhotosDataPlane: phase=worker_ready correlationId=c12 admissionWaitMs=5.048
09-08 08:25:11.907 24100 16408 I ChromePhotosDataPlane: phase=worker_ready correlationId=c13 admissionWaitMs=1.092
09-08 08:25:11.916 24100 16386 I ChromePhotosDataPlane: phase=tls_certificate correlationId=c7 tlsCacheHit=false tlsCacheWaitMs=9.393 tlsCreationMs=28.633
09-08 08:25:11.916 24100 16386 I ChromePhotosDataPlane: phase=tls_material correlationId=c7 tlsMaterialMs=38.342
09-08 08:25:11.920 24100 16408 I ChromePhotosDataPlane: phase=tls_certificate correlationId=c13 tlsCacheHit=true tlsCacheWaitMs=0.012 tlsCreationMs=0.000
09-08 08:25:11.921 24100 16408 I ChromePhotosDataPlane: phase=tls_material correlationId=c13 tlsMaterialMs=0.320
09-08 08:25:11.922 24100 16386 I ChromePhotosDataPlane: phase=tls_ready correlationId=c7 hostClass=network hostHash=3aeb002460381c6f clientProtocol=http/1.1 ca=87a7d7a47ac5b439
09-08 08:25:11.927 24100 16408 I ChromePhotosDataPlane: phase=tls_ready correlationId=c13 hostClass=fixture hostHash=1c728e158a8cddb0 clientProtocol=http/1.1 ca=87a7d7a47ac5b439
09-08 08:25:11.936 24100 16408 I ChromePhotosDataPlane: phase=presentation_ready fixture=visible heartbeat=fresh failSafe=armed
09-08 08:25:11.937 24100 16389 I ChromePhotosDataPlane: phase=tls_certificate correlationId=c9 tlsCacheHit=false tlsCacheWaitMs=33.173 tlsCreationMs=20.733
09-08 08:25:11.937 24100 16405 I ChromePhotosDataPlane: phase=tls_certificate correlationId=c11 tlsCacheHit=true tlsCacheWaitMs=30.274 tlsCreationMs=0.000
09-08 08:25:11.937 24100 16404 I ChromePhotosDataPlane: phase=tls_certificate correlationId=c10 tlsCacheHit=true tlsCacheWaitMs=29.639 tlsCreationMs=0.000
09-08 08:25:11.937 24100 16389 I ChromePhotosDataPlane: phase=tls_material correlationId=c9 tlsMaterialMs=54.167
09-08 08:25:11.937 24100 16405 I ChromePhotosDataPlane: phase=tls_material correlationId=c11 tlsMaterialMs=30.426
09-08 08:25:11.937 24100 16404 I ChromePhotosDataPlane: phase=tls_material correlationId=c10 tlsMaterialMs=29.858
09-08 08:25:11.937 24100 16406 I ChromePhotosDataPlane: phase=tls_certificate correlationId=c12 tlsCacheHit=true tlsCacheWaitMs=25.115 tlsCreationMs=0.000
09-08 08:25:11.937 24100 16406 I ChromePhotosDataPlane: phase=tls_material correlationId=c12 tlsMaterialMs=25.249
09-08 08:25:11.941 24100 16389 I ChromePhotosDataPlane: phase=tls_ready correlationId=c9 hostClass=network hostHash=466884c463494e8a clientProtocol=http/1.1 ca=87a7d7a47ac5b439
09-08 08:25:11.943 24100 16405 I ChromePhotosDataPlane: phase=tls_ready correlationId=c11 hostClass=network hostHash=466884c463494e8a clientProtocol=http/1.1 ca=87a7d7a47ac5b439
09-08 08:25:11.943 24100 16404 I ChromePhotosDataPlane: phase=tls_ready correlationId=c10 hostClass=network hostHash=466884c463494e8a clientProtocol=http/1.1 ca=87a7d7a47ac5b439
09-08 08:25:11.946 24100 16406 I ChromePhotosDataPlane: phase=tls_ready correlationId=c12 hostClass=network hostHash=466884c463494e8a clientProtocol=http/1.1 ca=87a7d7a47ac5b439
09-08 08:25:12.156 24100 16386 I ChromePhotosDataPlane: origin=real hostClass=network hostHash=3aeb002460381c6f method=GET clientProtocol=http/1.1 upstreamProtocol=h2 status=302 contentType= bytesIn=0 bytesOut=0 cache=miss decision=passthrough   requestToDeliveryMs=231.896 upstreamHeadersMs=229.751 sanitizeMs=0.730 downstreamWriteMs=0.456
09-08 08:25:12.229 24100 16387 I ChromePhotosDataPlane: origin=real hostClass=network hostHash=1f6baa4a359d00da method=GET clientProtocol=http/1.1 upstreamProtocol=h2 status=200 contentType=image/avif bytesIn=28133 bytesOut=28133 cache=miss decision=safe reason=model_allow source=engine probability=0.0050848126 basis=None decodeMs=72.018 inferenceMs=136.562 inferenceQueueMs=0.483 localDecisionMs=209.717  bodyAdmissionMs=0.010 bodyReadMs=4.535 hashMs=0.196 requestToDeliveryMs=318.403 upstreamHeadersMs=102.140 sanitizeMs=214.644 downstreamWriteMs=0.513
09-08 08:25:12.236 24100 16437 I ChromePhotosDataPlane: phase=worker_ready correlationId=c14 admissionWaitMs=2.094
09-08 08:25:12.240 24100 16437 I ChromePhotosDataPlane: phase=tls_certificate correlationId=c14 tlsCacheHit=true tlsCacheWaitMs=0.018 tlsCreationMs=0.000
09-08 08:25:12.240 24100 16437 I ChromePhotosDataPlane: phase=tls_material correlationId=c14 tlsMaterialMs=0.235
09-08 08:25:12.249 24100 16437 I ChromePhotosDataPlane: phase=tls_ready correlationId=c14 hostClass=network hostHash=1f6baa4a359d00da clientProtocol=http/1.1 ca=87a7d7a47ac5b439
09-08 08:25:12.374 24100 16370 I ChromePhotosDataPlane: origin=real hostClass=network hostHash=80255870a6218fe0 method=GET clientProtocol=http/1.1 upstreamProtocol=h2 status=200 contentType=image/webp bytesIn=30320 bytesOut=30320 cache=miss decision=safe reason=model_allow source=engine probability=0.006820023 basis=None decodeMs=7.665 inferenceMs=137.066 inferenceQueueMs=186.982 localDecisionMs=332.245  bodyAdmissionMs=0.011 bodyReadMs=29.572 hashMs=0.221 requestToDeliveryMs=503.186 upstreamHeadersMs=132.997 sanitizeMs=368.109 downstreamWriteMs=0.612
09-08 08:25:12.555 24100 16404 I ChromePhotosDataPlane: origin=real hostClass=network hostHash=466884c463494e8a method=GET clientProtocol=http/1.1 upstreamProtocol=h2 status=200 contentType=image/jpeg bytesIn=837774 bytesOut=837774 cache=miss decision=safe reason=model_allow source=engine probability=0.0482603 basis=None decodeMs=28.762 inferenceMs=133.601 inferenceQueueMs=0.097 localDecisionMs=164.153  bodyAdmissionMs=253.773 bodyReadMs=2.449 hashMs=0.911 requestToDeliveryMs=609.353 upstreamHeadersMs=172.983 sanitizeMs=421.455 downstreamWriteMs=4.340
09-08 08:25:12.778 24100 16389 I ChromePhotosDataPlane: origin=real hostClass=network hostHash=466884c463494e8a method=GET clientProtocol=http/1.1 upstreamProtocol=h2 status=200 contentType=image/jpeg bytesIn=3403942 bytesOut=3403942 cache=miss decision=safe reason=model_allow source=engine probability=0.037037224 basis=None decodeMs=79.463 inferenceMs=129.270 inferenceQueueMs=136.868 localDecisionMs=348.986  bodyAdmissionMs=186.056 bodyReadMs=168.573 hashMs=5.841 requestToDeliveryMs=829.673 upstreamHeadersMs=92.796 sanitizeMs=709.674 downstreamWriteMs=21.240
09-08 08:25:12.950 24100 16405 I ChromePhotosDataPlane: origin=real hostClass=network hostHash=466884c463494e8a method=GET clientProtocol=http/1.1 upstreamProtocol=h2 status=200 contentType=image/png bytesIn=1452444 bytesOut=704 cache=miss decision=unknown reason=unsafe_dimensions source=engine probability=-1.0 basis=none decodeMs=0.349 inferenceMs=0.000 inferenceQueueMs=185.830 localDecisionMs=186.384  bodyAdmissionMs=602.844 bodyReadMs=8.505 hashMs=1.415 requestToDeliveryMs=1002.224 upstreamHeadersMs=201.693 sanitizeMs=799.275 downstreamWriteMs=0.406
09-08 08:25:12.950 24100 16437 I ChromePhotosDataPlane: origin=real hostClass=network hostHash=1f6baa4a359d00da method=GET clientProtocol=http/1.1 upstreamProtocol=h2 status=200 contentType=image/avif bytesIn=28133 bytesOut=28133 cache=hit decision=safe reason=model_allow source=cache probability=0.0050848126 basis=None decodeMs=0.000 inferenceMs=0.000 inferenceQueueMs=0.000 localDecisionMs=0.018  bodyAdmissionMs=653.322 bodyReadMs=0.223 hashMs=0.168 requestToDeliveryMs=699.363 upstreamHeadersMs=44.217 sanitizeMs=653.825 downstreamWriteMs=0.400
09-08 08:25:12.973 24100 16406 I ChromePhotosDataPlane: origin=real hostClass=network hostHash=466884c463494e8a method=GET clientProtocol=http/1.1 upstreamProtocol=h2 status=200 contentType=image/jpeg bytesIn=2372694 bytesOut=2372694 cache=miss decision=safe reason=model_allow source=engine probability=0.05782932 basis=None decodeMs=64.547 inferenceMs=129.117 inferenceQueueMs=196.297 localDecisionMs=392.448  bodyAdmissionMs=391.254 bodyReadMs=11.116 hashMs=4.232 requestToDeliveryMs=1023.703 upstreamHeadersMs=199.845 sanitizeMs=799.219 downstreamWriteMs=21.312
09-08 08:25:13.090 24100 16369 I ChromePhotosDataPlane: origin=real hostClass=network hostHash=9b0ff8cd24a50ec9 method=GET clientProtocol=http/1.1 upstreamProtocol=h2 status=200 contentType=image/png bytesIn=8090 bytesOut=8090 cache=miss decision=safe reason=model_allow source=engine probability=0.018158317 basis=None decodeMs=2.876 inferenceMs=133.196 inferenceQueueMs=0.888 localDecisionMs=137.673  bodyAdmissionMs=276.513 bodyReadMs=0.248 hashMs=0.153 requestToDeliveryMs=1283.368 upstreamHeadersMs=866.248 sanitizeMs=415.305 downstreamWriteMs=0.433
09-08 08:25:13.227 24100 16385 I ChromePhotosDataPlane: origin=real hostClass=network hostHash=9b0ff8cd24a50ec9 method=GET clientProtocol=http/1.1 upstreamProtocol=h2 status=200 contentType=image/jpeg bytesIn=35588 bytesOut=35588 cache=miss decision=safe reason=model_allow source=engine probability=0.042280197 basis=None decodeMs=3.615 inferenceMs=132.798 inferenceQueueMs=124.748 localDecisionMs=261.770  bodyAdmissionMs=242.849 bodyReadMs=13.490 hashMs=0.216 requestToDeliveryMs=1367.532 upstreamHeadersMs=847.174 sanitizeMs=518.447 downstreamWriteMs=0.718
09-08 08:25:13.361 24100 16384 I ChromePhotosDataPlane: origin=real hostClass=network hostHash=9b0ff8cd24a50ec9 method=GET clientProtocol=http/1.1 upstreamProtocol=h2 status=200 contentType=image/webp bytesIn=10568 bytesOut=10568 cache=miss decision=safe reason=model_allow source=engine probability=0.032659233 basis=None decodeMs=4.382 inferenceMs=129.292 inferenceQueueMs=134.240 localDecisionMs=268.669  bodyAdmissionMs=262.398 bodyReadMs=0.162 hashMs=0.251 requestToDeliveryMs=1496.067 upstreamHeadersMs=961.086 sanitizeMs=533.313 downstreamWriteMs=0.433
09-08 08:25:21.702 24100 24100 I ChromePhotosDataPlane: phase=status statusSequence=1 lifecycle=PresentationReady active=true ready=true connections=14 requests=56 safe=9 blocked=0 unknown=1 passthrough=42 cacheHits=1 cacheMisses=9 failures=0 clientDisconnects=0 bytesIn=8214309 bytesOut=6876507 streamed=0 proxyQueueRejects=0 proxyActivePeak=14 proxyP50Ms=1.102 proxyP95Ms=1023.846 proxyP99Ms=1367.625 upstreamSockets=10 protectSuccess=10 protectFailure=0 web11a=not_run web11b=not_run modelLoadMs=273.204 engineCalls=9 dedupeHits=0 decisionCacheConfig=64 decisionConcurrencyConfig=1 decisionQueueConfig=2 decisionTimeoutMs=5000 engineCallsPerRequest=0.9 inferencePeak=1 inFlightPeak=2 queuePeak=1 queueRejects=0 timeouts=0 inferenceP50Ms=132.797708 inferenceP95Ms=136.562499 inferenceP99Ms=136.562499 decisionP50Ms=209.716666 decisionP95Ms=348.986094 decisionP99Ms=348.986094 cacheHitP50Ms=0.017708 cacheHitP95Ms=0.017708 cacheEntries=9 cacheEvictions=0 preprocessP50Ms=7.664844 preprocessP95Ms=72.017761 preprocessP99Ms=72.017761 preparedCount1=8 preparedCount4=0 preparedCount5=0 preparedCountOther=1 decisionBasis=None:8,Other:1 imageCandidates=10 imagePrefixPeeks=0 imageMagicCandidates=0 imageBodyAdmissionPeak=2 imageBodyAdmissionRejects=0 networkVisualCandidates=10 networkVisualReplaced=0 networkVisualRawDelivered=0 networkVisualSafeRawDelivered=9 networkVisualBlockedReplaced=0 networkVisualUnknownReplaced=0 networkVisualUnsupportedReplaced=1 networkVisualRawBlockedDelivered=0 networkVisualRawUnknownDelivered=0 networkVisualCacheHit=1 networkVisualInference=9 mediaDocumentsTransformed=1 mediaDocumentsFailClosed=0 documentTransformOutstanding=0 readyTokensOutstanding=1 uiSvgRegistered=0 uiSvgRegistryBytes=0 uiSvgCssRewritten=0 uiSvgCssRejected=0 uiSvgNetworkAccepted=0 uiSvgNetworkRejected=0 uiSvgAssetServed=0 uiSvgAssetRejected=0 h18=REPORT=not_run,EVENT_SEQUENCE=0,COMPAT_DOCS=0,STRICT_DOCS=0,STYLE_REQ=0,SCRIPT_REQ=0,DATA_REQ=0,NETWORK_REQ=0,REPORTS=0,LAST_DOC=none,NETWORK_SHA=ee17e3f62edde61823ce35732ea168f4f5986bff347ccfac063eca7f4009ee1b,AUDIT_SHA=74d4467bbf6833db4eeab998495b7dfc50db3b1f04f407704b839ad3f4b25582 h19=REPORT=not_run,DOCUMENTS=0,FRAMES=0,SCRIPTS=0,FIRST_ORIGINAL_SCRIPTS=0,STYLES=0,WORKERS=0,SERVICE_WORKERS=0,FRAME_REPORTS=0,FRAME_REPORT_REJECTS=0,FRAME_REPORT=not_run,FRAME_REPORT_SHA=not_run,FRAME_CHALLENGE_SHA=not_run,FRAME_GENERATION=0,FRAME_ACCEPTED_CHALLENGE_SHA=not_run,FRAME_REPORT_BINDING_SHA=not_run,SAME_URL_BODIES=0,REPORTS=0,SW_BOUNDARY={INSTALL_DOCS=0,WORKER_SCRIPTS=0,WORKER_PROBE_SCRIPTS=0,PROBE_DOCS=0,CLEANUP_DOCS=0,REPORTS_ACCEPTED=0,REPORTS_REJECTED=0,CONTROLLER_PRESENT=0,CONTROLLER_MISSING=0,NAV_FETCHES=0,SELF_READY_FETCHES=0,SELF_READY_PASS_THROUGH=0,SELF_READY_SYNTHETIC=0,NAV_SYNTHETIC=0,RESET_BASELINE_CLEAN=0,RESET_BASELINE_DIRTY=0,REGISTER_BLOCKED=0,REGISTER_SUCCEEDED=0,WORKER_REGISTER_BLOCKED=0,WORKER_REGISTER_SUCCEEDED=0,WORKER_REGISTER_UNSUPPORTED=0,WORKER_REGISTER_ERROR=0,LAST_CASE=none,LAST_EVENT=none,LAST_VALUE=none},UI_SVG={not_run} quicAttempts=0 directTcpAttempts=0 bootstrapResetGeneration=2 bootstrapCompleteGeneration=2 bootstrapResetCount=3 chromeSuspended=false guardSession=545 guardHeartbeatSequence=28 audit17State=0 audit17Navigation=0 audit17Events=11 audit17Dropped=0
09-08 08:25:21.702 24100 24100 I ChromeMediaShieldStatus: v=1 seq=1 kind=network mode=selective candidates=10 replaced=0 rawDelivered=0 safeRaw=9 blockedReplaced=0 unknownReplaced=0 unsupportedReplaced=1 rawBlocked=0 rawUnknown=0 cacheHit=1 decisionEngine=9 engineCalls=9
09-08 08:25:21.702 24100 24100 I ChromeMediaShieldStatus: v=1 seq=1 kind=document transformed=1 failClosed=0 outstanding=0 issued=1 claims=1 documentSequence=1 navigationSequence=1 readyRequests=3 readyPreflights=0 readyAccepted=1 readyRejected=0 parserBarrierRequests=0 parserBarrierReady=0 parserBarrierFailClosed=0 selfShield=true selfReadyRequests=1 selfReadyAccepted=1 selfReadyRejected=0 selfReadyRejectReason=none selfShieldReleaseCompleted=1 selfShieldParserContinued=1 selfShieldOriginalScriptStarted=0 selfShieldTraceRejected=0 selfShieldTraceOutstanding=1 bootstrapDiagnosticAccepted=0 bootstrapDiagnosticRejected=0 bootstrapDiagnosticRejectReason=none bootstrapDiagnosticStage=none bootstrapDiagnosticReason=none bootstrapDiagnosticOutstanding=0
09-08 08:25:21.702 24100 24100 I ChromeMediaShieldStatus: v=1 seq=1 kind=renderer reports=0 rejected=0 globalCallbacks=0 globalRecords=0 childRecords=0 attributeRecords=0 maxRecords=0 scanCalls=0 scanRoot=0 scanNodes=0 maxScanNodes=0 scanMicros=0 maxScanMicros=0 observerChildScans=0 observerAttributeScans=0 guardedScans=0 markupScans=0 shadowScans=0 initialScans=0 otherScans=0 sanitizeElement=0 sanitizeContainer=0 img=0 source=0 svg=0 iframe=0 canvas=0 video=0 safeIcon=0 lockIcon=0 geometryWrites=0 svgRecords=0 shadowRoots=0 shadowObservers=0 shadowCallbacks=0 shadowRecords=0 shadowScanCalls=0 ensureStyle=0 ensureCurtain=0 internalMutations=0
09-08 08:25:21.703 24100 24100 I ChromeMediaShieldStatus: v=1 seq=1 kind=rendererApis callScan=createElement=0/0 createElementNS=0/0 appendChild=0/0 insertBefore=0/0 replaceChild=0/0 append=0/0 prepend=0/0 replaceChildren=0/0 before=0/0 after=0/0 replaceWith=0/0 adjacentElement=0/0 moveBefore=0/0 rangeInsert=0/0 rangeSurround=0/0 adoptNode=0/0 cloneNode=0/0 importNode=0/0 safeMarkup=0/0 innerHTML=0/0 outerHTML=0/0 insertAdjacentHTML=0/0 setHTML=0/0 shadowInnerHTML=0/0 execCommandInsertHTML=0/0 mappedTextContent=0/0
09-08 08:25:21.703 24100 24100 I ChromeMediaShieldStatus: v=1 seq=1 kind=rendererFamilies roots=element/fragment/text/other factory:calls=0,scans=0,direct=0,roots=0/0/0/0,nodes=0,micros=0,maxMicros=0 domGuard:calls=0,scans=0,direct=0,roots=0/0/0/0,nodes=0,micros=0,maxMicros=0 markup:calls=0,scans=0,direct=0,roots=0/0/0/0,nodes=0,micros=0,maxMicros=0
09-08 08:25:21.703 24100 24100 I ChromeMediaShieldStatus: v=1 seq=1 kind=uiSvg registered=0 registryBytes=0 cssRewritten=0 cssRejected=0 networkAccepted=0 networkRejected=0 assetServed=0 assetRejected=0
09-08 08:25:21.703 24100 24100 I ChromeMediaShieldStatus: v=1 seq=1 kind=health failures=0 clientDisconnects=0 proxyQueueRejects=0 protectFailure=0 quicAttempts=0 directTcpAttempts=0 active=true ready=true
09-08 08:25:21.703 24100 24100 I ChromeMediaShieldStatus: v=1 seq=1 kind=fixture report=REPORT=not_run,DOCUMENTS=0,FRAMES=0,SCRIPTS=0,FIRST_ORIGINAL_SCRIPTS=0,STYLES=0,WORKERS=0,SERVICE_WORKERS=0,FRAME_REPORTS=0,FRAME_REPORT_REJECTS=0,FRAME_REPORT=not_run,FRAME_REPORT_SHA=not_run,FRAME_CHALLENGE_SHA=not_run,FRAME_GENERATION=0,FRAME_ACCEPTED_CHALLENGE_SHA=not_run,FRAME_REPORT_BINDING_SHA=not_run,SAME_URL_BODIES=0,REPORTS=0,SW_BOUNDARY={INSTALL_DOCS=0,WORKER_SCRIPTS=0,WORKER_PROBE_SCRIPTS=0,PROBE_DOCS=0,CLEANUP_DOCS=0,REPORTS_ACCEPTED=0,REPORTS_REJECTED=0,CONTROLLER_PRESENT=0,CONTROLLER_MISSING=0,NAV_FETCHES=0,SELF_READY_FETCHES=0,SELF_READY_PASS_THROUGH=0,SELF_READY_SYNTHETIC=0,NAV_SYNTHETIC=0,RESET_BASELINE_CLEAN=0,RESET_BASELINE_DIRTY=0,REGISTER_BLOCKED=0,REGISTER_SUCCEEDED=0,WORKER_REGISTER_BLOCKED=0,WORKER_REGISTER_SUCCEEDED=0,WORKER_REGISTER_UNSUPPORTED=0,WORKER_REGISTER_ERROR=0,LAST_CASE=none,LAST_EVENT=none,LAST_VALUE=none},UI_SVG={not_run}
09-08 08:25:21.947 24100 12161 I ChromePhotosDataPlane: bootstrap=chrome_blocked reason=manual_stop
09-08 08:25:21.957 24100 12161 I ChromePhotosDataPlane: phase=fail_closed reason=manual_stop
09-08 08:25:21.959 24100 12161 I ChromePhotosDataPlane: phase=status statusSequence=2 lifecycle=PresentationReady active=true ready=false connections=14 requests=57 safe=9 blocked=0 unknown=1 passthrough=43 cacheHits=1 cacheMisses=9 failures=0 clientDisconnects=0 bytesIn=8214309 bytesOut=6876507 streamed=0 proxyQueueRejects=0 proxyActivePeak=14 proxyP50Ms=1.387 proxyP95Ms=1023.846 proxyP99Ms=1367.625 upstreamSockets=10 protectSuccess=10 protectFailure=0 web11a=not_run web11b=not_run modelLoadMs=273.204 engineCalls=9 dedupeHits=0 decisionCacheConfig=64 decisionConcurrencyConfig=1 decisionQueueConfig=2 decisionTimeoutMs=5000 engineCallsPerRequest=0.9 inferencePeak=1 inFlightPeak=2 queuePeak=1 queueRejects=0 timeouts=0 inferenceP50Ms=132.797708 inferenceP95Ms=136.562499 inferenceP99Ms=136.562499 decisionP50Ms=209.716666 decisionP95Ms=348.986094 decisionP99Ms=348.986094 cacheHitP50Ms=0.017708 cacheHitP95Ms=0.017708 cacheEntries=9 cacheEvictions=0 preprocessP50Ms=7.664844 preprocessP95Ms=72.017761 preprocessP99Ms=72.017761 preparedCount1=8 preparedCount4=0 preparedCount5=0 preparedCountOther=1 decisionBasis=None:8,Other:1 imageCandidates=10 imagePrefixPeeks=0 imageMagicCandidates=0 imageBodyAdmissionPeak=2 imageBodyAdmissionRejects=0 networkVisualCandidates=10 networkVisualReplaced=0 networkVisualRawDelivered=0 networkVisualSafeRawDelivered=9 networkVisualBlockedReplaced=0 networkVisualUnknownReplaced=0 networkVisualUnsupportedReplaced=1 networkVisualRawBlockedDelivered=0 networkVisualRawUnknownDelivered=0 networkVisualCacheHit=1 networkVisualInference=9 mediaDocumentsTransformed=1 mediaDocumentsFailClosed=0 documentTransformOutstanding=0 readyTokensOutstanding=0 uiSvgRegistered=0 uiSvgRegistryBytes=0 uiSvgCssRewritten=0 uiSvgCssRejected=0 uiSvgNetworkAccepted=0 uiSvgNetworkRejected=0 uiSvgAssetServed=0 uiSvgAssetRejected=0 h18=REPORT=not_run,EVENT_SEQUENCE=0,COMPAT_DOCS=0,STRICT_DOCS=0,STYLE_REQ=0,SCRIPT_REQ=0,DATA_REQ=0,NETWORK_REQ=0,REPORTS=0,LAST_DOC=none,NETWORK_SHA=ee17e3f62edde61823ce35732ea168f4f5986bff347ccfac063eca7f4009ee1b,AUDIT_SHA=74d4467bbf6833db4eeab998495b7dfc50db3b1f04f407704b839ad3f4b25582 h19=REPORT=not_run,DOCUMENTS=0,FRAMES=0,SCRIPTS=0,FIRST_ORIGINAL_SCRIPTS=0,STYLES=0,WORKERS=0,SERVICE_WORKERS=0,FRAME_REPORTS=0,FRAME_REPORT_REJECTS=0,FRAME_REPORT=not_run,FRAME_REPORT_SHA=not_run,FRAME_CHALLENGE_SHA=not_run,FRAME_GENERATION=0,FRAME_ACCEPTED_CHALLENGE_SHA=not_run,FRAME_REPORT_BINDING_SHA=not_run,SAME_URL_BODIES=0,REPORTS=0,SW_BOUNDARY={INSTALL_DOCS=0,WORKER_SCRIPTS=0,WORKER_PROBE_SCRIPTS=0,PROBE_DOCS=0,CLEANUP_DOCS=0,REPORTS_ACCEPTED=0,REPORTS_REJECTED=0,CONTROLLER_PRESENT=0,CONTROLLER_MISSING=0,NAV_FETCHES=0,SELF_READY_FETCHES=0,SELF_READY_PASS_THROUGH=0,SELF_READY_SYNTHETIC=0,NAV_SYNTHETIC=0,RESET_BASELINE_CLEAN=0,RESET_BASELINE_DIRTY=0,REGISTER_BLOCKED=0,REGISTER_SUCCEEDED=0,WORKER_REGISTER_BLOCKED=0,WORKER_REGISTER_SUCCEEDED=0,WORKER_REGISTER_UNSUPPORTED=0,WORKER_REGISTER_ERROR=0,LAST_CASE=none,LAST_EVENT=none,LAST_VALUE=none},UI_SVG={not_run} quicAttempts=0 directTcpAttempts=0 bootstrapResetGeneration=2 bootstrapCompleteGeneration=2 bootstrapResetCount=3 chromeSuspended=true guardSession=545 guardHeartbeatSequence=28 audit17State=0 audit17Navigation=0 audit17Events=11 audit17Dropped=0
09-08 08:25:21.959 24100 12161 I ChromeMediaShieldStatus: v=1 seq=2 kind=network mode=selective candidates=10 replaced=0 rawDelivered=0 safeRaw=9 blockedReplaced=0 unknownReplaced=0 unsupportedReplaced=1 rawBlocked=0 rawUnknown=0 cacheHit=1 decisionEngine=9 engineCalls=9
09-08 08:25:21.959 24100 12161 I ChromeMediaShieldStatus: v=1 seq=2 kind=document transformed=1 failClosed=0 outstanding=0 issued=0 claims=0 documentSequence=0 navigationSequence=0 readyRequests=3 readyPreflights=0 readyAccepted=1 readyRejected=0 parserBarrierRequests=0 parserBarrierReady=0 parserBarrierFailClosed=0 selfShield=true selfReadyRequests=1 selfReadyAccepted=1 selfReadyRejected=0 selfReadyRejectReason=none selfShieldReleaseCompleted=1 selfShieldParserContinued=1 selfShieldOriginalScriptStarted=0 selfShieldTraceRejected=0 selfShieldTraceOutstanding=1 bootstrapDiagnosticAccepted=0 bootstrapDiagnosticRejected=0 bootstrapDiagnosticRejectReason=none bootstrapDiagnosticStage=none bootstrapDiagnosticReason=none bootstrapDiagnosticOutstanding=0
09-08 08:25:21.959 24100 12161 I ChromeMediaShieldStatus: v=1 seq=2 kind=renderer reports=0 rejected=0 globalCallbacks=0 globalRecords=0 childRecords=0 attributeRecords=0 maxRecords=0 scanCalls=0 scanRoot=0 scanNodes=0 maxScanNodes=0 scanMicros=0 maxScanMicros=0 observerChildScans=0 observerAttributeScans=0 guardedScans=0 markupScans=0 shadowScans=0 initialScans=0 otherScans=0 sanitizeElement=0 sanitizeContainer=0 img=0 source=0 svg=0 iframe=0 canvas=0 video=0 safeIcon=0 lockIcon=0 geometryWrites=0 svgRecords=0 shadowRoots=0 shadowObservers=0 shadowCallbacks=0 shadowRecords=0 shadowScanCalls=0 ensureStyle=0 ensureCurtain=0 internalMutations=0
09-08 08:25:21.960 24100 12161 I ChromeMediaShieldStatus: v=1 seq=2 kind=rendererApis callScan=createElement=0/0 createElementNS=0/0 appendChild=0/0 insertBefore=0/0 replaceChild=0/0 append=0/0 prepend=0/0 replaceChildren=0/0 before=0/0 after=0/0 replaceWith=0/0 adjacentElement=0/0 moveBefore=0/0 rangeInsert=0/0 rangeSurround=0/0 adoptNode=0/0 cloneNode=0/0 importNode=0/0 safeMarkup=0/0 innerHTML=0/0 outerHTML=0/0 insertAdjacentHTML=0/0 setHTML=0/0 shadowInnerHTML=0/0 execCommandInsertHTML=0/0 mappedTextContent=0/0
09-08 08:25:21.960 24100 12161 I ChromeMediaShieldStatus: v=1 seq=2 kind=rendererFamilies roots=element/fragment/text/other factory:calls=0,scans=0,direct=0,roots=0/0/0/0,nodes=0,micros=0,maxMicros=0 domGuard:calls=0,scans=0,direct=0,roots=0/0/0/0,nodes=0,micros=0,maxMicros=0 markup:calls=0,scans=0,direct=0,roots=0/0/0/0,nodes=0,micros=0,maxMicros=0
09-08 08:25:21.960 24100 12161 I ChromeMediaShieldStatus: v=1 seq=2 kind=uiSvg registered=0 registryBytes=0 cssRewritten=0 cssRejected=0 networkAccepted=0 networkRejected=0 assetServed=0 assetRejected=0
09-08 08:25:21.960 24100 12161 I ChromeMediaShieldStatus: v=1 seq=2 kind=health failures=0 clientDisconnects=0 proxyQueueRejects=0 protectFailure=0 quicAttempts=0 directTcpAttempts=0 active=true ready=false
09-08 08:25:21.960 24100 12161 I ChromeMediaShieldStatus: v=1 seq=2 kind=fixture report=REPORT=not_run,DOCUMENTS=0,FRAMES=0,SCRIPTS=0,FIRST_ORIGINAL_SCRIPTS=0,STYLES=0,WORKERS=0,SERVICE_WORKERS=0,FRAME_REPORTS=0,FRAME_REPORT_REJECTS=0,FRAME_REPORT=not_run,FRAME_REPORT_SHA=not_run,FRAME_CHALLENGE_SHA=not_run,FRAME_GENERATION=0,FRAME_ACCEPTED_CHALLENGE_SHA=not_run,FRAME_REPORT_BINDING_SHA=not_run,SAME_URL_BODIES=0,REPORTS=0,SW_BOUNDARY={INSTALL_DOCS=0,WORKER_SCRIPTS=0,WORKER_PROBE_SCRIPTS=0,PROBE_DOCS=0,CLEANUP_DOCS=0,REPORTS_ACCEPTED=0,REPORTS_REJECTED=0,CONTROLLER_PRESENT=0,CONTROLLER_MISSING=0,NAV_FETCHES=0,SELF_READY_FETCHES=0,SELF_READY_PASS_THROUGH=0,SELF_READY_SYNTHETIC=0,NAV_SYNTHETIC=0,RESET_BASELINE_CLEAN=0,RESET_BASELINE_DIRTY=0,REGISTER_BLOCKED=0,REGISTER_SUCCEEDED=0,WORKER_REGISTER_BLOCKED=0,WORKER_REGISTER_SUCCEEDED=0,WORKER_REGISTER_UNSUPPORTED=0,WORKER_REGISTER_ERROR=0,LAST_CASE=none,LAST_EVENT=none,LAST_VALUE=none},UI_SVG={not_run}
09-08 08:25:21.962 24100 16405 W ChromePhotosDataPlane: phase=connection_failed correlationId=c11 error=SocketException
09-08 08:25:21.962 24100 16406 W ChromePhotosDataPlane: phase=connection_failed correlationId=c12 error=SocketException
09-08 08:25:21.962 24100 16329 W ChromePhotosDataPlane: phase=connection_failed correlationId=c1 error=SocketException
09-08 08:25:21.963 24100 16404 W ChromePhotosDataPlane: phase=connection_failed correlationId=c10 error=SocketException
09-08 08:25:21.963 24100 16330 W ChromePhotosDataPlane: phase=connection_failed correlationId=c2 error=SocketException
09-08 08:25:21.963 24100 16370 W ChromePhotosDataPlane: phase=connection_failed correlationId=c4 error=SocketException
09-08 08:25:21.963 24100 16437 W ChromePhotosDataPlane: phase=connection_failed correlationId=c14 error=SocketException
09-08 08:25:21.964 24100 16385 W ChromePhotosDataPlane: phase=connection_failed correlationId=c6 error=SocketException
09-08 08:25:21.964 24100 16369 W ChromePhotosDataPlane: phase=connection_failed correlationId=c3 error=SocketException
09-08 08:25:21.964 24100 16389 W ChromePhotosDataPlane: phase=connection_failed correlationId=c9 error=SocketException
09-08 08:25:21.964 24100 16387 W ChromePhotosDataPlane: phase=connection_failed correlationId=c8 error=SocketException
09-08 08:25:21.964 24100 16386 W ChromePhotosDataPlane: phase=connection_failed correlationId=c7 error=SocketException
09-08 08:25:21.965 24100 16384 W ChromePhotosDataPlane: phase=connection_failed correlationId=c5 error=SocketException
09-08 08:25:21.967 24100 16408 W ChromePhotosDataPlane: phase=connection_failed correlationId=c13 error=SocketException
09-08 08:25:21.999 24100 12161 I ChromePhotosDataPlane: phase=proxy_stopped cacheEntries=0 cleanup=complete
09-08 08:25:22.063 24100 12161 I ChromePhotosDataPlane: rollback=complete proxy=cleared ca=removed
09-08 08:25:22.079 24100 24100 I ChromePhotosDataPlane: vpnAttestation=revoked session=d985cb8a fullTunnelApplied=false chromePackageAdmitted=false
09-08 08:25:22.087 24100 12161 I ChromePhotosDataPlane: rollback=vpn_restored action=refresh_routes
09-08 08:25:22.111 24100 12161 I ChromePhotosDataPlane: phase=stopped rollback=complete cache=cleared
09-08 08:25:22.272 24100 24100 I ChromePhotosDataPlane: bootstrap=chrome_blocked reason=service_destroyed
09-08 08:25:22.280 24100 24100 I ChromePhotosDataPlane: phase=fail_closed reason=service_destroyed
09-08 08:25:22.291 24100 24100 I ChromePhotosDataPlane: rollback=complete proxy=cleared ca=removed
09-08 08:25:22.409 24100 12114 I ChromePhotosDataPlane: vpnAttestation=revoked session=d985cb8a fullTunnelApplied=false chromePackageAdmitted=true
09-08 08:25:25.058 24100 24477 I ChromePhotosDataPlane: bootstrap=chrome_blocked reason=session_start
09-08 08:25:25.060 24100 24477 I ChromePhotosDataPlane: rollback=complete proxy=cleared ca=removed
09-08 08:25:25.060 24100 24477 I ChromePhotosDataPlane: bootstrap=chrome_reset_skipped generation=2 resetCount=3
09-08 08:25:25.778 24100 24477 I ChromePhotosDataPlane: phase=proxy_ready bind=loopback port=8877
09-08 08:25:25.834 24100 24477 I ChromePhotosDataPlane: policy=chrome-only proxy=fixed stockMedia=true policyTypes=AIModeSettings:Integer,AllowBackForwardCacheForCacheControlNoStorePageEnabled:Boolean,BackForwardCacheEnabled:Boolean,DataUrlInSvgUseEnabled:Boolean,FindsSettings:Integer,ForceGoogleSafeSearch:Boolean,IncognitoModeAvailability:Integer,NTPContentSuggestionsEnabled:Boolean,SearchContentSharingSettings:Integer,SearchSuggestEnabled:Boolean,URLAllowlist:String,URLBlocklist:String ca=133ddb81f29bb016
09-08 08:25:25.838 24100 24477 I ChromePhotosDataPlane: phase=active owner=device_owner scope=chrome_only session=2fbf25ed ca=133ddb81f29bb016 model=R3.1 modelSha=c8b64af8092d3718c58736a511c996d0d443dacf3eaa74620b1e5af439a3cd48 policy=dag-36 modelLoadMs=273.170 fixture=controlled fallbackHosts=5 routes=0 udpFixture=false udpTarget=:0 transport=full_tunnel_dev networkVisualMode=selective stockMediaAuthority=true documentSelfShield=true privacy=public_only_memory_only
09-08 08:25:25.841 24100 24100 I ChromePhotosDataPlane: vpnAttestation=revoked session=2fbf25ed fullTunnelApplied=false chromePackageAdmitted=false
09-08 08:25:25.994 24100 12540 I ChromePhotosDataPlane: vpnAttestation=confirmed session=2fbf25ed fullTunnelApplied=true chromePackageAdmitted=true
09-08 08:25:26.176 24100 15784 I ChromePhotosDataPlane: phase=presentation_ready scope=real_web failSafe=armed
09-08 08:25:30.657 24100 16653 I ChromePhotosDataPlane: phase=worker_ready correlationId=c2 admissionWaitMs=4.821
09-08 08:25:30.673 24100 16652 I ChromePhotosDataPlane: phase=worker_ready correlationId=c1 admissionWaitMs=22.483
09-08 08:25:30.717 24100 16652 I ChromePhotosDataPlane: phase=tls_certificate correlationId=c1 tlsCacheHit=true tlsCacheWaitMs=40.180 tlsCreationMs=0.000
09-08 08:25:30.717 24100 16652 I ChromePhotosDataPlane: phase=tls_material correlationId=c1 tlsMaterialMs=40.374
09-08 08:25:30.717 24100 16653 I ChromePhotosDataPlane: phase=tls_certificate correlationId=c2 tlsCacheHit=false tlsCacheWaitMs=0.013 tlsCreationMs=49.795
09-08 08:25:30.717 24100 16653 I ChromePhotosDataPlane: phase=tls_material correlationId=c2 tlsMaterialMs=50.766
09-08 08:25:30.975 24100 16652 I ChromePhotosDataPlane: phase=tls_ready correlationId=c1 hostClass=fixture hostHash=1c728e158a8cddb0 clientProtocol=http/1.1 ca=133ddb81f29bb016
09-08 08:25:30.975 24100 16653 I ChromePhotosDataPlane: phase=tls_ready correlationId=c2 hostClass=fixture hostHash=1c728e158a8cddb0 clientProtocol=http/1.1 ca=133ddb81f29bb016
09-08 08:25:31.047 24100 16653 I ChromePhotosDataPlane: phase=media_shield_document origin=fixture resource=fixture-index result=transformed documentSequence=1 navigationSequence=1 token=18b1e7513422 bytesOut=120276
09-08 08:25:31.293 24100 16697 I ChromePhotosDataPlane: phase=worker_ready correlationId=c3 admissionWaitMs=6.103
09-08 08:25:31.299 24100 16698 I ChromePhotosDataPlane: phase=worker_ready correlationId=c4 admissionWaitMs=4.865
09-08 08:25:31.333 24100 16653 I ChromePhotosDataPlane: phase=media_shield_ready result=204 bytesOut=0
09-08 08:25:31.338 24100 16697 I ChromePhotosDataPlane: phase=tls_certificate correlationId=c3 tlsCacheHit=false tlsCacheWaitMs=0.024 tlsCreationMs=33.217
09-08 08:25:31.338 24100 16697 I ChromePhotosDataPlane: phase=tls_material correlationId=c3 tlsMaterialMs=34.777
09-08 08:25:31.342 24100 16653 I ChromePhotosDataPlane: phase=media_shield_ready result=204 bytesOut=0
09-08 08:25:31.347 24100 16697 I ChromePhotosDataPlane: phase=tls_ready correlationId=c3 hostClass=network hostHash=9b0ff8cd24a50ec9 clientProtocol=http/1.1 ca=133ddb81f29bb016
09-08 08:25:31.352 24100 16653 I ChromePhotosDataPlane: phase=media_shield_ready result=204 bytesOut=0
09-08 08:25:31.364 24100 16709 I ChromePhotosDataPlane: phase=worker_ready correlationId=c5 admissionWaitMs=2.909
09-08 08:25:31.368 24100 16711 I ChromePhotosDataPlane: phase=worker_ready correlationId=c6 admissionWaitMs=0.420
09-08 08:25:31.373 24100 16709 I ChromePhotosDataPlane: phase=tls_certificate correlationId=c5 tlsCacheHit=true tlsCacheWaitMs=0.013 tlsCreationMs=0.000
09-08 08:25:31.373 24100 16698 I ChromePhotosDataPlane: phase=tls_certificate correlationId=c4 tlsCacheHit=false tlsCacheWaitMs=22.714 tlsCreationMs=35.278
09-08 08:25:31.374 24100 16698 I ChromePhotosDataPlane: phase=tls_material correlationId=c4 tlsMaterialMs=58.490
09-08 08:25:31.375 24100 16709 I ChromePhotosDataPlane: phase=tls_material correlationId=c5 tlsMaterialMs=0.467
09-08 08:25:31.378 24100 16712 I ChromePhotosDataPlane: phase=worker_ready correlationId=c7 admissionWaitMs=5.694
09-08 08:25:31.379 24100 16711 I ChromePhotosDataPlane: phase=tls_certificate correlationId=c6 tlsCacheHit=true tlsCacheWaitMs=0.014 tlsCreationMs=0.000
09-08 08:25:31.379 24100 16711 I ChromePhotosDataPlane: phase=tls_material correlationId=c6 tlsMaterialMs=0.471
09-08 08:25:31.388 24100 16715 I ChromePhotosDataPlane: phase=worker_ready correlationId=c9 admissionWaitMs=1.377
09-08 08:25:31.388 24100 16713 I ChromePhotosDataPlane: phase=worker_ready correlationId=c8 admissionWaitMs=9.167
09-08 08:25:31.389 24100 16709 I ChromePhotosDataPlane: phase=tls_ready correlationId=c5 hostClass=network hostHash=9b0ff8cd24a50ec9 clientProtocol=http/1.1 ca=133ddb81f29bb016
09-08 08:25:31.391 24100 16711 I ChromePhotosDataPlane: phase=tls_ready correlationId=c6 hostClass=network hostHash=9b0ff8cd24a50ec9 clientProtocol=http/1.1 ca=133ddb81f29bb016
09-08 08:25:31.398 24100 16698 I ChromePhotosDataPlane: phase=tls_ready correlationId=c4 hostClass=network hostHash=80255870a6218fe0 clientProtocol=http/1.1 ca=133ddb81f29bb016
09-08 08:25:31.400 24100 16653 I ChromePhotosDataPlane: resource=fixture-lease-script origin=fixture_local destination=chrome protocol=http/1.1 method=GET status=200 bytesIn=285 bytesOut=285 decision=passthrough 
09-08 08:25:31.411 24100 16727 I ChromePhotosDataPlane: phase=worker_ready correlationId=c10 admissionWaitMs=5.102
09-08 08:25:31.419 24100 16729 I ChromePhotosDataPlane: phase=worker_ready correlationId=c11 admissionWaitMs=7.193
09-08 08:25:31.425 24100 16731 I ChromePhotosDataPlane: phase=worker_ready correlationId=c12 admissionWaitMs=6.998
09-08 08:25:31.433 24100 16712 I ChromePhotosDataPlane: phase=tls_certificate correlationId=c7 tlsCacheHit=false tlsCacheWaitMs=0.017 tlsCreationMs=41.391
09-08 08:25:31.433 24100 16712 I ChromePhotosDataPlane: phase=tls_material correlationId=c7 tlsMaterialMs=41.849
09-08 08:25:31.433 24100 16738 I ChromePhotosDataPlane: phase=worker_ready correlationId=c13 admissionWaitMs=2.300
09-08 08:25:31.440 24100 16738 I ChromePhotosDataPlane: phase=tls_certificate correlationId=c13 tlsCacheHit=true tlsCacheWaitMs=0.015 tlsCreationMs=0.000
09-08 08:25:31.440 24100 16738 I ChromePhotosDataPlane: phase=tls_material correlationId=c13 tlsMaterialMs=0.236
09-08 08:25:31.444 24100 16712 I ChromePhotosDataPlane: phase=tls_ready correlationId=c7 hostClass=network hostHash=3aeb002460381c6f clientProtocol=http/1.1 ca=133ddb81f29bb016
09-08 08:25:31.446 24100 16738 I ChromePhotosDataPlane: phase=tls_ready correlationId=c13 hostClass=fixture hostHash=1c728e158a8cddb0 clientProtocol=http/1.1 ca=133ddb81f29bb016
09-08 08:25:31.456 24100 16713 I ChromePhotosDataPlane: phase=tls_certificate correlationId=c8 tlsCacheHit=false tlsCacheWaitMs=22.571 tlsCreationMs=22.748
09-08 08:25:31.456 24100 16713 I ChromePhotosDataPlane: phase=tls_material correlationId=c8 tlsMaterialMs=45.642
09-08 08:25:31.458 24100 16738 I ChromePhotosDataPlane: phase=presentation_ready fixture=visible heartbeat=fresh failSafe=armed
09-08 08:25:31.461 24100 16713 I ChromePhotosDataPlane: phase=tls_ready correlationId=c8 hostClass=network hostHash=1f6baa4a359d00da clientProtocol=http/1.1 ca=133ddb81f29bb016
09-08 08:25:31.480 24100 16715 I ChromePhotosDataPlane: phase=tls_certificate correlationId=c9 tlsCacheHit=false tlsCacheWaitMs=30.458 tlsCreationMs=24.054
09-08 08:25:31.480 24100 16727 I ChromePhotosDataPlane: phase=tls_certificate correlationId=c10 tlsCacheHit=true tlsCacheWaitMs=44.901 tlsCreationMs=0.000
09-08 08:25:31.480 24100 16729 I ChromePhotosDataPlane: phase=tls_certificate correlationId=c11 tlsCacheHit=true tlsCacheWaitMs=44.611 tlsCreationMs=0.000
09-08 08:25:31.480 24100 16727 I ChromePhotosDataPlane: phase=tls_material correlationId=c10 tlsMaterialMs=45.029
09-08 08:25:31.480 24100 16715 I ChromePhotosDataPlane: phase=tls_material correlationId=c9 tlsMaterialMs=54.806
09-08 08:25:31.480 24100 16729 I ChromePhotosDataPlane: phase=tls_material correlationId=c11 tlsMaterialMs=44.719
09-08 08:25:31.480 24100 16731 I ChromePhotosDataPlane: phase=tls_certificate correlationId=c12 tlsCacheHit=true tlsCacheWaitMs=45.066 tlsCreationMs=0.000
09-08 08:25:31.480 24100 16731 I ChromePhotosDataPlane: phase=tls_material correlationId=c12 tlsMaterialMs=45.186
09-08 08:25:31.487 24100 16715 I ChromePhotosDataPlane: phase=tls_ready correlationId=c9 hostClass=network hostHash=466884c463494e8a clientProtocol=http/1.1 ca=133ddb81f29bb016
09-08 08:25:31.488 24100 16729 I ChromePhotosDataPlane: phase=tls_ready correlationId=c11 hostClass=network hostHash=466884c463494e8a clientProtocol=http/1.1 ca=133ddb81f29bb016
09-08 08:25:31.489 24100 16727 I ChromePhotosDataPlane: phase=tls_ready correlationId=c10 hostClass=network hostHash=466884c463494e8a clientProtocol=http/1.1 ca=133ddb81f29bb016
09-08 08:25:31.491 24100 16731 I ChromePhotosDataPlane: phase=tls_ready correlationId=c12 hostClass=network hostHash=466884c463494e8a clientProtocol=http/1.1 ca=133ddb81f29bb016
09-08 08:25:31.675 24100 16712 I ChromePhotosDataPlane: origin=real hostClass=network hostHash=3aeb002460381c6f method=GET clientProtocol=http/1.1 upstreamProtocol=h2 status=302 contentType= bytesIn=0 bytesOut=0 cache=miss decision=passthrough   requestToDeliveryMs=229.749 upstreamHeadersMs=227.718 sanitizeMs=0.386 downstreamWriteMs=0.573
09-08 08:25:31.761 24100 16698 I ChromePhotosDataPlane: origin=real hostClass=network hostHash=80255870a6218fe0 method=GET clientProtocol=http/1.1 upstreamProtocol=h2 status=200 contentType=image/webp bytesIn=30320 bytesOut=30320 cache=miss decision=safe reason=model_allow source=engine probability=0.006820023 basis=None decodeMs=10.413 inferenceMs=173.474 inferenceQueueMs=0.400 localDecisionMs=185.189  bodyAdmissionMs=0.010 bodyReadMs=19.894 hashMs=0.239 requestToDeliveryMs=358.225 upstreamHeadersMs=133.598 sanitizeMs=210.186 downstreamWriteMs=2.836
09-08 08:25:31.815 24100 16713 I ChromePhotosDataPlane: origin=real hostClass=network hostHash=1f6baa4a359d00da method=GET clientProtocol=http/1.1 upstreamProtocol=h2 status=200 contentType=image/avif bytesIn=28133 bytesOut=28133 cache=miss decision=safe reason=model_allow source=engine probability=0.0050848126 basis=None decodeMs=84.225 inferenceMs=161.640 inferenceQueueMs=0.389 localDecisionMs=246.912  bodyAdmissionMs=0.011 bodyReadMs=6.817 hashMs=0.172 requestToDeliveryMs=353.110 upstreamHeadersMs=97.001 sanitizeMs=254.088 downstreamWriteMs=0.615
09-08 08:25:31.821 24100 16767 I ChromePhotosDataPlane: phase=worker_ready correlationId=c14 admissionWaitMs=2.019
09-08 08:25:31.825 24100 16767 I ChromePhotosDataPlane: phase=tls_certificate correlationId=c14 tlsCacheHit=true tlsCacheWaitMs=0.017 tlsCreationMs=0.000
09-08 08:25:31.825 24100 16767 I ChromePhotosDataPlane: phase=tls_material correlationId=c14 tlsMaterialMs=0.179
09-08 08:25:31.831 24100 16767 I ChromePhotosDataPlane: phase=tls_ready correlationId=c14 hostClass=network hostHash=1f6baa4a359d00da clientProtocol=http/1.1 ca=133ddb81f29bb016
09-08 08:25:31.976 24100 16727 I ChromePhotosDataPlane: origin=real hostClass=network hostHash=466884c463494e8a method=GET clientProtocol=http/1.1 upstreamProtocol=h2 status=200 contentType=image/png bytesIn=1452444 bytesOut=704 cache=miss decision=unknown reason=unsafe_dimensions source=engine probability=-1.0 basis=none decodeMs=0.393 inferenceMs=0.000 inferenceQueueMs=0.085 localDecisionMs=0.675  bodyAdmissionMs=47.132 bodyReadMs=156.814 hashMs=1.397 requestToDeliveryMs=481.432 upstreamHeadersMs=270.873 sanitizeMs=206.184 downstreamWriteMs=0.453
09-08 08:25:32.303 24100 16767 I ChromePhotosDataPlane: origin=real hostClass=network hostHash=1f6baa4a359d00da method=GET clientProtocol=http/1.1 upstreamProtocol=h2 status=200 contentType=image/avif bytesIn=28133 bytesOut=28133 cache=hit decision=safe reason=model_allow source=cache probability=0.0050848126 basis=None decodeMs=0.000 inferenceMs=0.000 inferenceQueueMs=0.000 localDecisionMs=0.024  bodyAdmissionMs=423.010 bodyReadMs=0.193 hashMs=0.172 requestToDeliveryMs=470.960 upstreamHeadersMs=45.891 sanitizeMs=423.570 downstreamWriteMs=0.428
09-08 08:25:32.304 24100 16731 I ChromePhotosDataPlane: origin=real hostClass=network hostHash=466884c463494e8a method=GET clientProtocol=http/1.1 upstreamProtocol=h2 status=200 contentType=image/jpeg bytesIn=2372694 bytesOut=2372694 cache=miss decision=safe reason=model_allow source=engine probability=0.05782932 basis=None decodeMs=64.049 inferenceMs=168.748 inferenceQueueMs=0.173 localDecisionMs=235.505  bodyAdmissionMs=205.390 bodyReadMs=70.043 hashMs=2.153 requestToDeliveryMs=808.055 upstreamHeadersMs=271.344 sanitizeMs=513.264 downstreamWriteMs=19.974
09-08 08:25:32.335 24100 16715 I ChromePhotosDataPlane: origin=real hostClass=network hostHash=466884c463494e8a method=GET clientProtocol=http/1.1 upstreamProtocol=h2 status=200 contentType=image/jpeg bytesIn=3403942 bytesOut=3403942 cache=miss decision=safe reason=model_allow source=engine probability=0.037037224 basis=None decodeMs=79.274 inferenceMs=169.758 inferenceQueueMs=0.133 localDecisionMs=252.473  bodyAdmissionMs=183.298 bodyReadMs=290.008 hashMs=2.963 requestToDeliveryMs=842.541 upstreamHeadersMs=78.876 sanitizeMs=728.913 downstreamWriteMs=29.674
09-08 08:25:32.479 24100 16697 I ChromePhotosDataPlane: origin=real hostClass=network hostHash=9b0ff8cd24a50ec9 method=GET clientProtocol=http/1.1 upstreamProtocol=h2 status=200 contentType=image/png bytesIn=8090 bytesOut=8090 cache=miss decision=safe reason=model_allow source=engine probability=0.018158317 basis=None decodeMs=2.910 inferenceMs=169.823 inferenceQueueMs=0.118 localDecisionMs=173.522  bodyAdmissionMs=75.074 bodyReadMs=0.113 hashMs=0.140 requestToDeliveryMs=1130.359 upstreamHeadersMs=877.339 sanitizeMs=249.573 downstreamWriteMs=0.446
09-08 08:25:32.517 24100 16729 I ChromePhotosDataPlane: origin=real hostClass=network hostHash=466884c463494e8a method=GET clientProtocol=http/1.1 upstreamProtocol=h2 status=200 contentType=image/jpeg bytesIn=837774 bytesOut=837774 cache=miss decision=safe reason=model_allow source=engine probability=0.0482603 basis=None decodeMs=45.350 inferenceMs=173.886 inferenceQueueMs=1.972 localDecisionMs=222.957  bodyAdmissionMs=512.900 bodyReadMs=6.783 hashMs=0.882 requestToDeliveryMs=1023.907 upstreamHeadersMs=272.558 sanitizeMs=743.687 downstreamWriteMs=4.418
09-08 08:25:32.653 24100 16709 I ChromePhotosDataPlane: origin=real hostClass=network hostHash=9b0ff8cd24a50ec9 method=GET clientProtocol=http/1.1 upstreamProtocol=h2 status=200 contentType=image/jpeg bytesIn=35588 bytesOut=35588 cache=miss decision=safe reason=model_allow source=engine probability=0.042280197 basis=None decodeMs=3.745 inferenceMs=168.012 inferenceQueueMs=0.717 localDecisionMs=173.172  bodyAdmissionMs=216.080 bodyReadMs=0.201 hashMs=0.149 requestToDeliveryMs=1253.690 upstreamHeadersMs=860.822 sanitizeMs=389.695 downstreamWriteMs=0.662
09-08 08:25:32.701 24100 16711 I ChromePhotosDataPlane: origin=real hostClass=network hostHash=9b0ff8cd24a50ec9 method=GET clientProtocol=http/1.1 upstreamProtocol=h2 status=200 contentType=image/webp bytesIn=10568 bytesOut=10568 cache=miss decision=safe reason=model_allow source=engine probability=0.032659233 basis=None decodeMs=6.446 inferenceMs=163.671 inferenceQueueMs=0.187 localDecisionMs=171.078  bodyAdmissionMs=25.182 bodyReadMs=15.646 hashMs=0.275 requestToDeliveryMs=1301.588 upstreamHeadersMs=1074.675 sanitizeMs=213.998 downstreamWriteMs=0.437
09-08 08:25:41.004 24100 24100 I ChromePhotosDataPlane: phase=status statusSequence=1 lifecycle=PresentationReady active=true ready=true connections=14 requests=55 safe=9 blocked=0 unknown=1 passthrough=41 cacheHits=1 cacheMisses=9 failures=0 clientDisconnects=0 bytesIn=8214309 bytesOut=6876507 streamed=0 proxyQueueRejects=0 proxyActivePeak=14 proxyP50Ms=1.283 proxyP95Ms=1024.027 proxyP99Ms=1253.837 upstreamSockets=10 protectSuccess=10 protectFailure=0 web11a=not_run web11b=not_run modelLoadMs=273.170 engineCalls=9 dedupeHits=0 decisionCacheConfig=64 decisionConcurrencyConfig=2 decisionQueueConfig=2 decisionTimeoutMs=5000 engineCallsPerRequest=0.9 inferencePeak=2 inFlightPeak=2 queuePeak=1 queueRejects=0 timeouts=0 inferenceP50Ms=168.747917 inferenceP95Ms=173.47401 inferenceP99Ms=173.47401 decisionP50Ms=173.52151 decisionP95Ms=246.912292 decisionP99Ms=246.912292 cacheHitP50Ms=0.023594 cacheHitP95Ms=0.023594 cacheEntries=9 cacheEvictions=0 preprocessP50Ms=10.412552 preprocessP95Ms=79.274271 preprocessP99Ms=79.274271 preparedCount1=8 preparedCount4=0 preparedCount5=0 preparedCountOther=1 decisionBasis=None:8,Other:1 imageCandidates=10 imagePrefixPeeks=0 imageMagicCandidates=0 imageBodyAdmissionPeak=2 imageBodyAdmissionRejects=0 networkVisualCandidates=10 networkVisualReplaced=0 networkVisualRawDelivered=0 networkVisualSafeRawDelivered=9 networkVisualBlockedReplaced=0 networkVisualUnknownReplaced=0 networkVisualUnsupportedReplaced=1 networkVisualRawBlockedDelivered=0 networkVisualRawUnknownDelivered=0 networkVisualCacheHit=1 networkVisualInference=9 mediaDocumentsTransformed=1 mediaDocumentsFailClosed=0 documentTransformOutstanding=0 readyTokensOutstanding=1 uiSvgRegistered=0 uiSvgRegistryBytes=0 uiSvgCssRewritten=0 uiSvgCssRejected=0 uiSvgNetworkAccepted=0 uiSvgNetworkRejected=0 uiSvgAssetServed=0 uiSvgAssetRejected=0 h18=REPORT=not_run,EVENT_SEQUENCE=0,COMPAT_DOCS=0,STRICT_DOCS=0,STYLE_REQ=0,SCRIPT_REQ=0,DATA_REQ=0,NETWORK_REQ=0,REPORTS=0,LAST_DOC=none,NETWORK_SHA=ee17e3f62edde61823ce35732ea168f4f5986bff347ccfac063eca7f4009ee1b,AUDIT_SHA=74d4467bbf6833db4eeab998495b7dfc50db3b1f04f407704b839ad3f4b25582 h19=REPORT=not_run,DOCUMENTS=0,FRAMES=0,SCRIPTS=0,FIRST_ORIGINAL_SCRIPTS=0,STYLES=0,WORKERS=0,SERVICE_WORKERS=0,FRAME_REPORTS=0,FRAME_REPORT_REJECTS=0,FRAME_REPORT=not_run,FRAME_REPORT_SHA=not_run,FRAME_CHALLENGE_SHA=not_run,FRAME_GENERATION=0,FRAME_ACCEPTED_CHALLENGE_SHA=not_run,FRAME_REPORT_BINDING_SHA=not_run,SAME_URL_BODIES=0,REPORTS=0,SW_BOUNDARY={INSTALL_DOCS=0,WORKER_SCRIPTS=0,WORKER_PROBE_SCRIPTS=0,PROBE_DOCS=0,CLEANUP_DOCS=0,REPORTS_ACCEPTED=0,REPORTS_REJECTED=0,CONTROLLER_PRESENT=0,CONTROLLER_MISSING=0,NAV_FETCHES=0,SELF_READY_FETCHES=0,SELF_READY_PASS_THROUGH=0,SELF_READY_SYNTHETIC=0,NAV_SYNTHETIC=0,RESET_BASELINE_CLEAN=0,RESET_BASELINE_DIRTY=0,REGISTER_BLOCKED=0,REGISTER_SUCCEEDED=0,WORKER_REGISTER_BLOCKED=0,WORKER_REGISTER_SUCCEEDED=0,WORKER_REGISTER_UNSUPPORTED=0,WORKER_REGISTER_ERROR=0,LAST_CASE=none,LAST_EVENT=none,LAST_VALUE=none},UI_SVG={not_run} quicAttempts=0 directTcpAttempts=0 bootstrapResetGeneration=2 bootstrapCompleteGeneration=2 bootstrapResetCount=3 chromeSuspended=false guardSession=546 guardHeartbeatSequence=28 audit17State=0 audit17Navigation=0 audit17Events=11 audit17Dropped=0
09-08 08:25:41.004 24100 24100 I ChromeMediaShieldStatus: v=1 seq=1 kind=network mode=selective candidates=10 replaced=0 rawDelivered=0 safeRaw=9 blockedReplaced=0 unknownReplaced=0 unsupportedReplaced=1 rawBlocked=0 rawUnknown=0 cacheHit=1 decisionEngine=9 engineCalls=9
09-08 08:25:41.004 24100 24100 I ChromeMediaShieldStatus: v=1 seq=1 kind=document transformed=1 failClosed=0 outstanding=0 issued=1 claims=1 documentSequence=1 navigationSequence=1 readyRequests=3 readyPreflights=0 readyAccepted=1 readyRejected=0 parserBarrierRequests=0 parserBarrierReady=0 parserBarrierFailClosed=0 selfShield=true selfReadyRequests=1 selfReadyAccepted=1 selfReadyRejected=0 selfReadyRejectReason=none selfShieldReleaseCompleted=1 selfShieldParserContinued=1 selfShieldOriginalScriptStarted=0 selfShieldTraceRejected=0 selfShieldTraceOutstanding=1 bootstrapDiagnosticAccepted=0 bootstrapDiagnosticRejected=0 bootstrapDiagnosticRejectReason=none bootstrapDiagnosticStage=none bootstrapDiagnosticReason=none bootstrapDiagnosticOutstanding=0
09-08 08:25:41.004 24100 24100 I ChromeMediaShieldStatus: v=1 seq=1 kind=renderer reports=0 rejected=0 globalCallbacks=0 globalRecords=0 childRecords=0 attributeRecords=0 maxRecords=0 scanCalls=0 scanRoot=0 scanNodes=0 maxScanNodes=0 scanMicros=0 maxScanMicros=0 observerChildScans=0 observerAttributeScans=0 guardedScans=0 markupScans=0 shadowScans=0 initialScans=0 otherScans=0 sanitizeElement=0 sanitizeContainer=0 img=0 source=0 svg=0 iframe=0 canvas=0 video=0 safeIcon=0 lockIcon=0 geometryWrites=0 svgRecords=0 shadowRoots=0 shadowObservers=0 shadowCallbacks=0 shadowRecords=0 shadowScanCalls=0 ensureStyle=0 ensureCurtain=0 internalMutations=0
09-08 08:25:41.004 24100 24100 I ChromeMediaShieldStatus: v=1 seq=1 kind=rendererApis callScan=createElement=0/0 createElementNS=0/0 appendChild=0/0 insertBefore=0/0 replaceChild=0/0 append=0/0 prepend=0/0 replaceChildren=0/0 before=0/0 after=0/0 replaceWith=0/0 adjacentElement=0/0 moveBefore=0/0 rangeInsert=0/0 rangeSurround=0/0 adoptNode=0/0 cloneNode=0/0 importNode=0/0 safeMarkup=0/0 innerHTML=0/0 outerHTML=0/0 insertAdjacentHTML=0/0 setHTML=0/0 shadowInnerHTML=0/0 execCommandInsertHTML=0/0 mappedTextContent=0/0
09-08 08:25:41.004 24100 24100 I ChromeMediaShieldStatus: v=1 seq=1 kind=rendererFamilies roots=element/fragment/text/other factory:calls=0,scans=0,direct=0,roots=0/0/0/0,nodes=0,micros=0,maxMicros=0 domGuard:calls=0,scans=0,direct=0,roots=0/0/0/0,nodes=0,micros=0,maxMicros=0 markup:calls=0,scans=0,direct=0,roots=0/0/0/0,nodes=0,micros=0,maxMicros=0
09-08 08:25:41.004 24100 24100 I ChromeMediaShieldStatus: v=1 seq=1 kind=uiSvg registered=0 registryBytes=0 cssRewritten=0 cssRejected=0 networkAccepted=0 networkRejected=0 assetServed=0 assetRejected=0
09-08 08:25:41.004 24100 24100 I ChromeMediaShieldStatus: v=1 seq=1 kind=health failures=0 clientDisconnects=0 proxyQueueRejects=0 protectFailure=0 quicAttempts=0 directTcpAttempts=0 active=true ready=true
09-08 08:25:41.004 24100 24100 I ChromeMediaShieldStatus: v=1 seq=1 kind=fixture report=REPORT=not_run,DOCUMENTS=0,FRAMES=0,SCRIPTS=0,FIRST_ORIGINAL_SCRIPTS=0,STYLES=0,WORKERS=0,SERVICE_WORKERS=0,FRAME_REPORTS=0,FRAME_REPORT_REJECTS=0,FRAME_REPORT=not_run,FRAME_REPORT_SHA=not_run,FRAME_CHALLENGE_SHA=not_run,FRAME_GENERATION=0,FRAME_ACCEPTED_CHALLENGE_SHA=not_run,FRAME_REPORT_BINDING_SHA=not_run,SAME_URL_BODIES=0,REPORTS=0,SW_BOUNDARY={INSTALL_DOCS=0,WORKER_SCRIPTS=0,WORKER_PROBE_SCRIPTS=0,PROBE_DOCS=0,CLEANUP_DOCS=0,REPORTS_ACCEPTED=0,REPORTS_REJECTED=0,CONTROLLER_PRESENT=0,CONTROLLER_MISSING=0,NAV_FETCHES=0,SELF_READY_FETCHES=0,SELF_READY_PASS_THROUGH=0,SELF_READY_SYNTHETIC=0,NAV_SYNTHETIC=0,RESET_BASELINE_CLEAN=0,RESET_BASELINE_DIRTY=0,REGISTER_BLOCKED=0,REGISTER_SUCCEEDED=0,WORKER_REGISTER_BLOCKED=0,WORKER_REGISTER_SUCCEEDED=0,WORKER_REGISTER_UNSUPPORTED=0,WORKER_REGISTER_ERROR=0,LAST_CASE=none,LAST_EVENT=none,LAST_VALUE=none},UI_SVG={not_run}
09-08 08:25:41.178 24100 16154 I ChromePhotosDataPlane: bootstrap=chrome_blocked reason=manual_stop
09-08 08:25:41.203 24100 16154 I ChromePhotosDataPlane: phase=fail_closed reason=manual_stop
09-08 08:25:41.204 24100 16738 I ChromePhotosDataPlane: phase=presentation_ready fixture=visible heartbeat=fresh failSafe=armed
09-08 08:25:41.210 24100 16154 I ChromePhotosDataPlane: phase=status statusSequence=2 lifecycle=PresentationReady active=true ready=true connections=14 requests=56 safe=9 blocked=0 unknown=1 passthrough=42 cacheHits=1 cacheMisses=9 failures=0 clientDisconnects=0 bytesIn=8214309 bytesOut=6876507 streamed=0 proxyQueueRejects=0 proxyActivePeak=14 proxyP50Ms=1.169 proxyP95Ms=1024.027 proxyP99Ms=1253.837 upstreamSockets=10 protectSuccess=10 protectFailure=0 web11a=not_run web11b=not_run modelLoadMs=273.170 engineCalls=9 dedupeHits=0 decisionCacheConfig=64 decisionConcurrencyConfig=2 decisionQueueConfig=2 decisionTimeoutMs=5000 engineCallsPerRequest=0.9 inferencePeak=2 inFlightPeak=2 queuePeak=1 queueRejects=0 timeouts=0 inferenceP50Ms=168.747917 inferenceP95Ms=173.47401 inferenceP99Ms=173.47401 decisionP50Ms=173.52151 decisionP95Ms=246.912292 decisionP99Ms=246.912292 cacheHitP50Ms=0.023594 cacheHitP95Ms=0.023594 cacheEntries=9 cacheEvictions=0 preprocessP50Ms=10.412552 preprocessP95Ms=79.274271 preprocessP99Ms=79.274271 preparedCount1=8 preparedCount4=0 preparedCount5=0 preparedCountOther=1 decisionBasis=None:8,Other:1 imageCandidates=10 imagePrefixPeeks=0 imageMagicCandidates=0 imageBodyAdmissionPeak=2 imageBodyAdmissionRejects=0 networkVisualCandidates=10 networkVisualReplaced=0 networkVisualRawDelivered=0 networkVisualSafeRawDelivered=9 networkVisualBlockedReplaced=0 networkVisualUnknownReplaced=0 networkVisualUnsupportedReplaced=1 networkVisualRawBlockedDelivered=0 networkVisualRawUnknownDelivered=0 networkVisualCacheHit=1 networkVisualInference=9 mediaDocumentsTransformed=1 mediaDocumentsFailClosed=0 documentTransformOutstanding=0 readyTokensOutstanding=0 uiSvgRegistered=0 uiSvgRegistryBytes=0 uiSvgCssRewritten=0 uiSvgCssRejected=0 uiSvgNetworkAccepted=0 uiSvgNetworkRejected=0 uiSvgAssetServed=0 uiSvgAssetRejected=0 h18=REPORT=not_run,EVENT_SEQUENCE=0,COMPAT_DOCS=0,STRICT_DOCS=0,STYLE_REQ=0,SCRIPT_REQ=0,DATA_REQ=0,NETWORK_REQ=0,REPORTS=0,LAST_DOC=none,NETWORK_SHA=ee17e3f62edde61823ce35732ea168f4f5986bff347ccfac063eca7f4009ee1b,AUDIT_SHA=74d4467bbf6833db4eeab998495b7dfc50db3b1f04f407704b839ad3f4b25582 h19=REPORT=not_run,DOCUMENTS=0,FRAMES=0,SCRIPTS=0,FIRST_ORIGINAL_SCRIPTS=0,STYLES=0,WORKERS=0,SERVICE_WORKERS=0,FRAME_REPORTS=0,FRAME_REPORT_REJECTS=0,FRAME_REPORT=not_run,FRAME_REPORT_SHA=not_run,FRAME_CHALLENGE_SHA=not_run,FRAME_GENERATION=0,FRAME_ACCEPTED_CHALLENGE_SHA=not_run,FRAME_REPORT_BINDING_SHA=not_run,SAME_URL_BODIES=0,REPORTS=0,SW_BOUNDARY={INSTALL_DOCS=0,WORKER_SCRIPTS=0,WORKER_PROBE_SCRIPTS=0,PROBE_DOCS=0,CLEANUP_DOCS=0,REPORTS_ACCEPTED=0,REPORTS_REJECTED=0,CONTROLLER_PRESENT=0,CONTROLLER_MISSING=0,NAV_FETCHES=0,SELF_READY_FETCHES=0,SELF_READY_PASS_THROUGH=0,SELF_READY_SYNTHETIC=0,NAV_SYNTHETIC=0,RESET_BASELINE_CLEAN=0,RESET_BASELINE_DIRTY=0,REGISTER_BLOCKED=0,REGISTER_SUCCEEDED=0,WORKER_REGISTER_BLOCKED=0,WORKER_REGISTER_SUCCEEDED=0,WORKER_REGISTER_UNSUPPORTED=0,WORKER_REGISTER_ERROR=0,LAST_CASE=none,LAST_EVENT=none,LAST_VALUE=none},UI_SVG={not_run} quicAttempts=0 directTcpAttempts=0 bootstrapResetGeneration=2 bootstrapCompleteGeneration=2 bootstrapResetCount=3 chromeSuspended=true guardSession=546 guardHeartbeatSequence=28 audit17State=0 audit17Navigation=0 audit17Events=11 audit17Dropped=0
09-08 08:25:41.210 24100 16154 I ChromeMediaShieldStatus: v=1 seq=2 kind=network mode=selective candidates=10 replaced=0 rawDelivered=0 safeRaw=9 blockedReplaced=0 unknownReplaced=0 unsupportedReplaced=1 rawBlocked=0 rawUnknown=0 cacheHit=1 decisionEngine=9 engineCalls=9
09-08 08:25:41.210 24100 16154 I ChromeMediaShieldStatus: v=1 seq=2 kind=document transformed=1 failClosed=0 outstanding=0 issued=0 claims=0 documentSequence=0 navigationSequence=0 readyRequests=3 readyPreflights=0 readyAccepted=1 readyRejected=0 parserBarrierRequests=0 parserBarrierReady=0 parserBarrierFailClosed=0 selfShield=true selfReadyRequests=1 selfReadyAccepted=1 selfReadyRejected=0 selfReadyRejectReason=none selfShieldReleaseCompleted=1 selfShieldParserContinued=1 selfShieldOriginalScriptStarted=0 selfShieldTraceRejected=0 selfShieldTraceOutstanding=1 bootstrapDiagnosticAccepted=0 bootstrapDiagnosticRejected=0 bootstrapDiagnosticRejectReason=none bootstrapDiagnosticStage=none bootstrapDiagnosticReason=none bootstrapDiagnosticOutstanding=0
09-08 08:25:41.210 24100 16154 I ChromeMediaShieldStatus: v=1 seq=2 kind=renderer reports=0 rejected=0 globalCallbacks=0 globalRecords=0 childRecords=0 attributeRecords=0 maxRecords=0 scanCalls=0 scanRoot=0 scanNodes=0 maxScanNodes=0 scanMicros=0 maxScanMicros=0 observerChildScans=0 observerAttributeScans=0 guardedScans=0 markupScans=0 shadowScans=0 initialScans=0 otherScans=0 sanitizeElement=0 sanitizeContainer=0 img=0 source=0 svg=0 iframe=0 canvas=0 video=0 safeIcon=0 lockIcon=0 geometryWrites=0 svgRecords=0 shadowRoots=0 shadowObservers=0 shadowCallbacks=0 shadowRecords=0 shadowScanCalls=0 ensureStyle=0 ensureCurtain=0 internalMutations=0
09-08 08:25:41.210 24100 16154 I ChromeMediaShieldStatus: v=1 seq=2 kind=rendererApis callScan=createElement=0/0 createElementNS=0/0 appendChild=0/0 insertBefore=0/0 replaceChild=0/0 append=0/0 prepend=0/0 replaceChildren=0/0 before=0/0 after=0/0 replaceWith=0/0 adjacentElement=0/0 moveBefore=0/0 rangeInsert=0/0 rangeSurround=0/0 adoptNode=0/0 cloneNode=0/0 importNode=0/0 safeMarkup=0/0 innerHTML=0/0 outerHTML=0/0 insertAdjacentHTML=0/0 setHTML=0/0 shadowInnerHTML=0/0 execCommandInsertHTML=0/0 mappedTextContent=0/0
09-08 08:25:41.211 24100 16154 I ChromeMediaShieldStatus: v=1 seq=2 kind=rendererFamilies roots=element/fragment/text/other factory:calls=0,scans=0,direct=0,roots=0/0/0/0,nodes=0,micros=0,maxMicros=0 domGuard:calls=0,scans=0,direct=0,roots=0/0/0/0,nodes=0,micros=0,maxMicros=0 markup:calls=0,scans=0,direct=0,roots=0/0/0/0,nodes=0,micros=0,maxMicros=0
09-08 08:25:41.211 24100 16154 I ChromeMediaShieldStatus: v=1 seq=2 kind=uiSvg registered=0 registryBytes=0 cssRewritten=0 cssRejected=0 networkAccepted=0 networkRejected=0 assetServed=0 assetRejected=0
09-08 08:25:41.211 24100 16154 I ChromeMediaShieldStatus: v=1 seq=2 kind=health failures=0 clientDisconnects=0 proxyQueueRejects=0 protectFailure=0 quicAttempts=0 directTcpAttempts=0 active=true ready=true
09-08 08:25:41.211 24100 16154 I ChromeMediaShieldStatus: v=1 seq=2 kind=fixture report=REPORT=not_run,DOCUMENTS=0,FRAMES=0,SCRIPTS=0,FIRST_ORIGINAL_SCRIPTS=0,STYLES=0,WORKERS=0,SERVICE_WORKERS=0,FRAME_REPORTS=0,FRAME_REPORT_REJECTS=0,FRAME_REPORT=not_run,FRAME_REPORT_SHA=not_run,FRAME_CHALLENGE_SHA=not_run,FRAME_GENERATION=0,FRAME_ACCEPTED_CHALLENGE_SHA=not_run,FRAME_REPORT_BINDING_SHA=not_run,SAME_URL_BODIES=0,REPORTS=0,SW_BOUNDARY={INSTALL_DOCS=0,WORKER_SCRIPTS=0,WORKER_PROBE_SCRIPTS=0,PROBE_DOCS=0,CLEANUP_DOCS=0,REPORTS_ACCEPTED=0,REPORTS_REJECTED=0,CONTROLLER_PRESENT=0,CONTROLLER_MISSING=0,NAV_FETCHES=0,SELF_READY_FETCHES=0,SELF_READY_PASS_THROUGH=0,SELF_READY_SYNTHETIC=0,NAV_SYNTHETIC=0,RESET_BASELINE_CLEAN=0,RESET_BASELINE_DIRTY=0,REGISTER_BLOCKED=0,REGISTER_SUCCEEDED=0,WORKER_REGISTER_BLOCKED=0,WORKER_REGISTER_SUCCEEDED=0,WORKER_REGISTER_UNSUPPORTED=0,WORKER_REGISTER_ERROR=0,LAST_CASE=none,LAST_EVENT=none,LAST_VALUE=none},UI_SVG={not_run}
09-08 08:25:41.212 24100 16652 W ChromePhotosDataPlane: phase=connection_failed correlationId=c1 error=SocketException
09-08 08:25:41.213 24100 16727 W ChromePhotosDataPlane: phase=connection_failed correlationId=c10 error=SocketException
09-08 08:25:41.213 24100 16698 W ChromePhotosDataPlane: phase=connection_failed correlationId=c4 error=SocketException
09-08 08:25:41.213 24100 16709 W ChromePhotosDataPlane: phase=connection_failed correlationId=c5 error=SocketException
09-08 08:25:41.214 24100 16715 W ChromePhotosDataPlane: phase=connection_failed correlationId=c9 error=SocketException
09-08 08:25:41.214 24100 16697 W ChromePhotosDataPlane: phase=connection_failed correlationId=c3 error=SocketException
09-08 08:25:41.214 24100 16653 W ChromePhotosDataPlane: phase=connection_failed correlationId=c2 error=SocketException
09-08 08:25:41.214 24100 16731 W ChromePhotosDataPlane: phase=connection_failed correlationId=c12 error=SocketException
09-08 08:25:41.215 24100 16712 W ChromePhotosDataPlane: phase=connection_failed correlationId=c7 error=SocketException
09-08 08:25:41.215 24100 16767 W ChromePhotosDataPlane: phase=connection_failed correlationId=c14 error=SocketException
09-08 08:25:41.215 24100 16711 W ChromePhotosDataPlane: phase=connection_failed correlationId=c6 error=SocketException
09-08 08:25:41.215 24100 16729 W ChromePhotosDataPlane: phase=connection_failed correlationId=c11 error=SocketException
09-08 08:25:41.218 24100 16713 W ChromePhotosDataPlane: phase=connection_failed correlationId=c8 error=SocketException
09-08 08:25:41.223 24100 16738 W ChromePhotosDataPlane: phase=connection_failed correlationId=c13 error=SocketException
09-08 08:25:41.262 24100 16154 I ChromePhotosDataPlane: phase=proxy_stopped cacheEntries=0 cleanup=complete
09-08 08:25:41.357 24100 16154 I ChromePhotosDataPlane: rollback=complete proxy=cleared ca=removed
09-08 08:25:41.403 24100 24100 I ChromePhotosDataPlane: vpnAttestation=revoked session=2fbf25ed fullTunnelApplied=false chromePackageAdmitted=false
09-08 08:25:41.422 24100 16154 I ChromePhotosDataPlane: rollback=vpn_restored action=refresh_routes
09-08 08:25:41.482 24100 16154 I ChromePhotosDataPlane: phase=stopped rollback=complete cache=cleared
09-08 08:25:41.531 24100 24100 I ChromePhotosDataPlane: bootstrap=chrome_blocked reason=service_destroyed
09-08 08:25:41.546 24100 24100 I ChromePhotosDataPlane: phase=fail_closed reason=service_destroyed
09-08 08:25:41.547 24100 24100 I ChromePhotosDataPlane: rollback=complete proxy=cleared ca=removed
09-08 08:25:41.742 24100 15784 I ChromePhotosDataPlane: vpnAttestation=revoked session=2fbf25ed fullTunnelApplied=false chromePackageAdmitted=true
09-08 08:25:44.319 24100 24441 I ChromePhotosDataPlane: bootstrap=chrome_blocked reason=session_start
09-08 08:25:44.322 24100 24441 I ChromePhotosDataPlane: rollback=complete proxy=cleared ca=removed
09-08 08:25:44.322 24100 24441 I ChromePhotosDataPlane: bootstrap=chrome_reset_skipped generation=2 resetCount=3
09-08 08:25:45.144 24100 24441 I ChromePhotosDataPlane: phase=proxy_ready bind=loopback port=8877
09-08 08:25:45.245 24100 24441 I ChromePhotosDataPlane: policy=chrome-only proxy=fixed stockMedia=true policyTypes=AIModeSettings:Integer,AllowBackForwardCacheForCacheControlNoStorePageEnabled:Boolean,BackForwardCacheEnabled:Boolean,DataUrlInSvgUseEnabled:Boolean,FindsSettings:Integer,ForceGoogleSafeSearch:Boolean,IncognitoModeAvailability:Integer,NTPContentSuggestionsEnabled:Boolean,SearchContentSharingSettings:Integer,SearchSuggestEnabled:Boolean,URLAllowlist:String,URLBlocklist:String ca=e6d7bb488888c483
09-08 08:25:45.252 24100 24441 I ChromePhotosDataPlane: phase=active owner=device_owner scope=chrome_only session=7bc29fb5 ca=e6d7bb488888c483 model=R3.1 modelSha=c8b64af8092d3718c58736a511c996d0d443dacf3eaa74620b1e5af439a3cd48 policy=dag-36 modelLoadMs=264.740 fixture=controlled fallbackHosts=5 routes=0 udpFixture=false udpTarget=:0 transport=full_tunnel_dev networkVisualMode=selective stockMediaAuthority=true documentSelfShield=true privacy=public_only_memory_only
09-08 08:25:45.257 24100 24100 I ChromePhotosDataPlane: vpnAttestation=revoked session=7bc29fb5 fullTunnelApplied=false chromePackageAdmitted=false
09-08 08:25:45.481 24100 12114 I ChromePhotosDataPlane: vpnAttestation=confirmed session=7bc29fb5 fullTunnelApplied=true chromePackageAdmitted=true
09-08 08:25:45.700 24100 16152 I ChromePhotosDataPlane: phase=presentation_ready scope=real_web failSafe=armed
09-08 08:25:49.011 24100 24100 I ChromePhotosDataPlane: phase=status statusSequence=1 lifecycle=PresentationReady active=true ready=true connections=0 requests=0 safe=0 blocked=0 unknown=0 passthrough=0 cacheHits=0 cacheMisses=0 failures=0 clientDisconnects=0 bytesIn=0 bytesOut=0 streamed=0 proxyQueueRejects=0 proxyActivePeak=0 proxyP50Ms=0.000 proxyP95Ms=0.000 proxyP99Ms=0.000 upstreamSockets=0 protectSuccess=0 protectFailure=0 web11a=not_run web11b=not_run modelLoadMs=264.740 engineCalls=0 dedupeHits=0 decisionCacheConfig=64 decisionConcurrencyConfig=1 decisionQueueConfig=2 decisionTimeoutMs=5000 engineCallsPerRequest=0.0 inferencePeak=0 inFlightPeak=0 queuePeak=0 queueRejects=0 timeouts=0 inferenceP50Ms=0.0 inferenceP95Ms=0.0 inferenceP99Ms=0.0 decisionP50Ms=0.0 decisionP95Ms=0.0 decisionP99Ms=0.0 cacheHitP50Ms=0.0 cacheHitP95Ms=0.0 cacheEntries=0 cacheEvictions=0 preprocessP50Ms=0.0 preprocessP95Ms=0.0 preprocessP99Ms=0.0 preparedCount1=0 preparedCount4=0 preparedCount5=0 preparedCountOther=0 decisionBasis= imageCandidates=0 imagePrefixPeeks=0 imageMagicCandidates=0 imageBodyAdmissionPeak=0 imageBodyAdmissionRejects=0 networkVisualCandidates=0 networkVisualReplaced=0 networkVisualRawDelivered=0 networkVisualSafeRawDelivered=0 networkVisualBlockedReplaced=0 networkVisualUnknownReplaced=0 networkVisualUnsupportedReplaced=0 networkVisualRawBlockedDelivered=0 networkVisualRawUnknownDelivered=0 networkVisualCacheHit=0 networkVisualInference=0 mediaDocumentsTransformed=0 mediaDocumentsFailClosed=0 documentTransformOutstanding=0 readyTokensOutstanding=0 uiSvgRegistered=0 uiSvgRegistryBytes=0 uiSvgCssRewritten=0 uiSvgCssRejected=0 uiSvgNetworkAccepted=0 uiSvgNetworkRejected=0 uiSvgAssetServed=0 uiSvgAssetRejected=0 h18=REPORT=not_run,EVENT_SEQUENCE=0,COMPAT_DOCS=0,STRICT_DOCS=0,STYLE_REQ=0,SCRIPT_REQ=0,DATA_REQ=0,NETWORK_REQ=0,REPORTS=0,LAST_DOC=none,NETWORK_SHA=ee17e3f62edde61823ce35732ea168f4f5986bff347ccfac063eca7f4009ee1b,AUDIT_SHA=74d4467bbf6833db4eeab998495b7dfc50db3b1f04f407704b839ad3f4b25582 h19=REPORT=not_run,DOCUMENTS=0,FRAMES=0,SCRIPTS=0,FIRST_ORIGINAL_SCRIPTS=0,STYLES=0,WORKERS=0,SERVICE_WORKERS=0,FRAME_REPORTS=0,FRAME_REPORT_REJECTS=0,FRAME_REPORT=not_run,FRAME_REPORT_SHA=not_run,FRAME_CHALLENGE_SHA=not_run,FRAME_GENERATION=0,FRAME_ACCEPTED_CHALLENGE_SHA=not_run,FRAME_REPORT_BINDING_SHA=not_run,SAME_URL_BODIES=0,REPORTS=0,SW_BOUNDARY={INSTALL_DOCS=0,WORKER_SCRIPTS=0,WORKER_PROBE_SCRIPTS=0,PROBE_DOCS=0,CLEANUP_DOCS=0,REPORTS_ACCEPTED=0,REPORTS_REJECTED=0,CONTROLLER_PRESENT=0,CONTROLLER_MISSING=0,NAV_FETCHES=0,SELF_READY_FETCHES=0,SELF_READY_PASS_THROUGH=0,SELF_READY_SYNTHETIC=0,NAV_SYNTHETIC=0,RESET_BASELINE_CLEAN=0,RESET_BASELINE_DIRTY=0,REGISTER_BLOCKED=0,REGISTER_SUCCEEDED=0,WORKER_REGISTER_BLOCKED=0,WORKER_REGISTER_SUCCEEDED=0,WORKER_REGISTER_UNSUPPORTED=0,WORKER_REGISTER_ERROR=0,LAST_CASE=none,LAST_EVENT=none,LAST_VALUE=none},UI_SVG={not_run} quicAttempts=0 directTcpAttempts=0 bootstrapResetGeneration=2 bootstrapCompleteGeneration=2 bootstrapResetCount=3 chromeSuspended=false guardSession=547 guardHeartbeatSequence=7 audit17State=0 audit17Navigation=0 audit17Events=0 audit17Dropped=0
09-08 08:25:49.011 24100 24100 I ChromeMediaShieldStatus: v=1 seq=1 kind=network mode=selective candidates=0 replaced=0 rawDelivered=0 safeRaw=0 blockedReplaced=0 unknownReplaced=0 unsupportedReplaced=0 rawBlocked=0 rawUnknown=0 cacheHit=0 decisionEngine=0 engineCalls=0
09-08 08:25:49.011 24100 24100 I ChromeMediaShieldStatus: v=1 seq=1 kind=document transformed=0 failClosed=0 outstanding=0 issued=0 claims=0 documentSequence=0 navigationSequence=0 readyRequests=0 readyPreflights=0 readyAccepted=0 readyRejected=0 parserBarrierRequests=0 parserBarrierReady=0 parserBarrierFailClosed=0 selfShield=true selfReadyRequests=0 selfReadyAccepted=0 selfReadyRejected=0 selfReadyRejectReason=none selfShieldReleaseCompleted=0 selfShieldParserContinued=0 selfShieldOriginalScriptStarted=0 selfShieldTraceRejected=0 selfShieldTraceOutstanding=0 bootstrapDiagnosticAccepted=0 bootstrapDiagnosticRejected=0 bootstrapDiagnosticRejectReason=none bootstrapDiagnosticStage=none bootstrapDiagnosticReason=none bootstrapDiagnosticOutstanding=0
09-08 08:25:49.012 24100 24100 I ChromeMediaShieldStatus: v=1 seq=1 kind=renderer reports=0 rejected=0 globalCallbacks=0 globalRecords=0 childRecords=0 attributeRecords=0 maxRecords=0 scanCalls=0 scanRoot=0 scanNodes=0 maxScanNodes=0 scanMicros=0 maxScanMicros=0 observerChildScans=0 observerAttributeScans=0 guardedScans=0 markupScans=0 shadowScans=0 initialScans=0 otherScans=0 sanitizeElement=0 sanitizeContainer=0 img=0 source=0 svg=0 iframe=0 canvas=0 video=0 safeIcon=0 lockIcon=0 geometryWrites=0 svgRecords=0 shadowRoots=0 shadowObservers=0 shadowCallbacks=0 shadowRecords=0 shadowScanCalls=0 ensureStyle=0 ensureCurtain=0 internalMutations=0
09-08 08:25:49.012 24100 24100 I ChromeMediaShieldStatus: v=1 seq=1 kind=rendererApis callScan=createElement=0/0 createElementNS=0/0 appendChild=0/0 insertBefore=0/0 replaceChild=0/0 append=0/0 prepend=0/0 replaceChildren=0/0 before=0/0 after=0/0 replaceWith=0/0 adjacentElement=0/0 moveBefore=0/0 rangeInsert=0/0 rangeSurround=0/0 adoptNode=0/0 cloneNode=0/0 importNode=0/0 safeMarkup=0/0 innerHTML=0/0 outerHTML=0/0 insertAdjacentHTML=0/0 setHTML=0/0 shadowInnerHTML=0/0 execCommandInsertHTML=0/0 mappedTextContent=0/0
09-08 08:25:49.012 24100 24100 I ChromeMediaShieldStatus: v=1 seq=1 kind=rendererFamilies roots=element/fragment/text/other factory:calls=0,scans=0,direct=0,roots=0/0/0/0,nodes=0,micros=0,maxMicros=0 domGuard:calls=0,scans=0,direct=0,roots=0/0/0/0,nodes=0,micros=0,maxMicros=0 markup:calls=0,scans=0,direct=0,roots=0/0/0/0,nodes=0,micros=0,maxMicros=0
09-08 08:25:49.012 24100 24100 I ChromeMediaShieldStatus: v=1 seq=1 kind=uiSvg registered=0 registryBytes=0 cssRewritten=0 cssRejected=0 networkAccepted=0 networkRejected=0 assetServed=0 assetRejected=0
09-08 08:25:49.012 24100 24100 I ChromeMediaShieldStatus: v=1 seq=1 kind=health failures=0 clientDisconnects=0 proxyQueueRejects=0 protectFailure=0 quicAttempts=0 directTcpAttempts=0 active=true ready=true
09-08 08:25:49.013 24100 24100 I ChromeMediaShieldStatus: v=1 seq=1 kind=fixture report=REPORT=not_run,DOCUMENTS=0,FRAMES=0,SCRIPTS=0,FIRST_ORIGINAL_SCRIPTS=0,STYLES=0,WORKERS=0,SERVICE_WORKERS=0,FRAME_REPORTS=0,FRAME_REPORT_REJECTS=0,FRAME_REPORT=not_run,FRAME_REPORT_SHA=not_run,FRAME_CHALLENGE_SHA=not_run,FRAME_GENERATION=0,FRAME_ACCEPTED_CHALLENGE_SHA=not_run,FRAME_REPORT_BINDING_SHA=not_run,SAME_URL_BODIES=0,REPORTS=0,SW_BOUNDARY={INSTALL_DOCS=0,WORKER_SCRIPTS=0,WORKER_PROBE_SCRIPTS=0,PROBE_DOCS=0,CLEANUP_DOCS=0,REPORTS_ACCEPTED=0,REPORTS_REJECTED=0,CONTROLLER_PRESENT=0,CONTROLLER_MISSING=0,NAV_FETCHES=0,SELF_READY_FETCHES=0,SELF_READY_PASS_THROUGH=0,SELF_READY_SYNTHETIC=0,NAV_SYNTHETIC=0,RESET_BASELINE_CLEAN=0,RESET_BASELINE_DIRTY=0,REGISTER_BLOCKED=0,REGISTER_SUCCEEDED=0,WORKER_REGISTER_BLOCKED=0,WORKER_REGISTER_SUCCEEDED=0,WORKER_REGISTER_UNSUPPORTED=0,WORKER_REGISTER_ERROR=0,LAST_CASE=none,LAST_EVENT=none,LAST_VALUE=none},UI_SVG={not_run}
09-08 08:25:50.004 24100 17070 I ChromePhotosDataPlane: phase=worker_ready correlationId=c1 admissionWaitMs=0.828
09-08 08:25:50.023 24100 17071 I ChromePhotosDataPlane: phase=worker_ready correlationId=c2 admissionWaitMs=8.394
09-08 08:25:50.119 24100 17071 I ChromePhotosDataPlane: phase=tls_certificate correlationId=c2 tlsCacheHit=false tlsCacheWaitMs=0.013 tlsCreationMs=83.399
09-08 08:25:50.119 24100 17070 I ChromePhotosDataPlane: phase=tls_certificate correlationId=c1 tlsCacheHit=true tlsCacheWaitMs=81.083 tlsCreationMs=0.000
09-08 08:25:50.120 24100 17071 I ChromePhotosDataPlane: phase=tls_material correlationId=c2 tlsMaterialMs=83.960
09-08 08:25:50.120 24100 17070 I ChromePhotosDataPlane: phase=tls_material correlationId=c1 tlsMaterialMs=81.376
09-08 08:25:50.364 24100 17071 I ChromePhotosDataPlane: phase=tls_ready correlationId=c2 hostClass=fixture hostHash=1c728e158a8cddb0 clientProtocol=http/1.1 ca=e6d7bb488888c483
09-08 08:25:50.371 24100 17070 I ChromePhotosDataPlane: phase=tls_ready correlationId=c1 hostClass=fixture hostHash=1c728e158a8cddb0 clientProtocol=http/1.1 ca=e6d7bb488888c483
09-08 08:25:50.435 24100 17071 I ChromePhotosDataPlane: phase=media_shield_document origin=fixture resource=fixture-index result=transformed documentSequence=1 navigationSequence=1 token=fd7d8eeb3fa3 bytesOut=120276
09-08 08:25:50.595 24100 17111 I ChromePhotosDataPlane: phase=worker_ready correlationId=c3 admissionWaitMs=3.569
09-08 08:25:50.616 24100 17113 I ChromePhotosDataPlane: phase=worker_ready correlationId=c4 admissionWaitMs=8.828
09-08 08:25:50.652 24100 17071 I ChromePhotosDataPlane: phase=media_shield_ready result=204 bytesOut=0
09-08 08:25:50.663 24100 17071 I ChromePhotosDataPlane: phase=media_shield_ready result=204 bytesOut=0
09-08 08:25:50.667 24100 17111 I ChromePhotosDataPlane: phase=tls_certificate correlationId=c3 tlsCacheHit=false tlsCacheWaitMs=0.019 tlsCreationMs=37.109
09-08 08:25:50.667 24100 17111 I ChromePhotosDataPlane: phase=tls_material correlationId=c3 tlsMaterialMs=37.571
09-08 08:25:50.676 24100 17071 I ChromePhotosDataPlane: phase=media_shield_ready result=204 bytesOut=0
09-08 08:25:50.679 24100 17111 I ChromePhotosDataPlane: phase=tls_ready correlationId=c3 hostClass=network hostHash=9b0ff8cd24a50ec9 clientProtocol=http/1.1 ca=e6d7bb488888c483
09-08 08:25:50.701 24100 17124 I ChromePhotosDataPlane: phase=worker_ready correlationId=c5 admissionWaitMs=4.639
09-08 08:25:50.711 24100 17125 I ChromePhotosDataPlane: phase=worker_ready correlationId=c6 admissionWaitMs=9.234
09-08 08:25:50.723 24100 17126 I ChromePhotosDataPlane: phase=worker_ready correlationId=c7 admissionWaitMs=13.697
09-08 08:25:50.725 24100 17124 I ChromePhotosDataPlane: phase=tls_certificate correlationId=c5 tlsCacheHit=true tlsCacheWaitMs=0.016 tlsCreationMs=0.000
09-08 08:25:50.726 24100 17124 I ChromePhotosDataPlane: phase=tls_material correlationId=c5 tlsMaterialMs=0.569
09-08 08:25:50.727 24100 17113 I ChromePhotosDataPlane: phase=tls_certificate correlationId=c4 tlsCacheHit=false tlsCacheWaitMs=28.500 tlsCreationMs=60.131
09-08 08:25:50.727 24100 17113 I ChromePhotosDataPlane: phase=tls_material correlationId=c4 tlsMaterialMs=89.066
09-08 08:25:50.729 24100 17125 I ChromePhotosDataPlane: phase=tls_certificate correlationId=c6 tlsCacheHit=true tlsCacheWaitMs=0.015 tlsCreationMs=0.000
09-08 08:25:50.729 24100 17125 I ChromePhotosDataPlane: phase=tls_material correlationId=c6 tlsMaterialMs=0.220
09-08 08:25:50.734 24100 17127 I ChromePhotosDataPlane: phase=worker_ready correlationId=c8 admissionWaitMs=15.602
09-08 08:25:50.739 24100 17128 I ChromePhotosDataPlane: phase=worker_ready correlationId=c9 admissionWaitMs=18.044
09-08 08:25:50.745 24100 17071 I ChromePhotosDataPlane: resource=fixture-lease-script origin=fixture_local destination=chrome protocol=http/1.1 method=GET status=200 bytesIn=285 bytesOut=285 decision=passthrough 
09-08 08:25:50.748 24100 17125 I ChromePhotosDataPlane: phase=tls_ready correlationId=c6 hostClass=network hostHash=9b0ff8cd24a50ec9 clientProtocol=http/1.1 ca=e6d7bb488888c483
09-08 08:25:50.751 24100 17124 I ChromePhotosDataPlane: phase=tls_ready correlationId=c5 hostClass=network hostHash=9b0ff8cd24a50ec9 clientProtocol=http/1.1 ca=e6d7bb488888c483
09-08 08:25:50.764 24100 17113 I ChromePhotosDataPlane: phase=tls_ready correlationId=c4 hostClass=network hostHash=80255870a6218fe0 clientProtocol=http/1.1 ca=e6d7bb488888c483
09-08 08:25:50.781 24100 17126 I ChromePhotosDataPlane: phase=tls_certificate correlationId=c7 tlsCacheHit=false tlsCacheWaitMs=0.011 tlsCreationMs=29.135
09-08 08:25:50.781 24100 17126 I ChromePhotosDataPlane: phase=tls_material correlationId=c7 tlsMaterialMs=29.452
09-08 08:25:50.783 24100 17140 I ChromePhotosDataPlane: phase=worker_ready correlationId=c10 admissionWaitMs=13.857
09-08 08:25:50.783 24100 17145 I ChromePhotosDataPlane: phase=worker_ready correlationId=c12 admissionWaitMs=8.323
09-08 08:25:50.792 24100 17143 I ChromePhotosDataPlane: phase=worker_ready correlationId=c11 admissionWaitMs=19.977
09-08 08:25:50.800 24100 17147 I ChromePhotosDataPlane: phase=worker_ready correlationId=c13 admissionWaitMs=7.923
09-08 08:25:50.804 24100 17126 I ChromePhotosDataPlane: phase=tls_ready correlationId=c7 hostClass=network hostHash=3aeb002460381c6f clientProtocol=http/1.1 ca=e6d7bb488888c483
09-08 08:25:50.808 24100 17147 I ChromePhotosDataPlane: phase=tls_certificate correlationId=c13 tlsCacheHit=true tlsCacheWaitMs=0.016 tlsCreationMs=0.000
09-08 08:25:50.808 24100 17147 I ChromePhotosDataPlane: phase=tls_material correlationId=c13 tlsMaterialMs=0.349
09-08 08:25:50.814 24100 17127 I ChromePhotosDataPlane: phase=tls_certificate correlationId=c8 tlsCacheHit=false tlsCacheWaitMs=0.008 tlsCreationMs=32.147
09-08 08:25:50.815 24100 17127 I ChromePhotosDataPlane: phase=tls_material correlationId=c8 tlsMaterialMs=32.569
09-08 08:25:50.815 24100 17147 I ChromePhotosDataPlane: phase=tls_ready correlationId=c13 hostClass=fixture hostHash=1c728e158a8cddb0 clientProtocol=http/1.1 ca=e6d7bb488888c483
09-08 08:25:50.820 24100 17147 I ChromePhotosDataPlane: phase=presentation_ready fixture=visible heartbeat=fresh failSafe=armed
09-08 08:25:50.828 24100 17127 I ChromePhotosDataPlane: phase=tls_ready correlationId=c8 hostClass=network hostHash=1f6baa4a359d00da clientProtocol=http/1.1 ca=e6d7bb488888c483
09-08 08:25:50.842 24100 17128 I ChromePhotosDataPlane: phase=tls_certificate correlationId=c9 tlsCacheHit=false tlsCacheWaitMs=20.518 tlsCreationMs=27.420
09-08 08:25:50.842 24100 17143 I ChromePhotosDataPlane: phase=tls_certificate correlationId=c11 tlsCacheHit=true tlsCacheWaitMs=46.467 tlsCreationMs=0.000
09-08 08:25:50.842 24100 17143 I ChromePhotosDataPlane: phase=tls_material correlationId=c11 tlsMaterialMs=46.614
09-08 08:25:50.842 24100 17128 I ChromePhotosDataPlane: phase=tls_material correlationId=c9 tlsMaterialMs=48.240
09-08 08:25:50.842 24100 17145 I ChromePhotosDataPlane: phase=tls_certificate correlationId=c12 tlsCacheHit=true tlsCacheWaitMs=44.554 tlsCreationMs=0.000
09-08 08:25:50.842 24100 17145 I ChromePhotosDataPlane: phase=tls_material correlationId=c12 tlsMaterialMs=44.840
09-08 08:25:50.842 24100 17140 I ChromePhotosDataPlane: phase=tls_certificate correlationId=c10 tlsCacheHit=true tlsCacheWaitMs=41.773 tlsCreationMs=0.000
09-08 08:25:50.842 24100 17140 I ChromePhotosDataPlane: phase=tls_material correlationId=c10 tlsMaterialMs=42.090
09-08 08:25:50.849 24100 17143 I ChromePhotosDataPlane: phase=tls_ready correlationId=c11 hostClass=network hostHash=466884c463494e8a clientProtocol=http/1.1 ca=e6d7bb488888c483
09-08 08:25:50.849 24100 17128 I ChromePhotosDataPlane: phase=tls_ready correlationId=c9 hostClass=network hostHash=466884c463494e8a clientProtocol=http/1.1 ca=e6d7bb488888c483
09-08 08:25:50.851 24100 17145 I ChromePhotosDataPlane: phase=tls_ready correlationId=c12 hostClass=network hostHash=466884c463494e8a clientProtocol=http/1.1 ca=e6d7bb488888c483
09-08 08:25:50.857 24100 17140 I ChromePhotosDataPlane: phase=tls_ready correlationId=c10 hostClass=network hostHash=466884c463494e8a clientProtocol=http/1.1 ca=e6d7bb488888c483
09-08 08:25:51.032 24100 17126 I ChromePhotosDataPlane: origin=real hostClass=network hostHash=3aeb002460381c6f method=GET clientProtocol=http/1.1 upstreamProtocol=h2 status=302 contentType= bytesIn=0 bytesOut=0 cache=miss decision=passthrough   requestToDeliveryMs=226.490 upstreamHeadersMs=224.538 sanitizeMs=0.296 downstreamWriteMs=0.531
09-08 08:25:51.089 24100 17113 I ChromePhotosDataPlane: origin=real hostClass=network hostHash=80255870a6218fe0 method=GET clientProtocol=http/1.1 upstreamProtocol=h2 status=200 contentType=image/webp bytesIn=30320 bytesOut=30320 cache=miss decision=safe reason=model_allow source=engine probability=0.006820023 basis=None decodeMs=7.686 inferenceMs=141.264 inferenceQueueMs=0.456 localDecisionMs=150.100  bodyAdmissionMs=0.011 bodyReadMs=18.620 hashMs=0.190 requestToDeliveryMs=310.972 upstreamHeadersMs=130.689 sanitizeMs=178.285 downstreamWriteMs=0.738
09-08 08:25:51.311 24100 17127 I ChromePhotosDataPlane: origin=real hostClass=network hostHash=1f6baa4a359d00da method=GET clientProtocol=http/1.1 upstreamProtocol=h2 status=200 contentType=image/avif bytesIn=28133 bytesOut=28133 cache=miss decision=safe reason=model_allow source=engine probability=0.0050848126 basis=None decodeMs=82.606 inferenceMs=138.559 inferenceQueueMs=140.418 localDecisionMs=362.174  bodyAdmissionMs=0.010 bodyReadMs=6.955 hashMs=0.189 requestToDeliveryMs=481.732 upstreamHeadersMs=110.302 sanitizeMs=369.534 downstreamWriteMs=0.686
09-08 08:25:51.318 24100 17176 I ChromePhotosDataPlane: phase=worker_ready correlationId=c14 admissionWaitMs=1.368
09-08 08:25:51.324 24100 17176 I ChromePhotosDataPlane: phase=tls_certificate correlationId=c14 tlsCacheHit=true tlsCacheWaitMs=0.010 tlsCreationMs=0.000
09-08 08:25:51.324 24100 17176 I ChromePhotosDataPlane: phase=tls_material correlationId=c14 tlsMaterialMs=0.249
09-08 08:25:51.330 24100 17176 I ChromePhotosDataPlane: phase=tls_ready correlationId=c14 hostClass=network hostHash=1f6baa4a359d00da clientProtocol=http/1.1 ca=e6d7bb488888c483
09-08 08:25:51.466 24100 17145 I ChromePhotosDataPlane: origin=real hostClass=network hostHash=466884c463494e8a method=GET clientProtocol=http/1.1 upstreamProtocol=h2 status=200 contentType=image/png bytesIn=1452444 bytesOut=704 cache=miss decision=unknown reason=unsafe_dimensions source=engine probability=-1.0 basis=none decodeMs=0.313 inferenceMs=0.000 inferenceQueueMs=145.867 localDecisionMs=146.422  bodyAdmissionMs=242.281 bodyReadMs=6.692 hashMs=2.364 requestToDeliveryMs=611.622 upstreamHeadersMs=211.015 sanitizeMs=397.978 downstreamWriteMs=0.508
09-08 08:25:51.471 24100 17143 I ChromePhotosDataPlane: origin=real hostClass=network hostHash=466884c463494e8a method=GET clientProtocol=http/1.1 upstreamProtocol=h2 status=200 contentType=image/jpeg bytesIn=837774 bytesOut=837774 cache=miss decision=safe reason=model_allow source=engine probability=0.0482603 basis=None decodeMs=24.860 inferenceMs=129.436 inferenceQueueMs=114.692 localDecisionMs=270.183  bodyAdmissionMs=105.882 bodyReadMs=104.798 hashMs=1.644 requestToDeliveryMs=617.165 upstreamHeadersMs=127.401 sanitizeMs=482.776 downstreamWriteMs=4.954
09-08 08:25:51.685 24100 17176 I ChromePhotosDataPlane: origin=real hostClass=network hostHash=1f6baa4a359d00da method=GET clientProtocol=http/1.1 upstreamProtocol=h2 status=200 contentType=image/avif bytesIn=28133 bytesOut=28133 cache=hit decision=safe reason=model_allow source=cache probability=0.0050848126 basis=None decodeMs=0.000 inferenceMs=0.000 inferenceQueueMs=0.000 localDecisionMs=0.018  bodyAdmissionMs=328.544 bodyReadMs=0.188 hashMs=0.171 requestToDeliveryMs=354.408 upstreamHeadersMs=23.521 sanitizeMs=329.247 downstreamWriteMs=0.615
09-08 08:25:51.700 24100 17140 I ChromePhotosDataPlane: origin=real hostClass=network hostHash=466884c463494e8a method=GET clientProtocol=http/1.1 upstreamProtocol=h2 status=200 contentType=image/jpeg bytesIn=2372694 bytesOut=2372694 cache=miss decision=safe reason=model_allow source=engine probability=0.05782932 basis=None decodeMs=65.813 inferenceMs=128.611 inferenceQueueMs=0.119 localDecisionMs=197.087  bodyAdmissionMs=365.936 bodyReadMs=15.112 hashMs=5.284 requestToDeliveryMs=841.644 upstreamHeadersMs=240.284 sanitizeMs=583.667 downstreamWriteMs=14.037
09-08 08:25:51.934 24100 17128 I ChromePhotosDataPlane: origin=real hostClass=network hostHash=466884c463494e8a method=GET clientProtocol=http/1.1 upstreamProtocol=h2 status=200 contentType=image/jpeg bytesIn=3403942 bytesOut=3403942 cache=miss decision=safe reason=model_allow source=engine probability=0.037037224 basis=None decodeMs=80.818 inferenceMs=131.556 inferenceQueueMs=188.809 localDecisionMs=404.913  bodyAdmissionMs=367.656 bodyReadMs=21.908 hashMs=4.989 requestToDeliveryMs=1078.234 upstreamHeadersMs=241.885 sanitizeMs=799.637 downstreamWriteMs=31.167
09-08 08:25:52.038 24100 17111 I ChromePhotosDataPlane: origin=real hostClass=network hostHash=9b0ff8cd24a50ec9 method=GET clientProtocol=http/1.1 upstreamProtocol=h2 status=200 contentType=image/png bytesIn=8090 bytesOut=8090 cache=miss decision=safe reason=model_allow source=engine probability=0.018158317 basis=None decodeMs=3.262 inferenceMs=135.137 inferenceQueueMs=73.833 localDecisionMs=212.944  bodyAdmissionMs=15.726 bodyReadMs=139.274 hashMs=0.176 requestToDeliveryMs=1353.493 upstreamHeadersMs=982.275 sanitizeMs=368.889 downstreamWriteMs=0.288
09-08 08:25:52.176 24100 17124 I ChromePhotosDataPlane: origin=real hostClass=network hostHash=9b0ff8cd24a50ec9 method=GET clientProtocol=http/1.1 upstreamProtocol=h2 status=200 contentType=image/webp bytesIn=10568 bytesOut=10568 cache=miss decision=safe reason=model_allow source=engine probability=0.032659233 basis=None decodeMs=4.367 inferenceMs=133.106 inferenceQueueMs=136.015 localDecisionMs=274.106  bodyAdmissionMs=229.874 bodyReadMs=0.128 hashMs=0.263 requestToDeliveryMs=1412.741 upstreamHeadersMs=904.855 sanitizeMs=506.426 downstreamWriteMs=0.403
09-08 08:25:52.311 24100 17125 I ChromePhotosDataPlane: origin=real hostClass=network hostHash=9b0ff8cd24a50ec9 method=GET clientProtocol=http/1.1 upstreamProtocol=h2 status=200 contentType=image/jpeg bytesIn=35588 bytesOut=35588 cache=miss decision=safe reason=model_allow source=engine probability=0.042280197 basis=None decodeMs=3.405 inferenceMs=131.038 inferenceQueueMs=108.019 localDecisionMs=243.109  bodyAdmissionMs=214.464 bodyReadMs=28.226 hashMs=0.207 requestToDeliveryMs=1553.053 upstreamHeadersMs=1065.155 sanitizeMs=486.104 downstreamWriteMs=0.613
09-08 08:25:53.295 24100 17186 I ChromePhotosDataPlane: phase=worker_ready correlationId=c15 admissionWaitMs=1.109
09-08 08:25:53.367 24100 17186 I ChromePhotosDataPlane: phase=tls_certificate correlationId=c15 tlsCacheHit=false tlsCacheWaitMs=0.018 tlsCreationMs=20.014
09-08 08:25:53.367 24100 17186 I ChromePhotosDataPlane: phase=tls_material correlationId=c15 tlsMaterialMs=20.439
09-08 08:25:53.375 24100 17186 I ChromePhotosDataPlane: phase=tls_ready correlationId=c15 hostClass=network hostHash=816c1c4228e457b0 clientProtocol=http/1.1 ca=e6d7bb488888c483
09-08 08:25:53.635 24100 17186 I ChromePhotosDataPlane: origin=real hostClass=network hostHash=816c1c4228e457b0 method=POST clientProtocol=http/1.1 upstreamProtocol=h2 status=200 contentType=application/javascript bytesOut=0 transfer=fixed upstreamHeadersMs=258.566 downstreamWriteMs=0.535
09-08 08:26:00.489 24100 24100 I ChromePhotosDataPlane: phase=status statusSequence=2 lifecycle=PresentationReady active=true ready=true connections=15 requests=56 safe=9 blocked=0 unknown=1 passthrough=42 cacheHits=1 cacheMisses=9 failures=0 clientDisconnects=0 bytesIn=8214309 bytesOut=6876507 streamed=1 proxyQueueRejects=0 proxyActivePeak=15 proxyP50Ms=1.096 proxyP95Ms=1078.380 proxyP99Ms=1412.840 upstreamSockets=11 protectSuccess=11 protectFailure=0 web11a=not_run web11b=not_run modelLoadMs=264.740 engineCalls=9 dedupeHits=0 decisionCacheConfig=64 decisionConcurrencyConfig=1 decisionQueueConfig=2 decisionTimeoutMs=5000 engineCallsPerRequest=0.9 inferencePeak=1 inFlightPeak=2 queuePeak=1 queueRejects=0 timeouts=0 inferenceP50Ms=131.556198 inferenceP95Ms=138.559479 inferenceP99Ms=138.559479 decisionP50Ms=212.944062 decisionP95Ms=362.173542 decisionP99Ms=362.173542 cacheHitP50Ms=0.018385 cacheHitP95Ms=0.018385 cacheEntries=9 cacheEvictions=0 preprocessP50Ms=7.686302 preprocessP95Ms=80.817604 preprocessP99Ms=80.817604 preparedCount1=8 preparedCount4=0 preparedCount5=0 preparedCountOther=1 decisionBasis=None:8,Other:1 imageCandidates=10 imagePrefixPeeks=0 imageMagicCandidates=0 imageBodyAdmissionPeak=2 imageBodyAdmissionRejects=0 networkVisualCandidates=10 networkVisualReplaced=0 networkVisualRawDelivered=0 networkVisualSafeRawDelivered=9 networkVisualBlockedReplaced=0 networkVisualUnknownReplaced=0 networkVisualUnsupportedReplaced=1 networkVisualRawBlockedDelivered=0 networkVisualRawUnknownDelivered=0 networkVisualCacheHit=1 networkVisualInference=9 mediaDocumentsTransformed=1 mediaDocumentsFailClosed=0 documentTransformOutstanding=0 readyTokensOutstanding=1 uiSvgRegistered=0 uiSvgRegistryBytes=0 uiSvgCssRewritten=0 uiSvgCssRejected=0 uiSvgNetworkAccepted=0 uiSvgNetworkRejected=0 uiSvgAssetServed=0 uiSvgAssetRejected=0 h18=REPORT=not_run,EVENT_SEQUENCE=0,COMPAT_DOCS=0,STRICT_DOCS=0,STYLE_REQ=0,SCRIPT_REQ=0,DATA_REQ=0,NETWORK_REQ=0,REPORTS=0,LAST_DOC=none,NETWORK_SHA=ee17e3f62edde61823ce35732ea168f4f5986bff347ccfac063eca7f4009ee1b,AUDIT_SHA=74d4467bbf6833db4eeab998495b7dfc50db3b1f04f407704b839ad3f4b25582 h19=REPORT=not_run,DOCUMENTS=0,FRAMES=0,SCRIPTS=0,FIRST_ORIGINAL_SCRIPTS=0,STYLES=0,WORKERS=0,SERVICE_WORKERS=0,FRAME_REPORTS=0,FRAME_REPORT_REJECTS=0,FRAME_REPORT=not_run,FRAME_REPORT_SHA=not_run,FRAME_CHALLENGE_SHA=not_run,FRAME_GENERATION=0,FRAME_ACCEPTED_CHALLENGE_SHA=not_run,FRAME_REPORT_BINDING_SHA=not_run,SAME_URL_BODIES=0,REPORTS=0,SW_BOUNDARY={INSTALL_DOCS=0,WORKER_SCRIPTS=0,WORKER_PROBE_SCRIPTS=0,PROBE_DOCS=0,CLEANUP_DOCS=0,REPORTS_ACCEPTED=0,REPORTS_REJECTED=0,CONTROLLER_PRESENT=0,CONTROLLER_MISSING=0,NAV_FETCHES=0,SELF_READY_FETCHES=0,SELF_READY_PASS_THROUGH=0,SELF_READY_SYNTHETIC=0,NAV_SYNTHETIC=0,RESET_BASELINE_CLEAN=0,RESET_BASELINE_DIRTY=0,REGISTER_BLOCKED=0,REGISTER_SUCCEEDED=0,WORKER_REGISTER_BLOCKED=0,WORKER_REGISTER_SUCCEEDED=0,WORKER_REGISTER_UNSUPPORTED=0,WORKER_REGISTER_ERROR=0,LAST_CASE=none,LAST_EVENT=none,LAST_VALUE=none},UI_SVG={not_run} quicAttempts=0 directTcpAttempts=0 bootstrapResetGeneration=2 bootstrapCompleteGeneration=2 bootstrapResetCount=3 chromeSuspended=false guardSession=547 guardHeartbeatSequence=28 audit17State=0 audit17Navigation=0 audit17Events=11 audit17Dropped=0
09-08 08:26:00.489 24100 24100 I ChromeMediaShieldStatus: v=1 seq=2 kind=network mode=selective candidates=10 replaced=0 rawDelivered=0 safeRaw=9 blockedReplaced=0 unknownReplaced=0 unsupportedReplaced=1 rawBlocked=0 rawUnknown=0 cacheHit=1 decisionEngine=9 engineCalls=9
09-08 08:26:00.489 24100 24100 I ChromeMediaShieldStatus: v=1 seq=2 kind=document transformed=1 failClosed=0 outstanding=0 issued=1 claims=1 documentSequence=1 navigationSequence=1 readyRequests=3 readyPreflights=0 readyAccepted=1 readyRejected=0 parserBarrierRequests=0 parserBarrierReady=0 parserBarrierFailClosed=0 selfShield=true selfReadyRequests=1 selfReadyAccepted=1 selfReadyRejected=0 selfReadyRejectReason=none selfShieldReleaseCompleted=1 selfShieldParserContinued=1 selfShieldOriginalScriptStarted=0 selfShieldTraceRejected=0 selfShieldTraceOutstanding=1 bootstrapDiagnosticAccepted=0 bootstrapDiagnosticRejected=0 bootstrapDiagnosticRejectReason=none bootstrapDiagnosticStage=none bootstrapDiagnosticReason=none bootstrapDiagnosticOutstanding=0
09-08 08:26:00.490 24100 24100 I ChromeMediaShieldStatus: v=1 seq=2 kind=renderer reports=0 rejected=0 globalCallbacks=0 globalRecords=0 childRecords=0 attributeRecords=0 maxRecords=0 scanCalls=0 scanRoot=0 scanNodes=0 maxScanNodes=0 scanMicros=0 maxScanMicros=0 observerChildScans=0 observerAttributeScans=0 guardedScans=0 markupScans=0 shadowScans=0 initialScans=0 otherScans=0 sanitizeElement=0 sanitizeContainer=0 img=0 source=0 svg=0 iframe=0 canvas=0 video=0 safeIcon=0 lockIcon=0 geometryWrites=0 svgRecords=0 shadowRoots=0 shadowObservers=0 shadowCallbacks=0 shadowRecords=0 shadowScanCalls=0 ensureStyle=0 ensureCurtain=0 internalMutations=0
09-08 08:26:00.490 24100 24100 I ChromeMediaShieldStatus: v=1 seq=2 kind=rendererApis callScan=createElement=0/0 createElementNS=0/0 appendChild=0/0 insertBefore=0/0 replaceChild=0/0 append=0/0 prepend=0/0 replaceChildren=0/0 before=0/0 after=0/0 replaceWith=0/0 adjacentElement=0/0 moveBefore=0/0 rangeInsert=0/0 rangeSurround=0/0 adoptNode=0/0 cloneNode=0/0 importNode=0/0 safeMarkup=0/0 innerHTML=0/0 outerHTML=0/0 insertAdjacentHTML=0/0 setHTML=0/0 shadowInnerHTML=0/0 execCommandInsertHTML=0/0 mappedTextContent=0/0
09-08 08:26:00.490 24100 24100 I ChromeMediaShieldStatus: v=1 seq=2 kind=rendererFamilies roots=element/fragment/text/other factory:calls=0,scans=0,direct=0,roots=0/0/0/0,nodes=0,micros=0,maxMicros=0 domGuard:calls=0,scans=0,direct=0,roots=0/0/0/0,nodes=0,micros=0,maxMicros=0 markup:calls=0,scans=0,direct=0,roots=0/0/0/0,nodes=0,micros=0,maxMicros=0
09-08 08:26:00.490 24100 24100 I ChromeMediaShieldStatus: v=1 seq=2 kind=uiSvg registered=0 registryBytes=0 cssRewritten=0 cssRejected=0 networkAccepted=0 networkRejected=0 assetServed=0 assetRejected=0
09-08 08:26:00.491 24100 24100 I ChromeMediaShieldStatus: v=1 seq=2 kind=health failures=0 clientDisconnects=0 proxyQueueRejects=0 protectFailure=0 quicAttempts=0 directTcpAttempts=0 active=true ready=true
09-08 08:26:00.491 24100 24100 I ChromeMediaShieldStatus: v=1 seq=2 kind=fixture report=REPORT=not_run,DOCUMENTS=0,FRAMES=0,SCRIPTS=0,FIRST_ORIGINAL_SCRIPTS=0,STYLES=0,WORKERS=0,SERVICE_WORKERS=0,FRAME_REPORTS=0,FRAME_REPORT_REJECTS=0,FRAME_REPORT=not_run,FRAME_REPORT_SHA=not_run,FRAME_CHALLENGE_SHA=not_run,FRAME_GENERATION=0,FRAME_ACCEPTED_CHALLENGE_SHA=not_run,FRAME_REPORT_BINDING_SHA=not_run,SAME_URL_BODIES=0,REPORTS=0,SW_BOUNDARY={INSTALL_DOCS=0,WORKER_SCRIPTS=0,WORKER_PROBE_SCRIPTS=0,PROBE_DOCS=0,CLEANUP_DOCS=0,REPORTS_ACCEPTED=0,REPORTS_REJECTED=0,CONTROLLER_PRESENT=0,CONTROLLER_MISSING=0,NAV_FETCHES=0,SELF_READY_FETCHES=0,SELF_READY_PASS_THROUGH=0,SELF_READY_SYNTHETIC=0,NAV_SYNTHETIC=0,RESET_BASELINE_CLEAN=0,RESET_BASELINE_DIRTY=0,REGISTER_BLOCKED=0,REGISTER_SUCCEEDED=0,WORKER_REGISTER_BLOCKED=0,WORKER_REGISTER_SUCCEEDED=0,WORKER_REGISTER_UNSUPPORTED=0,WORKER_REGISTER_ERROR=0,LAST_CASE=none,LAST_EVENT=none,LAST_VALUE=none},UI_SVG={not_run}
09-08 08:26:49.208 24100 24100 I ChromePhotosDataPlane: phase=status statusSequence=3 lifecycle=PresentationReady active=true ready=true connections=15 requests=251 safe=9 blocked=0 unknown=1 passthrough=237 cacheHits=1 cacheMisses=9 failures=0 clientDisconnects=0 bytesIn=8214309 bytesOut=6876507 streamed=1 proxyQueueRejects=0 proxyActivePeak=15 proxyP50Ms=1.637 proxyP95Ms=7.845 proxyP99Ms=1078.380 upstreamSockets=11 protectSuccess=11 protectFailure=0 web11a=not_run web11b=not_run modelLoadMs=264.740 engineCalls=9 dedupeHits=0 decisionCacheConfig=64 decisionConcurrencyConfig=1 decisionQueueConfig=2 decisionTimeoutMs=5000 engineCallsPerRequest=0.9 inferencePeak=1 inFlightPeak=2 queuePeak=1 queueRejects=0 timeouts=0 inferenceP50Ms=131.556198 inferenceP95Ms=138.559479 inferenceP99Ms=138.559479 decisionP50Ms=212.944062 decisionP95Ms=362.173542 decisionP99Ms=362.173542 cacheHitP50Ms=0.018385 cacheHitP95Ms=0.018385 cacheEntries=9 cacheEvictions=0 preprocessP50Ms=7.686302 preprocessP95Ms=80.817604 preprocessP99Ms=80.817604 preparedCount1=8 preparedCount4=0 preparedCount5=0 preparedCountOther=1 decisionBasis=None:8,Other:1 imageCandidates=10 imagePrefixPeeks=0 imageMagicCandidates=0 imageBodyAdmissionPeak=2 imageBodyAdmissionRejects=0 networkVisualCandidates=10 networkVisualReplaced=0 networkVisualRawDelivered=0 networkVisualSafeRawDelivered=9 networkVisualBlockedReplaced=0 networkVisualUnknownReplaced=0 networkVisualUnsupportedReplaced=1 networkVisualRawBlockedDelivered=0 networkVisualRawUnknownDelivered=0 networkVisualCacheHit=1 networkVisualInference=9 mediaDocumentsTransformed=1 mediaDocumentsFailClosed=0 documentTransformOutstanding=0 readyTokensOutstanding=1 uiSvgRegistered=0 uiSvgRegistryBytes=0 uiSvgCssRewritten=0 uiSvgCssRejected=0 uiSvgNetworkAccepted=0 uiSvgNetworkRejected=0 uiSvgAssetServed=0 uiSvgAssetRejected=0 h18=REPORT=not_run,EVENT_SEQUENCE=0,COMPAT_DOCS=0,STRICT_DOCS=0,STYLE_REQ=0,SCRIPT_REQ=0,DATA_REQ=0,NETWORK_REQ=0,REPORTS=0,LAST_DOC=none,NETWORK_SHA=ee17e3f62edde61823ce35732ea168f4f5986bff347ccfac063eca7f4009ee1b,AUDIT_SHA=74d4467bbf6833db4eeab998495b7dfc50db3b1f04f407704b839ad3f4b25582 h19=REPORT=not_run,DOCUMENTS=0,FRAMES=0,SCRIPTS=0,FIRST_ORIGINAL_SCRIPTS=0,STYLES=0,WORKERS=0,SERVICE_WORKERS=0,FRAME_REPORTS=0,FRAME_REPORT_REJECTS=0,FRAME_REPORT=not_run,FRAME_REPORT_SHA=not_run,FRAME_CHALLENGE_SHA=not_run,FRAME_GENERATION=0,FRAME_ACCEPTED_CHALLENGE_SHA=not_run,FRAME_REPORT_BINDING_SHA=not_run,SAME_URL_BODIES=0,REPORTS=0,SW_BOUNDARY={INSTALL_DOCS=0,WORKER_SCRIPTS=0,WORKER_PROBE_SCRIPTS=0,PROBE_DOCS=0,CLEANUP_DOCS=0,REPORTS_ACCEPTED=0,REPORTS_REJECTED=0,CONTROLLER_PRESENT=0,CONTROLLER_MISSING=0,NAV_FETCHES=0,SELF_READY_FETCHES=0,SELF_READY_PASS_THROUGH=0,SELF_READY_SYNTHETIC=0,NAV_SYNTHETIC=0,RESET_BASELINE_CLEAN=0,RESET_BASELINE_DIRTY=0,REGISTER_BLOCKED=0,REGISTER_SUCCEEDED=0,WORKER_REGISTER_BLOCKED=0,WORKER_REGISTER_SUCCEEDED=0,WORKER_REGISTER_UNSUPPORTED=0,WORKER_REGISTER_ERROR=0,LAST_CASE=none,LAST_EVENT=none,LAST_VALUE=none},UI_SVG={not_run} quicAttempts=0 directTcpAttempts=0 bootstrapResetGeneration=2 bootstrapCompleteGeneration=2 bootstrapResetCount=3 chromeSuspended=false guardSession=547 guardHeartbeatSequence=115 audit17State=0 audit17Navigation=0 audit17Events=11 audit17Dropped=0
09-08 08:26:49.208 24100 24100 I ChromeMediaShieldStatus: v=1 seq=3 kind=network mode=selective candidates=10 replaced=0 rawDelivered=0 safeRaw=9 blockedReplaced=0 unknownReplaced=0 unsupportedReplaced=1 rawBlocked=0 rawUnknown=0 cacheHit=1 decisionEngine=9 engineCalls=9
09-08 08:26:49.208 24100 24100 I ChromeMediaShieldStatus: v=1 seq=3 kind=document transformed=1 failClosed=0 outstanding=0 issued=1 claims=1 documentSequence=1 navigationSequence=1 readyRequests=3 readyPreflights=0 readyAccepted=1 readyRejected=0 parserBarrierRequests=0 parserBarrierReady=0 parserBarrierFailClosed=0 selfShield=true selfReadyRequests=1 selfReadyAccepted=1 selfReadyRejected=0 selfReadyRejectReason=none selfShieldReleaseCompleted=1 selfShieldParserContinued=1 selfShieldOriginalScriptStarted=0 selfShieldTraceRejected=0 selfShieldTraceOutstanding=1 bootstrapDiagnosticAccepted=0 bootstrapDiagnosticRejected=0 bootstrapDiagnosticRejectReason=none bootstrapDiagnosticStage=none bootstrapDiagnosticReason=none bootstrapDiagnosticOutstanding=0
09-08 08:26:49.208 24100 24100 I ChromeMediaShieldStatus: v=1 seq=3 kind=renderer reports=0 rejected=0 globalCallbacks=0 globalRecords=0 childRecords=0 attributeRecords=0 maxRecords=0 scanCalls=0 scanRoot=0 scanNodes=0 maxScanNodes=0 scanMicros=0 maxScanMicros=0 observerChildScans=0 observerAttributeScans=0 guardedScans=0 markupScans=0 shadowScans=0 initialScans=0 otherScans=0 sanitizeElement=0 sanitizeContainer=0 img=0 source=0 svg=0 iframe=0 canvas=0 video=0 safeIcon=0 lockIcon=0 geometryWrites=0 svgRecords=0 shadowRoots=0 shadowObservers=0 shadowCallbacks=0 shadowRecords=0 shadowScanCalls=0 ensureStyle=0 ensureCurtain=0 internalMutations=0
09-08 08:26:49.208 24100 24100 I ChromeMediaShieldStatus: v=1 seq=3 kind=rendererApis callScan=createElement=0/0 createElementNS=0/0 appendChild=0/0 insertBefore=0/0 replaceChild=0/0 append=0/0 prepend=0/0 replaceChildren=0/0 before=0/0 after=0/0 replaceWith=0/0 adjacentElement=0/0 moveBefore=0/0 rangeInsert=0/0 rangeSurround=0/0 adoptNode=0/0 cloneNode=0/0 importNode=0/0 safeMarkup=0/0 innerHTML=0/0 outerHTML=0/0 insertAdjacentHTML=0/0 setHTML=0/0 shadowInnerHTML=0/0 execCommandInsertHTML=0/0 mappedTextContent=0/0
09-08 08:26:49.209 24100 24100 I ChromeMediaShieldStatus: v=1 seq=3 kind=rendererFamilies roots=element/fragment/text/other factory:calls=0,scans=0,direct=0,roots=0/0/0/0,nodes=0,micros=0,maxMicros=0 domGuard:calls=0,scans=0,direct=0,roots=0/0/0/0,nodes=0,micros=0,maxMicros=0 markup:calls=0,scans=0,direct=0,roots=0/0/0/0,nodes=0,micros=0,maxMicros=0
09-08 08:26:49.209 24100 24100 I ChromeMediaShieldStatus: v=1 seq=3 kind=uiSvg registered=0 registryBytes=0 cssRewritten=0 cssRejected=0 networkAccepted=0 networkRejected=0 assetServed=0 assetRejected=0
09-08 08:26:49.209 24100 24100 I ChromeMediaShieldStatus: v=1 seq=3 kind=health failures=0 clientDisconnects=0 proxyQueueRejects=0 protectFailure=0 quicAttempts=0 directTcpAttempts=0 active=true ready=true
09-08 08:26:49.209 24100 24100 I ChromeMediaShieldStatus: v=1 seq=3 kind=fixture report=REPORT=not_run,DOCUMENTS=0,FRAMES=0,SCRIPTS=0,FIRST_ORIGINAL_SCRIPTS=0,STYLES=0,WORKERS=0,SERVICE_WORKERS=0,FRAME_REPORTS=0,FRAME_REPORT_REJECTS=0,FRAME_REPORT=not_run,FRAME_REPORT_SHA=not_run,FRAME_CHALLENGE_SHA=not_run,FRAME_GENERATION=0,FRAME_ACCEPTED_CHALLENGE_SHA=not_run,FRAME_REPORT_BINDING_SHA=not_run,SAME_URL_BODIES=0,REPORTS=0,SW_BOUNDARY={INSTALL_DOCS=0,WORKER_SCRIPTS=0,WORKER_PROBE_SCRIPTS=0,PROBE_DOCS=0,CLEANUP_DOCS=0,REPORTS_ACCEPTED=0,REPORTS_REJECTED=0,CONTROLLER_PRESENT=0,CONTROLLER_MISSING=0,NAV_FETCHES=0,SELF_READY_FETCHES=0,SELF_READY_PASS_THROUGH=0,SELF_READY_SYNTHETIC=0,NAV_SYNTHETIC=0,RESET_BASELINE_CLEAN=0,RESET_BASELINE_DIRTY=0,REGISTER_BLOCKED=0,REGISTER_SUCCEEDED=0,WORKER_REGISTER_BLOCKED=0,WORKER_REGISTER_SUCCEEDED=0,WORKER_REGISTER_UNSUPPORTED=0,WORKER_REGISTER_ERROR=0,LAST_CASE=none,LAST_EVENT=none,LAST_VALUE=none},UI_SVG={not_run}
09-08 08:27:14.127 24100 17249 I ChromePhotosDataPlane: phase=worker_ready correlationId=c16 admissionWaitMs=0.782
09-08 08:27:14.165 24100 17249 I ChromePhotosDataPlane: phase=tls_certificate correlationId=c16 tlsCacheHit=false tlsCacheWaitMs=0.015 tlsCreationMs=21.540
09-08 08:27:14.165 24100 17249 I ChromePhotosDataPlane: phase=tls_material correlationId=c16 tlsMaterialMs=21.838
09-08 08:27:14.198 24100 17261 I ChromePhotosDataPlane: phase=worker_ready correlationId=c17 admissionWaitMs=0.440
09-08 08:27:14.201 24100 17249 I ChromePhotosDataPlane: phase=tls_ready correlationId=c16 hostClass=network hostHash=191347bfe55d0ca9 clientProtocol=http/1.1 ca=e6d7bb488888c483
09-08 08:27:14.267 24100 17261 I ChromePhotosDataPlane: phase=tls_certificate correlationId=c17 tlsCacheHit=false tlsCacheWaitMs=0.007 tlsCreationMs=15.920
09-08 08:27:14.267 24100 17261 I ChromePhotosDataPlane: phase=tls_material correlationId=c17 tlsMaterialMs=16.227
09-08 08:27:14.275 24100 17261 I ChromePhotosDataPlane: phase=tls_ready correlationId=c17 hostClass=network hostHash=7df7caa0a5579e01 clientProtocol=http/1.1 ca=e6d7bb488888c483
09-08 08:27:15.100 24100 17249 I ChromePhotosDataPlane: phase=media_shield_document origin=real hostClass=network hostHash=191347bfe55d0ca9 result=transformed documentSequence=2 navigationSequence=2 token=6744b5d0299a bytesOut=1104551 upstreamHeadersMs=210.190 documentDecisionMs=236.031 downstreamWriteMs=6.039
09-08 08:27:15.200 24100 17284 I ChromePhotosDataPlane: phase=worker_ready correlationId=c18 admissionWaitMs=0.845
09-08 08:27:15.243 24100 17249 I ChromePhotosDataPlane: phase=media_shield_ready origin=same_origin result=204 bytesOut=0
09-08 08:27:15.256 24100 17249 I ChromePhotosDataPlane: phase=media_shield_ready origin=same_origin result=204 bytesOut=0
09-08 08:27:15.265 24100 17249 I ChromePhotosDataPlane: phase=media_shield_ready origin=same_origin result=204 bytesOut=0
09-08 08:27:15.272 24100 17290 I ChromePhotosDataPlane: phase=worker_ready correlationId=c19 admissionWaitMs=0.700
09-08 08:27:15.307 24100 17284 I ChromePhotosDataPlane: phase=tls_certificate correlationId=c18 tlsCacheHit=false tlsCacheWaitMs=0.018 tlsCreationMs=41.920
09-08 08:27:15.307 24100 17284 I ChromePhotosDataPlane: phase=tls_material correlationId=c18 tlsMaterialMs=42.409
09-08 08:27:15.313 24100 17284 I ChromePhotosDataPlane: phase=tls_ready correlationId=c18 hostClass=network hostHash=685eae6637200805 clientProtocol=http/1.1 ca=e6d7bb488888c483
09-08 08:27:15.338 24100 17290 I ChromePhotosDataPlane: phase=tls_certificate correlationId=c19 tlsCacheHit=false tlsCacheWaitMs=2.654 tlsCreationMs=30.169
09-08 08:27:15.338 24100 17290 I ChromePhotosDataPlane: phase=tls_material correlationId=c19 tlsMaterialMs=33.108
09-08 08:27:15.344 24100 17290 I ChromePhotosDataPlane: phase=tls_ready correlationId=c19 hostClass=network hostHash=c350913878bceb2f clientProtocol=http/1.1 ca=e6d7bb488888c483
09-08 08:27:15.469 24100 17284 I ChromePhotosDataPlane: origin=real hostClass=network hostHash=685eae6637200805 method=GET clientProtocol=http/1.1 upstreamProtocol=h2 status=302 contentType= bytesIn=0 bytesOut=0 cache=miss decision=passthrough   requestToDeliveryMs=154.398 upstreamHeadersMs=147.794 sanitizeMs=1.760 downstreamWriteMs=1.157
09-08 08:27:15.485 24100 17303 I ChromePhotosDataPlane: phase=worker_ready correlationId=c20 admissionWaitMs=1.037
09-08 08:27:15.598 24100 17303 I ChromePhotosDataPlane: phase=tls_certificate correlationId=c20 tlsCacheHit=false tlsCacheWaitMs=0.028 tlsCreationMs=65.795
09-08 08:27:15.598 24100 17303 I ChromePhotosDataPlane: phase=tls_material correlationId=c20 tlsMaterialMs=66.366
09-08 08:27:15.620 24100 17303 I ChromePhotosDataPlane: phase=tls_ready correlationId=c20 hostClass=network hostHash=bf52830e11f43bb6 clientProtocol=http/1.1 ca=e6d7bb488888c483
09-08 08:27:15.721 24100 17290 I ChromePhotosDataPlane: origin=real hostClass=network hostHash=c350913878bceb2f method=GET clientProtocol=http/1.1 upstreamProtocol=h2 status=200 contentType=application/json bytesOut=55 transfer=fixed upstreamHeadersMs=371.260 downstreamWriteMs=2.485
09-08 08:27:15.768 24100 24426 I ChromePhotosDataPlane: phase=fixture_scope_lost action=lease_revoked
09-08 08:27:15.953 24100 17311 I ChromePhotosDataPlane: phase=worker_ready correlationId=c21 admissionWaitMs=0.841
09-08 08:27:15.970 24100 17311 I ChromePhotosDataPlane: phase=tls_certificate correlationId=c21 tlsCacheHit=true tlsCacheWaitMs=0.026 tlsCreationMs=0.000
09-08 08:27:15.970 24100 17311 I ChromePhotosDataPlane: phase=tls_material correlationId=c21 tlsMaterialMs=0.649
09-08 08:27:15.983 24100 17311 I ChromePhotosDataPlane: phase=tls_ready correlationId=c21 hostClass=network hostHash=191347bfe55d0ca9 clientProtocol=http/1.1 ca=e6d7bb488888c483
09-08 08:27:16.055 24100 17311 I ChromePhotosDataPlane: origin=real hostClass=network hostHash=191347bfe55d0ca9 method=POST clientProtocol=http/1.1 upstreamProtocol=h2 status=204 contentType=text/html bytesOut=0 transfer=fixed upstreamHeadersMs=59.504 downstreamWriteMs=0.733
09-08 08:27:16.138 24100 17249 I ChromePhotosDataPlane: origin=real hostClass=network hostHash=191347bfe55d0ca9 method=GET clientProtocol=http/1.1 upstreamProtocol=h2 status=200 contentType=image/webp bytesIn=2070 bytesOut=2070 cache=miss decision=safe reason=model_allow source=engine probability=0.093275934 basis=None decodeMs=8.758 inferenceMs=556.357 inferenceQueueMs=0.207 localDecisionMs=573.857  bodyAdmissionMs=0.012 bodyReadMs=2.749 hashMs=0.640 requestToDeliveryMs=641.620 upstreamHeadersMs=53.064 sanitizeMs=579.547 downstreamWriteMs=1.950
09-08 08:27:16.275 24100 17303 I ChromePhotosDataPlane: origin=real hostClass=network hostHash=bf52830e11f43bb6 method=GET clientProtocol=http/1.1 upstreamProtocol=h2 status=200 contentType=image/png bytesIn=719 bytesOut=719 cache=miss decision=safe reason=model_allow source=engine probability=0.039679587 basis=None decodeMs=2.829 inferenceMs=137.274 inferenceQueueMs=345.836 localDecisionMs=486.579  bodyAdmissionMs=0.030 bodyReadMs=0.302 hashMs=0.391 requestToDeliveryMs=652.574 upstreamHeadersMs=158.972 sanitizeMs=487.762 downstreamWriteMs=1.490
09-08 08:27:16.410 24100 17314 I ChromePhotosDataPlane: phase=worker_ready correlationId=c22 admissionWaitMs=1.824
09-08 08:27:16.442 24100 17249 I ChromePhotosDataPlane: origin=real hostClass=network hostHash=191347bfe55d0ca9 method=POST clientProtocol=http/1.1 upstreamProtocol=h2 status=204 contentType=text/html bytesOut=0 transfer=fixed upstreamHeadersMs=54.934 downstreamWriteMs=0.492
09-08 08:27:16.515 24100 17314 I ChromePhotosDataPlane: phase=tls_certificate correlationId=c22 tlsCacheHit=false tlsCacheWaitMs=0.024 tlsCreationMs=43.874
09-08 08:27:16.516 24100 17314 I ChromePhotosDataPlane: phase=tls_material correlationId=c22 tlsMaterialMs=44.313
09-08 08:27:16.525 24100 17314 I ChromePhotosDataPlane: phase=tls_ready correlationId=c22 hostClass=network hostHash=abf8fbf760ef2a86 clientProtocol=http/1.1 ca=e6d7bb488888c483
09-08 08:27:16.602 24100 17321 I ChromePhotosDataPlane: phase=worker_ready correlationId=c23 admissionWaitMs=1.963
09-08 08:27:16.695 24100 17321 I ChromePhotosDataPlane: phase=tls_certificate correlationId=c23 tlsCacheHit=false tlsCacheWaitMs=0.046 tlsCreationMs=52.352
09-08 08:27:16.695 24100 17321 I ChromePhotosDataPlane: phase=tls_material correlationId=c23 tlsMaterialMs=52.924
09-08 08:27:16.701 24100 17321 I ChromePhotosDataPlane: phase=tls_ready correlationId=c23 hostClass=network hostHash=eaadc6f5c45b9f47 clientProtocol=http/1.1 ca=e6d7bb488888c483
09-08 08:27:16.764 24100 17249 I ChromePhotosDataPlane: origin=real hostClass=network hostHash=191347bfe55d0ca9 method=GET clientProtocol=http/1.1 upstreamProtocol=h2 status=200 contentType=application/json bytesOut=16 transfer=fixed upstreamHeadersMs=70.115 downstreamWriteMs=2.204
09-08 08:27:16.775 24100 17328 I ChromePhotosDataPlane: phase=worker_ready correlationId=c24 admissionWaitMs=3.094
09-08 08:27:16.840 24100 17328 I ChromePhotosDataPlane: phase=tls_certificate correlationId=c24 tlsCacheHit=false tlsCacheWaitMs=0.023 tlsCreationMs=30.889
09-08 08:27:16.840 24100 17328 I ChromePhotosDataPlane: phase=tls_material correlationId=c24 tlsMaterialMs=31.190
09-08 08:27:16.842 24100 17334 I ChromePhotosDataPlane: phase=worker_ready correlationId=c25 admissionWaitMs=1.051
09-08 08:27:16.847 24100 17328 I ChromePhotosDataPlane: phase=tls_ready correlationId=c24 hostClass=network hostHash=73a1220668a1b571 clientProtocol=http/1.1 ca=e6d7bb488888c483
09-08 08:27:16.853 24100 17339 I ChromePhotosDataPlane: phase=worker_ready correlationId=c27 admissionWaitMs=3.327
09-08 08:27:16.854 24100 17342 I ChromePhotosDataPlane: phase=worker_ready correlationId=c28 admissionWaitMs=2.147
09-08 08:27:16.856 24100 17336 I ChromePhotosDataPlane: phase=worker_ready correlationId=c26 admissionWaitMs=8.639
09-08 08:27:16.858 24100 17339 I ChromePhotosDataPlane: phase=tls_certificate correlationId=c27 tlsCacheHit=true tlsCacheWaitMs=0.008 tlsCreationMs=0.000
09-08 08:27:16.858 24100 17339 I ChromePhotosDataPlane: phase=tls_material correlationId=c27 tlsMaterialMs=0.205
09-08 08:27:16.859 24100 17314 I ChromePhotosDataPlane: origin=real hostClass=network hostHash=abf8fbf760ef2a86 method=GET clientProtocol=http/1.1 upstreamProtocol=h2 status=200 contentType=image/png bytesIn=0 bytesOut=704 cache=miss decision=unknown reason=encoded_image_unsupported source=error probability=-1.0 basis=none decodeMs=0.000 inferenceMs=0.000 inferenceQueueMs=0.000 localDecisionMs=0.000   requestToDeliveryMs=333.573 upstreamHeadersMs=331.024 sanitizeMs=0.135 downstreamWriteMs=0.887
09-08 08:27:16.862 24100 17343 I ChromePhotosDataPlane: phase=worker_ready correlationId=c29 admissionWaitMs=1.606
09-08 08:27:16.868 24100 17342 I ChromePhotosDataPlane: phase=tls_certificate correlationId=c28 tlsCacheHit=true tlsCacheWaitMs=0.023 tlsCreationMs=0.000
09-08 08:27:16.868 24100 17342 I ChromePhotosDataPlane: phase=tls_material correlationId=c28 tlsMaterialMs=0.541
09-08 08:27:16.873 24100 17339 I ChromePhotosDataPlane: phase=tls_ready correlationId=c27 hostClass=network hostHash=73a1220668a1b571 clientProtocol=http/1.1 ca=e6d7bb488888c483
09-08 08:27:16.873 24100 17336 I ChromePhotosDataPlane: phase=tls_certificate correlationId=c26 tlsCacheHit=true tlsCacheWaitMs=0.013 tlsCreationMs=0.000
09-08 08:27:16.873 24100 17336 I ChromePhotosDataPlane: phase=tls_material correlationId=c26 tlsMaterialMs=0.384
09-08 08:27:16.880 24100 17343 I ChromePhotosDataPlane: phase=tls_certificate correlationId=c29 tlsCacheHit=true tlsCacheWaitMs=0.049 tlsCreationMs=0.000
09-08 08:27:16.880 24100 17343 I ChromePhotosDataPlane: phase=tls_material correlationId=c29 tlsMaterialMs=0.460
09-08 08:27:16.881 24100 17342 I ChromePhotosDataPlane: phase=tls_ready correlationId=c28 hostClass=network hostHash=73a1220668a1b571 clientProtocol=http/1.1 ca=e6d7bb488888c483
09-08 08:27:16.886 24100 17336 I ChromePhotosDataPlane: phase=tls_ready correlationId=c26 hostClass=network hostHash=73a1220668a1b571 clientProtocol=http/1.1 ca=e6d7bb488888c483
09-08 08:27:16.887 24100 17321 I ChromePhotosDataPlane: origin=real hostClass=network hostHash=eaadc6f5c45b9f47 method=POST clientProtocol=http/1.1 upstreamProtocol=h2 status=200 contentType=application/json+protobuf bytesOut=39 transfer=fixed upstreamHeadersMs=183.068 downstreamWriteMs=0.996
09-08 08:27:16.897 24100 17343 I ChromePhotosDataPlane: phase=tls_ready correlationId=c29 hostClass=network hostHash=abf8fbf760ef2a86 clientProtocol=http/1.1 ca=e6d7bb488888c483
09-08 08:27:16.903 24100 17334 I ChromePhotosDataPlane: phase=tls_certificate correlationId=c25 tlsCacheHit=false tlsCacheWaitMs=0.016 tlsCreationMs=26.712
09-08 08:27:16.903 24100 17334 I ChromePhotosDataPlane: phase=tls_material correlationId=c25 tlsMaterialMs=27.069
09-08 08:27:16.909 24100 17334 I ChromePhotosDataPlane: phase=tls_ready correlationId=c25 hostClass=network hostHash=531c0c97f236d51c clientProtocol=http/1.1 ca=e6d7bb488888c483
09-08 08:27:17.119 24100 17343 I ChromePhotosDataPlane: origin=real hostClass=network hostHash=abf8fbf760ef2a86 method=GET clientProtocol=http/1.1 upstreamProtocol=h2 status=200 contentType=image/png bytesIn=0 bytesOut=704 cache=miss decision=unknown reason=encoded_image_unsupported source=error probability=-1.0 basis=none decodeMs=0.000 inferenceMs=0.000 inferenceQueueMs=0.000 localDecisionMs=0.000   requestToDeliveryMs=218.241 upstreamHeadersMs=213.748 sanitizeMs=0.121 downstreamWriteMs=0.832
09-08 08:27:17.124 24100 17328 I ChromePhotosDataPlane: origin=real hostClass=network hostHash=73a1220668a1b571 method=GET clientProtocol=http/1.1 upstreamProtocol=h2 status=200 contentType=image/png bytesIn=21148 bytesOut=704 cache=miss decision=block reason=model_filter source=engine probability=0.514613 basis=FullThreshold decodeMs=3.289 inferenceMs=135.348 inferenceQueueMs=0.092 localDecisionMs=139.392  bodyAdmissionMs=0.013 bodyReadMs=17.889 hashMs=0.948 requestToDeliveryMs=268.531 upstreamHeadersMs=107.649 sanitizeMs=158.490 downstreamWriteMs=0.868
09-08 08:27:17.168 24100 17249 I ChromePhotosDataPlane: phase=media_shield_ready origin=same_origin result=200 bytesOut=18234
09-08 08:27:17.425 24100 17339 I ChromePhotosDataPlane: origin=real hostClass=network hostHash=73a1220668a1b571 method=GET clientProtocol=http/1.1 upstreamProtocol=h2 status=200 contentType=image/png bytesIn=13998 bytesOut=704 cache=miss decision=block reason=model_filter source=engine probability=0.6001462 basis=UncertainRegional decodeMs=3.288 inferenceMs=266.477 inferenceQueueMs=112.398 localDecisionMs=406.358  bodyAdmissionMs=0.015 bodyReadMs=0.470 hashMs=0.416 requestToDeliveryMs=549.983 upstreamHeadersMs=133.220 sanitizeMs=407.681 downstreamWriteMs=1.555
09-08 08:27:17.557 24100 17342 I ChromePhotosDataPlane: origin=real hostClass=network hostHash=73a1220668a1b571 method=GET clientProtocol=http/1.1 upstreamProtocol=h2 status=200 contentType=image/png bytesIn=9260 bytesOut=704 cache=miss decision=block reason=model_filter source=engine probability=0.7707697 basis=FullThreshold decodeMs=2.764 inferenceMs=132.854 inferenceQueueMs=292.334 localDecisionMs=428.907  bodyAdmissionMs=94.448 bodyReadMs=0.212 hashMs=0.482 requestToDeliveryMs=657.753 upstreamHeadersMs=126.297 sanitizeMs=524.572 downstreamWriteMs=2.348
09-08 08:27:17.611 24100 17353 I ChromePhotosDataPlane: phase=worker_ready correlationId=c30 admissionWaitMs=2.403
09-08 08:27:17.618 24100 17354 I ChromePhotosDataPlane: phase=worker_ready correlationId=c31 admissionWaitMs=0.940
09-08 08:27:17.621 24100 17353 I ChromePhotosDataPlane: phase=tls_certificate correlationId=c30 tlsCacheHit=true tlsCacheWaitMs=0.022 tlsCreationMs=0.000
09-08 08:27:17.621 24100 17353 I ChromePhotosDataPlane: phase=tls_material correlationId=c30 tlsMaterialMs=0.491
09-08 08:27:17.625 24100 17355 I ChromePhotosDataPlane: phase=worker_ready correlationId=c32 admissionWaitMs=5.017
09-08 08:27:17.634 24100 17353 I ChromePhotosDataPlane: phase=tls_ready correlationId=c30 hostClass=network hostHash=73a1220668a1b571 clientProtocol=http/1.1 ca=e6d7bb488888c483
09-08 08:27:17.678 24100 17355 I ChromePhotosDataPlane: phase=tls_certificate correlationId=c32 tlsCacheHit=false tlsCacheWaitMs=0.094 tlsCreationMs=19.228
09-08 08:27:17.678 24100 17355 I ChromePhotosDataPlane: phase=tls_material correlationId=c32 tlsMaterialMs=19.797
09-08 08:27:17.684 24100 17355 I ChromePhotosDataPlane: phase=tls_ready correlationId=c32 hostClass=network hostHash=8e08d6d89d17a981 clientProtocol=http/1.1 ca=e6d7bb488888c483
09-08 08:27:17.691 24100 17336 I ChromePhotosDataPlane: origin=real hostClass=network hostHash=73a1220668a1b571 method=GET clientProtocol=http/1.1 upstreamProtocol=h2 status=200 contentType=image/png bytesIn=20040 bytesOut=704 cache=miss decision=block reason=model_filter source=engine probability=0.77102244 basis=FullThreshold decodeMs=4.129 inferenceMs=132.159 inferenceQueueMs=132.459 localDecisionMs=269.653  bodyAdmissionMs=368.267 bodyReadMs=0.796 hashMs=1.180 requestToDeliveryMs=791.913 upstreamHeadersMs=145.279 sanitizeMs=640.740 downstreamWriteMs=1.226
09-08 08:27:17.729 24100 17354 I ChromePhotosDataPlane: phase=tls_certificate correlationId=c31 tlsCacheHit=false tlsCacheWaitMs=15.027 tlsCreationMs=50.517
09-08 08:27:17.729 24100 17354 I ChromePhotosDataPlane: phase=tls_material correlationId=c31 tlsMaterialMs=66.082
09-08 08:27:17.741 24100 17354 I ChromePhotosDataPlane: phase=tls_ready correlationId=c31 hostClass=network hostHash=3eac1e980287c7ce clientProtocol=http/1.1 ca=e6d7bb488888c483
09-08 08:27:17.829 24100 17328 I ChromePhotosDataPlane: origin=real hostClass=network hostHash=73a1220668a1b571 method=GET clientProtocol=http/1.1 upstreamProtocol=h2 status=200 contentType=image/png bytesIn=13404 bytesOut=704 cache=miss decision=block reason=model_filter source=engine probability=0.475984 basis=FullThreshold decodeMs=4.095 inferenceMs=132.773 inferenceQueueMs=133.124 localDecisionMs=270.757  bodyAdmissionMs=57.136 bodyReadMs=0.611 hashMs=1.516 requestToDeliveryMs=365.976 upstreamHeadersMs=29.636 sanitizeMs=330.449 downstreamWriteMs=1.697
09-08 08:27:17.839 24100 17355 I ChromePhotosDataPlane: origin=real hostClass=network hostHash=8e08d6d89d17a981 method=POST clientProtocol=http/1.1 upstreamProtocol=h2 status=200 contentType=image/png bytesIn=0 bytesOut=704 cache=miss decision=unknown reason=encoded_image_unsupported source=error probability=-1.0 basis=none decodeMs=0.000 inferenceMs=0.000 inferenceQueueMs=0.000 localDecisionMs=0.000   requestToDeliveryMs=152.762 upstreamHeadersMs=151.325 sanitizeMs=0.051 downstreamWriteMs=0.468
09-08 08:27:17.885 24100 17369 I ChromePhotosDataPlane: phase=worker_ready correlationId=c33 admissionWaitMs=3.215
09-08 08:27:17.901 24100 17369 I ChromePhotosDataPlane: phase=tls_certificate correlationId=c33 tlsCacheHit=true tlsCacheWaitMs=0.020 tlsCreationMs=0.000
09-08 08:27:17.901 24100 17369 I ChromePhotosDataPlane: phase=tls_material correlationId=c33 tlsMaterialMs=0.473
09-08 08:27:17.913 24100 17369 I ChromePhotosDataPlane: phase=tls_ready correlationId=c33 hostClass=network hostHash=3eac1e980287c7ce clientProtocol=http/1.1 ca=e6d7bb488888c483
09-08 08:27:17.922 24100 17249 I ChromePhotosDataPlane: origin=real hostClass=network hostHash=191347bfe55d0ca9 method=GET clientProtocol=http/1.1 upstreamProtocol=h2 status=200 contentType=application/octet-stream bytesOut=123341 transfer=chunked upstreamHeadersMs=88.415 downstreamWriteMs=33.119
09-08 08:27:17.924 24100 17371 I ChromePhotosDataPlane: phase=worker_ready correlationId=c34 admissionWaitMs=0.563
09-08 08:27:17.940 24100 17371 I ChromePhotosDataPlane: phase=tls_certificate correlationId=c34 tlsCacheHit=true tlsCacheWaitMs=0.042 tlsCreationMs=0.000
09-08 08:27:17.940 24100 17371 I ChromePhotosDataPlane: phase=tls_material correlationId=c34 tlsMaterialMs=0.666
09-08 08:27:17.952 24100 17371 I ChromePhotosDataPlane: phase=tls_ready correlationId=c34 hostClass=network hostHash=191347bfe55d0ca9 clientProtocol=http/1.1 ca=e6d7bb488888c483
09-08 08:27:17.969 24100 17339 I ChromePhotosDataPlane: origin=real hostClass=network hostHash=73a1220668a1b571 method=GET clientProtocol=http/1.1 upstreamProtocol=h2 status=200 contentType=image/jpeg bytesIn=14895 bytesOut=14895 cache=miss decision=safe reason=model_allow source=engine probability=0.13953805 basis=None decodeMs=2.996 inferenceMs=135.599 inferenceQueueMs=134.937 localDecisionMs=274.079  bodyAdmissionMs=171.614 bodyReadMs=0.389 hashMs=0.796 requestToDeliveryMs=503.598 upstreamHeadersMs=49.078 sanitizeMs=447.278 downstreamWriteMs=1.769
09-08 08:27:17.981 24100 17371 I ChromePhotosDataPlane: origin=real hostClass=network hostHash=191347bfe55d0ca9 method=GET clientProtocol=http/1.1 upstreamProtocol=h2 status=200 contentType=image/png bytesIn=0 bytesOut=704 cache=miss decision=unknown reason=encoded_image_unsupported source=error probability=-1.0 basis=none decodeMs=0.000 inferenceMs=0.000 inferenceQueueMs=0.000 localDecisionMs=0.000   requestToDeliveryMs=28.164 upstreamHeadersMs=25.583 sanitizeMs=0.147 downstreamWriteMs=0.890
09-08 08:27:17.999 24100 17249 I ChromePhotosDataPlane: origin=real hostClass=network hostHash=191347bfe55d0ca9 method=POST clientProtocol=http/1.1 upstreamProtocol=h2 status=204 contentType=text/html bytesOut=0 transfer=fixed upstreamHeadersMs=68.732 downstreamWriteMs=0.791
09-08 08:27:18.001 24100 17311 I ChromePhotosDataPlane: origin=real hostClass=network hostHash=191347bfe55d0ca9 method=POST clientProtocol=http/1.1 upstreamProtocol=h2 status=204 contentType=text/html bytesOut=0 transfer=fixed upstreamHeadersMs=66.851 downstreamWriteMs=0.568
09-08 08:27:18.112 24100 17342 I ChromePhotosDataPlane: origin=real hostClass=network hostHash=73a1220668a1b571 method=GET clientProtocol=http/1.1 upstreamProtocol=h2 status=200 contentType=image/png bytesIn=26904 bytesOut=704 cache=miss decision=block reason=model_filter source=engine probability=0.80148864 basis=FullThreshold decodeMs=3.518 inferenceMs=135.538 inferenceQueueMs=135.756 localDecisionMs=275.639  bodyAdmissionMs=178.738 bodyReadMs=0.847 hashMs=1.355 requestToDeliveryMs=488.157 upstreamHeadersMs=22.787 sanitizeMs=457.014 downstreamWriteMs=1.399
09-08 08:27:18.117 24100 17369 I ChromePhotosDataPlane: origin=real hostClass=network hostHash=3eac1e980287c7ce method=GET clientProtocol=http/1.1 upstreamProtocol=h2 status=200 contentType=image/png bytesIn=37 bytesOut=704 cache=miss decision=unknown reason=unsupported_gif source=error probability=-1.0 basis=none decodeMs=0.000 inferenceMs=0.000 inferenceQueueMs=0.000 localDecisionMs=0.000  bodyAdmissionMs=133.805 bodyReadMs=0.421 requestToDeliveryMs=203.524 upstreamHeadersMs=63.644 sanitizeMs=135.618 downstreamWriteMs=1.614
09-08 08:27:18.118 24100 17354 I ChromePhotosDataPlane: origin=real hostClass=network hostHash=3eac1e980287c7ce method=GET clientProtocol=http/1.1 upstreamProtocol=h2 status=200 contentType=image/png bytesIn=37 bytesOut=704 cache=miss decision=unknown reason=unsupported_gif source=error probability=-1.0 basis=none decodeMs=0.000 inferenceMs=0.000 inferenceQueueMs=0.000 localDecisionMs=0.000  bodyAdmissionMs=200.741 bodyReadMs=0.399 requestToDeliveryMs=375.220 upstreamHeadersMs=163.515 sanitizeMs=202.800 downstreamWriteMs=6.464
09-08 08:27:18.119 24100 17355 I ChromePhotosDataPlane: origin=real hostClass=network hostHash=8e08d6d89d17a981 method=POST clientProtocol=http/1.1 upstreamProtocol=h2 status=200 contentType=image/png bytesIn=0 bytesOut=704 cache=miss decision=unknown reason=encoded_image_unsupported source=error probability=-1.0 basis=none decodeMs=0.000 inferenceMs=0.000 inferenceQueueMs=0.000 localDecisionMs=0.000   requestToDeliveryMs=64.570 upstreamHeadersMs=56.804 sanitizeMs=0.478 downstreamWriteMs=3.710
09-08 08:27:18.243 24100 17353 I ChromePhotosDataPlane: origin=real hostClass=network hostHash=73a1220668a1b571 method=GET clientProtocol=http/1.1 upstreamProtocol=h2 status=200 contentType=image/png bytesIn=8092 bytesOut=704 cache=miss decision=block reason=model_filter source=engine probability=0.7452527 basis=FullThreshold decodeMs=2.668 inferenceMs=132.784 inferenceQueueMs=132.389 localDecisionMs=268.626  bodyAdmissionMs=304.339 bodyReadMs=0.450 hashMs=1.043 requestToDeliveryMs=607.169 upstreamHeadersMs=28.876 sanitizeMs=574.810 downstreamWriteMs=1.175
09-08 08:27:18.352 24100 17311 I ChromePhotosDataPlane: origin=real hostClass=network hostHash=191347bfe55d0ca9 method=POST clientProtocol=http/1.1 upstreamProtocol=h2 status=204 contentType=text/html bytesOut=0 transfer=fixed upstreamHeadersMs=57.451 downstreamWriteMs=0.897
09-08 08:27:19.153 24100 17355 I ChromePhotosDataPlane: origin=real hostClass=network hostHash=8e08d6d89d17a981 method=POST clientProtocol=http/1.1 upstreamProtocol=h2 status=200 contentType=image/png bytesIn=0 bytesOut=704 cache=miss decision=unknown reason=encoded_image_unsupported source=error probability=-1.0 basis=none decodeMs=0.000 inferenceMs=0.000 inferenceQueueMs=0.000 localDecisionMs=0.000   requestToDeliveryMs=74.104 upstreamHeadersMs=71.271 sanitizeMs=0.137 downstreamWriteMs=1.005
09-08 08:27:19.171 24100 17311 I ChromePhotosDataPlane: origin=real hostClass=network hostHash=191347bfe55d0ca9 method=GET clientProtocol=http/1.1 upstreamProtocol=h2 status=200 contentType=application/json bytesOut=17 transfer=chunked upstreamHeadersMs=89.652 downstreamWriteMs=0.644
09-08 08:27:49.025 24100 24100 I ChromePhotosDataPlane: phase=status statusSequence=4 lifecycle=PresentationReady active=true ready=true connections=34 requests=389 safe=12 blocked=7 unknown=9 passthrough=352 cacheHits=1 cacheMisses=19 failures=0 clientDisconnects=0 bytesIn=9451862 bytesOut=8151004 streamed=11 proxyQueueRejects=0 proxyActivePeak=20 proxyP50Ms=1.686 proxyP95Ms=354.522 proxyP99Ms=895.184 upstreamSockets=23 protectSuccess=23 protectFailure=0 web11a=not_run web11b=not_run modelLoadMs=264.740 engineCalls=19 dedupeHits=0 decisionCacheConfig=64 decisionConcurrencyConfig=1 decisionQueueConfig=2 decisionTimeoutMs=5000 engineCallsPerRequest=0.95 inferencePeak=1 inFlightPeak=2 queuePeak=1 queueRejects=0 timeouts=0 inferenceP50Ms=133.106093 inferenceP95Ms=266.477343 inferenceP99Ms=266.477343 decisionP50Ms=270.183229 decisionP95Ms=486.579426 decisionP99Ms=486.579426 cacheHitP50Ms=0.018385 cacheHitP95Ms=0.018385 cacheEntries=19 cacheEvictions=0 preprocessP50Ms=3.517865 preprocessP95Ms=80.817604 preprocessP99Ms=80.817604 preparedCount1=16 preparedCount4=1 preparedCount5=1 preparedCountOther=1 decisionBasis=FullThreshold:6,None:11,Other:1,UncertainRegional:1 imageCandidates=28 imagePrefixPeeks=1 imageMagicCandidates=0 imageBodyAdmissionPeak=2 imageBodyAdmissionRejects=0 networkVisualCandidates=28 networkVisualReplaced=0 networkVisualRawDelivered=0 networkVisualSafeRawDelivered=12 networkVisualBlockedReplaced=7 networkVisualUnknownReplaced=0 networkVisualUnsupportedReplaced=9 networkVisualRawBlockedDelivered=0 networkVisualRawUnknownDelivered=0 networkVisualCacheHit=1 networkVisualInference=19 mediaDocumentsTransformed=2 mediaDocumentsFailClosed=0 documentTransformOutstanding=0 readyTokensOutstanding=2 uiSvgRegistered=1 uiSvgRegistryBytes=217 uiSvgCssRewritten=0 uiSvgCssRejected=0 uiSvgNetworkAccepted=0 uiSvgNetworkRejected=0 uiSvgAssetServed=0 uiSvgAssetRejected=0 h18=REPORT=not_run,EVENT_SEQUENCE=0,COMPAT_DOCS=0,STRICT_DOCS=0,STYLE_REQ=0,SCRIPT_REQ=0,DATA_REQ=0,NETWORK_REQ=0,REPORTS=0,LAST_DOC=none,NETWORK_SHA=ee17e3f62edde61823ce35732ea168f4f5986bff347ccfac063eca7f4009ee1b,AUDIT_SHA=74d4467bbf6833db4eeab998495b7dfc50db3b1f04f407704b839ad3f4b25582 h19=REPORT=not_run,DOCUMENTS=0,FRAMES=0,SCRIPTS=0,FIRST_ORIGINAL_SCRIPTS=0,STYLES=0,WORKERS=0,SERVICE_WORKERS=0,FRAME_REPORTS=0,FRAME_REPORT_REJECTS=0,FRAME_REPORT=not_run,FRAME_REPORT_SHA=not_run,FRAME_CHALLENGE_SHA=not_run,FRAME_GENERATION=0,FRAME_ACCEPTED_CHALLENGE_SHA=not_run,FRAME_REPORT_BINDING_SHA=not_run,SAME_URL_BODIES=0,REPORTS=0,SW_BOUNDARY={INSTALL_DOCS=0,WORKER_SCRIPTS=0,WORKER_PROBE_SCRIPTS=0,PROBE_DOCS=0,CLEANUP_DOCS=0,REPORTS_ACCEPTED=0,REPORTS_REJECTED=0,CONTROLLER_PRESENT=0,CONTROLLER_MISSING=0,NAV_FETCHES=0,SELF_READY_FETCHES=0,SELF_READY_PASS_THROUGH=0,SELF_READY_SYNTHETIC=0,NAV_SYNTHETIC=0,RESET_BASELINE_CLEAN=0,RESET_BASELINE_DIRTY=0,REGISTER_BLOCKED=0,REGISTER_SUCCEEDED=0,WORKER_REGISTER_BLOCKED=0,WORKER_REGISTER_SUCCEEDED=0,WORKER_REGISTER_UNSUPPORTED=0,WORKER_REGISTER_ERROR=0,LAST_CASE=none,LAST_EVENT=none,LAST_VALUE=none},UI_SVG={not_run} quicAttempts=0 directTcpAttempts=0 bootstrapResetGeneration=2 bootstrapCompleteGeneration=2 bootstrapResetCount=3 chromeSuspended=false guardSession=547 guardHeartbeatSequence=222 audit17State=0 audit17Navigation=0 audit17Events=30 audit17Dropped=0
09-08 08:27:49.025 24100 24100 I ChromeMediaShieldStatus: v=1 seq=4 kind=network mode=selective candidates=28 replaced=0 rawDelivered=0 safeRaw=12 blockedReplaced=7 unknownReplaced=0 unsupportedReplaced=9 rawBlocked=0 rawUnknown=0 cacheHit=1 decisionEngine=19 engineCalls=19
09-08 08:27:49.025 24100 24100 I ChromeMediaShieldStatus: v=1 seq=4 kind=document transformed=2 failClosed=0 outstanding=0 issued=2 claims=2 documentSequence=2 navigationSequence=2 readyRequests=6 readyPreflights=0 readyAccepted=2 readyRejected=0 parserBarrierRequests=0 parserBarrierReady=0 parserBarrierFailClosed=0 selfShield=true selfReadyRequests=2 selfReadyAccepted=2 selfReadyRejected=0 selfReadyRejectReason=none selfShieldReleaseCompleted=2 selfShieldParserContinued=2 selfShieldOriginalScriptStarted=0 selfShieldTraceRejected=0 selfShieldTraceOutstanding=1 bootstrapDiagnosticAccepted=0 bootstrapDiagnosticRejected=0 bootstrapDiagnosticRejectReason=none bootstrapDiagnosticStage=none bootstrapDiagnosticReason=none bootstrapDiagnosticOutstanding=0
09-08 08:27:49.025 24100 24100 I ChromeMediaShieldStatus: v=1 seq=4 kind=renderer reports=0 rejected=0 globalCallbacks=0 globalRecords=0 childRecords=0 attributeRecords=0 maxRecords=0 scanCalls=0 scanRoot=0 scanNodes=0 maxScanNodes=0 scanMicros=0 maxScanMicros=0 observerChildScans=0 observerAttributeScans=0 guardedScans=0 markupScans=0 shadowScans=0 initialScans=0 otherScans=0 sanitizeElement=0 sanitizeContainer=0 img=0 source=0 svg=0 iframe=0 canvas=0 video=0 safeIcon=0 lockIcon=0 geometryWrites=0 svgRecords=0 shadowRoots=0 shadowObservers=0 shadowCallbacks=0 shadowRecords=0 shadowScanCalls=0 ensureStyle=0 ensureCurtain=0 internalMutations=0
09-08 08:27:49.025 24100 24100 I ChromeMediaShieldStatus: v=1 seq=4 kind=rendererApis callScan=createElement=0/0 createElementNS=0/0 appendChild=0/0 insertBefore=0/0 replaceChild=0/0 append=0/0 prepend=0/0 replaceChildren=0/0 before=0/0 after=0/0 replaceWith=0/0 adjacentElement=0/0 moveBefore=0/0 rangeInsert=0/0 rangeSurround=0/0 adoptNode=0/0 cloneNode=0/0 importNode=0/0 safeMarkup=0/0 innerHTML=0/0 outerHTML=0/0 insertAdjacentHTML=0/0 setHTML=0/0 shadowInnerHTML=0/0 execCommandInsertHTML=0/0 mappedTextContent=0/0
09-08 08:27:49.025 24100 24100 I ChromeMediaShieldStatus: v=1 seq=4 kind=rendererFamilies roots=element/fragment/text/other factory:calls=0,scans=0,direct=0,roots=0/0/0/0,nodes=0,micros=0,maxMicros=0 domGuard:calls=0,scans=0,direct=0,roots=0/0/0/0,nodes=0,micros=0,maxMicros=0 markup:calls=0,scans=0,direct=0,roots=0/0/0/0,nodes=0,micros=0,maxMicros=0
09-08 08:27:49.025 24100 24100 I ChromeMediaShieldStatus: v=1 seq=4 kind=uiSvg registered=1 registryBytes=217 cssRewritten=0 cssRejected=0 networkAccepted=0 networkRejected=0 assetServed=0 assetRejected=0
09-08 08:27:49.025 24100 24100 I ChromeMediaShieldStatus: v=1 seq=4 kind=health failures=0 clientDisconnects=0 proxyQueueRejects=0 protectFailure=0 quicAttempts=0 directTcpAttempts=0 active=true ready=true
09-08 08:27:49.025 24100 24100 I ChromeMediaShieldStatus: v=1 seq=4 kind=fixture report=REPORT=not_run,DOCUMENTS=0,FRAMES=0,SCRIPTS=0,FIRST_ORIGINAL_SCRIPTS=0,STYLES=0,WORKERS=0,SERVICE_WORKERS=0,FRAME_REPORTS=0,FRAME_REPORT_REJECTS=0,FRAME_REPORT=not_run,FRAME_REPORT_SHA=not_run,FRAME_CHALLENGE_SHA=not_run,FRAME_GENERATION=0,FRAME_ACCEPTED_CHALLENGE_SHA=not_run,FRAME_REPORT_BINDING_SHA=not_run,SAME_URL_BODIES=0,REPORTS=0,SW_BOUNDARY={INSTALL_DOCS=0,WORKER_SCRIPTS=0,WORKER_PROBE_SCRIPTS=0,PROBE_DOCS=0,CLEANUP_DOCS=0,REPORTS_ACCEPTED=0,REPORTS_REJECTED=0,CONTROLLER_PRESENT=0,CONTROLLER_MISSING=0,NAV_FETCHES=0,SELF_READY_FETCHES=0,SELF_READY_PASS_THROUGH=0,SELF_READY_SYNTHETIC=0,NAV_SYNTHETIC=0,RESET_BASELINE_CLEAN=0,RESET_BASELINE_DIRTY=0,REGISTER_BLOCKED=0,REGISTER_SUCCEEDED=0,WORKER_REGISTER_BLOCKED=0,WORKER_REGISTER_SUCCEEDED=0,WORKER_REGISTER_UNSUPPORTED=0,WORKER_REGISTER_ERROR=0,LAST_CASE=none,LAST_EVENT=none,LAST_VALUE=none},UI_SVG={not_run}
09-08 08:28:39.683 24100 17450 I ChromePhotosDataPlane: phase=worker_ready correlationId=c35 admissionWaitMs=1.965
09-08 08:28:39.758 24100 17450 I ChromePhotosDataPlane: phase=tls_certificate correlationId=c35 tlsCacheHit=true tlsCacheWaitMs=0.025 tlsCreationMs=0.000
09-08 08:28:39.759 24100 17450 I ChromePhotosDataPlane: phase=tls_material correlationId=c35 tlsMaterialMs=0.874
09-08 08:28:39.777 24100 17450 I ChromePhotosDataPlane: phase=tls_ready correlationId=c35 hostClass=network hostHash=191347bfe55d0ca9 clientProtocol=http/1.1 ca=e6d7bb488888c483
09-08 08:28:39.799 24100 17450 I ChromePhotosDataPlane: phase=media_shield_ready origin=same_origin result=204 bytesOut=0
09-08 08:28:40.106 24100 24100 I ChromePhotosDataPlane: phase=status statusSequence=5 lifecycle=PresentationReady active=true ready=true connections=35 requests=390 safe=12 blocked=7 unknown=9 passthrough=352 cacheHits=1 cacheMisses=19 failures=0 clientDisconnects=0 bytesIn=9451862 bytesOut=8151004 streamed=11 proxyQueueRejects=0 proxyActivePeak=20 proxyP50Ms=1.686 proxyP95Ms=354.522 proxyP99Ms=895.184 upstreamSockets=23 protectSuccess=23 protectFailure=0 web11a=not_run web11b=not_run modelLoadMs=264.740 engineCalls=19 dedupeHits=0 decisionCacheConfig=64 decisionConcurrencyConfig=1 decisionQueueConfig=2 decisionTimeoutMs=5000 engineCallsPerRequest=0.95 inferencePeak=1 inFlightPeak=2 queuePeak=1 queueRejects=0 timeouts=0 inferenceP50Ms=133.106093 inferenceP95Ms=266.477343 inferenceP99Ms=266.477343 decisionP50Ms=270.183229 decisionP95Ms=486.579426 decisionP99Ms=486.579426 cacheHitP50Ms=0.018385 cacheHitP95Ms=0.018385 cacheEntries=19 cacheEvictions=0 preprocessP50Ms=3.517865 preprocessP95Ms=80.817604 preprocessP99Ms=80.817604 preparedCount1=16 preparedCount4=1 preparedCount5=1 preparedCountOther=1 decisionBasis=FullThreshold:6,None:11,Other:1,UncertainRegional:1 imageCandidates=28 imagePrefixPeeks=1 imageMagicCandidates=0 imageBodyAdmissionPeak=2 imageBodyAdmissionRejects=0 networkVisualCandidates=28 networkVisualReplaced=0 networkVisualRawDelivered=0 networkVisualSafeRawDelivered=12 networkVisualBlockedReplaced=7 networkVisualUnknownReplaced=0 networkVisualUnsupportedReplaced=9 networkVisualRawBlockedDelivered=0 networkVisualRawUnknownDelivered=0 networkVisualCacheHit=1 networkVisualInference=19 mediaDocumentsTransformed=2 mediaDocumentsFailClosed=0 documentTransformOutstanding=0 readyTokensOutstanding=2 uiSvgRegistered=1 uiSvgRegistryBytes=217 uiSvgCssRewritten=0 uiSvgCssRejected=0 uiSvgNetworkAccepted=0 uiSvgNetworkRejected=0 uiSvgAssetServed=0 uiSvgAssetRejected=0 h18=REPORT=not_run,EVENT_SEQUENCE=0,COMPAT_DOCS=0,STRICT_DOCS=0,STYLE_REQ=0,SCRIPT_REQ=0,DATA_REQ=0,NETWORK_REQ=0,REPORTS=0,LAST_DOC=none,NETWORK_SHA=ee17e3f62edde61823ce35732ea168f4f5986bff347ccfac063eca7f4009ee1b,AUDIT_SHA=74d4467bbf6833db4eeab998495b7dfc50db3b1f04f407704b839ad3f4b25582 h19=REPORT=not_run,DOCUMENTS=0,FRAMES=0,SCRIPTS=0,FIRST_ORIGINAL_SCRIPTS=0,STYLES=0,WORKERS=0,SERVICE_WORKERS=0,FRAME_REPORTS=0,FRAME_REPORT_REJECTS=0,FRAME_REPORT=not_run,FRAME_REPORT_SHA=not_run,FRAME_CHALLENGE_SHA=not_run,FRAME_GENERATION=0,FRAME_ACCEPTED_CHALLENGE_SHA=not_run,FRAME_REPORT_BINDING_SHA=not_run,SAME_URL_BODIES=0,REPORTS=0,SW_BOUNDARY={INSTALL_DOCS=0,WORKER_SCRIPTS=0,WORKER_PROBE_SCRIPTS=0,PROBE_DOCS=0,CLEANUP_DOCS=0,REPORTS_ACCEPTED=0,REPORTS_REJECTED=0,CONTROLLER_PRESENT=0,CONTROLLER_MISSING=0,NAV_FETCHES=0,SELF_READY_FETCHES=0,SELF_READY_PASS_THROUGH=0,SELF_READY_SYNTHETIC=0,NAV_SYNTHETIC=0,RESET_BASELINE_CLEAN=0,RESET_BASELINE_DIRTY=0,REGISTER_BLOCKED=0,REGISTER_SUCCEEDED=0,WORKER_REGISTER_BLOCKED=0,WORKER_REGISTER_SUCCEEDED=0,WORKER_REGISTER_UNSUPPORTED=0,WORKER_REGISTER_ERROR=0,LAST_CASE=none,LAST_EVENT=none,LAST_VALUE=none},UI_SVG={not_run} quicAttempts=0 directTcpAttempts=0 bootstrapResetGeneration=2 bootstrapCompleteGeneration=2 bootstrapResetCount=3 chromeSuspended=false guardSession=547 guardHeartbeatSequence=313 audit17State=0 audit17Navigation=0 audit17Events=30 audit17Dropped=0
09-08 08:28:40.106 24100 24100 I ChromeMediaShieldStatus: v=1 seq=5 kind=network mode=selective candidates=28 replaced=0 rawDelivered=0 safeRaw=12 blockedReplaced=7 unknownReplaced=0 unsupportedReplaced=9 rawBlocked=0 rawUnknown=0 cacheHit=1 decisionEngine=19 engineCalls=19
09-08 08:28:40.106 24100 24100 I ChromeMediaShieldStatus: v=1 seq=5 kind=document transformed=2 failClosed=0 outstanding=0 issued=2 claims=2 documentSequence=2 navigationSequence=2 readyRequests=7 readyPreflights=0 readyAccepted=2 readyRejected=0 parserBarrierRequests=0 parserBarrierReady=0 parserBarrierFailClosed=0 selfShield=true selfReadyRequests=2 selfReadyAccepted=2 selfReadyRejected=0 selfReadyRejectReason=none selfShieldReleaseCompleted=2 selfShieldParserContinued=2 selfShieldOriginalScriptStarted=0 selfShieldTraceRejected=0 selfShieldTraceOutstanding=1 bootstrapDiagnosticAccepted=0 bootstrapDiagnosticRejected=0 bootstrapDiagnosticRejectReason=none bootstrapDiagnosticStage=none bootstrapDiagnosticReason=none bootstrapDiagnosticOutstanding=0
09-08 08:28:40.106 24100 24100 I ChromeMediaShieldStatus: v=1 seq=5 kind=renderer reports=1 rejected=0 globalCallbacks=170 globalRecords=2292 childRecords=2065 attributeRecords=227 maxRecords=865 scanCalls=2251 scanRoot=2 scanNodes=5529 maxScanNodes=542 scanMicros=124654 maxScanMicros=11599 observerChildScans=2079 observerAttributeScans=0 guardedScans=79 markupScans=91 shadowScans=0 initialScans=2 otherScans=0 sanitizeElement=6737 sanitizeContainer=1109 img=1761 source=0 svg=419 iframe=3 canvas=0 video=0 safeIcon=419 lockIcon=409 geometryWrites=0 svgRecords=44 shadowRoots=0 shadowObservers=0 shadowCallbacks=0 shadowRecords=0 shadowScanCalls=0 ensureStyle=171 ensureCurtain=173 internalMutations=0
09-08 08:28:40.106 24100 24100 I ChromeMediaShieldStatus: v=1 seq=5 kind=rendererApis callScan=createElement=68/0 createElementNS=0/0 appendChild=74/74 insertBefore=2/2 replaceChild=0/0 append=1/1 prepend=0/0 replaceChildren=0/0 before=0/0 after=0/0 replaceWith=0/0 adjacentElement=2/2 moveBefore=0/0 rangeInsert=0/0 rangeSurround=0/0 adoptNode=0/0 cloneNode=1/1 importNode=0/0 safeMarkup=45/45 innerHTML=45/45 outerHTML=0/0 insertAdjacentHTML=0/0 setHTML=0/0 shadowInnerHTML=0/0 execCommandInsertHTML=0/0 mappedTextContent=0/0
09-08 08:28:40.106 24100 24100 I ChromeMediaShieldStatus: v=1 seq=5 kind=rendererFamilies roots=element/fragment/text/other factory:calls=68,scans=0,direct=68,roots=68/0/0/0,nodes=0,micros=2293,maxMicros=1399 domGuard:calls=79,scans=79,direct=79,roots=150/0/8/0,nodes=75,micros=4395,maxMicros=1300 markup:calls=91,scans=91,direct=0,roots=46/45/0/0,nodes=588,micros=28977,maxMicros=1800
09-08 08:28:40.107 24100 24100 I ChromeMediaShieldStatus: v=1 seq=5 kind=uiSvg registered=1 registryBytes=217 cssRewritten=0 cssRejected=0 networkAccepted=0 networkRejected=0 assetServed=0 assetRejected=0
09-08 08:28:40.107 24100 24100 I ChromeMediaShieldStatus: v=1 seq=5 kind=health failures=0 clientDisconnects=0 proxyQueueRejects=0 protectFailure=0 quicAttempts=0 directTcpAttempts=0 active=true ready=true
09-08 08:28:40.107 24100 24100 I ChromeMediaShieldStatus: v=1 seq=5 kind=fixture report=REPORT=not_run,DOCUMENTS=0,FRAMES=0,SCRIPTS=0,FIRST_ORIGINAL_SCRIPTS=0,STYLES=0,WORKERS=0,SERVICE_WORKERS=0,FRAME_REPORTS=0,FRAME_REPORT_REJECTS=0,FRAME_REPORT=not_run,FRAME_REPORT_SHA=not_run,FRAME_CHALLENGE_SHA=not_run,FRAME_GENERATION=0,FRAME_ACCEPTED_CHALLENGE_SHA=not_run,FRAME_REPORT_BINDING_SHA=not_run,SAME_URL_BODIES=0,REPORTS=0,SW_BOUNDARY={INSTALL_DOCS=0,WORKER_SCRIPTS=0,WORKER_PROBE_SCRIPTS=0,PROBE_DOCS=0,CLEANUP_DOCS=0,REPORTS_ACCEPTED=0,REPORTS_REJECTED=0,CONTROLLER_PRESENT=0,CONTROLLER_MISSING=0,NAV_FETCHES=0,SELF_READY_FETCHES=0,SELF_READY_PASS_THROUGH=0,SELF_READY_SYNTHETIC=0,NAV_SYNTHETIC=0,RESET_BASELINE_CLEAN=0,RESET_BASELINE_DIRTY=0,REGISTER_BLOCKED=0,REGISTER_SUCCEEDED=0,WORKER_REGISTER_BLOCKED=0,WORKER_REGISTER_SUCCEEDED=0,WORKER_REGISTER_UNSUPPORTED=0,WORKER_REGISTER_ERROR=0,LAST_CASE=none,LAST_EVENT=none,LAST_VALUE=none},UI_SVG={not_run}
09-08 08:28:49.007 24100 24100 I ChromePhotosDataPlane: phase=status statusSequence=6 lifecycle=PresentationReady active=true ready=true connections=35 requests=390 safe=12 blocked=7 unknown=9 passthrough=352 cacheHits=1 cacheMisses=19 failures=0 clientDisconnects=0 bytesIn=9451862 bytesOut=8151004 streamed=11 proxyQueueRejects=0 proxyActivePeak=20 proxyP50Ms=1.686 proxyP95Ms=354.522 proxyP99Ms=895.184 upstreamSockets=23 protectSuccess=23 protectFailure=0 web11a=not_run web11b=not_run modelLoadMs=264.740 engineCalls=19 dedupeHits=0 decisionCacheConfig=64 decisionConcurrencyConfig=1 decisionQueueConfig=2 decisionTimeoutMs=5000 engineCallsPerRequest=0.95 inferencePeak=1 inFlightPeak=2 queuePeak=1 queueRejects=0 timeouts=0 inferenceP50Ms=133.106093 inferenceP95Ms=266.477343 inferenceP99Ms=266.477343 decisionP50Ms=270.183229 decisionP95Ms=486.579426 decisionP99Ms=486.579426 cacheHitP50Ms=0.018385 cacheHitP95Ms=0.018385 cacheEntries=19 cacheEvictions=0 preprocessP50Ms=3.517865 preprocessP95Ms=80.817604 preprocessP99Ms=80.817604 preparedCount1=16 preparedCount4=1 preparedCount5=1 preparedCountOther=1 decisionBasis=FullThreshold:6,None:11,Other:1,UncertainRegional:1 imageCandidates=28 imagePrefixPeeks=1 imageMagicCandidates=0 imageBodyAdmissionPeak=2 imageBodyAdmissionRejects=0 networkVisualCandidates=28 networkVisualReplaced=0 networkVisualRawDelivered=0 networkVisualSafeRawDelivered=12 networkVisualBlockedReplaced=7 networkVisualUnknownReplaced=0 networkVisualUnsupportedReplaced=9 networkVisualRawBlockedDelivered=0 networkVisualRawUnknownDelivered=0 networkVisualCacheHit=1 networkVisualInference=19 mediaDocumentsTransformed=2 mediaDocumentsFailClosed=0 documentTransformOutstanding=0 readyTokensOutstanding=2 uiSvgRegistered=1 uiSvgRegistryBytes=217 uiSvgCssRewritten=0 uiSvgCssRejected=0 uiSvgNetworkAccepted=0 uiSvgNetworkRejected=0 uiSvgAssetServed=0 uiSvgAssetRejected=0 h18=REPORT=not_run,EVENT_SEQUENCE=0,COMPAT_DOCS=0,STRICT_DOCS=0,STYLE_REQ=0,SCRIPT_REQ=0,DATA_REQ=0,NETWORK_REQ=0,REPORTS=0,LAST_DOC=none,NETWORK_SHA=ee17e3f62edde61823ce35732ea168f4f5986bff347ccfac063eca7f4009ee1b,AUDIT_SHA=74d4467bbf6833db4eeab998495b7dfc50db3b1f04f407704b839ad3f4b25582 h19=REPORT=not_run,DOCUMENTS=0,FRAMES=0,SCRIPTS=0,FIRST_ORIGINAL_SCRIPTS=0,STYLES=0,WORKERS=0,SERVICE_WORKERS=0,FRAME_REPORTS=0,FRAME_REPORT_REJECTS=0,FRAME_REPORT=not_run,FRAME_REPORT_SHA=not_run,FRAME_CHALLENGE_SHA=not_run,FRAME_GENERATION=0,FRAME_ACCEPTED_CHALLENGE_SHA=not_run,FRAME_REPORT_BINDING_SHA=not_run,SAME_URL_BODIES=0,REPORTS=0,SW_BOUNDARY={INSTALL_DOCS=0,WORKER_SCRIPTS=0,WORKER_PROBE_SCRIPTS=0,PROBE_DOCS=0,CLEANUP_DOCS=0,REPORTS_ACCEPTED=0,REPORTS_REJECTED=0,CONTROLLER_PRESENT=0,CONTROLLER_MISSING=0,NAV_FETCHES=0,SELF_READY_FETCHES=0,SELF_READY_PASS_THROUGH=0,SELF_READY_SYNTHETIC=0,NAV_SYNTHETIC=0,RESET_BASELINE_CLEAN=0,RESET_BASELINE_DIRTY=0,REGISTER_BLOCKED=0,REGISTER_SUCCEEDED=0,WORKER_REGISTER_BLOCKED=0,WORKER_REGISTER_SUCCEEDED=0,WORKER_REGISTER_UNSUPPORTED=0,WORKER_REGISTER_ERROR=0,LAST_CASE=none,LAST_EVENT=none,LAST_VALUE=none},UI_SVG={not_run} quicAttempts=0 directTcpAttempts=0 bootstrapResetGeneration=2 bootstrapCompleteGeneration=2 bootstrapResetCount=3 chromeSuspended=false guardSession=547 guardHeartbeatSequence=329 audit17State=0 audit17Navigation=0 audit17Events=30 audit17Dropped=0
09-08 08:28:49.007 24100 24100 I ChromeMediaShieldStatus: v=1 seq=6 kind=network mode=selective candidates=28 replaced=0 rawDelivered=0 safeRaw=12 blockedReplaced=7 unknownReplaced=0 unsupportedReplaced=9 rawBlocked=0 rawUnknown=0 cacheHit=1 decisionEngine=19 engineCalls=19
09-08 08:28:49.007 24100 24100 I ChromeMediaShieldStatus: v=1 seq=6 kind=document transformed=2 failClosed=0 outstanding=0 issued=2 claims=2 documentSequence=2 navigationSequence=2 readyRequests=7 readyPreflights=0 readyAccepted=2 readyRejected=0 parserBarrierRequests=0 parserBarrierReady=0 parserBarrierFailClosed=0 selfShield=true selfReadyRequests=2 selfReadyAccepted=2 selfReadyRejected=0 selfReadyRejectReason=none selfShieldReleaseCompleted=2 selfShieldParserContinued=2 selfShieldOriginalScriptStarted=0 selfShieldTraceRejected=0 selfShieldTraceOutstanding=1 bootstrapDiagnosticAccepted=0 bootstrapDiagnosticRejected=0 bootstrapDiagnosticRejectReason=none bootstrapDiagnosticStage=none bootstrapDiagnosticReason=none bootstrapDiagnosticOutstanding=0
09-08 08:28:49.007 24100 24100 I ChromeMediaShieldStatus: v=1 seq=6 kind=renderer reports=1 rejected=0 globalCallbacks=170 globalRecords=2292 childRecords=2065 attributeRecords=227 maxRecords=865 scanCalls=2251 scanRoot=2 scanNodes=5529 maxScanNodes=542 scanMicros=124654 maxScanMicros=11599 observerChildScans=2079 observerAttributeScans=0 guardedScans=79 markupScans=91 shadowScans=0 initialScans=2 otherScans=0 sanitizeElement=6737 sanitizeContainer=1109 img=1761 source=0 svg=419 iframe=3 canvas=0 video=0 safeIcon=419 lockIcon=409 geometryWrites=0 svgRecords=44 shadowRoots=0 shadowObservers=0 shadowCallbacks=0 shadowRecords=0 shadowScanCalls=0 ensureStyle=171 ensureCurtain=173 internalMutations=0
09-08 08:28:49.008 24100 24100 I ChromeMediaShieldStatus: v=1 seq=6 kind=rendererApis callScan=createElement=68/0 createElementNS=0/0 appendChild=74/74 insertBefore=2/2 replaceChild=0/0 append=1/1 prepend=0/0 replaceChildren=0/0 before=0/0 after=0/0 replaceWith=0/0 adjacentElement=2/2 moveBefore=0/0 rangeInsert=0/0 rangeSurround=0/0 adoptNode=0/0 cloneNode=1/1 importNode=0/0 safeMarkup=45/45 innerHTML=45/45 outerHTML=0/0 insertAdjacentHTML=0/0 setHTML=0/0 shadowInnerHTML=0/0 execCommandInsertHTML=0/0 mappedTextContent=0/0
09-08 08:28:49.008 24100 24100 I ChromeMediaShieldStatus: v=1 seq=6 kind=rendererFamilies roots=element/fragment/text/other factory:calls=68,scans=0,direct=68,roots=68/0/0/0,nodes=0,micros=2293,maxMicros=1399 domGuard:calls=79,scans=79,direct=79,roots=150/0/8/0,nodes=75,micros=4395,maxMicros=1300 markup:calls=91,scans=91,direct=0,roots=46/45/0/0,nodes=588,micros=28977,maxMicros=1800
09-08 08:28:49.008 24100 24100 I ChromeMediaShieldStatus: v=1 seq=6 kind=uiSvg registered=1 registryBytes=217 cssRewritten=0 cssRejected=0 networkAccepted=0 networkRejected=0 assetServed=0 assetRejected=0
09-08 08:28:49.008 24100 24100 I ChromeMediaShieldStatus: v=1 seq=6 kind=health failures=0 clientDisconnects=0 proxyQueueRejects=0 protectFailure=0 quicAttempts=0 directTcpAttempts=0 active=true ready=true
09-08 08:28:49.008 24100 24100 I ChromeMediaShieldStatus: v=1 seq=6 kind=fixture report=REPORT=not_run,DOCUMENTS=0,FRAMES=0,SCRIPTS=0,FIRST_ORIGINAL_SCRIPTS=0,STYLES=0,WORKERS=0,SERVICE_WORKERS=0,FRAME_REPORTS=0,FRAME_REPORT_REJECTS=0,FRAME_REPORT=not_run,FRAME_REPORT_SHA=not_run,FRAME_CHALLENGE_SHA=not_run,FRAME_GENERATION=0,FRAME_ACCEPTED_CHALLENGE_SHA=not_run,FRAME_REPORT_BINDING_SHA=not_run,SAME_URL_BODIES=0,REPORTS=0,SW_BOUNDARY={INSTALL_DOCS=0,WORKER_SCRIPTS=0,WORKER_PROBE_SCRIPTS=0,PROBE_DOCS=0,CLEANUP_DOCS=0,REPORTS_ACCEPTED=0,REPORTS_REJECTED=0,CONTROLLER_PRESENT=0,CONTROLLER_MISSING=0,NAV_FETCHES=0,SELF_READY_FETCHES=0,SELF_READY_PASS_THROUGH=0,SELF_READY_SYNTHETIC=0,NAV_SYNTHETIC=0,RESET_BASELINE_CLEAN=0,RESET_BASELINE_DIRTY=0,REGISTER_BLOCKED=0,REGISTER_SUCCEEDED=0,WORKER_REGISTER_BLOCKED=0,WORKER_REGISTER_SUCCEEDED=0,WORKER_REGISTER_UNSUPPORTED=0,WORKER_REGISTER_ERROR=0,LAST_CASE=none,LAST_EVENT=none,LAST_VALUE=none},UI_SVG={not_run}
09-08 08:29:49.607 24100 24100 I ChromePhotosDataPlane: phase=status statusSequence=7 lifecycle=PresentationReady active=true ready=true connections=35 requests=390 safe=12 blocked=7 unknown=9 passthrough=352 cacheHits=1 cacheMisses=19 failures=0 clientDisconnects=0 bytesIn=9451862 bytesOut=8151004 streamed=11 proxyQueueRejects=0 proxyActivePeak=20 proxyP50Ms=1.686 proxyP95Ms=354.522 proxyP99Ms=895.184 upstreamSockets=23 protectSuccess=23 protectFailure=0 web11a=not_run web11b=not_run modelLoadMs=264.740 engineCalls=19 dedupeHits=0 decisionCacheConfig=64 decisionConcurrencyConfig=1 decisionQueueConfig=2 decisionTimeoutMs=5000 engineCallsPerRequest=0.95 inferencePeak=1 inFlightPeak=2 queuePeak=1 queueRejects=0 timeouts=0 inferenceP50Ms=133.106093 inferenceP95Ms=266.477343 inferenceP99Ms=266.477343 decisionP50Ms=270.183229 decisionP95Ms=486.579426 decisionP99Ms=486.579426 cacheHitP50Ms=0.018385 cacheHitP95Ms=0.018385 cacheEntries=19 cacheEvictions=0 preprocessP50Ms=3.517865 preprocessP95Ms=80.817604 preprocessP99Ms=80.817604 preparedCount1=16 preparedCount4=1 preparedCount5=1 preparedCountOther=1 decisionBasis=FullThreshold:6,None:11,Other:1,UncertainRegional:1 imageCandidates=28 imagePrefixPeeks=1 imageMagicCandidates=0 imageBodyAdmissionPeak=2 imageBodyAdmissionRejects=0 networkVisualCandidates=28 networkVisualReplaced=0 networkVisualRawDelivered=0 networkVisualSafeRawDelivered=12 networkVisualBlockedReplaced=7 networkVisualUnknownReplaced=0 networkVisualUnsupportedReplaced=9 networkVisualRawBlockedDelivered=0 networkVisualRawUnknownDelivered=0 networkVisualCacheHit=1 networkVisualInference=19 mediaDocumentsTransformed=2 mediaDocumentsFailClosed=0 documentTransformOutstanding=0 readyTokensOutstanding=2 uiSvgRegistered=1 uiSvgRegistryBytes=217 uiSvgCssRewritten=0 uiSvgCssRejected=0 uiSvgNetworkAccepted=0 uiSvgNetworkRejected=0 uiSvgAssetServed=0 uiSvgAssetRejected=0 h18=REPORT=not_run,EVENT_SEQUENCE=0,COMPAT_DOCS=0,STRICT_DOCS=0,STYLE_REQ=0,SCRIPT_REQ=0,DATA_REQ=0,NETWORK_REQ=0,REPORTS=0,LAST_DOC=none,NETWORK_SHA=ee17e3f62edde61823ce35732ea168f4f5986bff347ccfac063eca7f4009ee1b,AUDIT_SHA=74d4467bbf6833db4eeab998495b7dfc50db3b1f04f407704b839ad3f4b25582 h19=REPORT=not_run,DOCUMENTS=0,FRAMES=0,SCRIPTS=0,FIRST_ORIGINAL_SCRIPTS=0,STYLES=0,WORKERS=0,SERVICE_WORKERS=0,FRAME_REPORTS=0,FRAME_REPORT_REJECTS=0,FRAME_REPORT=not_run,FRAME_REPORT_SHA=not_run,FRAME_CHALLENGE_SHA=not_run,FRAME_GENERATION=0,FRAME_ACCEPTED_CHALLENGE_SHA=not_run,FRAME_REPORT_BINDING_SHA=not_run,SAME_URL_BODIES=0,REPORTS=0,SW_BOUNDARY={INSTALL_DOCS=0,WORKER_SCRIPTS=0,WORKER_PROBE_SCRIPTS=0,PROBE_DOCS=0,CLEANUP_DOCS=0,REPORTS_ACCEPTED=0,REPORTS_REJECTED=0,CONTROLLER_PRESENT=0,CONTROLLER_MISSING=0,NAV_FETCHES=0,SELF_READY_FETCHES=0,SELF_READY_PASS_THROUGH=0,SELF_READY_SYNTHETIC=0,NAV_SYNTHETIC=0,RESET_BASELINE_CLEAN=0,RESET_BASELINE_DIRTY=0,REGISTER_BLOCKED=0,REGISTER_SUCCEEDED=0,WORKER_REGISTER_BLOCKED=0,WORKER_REGISTER_SUCCEEDED=0,WORKER_REGISTER_UNSUPPORTED=0,WORKER_REGISTER_ERROR=0,LAST_CASE=none,LAST_EVENT=none,LAST_VALUE=none},UI_SVG={not_run} quicAttempts=0 directTcpAttempts=0 bootstrapResetGeneration=2 bootstrapCompleteGeneration=2 bootstrapResetCount=3 chromeSuspended=false guardSession=547 guardHeartbeatSequence=437 audit17State=0 audit17Navigation=0 audit17Events=30 audit17Dropped=0
09-08 08:29:49.607 24100 24100 I ChromeMediaShieldStatus: v=1 seq=7 kind=network mode=selective candidates=28 replaced=0 rawDelivered=0 safeRaw=12 blockedReplaced=7 unknownReplaced=0 unsupportedReplaced=9 rawBlocked=0 rawUnknown=0 cacheHit=1 decisionEngine=19 engineCalls=19
09-08 08:29:49.607 24100 24100 I ChromeMediaShieldStatus: v=1 seq=7 kind=document transformed=2 failClosed=0 outstanding=0 issued=2 claims=2 documentSequence=2 navigationSequence=2 readyRequests=7 readyPreflights=0 readyAccepted=2 readyRejected=0 parserBarrierRequests=0 parserBarrierReady=0 parserBarrierFailClosed=0 selfShield=true selfReadyRequests=2 selfReadyAccepted=2 selfReadyRejected=0 selfReadyRejectReason=none selfShieldReleaseCompleted=2 selfShieldParserContinued=2 selfShieldOriginalScriptStarted=0 selfShieldTraceRejected=0 selfShieldTraceOutstanding=1 bootstrapDiagnosticAccepted=0 bootstrapDiagnosticRejected=0 bootstrapDiagnosticRejectReason=none bootstrapDiagnosticStage=none bootstrapDiagnosticReason=none bootstrapDiagnosticOutstanding=0
09-08 08:29:49.607 24100 24100 I ChromeMediaShieldStatus: v=1 seq=7 kind=renderer reports=1 rejected=0 globalCallbacks=170 globalRecords=2292 childRecords=2065 attributeRecords=227 maxRecords=865 scanCalls=2251 scanRoot=2 scanNodes=5529 maxScanNodes=542 scanMicros=124654 maxScanMicros=11599 observerChildScans=2079 observerAttributeScans=0 guardedScans=79 markupScans=91 shadowScans=0 initialScans=2 otherScans=0 sanitizeElement=6737 sanitizeContainer=1109 img=1761 source=0 svg=419 iframe=3 canvas=0 video=0 safeIcon=419 lockIcon=409 geometryWrites=0 svgRecords=44 shadowRoots=0 shadowObservers=0 shadowCallbacks=0 shadowRecords=0 shadowScanCalls=0 ensureStyle=171 ensureCurtain=173 internalMutations=0
09-08 08:29:49.608 24100 24100 I ChromeMediaShieldStatus: v=1 seq=7 kind=rendererApis callScan=createElement=68/0 createElementNS=0/0 appendChild=74/74 insertBefore=2/2 replaceChild=0/0 append=1/1 prepend=0/0 replaceChildren=0/0 before=0/0 after=0/0 replaceWith=0/0 adjacentElement=2/2 moveBefore=0/0 rangeInsert=0/0 rangeSurround=0/0 adoptNode=0/0 cloneNode=1/1 importNode=0/0 safeMarkup=45/45 innerHTML=45/45 outerHTML=0/0 insertAdjacentHTML=0/0 setHTML=0/0 shadowInnerHTML=0/0 execCommandInsertHTML=0/0 mappedTextContent=0/0
09-08 08:29:49.608 24100 24100 I ChromeMediaShieldStatus: v=1 seq=7 kind=rendererFamilies roots=element/fragment/text/other factory:calls=68,scans=0,direct=68,roots=68/0/0/0,nodes=0,micros=2293,maxMicros=1399 domGuard:calls=79,scans=79,direct=79,roots=150/0/8/0,nodes=75,micros=4395,maxMicros=1300 markup:calls=91,scans=91,direct=0,roots=46/45/0/0,nodes=588,micros=28977,maxMicros=1800
09-08 08:29:49.608 24100 24100 I ChromeMediaShieldStatus: v=1 seq=7 kind=uiSvg registered=1 registryBytes=217 cssRewritten=0 cssRejected=0 networkAccepted=0 networkRejected=0 assetServed=0 assetRejected=0
09-08 08:29:49.608 24100 24100 I ChromeMediaShieldStatus: v=1 seq=7 kind=health failures=0 clientDisconnects=0 proxyQueueRejects=0 protectFailure=0 quicAttempts=0 directTcpAttempts=0 active=true ready=true
09-08 08:29:49.608 24100 24100 I ChromeMediaShieldStatus: v=1 seq=7 kind=fixture report=REPORT=not_run,DOCUMENTS=0,FRAMES=0,SCRIPTS=0,FIRST_ORIGINAL_SCRIPTS=0,STYLES=0,WORKERS=0,SERVICE_WORKERS=0,FRAME_REPORTS=0,FRAME_REPORT_REJECTS=0,FRAME_REPORT=not_run,FRAME_REPORT_SHA=not_run,FRAME_CHALLENGE_SHA=not_run,FRAME_GENERATION=0,FRAME_ACCEPTED_CHALLENGE_SHA=not_run,FRAME_REPORT_BINDING_SHA=not_run,SAME_URL_BODIES=0,REPORTS=0,SW_BOUNDARY={INSTALL_DOCS=0,WORKER_SCRIPTS=0,WORKER_PROBE_SCRIPTS=0,PROBE_DOCS=0,CLEANUP_DOCS=0,REPORTS_ACCEPTED=0,REPORTS_REJECTED=0,CONTROLLER_PRESENT=0,CONTROLLER_MISSING=0,NAV_FETCHES=0,SELF_READY_FETCHES=0,SELF_READY_PASS_THROUGH=0,SELF_READY_SYNTHETIC=0,NAV_SYNTHETIC=0,RESET_BASELINE_CLEAN=0,RESET_BASELINE_DIRTY=0,REGISTER_BLOCKED=0,REGISTER_SUCCEEDED=0,WORKER_REGISTER_BLOCKED=0,WORKER_REGISTER_SUCCEEDED=0,WORKER_REGISTER_UNSUPPORTED=0,WORKER_REGISTER_ERROR=0,LAST_CASE=none,LAST_EVENT=none,LAST_VALUE=none},UI_SVG={not_run}
09-08 08:30:49.505 24100 24100 I ChromePhotosDataPlane: phase=status statusSequence=8 lifecycle=PresentationReady active=true ready=true connections=35 requests=390 safe=12 blocked=7 unknown=9 passthrough=352 cacheHits=1 cacheMisses=19 failures=0 clientDisconnects=0 bytesIn=9451862 bytesOut=8151004 streamed=11 proxyQueueRejects=0 proxyActivePeak=20 proxyP50Ms=1.686 proxyP95Ms=354.522 proxyP99Ms=895.184 upstreamSockets=23 protectSuccess=23 protectFailure=0 web11a=not_run web11b=not_run modelLoadMs=264.740 engineCalls=19 dedupeHits=0 decisionCacheConfig=64 decisionConcurrencyConfig=1 decisionQueueConfig=2 decisionTimeoutMs=5000 engineCallsPerRequest=0.95 inferencePeak=1 inFlightPeak=2 queuePeak=1 queueRejects=0 timeouts=0 inferenceP50Ms=133.106093 inferenceP95Ms=266.477343 inferenceP99Ms=266.477343 decisionP50Ms=270.183229 decisionP95Ms=486.579426 decisionP99Ms=486.579426 cacheHitP50Ms=0.018385 cacheHitP95Ms=0.018385 cacheEntries=19 cacheEvictions=0 preprocessP50Ms=3.517865 preprocessP95Ms=80.817604 preprocessP99Ms=80.817604 preparedCount1=16 preparedCount4=1 preparedCount5=1 preparedCountOther=1 decisionBasis=FullThreshold:6,None:11,Other:1,UncertainRegional:1 imageCandidates=28 imagePrefixPeeks=1 imageMagicCandidates=0 imageBodyAdmissionPeak=2 imageBodyAdmissionRejects=0 networkVisualCandidates=28 networkVisualReplaced=0 networkVisualRawDelivered=0 networkVisualSafeRawDelivered=12 networkVisualBlockedReplaced=7 networkVisualUnknownReplaced=0 networkVisualUnsupportedReplaced=9 networkVisualRawBlockedDelivered=0 networkVisualRawUnknownDelivered=0 networkVisualCacheHit=1 networkVisualInference=19 mediaDocumentsTransformed=2 mediaDocumentsFailClosed=0 documentTransformOutstanding=0 readyTokensOutstanding=2 uiSvgRegistered=1 uiSvgRegistryBytes=217 uiSvgCssRewritten=0 uiSvgCssRejected=0 uiSvgNetworkAccepted=0 uiSvgNetworkRejected=0 uiSvgAssetServed=0 uiSvgAssetRejected=0 h18=REPORT=not_run,EVENT_SEQUENCE=0,COMPAT_DOCS=0,STRICT_DOCS=0,STYLE_REQ=0,SCRIPT_REQ=0,DATA_REQ=0,NETWORK_REQ=0,REPORTS=0,LAST_DOC=none,NETWORK_SHA=ee17e3f62edde61823ce35732ea168f4f5986bff347ccfac063eca7f4009ee1b,AUDIT_SHA=74d4467bbf6833db4eeab998495b7dfc50db3b1f04f407704b839ad3f4b25582 h19=REPORT=not_run,DOCUMENTS=0,FRAMES=0,SCRIPTS=0,FIRST_ORIGINAL_SCRIPTS=0,STYLES=0,WORKERS=0,SERVICE_WORKERS=0,FRAME_REPORTS=0,FRAME_REPORT_REJECTS=0,FRAME_REPORT=not_run,FRAME_REPORT_SHA=not_run,FRAME_CHALLENGE_SHA=not_run,FRAME_GENERATION=0,FRAME_ACCEPTED_CHALLENGE_SHA=not_run,FRAME_REPORT_BINDING_SHA=not_run,SAME_URL_BODIES=0,REPORTS=0,SW_BOUNDARY={INSTALL_DOCS=0,WORKER_SCRIPTS=0,WORKER_PROBE_SCRIPTS=0,PROBE_DOCS=0,CLEANUP_DOCS=0,REPORTS_ACCEPTED=0,REPORTS_REJECTED=0,CONTROLLER_PRESENT=0,CONTROLLER_MISSING=0,NAV_FETCHES=0,SELF_READY_FETCHES=0,SELF_READY_PASS_THROUGH=0,SELF_READY_SYNTHETIC=0,NAV_SYNTHETIC=0,RESET_BASELINE_CLEAN=0,RESET_BASELINE_DIRTY=0,REGISTER_BLOCKED=0,REGISTER_SUCCEEDED=0,WORKER_REGISTER_BLOCKED=0,WORKER_REGISTER_SUCCEEDED=0,WORKER_REGISTER_UNSUPPORTED=0,WORKER_REGISTER_ERROR=0,LAST_CASE=none,LAST_EVENT=none,LAST_VALUE=none},UI_SVG={not_run} quicAttempts=0 directTcpAttempts=0 bootstrapResetGeneration=2 bootstrapCompleteGeneration=2 bootstrapResetCount=3 chromeSuspended=false guardSession=547 guardHeartbeatSequence=544 audit17State=0 audit17Navigation=0 audit17Events=30 audit17Dropped=0
09-08 08:30:49.505 24100 24100 I ChromeMediaShieldStatus: v=1 seq=8 kind=network mode=selective candidates=28 replaced=0 rawDelivered=0 safeRaw=12 blockedReplaced=7 unknownReplaced=0 unsupportedReplaced=9 rawBlocked=0 rawUnknown=0 cacheHit=1 decisionEngine=19 engineCalls=19
09-08 08:30:49.505 24100 24100 I ChromeMediaShieldStatus: v=1 seq=8 kind=document transformed=2 failClosed=0 outstanding=0 issued=2 claims=2 documentSequence=2 navigationSequence=2 readyRequests=7 readyPreflights=0 readyAccepted=2 readyRejected=0 parserBarrierRequests=0 parserBarrierReady=0 parserBarrierFailClosed=0 selfShield=true selfReadyRequests=2 selfReadyAccepted=2 selfReadyRejected=0 selfReadyRejectReason=none selfShieldReleaseCompleted=2 selfShieldParserContinued=2 selfShieldOriginalScriptStarted=0 selfShieldTraceRejected=0 selfShieldTraceOutstanding=1 bootstrapDiagnosticAccepted=0 bootstrapDiagnosticRejected=0 bootstrapDiagnosticRejectReason=none bootstrapDiagnosticStage=none bootstrapDiagnosticReason=none bootstrapDiagnosticOutstanding=0
09-08 08:30:49.505 24100 24100 I ChromeMediaShieldStatus: v=1 seq=8 kind=renderer reports=1 rejected=0 globalCallbacks=170 globalRecords=2292 childRecords=2065 attributeRecords=227 maxRecords=865 scanCalls=2251 scanRoot=2 scanNodes=5529 maxScanNodes=542 scanMicros=124654 maxScanMicros=11599 observerChildScans=2079 observerAttributeScans=0 guardedScans=79 markupScans=91 shadowScans=0 initialScans=2 otherScans=0 sanitizeElement=6737 sanitizeContainer=1109 img=1761 source=0 svg=419 iframe=3 canvas=0 video=0 safeIcon=419 lockIcon=409 geometryWrites=0 svgRecords=44 shadowRoots=0 shadowObservers=0 shadowCallbacks=0 shadowRecords=0 shadowScanCalls=0 ensureStyle=171 ensureCurtain=173 internalMutations=0
09-08 08:30:49.506 24100 24100 I ChromeMediaShieldStatus: v=1 seq=8 kind=rendererApis callScan=createElement=68/0 createElementNS=0/0 appendChild=74/74 insertBefore=2/2 replaceChild=0/0 append=1/1 prepend=0/0 replaceChildren=0/0 before=0/0 after=0/0 replaceWith=0/0 adjacentElement=2/2 moveBefore=0/0 rangeInsert=0/0 rangeSurround=0/0 adoptNode=0/0 cloneNode=1/1 importNode=0/0 safeMarkup=45/45 innerHTML=45/45 outerHTML=0/0 insertAdjacentHTML=0/0 setHTML=0/0 shadowInnerHTML=0/0 execCommandInsertHTML=0/0 mappedTextContent=0/0
09-08 08:30:49.506 24100 24100 I ChromeMediaShieldStatus: v=1 seq=8 kind=rendererFamilies roots=element/fragment/text/other factory:calls=68,scans=0,direct=68,roots=68/0/0/0,nodes=0,micros=2293,maxMicros=1399 domGuard:calls=79,scans=79,direct=79,roots=150/0/8/0,nodes=75,micros=4395,maxMicros=1300 markup:calls=91,scans=91,direct=0,roots=46/45/0/0,nodes=588,micros=28977,maxMicros=1800
09-08 08:30:49.506 24100 24100 I ChromeMediaShieldStatus: v=1 seq=8 kind=uiSvg registered=1 registryBytes=217 cssRewritten=0 cssRejected=0 networkAccepted=0 networkRejected=0 assetServed=0 assetRejected=0
09-08 08:30:49.506 24100 24100 I ChromeMediaShieldStatus: v=1 seq=8 kind=health failures=0 clientDisconnects=0 proxyQueueRejects=0 protectFailure=0 quicAttempts=0 directTcpAttempts=0 active=true ready=true
09-08 08:30:49.506 24100 24100 I ChromeMediaShieldStatus: v=1 seq=8 kind=fixture report=REPORT=not_run,DOCUMENTS=0,FRAMES=0,SCRIPTS=0,FIRST_ORIGINAL_SCRIPTS=0,STYLES=0,WORKERS=0,SERVICE_WORKERS=0,FRAME_REPORTS=0,FRAME_REPORT_REJECTS=0,FRAME_REPORT=not_run,FRAME_REPORT_SHA=not_run,FRAME_CHALLENGE_SHA=not_run,FRAME_GENERATION=0,FRAME_ACCEPTED_CHALLENGE_SHA=not_run,FRAME_REPORT_BINDING_SHA=not_run,SAME_URL_BODIES=0,REPORTS=0,SW_BOUNDARY={INSTALL_DOCS=0,WORKER_SCRIPTS=0,WORKER_PROBE_SCRIPTS=0,PROBE_DOCS=0,CLEANUP_DOCS=0,REPORTS_ACCEPTED=0,REPORTS_REJECTED=0,CONTROLLER_PRESENT=0,CONTROLLER_MISSING=0,NAV_FETCHES=0,SELF_READY_FETCHES=0,SELF_READY_PASS_THROUGH=0,SELF_READY_SYNTHETIC=0,NAV_SYNTHETIC=0,RESET_BASELINE_CLEAN=0,RESET_BASELINE_DIRTY=0,REGISTER_BLOCKED=0,REGISTER_SUCCEEDED=0,WORKER_REGISTER_BLOCKED=0,WORKER_REGISTER_SUCCEEDED=0,WORKER_REGISTER_UNSUPPORTED=0,WORKER_REGISTER_ERROR=0,LAST_CASE=none,LAST_EVENT=none,LAST_VALUE=none},UI_SVG={not_run}
09-08 08:31:49.412 24100 24100 I ChromePhotosDataPlane: phase=status statusSequence=9 lifecycle=PresentationReady active=true ready=true connections=35 requests=390 safe=12 blocked=7 unknown=9 passthrough=352 cacheHits=1 cacheMisses=19 failures=0 clientDisconnects=0 bytesIn=9451862 bytesOut=8151004 streamed=11 proxyQueueRejects=0 proxyActivePeak=20 proxyP50Ms=1.686 proxyP95Ms=354.522 proxyP99Ms=895.184 upstreamSockets=23 protectSuccess=23 protectFailure=0 web11a=not_run web11b=not_run modelLoadMs=264.740 engineCalls=19 dedupeHits=0 decisionCacheConfig=64 decisionConcurrencyConfig=1 decisionQueueConfig=2 decisionTimeoutMs=5000 engineCallsPerRequest=0.95 inferencePeak=1 inFlightPeak=2 queuePeak=1 queueRejects=0 timeouts=0 inferenceP50Ms=133.106093 inferenceP95Ms=266.477343 inferenceP99Ms=266.477343 decisionP50Ms=270.183229 decisionP95Ms=486.579426 decisionP99Ms=486.579426 cacheHitP50Ms=0.018385 cacheHitP95Ms=0.018385 cacheEntries=19 cacheEvictions=0 preprocessP50Ms=3.517865 preprocessP95Ms=80.817604 preprocessP99Ms=80.817604 preparedCount1=16 preparedCount4=1 preparedCount5=1 preparedCountOther=1 decisionBasis=FullThreshold:6,None:11,Other:1,UncertainRegional:1 imageCandidates=28 imagePrefixPeeks=1 imageMagicCandidates=0 imageBodyAdmissionPeak=2 imageBodyAdmissionRejects=0 networkVisualCandidates=28 networkVisualReplaced=0 networkVisualRawDelivered=0 networkVisualSafeRawDelivered=12 networkVisualBlockedReplaced=7 networkVisualUnknownReplaced=0 networkVisualUnsupportedReplaced=9 networkVisualRawBlockedDelivered=0 networkVisualRawUnknownDelivered=0 networkVisualCacheHit=1 networkVisualInference=19 mediaDocumentsTransformed=2 mediaDocumentsFailClosed=0 documentTransformOutstanding=0 readyTokensOutstanding=2 uiSvgRegistered=1 uiSvgRegistryBytes=217 uiSvgCssRewritten=0 uiSvgCssRejected=0 uiSvgNetworkAccepted=0 uiSvgNetworkRejected=0 uiSvgAssetServed=0 uiSvgAssetRejected=0 h18=REPORT=not_run,EVENT_SEQUENCE=0,COMPAT_DOCS=0,STRICT_DOCS=0,STYLE_REQ=0,SCRIPT_REQ=0,DATA_REQ=0,NETWORK_REQ=0,REPORTS=0,LAST_DOC=none,NETWORK_SHA=ee17e3f62edde61823ce35732ea168f4f5986bff347ccfac063eca7f4009ee1b,AUDIT_SHA=74d4467bbf6833db4eeab998495b7dfc50db3b1f04f407704b839ad3f4b25582 h19=REPORT=not_run,DOCUMENTS=0,FRAMES=0,SCRIPTS=0,FIRST_ORIGINAL_SCRIPTS=0,STYLES=0,WORKERS=0,SERVICE_WORKERS=0,FRAME_REPORTS=0,FRAME_REPORT_REJECTS=0,FRAME_REPORT=not_run,FRAME_REPORT_SHA=not_run,FRAME_CHALLENGE_SHA=not_run,FRAME_GENERATION=0,FRAME_ACCEPTED_CHALLENGE_SHA=not_run,FRAME_REPORT_BINDING_SHA=not_run,SAME_URL_BODIES=0,REPORTS=0,SW_BOUNDARY={INSTALL_DOCS=0,WORKER_SCRIPTS=0,WORKER_PROBE_SCRIPTS=0,PROBE_DOCS=0,CLEANUP_DOCS=0,REPORTS_ACCEPTED=0,REPORTS_REJECTED=0,CONTROLLER_PRESENT=0,CONTROLLER_MISSING=0,NAV_FETCHES=0,SELF_READY_FETCHES=0,SELF_READY_PASS_THROUGH=0,SELF_READY_SYNTHETIC=0,NAV_SYNTHETIC=0,RESET_BASELINE_CLEAN=0,RESET_BASELINE_DIRTY=0,REGISTER_BLOCKED=0,REGISTER_SUCCEEDED=0,WORKER_REGISTER_BLOCKED=0,WORKER_REGISTER_SUCCEEDED=0,WORKER_REGISTER_UNSUPPORTED=0,WORKER_REGISTER_ERROR=0,LAST_CASE=none,LAST_EVENT=none,LAST_VALUE=none},UI_SVG={not_run} quicAttempts=0 directTcpAttempts=0 bootstrapResetGeneration=2 bootstrapCompleteGeneration=2 bootstrapResetCount=3 chromeSuspended=false guardSession=547 guardHeartbeatSequence=651 audit17State=0 audit17Navigation=0 audit17Events=30 audit17Dropped=0
09-08 08:31:49.412 24100 24100 I ChromeMediaShieldStatus: v=1 seq=9 kind=network mode=selective candidates=28 replaced=0 rawDelivered=0 safeRaw=12 blockedReplaced=7 unknownReplaced=0 unsupportedReplaced=9 rawBlocked=0 rawUnknown=0 cacheHit=1 decisionEngine=19 engineCalls=19
09-08 08:31:49.412 24100 24100 I ChromeMediaShieldStatus: v=1 seq=9 kind=document transformed=2 failClosed=0 outstanding=0 issued=2 claims=2 documentSequence=2 navigationSequence=2 readyRequests=7 readyPreflights=0 readyAccepted=2 readyRejected=0 parserBarrierRequests=0 parserBarrierReady=0 parserBarrierFailClosed=0 selfShield=true selfReadyRequests=2 selfReadyAccepted=2 selfReadyRejected=0 selfReadyRejectReason=none selfShieldReleaseCompleted=2 selfShieldParserContinued=2 selfShieldOriginalScriptStarted=0 selfShieldTraceRejected=0 selfShieldTraceOutstanding=1 bootstrapDiagnosticAccepted=0 bootstrapDiagnosticRejected=0 bootstrapDiagnosticRejectReason=none bootstrapDiagnosticStage=none bootstrapDiagnosticReason=none bootstrapDiagnosticOutstanding=0
09-08 08:31:49.412 24100 24100 I ChromeMediaShieldStatus: v=1 seq=9 kind=renderer reports=1 rejected=0 globalCallbacks=170 globalRecords=2292 childRecords=2065 attributeRecords=227 maxRecords=865 scanCalls=2251 scanRoot=2 scanNodes=5529 maxScanNodes=542 scanMicros=124654 maxScanMicros=11599 observerChildScans=2079 observerAttributeScans=0 guardedScans=79 markupScans=91 shadowScans=0 initialScans=2 otherScans=0 sanitizeElement=6737 sanitizeContainer=1109 img=1761 source=0 svg=419 iframe=3 canvas=0 video=0 safeIcon=419 lockIcon=409 geometryWrites=0 svgRecords=44 shadowRoots=0 shadowObservers=0 shadowCallbacks=0 shadowRecords=0 shadowScanCalls=0 ensureStyle=171 ensureCurtain=173 internalMutations=0
09-08 08:31:49.412 24100 24100 I ChromeMediaShieldStatus: v=1 seq=9 kind=rendererApis callScan=createElement=68/0 createElementNS=0/0 appendChild=74/74 insertBefore=2/2 replaceChild=0/0 append=1/1 prepend=0/0 replaceChildren=0/0 before=0/0 after=0/0 replaceWith=0/0 adjacentElement=2/2 moveBefore=0/0 rangeInsert=0/0 rangeSurround=0/0 adoptNode=0/0 cloneNode=1/1 importNode=0/0 safeMarkup=45/45 innerHTML=45/45 outerHTML=0/0 insertAdjacentHTML=0/0 setHTML=0/0 shadowInnerHTML=0/0 execCommandInsertHTML=0/0 mappedTextContent=0/0
09-08 08:31:49.412 24100 24100 I ChromeMediaShieldStatus: v=1 seq=9 kind=rendererFamilies roots=element/fragment/text/other factory:calls=68,scans=0,direct=68,roots=68/0/0/0,nodes=0,micros=2293,maxMicros=1399 domGuard:calls=79,scans=79,direct=79,roots=150/0/8/0,nodes=75,micros=4395,maxMicros=1300 markup:calls=91,scans=91,direct=0,roots=46/45/0/0,nodes=588,micros=28977,maxMicros=1800
09-08 08:31:49.413 24100 24100 I ChromeMediaShieldStatus: v=1 seq=9 kind=uiSvg registered=1 registryBytes=217 cssRewritten=0 cssRejected=0 networkAccepted=0 networkRejected=0 assetServed=0 assetRejected=0
09-08 08:31:49.413 24100 24100 I ChromeMediaShieldStatus: v=1 seq=9 kind=health failures=0 clientDisconnects=0 proxyQueueRejects=0 protectFailure=0 quicAttempts=0 directTcpAttempts=0 active=true ready=true
09-08 08:31:49.413 24100 24100 I ChromeMediaShieldStatus: v=1 seq=9 kind=fixture report=REPORT=not_run,DOCUMENTS=0,FRAMES=0,SCRIPTS=0,FIRST_ORIGINAL_SCRIPTS=0,STYLES=0,WORKERS=0,SERVICE_WORKERS=0,FRAME_REPORTS=0,FRAME_REPORT_REJECTS=0,FRAME_REPORT=not_run,FRAME_REPORT_SHA=not_run,FRAME_CHALLENGE_SHA=not_run,FRAME_GENERATION=0,FRAME_ACCEPTED_CHALLENGE_SHA=not_run,FRAME_REPORT_BINDING_SHA=not_run,SAME_URL_BODIES=0,REPORTS=0,SW_BOUNDARY={INSTALL_DOCS=0,WORKER_SCRIPTS=0,WORKER_PROBE_SCRIPTS=0,PROBE_DOCS=0,CLEANUP_DOCS=0,REPORTS_ACCEPTED=0,REPORTS_REJECTED=0,CONTROLLER_PRESENT=0,CONTROLLER_MISSING=0,NAV_FETCHES=0,SELF_READY_FETCHES=0,SELF_READY_PASS_THROUGH=0,SELF_READY_SYNTHETIC=0,NAV_SYNTHETIC=0,RESET_BASELINE_CLEAN=0,RESET_BASELINE_DIRTY=0,REGISTER_BLOCKED=0,REGISTER_SUCCEEDED=0,WORKER_REGISTER_BLOCKED=0,WORKER_REGISTER_SUCCEEDED=0,WORKER_REGISTER_UNSUPPORTED=0,WORKER_REGISTER_ERROR=0,LAST_CASE=none,LAST_EVENT=none,LAST_VALUE=none},UI_SVG={not_run}
09-08 08:32:10.795 24100 24100 I ChromePhotosDataPlane: bootstrap=locked_boot_guard blocked=true
09-08 08:32:10.809 24100 17799 I ChromePhotosDataPlane: phase=worker_ready correlationId=c36 admissionWaitMs=17.084
09-08 08:32:10.831 24100 17799 I ChromePhotosDataPlane: phase=tls_certificate correlationId=c36 tlsCacheHit=true tlsCacheWaitMs=0.010 tlsCreationMs=0.000
09-08 08:32:10.832 24100 17799 I ChromePhotosDataPlane: phase=tls_material correlationId=c36 tlsMaterialMs=0.337
09-08 08:32:10.847 24100 17799 I ChromePhotosDataPlane: phase=tls_ready correlationId=c36 hostClass=network hostHash=191347bfe55d0ca9 clientProtocol=http/1.1 ca=e6d7bb488888c483
09-08 08:32:11.041 24100 17799 I ChromePhotosDataPlane: origin=real hostClass=network hostHash=191347bfe55d0ca9 method=POST clientProtocol=http/1.1 upstreamProtocol=h2 status=204 contentType=text/html bytesOut=0 transfer=fixed upstreamHeadersMs=187.578 downstreamWriteMs=1.529
09-08 08:32:11.701 24100 17799 I ChromePhotosDataPlane: origin=real hostClass=network hostHash=191347bfe55d0ca9 method=POST clientProtocol=http/1.1 upstreamProtocol=h2 status=204 contentType=text/html bytesOut=0 transfer=fixed upstreamHeadersMs=79.277 downstreamWriteMs=0.655
