--------- beginning of main
09-08 00:39:57.650 26175 26206 I ChromePhotosDataPlane: vpnAttestation=revoked session=c926fccc fullTunnelApplied=false chromePackageAdmitted=true
09-08 00:39:59.525 26175 26208 I ChromePhotosDataPlane: bootstrap=chrome_blocked reason=session_start
09-08 00:39:59.527 26175 26208 I ChromePhotosDataPlane: rollback=complete proxy=cleared ca=removed
09-08 00:39:59.527 26175 26208 I ChromePhotosDataPlane: bootstrap=chrome_reset_skipped generation=2 resetCount=3
09-08 00:40:00.403 26175 26208 I ChromePhotosDataPlane: phase=proxy_ready bind=loopback port=8877
09-08 00:40:00.480 26175 26208 I ChromePhotosDataPlane: policy=chrome-only proxy=fixed stockMedia=true policyTypes=AIModeSettings:Integer,AllowBackForwardCacheForCacheControlNoStorePageEnabled:Boolean,BackForwardCacheEnabled:Boolean,DataUrlInSvgUseEnabled:Boolean,FindsSettings:Integer,ForceGoogleSafeSearch:Boolean,IncognitoModeAvailability:Integer,NTPContentSuggestionsEnabled:Boolean,SearchContentSharingSettings:Integer,SearchSuggestEnabled:Boolean,URLAllowlist:String,URLBlocklist:String ca=688395d7a326111e
09-08 00:40:00.492 26175 26208 I ChromePhotosDataPlane: phase=active owner=device_owner scope=chrome_only session=e0c9836c ca=688395d7a326111e model=R3.1 modelSha=c8b64af8092d3718c58736a511c996d0d443dacf3eaa74620b1e5af439a3cd48 policy=dag-36 modelLoadMs=382.744 fixture=controlled fallbackHosts=5 routes=0 udpFixture=false udpTarget=:0 transport=full_tunnel_dev networkVisualMode=selective stockMediaAuthority=true documentSelfShield=true privacy=public_only_memory_only
09-08 00:40:00.494 26175 26175 I ChromePhotosDataPlane: vpnAttestation=revoked session=e0c9836c fullTunnelApplied=false chromePackageAdmitted=false
09-08 00:40:00.634 26175 26225 I ChromePhotosDataPlane: vpnAttestation=confirmed session=e0c9836c fullTunnelApplied=true chromePackageAdmitted=true
09-08 00:40:00.834 26175 26226 I ChromePhotosDataPlane: phase=presentation_ready scope=real_web failSafe=armed
09-08 00:40:55.504 26175 26539 I ChromePhotosDataPlane: phase=worker_ready correlationId=c1 admissionWaitMs=8.664
09-08 00:40:55.509 26175 26540 I ChromePhotosDataPlane: phase=worker_ready correlationId=c2 admissionWaitMs=6.690
09-08 00:40:55.515 26175 26541 I ChromePhotosDataPlane: phase=worker_ready correlationId=c3 admissionWaitMs=11.225
09-08 00:40:56.059 26175 26561 I ChromePhotosDataPlane: phase=worker_ready correlationId=c4 admissionWaitMs=88.264
09-08 00:40:56.198 26175 26540 I ChromePhotosDataPlane: phase=tls_ready correlationId=c2 hostClass=fixture hostHash=1c728e158a8cddb0 clientProtocol=http/1.1 ca=688395d7a326111e
09-08 00:40:56.199 26175 26539 I ChromePhotosDataPlane: phase=tls_ready correlationId=c1 hostClass=fixture hostHash=1c728e158a8cddb0 clientProtocol=http/1.1 ca=688395d7a326111e
09-08 00:40:56.518 26175 26541 I ChromePhotosDataPlane: phase=tls_ready correlationId=c3 hostClass=network hostHash=191347bfe55d0ca9 clientProtocol=http/1.1 ca=688395d7a326111e
09-08 00:40:56.790 26175 26541 I ChromePhotosDataPlane: origin=real hostClass=network hostHash=191347bfe55d0ca9 method=GET clientProtocol=http/1.1 upstreamProtocol=h2 status=200 contentType=application/x-protobuffer bytesOut=325 transfer=fixed upstreamHeadersMs=257.015 downstreamWriteMs=0.609
09-08 00:40:57.172 26175 26561 I ChromePhotosDataPlane: phase=tls_ready correlationId=c4 hostClass=network hostHash=67093c854a7c66ad clientProtocol=http/1.1 ca=688395d7a326111e
09-08 00:40:57.443 26175 26561 I ChromePhotosDataPlane: origin=real hostClass=network hostHash=67093c854a7c66ad method=GET clientProtocol=http/1.1 upstreamProtocol=h2 status=200 contentType=application/x-gzip bytesOut=311 transfer=fixed upstreamHeadersMs=267.810 downstreamWriteMs=0.574
09-08 00:41:04.840 26175 26604 I ChromePhotosDataPlane: phase=worker_ready correlationId=c5 admissionWaitMs=0.931
09-08 00:41:04.968 26175 26610 I ChromePhotosDataPlane: phase=worker_ready correlationId=c6 admissionWaitMs=0.478
09-08 00:41:05.157 26175 26604 I ChromePhotosDataPlane: phase=tls_ready correlationId=c5 hostClass=network hostHash=978f7e3ee1e1aeea clientProtocol=http/1.1 ca=688395d7a326111e
09-08 00:41:05.955 26175 26610 I ChromePhotosDataPlane: phase=tls_ready correlationId=c6 hostClass=network hostHash=b9b8e1e6ccc48be3 clientProtocol=http/1.1 ca=688395d7a326111e
09-08 00:41:05.974 26175 26604 I ChromePhotosDataPlane: origin=real hostClass=network hostHash=978f7e3ee1e1aeea method=POST clientProtocol=http/1.1 upstreamProtocol=h2 status=200 contentType=application/x-protobuf bytesOut=115768 transfer=fixed upstreamHeadersMs=464.258 downstreamWriteMs=344.008
09-08 00:41:06.414 26175 26610 I ChromePhotosDataPlane: origin=real hostClass=network hostHash=b9b8e1e6ccc48be3 method=POST clientProtocol=http/1.1 upstreamProtocol=h2 status=200 contentType=application/vnd.google.octet-stream-compressible bytesOut=720 transfer=chunked upstreamHeadersMs=447.191 downstreamWriteMs=2.668
09-08 00:41:06.728 26175 26610 I ChromePhotosDataPlane: origin=real hostClass=network hostHash=b9b8e1e6ccc48be3 method=POST clientProtocol=http/1.1 upstreamProtocol=h2 status=200 contentType=application/vnd.google.octet-stream-compressible bytesOut=408 transfer=chunked upstreamHeadersMs=217.653 downstreamWriteMs=3.346
09-08 00:41:15.215 26175 26175 I ChromePhotosDataPlane: phase=status statusSequence=1 lifecycle=PresentationReady active=true ready=true connections=6 requests=5 safe=0 blocked=0 unknown=0 passthrough=5 cacheHits=0 cacheMisses=0 failures=0 clientDisconnects=0 bytesIn=117532 bytesOut=117532 streamed=5 proxyQueueRejects=0 proxyActivePeak=4 proxyP50Ms=269.341 proxyP95Ms=453.671 proxyP99Ms=453.671 upstreamSockets=4 protectSuccess=4 protectFailure=0 web11a=not_run web11b=not_run modelLoadMs=382.744 engineCalls=0 dedupeHits=0 decisionCacheConfig=64 decisionConcurrencyConfig=1 decisionQueueConfig=2 decisionTimeoutMs=5000 engineCallsPerRequest=0.0 inferencePeak=0 inFlightPeak=0 queuePeak=0 queueRejects=0 timeouts=0 inferenceP50Ms=0.0 inferenceP95Ms=0.0 inferenceP99Ms=0.0 decisionP50Ms=0.0 decisionP95Ms=0.0 decisionP99Ms=0.0 cacheHitP50Ms=0.0 cacheHitP95Ms=0.0 cacheEntries=0 cacheEvictions=0 preprocessP50Ms=0.0 preprocessP95Ms=0.0 preprocessP99Ms=0.0 preparedCount1=0 preparedCount4=0 preparedCount5=0 preparedCountOther=0 decisionBasis= imageCandidates=0 imagePrefixPeeks=0 imageMagicCandidates=0 imageBodyAdmissionPeak=0 imageBodyAdmissionRejects=0 networkVisualCandidates=0 networkVisualReplaced=0 networkVisualRawDelivered=0 networkVisualSafeRawDelivered=0 networkVisualBlockedReplaced=0 networkVisualUnknownReplaced=0 networkVisualUnsupportedReplaced=0 networkVisualRawBlockedDelivered=0 networkVisualRawUnknownDelivered=0 networkVisualCacheHit=0 networkVisualInference=0 mediaDocumentsTransformed=0 mediaDocumentsFailClosed=0 documentTransformOutstanding=0 readyTokensOutstanding=0 uiSvgRegistered=0 uiSvgRegistryBytes=0 uiSvgCssRewritten=0 uiSvgCssRejected=0 uiSvgNetworkAccepted=0 uiSvgNetworkRejected=0 uiSvgAssetServed=0 uiSvgAssetRejected=0 h18=REPORT=not_run,EVENT_SEQUENCE=0,COMPAT_DOCS=0,STRICT_DOCS=0,STYLE_REQ=0,SCRIPT_REQ=0,DATA_REQ=0,NETWORK_REQ=0,REPORTS=0,LAST_DOC=none,NETWORK_SHA=ee17e3f62edde61823ce35732ea168f4f5986bff347ccfac063eca7f4009ee1b,AUDIT_SHA=74d4467bbf6833db4eeab998495b7dfc50db3b1f04f407704b839ad3f4b25582 h19=REPORT=not_run,DOCUMENTS=0,FRAMES=0,SCRIPTS=0,FIRST_ORIGINAL_SCRIPTS=0,STYLES=0,WORKERS=0,SERVICE_WORKERS=0,FRAME_REPORTS=0,FRAME_REPORT_REJECTS=0,FRAME_REPORT=not_run,FRAME_REPORT_SHA=not_run,FRAME_CHALLENGE_SHA=not_run,FRAME_GENERATION=0,FRAME_ACCEPTED_CHALLENGE_SHA=not_run,FRAME_REPORT_BINDING_SHA=not_run,SAME_URL_BODIES=0,REPORTS=0,SW_BOUNDARY={INSTALL_DOCS=0,WORKER_SCRIPTS=0,WORKER_PROBE_SCRIPTS=0,PROBE_DOCS=0,CLEANUP_DOCS=0,REPORTS_ACCEPTED=0,REPORTS_REJECTED=0,CONTROLLER_PRESENT=0,CONTROLLER_MISSING=0,NAV_FETCHES=0,SELF_READY_FETCHES=0,SELF_READY_PASS_THROUGH=0,SELF_READY_SYNTHETIC=0,NAV_SYNTHETIC=0,RESET_BASELINE_CLEAN=0,RESET_BASELINE_DIRTY=0,REGISTER_BLOCKED=0,REGISTER_SUCCEEDED=0,WORKER_REGISTER_BLOCKED=0,WORKER_REGISTER_SUCCEEDED=0,WORKER_REGISTER_UNSUPPORTED=0,WORKER_REGISTER_ERROR=0,LAST_CASE=none,LAST_EVENT=none,LAST_VALUE=none},UI_SVG={not_run} quicAttempts=0 directTcpAttempts=0 bootstrapResetGeneration=2 bootstrapCompleteGeneration=2 bootstrapResetCount=3 chromeSuspended=false guardSession=525 guardHeartbeatSequence=134 audit17State=0 audit17Navigation=0 audit17Events=0 audit17Dropped=0
09-08 00:41:25.395 26175 26610 I ChromePhotosDataPlane: origin=real hostClass=network hostHash=b9b8e1e6ccc48be3 method=POST clientProtocol=http/1.1 upstreamProtocol=h2 status=200 contentType=application/vnd.google.octet-stream-compressible bytesOut=1846 transfer=chunked upstreamHeadersMs=454.887 downstreamWriteMs=2.923
09-08 00:41:46.743 26175 26884 I ChromePhotosDataPlane: phase=worker_ready correlationId=c7 admissionWaitMs=3.830
09-08 00:41:46.814 26175 26884 I ChromePhotosDataPlane: phase=tls_ready correlationId=c7 hostClass=network hostHash=191347bfe55d0ca9 clientProtocol=http/1.1 ca=688395d7a326111e
09-08 00:41:46.913 26175 26884 I ChromePhotosDataPlane: origin=real hostClass=network hostHash=191347bfe55d0ca9 method=GET clientProtocol=http/1.1 upstreamProtocol=h2 status=200 contentType=application/x-protobuffer bytesOut=325 transfer=fixed upstreamHeadersMs=88.717 downstreamWriteMs=1.727
09-08 00:41:55.576 26175 26903 I ChromePhotosDataPlane: phase=worker_ready correlationId=c8 admissionWaitMs=1.291
09-08 00:41:55.625 26175 26903 I ChromePhotosDataPlane: phase=tls_ready correlationId=c8 hostClass=network hostHash=978f7e3ee1e1aeea clientProtocol=http/1.1 ca=688395d7a326111e
09-08 00:41:56.335 26175 26903 I ChromePhotosDataPlane: origin=real hostClass=network hostHash=978f7e3ee1e1aeea method=POST clientProtocol=http/1.1 upstreamProtocol=h2 status=200 contentType=application/x-protobuf bytesOut=115768 transfer=fixed upstreamHeadersMs=376.528 downstreamWriteMs=328.015
09-08 00:42:20.884 26175 26942 I ChromePhotosDataPlane: phase=worker_ready correlationId=c9 admissionWaitMs=6.400
09-08 00:42:20.896 26175 26948 I ChromePhotosDataPlane: phase=worker_ready correlationId=c10 admissionWaitMs=1.054
09-08 00:42:21.420 26175 26942 I ChromePhotosDataPlane: phase=tls_ready correlationId=c9 hostClass=network hostHash=b37d6661baab456a clientProtocol=http/1.1 ca=688395d7a326111e
09-08 00:42:21.700 26175 26942 I ChromePhotosDataPlane: origin=real hostClass=network hostHash=b37d6661baab456a method=POST clientProtocol=http/1.1 upstreamProtocol=h2 status=200 contentType=application/json bytesOut=232 transfer=fixed upstreamHeadersMs=277.408 downstreamWriteMs=0.466
09-08 00:42:22.003 26175 26948 I ChromePhotosDataPlane: phase=tls_ready correlationId=c10 hostClass=network hostHash=f58aed0f48e58f0c clientProtocol=http/1.1 ca=688395d7a326111e
09-08 00:42:24.112 26175 26948 I ChromePhotosDataPlane: phase=media_shield_document origin=real hostClass=network hostHash=f58aed0f48e58f0c result=transformed documentSequence=1 navigationSequence=1 token=20383aaa9697 bytesOut=954222 upstreamHeadersMs=832.295 documentDecisionMs=510.558 downstreamWriteMs=6.030
09-08 00:42:24.271 26175 26990 I ChromePhotosDataPlane: phase=worker_ready correlationId=c11 admissionWaitMs=0.606
09-08 00:42:24.279 26175 26991 I ChromePhotosDataPlane: phase=worker_ready correlationId=c12 admissionWaitMs=4.449
09-08 00:42:24.279 26175 26992 I ChromePhotosDataPlane: phase=worker_ready correlationId=c13 admissionWaitMs=2.458
09-08 00:42:24.279 26175 26993 I ChromePhotosDataPlane: phase=worker_ready correlationId=c14 admissionWaitMs=0.432
09-08 00:42:24.381 26175 26948 I ChromePhotosDataPlane: phase=media_shield_ready origin=same_origin result=204 bytesOut=0
09-08 00:42:24.398 26175 26948 I ChromePhotosDataPlane: phase=media_shield_ready origin=same_origin result=204 bytesOut=0
09-08 00:42:24.412 26175 26948 I ChromePhotosDataPlane: phase=media_shield_ready origin=same_origin result=204 bytesOut=0
09-08 00:42:24.518 26175 27018 I ChromePhotosDataPlane: phase=worker_ready correlationId=c16 admissionWaitMs=2.975
09-08 00:42:24.518 26175 27013 I ChromePhotosDataPlane: phase=worker_ready correlationId=c15 admissionWaitMs=7.437
09-08 00:42:24.532 26175 27019 I ChromePhotosDataPlane: phase=worker_ready correlationId=c17 admissionWaitMs=0.582
09-08 00:42:24.539 26175 27024 I ChromePhotosDataPlane: phase=worker_ready correlationId=c18 admissionWaitMs=0.587
09-08 00:42:24.547 26175 27031 I ChromePhotosDataPlane: phase=worker_ready correlationId=c19 admissionWaitMs=0.588
09-08 00:42:24.594 26175 27043 I ChromePhotosDataPlane: phase=worker_ready correlationId=c20 admissionWaitMs=12.856
09-08 00:42:24.775 26175 27047 I ChromePhotosDataPlane: phase=worker_ready correlationId=c21 admissionWaitMs=0.943
09-08 00:42:24.784 26175 27049 I ChromePhotosDataPlane: phase=worker_ready correlationId=c23 admissionWaitMs=1.083
09-08 00:42:24.785 26175 27048 I ChromePhotosDataPlane: phase=worker_ready correlationId=c22 admissionWaitMs=5.464
09-08 00:42:24.810 26175 27051 I ChromePhotosDataPlane: phase=worker_ready correlationId=c24 admissionWaitMs=1.092
09-08 00:42:24.811 26175 26990 I ChromePhotosDataPlane: phase=tls_ready correlationId=c11 hostClass=network hostHash=fdbc7f1491a89ee6 clientProtocol=http/1.1 ca=688395d7a326111e
09-08 00:42:25.505 26175 26991 I ChromePhotosDataPlane: phase=tls_ready correlationId=c12 hostClass=network hostHash=7df7caa0a5579e01 clientProtocol=http/1.1 ca=688395d7a326111e
09-08 00:42:25.907 26175 27070 I ChromePhotosDataPlane: phase=worker_ready correlationId=c25 admissionWaitMs=5.322
09-08 00:42:25.923 26175 27071 I ChromePhotosDataPlane: phase=worker_ready correlationId=c26 admissionWaitMs=1.134
09-08 00:42:25.939 26175 27071 W ChromePhotosDataPlane: phase=connection_failed correlationId=c26 error=UnknownHostException
09-08 00:42:26.010 26175 26993 I ChromePhotosDataPlane: phase=tls_ready correlationId=c14 hostClass=network hostHash=a552b937eecf21c7 clientProtocol=http/1.1 ca=688395d7a326111e
09-08 00:42:26.061 26175 27084 I ChromePhotosDataPlane: phase=worker_ready correlationId=c27 admissionWaitMs=4.855
09-08 00:42:26.079 26175 27085 I ChromePhotosDataPlane: phase=worker_ready correlationId=c28 admissionWaitMs=2.239
09-08 00:42:26.091 26175 27090 I ChromePhotosDataPlane: phase=worker_ready correlationId=c29 admissionWaitMs=4.257
09-08 00:42:26.111 26175 27091 I ChromePhotosDataPlane: phase=worker_ready correlationId=c30 admissionWaitMs=6.852
09-08 00:42:26.193 26175 27102 I ChromePhotosDataPlane: phase=worker_ready correlationId=c31 admissionWaitMs=36.294
09-08 00:42:26.196 26175 26561 I ChromePhotosDataPlane: phase=worker_ready correlationId=c33 admissionWaitMs=6.311
09-08 00:42:26.197 26175 26539 I ChromePhotosDataPlane: phase=worker_ready correlationId=c34 admissionWaitMs=0.197
09-08 00:42:26.205 26175 27106 I ChromePhotosDataPlane: phase=worker_ready correlationId=c32 admissionWaitMs=23.785
09-08 00:42:26.212 26175 26541 I ChromePhotosDataPlane: phase=worker_ready correlationId=c35 admissionWaitMs=0.209
09-08 00:42:26.219 26175 26948 I ChromePhotosDataPlane: origin=real hostClass=network hostHash=f58aed0f48e58f0c method=GET clientProtocol=http/1.1 upstreamProtocol=h2 status=200 contentType=application/javascript bytesOut=175720 transfer=fixed upstreamHeadersMs=212.399 downstreamWriteMs=94.278
09-08 00:42:26.220 26175 26540 I ChromePhotosDataPlane: phase=worker_ready correlationId=c36 admissionWaitMs=0.183
09-08 00:42:26.234 26175 26604 I ChromePhotosDataPlane: phase=worker_ready correlationId=c37 admissionWaitMs=0.237
09-08 00:42:26.310 26175 26993 I ChromePhotosDataPlane: origin=real hostClass=network hostHash=a552b937eecf21c7 method=GET clientProtocol=http/1.1 upstreamProtocol=h2 status=200 contentType=text/javascript bytesOut=37957 transfer=fixed upstreamHeadersMs=265.768 downstreamWriteMs=24.460
09-08 00:42:26.321 26175 26610 I ChromePhotosDataPlane: phase=worker_ready correlationId=c38 admissionWaitMs=0.328
09-08 00:42:26.338 26175 26884 I ChromePhotosDataPlane: phase=worker_ready correlationId=c39 admissionWaitMs=0.183
09-08 00:42:26.492 26175 26948 I ChromePhotosDataPlane: origin=real hostClass=network hostHash=f58aed0f48e58f0c method=GET clientProtocol=http/1.1 upstreamProtocol=h2 status=200 contentType=application/javascript bytesOut=173011 transfer=fixed upstreamHeadersMs=207.463 downstreamWriteMs=35.055
09-08 00:42:26.614 26175 26990 I ChromePhotosDataPlane: origin=real hostClass=network hostHash=fdbc7f1491a89ee6 method=GET clientProtocol=http/1.1 upstreamProtocol=h2 status=200 contentType=image/webp bytesIn=21480 bytesOut=21480 cache=miss decision=safe reason=model_allow source=engine probability=0.019576043 basis=None decodeMs=104.355 inferenceMs=851.727 localDecisionMs=963.399  requestToDeliveryMs=1798.043 upstreamHeadersMs=791.283 sanitizeMs=1000.998 downstreamWriteMs=1.634
09-08 00:42:26.627 26175 26992 I ChromePhotosDataPlane: phase=tls_ready correlationId=c13 hostClass=network hostHash=1c9aae1431eb8709 clientProtocol=http/1.1 ca=688395d7a326111e
09-08 00:42:26.762 26175 26903 I ChromePhotosDataPlane: phase=worker_ready correlationId=c40 admissionWaitMs=0.221
09-08 00:42:26.771 26175 26903 W ChromePhotosDataPlane: phase=connection_failed correlationId=c40 error=UnknownHostException
09-08 00:42:26.790 26175 26948 I ChromePhotosDataPlane: origin=real hostClass=network hostHash=f58aed0f48e58f0c method=GET clientProtocol=http/1.1 upstreamProtocol=h2 status=200 contentType=application/javascript bytesOut=161143 transfer=fixed upstreamHeadersMs=203.985 downstreamWriteMs=32.733
09-08 00:42:26.869 26175 26992 I ChromePhotosDataPlane: origin=real hostClass=network hostHash=1c9aae1431eb8709 method=GET clientProtocol=http/1.1 upstreamProtocol=h2 status=200 contentType=application/javascript bytesOut=112 transfer=chunked upstreamHeadersMs=237.912 downstreamWriteMs=0.960
09-08 00:42:27.065 26175 26990 I ChromePhotosDataPlane: origin=real hostClass=network hostHash=fdbc7f1491a89ee6 method=GET clientProtocol=http/1.1 upstreamProtocol=h2 status=200 contentType=image/webp bytesIn=4858 bytesOut=4858 cache=miss decision=safe reason=model_allow source=engine probability=0.0034654438 basis=None decodeMs=5.857 inferenceMs=211.133 localDecisionMs=218.138  requestToDeliveryMs=406.688 upstreamHeadersMs=166.384 sanitizeMs=237.004 downstreamWriteMs=0.968
09-08 00:42:27.068 26175 27071 I ChromePhotosDataPlane: phase=worker_ready correlationId=c41 admissionWaitMs=0.400
09-08 00:42:27.098 26175 26948 I ChromePhotosDataPlane: origin=real hostClass=network hostHash=f58aed0f48e58f0c method=GET clientProtocol=http/1.1 upstreamProtocol=h2 status=200 contentType=application/javascript bytesOut=171663 transfer=fixed upstreamHeadersMs=208.223 downstreamWriteMs=44.779
09-08 00:42:27.117 26175 27013 I ChromePhotosDataPlane: phase=tls_ready correlationId=c15 hostClass=network hostHash=ee8cdc867bba487e clientProtocol=http/1.1 ca=688395d7a326111e
09-08 00:42:27.139 26175 27018 I ChromePhotosDataPlane: phase=tls_ready correlationId=c16 hostClass=network hostHash=ee8cdc867bba487e clientProtocol=http/1.1 ca=688395d7a326111e
09-08 00:42:27.143 26175 27019 I ChromePhotosDataPlane: phase=tls_ready correlationId=c17 hostClass=network hostHash=ee8cdc867bba487e clientProtocol=http/1.1 ca=688395d7a326111e
09-08 00:42:27.143 26175 27024 I ChromePhotosDataPlane: phase=tls_ready correlationId=c18 hostClass=network hostHash=ee8cdc867bba487e clientProtocol=http/1.1 ca=688395d7a326111e
09-08 00:42:27.152 26175 27043 I ChromePhotosDataPlane: phase=tls_ready correlationId=c20 hostClass=network hostHash=fdbc7f1491a89ee6 clientProtocol=http/1.1 ca=688395d7a326111e
09-08 00:42:27.278 26175 27013 I ChromePhotosDataPlane: origin=real hostClass=network hostHash=ee8cdc867bba487e method=POST clientProtocol=http/1.1 upstreamProtocol=h2 status=204 contentType=text/html bytesOut=0 transfer=fixed upstreamHeadersMs=155.029 downstreamWriteMs=0.717
09-08 00:42:27.338 26175 27018 I ChromePhotosDataPlane: origin=real hostClass=network hostHash=ee8cdc867bba487e method=GET clientProtocol=http/1.1 upstreamProtocol=h2 status=200 contentType=image/png bytesIn=42 bytesOut=6303 cache=miss decision=unknown reason=unsupported_gif source=error probability=-1.0 basis=none decodeMs=0.000 inferenceMs=0.000 localDecisionMs=0.000  requestToDeliveryMs=195.203 upstreamHeadersMs=174.613 sanitizeMs=2.973 downstreamWriteMs=0.920
09-08 00:42:27.340 26175 27019 I ChromePhotosDataPlane: origin=real hostClass=network hostHash=ee8cdc867bba487e method=GET clientProtocol=http/1.1 upstreamProtocol=h2 status=200 contentType=image/png bytesIn=42 bytesOut=6303 cache=miss decision=unknown reason=unsupported_gif source=error probability=-1.0 basis=none decodeMs=0.000 inferenceMs=0.000 localDecisionMs=0.000  requestToDeliveryMs=193.836 upstreamHeadersMs=176.489 sanitizeMs=1.267 downstreamWriteMs=0.972
09-08 00:42:27.371 26175 27024 I ChromePhotosDataPlane: origin=real hostClass=network hostHash=ee8cdc867bba487e method=GET clientProtocol=http/1.1 upstreamProtocol=h2 status=302 contentType= bytesIn=0 bytesOut=0 cache=miss decision=passthrough  requestToDeliveryMs=217.634 upstreamHeadersMs=195.595 sanitizeMs=0.533 downstreamWriteMs=0.811
09-08 00:42:27.405 26175 27031 I ChromePhotosDataPlane: phase=tls_ready correlationId=c19 hostClass=network hostHash=78545291017afd6d clientProtocol=http/1.1 ca=688395d7a326111e
09-08 00:42:27.425 26175 26948 I ChromePhotosDataPlane: origin=real hostClass=network hostHash=f58aed0f48e58f0c method=GET clientProtocol=http/1.1 upstreamProtocol=h2 status=200 contentType=application/javascript bytesOut=195194 transfer=fixed upstreamHeadersMs=222.123 downstreamWriteMs=48.405
09-08 00:42:27.426 26175 27051 I ChromePhotosDataPlane: phase=tls_ready correlationId=c24 hostClass=network hostHash=fdbc7f1491a89ee6 clientProtocol=http/1.1 ca=688395d7a326111e
09-08 00:42:27.426 26175 27070 I ChromePhotosDataPlane: phase=tls_ready correlationId=c25 hostClass=network hostHash=f58aed0f48e58f0c clientProtocol=http/1.1 ca=688395d7a326111e
09-08 00:42:27.427 26175 27048 I ChromePhotosDataPlane: phase=tls_ready correlationId=c22 hostClass=network hostHash=fdbc7f1491a89ee6 clientProtocol=http/1.1 ca=688395d7a326111e
09-08 00:42:27.437 26175 27047 I ChromePhotosDataPlane: phase=tls_ready correlationId=c21 hostClass=network hostHash=fdbc7f1491a89ee6 clientProtocol=http/1.1 ca=688395d7a326111e
09-08 00:42:27.439 26175 27049 I ChromePhotosDataPlane: phase=tls_ready correlationId=c23 hostClass=network hostHash=fdbc7f1491a89ee6 clientProtocol=http/1.1 ca=688395d7a326111e
09-08 00:42:27.575 26175 26990 I ChromePhotosDataPlane: origin=real hostClass=network hostHash=fdbc7f1491a89ee6 method=GET clientProtocol=http/1.1 upstreamProtocol=h2 status=200 contentType=image/webp bytesIn=8344 bytesOut=8344 cache=miss decision=safe reason=model_allow source=engine probability=0.013767481 basis=None decodeMs=6.407 inferenceMs=235.256 localDecisionMs=243.343  requestToDeliveryMs=467.101 upstreamHeadersMs=193.597 sanitizeMs=267.783 downstreamWriteMs=3.159
09-08 00:42:27.576 26175 27018 I ChromePhotosDataPlane: origin=real hostClass=network hostHash=ee8cdc867bba487e method=GET clientProtocol=http/1.1 upstreamProtocol=h2 status=200 contentType=image/png bytesIn=42 bytesOut=6303 cache=miss decision=unknown reason=unsupported_gif source=error probability=-1.0 basis=none decodeMs=0.000 inferenceMs=0.000 localDecisionMs=0.000  requestToDeliveryMs=168.522 upstreamHeadersMs=68.602 sanitizeMs=84.907 downstreamWriteMs=3.444
09-08 00:42:27.712 26175 27043 I ChromePhotosDataPlane: origin=real hostClass=network hostHash=fdbc7f1491a89ee6 method=GET clientProtocol=http/1.1 upstreamProtocol=h2 status=200 contentType=image/webp bytesIn=2266 bytesOut=2266 cache=miss decision=safe reason=model_allow source=engine probability=0.01720336 basis=None decodeMs=4.928 inferenceMs=131.391 localDecisionMs=267.227  requestToDeliveryMs=546.568 upstreamHeadersMs=271.993 sanitizeMs=268.381 downstreamWriteMs=3.745
09-08 00:42:27.800 26175 27084 I ChromePhotosDataPlane: phase=tls_ready correlationId=c27 hostClass=network hostHash=d84a36a05e56cc9d clientProtocol=http/1.1 ca=688395d7a326111e
09-08 00:42:27.862 26175 27031 I ChromePhotosDataPlane: origin=real hostClass=network hostHash=78545291017afd6d method=GET clientProtocol=http/1.1 upstreamProtocol=h2 status=200 contentType=image/png bytesIn=127837 bytesOut=127837 cache=miss decision=safe reason=model_allow source=engine probability=0.05982989 basis=None decodeMs=11.192 inferenceMs=138.055 localDecisionMs=220.900  requestToDeliveryMs=455.023 upstreamHeadersMs=154.666 sanitizeMs=295.014 downstreamWriteMs=2.811
09-08 00:42:27.992 26175 27084 I ChromePhotosDataPlane: origin=real hostClass=network hostHash=d84a36a05e56cc9d method=GET clientProtocol=http/1.1 upstreamProtocol=h2 status=200 contentType=application/x-javascript bytesOut=108637 transfer=fixed upstreamHeadersMs=124.632 downstreamWriteMs=64.402
09-08 00:42:27.999 26175 27051 I ChromePhotosDataPlane: origin=real hostClass=network hostHash=fdbc7f1491a89ee6 method=GET clientProtocol=http/1.1 upstreamProtocol=h2 status=200 contentType=image/webp bytesIn=4986 bytesOut=4986 cache=miss decision=safe reason=model_allow source=engine probability=0.006761968 basis=None decodeMs=5.294 inferenceMs=132.881 localDecisionMs=286.134  requestToDeliveryMs=558.485 upstreamHeadersMs=172.815 sanitizeMs=382.339 downstreamWriteMs=1.039
09-08 00:42:28.140 26175 27049 I ChromePhotosDataPlane: origin=real hostClass=network hostHash=fdbc7f1491a89ee6 method=GET clientProtocol=http/1.1 upstreamProtocol=h2 status=200 contentType=image/webp bytesIn=2532 bytesOut=2532 cache=miss decision=safe reason=model_allow source=engine probability=0.008957833 basis=None decodeMs=5.379 inferenceMs=132.688 localDecisionMs=276.370  requestToDeliveryMs=688.424 upstreamHeadersMs=322.197 sanitizeMs=358.841 downstreamWriteMs=3.545
09-08 00:42:28.276 26175 27048 I ChromePhotosDataPlane: origin=real hostClass=network hostHash=fdbc7f1491a89ee6 method=GET clientProtocol=http/1.1 upstreamProtocol=h2 status=200 contentType=image/webp bytesIn=4912 bytesOut=4912 cache=miss decision=safe reason=model_allow source=engine probability=0.029026985 basis=None decodeMs=5.547 inferenceMs=132.982 localDecisionMs=275.066  requestToDeliveryMs=825.808 upstreamHeadersMs=328.273 sanitizeMs=494.349 downstreamWriteMs=0.927
09-08 00:42:28.334 26175 26903 I ChromePhotosDataPlane: phase=worker_ready correlationId=c42 admissionWaitMs=0.379
09-08 00:42:28.426 26175 27047 I ChromePhotosDataPlane: origin=real hostClass=network hostHash=fdbc7f1491a89ee6 method=GET clientProtocol=http/1.1 upstreamProtocol=h2 status=200 contentType=image/webp bytesIn=5666 bytesOut=5666 cache=miss decision=safe reason=model_allow source=engine probability=0.017977506 basis=None decodeMs=5.234 inferenceMs=143.295 localDecisionMs=283.381  requestToDeliveryMs=973.823 upstreamHeadersMs=347.361 sanitizeMs=621.850 downstreamWriteMs=1.138
09-08 00:42:28.535 26175 27070 I ChromePhotosDataPlane: origin=real hostClass=network hostHash=f58aed0f48e58f0c method=POST clientProtocol=http/1.1 upstreamProtocol=h2 status=200 contentType=application/json bytesOut=832 transfer=chunked upstreamHeadersMs=195.302 downstreamWriteMs=10.623
09-08 00:42:28.573 26175 26948 I ChromePhotosDataPlane: origin=real hostClass=network hostHash=f58aed0f48e58f0c method=POST clientProtocol=http/1.1 upstreamProtocol=h2 status=200 contentType=application/json bytesOut=49 transfer=chunked upstreamHeadersMs=246.402 downstreamWriteMs=1.507
09-08 00:42:28.736 26175 27091 I ChromePhotosDataPlane: phase=tls_ready correlationId=c30 hostClass=network hostHash=29078f5ef8eb9960 clientProtocol=http/1.1 ca=688395d7a326111e
09-08 00:42:28.862 26175 27091 I ChromePhotosDataPlane: origin=real hostClass=network hostHash=29078f5ef8eb9960 method=GET clientProtocol=http/1.1 upstreamProtocol=h2 status=304 contentType= bytesOut=0 transfer=fixed upstreamHeadersMs=122.753 downstreamWriteMs=0.720
09-08 00:42:28.883 26175 26948 I ChromePhotosDataPlane: origin=real hostClass=network hostHash=f58aed0f48e58f0c method=POST clientProtocol=http/1.1 upstreamProtocol=h2 status=200 contentType=application/json bytesOut=136 transfer=chunked upstreamHeadersMs=288.932 downstreamWriteMs=1.169
09-08 00:42:28.922 26175 27070 I ChromePhotosDataPlane: origin=real hostClass=network hostHash=f58aed0f48e58f0c method=POST clientProtocol=http/1.1 upstreamProtocol=h2 status=200 contentType=application/json bytesOut=126 transfer=chunked upstreamHeadersMs=338.445 downstreamWriteMs=1.156
09-08 00:42:29.024 26175 27043 I ChromePhotosDataPlane: origin=real hostClass=network hostHash=fdbc7f1491a89ee6 method=GET clientProtocol=http/1.1 upstreamProtocol=h2 status=200 contentType=image/webp bytesIn=2878 bytesOut=2878 cache=miss decision=safe reason=model_allow source=engine probability=0.039949685 basis=None decodeMs=25.529 inferenceMs=569.083 localDecisionMs=739.015  requestToDeliveryMs=1272.968 upstreamHeadersMs=179.239 sanitizeMs=1087.215 downstreamWriteMs=4.056
09-08 00:42:29.143 26175 26948 I ChromePhotosDataPlane: origin=real hostClass=network hostHash=f58aed0f48e58f0c method=POST clientProtocol=http/1.1 upstreamProtocol=h2 status=200 contentType=application/json bytesOut=94 transfer=chunked upstreamHeadersMs=198.598 downstreamWriteMs=2.815
09-08 00:42:29.157 26175 27090 I ChromePhotosDataPlane: phase=tls_ready correlationId=c29 hostClass=network hostHash=f5594fab1b035ec0 clientProtocol=http/1.1 ca=688395d7a326111e
09-08 00:42:29.162 26175 26990 I ChromePhotosDataPlane: origin=real hostClass=network hostHash=fdbc7f1491a89ee6 method=GET clientProtocol=http/1.1 upstreamProtocol=h2 status=200 contentType=image/webp bytesIn=7148 bytesOut=7148 cache=miss decision=safe reason=model_allow source=engine probability=0.009210944 basis=None decodeMs=5.556 inferenceMs=134.026 localDecisionMs=730.800  requestToDeliveryMs=1520.639 upstreamHeadersMs=307.303 sanitizeMs=1206.419 downstreamWriteMs=1.385
09-08 00:42:29.329 26175 27070 I ChromePhotosDataPlane: origin=real hostClass=network hostHash=f58aed0f48e58f0c method=POST clientProtocol=http/1.1 upstreamProtocol=h2 status=200 contentType=application/json bytesOut=33983 transfer=chunked upstreamHeadersMs=334.358 downstreamWriteMs=19.355
09-08 00:42:29.425 26175 27085 I ChromePhotosDataPlane: phase=tls_ready correlationId=c28 hostClass=network hostHash=df8ab3acb3324531 clientProtocol=http/1.1 ca=688395d7a326111e
09-08 00:42:29.428 26175 26539 I ChromePhotosDataPlane: phase=tls_ready correlationId=c34 hostClass=network hostHash=ee8cdc867bba487e clientProtocol=http/1.1 ca=688395d7a326111e
09-08 00:42:29.432 26175 26541 I ChromePhotosDataPlane: phase=tls_ready correlationId=c35 hostClass=network hostHash=f58aed0f48e58f0c clientProtocol=http/1.1 ca=688395d7a326111e
09-08 00:42:29.442 26175 26948 I ChromePhotosDataPlane: origin=real hostClass=network hostHash=f58aed0f48e58f0c method=POST clientProtocol=http/1.1 upstreamProtocol=h2 status=200 contentType=application/json bytesOut=92 transfer=chunked upstreamHeadersMs=248.733 downstreamWriteMs=1.210
09-08 00:42:29.456 26175 27090 I ChromePhotosDataPlane: origin=real hostClass=network hostHash=f5594fab1b035ec0 method=GET clientProtocol=http/1.1 upstreamProtocol=h2 status=200 contentType=application/javascript bytesOut=2555 transfer=fixed upstreamHeadersMs=295.343 downstreamWriteMs=1.409
09-08 00:42:29.562 26175 27013 I ChromePhotosDataPlane: phase=worker_ready correlationId=c43 admissionWaitMs=0.350
09-08 00:42:29.589 26175 27070 I ChromePhotosDataPlane: origin=real hostClass=network hostHash=f58aed0f48e58f0c method=POST clientProtocol=http/1.1 upstreamProtocol=h2 status=200 contentType=application/json bytesOut=943 transfer=chunked upstreamHeadersMs=203.201 downstreamWriteMs=1.213
09-08 00:42:29.674 26175 26561 I ChromePhotosDataPlane: phase=tls_ready correlationId=c33 hostClass=network hostHash=191347bfe55d0ca9 clientProtocol=http/1.1 ca=688395d7a326111e
09-08 00:42:29.680 26175 26540 I ChromePhotosDataPlane: phase=tls_ready correlationId=c36 hostClass=network hostHash=f58aed0f48e58f0c clientProtocol=http/1.1 ca=688395d7a326111e
09-08 00:42:29.680 26175 26604 I ChromePhotosDataPlane: phase=tls_ready correlationId=c37 hostClass=network hostHash=f58aed0f48e58f0c clientProtocol=http/1.1 ca=688395d7a326111e
09-08 00:42:29.751 26175 27051 I ChromePhotosDataPlane: origin=real hostClass=network hostHash=fdbc7f1491a89ee6 method=GET clientProtocol=http/1.1 upstreamProtocol=h2 status=200 contentType=image/webp bytesIn=1952 bytesOut=1952 cache=miss decision=safe reason=model_allow source=engine probability=0.031541497 basis=None decodeMs=8.013 inferenceMs=581.102 localDecisionMs=726.191  requestToDeliveryMs=1696.315 upstreamHeadersMs=168.423 sanitizeMs=1523.117 downstreamWriteMs=0.958
09-08 00:42:29.863 26175 26561 I ChromePhotosDataPlane: origin=real hostClass=network hostHash=191347bfe55d0ca9 method=POST clientProtocol=http/1.1 upstreamProtocol=h2 status=200 contentType=text/plain bytesOut=0 transfer=fixed upstreamHeadersMs=178.295 downstreamWriteMs=1.565
09-08 00:42:29.866 26175 26948 I ChromePhotosDataPlane: origin=real hostClass=network hostHash=f58aed0f48e58f0c method=POST clientProtocol=http/1.1 upstreamProtocol=h2 status=200 contentType=application/json bytesOut=1057 transfer=chunked upstreamHeadersMs=360.052 downstreamWriteMs=1.238
09-08 00:42:29.873 26175 26561 I ChromePhotosDataPlane: phase=worker_ready correlationId=c44 admissionWaitMs=284.086
09-08 00:42:30.035 26175 27102 I ChromePhotosDataPlane: phase=tls_ready correlationId=c31 hostClass=network hostHash=9d6e17ba2c400ce0 clientProtocol=http/1.1 ca=688395d7a326111e
09-08 00:42:30.303 26175 27049 I ChromePhotosDataPlane: origin=real hostClass=network hostHash=fdbc7f1491a89ee6 method=GET clientProtocol=http/1.1 upstreamProtocol=h2 status=200 contentType=image/webp bytesIn=1754 bytesOut=1754 cache=miss decision=safe reason=model_allow source=engine probability=0.11835408 basis=None decodeMs=8.375 inferenceMs=541.200 localDecisionMs=1138.455  requestToDeliveryMs=2115.320 upstreamHeadersMs=195.654 sanitizeMs=1912.389 downstreamWriteMs=2.604
09-08 00:42:30.395 26175 27106 I ChromePhotosDataPlane: phase=tls_ready correlationId=c32 hostClass=network hostHash=4dce8d0b280a268f clientProtocol=http/1.1 ca=688395d7a326111e
09-08 00:42:30.440 26175 27102 I ChromePhotosDataPlane: origin=real hostClass=network hostHash=9d6e17ba2c400ce0 method=GET clientProtocol=http/1.1 upstreamProtocol=h2 status=200 contentType=text/html bytesOut=2743 transfer=chunked upstreamHeadersMs=400.203 downstreamWriteMs=1.373
09-08 00:42:30.461 26175 27102 I ChromePhotosDataPlane: phase=worker_ready correlationId=c45 admissionWaitMs=845.246
09-08 00:42:30.897 26175 26541 I ChromePhotosDataPlane: origin=real hostClass=network hostHash=f58aed0f48e58f0c method=POST clientProtocol=http/1.1 upstreamProtocol=h2 status=200 contentType=application/json bytesOut=27419 transfer=chunked upstreamHeadersMs=1442.945 downstreamWriteMs=14.310
09-08 00:42:30.913 26175 27048 I ChromePhotosDataPlane: origin=real hostClass=network hostHash=fdbc7f1491a89ee6 method=GET clientProtocol=http/1.1 upstreamProtocol=h2 status=200 contentType=image/webp bytesIn=2190 bytesOut=2190 cache=miss decision=safe reason=model_allow source=engine probability=0.03790164 basis=None decodeMs=7.918 inferenceMs=600.804 localDecisionMs=1158.320  requestToDeliveryMs=2589.705 upstreamHeadersMs=221.564 sanitizeMs=2360.695 downstreamWriteMs=2.448
09-08 00:42:31.100 26175 27024 I ChromePhotosDataPlane: origin=real hostClass=network hostHash=ee8cdc867bba487e method=POST clientProtocol=http/1.1 upstreamProtocol=h2 status=302 contentType= bytesIn=0 bytesOut=0 cache=miss decision=passthrough  requestToDeliveryMs=343.260 upstreamHeadersMs=334.408 sanitizeMs=0.926 downstreamWriteMs=1.036
09-08 00:42:31.139 26175 27106 I ChromePhotosDataPlane: origin=real hostClass=network hostHash=4dce8d0b280a268f method=GET clientProtocol=http/1.1 upstreamProtocol=h2 status=204 contentType= bytesIn=0 bytesOut=0 cache=miss decision=passthrough  requestToDeliveryMs=742.687 upstreamHeadersMs=739.732 sanitizeMs=0.062 downstreamWriteMs=0.672
09-08 00:42:31.295 26175 27085 I ChromePhotosDataPlane: origin=real hostClass=network hostHash=df8ab3acb3324531 method=GET clientProtocol=http/1.1 upstreamProtocol=h2 status=304 contentType= bytesOut=0 transfer=fixed upstreamHeadersMs=1860.168 downstreamWriteMs=3.713
09-08 00:42:31.330 26175 26610 I ChromePhotosDataPlane: phase=tls_ready correlationId=c38 hostClass=network hostHash=0a2b1f067e5ed787 clientProtocol=http/1.1 ca=688395d7a326111e
09-08 00:42:31.454 26175 27047 I ChromePhotosDataPlane: origin=real hostClass=network hostHash=fdbc7f1491a89ee6 method=GET clientProtocol=http/1.1 upstreamProtocol=h2 status=200 contentType=image/webp bytesIn=2028 bytesOut=2028 cache=miss decision=safe reason=model_allow source=engine probability=0.03386417 basis=None decodeMs=8.181 inferenceMs=530.768 localDecisionMs=1148.832  requestToDeliveryMs=2976.357 upstreamHeadersMs=229.690 sanitizeMs=2740.493 downstreamWriteMs=0.865
09-08 00:42:31.463 26175 26610 I ChromePhotosDataPlane: origin=real hostClass=network hostHash=0a2b1f067e5ed787 method=GET clientProtocol=http/1.1 upstreamProtocol=h2 status=200 contentType=text/javascript bytesOut=23298 transfer=fixed upstreamHeadersMs=117.022 downstreamWriteMs=13.548
09-08 00:42:31.588 26175 27043 I ChromePhotosDataPlane: origin=real hostClass=network hostHash=fdbc7f1491a89ee6 method=GET clientProtocol=http/1.1 upstreamProtocol=h2 status=200 contentType=image/webp bytesIn=6380 bytesOut=6380 cache=miss decision=safe reason=model_allow source=engine probability=0.07566276 basis=None decodeMs=4.252 inferenceMs=132.787 localDecisionMs=668.837  requestToDeliveryMs=2524.490 upstreamHeadersMs=186.467 sanitizeMs=2334.776 downstreamWriteMs=0.955
09-08 00:42:31.743 26175 26541 I ChromePhotosDataPlane: origin=real hostClass=network hostHash=f58aed0f48e58f0c method=POST clientProtocol=http/1.1 upstreamProtocol=h2 status=204 contentType= bytesOut=0 transfer=fixed upstreamHeadersMs=181.617 downstreamWriteMs=6.141
09-08 00:42:31.904 26175 26884 I ChromePhotosDataPlane: phase=tls_ready correlationId=c39 hostClass=network hostHash=66f6975d8388801b clientProtocol=http/1.1 ca=688395d7a326111e
09-08 00:42:31.908 26175 26903 I ChromePhotosDataPlane: phase=tls_ready correlationId=c42 hostClass=network hostHash=f58aed0f48e58f0c clientProtocol=http/1.1 ca=688395d7a326111e
09-08 00:42:31.916 26175 26948 I ChromePhotosDataPlane: origin=real hostClass=network hostHash=f58aed0f48e58f0c method=POST clientProtocol=http/1.1 upstreamProtocol=h2 status=204 contentType= bytesOut=0 transfer=fixed upstreamHeadersMs=313.444 downstreamWriteMs=0.812
09-08 00:42:31.918 26175 27071 I ChromePhotosDataPlane: phase=tls_ready correlationId=c41 hostClass=network hostHash=191347bfe55d0ca9 clientProtocol=http/1.1 ca=688395d7a326111e
09-08 00:42:32.046 26175 27084 I ChromePhotosDataPlane: origin=real hostClass=network hostHash=d84a36a05e56cc9d method=GET clientProtocol=http/1.1 upstreamProtocol=h2 status=200 contentType=application/x-javascript bytesOut=155849 transfer=fixed upstreamHeadersMs=135.875 downstreamWriteMs=77.590
09-08 00:42:32.117 26175 27071 I ChromePhotosDataPlane: origin=real hostClass=network hostHash=191347bfe55d0ca9 method=POST clientProtocol=http/1.1 upstreamProtocol=h2 status=200 contentType=text/plain bytesOut=0 transfer=fixed upstreamHeadersMs=186.630 downstreamWriteMs=0.756
09-08 00:42:32.132 26175 27071 I ChromePhotosDataPlane: phase=worker_ready correlationId=c46 admissionWaitMs=2212.127
09-08 00:42:32.199 26175 26884 I ChromePhotosDataPlane: origin=real hostClass=network hostHash=66f6975d8388801b method=GET clientProtocol=http/1.1 upstreamProtocol=h2 status=403 contentType=application/xml bytesOut=263 transfer=chunked upstreamHeadersMs=288.689 downstreamWriteMs=1.360
09-08 00:42:32.206 26175 26884 I ChromePhotosDataPlane: phase=worker_ready correlationId=c47 admissionWaitMs=1544.808
09-08 00:42:32.210 26175 26990 I ChromePhotosDataPlane: origin=real hostClass=network hostHash=fdbc7f1491a89ee6 method=GET clientProtocol=http/1.1 upstreamProtocol=h2 status=200 contentType=image/webp bytesIn=26888 bytesOut=26888 cache=miss decision=safe reason=model_allow source=engine probability=0.01354295 basis=None decodeMs=19.595 inferenceMs=597.304 localDecisionMs=741.386  requestToDeliveryMs=2999.341 upstreamHeadersMs=214.620 sanitizeMs=2775.511 downstreamWriteMs=5.081
09-08 00:42:32.218 26175 27070 I ChromePhotosDataPlane: origin=real hostClass=network hostHash=f58aed0f48e58f0c method=GET clientProtocol=http/1.1 upstreamProtocol=h2 status=200 contentType=image/png bytesIn=769987 bytesOut=6303 cache=miss decision=unknown reason=image_format_unknown source=error probability=-1.0 basis=none decodeMs=0.000 inferenceMs=0.000 localDecisionMs=0.000  requestToDeliveryMs=2577.609 upstreamHeadersMs=761.642 sanitizeMs=1807.723 downstreamWriteMs=5.343
09-08 00:42:32.314 26175 27013 I ChromePhotosDataPlane: phase=tls_ready correlationId=c43 hostClass=network hostHash=abf8fbf760ef2a86 clientProtocol=http/1.1 ca=688395d7a326111e
09-08 00:42:32.679 26175 27013 I ChromePhotosDataPlane: origin=real hostClass=network hostHash=abf8fbf760ef2a86 method=GET clientProtocol=http/1.1 upstreamProtocol=h2 status=200 contentType=image/png bytesIn=0 bytesOut=6303 cache=miss decision=unknown reason=encoded_image_unsupported source=error probability=-1.0 basis=none decodeMs=0.000 inferenceMs=0.000 localDecisionMs=0.000  requestToDeliveryMs=362.148 upstreamHeadersMs=356.856 sanitizeMs=0.241 downstreamWriteMs=1.207
09-08 00:42:32.761 26175 27051 I ChromePhotosDataPlane: origin=real hostClass=network hostHash=fdbc7f1491a89ee6 method=GET clientProtocol=http/1.1 upstreamProtocol=h2 status=200 contentType=image/webp bytesIn=16300 bytesOut=16300 cache=miss decision=safe reason=model_allow source=engine probability=0.26753896 basis=None decodeMs=14.955 inferenceMs=537.710 localDecisionMs=1163.026  requestToDeliveryMs=2960.673 upstreamHeadersMs=197.803 sanitizeMs=2758.299 downstreamWriteMs=1.120
09-08 00:42:32.898 26175 26561 I ChromePhotosDataPlane: phase=tls_ready correlationId=c44 hostClass=network hostHash=07caf1d8d64e8f89 clientProtocol=http/1.1 ca=688395d7a326111e
09-08 00:42:33.323 26175 27049 I ChromePhotosDataPlane: origin=real hostClass=network hostHash=fdbc7f1491a89ee6 method=GET clientProtocol=http/1.1 upstreamProtocol=h2 status=200 contentType=image/webp bytesIn=25378 bytesOut=25378 cache=miss decision=safe reason=model_allow source=engine probability=0.09926775 basis=None decodeMs=15.489 inferenceMs=538.021 localDecisionMs=1089.251  requestToDeliveryMs=2972.951 upstreamHeadersMs=197.600 sanitizeMs=2763.447 downstreamWriteMs=4.492
09-08 00:42:33.575 26175 27102 I ChromePhotosDataPlane: phase=tls_ready correlationId=c45 hostClass=network hostHash=0cb87e7c434c3594 clientProtocol=http/1.1 ca=688395d7a326111e
09-08 00:42:33.583 26175 27071 I ChromePhotosDataPlane: phase=tls_ready correlationId=c46 hostClass=network hostHash=0cb87e7c434c3594 clientProtocol=http/1.1 ca=688395d7a326111e
09-08 00:42:33.870 26175 26884 I ChromePhotosDataPlane: phase=tls_ready correlationId=c47 hostClass=network hostHash=fa24434ded0218fe clientProtocol=http/1.1 ca=688395d7a326111e
09-08 00:42:33.876 26175 27048 I ChromePhotosDataPlane: origin=real hostClass=network hostHash=fdbc7f1491a89ee6 method=GET clientProtocol=http/1.1 upstreamProtocol=h2 status=200 contentType=image/webp bytesIn=16002 bytesOut=16002 cache=miss decision=safe reason=model_allow source=engine probability=0.06782976 basis=None decodeMs=24.798 inferenceMs=533.428 localDecisionMs=1103.844  requestToDeliveryMs=2912.747 upstreamHeadersMs=196.416 sanitizeMs=2709.001 downstreamWriteMs=2.121
09-08 00:42:34.044 26175 26884 I ChromePhotosDataPlane: origin=real hostClass=network hostHash=fa24434ded0218fe method=GET clientProtocol=http/1.1 upstreamProtocol=h2 status=200 contentType=text/javascript bytesOut=2737 transfer=fixed upstreamHeadersMs=168.788 downstreamWriteMs=1.599
09-08 00:42:34.188 26175 26884 I ChromePhotosDataPlane: origin=real hostClass=network hostHash=fa24434ded0218fe method=GET clientProtocol=http/1.1 upstreamProtocol=h2 status=200 contentType=text/javascript bytesOut=2755 transfer=fixed upstreamHeadersMs=77.685 downstreamWriteMs=2.324
09-08 00:42:34.319 26175 26884 I ChromePhotosDataPlane: origin=real hostClass=network hostHash=fa24434ded0218fe method=GET clientProtocol=http/1.1 upstreamProtocol=h2 status=200 contentType=text/javascript bytesOut=2745 transfer=fixed upstreamHeadersMs=68.897 downstreamWriteMs=4.917
09-08 00:42:34.431 26175 27047 I ChromePhotosDataPlane: origin=real hostClass=network hostHash=fdbc7f1491a89ee6 method=GET clientProtocol=http/1.1 upstreamProtocol=h2 status=200 contentType=image/webp bytesIn=17738 bytesOut=17738 cache=miss decision=safe reason=model_allow source=engine probability=0.094395995 basis=None decodeMs=14.350 inferenceMs=535.154 localDecisionMs=1083.875  requestToDeliveryMs=2926.647 upstreamHeadersMs=199.253 sanitizeMs=2713.626 downstreamWriteMs=2.296
09-08 00:42:34.443 26175 26884 I ChromePhotosDataPlane: origin=real hostClass=network hostHash=fa24434ded0218fe method=GET clientProtocol=http/1.1 upstreamProtocol=h2 status=200 contentType=text/javascript bytesOut=2743 transfer=fixed upstreamHeadersMs=67.638 downstreamWriteMs=2.867
09-08 00:42:34.477 26175 27102 I ChromePhotosDataPlane: origin=real hostClass=network hostHash=0cb87e7c434c3594 method=GET clientProtocol=http/1.1 upstreamProtocol=h2 status=200 contentType=application/xml bytesOut=86 transfer=fixed upstreamHeadersMs=894.628 downstreamWriteMs=3.966
09-08 00:42:34.564 26175 27043 I ChromePhotosDataPlane: origin=real hostClass=network hostHash=fdbc7f1491a89ee6 method=GET clientProtocol=http/1.1 upstreamProtocol=h2 status=200 contentType=image/png bytesIn=6621 bytesOut=6621 cache=miss decision=safe reason=model_allow source=engine probability=0.010038227 basis=None decodeMs=2.807 inferenceMs=133.055 localDecisionMs=679.770  requestToDeliveryMs=2922.825 upstreamHeadersMs=187.295 sanitizeMs=2706.772 downstreamWriteMs=1.755
09-08 00:42:34.698 26175 26990 I ChromePhotosDataPlane: origin=real hostClass=network hostHash=fdbc7f1491a89ee6 method=GET clientProtocol=http/1.1 upstreamProtocol=h2 status=200 contentType=image/png bytesIn=7462 bytesOut=7462 cache=miss decision=safe reason=model_allow source=engine probability=0.022609293 basis=None decodeMs=3.473 inferenceMs=131.606 localDecisionMs=265.110  requestToDeliveryMs=2434.668 upstreamHeadersMs=184.622 sanitizeMs=2243.485 downstreamWriteMs=1.438
09-08 00:42:34.835 26175 26561 I ChromePhotosDataPlane: origin=real hostClass=network hostHash=07caf1d8d64e8f89 method=GET clientProtocol=http/1.1 upstreamProtocol=h2 status=200 contentType=image/png bytesIn=43 bytesOut=6303 cache=miss decision=unknown reason=unsupported_gif source=error probability=-1.0 basis=none decodeMs=0.000 inferenceMs=0.000 localDecisionMs=0.000  requestToDeliveryMs=1935.784 upstreamHeadersMs=951.390 sanitizeMs=978.698 downstreamWriteMs=0.789
09-08 00:42:34.837 26175 27051 I ChromePhotosDataPlane: origin=real hostClass=network hostHash=fdbc7f1491a89ee6 method=GET clientProtocol=http/1.1 upstreamProtocol=h2 status=200 contentType=image/png bytesIn=25318 bytesOut=25318 cache=miss decision=safe reason=model_allow source=engine probability=0.02602917 basis=None decodeMs=3.942 inferenceMs=132.416 localDecisionMs=251.767  requestToDeliveryMs=2030.744 upstreamHeadersMs=195.894 sanitizeMs=1825.817 downstreamWriteMs=1.164
09-08 00:42:34.976 26175 27071 I ChromePhotosDataPlane: origin=real hostClass=network hostHash=0cb87e7c434c3594 method=GET clientProtocol=http/1.1 upstreamProtocol=h2 status=200 contentType=image/png bytesIn=42 bytesOut=6303 cache=miss decision=unknown reason=unsupported_gif source=error probability=-1.0 basis=none decodeMs=0.000 inferenceMs=0.000 localDecisionMs=0.000  requestToDeliveryMs=1390.834 upstreamHeadersMs=887.518 sanitizeMs=497.837 downstreamWriteMs=1.552
09-08 00:42:34.977 26175 27049 I ChromePhotosDataPlane: origin=real hostClass=network hostHash=fdbc7f1491a89ee6 method=GET clientProtocol=http/1.1 upstreamProtocol=h2 status=200 contentType=image/webp bytesIn=7354 bytesOut=7354 cache=miss decision=safe reason=model_allow source=engine probability=0.020469993 basis=None decodeMs=5.469 inferenceMs=132.163 localDecisionMs=261.013  requestToDeliveryMs=1598.893 upstreamHeadersMs=179.400 sanitizeMs=1409.194 downstreamWriteMs=1.818
09-08 00:42:35.111 26175 27048 I ChromePhotosDataPlane: origin=real hostClass=network hostHash=fdbc7f1491a89ee6 method=GET clientProtocol=http/1.1 upstreamProtocol=h2 status=200 contentType=image/webp bytesIn=12548 bytesOut=12548 cache=miss decision=safe reason=model_allow source=engine probability=0.0034264326 basis=None decodeMs=6.138 inferenceMs=133.828 localDecisionMs=267.681  requestToDeliveryMs=1175.686 upstreamHeadersMs=194.041 sanitizeMs=976.324 downstreamWriteMs=1.148
09-08 00:42:35.292 26175 27047 I ChromePhotosDataPlane: origin=real hostClass=network hostHash=fdbc7f1491a89ee6 method=GET clientProtocol=http/1.1 upstreamProtocol=h2 status=200 contentType=image/webp bytesIn=5412 bytesOut=5412 cache=miss decision=safe reason=model_allow source=engine probability=0.06589651 basis=None decodeMs=13.561 inferenceMs=164.910 localDecisionMs=301.259  requestToDeliveryMs=798.913 upstreamHeadersMs=179.494 sanitizeMs=612.100 downstreamWriteMs=1.287
09-08 00:42:35.845 26175 27043 I ChromePhotosDataPlane: origin=real hostClass=network hostHash=fdbc7f1491a89ee6 method=GET clientProtocol=http/1.1 upstreamProtocol=h2 status=200 contentType=image/webp bytesIn=24630 bytesOut=24630 cache=miss decision=safe reason=model_allow source=engine probability=0.24903974 basis=None decodeMs=15.659 inferenceMs=538.156 localDecisionMs=712.949  requestToDeliveryMs=1219.714 upstreamHeadersMs=228.856 sanitizeMs=984.704 downstreamWriteMs=2.025
09-08 00:42:36.412 26175 26990 I ChromePhotosDataPlane: origin=real hostClass=network hostHash=fdbc7f1491a89ee6 method=GET clientProtocol=http/1.1 upstreamProtocol=h2 status=200 contentType=image/webp bytesIn=38268 bytesOut=38268 cache=miss decision=safe reason=model_allow source=engine probability=0.10734418 basis=None decodeMs=18.571 inferenceMs=544.392 localDecisionMs=1084.776  requestToDeliveryMs=1663.008 upstreamHeadersMs=274.629 sanitizeMs=1378.391 downstreamWriteMs=2.397
09-08 00:42:36.965 26175 27051 I ChromePhotosDataPlane: origin=real hostClass=network hostHash=fdbc7f1491a89ee6 method=GET clientProtocol=http/1.1 upstreamProtocol=h2 status=200 contentType=image/webp bytesIn=22370 bytesOut=22370 cache=miss decision=safe reason=model_allow source=engine probability=0.24491698 basis=None decodeMs=15.992 inferenceMs=536.778 localDecisionMs=1092.813  requestToDeliveryMs=2082.376 upstreamHeadersMs=290.704 sanitizeMs=1784.894 downstreamWriteMs=2.148
09-08 00:42:37.530 26175 27049 I ChromePhotosDataPlane: origin=real hostClass=network hostHash=fdbc7f1491a89ee6 method=GET clientProtocol=http/1.1 upstreamProtocol=h2 status=200 contentType=image/webp bytesIn=31020 bytesOut=31020 cache=miss decision=safe reason=model_allow source=engine probability=0.12847963 basis=None decodeMs=18.310 inferenceMs=539.952 localDecisionMs=1083.314  requestToDeliveryMs=2498.775 upstreamHeadersMs=290.999 sanitizeMs=2193.637 downstreamWriteMs=7.164
09-08 00:42:37.668 26175 27048 I ChromePhotosDataPlane: origin=real hostClass=network hostHash=fdbc7f1491a89ee6 method=GET clientProtocol=http/1.1 upstreamProtocol=h2 status=200 contentType=image/webp bytesIn=20724 bytesOut=20724 cache=miss decision=safe reason=model_allow source=engine probability=0.03526777 basis=None decodeMs=6.994 inferenceMs=135.025 localDecisionMs=682.984  requestToDeliveryMs=2511.105 upstreamHeadersMs=333.084 sanitizeMs=2171.051 downstreamWriteMs=2.316
09-08 00:42:38.216 26175 27047 I ChromePhotosDataPlane: origin=real hostClass=network hostHash=fdbc7f1491a89ee6 method=GET clientProtocol=http/1.1 upstreamProtocol=h2 status=200 contentType=image/webp bytesIn=14462 bytesOut=14462 cache=miss decision=safe reason=model_allow source=engine probability=0.029973358 basis=None decodeMs=14.218 inferenceMs=535.632 localDecisionMs=673.519  requestToDeliveryMs=2872.907 upstreamHeadersMs=305.871 sanitizeMs=2560.571 downstreamWriteMs=1.170
09-08 00:42:38.351 26175 27043 I ChromePhotosDataPlane: origin=real hostClass=network hostHash=fdbc7f1491a89ee6 method=GET clientProtocol=http/1.1 upstreamProtocol=h2 status=200 contentType=image/webp bytesIn=4476 bytesOut=4476 cache=miss decision=safe reason=model_allow source=engine probability=0.0146947205 basis=None decodeMs=3.771 inferenceMs=132.565 localDecisionMs=679.494  requestToDeliveryMs=2445.240 upstreamHeadersMs=168.586 sanitizeMs=2268.954 downstreamWriteMs=0.923
09-08 00:42:38.489 26175 26990 I ChromePhotosDataPlane: origin=real hostClass=network hostHash=fdbc7f1491a89ee6 method=GET clientProtocol=http/1.1 upstreamProtocol=h2 status=200 contentType=image/webp bytesIn=4032 bytesOut=4032 cache=miss decision=safe reason=model_allow source=engine probability=0.045313567 basis=None decodeMs=5.082 inferenceMs=131.943 localDecisionMs=269.684  requestToDeliveryMs=2028.273 upstreamHeadersMs=192.728 sanitizeMs=1827.838 downstreamWriteMs=1.072
09-08 00:42:38.634 26175 27051 I ChromePhotosDataPlane: origin=real hostClass=network hostHash=fdbc7f1491a89ee6 method=GET clientProtocol=http/1.1 upstreamProtocol=h2 status=200 contentType=image/webp bytesIn=4082 bytesOut=4082 cache=miss decision=safe reason=model_allow source=engine probability=0.01923281 basis=None decodeMs=9.746 inferenceMs=134.936 localDecisionMs=278.721  requestToDeliveryMs=1619.571 upstreamHeadersMs=185.956 sanitizeMs=1428.707 downstreamWriteMs=0.736
09-08 00:42:38.785 26175 27049 I ChromePhotosDataPlane: origin=real hostClass=network hostHash=fdbc7f1491a89ee6 method=GET clientProtocol=http/1.1 upstreamProtocol=h2 status=200 contentType=image/webp bytesIn=5646 bytesOut=5646 cache=miss decision=safe reason=model_allow source=engine probability=0.013387382 basis=None decodeMs=6.207 inferenceMs=134.677 localDecisionMs=279.072  requestToDeliveryMs=1205.280 upstreamHeadersMs=167.756 sanitizeMs=1022.855 downstreamWriteMs=7.296
09-08 00:42:38.923 26175 27048 I ChromePhotosDataPlane: origin=real hostClass=network hostHash=fdbc7f1491a89ee6 method=GET clientProtocol=http/1.1 upstreamProtocol=h2 status=200 contentType=image/webp bytesIn=3862 bytesOut=3862 cache=miss decision=safe reason=model_allow source=engine probability=0.021878213 basis=None decodeMs=5.609 inferenceMs=133.856 localDecisionMs=279.329  requestToDeliveryMs=1203.823 upstreamHeadersMs=189.319 sanitizeMs=1001.783 downstreamWriteMs=4.261
09-08 00:42:39.056 26175 27047 I ChromePhotosDataPlane: origin=real hostClass=network hostHash=fdbc7f1491a89ee6 method=GET clientProtocol=http/1.1 upstreamProtocol=h2 status=200 contentType=image/webp bytesIn=1242 bytesOut=1242 cache=miss decision=safe reason=model_allow source=engine probability=0.011096597 basis=None decodeMs=3.683 inferenceMs=134.213 localDecisionMs=270.804  requestToDeliveryMs=791.423 upstreamHeadersMs=236.152 sanitizeMs=549.591 downstreamWriteMs=1.002
09-08 00:42:39.602 26175 27043 I ChromePhotosDataPlane: origin=real hostClass=network hostHash=fdbc7f1491a89ee6 method=GET clientProtocol=http/1.1 upstreamProtocol=h2 status=200 contentType=image/webp bytesIn=2038 bytesOut=2038 cache=miss decision=safe reason=model_allow source=engine probability=0.03242582 basis=None decodeMs=7.794 inferenceMs=536.285 localDecisionMs=677.099  requestToDeliveryMs=1202.586 upstreamHeadersMs=300.749 sanitizeMs=894.171 downstreamWriteMs=1.832
09-08 00:42:39.740 26175 27051 I ChromePhotosDataPlane: origin=real hostClass=network hostHash=fdbc7f1491a89ee6 method=GET clientProtocol=http/1.1 upstreamProtocol=h2 status=200 contentType=image/webp bytesIn=3140 bytesOut=3140 cache=miss decision=safe reason=model_allow source=engine probability=0.047480255 basis=None decodeMs=2.711 inferenceMs=134.358 localDecisionMs=678.311  requestToDeliveryMs=1060.088 upstreamHeadersMs=234.557 sanitizeMs=815.673 downstreamWriteMs=2.913
09-08 00:42:39.876 26175 26990 I ChromePhotosDataPlane: origin=real hostClass=network hostHash=fdbc7f1491a89ee6 method=GET clientProtocol=http/1.1 upstreamProtocol=h2 status=200 contentType=image/webp bytesIn=8426 bytesOut=8426 cache=miss decision=safe reason=model_allow source=engine probability=0.037530273 basis=None decodeMs=4.487 inferenceMs=134.980 localDecisionMs=259.806  requestToDeliveryMs=1341.915 upstreamHeadersMs=381.137 sanitizeMs=955.210 downstreamWriteMs=0.962
09-08 00:42:40.018 26175 27049 I ChromePhotosDataPlane: origin=real hostClass=network hostHash=fdbc7f1491a89ee6 method=GET clientProtocol=http/1.1 upstreamProtocol=h2 status=200 contentType=image/webp bytesIn=3980 bytesOut=3980 cache=miss decision=safe reason=model_allow source=engine probability=0.0044358373 basis=None decodeMs=3.888 inferenceMs=134.761 localDecisionMs=272.902  requestToDeliveryMs=1191.638 upstreamHeadersMs=285.711 sanitizeMs=895.958 downstreamWriteMs=1.463
09-08 00:42:40.156 26175 27048 I ChromePhotosDataPlane: origin=real hostClass=network hostHash=fdbc7f1491a89ee6 method=GET clientProtocol=http/1.1 upstreamProtocol=h2 status=200 contentType=image/webp bytesIn=10332 bytesOut=10332 cache=miss decision=safe reason=model_allow source=engine probability=0.19095385 basis=None decodeMs=4.261 inferenceMs=134.882 localDecisionMs=272.896  requestToDeliveryMs=1181.338 upstreamHeadersMs=344.074 sanitizeMs=830.432 downstreamWriteMs=0.930
09-08 00:42:40.304 26175 27047 I ChromePhotosDataPlane: origin=real hostClass=network hostHash=fdbc7f1491a89ee6 method=GET clientProtocol=http/1.1 upstreamProtocol=h2 status=200 contentType=image/webp bytesIn=8446 bytesOut=8446 cache=miss decision=safe reason=model_allow source=engine probability=0.041372657 basis=None decodeMs=4.339 inferenceMs=138.535 localDecisionMs=273.522  requestToDeliveryMs=1189.592 upstreamHeadersMs=373.974 sanitizeMs=804.876 downstreamWriteMs=1.491
09-08 00:42:40.493 26175 27043 I ChromePhotosDataPlane: origin=real hostClass=network hostHash=fdbc7f1491a89ee6 method=GET clientProtocol=http/1.1 upstreamProtocol=h2 status=200 contentType=image/webp bytesIn=6940 bytesOut=6940 cache=miss decision=safe reason=model_allow source=engine probability=0.008428872 basis=None decodeMs=4.740 inferenceMs=189.938 localDecisionMs=332.886  requestToDeliveryMs=841.908 upstreamHeadersMs=283.003 sanitizeMs=554.260 downstreamWriteMs=0.900
09-08 00:42:40.646 26175 27051 I ChromePhotosDataPlane: origin=real hostClass=network hostHash=fdbc7f1491a89ee6 method=GET clientProtocol=http/1.1 upstreamProtocol=h2 status=200 contentType=image/webp bytesIn=8122 bytesOut=8122 cache=miss decision=safe reason=model_allow source=engine probability=0.004171163 basis=None decodeMs=6.485 inferenceMs=142.721 localDecisionMs=339.636  requestToDeliveryMs=851.827 upstreamHeadersMs=344.139 sanitizeMs=499.871 downstreamWriteMs=1.623
09-08 00:42:41.208 26175 26990 I ChromePhotosDataPlane: origin=real hostClass=network hostHash=fdbc7f1491a89ee6 method=GET clientProtocol=http/1.1 upstreamProtocol=h2 status=200 contentType=image/webp bytesIn=2172 bytesOut=2172 cache=miss decision=safe reason=model_allow source=engine probability=0.04207182 basis=None decodeMs=8.133 inferenceMs=552.082 localDecisionMs=708.794  requestToDeliveryMs=1278.034 upstreamHeadersMs=212.264 sanitizeMs=1058.602 downstreamWriteMs=1.786
09-08 00:42:41.353 26175 27049 I ChromePhotosDataPlane: origin=real hostClass=network hostHash=fdbc7f1491a89ee6 method=GET clientProtocol=http/1.1 upstreamProtocol=h2 status=200 contentType=image/webp bytesIn=14270 bytesOut=14270 cache=miss decision=safe reason=model_allow source=engine probability=0.010012716 basis=None decodeMs=5.659 inferenceMs=138.071 localDecisionMs=689.507  requestToDeliveryMs=1289.308 upstreamHeadersMs=287.226 sanitizeMs=993.628 downstreamWriteMs=4.788
09-08 00:42:41.492 26175 26993 I ChromePhotosDataPlane: origin=real hostClass=network hostHash=a552b937eecf21c7 method=GET clientProtocol=http/1.1 upstreamProtocol=h2 status=200 contentType=image/png bytesIn=0 bytesOut=6303 cache=miss decision=unknown reason=encoded_image_unsupported source=error probability=-1.0 basis=none decodeMs=0.000 inferenceMs=0.000 localDecisionMs=0.000  requestToDeliveryMs=221.169 upstreamHeadersMs=216.913 sanitizeMs=0.169 downstreamWriteMs=1.207
09-08 00:42:41.493 26175 27048 I ChromePhotosDataPlane: origin=real hostClass=network hostHash=fdbc7f1491a89ee6 method=GET clientProtocol=http/1.1 upstreamProtocol=h2 status=200 contentType=image/webp bytesIn=13682 bytesOut=13682 cache=miss decision=safe reason=model_allow source=engine probability=0.021669686 basis=None decodeMs=5.082 inferenceMs=137.071 localDecisionMs=269.369  requestToDeliveryMs=1287.914 upstreamHeadersMs=343.760 sanitizeMs=939.261 downstreamWriteMs=0.931
09-08 00:42:41.723 26175 26942 I ChromePhotosDataPlane: phase=worker_ready correlationId=c48 admissionWaitMs=11045.599
09-08 00:42:41.768 26175 26942 W ChromePhotosDataPlane: phase=tls_failed side=client stage=handshake correlationId=c48 hostClass=network hostHash=191347bfe55d0ca9 authorityHash=e7ee83636d1c00e3 sniHash=not_observed error=SSLHandshakeException rootCause=EOFException causeChain=v4>SSLHandshakeException>EOFException
09-08 00:42:41.768 26175 26942 I ChromePhotosDataPlane: phase=worker_ready correlationId=c49 admissionWaitMs=11032.184
09-08 00:42:42.051 26175 27047 I ChromePhotosDataPlane: origin=real hostClass=network hostHash=fdbc7f1491a89ee6 method=GET clientProtocol=http/1.1 upstreamProtocol=h2 status=200 contentType=image/webp bytesIn=1588 bytesOut=1588 cache=miss decision=safe reason=model_allow source=engine probability=0.0381563 basis=None decodeMs=8.016 inferenceMs=550.060 localDecisionMs=696.739  requestToDeliveryMs=1687.884 upstreamHeadersMs=390.797 sanitizeMs=1291.287 downstreamWriteMs=1.255
09-08 00:42:42.063 26175 26942 W ChromePhotosDataPlane: phase=tls_failed side=client stage=handshake correlationId=c49 hostClass=network hostHash=ef6a1cd63150fbbc authorityHash=ee941ac7598b9a57 sniHash=not_observed error=SSLHandshakeException rootCause=EOFException causeChain=v4>SSLHandshakeException>EOFException
09-08 00:42:42.063 26175 26942 I ChromePhotosDataPlane: phase=worker_ready correlationId=c50 admissionWaitMs=11042.320
09-08 00:42:42.069 26175 26942 W ChromePhotosDataPlane: phase=tls_failed side=client stage=handshake correlationId=c50 hostClass=network hostHash=191347bfe55d0ca9 authorityHash=e7ee83636d1c00e3 sniHash=not_observed error=SSLHandshakeException rootCause=EOFException causeChain=v4>SSLHandshakeException>EOFException
09-08 00:42:42.069 26175 26942 I ChromePhotosDataPlane: phase=worker_ready correlationId=c51 admissionWaitMs=11042.242
09-08 00:42:42.075 26175 26942 W ChromePhotosDataPlane: phase=tls_failed side=client stage=handshake correlationId=c51 hostClass=network hostHash=191347bfe55d0ca9 authorityHash=e7ee83636d1c00e3 sniHash=not_observed error=SSLHandshakeException rootCause=EOFException causeChain=v4>SSLHandshakeException>EOFException
09-08 00:42:42.075 26175 26942 I ChromePhotosDataPlane: phase=worker_ready correlationId=c52 admissionWaitMs=10771.394
09-08 00:42:42.087 26175 26942 W ChromePhotosDataPlane: phase=tls_failed side=client stage=handshake correlationId=c52 hostClass=network hostHash=fa24434ded0218fe authorityHash=47d0a210f427e406 sniHash=not_observed error=SSLHandshakeException rootCause=EOFException causeChain=v4>SSLHandshakeException>EOFException
09-08 00:42:42.087 26175 26942 I ChromePhotosDataPlane: phase=worker_ready correlationId=c53 admissionWaitMs=10780.541
09-08 00:42:42.093 26175 26942 W ChromePhotosDataPlane: phase=tls_failed side=client stage=handshake correlationId=c53 hostClass=network hostHash=191347bfe55d0ca9 authorityHash=e7ee83636d1c00e3 sniHash=not_observed error=SSLHandshakeException rootCause=EOFException causeChain=v4>SSLHandshakeException>EOFException
09-08 00:42:42.093 26175 26942 I ChromePhotosDataPlane: phase=worker_ready correlationId=c54 admissionWaitMs=10765.156
09-08 00:42:42.098 26175 26942 W ChromePhotosDataPlane: phase=tls_failed side=client stage=handshake correlationId=c54 hostClass=network hostHash=191347bfe55d0ca9 authorityHash=e7ee83636d1c00e3 sniHash=not_observed error=SSLHandshakeException rootCause=EOFException causeChain=v4>SSLHandshakeException>EOFException
09-08 00:42:42.098 26175 26942 I ChromePhotosDataPlane: phase=worker_ready correlationId=c55 admissionWaitMs=10616.009
09-08 00:42:42.105 26175 26942 W ChromePhotosDataPlane: phase=tls_failed side=client stage=handshake correlationId=c55 hostClass=network hostHash=fa24434ded0218fe authorityHash=47d0a210f427e406 sniHash=not_observed error=SSLHandshakeException rootCause=EOFException causeChain=v4>SSLHandshakeException>EOFException
09-08 00:42:42.105 26175 26942 I ChromePhotosDataPlane: phase=worker_ready correlationId=c56 admissionWaitMs=10560.487
09-08 00:42:42.192 26175 27043 I ChromePhotosDataPlane: origin=real hostClass=network hostHash=fdbc7f1491a89ee6 method=GET clientProtocol=http/1.1 upstreamProtocol=h2 status=200 contentType=image/webp bytesIn=3330 bytesOut=3330 cache=miss decision=safe reason=model_allow source=engine probability=0.024564207 basis=None decodeMs=4.011 inferenceMs=136.659 localDecisionMs=695.935  requestToDeliveryMs=1649.818 upstreamHeadersMs=213.969 sanitizeMs=1432.329 downstreamWriteMs=1.033
09-08 00:42:42.342 26175 27051 I ChromePhotosDataPlane: origin=real hostClass=network hostHash=fdbc7f1491a89ee6 method=GET clientProtocol=http/1.1 upstreamProtocol=h2 status=200 contentType=image/png bytesIn=8334 bytesOut=6303 cache=miss decision=block reason=model_filter source=engine probability=0.6941216 basis=FullThreshold decodeMs=4.516 inferenceMs=144.474 localDecisionMs=284.495  requestToDeliveryMs=1629.549 upstreamHeadersMs=238.648 sanitizeMs=1376.327 downstreamWriteMs=1.788
09-08 00:42:42.365 26175 27070 I ChromePhotosDataPlane: origin=real hostClass=network hostHash=f58aed0f48e58f0c method=POST clientProtocol=http/1.1 upstreamProtocol=h2 status=204 contentType= bytesOut=0 transfer=fixed upstreamHeadersMs=706.084 downstreamWriteMs=0.888
09-08 00:42:42.528 26175 26990 I ChromePhotosDataPlane: origin=real hostClass=network hostHash=fdbc7f1491a89ee6 method=GET clientProtocol=http/1.1 upstreamProtocol=h2 status=200 contentType=image/webp bytesIn=14884 bytesOut=14884 cache=miss decision=safe reason=model_allow source=engine probability=0.009524494 basis=None decodeMs=5.544 inferenceMs=181.253 localDecisionMs=327.241  requestToDeliveryMs=1273.618 upstreamHeadersMs=201.725 sanitizeMs=1067.569 downstreamWriteMs=1.008
09-08 00:42:42.554 26175 27013 I ChromePhotosDataPlane: origin=real hostClass=network hostHash=abf8fbf760ef2a86 method=GET clientProtocol=http/1.1 upstreamProtocol=h2 status=200 contentType=image/png bytesIn=0 bytesOut=6303 cache=miss decision=unknown reason=encoded_image_unsupported source=error probability=-1.0 basis=none decodeMs=0.000 inferenceMs=0.000 localDecisionMs=0.000  requestToDeliveryMs=234.647 upstreamHeadersMs=228.456 sanitizeMs=0.208 downstreamWriteMs=1.283
09-08 00:42:42.591 26175 26942 W ChromePhotosDataPlane: phase=tls_failed side=client stage=handshake correlationId=c56 hostClass=network hostHash=505bd18b6650e44b authorityHash=5bd36264183cdbe9 sniHash=not_observed error=SSLHandshakeException rootCause=EOFException causeChain=v4>SSLHandshakeException>EOFException
09-08 00:42:42.591 26175 26942 I ChromePhotosDataPlane: phase=worker_ready correlationId=c57 admissionWaitMs=10979.291
09-08 00:42:42.672 26175 27049 I ChromePhotosDataPlane: origin=real hostClass=network hostHash=fdbc7f1491a89ee6 method=GET clientProtocol=http/1.1 upstreamProtocol=h2 status=200 contentType=image/webp bytesIn=8562 bytesOut=8562 cache=miss decision=safe reason=model_allow source=engine probability=0.023967534 basis=None decodeMs=3.980 inferenceMs=136.443 localDecisionMs=324.230  requestToDeliveryMs=1270.869 upstreamHeadersMs=242.994 sanitizeMs=1020.723 downstreamWriteMs=1.838
09-08 00:42:42.811 26175 27048 I ChromePhotosDataPlane: origin=real hostClass=network hostHash=fdbc7f1491a89ee6 method=GET clientProtocol=http/1.1 upstreamProtocol=h2 status=200 contentType=image/webp bytesIn=8642 bytesOut=8642 cache=miss decision=safe reason=model_allow source=engine probability=0.039247274 basis=None decodeMs=3.919 inferenceMs=133.358 localDecisionMs=274.048  requestToDeliveryMs=1268.998 upstreamHeadersMs=265.124 sanitizeMs=990.875 downstreamWriteMs=1.659
09-08 00:42:42.861 26175 26942 W ChromePhotosDataPlane: phase=tls_failed side=client stage=handshake correlationId=c57 hostClass=network hostHash=7ffe8698ca81d914 authorityHash=6f0aab4b3b9c7c91 sniHash=not_observed error=SSLHandshakeException rootCause=EOFException causeChain=v4>SSLHandshakeException>EOFException
09-08 00:42:42.861 26175 26942 I ChromePhotosDataPlane: phase=worker_ready correlationId=c58 admissionWaitMs=11197.515
09-08 00:42:42.867 26175 26942 W ChromePhotosDataPlane: phase=tls_failed side=client stage=handshake correlationId=c58 hostClass=network hostHash=fa24434ded0218fe authorityHash=47d0a210f427e406 sniHash=not_observed error=SSLHandshakeException rootCause=EOFException causeChain=v4>SSLHandshakeException>EOFException
09-08 00:42:42.867 26175 26942 I ChromePhotosDataPlane: phase=worker_ready correlationId=c59 admissionWaitMs=10923.523
09-08 00:42:42.953 26175 27047 I ChromePhotosDataPlane: origin=real hostClass=network hostHash=fdbc7f1491a89ee6 method=GET clientProtocol=http/1.1 upstreamProtocol=h2 status=200 contentType=image/webp bytesIn=17956 bytesOut=17956 cache=miss decision=safe reason=model_allow source=engine probability=0.1295146 basis=None decodeMs=6.183 inferenceMs=131.081 localDecisionMs=255.932  requestToDeliveryMs=857.306 upstreamHeadersMs=179.135 sanitizeMs=667.519 downstreamWriteMs=6.207
09-08 00:42:43.081 26175 27043 I ChromePhotosDataPlane: origin=real hostClass=network hostHash=fdbc7f1491a89ee6 method=GET clientProtocol=http/1.1 upstreamProtocol=h2 status=200 contentType=image/webp bytesIn=7652 bytesOut=7652 cache=miss decision=safe reason=model_allow source=engine probability=0.01052323 basis=None decodeMs=3.753 inferenceMs=131.405 localDecisionMs=270.667  requestToDeliveryMs=837.176 upstreamHeadersMs=177.974 sanitizeMs=653.195 downstreamWriteMs=1.204
09-08 00:42:43.219 26175 27051 I ChromePhotosDataPlane: origin=real hostClass=network hostHash=fdbc7f1491a89ee6 method=GET clientProtocol=http/1.1 upstreamProtocol=h2 status=200 contentType=image/webp bytesIn=10418 bytesOut=10418 cache=miss decision=safe reason=model_allow source=engine probability=0.068992525 basis=None decodeMs=4.142 inferenceMs=130.575 localDecisionMs=254.166  requestToDeliveryMs=822.702 upstreamHeadersMs=196.819 sanitizeMs=618.142 downstreamWriteMs=1.573
09-08 00:42:43.297 26175 26942 W ChromePhotosDataPlane: phase=tls_failed side=client stage=handshake correlationId=c59 hostClass=network hostHash=d8ecf352ffa86f18 authorityHash=65c6881c2ec4d8f7 sniHash=not_observed error=SSLHandshakeException rootCause=EOFException causeChain=v4>SSLHandshakeException>EOFException
09-08 00:42:43.298 26175 26942 I ChromePhotosDataPlane: phase=worker_ready correlationId=c60 admissionWaitMs=11348.228
09-08 00:42:43.355 26175 26990 I ChromePhotosDataPlane: origin=real hostClass=network hostHash=fdbc7f1491a89ee6 method=GET clientProtocol=http/1.1 upstreamProtocol=h2 status=200 contentType=image/webp bytesIn=13128 bytesOut=13128 cache=miss decision=safe reason=model_allow source=engine probability=0.15108785 basis=None decodeMs=5.121 inferenceMs=131.826 localDecisionMs=256.650  requestToDeliveryMs=776.910 upstreamHeadersMs=181.805 sanitizeMs=587.098 downstreamWriteMs=1.859
09-08 00:42:43.494 26175 27049 I ChromePhotosDataPlane: origin=real hostClass=network hostHash=fdbc7f1491a89ee6 method=GET clientProtocol=http/1.1 upstreamProtocol=h2 status=200 contentType=image/webp bytesIn=9462 bytesOut=9462 cache=miss decision=safe reason=model_allow source=engine probability=0.028835893 basis=None decodeMs=4.015 inferenceMs=129.280 localDecisionMs=260.476  requestToDeliveryMs=776.439 upstreamHeadersMs=207.736 sanitizeMs=556.682 downstreamWriteMs=1.697
09-08 00:42:43.524 26175 26942 W ChromePhotosDataPlane: phase=tls_failed side=client stage=handshake correlationId=c60 hostClass=network hostHash=e2ccecf673591338 authorityHash=486242cbd4fb48d4 sniHash=not_observed error=SSLHandshakeException rootCause=EOFException causeChain=v4>SSLHandshakeException>EOFException
09-08 00:42:43.525 26175 26942 I ChromePhotosDataPlane: phase=worker_ready correlationId=c61 admissionWaitMs=11533.037
09-08 00:42:43.624 26175 27048 I ChromePhotosDataPlane: origin=real hostClass=network hostHash=fdbc7f1491a89ee6 method=GET clientProtocol=http/1.1 upstreamProtocol=h2 status=200 contentType=image/webp bytesIn=8932 bytesOut=8932 cache=miss decision=safe reason=model_allow source=engine probability=0.17002895 basis=None decodeMs=3.859 inferenceMs=132.711 localDecisionMs=263.680  requestToDeliveryMs=762.429 upstreamHeadersMs=226.190 sanitizeMs=530.868 downstreamWriteMs=0.897
09-08 00:42:43.760 26175 27047 I ChromePhotosDataPlane: origin=real hostClass=network hostHash=fdbc7f1491a89ee6 method=GET clientProtocol=http/1.1 upstreamProtocol=h2 status=200 contentType=image/webp bytesIn=13942 bytesOut=13942 cache=miss decision=safe reason=model_allow source=engine probability=0.0045351386 basis=None decodeMs=4.891 inferenceMs=128.239 localDecisionMs=249.384  requestToDeliveryMs=759.700 upstreamHeadersMs=248.603 sanitizeMs=502.646 downstreamWriteMs=3.823
09-08 00:42:43.840 26175 26942 W ChromePhotosDataPlane: phase=tls_failed side=client stage=handshake correlationId=c61 hostClass=network hostHash=935e0b482f6ac80a authorityHash=74e9ceeb583dab3e sniHash=not_observed error=SSLHandshakeException rootCause=EOFException causeChain=v4>SSLHandshakeException>EOFException
09-08 00:42:43.840 26175 26942 I ChromePhotosDataPlane: phase=worker_ready correlationId=c62 admissionWaitMs=11709.836
09-08 00:42:43.855 26175 26942 W ChromePhotosDataPlane: phase=tls_failed side=client stage=handshake correlationId=c62 hostClass=network hostHash=191347bfe55d0ca9 authorityHash=e7ee83636d1c00e3 sniHash=not_observed error=SSLHandshakeException rootCause=EOFException causeChain=v4>SSLHandshakeException>EOFException
09-08 00:42:43.856 26175 26942 I ChromePhotosDataPlane: phase=worker_ready correlationId=c63 admissionWaitMs=3177.639
09-08 00:42:43.874 26175 26942 I ChromePhotosDataPlane: phase=tls_ready correlationId=c63 hostClass=network hostHash=191347bfe55d0ca9 clientProtocol=http/1.1 ca=688395d7a326111e
09-08 00:42:44.050 26175 26942 I ChromePhotosDataPlane: origin=real hostClass=network hostHash=191347bfe55d0ca9 method=POST clientProtocol=http/1.1 upstreamProtocol=h2 status=200 contentType=text/html bytesOut=0 transfer=fixed upstreamHeadersMs=172.409 downstreamWriteMs=0.552
09-08 00:42:44.059 26175 26942 I ChromePhotosDataPlane: phase=worker_ready correlationId=c64 admissionWaitMs=3032.956
09-08 00:42:44.081 26175 26942 I ChromePhotosDataPlane: phase=tls_ready correlationId=c64 hostClass=network hostHash=191347bfe55d0ca9 clientProtocol=http/1.1 ca=688395d7a326111e
09-08 00:42:44.139 26175 26942 I ChromePhotosDataPlane: origin=real hostClass=network hostHash=191347bfe55d0ca9 method=POST clientProtocol=http/1.1 upstreamProtocol=h2 status=200 contentType=text/plain bytesOut=0 transfer=fixed upstreamHeadersMs=51.929 downstreamWriteMs=2.403
09-08 00:42:44.143 26175 26942 I ChromePhotosDataPlane: phase=worker_ready correlationId=c65 admissionWaitMs=3106.995
09-08 00:42:44.159 26175 26942 I ChromePhotosDataPlane: phase=tls_ready correlationId=c65 hostClass=network hostHash=191347bfe55d0ca9 clientProtocol=http/1.1 ca=688395d7a326111e
09-08 00:42:44.234 26175 26942 I ChromePhotosDataPlane: origin=real hostClass=network hostHash=191347bfe55d0ca9 method=POST clientProtocol=http/1.1 upstreamProtocol=h2 status=200 contentType=text/html bytesOut=0 transfer=fixed upstreamHeadersMs=67.412 downstreamWriteMs=1.690
09-08 00:42:44.237 26175 26942 I ChromePhotosDataPlane: phase=worker_ready correlationId=c66 admissionWaitMs=3083.201
09-08 00:42:44.293 26175 27043 I ChromePhotosDataPlane: origin=real hostClass=network hostHash=fdbc7f1491a89ee6 method=GET clientProtocol=http/1.1 upstreamProtocol=h2 status=200 contentType=image/webp bytesIn=2542 bytesOut=2542 cache=miss decision=safe reason=model_allow source=engine probability=0.06777713 basis=None decodeMs=7.372 inferenceMs=523.581 localDecisionMs=663.200  requestToDeliveryMs=1158.686 upstreamHeadersMs=260.260 sanitizeMs=888.997 downstreamWriteMs=2.822
09-08 00:42:44.436 26175 27051 I ChromePhotosDataPlane: origin=real hostClass=network hostHash=fdbc7f1491a89ee6 method=GET clientProtocol=http/1.1 upstreamProtocol=h2 status=200 contentType=image/webp bytesIn=4080 bytesOut=4080 cache=miss decision=safe reason=model_allow source=engine probability=0.011391073 basis=None decodeMs=4.491 inferenceMs=130.524 localDecisionMs=664.816  requestToDeliveryMs=1172.679 upstreamHeadersMs=300.370 sanitizeMs=857.287 downstreamWriteMs=3.987
09-08 00:42:44.566 26175 26990 I ChromePhotosDataPlane: origin=real hostClass=network hostHash=fdbc7f1491a89ee6 method=GET clientProtocol=http/1.1 upstreamProtocol=h2 status=200 contentType=image/webp bytesIn=11582 bytesOut=11582 cache=miss decision=safe reason=model_allow source=engine probability=0.004140049 basis=None decodeMs=4.911 inferenceMs=130.330 localDecisionMs=260.299  requestToDeliveryMs=1167.690 upstreamHeadersMs=337.084 sanitizeMs=822.902 downstreamWriteMs=2.519
09-08 00:42:44.697 26175 27049 I ChromePhotosDataPlane: origin=real hostClass=network hostHash=fdbc7f1491a89ee6 method=GET clientProtocol=http/1.1 upstreamProtocol=h2 status=200 contentType=image/webp bytesIn=4174 bytesOut=4174 cache=miss decision=safe reason=model_allow source=engine probability=0.0042713583 basis=None decodeMs=3.819 inferenceMs=128.416 localDecisionMs=260.555  requestToDeliveryMs=1158.901 upstreamHeadersMs=202.551 sanitizeMs=949.201 downstreamWriteMs=3.581
09-08 00:42:44.830 26175 27048 I ChromePhotosDataPlane: origin=real hostClass=network hostHash=fdbc7f1491a89ee6 method=GET clientProtocol=http/1.1 upstreamProtocol=h2 status=200 contentType=image/webp bytesIn=5498 bytesOut=5498 cache=miss decision=safe reason=model_allow source=engine probability=0.0055903792 basis=None decodeMs=3.954 inferenceMs=130.425 localDecisionMs=256.708  requestToDeliveryMs=1135.603 upstreamHeadersMs=191.505 sanitizeMs=938.463 downstreamWriteMs=1.322
09-08 00:42:44.862 26175 26942 I ChromePhotosDataPlane: phase=tls_ready correlationId=c66 hostClass=network hostHash=acb222ec7473b00e clientProtocol=http/1.1 ca=688395d7a326111e
09-08 00:42:44.968 26175 27047 I ChromePhotosDataPlane: origin=real hostClass=network hostHash=fdbc7f1491a89ee6 method=GET clientProtocol=http/1.1 upstreamProtocol=h2 status=200 contentType=image/webp bytesIn=13510 bytesOut=13510 cache=miss decision=safe reason=model_allow source=engine probability=0.016775787 basis=None decodeMs=4.768 inferenceMs=131.439 localDecisionMs=262.813  requestToDeliveryMs=1150.216 upstreamHeadersMs=241.907 sanitizeMs=901.788 downstreamWriteMs=1.831
09-08 00:42:45.055 26175 26942 I ChromePhotosDataPlane: phase=media_shield_document origin=real hostClass=network hostHash=acb222ec7473b00e result=transformed documentSequence=2 navigationSequence=1 token=e4d9ead13dc4 bytesOut=110646 upstreamHeadersMs=153.387 documentDecisionMs=35.559 downstreamWriteMs=1.232
09-08 00:42:45.112 26175 27043 I ChromePhotosDataPlane: origin=real hostClass=network hostHash=fdbc7f1491a89ee6 method=GET clientProtocol=http/1.1 upstreamProtocol=h2 status=200 contentType=image/webp bytesIn=8904 bytesOut=8904 cache=miss decision=safe reason=model_allow source=engine probability=0.024157077 basis=None decodeMs=4.310 inferenceMs=134.964 localDecisionMs=266.362  requestToDeliveryMs=776.144 upstreamHeadersMs=173.413 sanitizeMs=591.795 downstreamWriteMs=3.342
09-08 00:42:45.247 26175 27051 I ChromePhotosDataPlane: origin=real hostClass=network hostHash=fdbc7f1491a89ee6 method=GET clientProtocol=http/1.1 upstreamProtocol=h2 status=200 contentType=image/webp bytesIn=9276 bytesOut=9276 cache=miss decision=safe reason=model_allow source=engine probability=0.021775156 basis=None decodeMs=6.227 inferenceMs=133.395 localDecisionMs=268.291  requestToDeliveryMs=758.954 upstreamHeadersMs=176.068 sanitizeMs=575.185 downstreamWriteMs=1.578
09-08 00:42:45.390 26175 26990 I ChromePhotosDataPlane: origin=real hostClass=network hostHash=fdbc7f1491a89ee6 method=GET clientProtocol=http/1.1 upstreamProtocol=h2 status=200 contentType=image/webp bytesIn=6094 bytesOut=6094 cache=miss decision=safe reason=model_allow source=engine probability=0.016579151 basis=None decodeMs=5.658 inferenceMs=136.960 localDecisionMs=271.292  requestToDeliveryMs=771.337 upstreamHeadersMs=202.743 sanitizeMs=562.447 downstreamWriteMs=1.389
09-08 00:42:45.526 26175 26991 I ChromePhotosDataPlane: phase=worker_ready correlationId=c67 admissionWaitMs=4217.196
09-08 00:42:45.529 26175 27049 I ChromePhotosDataPlane: origin=real hostClass=network hostHash=fdbc7f1491a89ee6 method=GET clientProtocol=http/1.1 upstreamProtocol=h2 status=200 contentType=image/webp bytesIn=4186 bytesOut=4186 cache=miss decision=safe reason=model_allow source=engine probability=0.028872639 basis=None decodeMs=5.265 inferenceMs=132.225 localDecisionMs=273.208  requestToDeliveryMs=792.732 upstreamHeadersMs=241.358 sanitizeMs=544.697 downstreamWriteMs=2.269
09-08 00:42:45.666 26175 27048 I ChromePhotosDataPlane: origin=real hostClass=network hostHash=fdbc7f1491a89ee6 method=GET clientProtocol=http/1.1 upstreamProtocol=h2 status=200 contentType=image/webp bytesIn=4952 bytesOut=4952 cache=miss decision=safe reason=model_allow source=engine probability=0.028983265 basis=None decodeMs=5.573 inferenceMs=133.731 localDecisionMs=269.204  requestToDeliveryMs=793.895 upstreamHeadersMs=269.661 sanitizeMs=520.669 downstreamWriteMs=0.871
09-08 00:42:45.808 26175 27047 I ChromePhotosDataPlane: origin=real hostClass=network hostHash=fdbc7f1491a89ee6 method=GET clientProtocol=http/1.1 upstreamProtocol=h2 status=200 contentType=image/webp bytesIn=4388 bytesOut=4388 cache=miss decision=safe reason=model_allow source=engine probability=0.007515937 basis=None decodeMs=5.195 inferenceMs=132.362 localDecisionMs=271.681  requestToDeliveryMs=795.363 upstreamHeadersMs=287.403 sanitizeMs=501.395 downstreamWriteMs=1.769
09-08 00:42:45.911 26175 26991 I ChromePhotosDataPlane: phase=tls_ready correlationId=c67 hostClass=network hostHash=a0dacf98ccba13cb clientProtocol=http/1.1 ca=688395d7a326111e
09-08 00:42:45.945 26175 27043 I ChromePhotosDataPlane: origin=real hostClass=network hostHash=fdbc7f1491a89ee6 method=GET clientProtocol=http/1.1 upstreamProtocol=h2 status=200 contentType=image/webp bytesIn=7270 bytesOut=7270 cache=miss decision=safe reason=model_allow source=engine probability=0.02072692 basis=None decodeMs=6.072 inferenceMs=131.195 localDecisionMs=266.403  requestToDeliveryMs=787.676 upstreamHeadersMs=306.554 sanitizeMs=473.335 downstreamWriteMs=1.689
09-08 00:42:46.080 26175 27051 I ChromePhotosDataPlane: origin=real hostClass=network hostHash=fdbc7f1491a89ee6 method=GET clientProtocol=http/1.1 upstreamProtocol=h2 status=200 contentType=image/webp bytesIn=3832 bytesOut=3832 cache=miss decision=safe reason=model_allow source=engine probability=0.022616684 basis=None decodeMs=3.869 inferenceMs=133.816 localDecisionMs=273.654  requestToDeliveryMs=792.121 upstreamHeadersMs=186.242 sanitizeMs=602.697 downstreamWriteMs=1.540
09-08 00:42:46.141 26175 26991 I ChromePhotosDataPlane: phase=media_shield_document origin=real hostClass=network hostHash=a0dacf98ccba13cb result=transformed documentSequence=3 navigationSequence=1 token=e876a491199d bytesOut=117996 upstreamHeadersMs=151.997 documentDecisionMs=72.335 downstreamWriteMs=1.212
09-08 00:42:46.229 26175 26990 I ChromePhotosDataPlane: origin=real hostClass=network hostHash=fdbc7f1491a89ee6 method=GET clientProtocol=http/1.1 upstreamProtocol=h2 status=200 contentType=image/webp bytesIn=3766 bytesOut=3766 cache=miss decision=safe reason=model_allow source=engine probability=0.021158576 basis=None decodeMs=4.962 inferenceMs=136.663 localDecisionMs=274.071  requestToDeliveryMs=797.964 upstreamHeadersMs=190.964 sanitizeMs=597.272 downstreamWriteMs=2.285
09-08 00:42:46.368 26175 27049 I ChromePhotosDataPlane: origin=real hostClass=network hostHash=fdbc7f1491a89ee6 method=GET clientProtocol=http/1.1 upstreamProtocol=h2 status=200 contentType=image/webp bytesIn=4222 bytesOut=4222 cache=miss decision=safe reason=model_allow source=engine probability=0.031920522 basis=None decodeMs=3.839 inferenceMs=130.385 localDecisionMs=260.851  requestToDeliveryMs=796.382 upstreamHeadersMs=211.585 sanitizeMs=570.993 downstreamWriteMs=9.866
09-08 00:42:46.498 26175 27048 I ChromePhotosDataPlane: origin=real hostClass=network hostHash=fdbc7f1491a89ee6 method=GET clientProtocol=http/1.1 upstreamProtocol=h2 status=200 contentType=image/webp bytesIn=4018 bytesOut=4018 cache=miss decision=safe reason=model_allow source=engine probability=0.030864298 basis=None decodeMs=3.778 inferenceMs=131.891 localDecisionMs=255.971  requestToDeliveryMs=785.655 upstreamHeadersMs=234.325 sanitizeMs=544.315 downstreamWriteMs=1.564
09-08 00:42:46.631 26175 27047 I ChromePhotosDataPlane: origin=real hostClass=network hostHash=fdbc7f1491a89ee6 method=GET clientProtocol=http/1.1 upstreamProtocol=h2 status=200 contentType=image/webp bytesIn=7110 bytesOut=7110 cache=miss decision=safe reason=model_allow source=engine probability=0.010842085 basis=None decodeMs=5.451 inferenceMs=129.925 localDecisionMs=258.293  requestToDeliveryMs=774.508 upstreamHeadersMs=247.903 sanitizeMs=517.174 downstreamWriteMs=1.142
09-08 00:42:46.889 26175 26992 I ChromePhotosDataPlane: phase=worker_ready correlationId=c68 admissionWaitMs=5574.596
09-08 00:42:46.944 26175 26992 I ChromePhotosDataPlane: phase=tls_ready correlationId=c68 hostClass=network hostHash=191347bfe55d0ca9 clientProtocol=http/1.1 ca=688395d7a326111e
09-08 00:42:47.011 26175 26992 I ChromePhotosDataPlane: origin=real hostClass=network hostHash=191347bfe55d0ca9 method=POST clientProtocol=http/1.1 upstreamProtocol=h2 status=200 contentType=text/plain bytesOut=0 transfer=fixed upstreamHeadersMs=53.997 downstreamWriteMs=1.948
09-08 00:42:47.017 26175 26992 I ChromePhotosDataPlane: phase=worker_ready correlationId=c69 admissionWaitMs=5689.514
09-08 00:42:47.161 26175 27043 I ChromePhotosDataPlane: origin=real hostClass=network hostHash=fdbc7f1491a89ee6 method=GET clientProtocol=http/1.1 upstreamProtocol=h2 status=200 contentType=image/webp bytesIn=1426 bytesOut=1426 cache=miss decision=safe reason=model_allow source=engine probability=0.075641066 basis=None decodeMs=7.454 inferenceMs=521.501 localDecisionMs=659.380  requestToDeliveryMs=1170.774 upstreamHeadersMs=280.482 sanitizeMs=885.299 downstreamWriteMs=1.293
09-08 00:42:47.298 26175 27051 I ChromePhotosDataPlane: origin=real hostClass=network hostHash=fdbc7f1491a89ee6 method=GET clientProtocol=http/1.1 upstreamProtocol=h2 status=200 contentType=image/webp bytesIn=3438 bytesOut=3438 cache=miss decision=safe reason=model_allow source=engine probability=0.019150347 basis=None decodeMs=3.749 inferenceMs=129.788 localDecisionMs=655.921  requestToDeliveryMs=1174.924 upstreamHeadersMs=312.700 sanitizeMs=854.670 downstreamWriteMs=2.295
09-08 00:42:47.356 26175 27019 I ChromePhotosDataPlane: phase=worker_ready correlationId=c70 admissionWaitMs=6018.366
09-08 00:42:47.458 26175 26992 I ChromePhotosDataPlane: phase=tls_ready correlationId=c69 hostClass=network hostHash=8d9559743b8b4225 clientProtocol=http/1.1 ca=688395d7a326111e
09-08 00:42:47.601 26175 27018 I ChromePhotosDataPlane: phase=worker_ready correlationId=c71 admissionWaitMs=5927.092
09-08 00:42:47.625 26175 26992 I ChromePhotosDataPlane: origin=real hostClass=network hostHash=8d9559743b8b4225 method=POST clientProtocol=http/1.1 upstreamProtocol=h2 status=204 contentType=image/gif bytesIn=0 bytesOut=0 cache=miss decision=passthrough  requestToDeliveryMs=166.042 upstreamHeadersMs=163.950 sanitizeMs=0.066 downstreamWriteMs=0.485
09-08 00:42:47.883 26175 27031 I ChromePhotosDataPlane: phase=worker_ready correlationId=c72 admissionWaitMs=5622.319
09-08 00:42:47.923 26175 27019 I ChromePhotosDataPlane: phase=tls_ready correlationId=c70 hostClass=network hostHash=cff23f81cf11247e clientProtocol=http/1.1 ca=688395d7a326111e
09-08 00:42:48.476 26175 27018 I ChromePhotosDataPlane: phase=tls_ready correlationId=c71 hostClass=network hostHash=1f1577c4f7feb6a1 clientProtocol=http/1.1 ca=688395d7a326111e
09-08 00:42:48.781 26175 27031 I ChromePhotosDataPlane: phase=tls_ready correlationId=c72 hostClass=network hostHash=d8ecf352ffa86f18 clientProtocol=http/1.1 ca=688395d7a326111e
09-08 00:42:48.811 26175 27019 I ChromePhotosDataPlane: origin=real hostClass=network hostHash=cff23f81cf11247e method=OPTIONS clientProtocol=http/1.1 upstreamProtocol=h2 status=200 contentType=text/plain bytesOut=2 transfer=fixed upstreamHeadersMs=883.110 downstreamWriteMs=0.846
09-08 00:42:48.884 26175 27091 I ChromePhotosDataPlane: phase=worker_ready correlationId=c73 admissionWaitMs=6622.181
09-08 00:42:49.192 26175 27031 I ChromePhotosDataPlane: origin=real hostClass=network hostHash=d8ecf352ffa86f18 method=GET clientProtocol=http/1.1 upstreamProtocol=h2 status=200 contentType=image/png bytesIn=43 bytesOut=6303 cache=miss decision=unknown reason=unsupported_gif source=error probability=-1.0 basis=none decodeMs=0.000 inferenceMs=0.000 localDecisionMs=0.000  requestToDeliveryMs=409.401 upstreamHeadersMs=401.468 sanitizeMs=2.139 downstreamWriteMs=2.026
09-08 00:42:49.208 26175 27019 I ChromePhotosDataPlane: origin=real hostClass=network hostHash=cff23f81cf11247e method=POST clientProtocol=http/1.1 upstreamProtocol=h2 status=200 contentType=application/json bytesOut=4 transfer=fixed upstreamHeadersMs=340.650 downstreamWriteMs=1.986
09-08 00:42:49.212 26175 27018 I ChromePhotosDataPlane: origin=real hostClass=network hostHash=1f1577c4f7feb6a1 method=POST clientProtocol=http/1.1 upstreamProtocol=h2 status=200 contentType=application/json bytesOut=0 transfer=fixed upstreamHeadersMs=731.457 downstreamWriteMs=1.315
09-08 00:42:49.449 26175 26539 I ChromePhotosDataPlane: phase=worker_ready correlationId=c74 admissionWaitMs=7165.754
09-08 00:42:49.478 26175 27090 I ChromePhotosDataPlane: phase=worker_ready correlationId=c75 admissionWaitMs=7157.141
09-08 00:42:49.567 26175 27091 I ChromePhotosDataPlane: phase=tls_ready correlationId=c73 hostClass=network hostHash=e2ccecf673591338 clientProtocol=http/1.1 ca=688395d7a326111e
09-08 00:42:49.591 26175 27018 I ChromePhotosDataPlane: origin=real hostClass=network hostHash=1f1577c4f7feb6a1 method=POST clientProtocol=http/1.1 upstreamProtocol=h2 status=200 contentType=application/json bytesOut=0 transfer=fixed upstreamHeadersMs=361.441 downstreamWriteMs=0.761
09-08 00:42:49.700 26175 26540 I ChromePhotosDataPlane: phase=worker_ready correlationId=c76 admissionWaitMs=4003.989
09-08 00:42:49.700 26175 26604 I ChromePhotosDataPlane: phase=worker_ready correlationId=c77 admissionWaitMs=3001.137
09-08 00:42:49.924 26175 27091 I ChromePhotosDataPlane: origin=real hostClass=network hostHash=e2ccecf673591338 method=GET clientProtocol=http/1.1 upstreamProtocol=h2 status=200 contentType=image/png bytesIn=43 bytesOut=6303 cache=miss decision=unknown reason=unsupported_gif source=error probability=-1.0 basis=none decodeMs=0.000 inferenceMs=0.000 localDecisionMs=0.000  requestToDeliveryMs=354.599 upstreamHeadersMs=345.974 sanitizeMs=2.839 downstreamWriteMs=2.137
09-08 00:42:49.940 26175 26539 I ChromePhotosDataPlane: phase=tls_ready correlationId=c74 hostClass=network hostHash=3e723b591bdb95ce clientProtocol=http/1.1 ca=688395d7a326111e
09-08 00:42:49.940 26175 27090 I ChromePhotosDataPlane: phase=tls_ready correlationId=c75 hostClass=network hostHash=3e723b591bdb95ce clientProtocol=http/1.1 ca=688395d7a326111e
09-08 00:42:49.943 26175 26604 I ChromePhotosDataPlane: phase=tls_ready correlationId=c77 hostClass=network hostHash=3e723b591bdb95ce clientProtocol=http/1.1 ca=688395d7a326111e
09-08 00:42:50.045 26175 26539 I ChromePhotosDataPlane: phase=media_shield_document origin=real hostClass=network hostHash=3e723b591bdb95ce result=fail_closed reason=document_mime_unsupported bytesOut=41 upstreamHeadersMs=97.702 documentDecisionMs=0.416 downstreamWriteMs=0.699
09-08 00:42:50.073 26175 26604 I ChromePhotosDataPlane: origin=real hostClass=network hostHash=3e723b591bdb95ce method=POST clientProtocol=http/1.1 upstreamProtocol=h2 status=200 contentType=text/plain bytesOut=0 transfer=fixed upstreamHeadersMs=117.247 downstreamWriteMs=6.273
09-08 00:42:50.075 26175 26604 I ChromePhotosDataPlane: phase=worker_ready correlationId=c78 admissionWaitMs=2847.844
09-08 00:42:50.240 26175 26540 I ChromePhotosDataPlane: phase=tls_ready correlationId=c76 hostClass=network hostHash=b37d6661baab456a clientProtocol=http/1.1 ca=688395d7a326111e
09-08 00:42:50.513 26175 26540 I ChromePhotosDataPlane: origin=real hostClass=network hostHash=b37d6661baab456a method=POST clientProtocol=http/1.1 upstreamProtocol=h2 status=200 contentType=application/json bytesOut=780 transfer=fixed upstreamHeadersMs=269.175 downstreamWriteMs=1.060
09-08 00:42:50.522 26175 26604 I ChromePhotosDataPlane: phase=tls_ready correlationId=c78 hostClass=network hostHash=816c1c4228e457b0 clientProtocol=http/1.1 ca=688395d7a326111e
09-08 00:42:50.790 26175 26604 I ChromePhotosDataPlane: origin=real hostClass=network hostHash=816c1c4228e457b0 method=POST clientProtocol=http/1.1 upstreamProtocol=h2 status=200 contentType=application/javascript bytesOut=0 transfer=fixed upstreamHeadersMs=263.506 downstreamWriteMs=0.881
09-08 00:42:50.849 26175 27070 I ChromePhotosDataPlane: origin=real hostClass=network hostHash=f58aed0f48e58f0c method=POST clientProtocol=http/1.1 upstreamProtocol=h2 status=204 contentType= bytesOut=0 transfer=fixed upstreamHeadersMs=702.306 downstreamWriteMs=1.025
09-08 00:42:51.119 26175 27024 I ChromePhotosDataPlane: phase=worker_ready correlationId=c79 admissionWaitMs=3143.644
09-08 00:42:51.146 26175 27024 I ChromePhotosDataPlane: phase=tls_ready correlationId=c79 hostClass=network hostHash=1f1577c4f7feb6a1 clientProtocol=http/1.1 ca=688395d7a326111e
09-08 00:42:51.158 26175 27106 I ChromePhotosDataPlane: phase=worker_ready correlationId=c80 admissionWaitMs=2331.818
09-08 00:42:51.177 26175 27106 I ChromePhotosDataPlane: phase=tls_ready correlationId=c80 hostClass=network hostHash=cff23f81cf11247e clientProtocol=http/1.1 ca=688395d7a326111e
09-08 00:42:51.300 26175 27085 I ChromePhotosDataPlane: phase=worker_ready correlationId=c81 admissionWaitMs=1700.333
09-08 00:42:51.486 26175 26610 I ChromePhotosDataPlane: phase=worker_ready correlationId=c82 admissionWaitMs=1879.725
09-08 00:42:51.622 26175 27085 I ChromePhotosDataPlane: phase=tls_ready correlationId=c81 hostClass=network hostHash=935e0b482f6ac80a clientProtocol=http/1.1 ca=688395d7a326111e
09-08 00:42:51.749 26175 26541 I ChromePhotosDataPlane: phase=worker_ready correlationId=c83 admissionWaitMs=1781.095
09-08 00:42:51.917 26175 27085 I ChromePhotosDataPlane: origin=real hostClass=network hostHash=935e0b482f6ac80a method=POST clientProtocol=http/1.1 upstreamProtocol=h2 status=204 contentType= bytesOut=0 transfer=fixed upstreamHeadersMs=291.764 downstreamWriteMs=0.369
09-08 00:42:51.928 26175 26948 I ChromePhotosDataPlane: phase=worker_ready correlationId=c84 admissionWaitMs=1851.458
09-08 00:42:51.929 26175 26903 I ChromePhotosDataPlane: phase=worker_ready correlationId=c85 admissionWaitMs=1828.139
09-08 00:42:52.067 26175 27084 I ChromePhotosDataPlane: phase=worker_ready correlationId=c86 admissionWaitMs=1963.444
09-08 00:42:52.161 26175 26610 I ChromePhotosDataPlane: phase=tls_ready correlationId=c82 hostClass=network hostHash=f58aed0f48e58f0c clientProtocol=http/1.1 ca=688395d7a326111e
09-08 00:42:52.690 26175 26541 I ChromePhotosDataPlane: phase=tls_ready correlationId=c83 hostClass=network hostHash=191347bfe55d0ca9 clientProtocol=http/1.1 ca=688395d7a326111e
09-08 00:42:53.294 26175 26903 I ChromePhotosDataPlane: phase=tls_ready correlationId=c85 hostClass=network hostHash=0843c9b16155ccbe clientProtocol=http/1.1 ca=688395d7a326111e
09-08 00:42:53.574 26175 26948 I ChromePhotosDataPlane: phase=tls_ready correlationId=c84 hostClass=network hostHash=7ffe8698ca81d914 clientProtocol=http/1.1 ca=688395d7a326111e
09-08 00:42:53.765 26175 26903 I ChromePhotosDataPlane: origin=real hostClass=network hostHash=0843c9b16155ccbe method=POST clientProtocol=http/1.1 upstreamProtocol=h2 status=200 contentType= bytesOut=0 transfer=fixed upstreamHeadersMs=463.843 downstreamWriteMs=0.471
09-08 00:42:53.993 26175 27084 I ChromePhotosDataPlane: phase=tls_ready correlationId=c86 hostClass=network hostHash=f5594fab1b035ec0 clientProtocol=http/1.1 ca=688395d7a326111e
09-08 00:42:54.465 26175 26884 I ChromePhotosDataPlane: phase=worker_ready correlationId=c87 admissionWaitMs=4316.218
09-08 00:42:54.488 26175 27084 I ChromePhotosDataPlane: origin=real hostClass=network hostHash=f5594fab1b035ec0 method=POST clientProtocol=http/1.1 upstreamProtocol=h2 status=200 contentType= bytesOut=0 transfer=fixed upstreamHeadersMs=486.628 downstreamWriteMs=2.060
09-08 00:42:54.501 26175 27102 I ChromePhotosDataPlane: phase=worker_ready correlationId=c88 admissionWaitMs=4093.630
09-08 00:42:54.521 26175 26884 I ChromePhotosDataPlane: phase=tls_ready correlationId=c87 hostClass=network hostHash=935e0b482f6ac80a clientProtocol=http/1.1 ca=688395d7a326111e
09-08 00:42:54.535 26175 27102 I ChromePhotosDataPlane: phase=tls_ready correlationId=c88 hostClass=network hostHash=f5594fab1b035ec0 clientProtocol=http/1.1 ca=688395d7a326111e
09-08 00:42:54.788 26175 27084 I ChromePhotosDataPlane: origin=real hostClass=network hostHash=f5594fab1b035ec0 method=POST clientProtocol=http/1.1 upstreamProtocol=h2 status=200 contentType= bytesOut=0 transfer=fixed upstreamHeadersMs=268.380 downstreamWriteMs=1.796
09-08 00:42:54.792 26175 27102 I ChromePhotosDataPlane: origin=real hostClass=network hostHash=f5594fab1b035ec0 method=POST clientProtocol=http/1.1 upstreamProtocol=h2 status=200 contentType=application/json bytesOut=16 transfer=fixed upstreamHeadersMs=249.617 downstreamWriteMs=2.449
09-08 00:42:54.803 26175 27102 I ChromePhotosDataPlane: phase=worker_ready correlationId=c89 admissionWaitMs=4339.619
09-08 00:42:54.860 26175 27102 I ChromePhotosDataPlane: phase=tls_ready correlationId=c89 hostClass=network hostHash=f5594fab1b035ec0 clientProtocol=http/1.1 ca=688395d7a326111e
09-08 00:43:57.276 26175 26561 I ChromePhotosDataPlane: phase=worker_ready correlationId=c90 admissionWaitMs=0.481
09-08 00:43:57.287 26175 27071 I ChromePhotosDataPlane: phase=worker_ready correlationId=c91 admissionWaitMs=0.544
09-08 00:43:57.291 26175 26993 I ChromePhotosDataPlane: phase=worker_ready correlationId=c92 admissionWaitMs=0.505
09-08 00:43:57.294 26175 27013 I ChromePhotosDataPlane: phase=worker_ready correlationId=c93 admissionWaitMs=0.404
09-08 00:43:57.296 26175 26942 I ChromePhotosDataPlane: phase=worker_ready correlationId=c94 admissionWaitMs=0.400
09-08 00:43:57.323 26175 27071 I ChromePhotosDataPlane: phase=tls_ready correlationId=c91 hostClass=network hostHash=7ffe8698ca81d914 clientProtocol=http/1.1 ca=688395d7a326111e
09-08 00:43:57.589 26175 26942 I ChromePhotosDataPlane: phase=tls_ready correlationId=c94 hostClass=network hostHash=816c1c4228e457b0 clientProtocol=http/1.1 ca=688395d7a326111e
09-08 00:43:57.594 26175 26993 I ChromePhotosDataPlane: phase=tls_ready correlationId=c92 hostClass=network hostHash=816c1c4228e457b0 clientProtocol=http/1.1 ca=688395d7a326111e
09-08 00:43:57.598 26175 26561 I ChromePhotosDataPlane: phase=tls_ready correlationId=c90 hostClass=network hostHash=816c1c4228e457b0 clientProtocol=http/1.1 ca=688395d7a326111e
09-08 00:43:57.621 26175 27071 I ChromePhotosDataPlane: origin=real hostClass=network hostHash=7ffe8698ca81d914 method=POST clientProtocol=http/1.1 upstreamProtocol=h2 status=200 contentType=application/javascript bytesOut=0 transfer=fixed upstreamHeadersMs=294.475 downstreamWriteMs=0.978
09-08 00:43:57.760 26175 26942 I ChromePhotosDataPlane: origin=real hostClass=network hostHash=816c1c4228e457b0 method=POST clientProtocol=http/1.1 upstreamProtocol=h2 status=200 contentType=application/javascript bytesOut=0 transfer=fixed upstreamHeadersMs=169.057 downstreamWriteMs=0.433
09-08 00:43:57.781 26175 26561 I ChromePhotosDataPlane: origin=real hostClass=network hostHash=816c1c4228e457b0 method=POST clientProtocol=http/1.1 upstreamProtocol=h2 status=200 contentType=application/javascript bytesOut=0 transfer=fixed upstreamHeadersMs=181.196 downstreamWriteMs=0.319
09-08 00:43:57.794 26175 26993 I ChromePhotosDataPlane: origin=real hostClass=network hostHash=816c1c4228e457b0 method=POST clientProtocol=http/1.1 upstreamProtocol=h2 status=200 contentType=application/javascript bytesOut=0 transfer=fixed upstreamHeadersMs=195.949 downstreamWriteMs=1.120
09-08 00:43:57.834 26175 27013 I ChromePhotosDataPlane: phase=tls_ready correlationId=c93 hostClass=network hostHash=d4c9d9027326271a clientProtocol=http/1.1 ca=688395d7a326111e
09-08 00:43:58.112 26175 27013 I ChromePhotosDataPlane: origin=real hostClass=network hostHash=d4c9d9027326271a method=POST clientProtocol=http/1.1 upstreamProtocol=h2 status=200 contentType=application/javascript bytesOut=0 transfer=fixed upstreamHeadersMs=271.699 downstreamWriteMs=1.911
09-08 00:43:58.242 26175 26991 I ChromePhotosDataPlane: phase=worker_ready correlationId=c95 admissionWaitMs=1.311
09-08 00:43:58.526 26175 26991 I ChromePhotosDataPlane: phase=tls_ready correlationId=c95 hostClass=network hostHash=97692e14df23bd64 clientProtocol=http/1.1 ca=688395d7a326111e
09-08 00:43:58.743 26175 26991 I ChromePhotosDataPlane: origin=real hostClass=network hostHash=97692e14df23bd64 method=POST clientProtocol=http/1.1 upstreamProtocol=h2 status=200 contentType=application/binary bytesOut=252 transfer=chunked upstreamHeadersMs=210.633 downstreamWriteMs=3.241
09-08 00:44:09.151 26175 26990 I ChromePhotosDataPlane: phase=worker_ready correlationId=c96 admissionWaitMs=0.519
09-08 00:44:09.178 26175 26990 I ChromePhotosDataPlane: phase=tls_ready correlationId=c96 hostClass=network hostHash=191347bfe55d0ca9 clientProtocol=http/1.1 ca=688395d7a326111e
09-08 00:44:11.262 26175 27049 I ChromePhotosDataPlane: phase=worker_ready correlationId=c97 admissionWaitMs=0.649
09-08 00:44:11.512 26175 27049 I ChromePhotosDataPlane: phase=tls_ready correlationId=c97 hostClass=fixture hostHash=1c728e158a8cddb0 clientProtocol=http/1.1 ca=688395d7a326111e
09-08 00:44:11.623 26175 27049 I ChromePhotosDataPlane: phase=media_shield_document origin=fixture resource=ui-svg-page result=transformed documentSequence=4 navigationSequence=2 token=aaaf504d093d bytesOut=116536
09-08 00:44:11.720 26175 27048 I ChromePhotosDataPlane: phase=worker_ready correlationId=c98 admissionWaitMs=0.204
09-08 00:44:11.855 26175 27049 I ChromePhotosDataPlane: phase=media_shield_ready result=204 bytesOut=0
09-08 00:44:11.876 26175 27049 I ChromePhotosDataPlane: phase=media_shield_ready result=204 bytesOut=0
09-08 00:44:11.891 26175 27049 I ChromePhotosDataPlane: phase=media_shield_ready result=204 bytesOut=0
09-08 00:44:11.917 26175 27047 I ChromePhotosDataPlane: phase=worker_ready correlationId=c99 admissionWaitMs=0.325
09-08 00:44:11.938 26175 27043 I ChromePhotosDataPlane: phase=worker_ready correlationId=c100 admissionWaitMs=0.321
09-08 00:44:11.981 26175 27049 I ChromePhotosDataPlane: phase=media_shield_ready result=200 bytesOut=179
09-08 00:44:12.057 26175 27051 I ChromePhotosDataPlane: phase=worker_ready correlationId=c101 admissionWaitMs=0.201
09-08 00:44:12.059 26175 27048 I ChromePhotosDataPlane: phase=tls_ready correlationId=c98 hostClass=network hostHash=a43675776202b206 clientProtocol=http/1.1 ca=688395d7a326111e
09-08 00:44:12.059 26175 27047 I ChromePhotosDataPlane: phase=tls_ready correlationId=c99 hostClass=fixture hostHash=1c728e158a8cddb0 clientProtocol=http/1.1 ca=688395d7a326111e
09-08 00:44:12.063 26175 27047 I ChromePhotosDataPlane: phase=media_shield_ready result=200 bytesOut=211
09-08 00:44:12.065 26175 27043 I ChromePhotosDataPlane: phase=tls_ready correlationId=c100 hostClass=fixture hostHash=1c728e158a8cddb0 clientProtocol=http/1.1 ca=688395d7a326111e
09-08 00:44:12.076 26175 27051 I ChromePhotosDataPlane: phase=tls_ready correlationId=c101 hostClass=fixture hostHash=1c728e158a8cddb0 clientProtocol=http/1.1 ca=688395d7a326111e
09-08 00:44:12.110 26175 27047 I ChromePhotosDataPlane: phase=media_shield_ready result=200 bytesOut=198
09-08 00:44:12.175 26175 26992 I ChromePhotosDataPlane: phase=worker_ready correlationId=c102 admissionWaitMs=0.308
09-08 00:44:12.188 26175 26992 I ChromePhotosDataPlane: phase=tls_ready correlationId=c102 hostClass=network hostHash=a43675776202b206 clientProtocol=http/1.1 ca=688395d7a326111e
09-08 00:44:12.211 26175 27047 I ChromePhotosDataPlane: resource=fixture-lease-script origin=fixture_local destination=chrome protocol=http/1.1 method=GET status=200 bytesIn=285 bytesOut=285 decision=passthrough
09-08 00:44:12.228 26175 27031 I ChromePhotosDataPlane: phase=worker_ready correlationId=c103 admissionWaitMs=0.273
09-08 00:44:12.267 26175 27031 I ChromePhotosDataPlane: phase=tls_ready correlationId=c103 hostClass=fixture hostHash=1c728e158a8cddb0 clientProtocol=http/1.1 ca=688395d7a326111e
09-08 00:44:12.276 26175 27031 I ChromePhotosDataPlane: phase=presentation_ready fixture=visible heartbeat=fresh failSafe=armed
09-08 00:44:13.371 26175 27047 I ChromePhotosDataPlane: resource=ui-svg-report origin=fixture_local destination=chrome protocol=http/1.1 method=POST status=200 bytesIn=8 bytesOut=8 decision=passthrough
