--------- beginning of main
09-08 00:08:21.639 17271 17464 I ChromePhotosDataPlane: bootstrap=chrome_blocked reason=session_start
09-08 00:08:21.741 17271 17464 I ChromePhotosDataPlane: rollback=complete proxy=cleared ca=removed
09-08 00:08:21.741 17271 17464 I ChromePhotosDataPlane: bootstrap=chrome_reset_skipped generation=2 resetCount=3
09-08 00:08:21.898 17271 17464 I ChromePhotosDataPlane: vpnAttestation=revoked session=c70c7ea8 fullTunnelApplied=false chromePackageAdmitted=true
09-08 00:08:23.688 17271 17463 I ChromePhotosDataPlane: phase=proxy_ready bind=loopback port=8877
09-08 00:08:23.771 17271 17463 I ChromePhotosDataPlane: policy=chrome-only proxy=fixed stockMedia=true policyTypes=AIModeSettings:Integer,AllowBackForwardCacheForCacheControlNoStorePageEnabled:Boolean,BackForwardCacheEnabled:Boolean,DataUrlInSvgUseEnabled:Boolean,FindsSettings:Integer,ForceGoogleSafeSearch:Boolean,IncognitoModeAvailability:Integer,NTPContentSuggestionsEnabled:Boolean,SearchContentSharingSettings:Integer,SearchSuggestEnabled:Boolean,URLAllowlist:String,URLBlocklist:String ca=f4cc3755e1ed5b18
09-08 00:08:23.782 17271 17271 I ChromePhotosDataPlane: vpnAttestation=revoked session=c70c7ea8 fullTunnelApplied=false chromePackageAdmitted=false
09-08 00:08:23.783 17271 17463 I ChromePhotosDataPlane: phase=active owner=device_owner scope=chrome_only session=c70c7ea8 ca=f4cc3755e1ed5b18 model=R3.1 modelSha=c8b64af8092d3718c58736a511c996d0d443dacf3eaa74620b1e5af439a3cd48 policy=dag-36 modelLoadMs=432.894 fixture=controlled fallbackHosts=5 routes=0 udpFixture=false udpTarget=:0 transport=full_tunnel_dev networkVisualMode=selective stockMediaAuthority=true documentSelfShield=true privacy=public_only_memory_only
09-08 00:08:24.010 17271 17455 I ChromePhotosDataPlane: vpnAttestation=confirmed session=c70c7ea8 fullTunnelApplied=true chromePackageAdmitted=true
09-08 00:08:24.222 17271 17498 I ChromePhotosDataPlane: phase=presentation_ready scope=real_web failSafe=armed
09-08 00:08:39.021 17271 17681 I ChromePhotosDataPlane: bootstrap=chrome_blocked reason=manual_stop
09-08 00:08:39.035 17271 17681 I ChromePhotosDataPlane: phase=fail_closed reason=manual_stop
09-08 00:08:39.039 17271 17681 I ChromePhotosDataPlane: phase=status statusSequence=1 lifecycle=PresentationReady active=true ready=false connections=0 requests=0 safe=0 blocked=0 unknown=0 passthrough=0 cacheHits=0 cacheMisses=0 failures=0 clientDisconnects=0 bytesIn=0 bytesOut=0 streamed=0 proxyQueueRejects=0 proxyActivePeak=0 proxyP50Ms=0.000 proxyP95Ms=0.000 proxyP99Ms=0.000 upstreamSockets=0 protectSuccess=0 protectFailure=0 web11a=not_run web11b=not_run modelLoadMs=432.894 engineCalls=0 dedupeHits=0 decisionCacheConfig=64 decisionConcurrencyConfig=1 decisionQueueConfig=2 decisionTimeoutMs=5000 engineCallsPerRequest=0.0 inferencePeak=0 inFlightPeak=0 queuePeak=0 queueRejects=0 timeouts=0 inferenceP50Ms=0.0 inferenceP95Ms=0.0 inferenceP99Ms=0.0 decisionP50Ms=0.0 decisionP95Ms=0.0 decisionP99Ms=0.0 cacheHitP50Ms=0.0 cacheHitP95Ms=0.0 cacheEntries=0 cacheEvictions=0 preprocessP50Ms=0.0 preprocessP95Ms=0.0 preprocessP99Ms=0.0 preparedCount1=0 preparedCount4=0 preparedCount5=0 preparedCountOther=0 decisionBasis= imageCandidates=0 imagePrefixPeeks=0 imageMagicCandidates=0 imageBodyAdmissionPeak=0 imageBodyAdmissionRejects=0 networkVisualCandidates=0 networkVisualReplaced=0 networkVisualRawDelivered=0 networkVisualSafeRawDelivered=0 networkVisualBlockedReplaced=0 networkVisualUnknownReplaced=0 networkVisualUnsupportedReplaced=0 networkVisualRawBlockedDelivered=0 networkVisualRawUnknownDelivered=0 networkVisualCacheHit=0 networkVisualInference=0 mediaDocumentsTransformed=0 mediaDocumentsFailClosed=0 documentTransformOutstanding=0 readyTokensOutstanding=0 uiSvgRegistered=0 uiSvgRegistryBytes=0 uiSvgCssRewritten=0 uiSvgCssRejected=0 uiSvgNetworkAccepted=0 uiSvgNetworkRejected=0 uiSvgAssetServed=0 uiSvgAssetRejected=0 h18=REPORT=not_run,EVENT_SEQUENCE=0,COMPAT_DOCS=0,STRICT_DOCS=0,STYLE_REQ=0,SCRIPT_REQ=0,DATA_REQ=0,NETWORK_REQ=0,REPORTS=0,LAST_DOC=none,NETWORK_SHA=ee17e3f62edde61823ce35732ea168f4f5986bff347ccfac063eca7f4009ee1b,AUDIT_SHA=74d4467bbf6833db4eeab998495b7dfc50db3b1f04f407704b839ad3f4b25582 h19=REPORT=not_run,DOCUMENTS=0,FRAMES=0,SCRIPTS=0,FIRST_ORIGINAL_SCRIPTS=0,STYLES=0,WORKERS=0,SERVICE_WORKERS=0,FRAME_REPORTS=0,FRAME_REPORT_REJECTS=0,FRAME_REPORT=not_run,FRAME_REPORT_SHA=not_run,FRAME_CHALLENGE_SHA=not_run,FRAME_GENERATION=0,FRAME_ACCEPTED_CHALLENGE_SHA=not_run,FRAME_REPORT_BINDING_SHA=not_run,SAME_URL_BODIES=0,REPORTS=0,SW_BOUNDARY={INSTALL_DOCS=0,WORKER_SCRIPTS=0,WORKER_PROBE_SCRIPTS=0,PROBE_DOCS=0,CLEANUP_DOCS=0,REPORTS_ACCEPTED=0,REPORTS_REJECTED=0,CONTROLLER_PRESENT=0,CONTROLLER_MISSING=0,NAV_FETCHES=0,SELF_READY_FETCHES=0,SELF_READY_PASS_THROUGH=0,SELF_READY_SYNTHETIC=0,NAV_SYNTHETIC=0,RESET_BASELINE_CLEAN=0,RESET_BASELINE_DIRTY=0,REGISTER_BLOCKED=0,REGISTER_SUCCEEDED=0,WORKER_REGISTER_BLOCKED=0,WORKER_REGISTER_SUCCEEDED=0,WORKER_REGISTER_UNSUPPORTED=0,WORKER_REGISTER_ERROR=0,LAST_CASE=none,LAST_EVENT=none,LAST_VALUE=none},UI_SVG={not_run} quicAttempts=0 directTcpAttempts=0 bootstrapResetGeneration=2 bootstrapCompleteGeneration=2 bootstrapResetCount=3 chromeSuspended=true guardSession=522 guardHeartbeatSequence=27 audit17State=0 audit17Navigation=0 audit17Events=0 audit17Dropped=0
09-08 00:08:39.039 17271 17681 I ChromeMediaShieldStatus: v=1 seq=1 kind=network mode=selective candidates=0 replaced=0 rawDelivered=0 safeRaw=0 blockedReplaced=0 unknownReplaced=0 unsupportedReplaced=0 rawBlocked=0 rawUnknown=0 cacheHit=0 decisionEngine=0 engineCalls=0
09-08 00:08:39.040 17271 17681 I ChromeMediaShieldStatus: v=1 seq=1 kind=document transformed=0 failClosed=0 outstanding=0 issued=0 claims=0 documentSequence=0 navigationSequence=0 readyRequests=0 readyPreflights=0 readyAccepted=0 readyRejected=0 parserBarrierRequests=0 parserBarrierReady=0 parserBarrierFailClosed=0 selfShield=true selfReadyRequests=0 selfReadyAccepted=0 selfReadyRejected=0 selfReadyRejectReason=none selfShieldReleaseCompleted=0 selfShieldParserContinued=0 selfShieldOriginalScriptStarted=0 selfShieldTraceRejected=0 selfShieldTraceOutstanding=0 bootstrapDiagnosticAccepted=0 bootstrapDiagnosticRejected=0 bootstrapDiagnosticRejectReason=none bootstrapDiagnosticStage=none bootstrapDiagnosticReason=none bootstrapDiagnosticOutstanding=0
09-08 00:08:39.040 17271 17681 I ChromeMediaShieldStatus: v=1 seq=1 kind=renderer reports=0 rejected=0 globalCallbacks=0 globalRecords=0 childRecords=0 attributeRecords=0 maxRecords=0 scanCalls=0 scanRoot=0 scanNodes=0 maxScanNodes=0 scanMicros=0 maxScanMicros=0 observerChildScans=0 observerAttributeScans=0 guardedScans=0 markupScans=0 shadowScans=0 initialScans=0 otherScans=0 sanitizeElement=0 sanitizeContainer=0 img=0 source=0 svg=0 iframe=0 canvas=0 video=0 safeIcon=0 lockIcon=0 geometryWrites=0 svgRecords=0 shadowRoots=0 shadowObservers=0 shadowCallbacks=0 shadowRecords=0 shadowScanCalls=0 ensureStyle=0 ensureCurtain=0 internalMutations=0
09-08 00:08:39.040 17271 17681 I ChromeMediaShieldStatus: v=1 seq=1 kind=rendererApis callScan=createElement=0/0 createElementNS=0/0 appendChild=0/0 insertBefore=0/0 replaceChild=0/0 append=0/0 prepend=0/0 replaceChildren=0/0 before=0/0 after=0/0 replaceWith=0/0 adjacentElement=0/0 moveBefore=0/0 rangeInsert=0/0 rangeSurround=0/0 adoptNode=0/0 cloneNode=0/0 importNode=0/0 safeMarkup=0/0 innerHTML=0/0 outerHTML=0/0 insertAdjacentHTML=0/0 setHTML=0/0 shadowInnerHTML=0/0 execCommandInsertHTML=0/0 mappedTextContent=0/0
09-08 00:08:39.040 17271 17681 I ChromeMediaShieldStatus: v=1 seq=1 kind=rendererFamilies roots=element/fragment/text/other factory:calls=0,scans=0,direct=0,roots=0/0/0/0,nodes=0,micros=0,maxMicros=0 domGuard:calls=0,scans=0,direct=0,roots=0/0/0/0,nodes=0,micros=0,maxMicros=0 markup:calls=0,scans=0,direct=0,roots=0/0/0/0,nodes=0,micros=0,maxMicros=0
09-08 00:08:39.040 17271 17681 I ChromeMediaShieldStatus: v=1 seq=1 kind=uiSvg registered=0 registryBytes=0 cssRewritten=0 cssRejected=0 networkAccepted=0 networkRejected=0 assetServed=0 assetRejected=0
09-08 00:08:39.040 17271 17681 I ChromeMediaShieldStatus: v=1 seq=1 kind=health failures=0 clientDisconnects=0 proxyQueueRejects=0 protectFailure=0 quicAttempts=0 directTcpAttempts=0 active=true ready=false
09-08 00:08:39.040 17271 17681 I ChromeMediaShieldStatus: v=1 seq=1 kind=fixture report=REPORT=not_run,DOCUMENTS=0,FRAMES=0,SCRIPTS=0,FIRST_ORIGINAL_SCRIPTS=0,STYLES=0,WORKERS=0,SERVICE_WORKERS=0,FRAME_REPORTS=0,FRAME_REPORT_REJECTS=0,FRAME_REPORT=not_run,FRAME_REPORT_SHA=not_run,FRAME_CHALLENGE_SHA=not_run,FRAME_GENERATION=0,FRAME_ACCEPTED_CHALLENGE_SHA=not_run,FRAME_REPORT_BINDING_SHA=not_run,SAME_URL_BODIES=0,REPORTS=0,SW_BOUNDARY={INSTALL_DOCS=0,WORKER_SCRIPTS=0,WORKER_PROBE_SCRIPTS=0,PROBE_DOCS=0,CLEANUP_DOCS=0,REPORTS_ACCEPTED=0,REPORTS_REJECTED=0,CONTROLLER_PRESENT=0,CONTROLLER_MISSING=0,NAV_FETCHES=0,SELF_READY_FETCHES=0,SELF_READY_PASS_THROUGH=0,SELF_READY_SYNTHETIC=0,NAV_SYNTHETIC=0,RESET_BASELINE_CLEAN=0,RESET_BASELINE_DIRTY=0,REGISTER_BLOCKED=0,REGISTER_SUCCEEDED=0,WORKER_REGISTER_BLOCKED=0,WORKER_REGISTER_SUCCEEDED=0,WORKER_REGISTER_UNSUPPORTED=0,WORKER_REGISTER_ERROR=0,LAST_CASE=none,LAST_EVENT=none,LAST_VALUE=none},UI_SVG={not_run}
09-08 00:08:39.064 17271 17681 I ChromePhotosDataPlane: phase=proxy_stopped cacheEntries=0 cleanup=complete
09-08 00:08:39.127 17271 17681 I ChromePhotosDataPlane: rollback=complete proxy=cleared ca=removed
09-08 00:08:39.135 17271 17271 I ChromePhotosDataPlane: vpnAttestation=revoked session=c70c7ea8 fullTunnelApplied=false chromePackageAdmitted=false
09-08 00:08:39.138 17271 17681 I ChromePhotosDataPlane: rollback=vpn_restored action=refresh_routes
09-08 00:08:39.143 17271 17681 I ChromePhotosDataPlane: phase=stopped rollback=complete cache=cleared
09-08 00:08:39.216 17271 17271 I ChromePhotosDataPlane: bootstrap=chrome_blocked reason=service_destroyed
09-08 00:08:39.227 17271 17271 I ChromePhotosDataPlane: phase=fail_closed reason=service_destroyed
09-08 00:08:39.230 17271 17271 I ChromePhotosDataPlane: rollback=complete proxy=cleared ca=removed
09-08 00:08:39.368 17271 17498 I ChromePhotosDataPlane: vpnAttestation=revoked session=c70c7ea8 fullTunnelApplied=false chromePackageAdmitted=true
09-08 00:08:55.464 17271 17455 I ChromePhotosDataPlane: bootstrap=chrome_blocked reason=session_start
09-08 00:08:55.468 17271 17455 I ChromePhotosDataPlane: rollback=complete proxy=cleared ca=removed
09-08 00:08:55.468 17271 17455 I ChromePhotosDataPlane: bootstrap=chrome_reset_skipped generation=2 resetCount=3
09-08 00:08:56.444 17271 17455 I ChromePhotosDataPlane: phase=proxy_ready bind=loopback port=8877
09-08 00:08:56.549 17271 17455 I ChromePhotosDataPlane: policy=chrome-only proxy=fixed stockMedia=true policyTypes=AIModeSettings:Integer,AllowBackForwardCacheForCacheControlNoStorePageEnabled:Boolean,BackForwardCacheEnabled:Boolean,DataUrlInSvgUseEnabled:Boolean,FindsSettings:Integer,ForceGoogleSafeSearch:Boolean,IncognitoModeAvailability:Integer,NTPContentSuggestionsEnabled:Boolean,SearchContentSharingSettings:Integer,SearchSuggestEnabled:Boolean,URLAllowlist:String,URLBlocklist:String ca=d4c43613c3d9ba26
09-08 00:08:56.554 17271 17455 I ChromePhotosDataPlane: phase=active owner=device_owner scope=chrome_only session=0557fae5 ca=d4c43613c3d9ba26 model=R3.1 modelSha=c8b64af8092d3718c58736a511c996d0d443dacf3eaa74620b1e5af439a3cd48 policy=dag-36 modelLoadMs=280.981 fixture=controlled fallbackHosts=5 routes=0 udpFixture=false udpTarget=:0 transport=full_tunnel_dev networkVisualMode=selective stockMediaAuthority=true documentSelfShield=true privacy=public_only_memory_only
09-08 00:08:56.556 17271 17271 I ChromePhotosDataPlane: vpnAttestation=revoked session=0557fae5 fullTunnelApplied=false chromePackageAdmitted=false
09-08 00:08:56.687 17271 17457 I ChromePhotosDataPlane: vpnAttestation=confirmed session=0557fae5 fullTunnelApplied=true chromePackageAdmitted=true
09-08 00:08:56.886 17271 17503 I ChromePhotosDataPlane: phase=presentation_ready scope=real_web failSafe=armed
09-08 00:09:11.496 17271 17969 I ChromePhotosDataPlane: phase=worker_ready correlationId=c1 admissionWaitMs=6.761
09-08 00:09:11.505 17271 17971 I ChromePhotosDataPlane: phase=worker_ready correlationId=c2 admissionWaitMs=2.896
09-08 00:09:12.473 17271 17969 I ChromePhotosDataPlane: phase=tls_ready correlationId=c1 hostClass=fixture hostHash=1c728e158a8cddb0 clientProtocol=http/1.1 ca=d4c43613c3d9ba26
09-08 00:09:12.473 17271 17971 I ChromePhotosDataPlane: phase=tls_ready correlationId=c2 hostClass=fixture hostHash=1c728e158a8cddb0 clientProtocol=http/1.1 ca=d4c43613c3d9ba26
09-08 00:09:12.535 17271 17971 I ChromePhotosDataPlane: phase=media_shield_document origin=fixture resource=ui-svg-page result=transformed documentSequence=1 navigationSequence=1 token=81e85462c911 bytesOut=116536
09-08 00:09:12.576 17271 18008 I ChromePhotosDataPlane: phase=worker_ready correlationId=c3 admissionWaitMs=1.006
09-08 00:09:12.584 17271 17969 I ChromePhotosDataPlane: resource=fixture-lease-script origin=fixture_local destination=chrome protocol=http/1.1 method=GET status=200 bytesIn=285 bytesOut=285 decision=passthrough
09-08 00:09:12.663 17271 17971 I ChromePhotosDataPlane: phase=media_shield_ready result=204 bytesOut=0
09-08 00:09:12.672 17271 17971 I ChromePhotosDataPlane: phase=media_shield_ready result=204 bytesOut=0
09-08 00:09:12.680 17271 17971 I ChromePhotosDataPlane: phase=media_shield_ready result=204 bytesOut=0
09-08 00:09:12.713 17271 17969 I ChromePhotosDataPlane: phase=media_shield_ready result=200 bytesOut=179
09-08 00:09:12.758 17271 17969 I ChromePhotosDataPlane: phase=media_shield_ready result=200 bytesOut=211
09-08 00:09:12.783 17271 18008 I ChromePhotosDataPlane: phase=tls_ready correlationId=c3 hostClass=network hostHash=a43675776202b206 clientProtocol=http/1.1 ca=d4c43613c3d9ba26
09-08 00:09:12.808 17271 17969 I ChromePhotosDataPlane: phase=media_shield_ready result=200 bytesOut=198
09-08 00:09:12.874 17271 18011 I ChromePhotosDataPlane: phase=worker_ready correlationId=c4 admissionWaitMs=0.521
09-08 00:09:12.889 17271 18011 I ChromePhotosDataPlane: phase=tls_ready correlationId=c4 hostClass=network hostHash=a43675776202b206 clientProtocol=http/1.1 ca=d4c43613c3d9ba26
09-08 00:09:12.917 17271 18013 I ChromePhotosDataPlane: phase=worker_ready correlationId=c5 admissionWaitMs=1.225
09-08 00:09:12.936 17271 18013 I ChromePhotosDataPlane: phase=tls_ready correlationId=c5 hostClass=fixture hostHash=1c728e158a8cddb0 clientProtocol=http/1.1 ca=d4c43613c3d9ba26
09-08 00:09:12.945 17271 18013 I ChromePhotosDataPlane: phase=presentation_ready fixture=visible heartbeat=fresh failSafe=armed
09-08 00:09:14.063 17271 17969 I ChromePhotosDataPlane: resource=ui-svg-report origin=fixture_local destination=chrome protocol=http/1.1 method=POST status=200 bytesIn=8 bytesOut=8 decision=passthrough
09-08 00:09:16.739 17271 18022 I ChromePhotosDataPlane: phase=worker_ready correlationId=c6 admissionWaitMs=0.708
09-08 00:09:17.028 17271 18022 I ChromePhotosDataPlane: phase=tls_ready correlationId=c6 hostClass=network hostHash=67093c854a7c66ad clientProtocol=http/1.1 ca=d4c43613c3d9ba26
09-08 00:09:17.504 17271 18022 I ChromePhotosDataPlane: origin=real hostClass=network hostHash=67093c854a7c66ad method=GET clientProtocol=http/1.1 upstreamProtocol=h2 status=200 contentType=application/octet-stream bytesOut=162 transfer=fixed upstreamHeadersMs=467.403 downstreamWriteMs=2.701
09-08 00:09:17.674 17271 18031 I ChromePhotosDataPlane: phase=worker_ready correlationId=c7 admissionWaitMs=1.923
09-08 00:09:17.707 17271 18031 I ChromePhotosDataPlane: phase=tls_ready correlationId=c7 hostClass=fixture hostHash=1c728e158a8cddb0 clientProtocol=http/1.1 ca=d4c43613c3d9ba26
09-08 00:09:30.591 17271 18049 I ChromePhotosDataPlane: phase=worker_ready correlationId=c8 admissionWaitMs=2.083
09-08 00:09:30.626 17271 17971 I ChromePhotosDataPlane: phase=worker_ready correlationId=c9 admissionWaitMs=0.395
09-08 00:09:30.629 17271 17969 I ChromePhotosDataPlane: phase=worker_ready correlationId=c10 admissionWaitMs=0.177
09-08 00:09:30.638 17271 18022 I ChromePhotosDataPlane: phase=worker_ready correlationId=c11 admissionWaitMs=0.204
09-08 00:09:30.642 17271 18013 I ChromePhotosDataPlane: phase=worker_ready correlationId=c12 admissionWaitMs=0.263
09-08 00:09:31.133 17271 17971 I ChromePhotosDataPlane: phase=tls_ready correlationId=c9 hostClass=network hostHash=1c9aae1431eb8709 clientProtocol=http/1.1 ca=d4c43613c3d9ba26
09-08 00:09:31.688 17271 18049 I ChromePhotosDataPlane: phase=tls_ready correlationId=c8 hostClass=network hostHash=f58aed0f48e58f0c clientProtocol=http/1.1 ca=d4c43613c3d9ba26
09-08 00:09:31.851 17271 17969 I ChromePhotosDataPlane: phase=tls_ready correlationId=c10 hostClass=network hostHash=2d0f3c337e640d3a clientProtocol=http/1.1 ca=d4c43613c3d9ba26
09-08 00:09:32.138 17271 18022 I ChromePhotosDataPlane: phase=tls_ready correlationId=c11 hostClass=network hostHash=7df7caa0a5579e01 clientProtocol=http/1.1 ca=d4c43613c3d9ba26
09-08 00:09:32.468 17271 18013 I ChromePhotosDataPlane: phase=tls_ready correlationId=c12 hostClass=network hostHash=a552b937eecf21c7 clientProtocol=http/1.1 ca=d4c43613c3d9ba26
09-08 00:09:34.397 17271 18049 I ChromePhotosDataPlane: phase=media_shield_document origin=real hostClass=network hostHash=f58aed0f48e58f0c result=transformed documentSequence=2 navigationSequence=2 token=b138a65644f9 bytesOut=954240 upstreamHeadersMs=1427.784 documentDecisionMs=515.812 downstreamWriteMs=5.111
09-08 00:09:34.513 17271 18008 I ChromePhotosDataPlane: phase=worker_ready correlationId=c13 admissionWaitMs=0.402
09-08 00:09:34.530 17271 18011 I ChromePhotosDataPlane: phase=worker_ready correlationId=c14 admissionWaitMs=0.400
09-08 00:09:34.563 17271 18049 I ChromePhotosDataPlane: phase=media_shield_ready origin=same_origin result=204 bytesOut=0
09-08 00:09:34.572 17271 18011 I ChromePhotosDataPlane: phase=tls_ready correlationId=c14 hostClass=network hostHash=7df7caa0a5579e01 clientProtocol=http/1.1 ca=d4c43613c3d9ba26
09-08 00:09:34.575 17271 18049 I ChromePhotosDataPlane: phase=media_shield_ready origin=same_origin result=204 bytesOut=0
09-08 00:09:34.585 17271 18049 I ChromePhotosDataPlane: phase=media_shield_ready origin=same_origin result=204 bytesOut=0
09-08 00:09:34.766 17271 18031 I ChromePhotosDataPlane: phase=worker_ready correlationId=c15 admissionWaitMs=0.126
09-08 00:09:35.011 17271 17971 I ChromePhotosDataPlane: origin=real hostClass=network hostHash=1c9aae1431eb8709 method=GET clientProtocol=http/1.1 upstreamProtocol=h2 status=200 contentType=application/javascript bytesOut=112 transfer=chunked upstreamHeadersMs=276.954 downstreamWriteMs=2.326
09-08 00:09:35.012 17271 18013 I ChromePhotosDataPlane: origin=real hostClass=network hostHash=a552b937eecf21c7 method=GET clientProtocol=http/1.1 upstreamProtocol=h2 status=304 contentType= bytesOut=0 transfer=fixed upstreamHeadersMs=180.094 downstreamWriteMs=0.843
09-08 00:09:35.064 17271 18049 I ChromePhotosDataPlane: origin=real hostClass=network hostHash=f58aed0f48e58f0c method=GET clientProtocol=http/1.1 upstreamProtocol=h2 status=200 contentType=application/javascript bytesOut=228004 transfer=fixed upstreamHeadersMs=215.839 downstreamWriteMs=26.318
09-08 00:09:35.198 17271 17461 I ChromePhotosDataPlane: phase=fixture_scope_lost action=lease_revoked
09-08 00:09:35.316 17271 18008 I ChromePhotosDataPlane: phase=tls_ready correlationId=c13 hostClass=network hostHash=fdbc7f1491a89ee6 clientProtocol=http/1.1 ca=d4c43613c3d9ba26
09-08 00:09:35.594 17271 18031 I ChromePhotosDataPlane: phase=tls_ready correlationId=c15 hostClass=network hostHash=ee8cdc867bba487e clientProtocol=http/1.1 ca=d4c43613c3d9ba26
09-08 00:09:35.771 17271 18031 I ChromePhotosDataPlane: origin=real hostClass=network hostHash=ee8cdc867bba487e method=GET clientProtocol=http/1.1 upstreamProtocol=h2 status=200 contentType=image/png bytesIn=42 bytesOut=6303 cache=miss decision=unknown reason=unsupported_gif source=error probability=-1.0 basis=none decodeMs=0.000 inferenceMs=0.000 localDecisionMs=0.000  requestToDeliveryMs=164.624 upstreamHeadersMs=161.977 sanitizeMs=0.715 downstreamWriteMs=0.457
09-08 00:09:35.885 17271 18031 I ChromePhotosDataPlane: origin=real hostClass=network hostHash=ee8cdc867bba487e method=GET clientProtocol=http/1.1 upstreamProtocol=h2 status=200 contentType=image/png bytesIn=42 bytesOut=6303 cache=miss decision=unknown reason=unsupported_gif source=error probability=-1.0 basis=none decodeMs=0.000 inferenceMs=0.000 localDecisionMs=0.000  requestToDeliveryMs=71.098 upstreamHeadersMs=61.284 sanitizeMs=2.424 downstreamWriteMs=1.670
09-08 00:09:35.995 17271 18031 I ChromePhotosDataPlane: origin=real hostClass=network hostHash=ee8cdc867bba487e method=GET clientProtocol=http/1.1 upstreamProtocol=h2 status=302 contentType= bytesIn=0 bytesOut=0 cache=miss decision=passthrough  requestToDeliveryMs=71.999 upstreamHeadersMs=60.831 sanitizeMs=3.967 downstreamWriteMs=4.013
09-08 00:09:36.391 17271 18031 I ChromePhotosDataPlane: origin=real hostClass=network hostHash=ee8cdc867bba487e method=GET clientProtocol=http/1.1 upstreamProtocol=h2 status=200 contentType=image/png bytesIn=42 bytesOut=6303 cache=miss decision=unknown reason=unsupported_gif source=error probability=-1.0 basis=none decodeMs=0.000 inferenceMs=0.000 localDecisionMs=0.000  requestToDeliveryMs=71.866 upstreamHeadersMs=64.603 sanitizeMs=1.894 downstreamWriteMs=2.288
09-08 00:09:36.621 17271 18031 I ChromePhotosDataPlane: origin=real hostClass=network hostHash=ee8cdc867bba487e method=POST clientProtocol=http/1.1 upstreamProtocol=h2 status=204 contentType=text/html bytesOut=0 transfer=fixed upstreamHeadersMs=53.461 downstreamWriteMs=0.434
09-08 00:09:36.627 17271 18031 I ChromePhotosDataPlane: phase=worker_ready correlationId=c16 admissionWaitMs=1855.967
09-08 00:09:36.642 17271 18031 I ChromePhotosDataPlane: phase=tls_ready correlationId=c16 hostClass=network hostHash=ee8cdc867bba487e clientProtocol=http/1.1 ca=d4c43613c3d9ba26
09-08 00:09:36.926 17271 18008 I ChromePhotosDataPlane: origin=real hostClass=network hostHash=fdbc7f1491a89ee6 method=GET clientProtocol=http/1.1 upstreamProtocol=h2 status=200 contentType=image/webp bytesIn=21480 bytesOut=21480 cache=miss decision=safe reason=model_allow source=engine probability=0.019576043 basis=None decodeMs=90.337 inferenceMs=676.190 localDecisionMs=777.365  requestToDeliveryMs=1605.315 upstreamHeadersMs=753.896 sanitizeMs=841.659 downstreamWriteMs=2.514
09-08 00:09:37.010 17271 18049 I ChromePhotosDataPlane: origin=real hostClass=network hostHash=f58aed0f48e58f0c method=GET clientProtocol=http/1.1 upstreamProtocol=h2 status=200 contentType=image/png bytesIn=769326 bytesOut=6303 cache=miss decision=unknown reason=image_format_unknown source=error probability=-1.0 basis=none decodeMs=0.000 inferenceMs=0.000 localDecisionMs=0.000  requestToDeliveryMs=701.173 upstreamHeadersMs=600.245 sanitizeMs=97.584 downstreamWriteMs=1.076
09-08 00:09:37.242 17271 18049 I ChromePhotosDataPlane: origin=real hostClass=network hostHash=f58aed0f48e58f0c method=GET clientProtocol=http/1.1 upstreamProtocol=h2 status=200 contentType=application/javascript bytesOut=175720 transfer=fixed upstreamHeadersMs=206.716 downstreamWriteMs=18.253
09-08 00:09:37.563 17271 18049 I ChromePhotosDataPlane: origin=real hostClass=network hostHash=f58aed0f48e58f0c method=GET clientProtocol=http/1.1 upstreamProtocol=h2 status=200 contentType=application/javascript bytesOut=173011 transfer=fixed upstreamHeadersMs=211.044 downstreamWriteMs=36.881
09-08 00:09:37.792 17271 18008 I ChromePhotosDataPlane: origin=real hostClass=network hostHash=fdbc7f1491a89ee6 method=GET clientProtocol=http/1.1 upstreamProtocol=h2 status=200 contentType=image/webp bytesIn=26888 bytesOut=26888 cache=miss decision=safe reason=model_allow source=engine probability=0.01354295 basis=None decodeMs=20.265 inferenceMs=556.786 localDecisionMs=578.169  requestToDeliveryMs=828.636 upstreamHeadersMs=193.077 sanitizeMs=628.537 downstreamWriteMs=2.582
09-08 00:09:37.868 17271 18049 I ChromePhotosDataPlane: origin=real hostClass=network hostHash=f58aed0f48e58f0c method=GET clientProtocol=http/1.1 upstreamProtocol=h2 status=200 contentType=application/javascript bytesOut=161143 transfer=fixed upstreamHeadersMs=210.670 downstreamWriteMs=50.141
09-08 00:09:38.134 17271 18049 I ChromePhotosDataPlane: origin=real hostClass=network hostHash=f58aed0f48e58f0c method=GET clientProtocol=http/1.1 upstreamProtocol=h2 status=200 contentType=application/javascript bytesOut=171663 transfer=fixed upstreamHeadersMs=206.626 downstreamWriteMs=36.136
09-08 00:09:38.418 17271 18049 I ChromePhotosDataPlane: origin=real hostClass=network hostHash=f58aed0f48e58f0c method=GET clientProtocol=http/1.1 upstreamProtocol=h2 status=200 contentType=application/javascript bytesOut=195194 transfer=fixed upstreamHeadersMs=207.565 downstreamWriteMs=36.421
09-08 00:09:38.622 17271 18008 I ChromePhotosDataPlane: origin=real hostClass=network hostHash=fdbc7f1491a89ee6 method=GET clientProtocol=http/1.1 upstreamProtocol=h2 status=200 contentType=image/webp bytesIn=16300 bytesOut=16300 cache=miss decision=safe reason=model_allow source=engine probability=0.26753896 basis=None decodeMs=14.748 inferenceMs=562.571 localDecisionMs=578.390  requestToDeliveryMs=790.862 upstreamHeadersMs=193.219 sanitizeMs=593.448 downstreamWriteMs=1.253
09-08 00:09:39.474 17271 18008 I ChromePhotosDataPlane: origin=real hostClass=network hostHash=fdbc7f1491a89ee6 method=GET clientProtocol=http/1.1 upstreamProtocol=h2 status=200 contentType=image/webp bytesIn=25378 bytesOut=25378 cache=miss decision=safe reason=model_allow source=engine probability=0.09926775 basis=None decodeMs=16.087 inferenceMs=555.437 localDecisionMs=573.218  requestToDeliveryMs=802.625 upstreamHeadersMs=191.245 sanitizeMs=608.823 downstreamWriteMs=0.626
09-08 00:09:40.313 17271 18008 I ChromePhotosDataPlane: origin=real hostClass=network hostHash=fdbc7f1491a89ee6 method=GET clientProtocol=http/1.1 upstreamProtocol=h2 status=200 contentType=image/webp bytesIn=16002 bytesOut=16002 cache=miss decision=safe reason=model_allow source=engine probability=0.06782976 basis=None decodeMs=19.385 inferenceMs=552.876 localDecisionMs=573.590  requestToDeliveryMs=796.898 upstreamHeadersMs=213.457 sanitizeMs=577.471 downstreamWriteMs=1.787
09-08 00:09:41.191 17271 18008 I ChromePhotosDataPlane: origin=real hostClass=network hostHash=fdbc7f1491a89ee6 method=GET clientProtocol=http/1.1 upstreamProtocol=h2 status=200 contentType=image/webp bytesIn=17738 bytesOut=17738 cache=miss decision=safe reason=model_allow source=engine probability=0.094395995 basis=None decodeMs=15.308 inferenceMs=575.511 localDecisionMs=592.015  requestToDeliveryMs=835.200 upstreamHeadersMs=219.330 sanitizeMs=610.657 downstreamWriteMs=2.247
09-08 00:09:41.215 17271 18049 I ChromePhotosDataPlane: origin=real hostClass=network hostHash=f58aed0f48e58f0c method=POST clientProtocol=http/1.1 upstreamProtocol=h2 status=200 contentType=application/json bytesOut=49 transfer=chunked upstreamHeadersMs=272.806 downstreamWriteMs=8.183
09-08 00:09:41.418 17271 18049 I ChromePhotosDataPlane: origin=real hostClass=network hostHash=f58aed0f48e58f0c method=POST clientProtocol=http/1.1 upstreamProtocol=h2 status=200 contentType=application/json bytesOut=832 transfer=chunked upstreamHeadersMs=193.301 downstreamWriteMs=0.578
09-08 00:09:41.562 17271 18008 I ChromePhotosDataPlane: origin=real hostClass=network hostHash=fdbc7f1491a89ee6 method=GET clientProtocol=http/1.1 upstreamProtocol=h2 status=200 contentType=image/png bytesIn=6621 bytesOut=6621 cache=miss decision=safe reason=model_allow source=engine probability=0.010038227 basis=None decodeMs=8.832 inferenceMs=133.513 localDecisionMs=143.218  requestToDeliveryMs=330.420 upstreamHeadersMs=181.803 sanitizeMs=144.510 downstreamWriteMs=1.048
09-08 00:09:41.668 17271 18049 I ChromePhotosDataPlane: origin=real hostClass=network hostHash=f58aed0f48e58f0c method=POST clientProtocol=http/1.1 upstreamProtocol=h2 status=200 contentType=application/json bytesOut=136 transfer=chunked upstreamHeadersMs=197.760 downstreamWriteMs=3.046
09-08 00:09:41.928 17271 18049 I ChromePhotosDataPlane: origin=real hostClass=network hostHash=f58aed0f48e58f0c method=POST clientProtocol=http/1.1 upstreamProtocol=h2 status=200 contentType=application/json bytesOut=94 transfer=chunked upstreamHeadersMs=216.218 downstreamWriteMs=3.299
09-08 00:09:41.972 17271 18008 I ChromePhotosDataPlane: origin=real hostClass=network hostHash=fdbc7f1491a89ee6 method=GET clientProtocol=http/1.1 upstreamProtocol=h2 status=200 contentType=image/png bytesIn=7462 bytesOut=7462 cache=miss decision=safe reason=model_allow source=engine probability=0.022609293 basis=None decodeMs=2.826 inferenceMs=133.769 localDecisionMs=137.580  requestToDeliveryMs=367.509 upstreamHeadersMs=217.177 sanitizeMs=144.174 downstreamWriteMs=1.710
09-08 00:09:42.206 17271 18049 I ChromePhotosDataPlane: origin=real hostClass=network hostHash=f58aed0f48e58f0c method=POST clientProtocol=http/1.1 upstreamProtocol=h2 status=200 contentType=application/json bytesOut=34021 transfer=chunked upstreamHeadersMs=224.240 downstreamWriteMs=5.955
09-08 00:09:42.386 17271 18008 I ChromePhotosDataPlane: origin=real hostClass=network hostHash=fdbc7f1491a89ee6 method=GET clientProtocol=http/1.1 upstreamProtocol=h2 status=200 contentType=image/png bytesIn=25318 bytesOut=25318 cache=miss decision=safe reason=model_allow source=engine probability=0.02602917 basis=None decodeMs=4.177 inferenceMs=136.325 localDecisionMs=142.834  requestToDeliveryMs=373.886 upstreamHeadersMs=194.681 sanitizeMs=173.035 downstreamWriteMs=1.533
09-08 00:09:42.462 17271 18049 I ChromePhotosDataPlane: origin=real hostClass=network hostHash=f58aed0f48e58f0c method=POST clientProtocol=http/1.1 upstreamProtocol=h2 status=200 contentType=application/json bytesOut=92 transfer=chunked upstreamHeadersMs=209.945 downstreamWriteMs=2.162
09-08 00:09:42.705 17271 18049 I ChromePhotosDataPlane: origin=real hostClass=network hostHash=f58aed0f48e58f0c method=POST clientProtocol=http/1.1 upstreamProtocol=h2 status=200 contentType=application/json bytesOut=943 transfer=chunked upstreamHeadersMs=199.526 downstreamWriteMs=0.602
09-08 00:09:43.261 17271 18008 I ChromePhotosDataPlane: origin=real hostClass=network hostHash=fdbc7f1491a89ee6 method=GET clientProtocol=http/1.1 upstreamProtocol=h2 status=200 contentType=image/webp bytesIn=24630 bytesOut=24630 cache=miss decision=safe reason=model_allow source=engine probability=0.24903974 basis=None decodeMs=15.565 inferenceMs=548.220 localDecisionMs=565.552  requestToDeliveryMs=830.639 upstreamHeadersMs=212.335 sanitizeMs=607.435 downstreamWriteMs=3.205
09-08 00:09:44.103 17271 18049 I ChromePhotosDataPlane: origin=real hostClass=network hostHash=f58aed0f48e58f0c method=POST clientProtocol=http/1.1 upstreamProtocol=h2 status=200 contentType=application/json bytesOut=27247 transfer=chunked upstreamHeadersMs=1325.067 downstreamWriteMs=6.622
09-08 00:09:44.166 17271 18008 I ChromePhotosDataPlane: origin=real hostClass=network hostHash=fdbc7f1491a89ee6 method=GET clientProtocol=http/1.1 upstreamProtocol=h2 status=200 contentType=image/webp bytesIn=38268 bytesOut=38268 cache=miss decision=safe reason=model_allow source=engine probability=0.10734418 basis=None decodeMs=18.895 inferenceMs=542.376 localDecisionMs=562.565  requestToDeliveryMs=863.353 upstreamHeadersMs=208.673 sanitizeMs=647.769 downstreamWriteMs=3.138
09-08 00:09:44.487 17271 18049 I ChromePhotosDataPlane: origin=real hostClass=network hostHash=f58aed0f48e58f0c method=POST clientProtocol=http/1.1 upstreamProtocol=h2 status=200 contentType=application/json bytesOut=1057 transfer=chunked upstreamHeadersMs=326.384 downstreamWriteMs=2.615
09-08 00:09:44.744 17271 18031 I ChromePhotosDataPlane: origin=real hostClass=network hostHash=ee8cdc867bba487e method=POST clientProtocol=http/1.1 upstreamProtocol=h2 status=302 contentType= bytesIn=0 bytesOut=0 cache=miss decision=passthrough  requestToDeliveryMs=192.443 upstreamHeadersMs=182.270 sanitizeMs=2.684 downstreamWriteMs=1.009
09-08 00:09:45.002 17271 18008 I ChromePhotosDataPlane: origin=real hostClass=network hostHash=fdbc7f1491a89ee6 method=GET clientProtocol=http/1.1 upstreamProtocol=h2 status=200 contentType=image/webp bytesIn=22370 bytesOut=22370 cache=miss decision=safe reason=model_allow source=engine probability=0.24491698 basis=None decodeMs=16.787 inferenceMs=542.889 localDecisionMs=561.379  requestToDeliveryMs=796.754 upstreamHeadersMs=184.978 sanitizeMs=604.967 downstreamWriteMs=1.959
09-08 00:09:45.864 17271 18008 I ChromePhotosDataPlane: origin=real hostClass=network hostHash=fdbc7f1491a89ee6 method=GET clientProtocol=http/1.1 upstreamProtocol=h2 status=200 contentType=image/webp bytesIn=14462 bytesOut=14462 cache=miss decision=safe reason=model_allow source=engine probability=0.029973358 basis=None decodeMs=14.958 inferenceMs=537.686 localDecisionMs=554.394  requestToDeliveryMs=817.569 upstreamHeadersMs=252.718 sanitizeMs=558.349 downstreamWriteMs=1.779
09-08 00:09:45.999 17271 18049 I ChromePhotosDataPlane: origin=real hostClass=network hostHash=f58aed0f48e58f0c method=POST clientProtocol=http/1.1 upstreamProtocol=h2 status=204 contentType= bytesOut=0 transfer=fixed upstreamHeadersMs=196.229 downstreamWriteMs=0.394
09-08 00:09:46.190 17271 18049 I ChromePhotosDataPlane: origin=real hostClass=network hostHash=f58aed0f48e58f0c method=POST clientProtocol=http/1.1 upstreamProtocol=h2 status=204 contentType= bytesOut=0 transfer=fixed upstreamHeadersMs=183.244 downstreamWriteMs=0.401
09-08 00:09:46.270 17271 18008 I ChromePhotosDataPlane: origin=real hostClass=network hostHash=fdbc7f1491a89ee6 method=GET clientProtocol=http/1.1 upstreamProtocol=h2 status=200 contentType=image/webp bytesIn=8344 bytesOut=8344 cache=miss decision=safe reason=model_allow source=engine probability=0.013767481 basis=None decodeMs=5.455 inferenceMs=133.680 localDecisionMs=140.217  requestToDeliveryMs=365.214 upstreamHeadersMs=213.241 sanitizeMs=144.884 downstreamWriteMs=1.845
09-08 00:09:46.686 17271 18008 I ChromePhotosDataPlane: origin=real hostClass=network hostHash=fdbc7f1491a89ee6 method=GET clientProtocol=http/1.1 upstreamProtocol=h2 status=200 contentType=image/webp bytesIn=2266 bytesOut=2266 cache=miss decision=safe reason=model_allow source=engine probability=0.01720336 basis=None decodeMs=5.186 inferenceMs=138.454 localDecisionMs=144.487  requestToDeliveryMs=374.053 upstreamHeadersMs=221.438 sanitizeMs=147.396 downstreamWriteMs=1.327
09-08 00:09:47.200 17271 18008 I ChromePhotosDataPlane: origin=real hostClass=network hostHash=fdbc7f1491a89ee6 method=GET clientProtocol=http/1.1 upstreamProtocol=h2 status=200 contentType=image/webp bytesIn=7354 bytesOut=7354 cache=miss decision=safe reason=model_allow source=engine probability=0.020469993 basis=None decodeMs=5.485 inferenceMs=134.061 localDecisionMs=140.632  requestToDeliveryMs=471.472 upstreamHeadersMs=316.288 sanitizeMs=150.271 downstreamWriteMs=1.416
09-08 00:09:47.611 17271 18008 I ChromePhotosDataPlane: origin=real hostClass=network hostHash=fdbc7f1491a89ee6 method=GET clientProtocol=http/1.1 upstreamProtocol=h2 status=200 contentType=image/webp bytesIn=4858 bytesOut=4858 cache=miss decision=safe reason=model_allow source=engine probability=0.0034654438 basis=None decodeMs=5.651 inferenceMs=133.527 localDecisionMs=140.717  requestToDeliveryMs=365.288 upstreamHeadersMs=209.755 sanitizeMs=148.415 downstreamWriteMs=1.867
09-08 00:09:48.120 17271 18008 I ChromePhotosDataPlane: origin=real hostClass=network hostHash=fdbc7f1491a89ee6 method=GET clientProtocol=http/1.1 upstreamProtocol=h2 status=200 contentType=image/webp bytesIn=5412 bytesOut=5412 cache=miss decision=safe reason=model_allow source=engine probability=0.06589651 basis=None decodeMs=5.487 inferenceMs=132.569 localDecisionMs=139.327  requestToDeliveryMs=466.711 upstreamHeadersMs=310.665 sanitizeMs=146.229 downstreamWriteMs=1.958
09-08 00:09:48.589 17271 18008 I ChromePhotosDataPlane: origin=real hostClass=network hostHash=fdbc7f1491a89ee6 method=GET clientProtocol=http/1.1 upstreamProtocol=h2 status=200 contentType=image/webp bytesIn=12548 bytesOut=12548 cache=miss decision=safe reason=model_allow source=engine probability=0.0034264326 basis=None decodeMs=6.029 inferenceMs=132.451 localDecisionMs=139.984  requestToDeliveryMs=428.740 upstreamHeadersMs=268.444 sanitizeMs=153.241 downstreamWriteMs=1.901
09-08 00:09:49.041 17271 18008 I ChromePhotosDataPlane: origin=real hostClass=network hostHash=fdbc7f1491a89ee6 method=GET clientProtocol=http/1.1 upstreamProtocol=h2 status=200 contentType=image/webp bytesIn=5666 bytesOut=5666 cache=miss decision=safe reason=model_allow source=engine probability=0.017977506 basis=None decodeMs=5.338 inferenceMs=132.266 localDecisionMs=138.583  requestToDeliveryMs=413.731 upstreamHeadersMs=260.886 sanitizeMs=145.840 downstreamWriteMs=1.736
09-08 00:09:49.453 17271 18008 I ChromePhotosDataPlane: origin=real hostClass=network hostHash=fdbc7f1491a89ee6 method=GET clientProtocol=http/1.1 upstreamProtocol=h2 status=200 contentType=image/webp bytesIn=4986 bytesOut=4986 cache=miss decision=safe reason=model_allow source=engine probability=0.006761968 basis=None decodeMs=5.327 inferenceMs=135.386 localDecisionMs=142.305  requestToDeliveryMs=374.133 upstreamHeadersMs=219.439 sanitizeMs=148.996 downstreamWriteMs=1.509
09-08 00:09:49.860 17271 18008 I ChromePhotosDataPlane: origin=real hostClass=network hostHash=fdbc7f1491a89ee6 method=GET clientProtocol=http/1.1 upstreamProtocol=h2 status=200 contentType=image/webp bytesIn=4912 bytesOut=4912 cache=miss decision=safe reason=model_allow source=engine probability=0.029026985 basis=None decodeMs=5.445 inferenceMs=133.222 localDecisionMs=139.549  requestToDeliveryMs=364.289 upstreamHeadersMs=212.466 sanitizeMs=145.465 downstreamWriteMs=1.568
09-08 00:09:50.278 17271 18008 I ChromePhotosDataPlane: origin=real hostClass=network hostHash=fdbc7f1491a89ee6 method=GET clientProtocol=http/1.1 upstreamProtocol=h2 status=200 contentType=image/webp bytesIn=2532 bytesOut=2532 cache=miss decision=safe reason=model_allow source=engine probability=0.008957833 basis=None decodeMs=5.739 inferenceMs=131.916 localDecisionMs=138.811  requestToDeliveryMs=378.218 upstreamHeadersMs=222.781 sanitizeMs=144.624 downstreamWriteMs=1.826
09-08 00:09:50.690 17271 18008 I ChromePhotosDataPlane: origin=real hostClass=network hostHash=fdbc7f1491a89ee6 method=GET clientProtocol=http/1.1 upstreamProtocol=h2 status=200 contentType=image/webp bytesIn=7148 bytesOut=7148 cache=miss decision=safe reason=model_allow source=engine probability=0.009210944 basis=None decodeMs=5.611 inferenceMs=131.914 localDecisionMs=139.424  requestToDeliveryMs=374.962 upstreamHeadersMs=212.401 sanitizeMs=147.144 downstreamWriteMs=6.645
09-08 00:09:51.094 17271 18008 I ChromePhotosDataPlane: origin=real hostClass=network hostHash=fdbc7f1491a89ee6 method=GET clientProtocol=http/1.1 upstreamProtocol=h2 status=200 contentType=image/webp bytesIn=4082 bytesOut=4082 cache=miss decision=safe reason=model_allow source=engine probability=0.01923281 basis=None decodeMs=5.624 inferenceMs=134.189 localDecisionMs=140.939  requestToDeliveryMs=367.626 upstreamHeadersMs=209.489 sanitizeMs=147.633 downstreamWriteMs=3.568
09-08 00:09:51.507 17271 18008 I ChromePhotosDataPlane: origin=real hostClass=network hostHash=fdbc7f1491a89ee6 method=GET clientProtocol=http/1.1 upstreamProtocol=h2 status=200 contentType=image/webp bytesIn=5646 bytesOut=5646 cache=miss decision=safe reason=model_allow source=engine probability=0.013387382 basis=None decodeMs=5.479 inferenceMs=135.971 localDecisionMs=142.667  requestToDeliveryMs=375.195 upstreamHeadersMs=214.953 sanitizeMs=152.582 downstreamWriteMs=2.027
09-08 00:09:51.854 17271 17969 I ChromePhotosDataPlane: phase=worker_ready correlationId=c17 admissionWaitMs=17071.610
09-08 00:09:51.865 17271 17969 W ChromePhotosDataPlane: phase=tls_failed side=client stage=handshake correlationId=c17 hostClass=network hostHash=ee8cdc867bba487e authorityHash=2518e6e6f2cfc946 sniHash=not_observed error=SSLHandshakeException rootCause=EOFException causeChain=v4>SSLHandshakeException>EOFException
09-08 00:09:51.865 17271 17969 I ChromePhotosDataPlane: phase=worker_ready correlationId=c18 admissionWaitMs=17080.833
09-08 00:09:51.870 17271 17969 W ChromePhotosDataPlane: phase=tls_failed side=client stage=handshake correlationId=c18 hostClass=network hostHash=ee8cdc867bba487e authorityHash=2518e6e6f2cfc946 sniHash=not_observed error=SSLHandshakeException rootCause=EOFException causeChain=v4>SSLHandshakeException>EOFException
09-08 00:09:51.871 17271 17969 I ChromePhotosDataPlane: phase=worker_ready correlationId=c19 admissionWaitMs=17081.900
09-08 00:09:52.011 17271 18008 I ChromePhotosDataPlane: origin=real hostClass=network hostHash=fdbc7f1491a89ee6 method=GET clientProtocol=http/1.1 upstreamProtocol=h2 status=200 contentType=image/webp bytesIn=3862 bytesOut=3862 cache=miss decision=safe reason=model_allow source=engine probability=0.021878213 basis=None decodeMs=5.348 inferenceMs=132.496 localDecisionMs=139.145  requestToDeliveryMs=464.433 upstreamHeadersMs=311.211 sanitizeMs=145.442 downstreamWriteMs=2.013
09-08 00:09:52.096 17271 17969 W ChromePhotosDataPlane: phase=tls_failed side=client stage=handshake correlationId=c19 hostClass=network hostHash=78545291017afd6d authorityHash=ff7b7b1aae4b5bdf sniHash=not_observed error=SSLHandshakeException rootCause=EOFException causeChain=v4>SSLHandshakeException>EOFException
09-08 00:09:52.096 17271 17969 I ChromePhotosDataPlane: phase=worker_ready correlationId=c20 admissionWaitMs=17301.309
09-08 00:09:52.149 17271 18022 I ChromePhotosDataPlane: phase=worker_ready correlationId=c21 admissionWaitMs=17312.370
09-08 00:09:52.527 17271 17969 W ChromePhotosDataPlane: phase=tls_failed side=client stage=handshake correlationId=c20 hostClass=network hostHash=0a2b1f067e5ed787 authorityHash=41729a6990971338 sniHash=not_observed error=SSLHandshakeException rootCause=EOFException causeChain=v4>SSLHandshakeException>EOFException
09-08 00:09:52.527 17271 17969 I ChromePhotosDataPlane: phase=worker_ready correlationId=c22 admissionWaitMs=17492.356
09-08 00:09:52.532 17271 17969 W ChromePhotosDataPlane: phase=tls_failed side=client stage=handshake correlationId=c22 hostClass=network hostHash=fdbc7f1491a89ee6 authorityHash=65a413f32554d893 sniHash=not_observed error=SSLHandshakeException rootCause=EOFException causeChain=v4>SSLHandshakeException>EOFException
09-08 00:09:52.532 17271 17969 I ChromePhotosDataPlane: phase=worker_ready correlationId=c23 admissionWaitMs=17493.328
09-08 00:09:52.534 17271 18022 W ChromePhotosDataPlane: phase=tls_failed side=client stage=handshake correlationId=c21 hostClass=network hostHash=fdbc7f1491a89ee6 authorityHash=65a413f32554d893 sniHash=not_observed error=SSLHandshakeException rootCause=EOFException causeChain=v4>SSLHandshakeException>EOFException
09-08 00:09:52.535 17271 18022 I ChromePhotosDataPlane: phase=worker_ready correlationId=c24 admissionWaitMs=17480.035
09-08 00:09:52.538 17271 17969 W ChromePhotosDataPlane: phase=tls_failed side=client stage=handshake correlationId=c23 hostClass=network hostHash=fdbc7f1491a89ee6 authorityHash=65a413f32554d893 sniHash=not_observed error=SSLHandshakeException rootCause=EOFException causeChain=v4>SSLHandshakeException>EOFException
09-08 00:09:52.538 17271 17969 I ChromePhotosDataPlane: phase=worker_ready correlationId=c25 admissionWaitMs=17466.676
09-08 00:09:52.544 17271 17969 W ChromePhotosDataPlane: phase=tls_failed side=client stage=handshake correlationId=c25 hostClass=network hostHash=fdbc7f1491a89ee6 authorityHash=65a413f32554d893 sniHash=not_observed error=SSLHandshakeException rootCause=EOFException causeChain=v4>SSLHandshakeException>EOFException
09-08 00:09:52.544 17271 17969 I ChromePhotosDataPlane: phase=worker_ready correlationId=c26 admissionWaitMs=16183.593
09-08 00:09:52.557 17271 18022 W ChromePhotosDataPlane: phase=tls_failed side=client stage=handshake correlationId=c24 hostClass=network hostHash=fdbc7f1491a89ee6 authorityHash=65a413f32554d893 sniHash=not_observed error=SSLHandshakeException rootCause=EOFException causeChain=v4>SSLHandshakeException>EOFException
09-08 00:09:52.557 17271 18022 I ChromePhotosDataPlane: phase=worker_ready correlationId=c27 admissionWaitMs=16189.366
09-08 00:09:52.583 17271 18022 W ChromePhotosDataPlane: phase=tls_failed side=client stage=handshake correlationId=c27 hostClass=network hostHash=f58aed0f48e58f0c authorityHash=d5a7643d7fc19ee6 sniHash=not_observed error=SSLHandshakeException rootCause=EOFException causeChain=v4>SSLHandshakeException>EOFException
09-08 00:09:52.583 17271 18022 I ChromePhotosDataPlane: phase=worker_ready correlationId=c28 admissionWaitMs=16202.635
09-08 00:09:52.634 17271 17969 W ChromePhotosDataPlane: phase=connection_failed correlationId=c26 error=UnknownHostException
09-08 00:09:52.634 17271 17969 I ChromePhotosDataPlane: phase=worker_ready correlationId=c29 admissionWaitMs=16166.981
09-08 00:09:52.794 17271 18008 I ChromePhotosDataPlane: origin=real hostClass=network hostHash=fdbc7f1491a89ee6 method=GET clientProtocol=http/1.1 upstreamProtocol=h2 status=200 contentType=image/webp bytesIn=2878 bytesOut=2878 cache=miss decision=safe reason=model_allow source=engine probability=0.039949685 basis=None decodeMs=15.213 inferenceMs=528.924 localDecisionMs=545.563  requestToDeliveryMs=742.879 upstreamHeadersMs=186.666 sanitizeMs=547.069 downstreamWriteMs=2.301
09-08 00:09:53.208 17271 18022 W ChromePhotosDataPlane: phase=tls_failed side=client stage=handshake correlationId=c28 hostClass=network hostHash=a599aeb3c7c1dfa5 authorityHash=aa700e22dbdbc8dd sniHash=not_observed error=SSLHandshakeException rootCause=EOFException causeChain=v4>SSLHandshakeException>EOFException
09-08 00:09:53.208 17271 18022 I ChromePhotosDataPlane: phase=worker_ready correlationId=c30 admissionWaitMs=16725.254
09-08 00:09:53.627 17271 18008 I ChromePhotosDataPlane: origin=real hostClass=network hostHash=fdbc7f1491a89ee6 method=GET clientProtocol=http/1.1 upstreamProtocol=h2 status=200 contentType=image/webp bytesIn=1952 bytesOut=1952 cache=miss decision=safe reason=model_allow source=engine probability=0.031541497 basis=None decodeMs=7.539 inferenceMs=525.250 localDecisionMs=533.843  requestToDeliveryMs=794.868 upstreamHeadersMs=253.712 sanitizeMs=537.395 downstreamWriteMs=1.020
09-08 00:09:53.869 17271 17969 W ChromePhotosDataPlane: phase=tls_failed side=client stage=handshake correlationId=c29 hostClass=network hostHash=935e0b482f6ac80a authorityHash=74e9ceeb583dab3e sniHash=not_observed error=SSLHandshakeException rootCause=EOFException causeChain=v4>SSLHandshakeException>EOFException
09-08 00:09:53.869 17271 17969 I ChromePhotosDataPlane: phase=worker_ready correlationId=c31 admissionWaitMs=17383.934
09-08 00:09:54.184 17271 18022 W ChromePhotosDataPlane: phase=tls_failed side=client stage=handshake correlationId=c30 hostClass=network hostHash=816fc26e8605f620 authorityHash=cb8b6ae5bccfe128 sniHash=not_observed error=SSLHandshakeException rootCause=EOFException causeChain=v4>SSLHandshakeException>EOFException
09-08 00:09:54.184 17271 18022 I ChromePhotosDataPlane: phase=worker_ready correlationId=c32 admissionWaitMs=17689.069
09-08 00:09:54.372 17271 17969 W ChromePhotosDataPlane: phase=tls_failed side=client stage=handshake correlationId=c31 hostClass=network hostHash=d84a36a05e56cc9d authorityHash=f7cfb0599893ab00 sniHash=not_observed error=SSLHandshakeException rootCause=EOFException causeChain=v4>SSLHandshakeException>EOFException
09-08 00:09:54.372 17271 17969 I ChromePhotosDataPlane: phase=worker_ready correlationId=c33 admissionWaitMs=17872.157
09-08 00:09:54.451 17271 18008 I ChromePhotosDataPlane: origin=real hostClass=network hostHash=fdbc7f1491a89ee6 method=GET clientProtocol=http/1.1 upstreamProtocol=h2 status=200 contentType=image/webp bytesIn=1754 bytesOut=1754 cache=miss decision=safe reason=model_allow source=engine probability=0.11835408 basis=None decodeMs=7.626 inferenceMs=529.510 localDecisionMs=538.939  requestToDeliveryMs=776.468 upstreamHeadersMs=226.409 sanitizeMs=542.525 downstreamWriteMs=2.054
09-08 00:09:54.590 17271 18011 I ChromePhotosDataPlane: phase=worker_ready correlationId=c34 admissionWaitMs=18082.521
09-08 00:09:54.653 17271 18022 W ChromePhotosDataPlane: phase=tls_failed side=client stage=handshake correlationId=c32 hostClass=network hostHash=df8ab3acb3324531 authorityHash=9f8e8877b59815fb sniHash=not_observed error=SSLHandshakeException rootCause=EOFException causeChain=v4>SSLHandshakeException>EOFException
09-08 00:09:54.653 17271 18022 I ChromePhotosDataPlane: phase=worker_ready correlationId=c35 admissionWaitMs=18142.210
09-08 00:09:55.024 17271 17971 I ChromePhotosDataPlane: phase=worker_ready correlationId=c36 admissionWaitMs=18486.675
09-08 00:09:55.029 17271 17969 W ChromePhotosDataPlane: phase=tls_failed side=client stage=handshake correlationId=c33 hostClass=network hostHash=f5594fab1b035ec0 authorityHash=1ee02e8bf7045fb1 sniHash=not_observed error=SSLHandshakeException rootCause=EOFException causeChain=v4>SSLHandshakeException>EOFException
09-08 00:09:55.029 17271 17969 I ChromePhotosDataPlane: phase=worker_ready correlationId=c37 admissionWaitMs=18471.075
09-08 00:09:55.034 17271 18013 I ChromePhotosDataPlane: phase=worker_ready correlationId=c38 admissionWaitMs=18465.396
09-08 00:09:55.230 17271 18008 I ChromePhotosDataPlane: origin=real hostClass=network hostHash=fdbc7f1491a89ee6 method=GET clientProtocol=http/1.1 upstreamProtocol=h2 status=200 contentType=image/webp bytesIn=2190 bytesOut=2190 cache=miss decision=safe reason=model_allow source=engine probability=0.03790164 basis=None decodeMs=12.140 inferenceMs=526.595 localDecisionMs=540.894  requestToDeliveryMs=736.612 upstreamHeadersMs=184.652 sanitizeMs=548.513 downstreamWriteMs=0.902
09-08 00:09:55.696 17271 18008 I ChromePhotosDataPlane: origin=real hostClass=network hostHash=fdbc7f1491a89ee6 method=GET clientProtocol=http/1.1 upstreamProtocol=h2 status=200 contentType=image/webp bytesIn=3140 bytesOut=3140 cache=miss decision=safe reason=model_allow source=engine probability=0.047480255 basis=None decodeMs=2.707 inferenceMs=133.825 localDecisionMs=137.358  requestToDeliveryMs=418.202 upstreamHeadersMs=267.966 sanitizeMs=138.876 downstreamWriteMs=1.627
09-08 00:09:56.096 17271 18011 W ChromePhotosDataPlane: phase=tls_failed side=client stage=handshake correlationId=c34 hostClass=network hostHash=46b26ca17b861b2a authorityHash=c2778f0a74bb2c29 sniHash=not_observed error=SSLHandshakeException rootCause=EOFException causeChain=v4>SSLHandshakeException>EOFException
09-08 00:09:56.096 17271 18011 I ChromePhotosDataPlane: phase=worker_ready correlationId=c39 admissionWaitMs=19423.159
09-08 00:09:56.102 17271 18008 I ChromePhotosDataPlane: origin=real hostClass=network hostHash=fdbc7f1491a89ee6 method=GET clientProtocol=http/1.1 upstreamProtocol=h2 status=200 contentType=image/webp bytesIn=3980 bytesOut=3980 cache=miss decision=safe reason=model_allow source=engine probability=0.0044358373 basis=None decodeMs=3.860 inferenceMs=132.034 localDecisionMs=137.100  requestToDeliveryMs=370.813 upstreamHeadersMs=223.878 sanitizeMs=138.750 downstreamWriteMs=4.006
09-08 00:09:56.511 17271 18008 I ChromePhotosDataPlane: origin=real hostClass=network hostHash=fdbc7f1491a89ee6 method=GET clientProtocol=http/1.1 upstreamProtocol=h2 status=200 contentType=image/webp bytesIn=10332 bytesOut=10332 cache=miss decision=safe reason=model_allow source=engine probability=0.19095385 basis=None decodeMs=4.190 inferenceMs=133.258 localDecisionMs=138.612  requestToDeliveryMs=364.654 upstreamHeadersMs=218.001 sanitizeMs=140.973 downstreamWriteMs=1.579
09-08 00:09:56.528 17271 18022 W ChromePhotosDataPlane: phase=tls_failed side=client stage=handshake correlationId=c35 hostClass=network hostHash=29078f5ef8eb9960 authorityHash=f55b0d68a261ec35 sniHash=not_observed error=SSLHandshakeException rootCause=EOFException causeChain=v4>SSLHandshakeException>EOFException
09-08 00:09:56.528 17271 18022 I ChromePhotosDataPlane: phase=worker_ready correlationId=c40 admissionWaitMs=19853.865
09-08 00:09:56.852 17271 17971 W ChromePhotosDataPlane: phase=tls_failed side=client stage=handshake correlationId=c36 hostClass=network hostHash=9d6e17ba2c400ce0 authorityHash=c762223be0685ba0 sniHash=not_observed error=SSLHandshakeException rootCause=EOFException causeChain=v4>SSLHandshakeException>EOFException
09-08 00:09:56.852 17271 17971 I ChromePhotosDataPlane: phase=worker_ready correlationId=c41 admissionWaitMs=20177.122
09-08 00:09:56.922 17271 18008 I ChromePhotosDataPlane: origin=real hostClass=network hostHash=fdbc7f1491a89ee6 method=GET clientProtocol=http/1.1 upstreamProtocol=h2 status=200 contentType=image/webp bytesIn=8446 bytesOut=8446 cache=miss decision=safe reason=model_allow source=engine probability=0.041372657 basis=None decodeMs=4.058 inferenceMs=133.236 localDecisionMs=138.589  requestToDeliveryMs=371.381 upstreamHeadersMs=221.663 sanitizeMs=140.911 downstreamWriteMs=2.381
09-08 00:09:57.200 17271 17969 W ChromePhotosDataPlane: phase=tls_failed side=client stage=handshake correlationId=c37 hostClass=network hostHash=191347bfe55d0ca9 authorityHash=e7ee83636d1c00e3 sniHash=not_observed error=SSLHandshakeException rootCause=EOFException causeChain=v4>SSLHandshakeException>EOFException
09-08 00:09:57.200 17271 17969 I ChromePhotosDataPlane: phase=worker_ready correlationId=c42 admissionWaitMs=20523.278
09-08 00:09:57.330 17271 18008 I ChromePhotosDataPlane: origin=real hostClass=network hostHash=fdbc7f1491a89ee6 method=GET clientProtocol=http/1.1 upstreamProtocol=h2 status=200 contentType=image/webp bytesIn=6940 bytesOut=6940 cache=miss decision=safe reason=model_allow source=engine probability=0.008428872 basis=None decodeMs=4.217 inferenceMs=134.828 localDecisionMs=139.911  requestToDeliveryMs=368.757 upstreamHeadersMs=220.896 sanitizeMs=142.238 downstreamWriteMs=1.632
09-08 00:09:57.558 17271 18013 W ChromePhotosDataPlane: phase=tls_failed side=client stage=handshake correlationId=c38 hostClass=network hostHash=4dce8d0b280a268f authorityHash=63fbf6e1021f067f sniHash=not_observed error=SSLHandshakeException rootCause=EOFException causeChain=v4>SSLHandshakeException>EOFException
09-08 00:09:57.559 17271 18013 I ChromePhotosDataPlane: phase=worker_ready correlationId=c43 admissionWaitMs=20864.227
09-08 00:09:57.743 17271 18008 I ChromePhotosDataPlane: origin=real hostClass=network hostHash=fdbc7f1491a89ee6 method=GET clientProtocol=http/1.1 upstreamProtocol=h2 status=200 contentType=image/webp bytesIn=8122 bytesOut=8122 cache=miss decision=safe reason=model_allow source=engine probability=0.004171163 basis=None decodeMs=4.340 inferenceMs=135.642 localDecisionMs=141.169  requestToDeliveryMs=369.015 upstreamHeadersMs=212.913 sanitizeMs=152.902 downstreamWriteMs=0.849
09-08 00:09:57.865 17271 18011 W ChromePhotosDataPlane: phase=tls_failed side=client stage=handshake correlationId=c39 hostClass=network hostHash=8d9559743b8b4225 authorityHash=56426c9effcbd950 sniHash=not_observed error=SSLHandshakeException rootCause=EOFException causeChain=v4>SSLHandshakeException>EOFException
09-08 00:09:57.865 17271 18011 I ChromePhotosDataPlane: phase=worker_ready correlationId=c44 admissionWaitMs=21099.398
09-08 00:09:58.092 17271 18022 W ChromePhotosDataPlane: phase=tls_failed side=client stage=handshake correlationId=c40 hostClass=network hostHash=f58aed0f48e58f0c authorityHash=d5a7643d7fc19ee6 sniHash=not_observed error=SSLHandshakeException rootCause=EOFException causeChain=v4>SSLHandshakeException>EOFException
09-08 00:09:58.092 17271 18022 I ChromePhotosDataPlane: phase=worker_ready correlationId=c45 admissionWaitMs=20194.827
09-08 00:09:58.096 17271 17971 W ChromePhotosDataPlane: phase=tls_failed side=client stage=handshake correlationId=c41 hostClass=network hostHash=f58aed0f48e58f0c authorityHash=d5a7643d7fc19ee6 sniHash=not_observed error=SSLHandshakeException rootCause=EOFException causeChain=v4>SSLHandshakeException>EOFException
09-08 00:09:58.097 17271 17971 I ChromePhotosDataPlane: phase=worker_ready correlationId=c46 admissionWaitMs=15220.266
09-08 00:09:58.097 17271 17969 W ChromePhotosDataPlane: phase=tls_failed side=client stage=handshake correlationId=c42 hostClass=network hostHash=f58aed0f48e58f0c authorityHash=d5a7643d7fc19ee6 sniHash=not_observed error=SSLHandshakeException rootCause=EOFException causeChain=v4>SSLHandshakeException>EOFException
09-08 00:09:58.097 17271 17969 I ChromePhotosDataPlane: phase=worker_ready correlationId=c47 admissionWaitMs=13601.641
09-08 00:09:58.473 17271 18013 W ChromePhotosDataPlane: phase=tls_failed side=client stage=handshake correlationId=c43 hostClass=network hostHash=66f6975d8388801b authorityHash=43c6bb7cc377e306 sniHash=not_observed error=SSLHandshakeException rootCause=EOFException causeChain=v4>SSLHandshakeException>EOFException
09-08 00:09:58.473 17271 18013 I ChromePhotosDataPlane: phase=worker_ready correlationId=c48 admissionWaitMs=13909.818
09-08 00:09:58.476 17271 18011 W ChromePhotosDataPlane: phase=tls_failed side=client stage=handshake correlationId=c44 hostClass=network hostHash=f58aed0f48e58f0c authorityHash=d5a7643d7fc19ee6 sniHash=not_observed error=SSLHandshakeException rootCause=EOFException causeChain=v4>SSLHandshakeException>EOFException
09-08 00:09:58.476 17271 18011 I ChromePhotosDataPlane: phase=worker_ready correlationId=c49 admissionWaitMs=13673.227
09-08 00:09:58.477 17271 18022 W ChromePhotosDataPlane: phase=tls_failed side=client stage=handshake correlationId=c45 hostClass=network hostHash=191347bfe55d0ca9 authorityHash=e7ee83636d1c00e3 sniHash=not_observed error=SSLHandshakeException rootCause=EOFException causeChain=v4>SSLHandshakeException>EOFException
09-08 00:09:58.477 17271 18022 I ChromePhotosDataPlane: phase=worker_ready correlationId=c50 admissionWaitMs=6621.981
09-08 00:09:58.565 17271 18008 I ChromePhotosDataPlane: origin=real hostClass=network hostHash=fdbc7f1491a89ee6 method=GET clientProtocol=http/1.1 upstreamProtocol=h2 status=200 contentType=image/webp bytesIn=2172 bytesOut=2172 cache=miss decision=safe reason=model_allow source=engine probability=0.04207182 basis=None decodeMs=8.083 inferenceMs=543.973 localDecisionMs=553.821  requestToDeliveryMs=776.100 upstreamHeadersMs=213.100 sanitizeMs=559.262 downstreamWriteMs=1.024
09-08 00:09:58.846 17271 17969 W ChromePhotosDataPlane: phase=tls_failed side=client stage=handshake correlationId=c47 hostClass=network hostHash=fa24434ded0218fe authorityHash=47d0a210f427e406 sniHash=not_observed error=SSLHandshakeException rootCause=EOFException causeChain=v4>SSLHandshakeException>EOFException
09-08 00:09:58.846 17271 17969 I ChromePhotosDataPlane: phase=worker_ready correlationId=c51 admissionWaitMs=6979.643
09-08 00:09:58.971 17271 18008 I ChromePhotosDataPlane: origin=real hostClass=network hostHash=fdbc7f1491a89ee6 method=GET clientProtocol=http/1.1 upstreamProtocol=h2 status=200 contentType=image/webp bytesIn=14270 bytesOut=14270 cache=miss decision=safe reason=model_allow source=engine probability=0.010012716 basis=None decodeMs=5.038 inferenceMs=135.841 localDecisionMs=141.751  requestToDeliveryMs=361.437 upstreamHeadersMs=212.794 sanitizeMs=144.610 downstreamWriteMs=0.975
09-08 00:09:59.136 17271 17971 W ChromePhotosDataPlane: phase=tls_failed side=client stage=handshake correlationId=c46 hostClass=network hostHash=abf8fbf760ef2a86 authorityHash=3ff935baa24d2721 sniHash=not_observed error=SSLHandshakeException rootCause=EOFException causeChain=v4>SSLHandshakeException>EOFException
09-08 00:09:59.136 17271 18011 W ChromePhotosDataPlane: phase=tls_failed side=client stage=handshake correlationId=c49 hostClass=network hostHash=191347bfe55d0ca9 authorityHash=e7ee83636d1c00e3 sniHash=not_observed error=SSLHandshakeException rootCause=EOFException causeChain=v4>SSLHandshakeException>EOFException
09-08 00:09:59.136 17271 17971 I ChromePhotosDataPlane: phase=worker_ready correlationId=c53 admissionWaitMs=7039.210
09-08 00:09:59.136 17271 18011 I ChromePhotosDataPlane: phase=worker_ready correlationId=c52 admissionWaitMs=7264.291
09-08 00:09:59.331 17271 18022 W ChromePhotosDataPlane: phase=tls_failed side=client stage=handshake correlationId=c50 hostClass=network hostHash=fdbc7f1491a89ee6 authorityHash=65a413f32554d893 sniHash=not_observed error=SSLHandshakeException rootCause=EOFException causeChain=v4>SSLHandshakeException>EOFException
09-08 00:09:59.331 17271 18022 I ChromePhotosDataPlane: phase=worker_ready correlationId=c54 admissionWaitMs=7179.803
09-08 00:09:59.384 17271 18008 I ChromePhotosDataPlane: origin=real hostClass=network hostHash=fdbc7f1491a89ee6 method=GET clientProtocol=http/1.1 upstreamProtocol=h2 status=200 contentType=image/webp bytesIn=13682 bytesOut=13682 cache=miss decision=safe reason=model_allow source=engine probability=0.021669686 basis=None decodeMs=4.820 inferenceMs=134.275 localDecisionMs=140.570  requestToDeliveryMs=373.892 upstreamHeadersMs=215.465 sanitizeMs=153.248 downstreamWriteMs=1.068
09-08 00:09:59.909 17271 18013 W ChromePhotosDataPlane: phase=tls_failed side=client stage=handshake correlationId=c48 hostClass=network hostHash=ef6a1cd63150fbbc authorityHash=ee941ac7598b9a57 sniHash=not_observed error=SSLHandshakeException rootCause=EOFException causeChain=v4>SSLHandshakeException>EOFException
09-08 00:09:59.909 17271 18013 I ChromePhotosDataPlane: phase=worker_ready correlationId=c55 admissionWaitMs=7379.832
09-08 00:09:59.914 17271 18013 W ChromePhotosDataPlane: phase=tls_failed side=client stage=handshake correlationId=c55 hostClass=network hostHash=fdbc7f1491a89ee6 authorityHash=65a413f32554d893 sniHash=not_observed error=SSLHandshakeException rootCause=EOFException causeChain=v4>SSLHandshakeException>EOFException
09-08 00:09:59.914 17271 18013 I ChromePhotosDataPlane: phase=worker_ready correlationId=c56 admissionWaitMs=7379.395
09-08 00:09:59.915 17271 17969 W ChromePhotosDataPlane: phase=tls_failed side=client stage=handshake correlationId=c51 hostClass=network hostHash=191347bfe55d0ca9 authorityHash=e7ee83636d1c00e3 sniHash=not_observed error=SSLHandshakeException rootCause=EOFException causeChain=v4>SSLHandshakeException>EOFException
09-08 00:09:59.915 17271 17969 I ChromePhotosDataPlane: phase=worker_ready correlationId=c57 admissionWaitMs=7379.071
09-08 00:09:59.920 17271 17971 W ChromePhotosDataPlane: phase=tls_failed side=client stage=handshake correlationId=c53 hostClass=network hostHash=fdbc7f1491a89ee6 authorityHash=65a413f32554d893 sniHash=not_observed error=SSLHandshakeException rootCause=EOFException causeChain=v4>SSLHandshakeException>EOFException
09-08 00:09:59.920 17271 18022 W ChromePhotosDataPlane: phase=tls_failed side=client stage=handshake correlationId=c54 hostClass=network hostHash=191347bfe55d0ca9 authorityHash=e7ee83636d1c00e3 sniHash=not_observed error=SSLHandshakeException rootCause=EOFException causeChain=v4>SSLHandshakeException>EOFException
09-08 00:09:59.920 17271 18011 W ChromePhotosDataPlane: phase=tls_failed side=client stage=handshake correlationId=c52 hostClass=network hostHash=191347bfe55d0ca9 authorityHash=e7ee83636d1c00e3 sniHash=not_observed error=SSLHandshakeException rootCause=EOFException causeChain=v4>SSLHandshakeException>EOFException
09-08 00:09:59.920 17271 18011 I ChromePhotosDataPlane: phase=worker_ready correlationId=c58 admissionWaitMs=7380.171
09-08 00:09:59.921 17271 17971 I ChromePhotosDataPlane: phase=worker_ready correlationId=c60 admissionWaitMs=7361.765
09-08 00:09:59.921 17271 18022 I ChromePhotosDataPlane: phase=worker_ready correlationId=c59 admissionWaitMs=7374.149
09-08 00:09:59.925 17271 18013 W ChromePhotosDataPlane: phase=tls_failed side=client stage=handshake correlationId=c56 hostClass=network hostHash=fdbc7f1491a89ee6 authorityHash=65a413f32554d893 sniHash=not_observed error=SSLHandshakeException rootCause=EOFException causeChain=v4>SSLHandshakeException>EOFException
09-08 00:09:59.925 17271 18013 I ChromePhotosDataPlane: phase=worker_ready correlationId=c61 admissionWaitMs=7341.432
09-08 00:09:59.930 17271 17969 W ChromePhotosDataPlane: phase=tls_failed side=client stage=handshake correlationId=c57 hostClass=network hostHash=fdbc7f1491a89ee6 authorityHash=65a413f32554d893 sniHash=not_observed error=SSLHandshakeException rootCause=EOFException causeChain=v4>SSLHandshakeException>EOFException
09-08 00:09:59.930 17271 17969 I ChromePhotosDataPlane: phase=worker_ready correlationId=c62 admissionWaitMs=7295.287
09-08 00:09:59.939 17271 18022 W ChromePhotosDataPlane: phase=tls_failed side=client stage=handshake correlationId=c59 hostClass=network hostHash=fa24434ded0218fe authorityHash=47d0a210f427e406 sniHash=not_observed error=SSLHandshakeException rootCause=EOFException causeChain=v4>SSLHandshakeException>EOFException
09-08 00:09:59.939 17271 18022 I ChromePhotosDataPlane: phase=worker_ready correlationId=c63 admissionWaitMs=6728.935
09-08 00:09:59.941 17271 17971 W ChromePhotosDataPlane: phase=tls_failed side=client stage=handshake correlationId=c60 hostClass=network hostHash=fa24434ded0218fe authorityHash=47d0a210f427e406 sniHash=not_observed error=SSLHandshakeException rootCause=EOFException causeChain=v4>SSLHandshakeException>EOFException
09-08 00:09:59.942 17271 17971 I ChromePhotosDataPlane: phase=worker_ready correlationId=c64 admissionWaitMs=6070.788
09-08 00:09:59.950 17271 17971 W ChromePhotosDataPlane: phase=tls_failed side=client stage=handshake correlationId=c64 hostClass=network hostHash=191347bfe55d0ca9 authorityHash=e7ee83636d1c00e3 sniHash=not_observed error=SSLHandshakeException rootCause=EOFException causeChain=v4>SSLHandshakeException>EOFException
09-08 00:09:59.950 17271 17971 I ChromePhotosDataPlane: phase=worker_ready correlationId=c65 admissionWaitMs=5764.049
09-08 00:09:59.950 17271 18011 W ChromePhotosDataPlane: phase=tls_failed side=client stage=handshake correlationId=c58 hostClass=network hostHash=fa24434ded0218fe authorityHash=47d0a210f427e406 sniHash=not_observed error=SSLHandshakeException rootCause=EOFException causeChain=v4>SSLHandshakeException>EOFException
09-08 00:09:59.951 17271 18011 I ChromePhotosDataPlane: phase=worker_ready correlationId=c66 admissionWaitMs=5575.329
09-08 00:09:59.957 17271 17971 W ChromePhotosDataPlane: phase=tls_failed side=client stage=handshake correlationId=c65 hostClass=network hostHash=191347bfe55d0ca9 authorityHash=e7ee83636d1c00e3 sniHash=not_observed error=SSLHandshakeException rootCause=EOFException causeChain=v4>SSLHandshakeException>EOFException
09-08 00:09:59.958 17271 17971 I ChromePhotosDataPlane: phase=worker_ready correlationId=c67 admissionWaitMs=5365.829
09-08 00:09:59.976 17271 18011 I ChromePhotosDataPlane: phase=tls_ready correlationId=c66 hostClass=network hostHash=abf8fbf760ef2a86 clientProtocol=http/1.1 ca=d4c43613c3d9ba26
09-08 00:09:59.976 17271 17971 I ChromePhotosDataPlane: phase=tls_ready correlationId=c67 hostClass=network hostHash=abf8fbf760ef2a86 clientProtocol=http/1.1 ca=d4c43613c3d9ba26
09-08 00:10:00.199 17271 18008 I ChromePhotosDataPlane: origin=real hostClass=network hostHash=fdbc7f1491a89ee6 method=GET clientProtocol=http/1.1 upstreamProtocol=h2 status=200 contentType=image/webp bytesIn=1588 bytesOut=1588 cache=miss decision=safe reason=model_allow source=engine probability=0.0381563 basis=None decodeMs=8.103 inferenceMs=545.905 localDecisionMs=555.148  requestToDeliveryMs=773.250 upstreamHeadersMs=212.503 sanitizeMs=556.740 downstreamWriteMs=1.162
09-08 00:10:00.268 17271 18013 W ChromePhotosDataPlane: phase=tls_failed side=client stage=handshake correlationId=c61 hostClass=network hostHash=f866b7a904344e57 authorityHash=738b4744e21d39c6 sniHash=not_observed error=SSLHandshakeException rootCause=EOFException causeChain=v4>SSLHandshakeException>EOFException
09-08 00:10:00.268 17271 18013 I ChromePhotosDataPlane: phase=worker_ready correlationId=c68 admissionWaitMs=5457.274
09-08 00:10:00.377 17271 17971 I ChromePhotosDataPlane: origin=real hostClass=network hostHash=abf8fbf760ef2a86 method=GET clientProtocol=http/1.1 upstreamProtocol=h2 status=200 contentType=image/png bytesIn=0 bytesOut=6303 cache=miss decision=unknown reason=encoded_image_unsupported source=error probability=-1.0 basis=none decodeMs=0.000 inferenceMs=0.000 localDecisionMs=0.000  requestToDeliveryMs=398.217 upstreamHeadersMs=389.923 sanitizeMs=0.489 downstreamWriteMs=4.501
09-08 00:10:00.428 17271 17969 W ChromePhotosDataPlane: phase=tls_failed side=client stage=handshake correlationId=c62 hostClass=network hostHash=505bd18b6650e44b authorityHash=5bd36264183cdbe9 sniHash=not_observed error=SSLHandshakeException rootCause=EOFException causeChain=v4>SSLHandshakeException>EOFException
09-08 00:10:00.428 17271 17969 I ChromePhotosDataPlane: phase=worker_ready correlationId=c69 admissionWaitMs=5402.596
09-08 00:10:00.573 17271 18008 I ChromePhotosDataPlane: origin=real hostClass=network hostHash=fdbc7f1491a89ee6 method=GET clientProtocol=http/1.1 upstreamProtocol=h2 status=200 contentType=image/webp bytesIn=3330 bytesOut=3330 cache=miss decision=safe reason=model_allow source=engine probability=0.024564207 basis=None decodeMs=4.527 inferenceMs=134.921 localDecisionMs=140.421  requestToDeliveryMs=331.023 upstreamHeadersMs=177.823 sanitizeMs=146.552 downstreamWriteMs=1.898
09-08 00:10:00.619 17271 18022 W ChromePhotosDataPlane: phase=tls_failed side=client stage=handshake correlationId=c63 hostClass=network hostHash=7ffe8698ca81d914 authorityHash=6f0aab4b3b9c7c91 sniHash=not_observed error=SSLHandshakeException rootCause=EOFException causeChain=v4>SSLHandshakeException>EOFException
09-08 00:10:00.619 17271 18022 I ChromePhotosDataPlane: phase=worker_ready correlationId=c70 admissionWaitMs=5573.127
09-08 00:10:00.633 17271 18013 I ChromePhotosDataPlane: phase=tls_ready correlationId=c68 hostClass=network hostHash=191347bfe55d0ca9 clientProtocol=http/1.1 ca=d4c43613c3d9ba26
09-08 00:10:00.638 17271 18022 I ChromePhotosDataPlane: phase=tls_ready correlationId=c70 hostClass=network hostHash=191347bfe55d0ca9 clientProtocol=http/1.1 ca=d4c43613c3d9ba26
09-08 00:10:00.640 17271 17969 I ChromePhotosDataPlane: phase=tls_ready correlationId=c69 hostClass=network hostHash=fdbc7f1491a89ee6 clientProtocol=http/1.1 ca=d4c43613c3d9ba26
09-08 00:10:00.641 17271 18011 I ChromePhotosDataPlane: origin=real hostClass=network hostHash=abf8fbf760ef2a86 method=GET clientProtocol=http/1.1 upstreamProtocol=h2 status=200 contentType=image/png bytesIn=0 bytesOut=6303 cache=miss decision=unknown reason=encoded_image_unsupported source=error probability=-1.0 basis=none decodeMs=0.000 inferenceMs=0.000 localDecisionMs=0.000  requestToDeliveryMs=263.914 upstreamHeadersMs=258.492 sanitizeMs=0.271 downstreamWriteMs=2.115
09-08 00:10:00.805 17271 18022 I ChromePhotosDataPlane: origin=real hostClass=network hostHash=191347bfe55d0ca9 method=POST clientProtocol=http/1.1 upstreamProtocol=h2 status=200 contentType=text/plain bytesOut=0 transfer=fixed upstreamHeadersMs=157.050 downstreamWriteMs=0.409
09-08 00:10:00.813 17271 18022 I ChromePhotosDataPlane: phase=worker_ready correlationId=c71 admissionWaitMs=5765.456
09-08 00:10:00.829 17271 18013 I ChromePhotosDataPlane: origin=real hostClass=network hostHash=191347bfe55d0ca9 method=POST clientProtocol=http/1.1 upstreamProtocol=h2 status=200 contentType=text/html bytesOut=0 transfer=fixed upstreamHeadersMs=172.864 downstreamWriteMs=1.328
09-08 00:10:00.833 17271 18013 I ChromePhotosDataPlane: phase=worker_ready correlationId=c72 admissionWaitMs=4735.161
09-08 00:10:00.834 17271 18022 I ChromePhotosDataPlane: phase=tls_ready correlationId=c71 hostClass=network hostHash=191347bfe55d0ca9 clientProtocol=http/1.1 ca=d4c43613c3d9ba26
09-08 00:10:00.868 17271 18013 I ChromePhotosDataPlane: phase=tls_ready correlationId=c72 hostClass=network hostHash=fdbc7f1491a89ee6 clientProtocol=http/1.1 ca=d4c43613c3d9ba26
09-08 00:10:00.907 17271 18022 I ChromePhotosDataPlane: origin=real hostClass=network hostHash=191347bfe55d0ca9 method=POST clientProtocol=http/1.1 upstreamProtocol=h2 status=200 contentType=text/html bytesOut=0 transfer=fixed upstreamHeadersMs=68.895 downstreamWriteMs=0.431
09-08 00:10:00.918 17271 18022 I ChromePhotosDataPlane: phase=worker_ready correlationId=c73 admissionWaitMs=4386.317
09-08 00:10:00.948 17271 18022 I ChromePhotosDataPlane: phase=tls_ready correlationId=c73 hostClass=network hostHash=191347bfe55d0ca9 clientProtocol=http/1.1 ca=d4c43613c3d9ba26
09-08 00:10:00.951 17271 18008 I ChromePhotosDataPlane: origin=real hostClass=network hostHash=fdbc7f1491a89ee6 method=GET clientProtocol=http/1.1 upstreamProtocol=h2 status=200 contentType=image/png bytesIn=8334 bytesOut=6303 cache=miss decision=block reason=model_filter source=engine probability=0.6941216 basis=FullThreshold decodeMs=4.417 inferenceMs=134.077 localDecisionMs=140.003  requestToDeliveryMs=339.144 upstreamHeadersMs=193.285 sanitizeMs=142.046 downstreamWriteMs=1.591
09-08 00:10:01.004 17271 18022 I ChromePhotosDataPlane: origin=real hostClass=network hostHash=191347bfe55d0ca9 method=POST clientProtocol=http/1.1 upstreamProtocol=h2 status=200 contentType=text/plain bytesOut=0 transfer=fixed upstreamHeadersMs=52.400 downstreamWriteMs=0.464
09-08 00:10:01.010 17271 18022 I ChromePhotosDataPlane: phase=worker_ready correlationId=c74 admissionWaitMs=4155.404
09-08 00:10:01.032 17271 18022 I ChromePhotosDataPlane: phase=tls_ready correlationId=c74 hostClass=network hostHash=fdbc7f1491a89ee6 clientProtocol=http/1.1 ca=d4c43613c3d9ba26
09-08 00:10:01.121 17271 17969 I ChromePhotosDataPlane: origin=real hostClass=network hostHash=fdbc7f1491a89ee6 method=GET clientProtocol=http/1.1 upstreamProtocol=h2 status=200 contentType=image/webp bytesIn=14884 bytesOut=14884 cache=miss decision=safe reason=model_allow source=engine probability=0.009524494 basis=None decodeMs=5.317 inferenceMs=134.605 localDecisionMs=141.262  requestToDeliveryMs=472.709 upstreamHeadersMs=327.043 sanitizeMs=144.061 downstreamWriteMs=0.497
09-08 00:10:01.278 17271 18013 I ChromePhotosDataPlane: origin=real hostClass=network hostHash=fdbc7f1491a89ee6 method=GET clientProtocol=http/1.1 upstreamProtocol=h2 status=200 contentType=image/webp bytesIn=8562 bytesOut=8562 cache=miss decision=safe reason=model_allow source=engine probability=0.023967534 basis=None decodeMs=4.211 inferenceMs=133.639 localDecisionMs=138.627  requestToDeliveryMs=404.134 upstreamHeadersMs=261.424 sanitizeMs=140.911 downstreamWriteMs=0.450
09-08 00:10:01.475 17271 18022 I ChromePhotosDataPlane: origin=real hostClass=network hostHash=fdbc7f1491a89ee6 method=GET clientProtocol=http/1.1 upstreamProtocol=h2 status=200 contentType=image/webp bytesIn=17956 bytesOut=17956 cache=miss decision=safe reason=model_allow source=engine probability=0.1295146 basis=None decodeMs=5.581 inferenceMs=133.402 localDecisionMs=139.944  requestToDeliveryMs=435.774 upstreamHeadersMs=273.913 sanitizeMs=152.875 downstreamWriteMs=2.657
09-08 00:10:01.614 17271 18008 I ChromePhotosDataPlane: origin=real hostClass=network hostHash=fdbc7f1491a89ee6 method=GET clientProtocol=http/1.1 upstreamProtocol=h2 status=200 contentType=image/webp bytesIn=8642 bytesOut=8642 cache=miss decision=safe reason=model_allow source=engine probability=0.039247274 basis=None decodeMs=4.075 inferenceMs=132.428 localDecisionMs=249.996  requestToDeliveryMs=617.532 upstreamHeadersMs=344.366 sanitizeMs=265.808 downstreamWriteMs=1.594
09-08 00:10:01.742 17271 17969 I ChromePhotosDataPlane: origin=real hostClass=network hostHash=fdbc7f1491a89ee6 method=GET clientProtocol=http/1.1 upstreamProtocol=h2 status=200 contentType=image/webp bytesIn=7652 bytesOut=7652 cache=miss decision=safe reason=model_allow source=engine probability=0.01052323 basis=None decodeMs=3.830 inferenceMs=132.175 localDecisionMs=271.025  requestToDeliveryMs=576.859 upstreamHeadersMs=302.160 sanitizeMs=273.078 downstreamWriteMs=0.418
09-08 00:10:01.883 17271 18013 I ChromePhotosDataPlane: origin=real hostClass=network hostHash=fdbc7f1491a89ee6 method=GET clientProtocol=http/1.1 upstreamProtocol=h2 status=200 contentType=image/webp bytesIn=10418 bytesOut=10418 cache=miss decision=safe reason=model_allow source=engine probability=0.068992525 basis=None decodeMs=4.211 inferenceMs=131.268 localDecisionMs=162.799  requestToDeliveryMs=554.744 upstreamHeadersMs=360.744 sanitizeMs=187.812 downstreamWriteMs=1.653
09-08 00:10:02.014 17271 18008 I ChromePhotosDataPlane: origin=real hostClass=network hostHash=fdbc7f1491a89ee6 method=GET clientProtocol=http/1.1 upstreamProtocol=h2 status=200 contentType=image/webp bytesIn=9462 bytesOut=9462 cache=miss decision=safe reason=model_allow source=engine probability=0.028835893 basis=None decodeMs=3.956 inferenceMs=131.104 localDecisionMs=155.471  requestToDeliveryMs=359.816 upstreamHeadersMs=200.542 sanitizeMs=157.600 downstreamWriteMs=0.469
09-08 00:10:02.152 17271 18022 I ChromePhotosDataPlane: origin=real hostClass=network hostHash=fdbc7f1491a89ee6 method=GET clientProtocol=http/1.1 upstreamProtocol=h2 status=200 contentType=image/webp bytesIn=13128 bytesOut=13128 cache=miss decision=safe reason=model_allow source=engine probability=0.15108785 basis=None decodeMs=5.107 inferenceMs=132.608 localDecisionMs=258.183  requestToDeliveryMs=635.450 upstreamHeadersMs=372.725 sanitizeMs=260.956 downstreamWriteMs=0.477
09-08 00:10:02.295 17271 17969 I ChromePhotosDataPlane: origin=real hostClass=network hostHash=fdbc7f1491a89ee6 method=GET clientProtocol=http/1.1 upstreamProtocol=h2 status=200 contentType=image/webp bytesIn=8932 bytesOut=8932 cache=miss decision=safe reason=model_allow source=engine probability=0.17002895 basis=None decodeMs=4.109 inferenceMs=132.528 localDecisionMs=265.210  requestToDeliveryMs=498.691 upstreamHeadersMs=215.292 sanitizeMs=275.346 downstreamWriteMs=2.081
09-08 00:10:02.434 17271 18013 I ChromePhotosDataPlane: origin=real hostClass=network hostHash=fdbc7f1491a89ee6 method=GET clientProtocol=http/1.1 upstreamProtocol=h2 status=200 contentType=image/webp bytesIn=13942 bytesOut=13942 cache=miss decision=safe reason=model_allow source=engine probability=0.0045351386 basis=None decodeMs=4.779 inferenceMs=133.236 localDecisionMs=212.502  requestToDeliveryMs=497.930 upstreamHeadersMs=246.872 sanitizeMs=240.954 downstreamWriteMs=2.175
09-08 00:10:02.977 17271 18008 I ChromePhotosDataPlane: origin=real hostClass=network hostHash=fdbc7f1491a89ee6 method=GET clientProtocol=http/1.1 upstreamProtocol=h2 status=200 contentType=image/webp bytesIn=2542 bytesOut=2542 cache=miss decision=safe reason=model_allow source=engine probability=0.06777713 basis=None decodeMs=7.781 inferenceMs=533.172 localDecisionMs=640.862  requestToDeliveryMs=916.068 upstreamHeadersMs=262.711 sanitizeMs=644.773 downstreamWriteMs=4.928
09-08 00:10:03.114 17271 18022 I ChromePhotosDataPlane: origin=real hostClass=network hostHash=fdbc7f1491a89ee6 method=GET clientProtocol=http/1.1 upstreamProtocol=h2 status=200 contentType=image/webp bytesIn=4080 bytesOut=4080 cache=miss decision=safe reason=model_allow source=engine probability=0.011391073 basis=None decodeMs=3.901 inferenceMs=132.122 localDecisionMs=611.763  requestToDeliveryMs=899.718 upstreamHeadersMs=266.566 sanitizeMs=622.803 downstreamWriteMs=2.130
09-08 00:10:03.249 17271 17969 I ChromePhotosDataPlane: origin=real hostClass=network hostHash=fdbc7f1491a89ee6 method=GET clientProtocol=http/1.1 upstreamProtocol=h2 status=200 contentType=image/webp bytesIn=11582 bytesOut=11582 cache=miss decision=safe reason=model_allow source=engine probability=0.004140049 basis=None decodeMs=4.765 inferenceMs=132.885 localDecisionMs=259.888  requestToDeliveryMs=903.374 upstreamHeadersMs=316.098 sanitizeMs=579.627 downstreamWriteMs=1.884
09-08 00:10:03.391 17271 18013 I ChromePhotosDataPlane: origin=real hostClass=network hostHash=fdbc7f1491a89ee6 method=GET clientProtocol=http/1.1 upstreamProtocol=h2 status=200 contentType=image/webp bytesIn=4174 bytesOut=4174 cache=miss decision=safe reason=model_allow source=engine probability=0.0042713583 basis=None decodeMs=4.030 inferenceMs=132.932 localDecisionMs=267.003  requestToDeliveryMs=901.356 upstreamHeadersMs=311.412 sanitizeMs=576.259 downstreamWriteMs=2.610
09-08 00:10:03.524 17271 18008 I ChromePhotosDataPlane: origin=real hostClass=network hostHash=fdbc7f1491a89ee6 method=GET clientProtocol=http/1.1 upstreamProtocol=h2 status=200 contentType=image/webp bytesIn=5498 bytesOut=5498 cache=miss decision=safe reason=model_allow source=engine probability=0.0055903792 basis=None decodeMs=3.993 inferenceMs=133.581 localDecisionMs=268.593  requestToDeliveryMs=493.346 upstreamHeadersMs=193.283 sanitizeMs=291.811 downstreamWriteMs=1.680
09-08 00:10:03.663 17271 18022 I ChromePhotosDataPlane: origin=real hostClass=network hostHash=fdbc7f1491a89ee6 method=GET clientProtocol=http/1.1 upstreamProtocol=h2 status=200 contentType=image/webp bytesIn=13510 bytesOut=13510 cache=miss decision=safe reason=model_allow source=engine probability=0.016775787 basis=None decodeMs=4.793 inferenceMs=133.022 localDecisionMs=229.897  requestToDeliveryMs=509.942 upstreamHeadersMs=246.426 sanitizeMs=256.759 downstreamWriteMs=2.718
09-08 00:10:03.804 17271 17969 I ChromePhotosDataPlane: origin=real hostClass=network hostHash=fdbc7f1491a89ee6 method=GET clientProtocol=http/1.1 upstreamProtocol=h2 status=200 contentType=image/webp bytesIn=8904 bytesOut=8904 cache=miss decision=safe reason=model_allow source=engine probability=0.024157077 basis=None decodeMs=4.469 inferenceMs=133.041 localDecisionMs=239.757  requestToDeliveryMs=500.757 upstreamHeadersMs=240.480 sanitizeMs=249.793 downstreamWriteMs=1.665
09-08 00:10:03.939 17271 18013 I ChromePhotosDataPlane: origin=real hostClass=network hostHash=fdbc7f1491a89ee6 method=GET clientProtocol=http/1.1 upstreamProtocol=h2 status=200 contentType=image/webp bytesIn=4032 bytesOut=4032 cache=miss decision=safe reason=model_allow source=engine probability=0.045313567 basis=None decodeMs=5.150 inferenceMs=133.020 localDecisionMs=228.507  requestToDeliveryMs=509.414 upstreamHeadersMs=268.074 sanitizeMs=236.002 downstreamWriteMs=1.473
09-08 00:10:04.119 17271 18008 I ChromePhotosDataPlane: origin=real hostClass=network hostHash=fdbc7f1491a89ee6 method=GET clientProtocol=http/1.1 upstreamProtocol=h2 status=200 contentType=image/webp bytesIn=9276 bytesOut=9276 cache=miss decision=safe reason=model_allow source=engine probability=0.021775156 basis=None decodeMs=5.467 inferenceMs=135.417 localDecisionMs=142.154  requestToDeliveryMs=552.988 upstreamHeadersMs=400.777 sanitizeMs=144.527 downstreamWriteMs=2.463
09-08 00:10:04.260 17271 18022 I ChromePhotosDataPlane: origin=real hostClass=network hostHash=fdbc7f1491a89ee6 method=GET clientProtocol=http/1.1 upstreamProtocol=h2 status=200 contentType=image/webp bytesIn=6094 bytesOut=6094 cache=miss decision=safe reason=model_allow source=engine probability=0.016579151 basis=None decodeMs=6.212 inferenceMs=136.000 localDecisionMs=184.963  requestToDeliveryMs=555.592 upstreamHeadersMs=356.942 sanitizeMs=192.061 downstreamWriteMs=1.446
09-08 00:10:04.397 17271 17969 I ChromePhotosDataPlane: origin=real hostClass=network hostHash=fdbc7f1491a89ee6 method=GET clientProtocol=http/1.1 upstreamProtocol=h2 status=200 contentType=image/webp bytesIn=4186 bytesOut=4186 cache=miss decision=safe reason=model_allow source=engine probability=0.028872639 basis=None decodeMs=5.351 inferenceMs=133.179 localDecisionMs=270.045  requestToDeliveryMs=543.183 upstreamHeadersMs=221.744 sanitizeMs=315.290 downstreamWriteMs=1.447
09-08 00:10:04.533 17271 18013 I ChromePhotosDataPlane: origin=real hostClass=network hostHash=fdbc7f1491a89ee6 method=GET clientProtocol=http/1.1 upstreamProtocol=h2 status=200 contentType=image/webp bytesIn=4952 bytesOut=4952 cache=miss decision=safe reason=model_allow source=engine probability=0.028983265 basis=None decodeMs=5.632 inferenceMs=133.435 localDecisionMs=187.696  requestToDeliveryMs=552.377 upstreamHeadersMs=355.331 sanitizeMs=195.355 downstreamWriteMs=0.432
09-08 00:10:04.680 17271 18008 I ChromePhotosDataPlane: origin=real hostClass=network hostHash=fdbc7f1491a89ee6 method=GET clientProtocol=http/1.1 upstreamProtocol=h2 status=200 contentType=image/webp bytesIn=4388 bytesOut=4388 cache=miss decision=safe reason=model_allow source=engine probability=0.007515937 basis=None decodeMs=5.883 inferenceMs=135.084 localDecisionMs=249.831  requestToDeliveryMs=510.709 upstreamHeadersMs=240.765 sanitizeMs=261.128 downstreamWriteMs=1.477
09-08 00:10:04.762 17271 18031 I ChromePhotosDataPlane: phase=worker_ready correlationId=c75 admissionWaitMs=7560.520
09-08 00:10:04.796 17271 18031 I ChromePhotosDataPlane: phase=tls_ready correlationId=c75 hostClass=network hostHash=fdbc7f1491a89ee6 clientProtocol=http/1.1 ca=d4c43613c3d9ba26
09-08 00:10:06.196 17271 18049 I ChromePhotosDataPlane: phase=worker_ready correlationId=c76 admissionWaitMs=8635.655
09-08 00:10:06.215 17271 18049 W ChromePhotosDataPlane: phase=tls_failed side=client stage=handshake correlationId=c76 hostClass=network hostHash=fdbc7f1491a89ee6 authorityHash=65a413f32554d893 sniHash=not_observed error=SSLHandshakeException rootCause=EOFException causeChain=v4>SSLHandshakeException>EOFException
09-08 00:10:10.700 17271 18049 I ChromePhotosDataPlane: phase=worker_ready correlationId=c77 admissionWaitMs=0.630
09-08 00:10:10.734 17271 18049 I ChromePhotosDataPlane: phase=tls_ready correlationId=c77 hostClass=network hostHash=fdbc7f1491a89ee6 clientProtocol=http/1.1 ca=d4c43613c3d9ba26
09-08 00:10:11.330 17271 18008 I ChromePhotosDataPlane: origin=real hostClass=network hostHash=fdbc7f1491a89ee6 method=GET clientProtocol=http/1.1 upstreamProtocol=h2 status=200 contentType=image/webp bytesIn=31020 bytesOut=31020 cache=miss decision=safe reason=model_allow source=engine probability=0.12847963 basis=None decodeMs=25.656 inferenceMs=577.070 localDecisionMs=604.034  requestToDeliveryMs=859.945 upstreamHeadersMs=228.882 sanitizeMs=625.078 downstreamWriteMs=2.560
09-08 00:10:11.873 17271 18013 I ChromePhotosDataPlane: origin=real hostClass=network hostHash=fdbc7f1491a89ee6 method=GET clientProtocol=http/1.1 upstreamProtocol=h2 status=200 contentType=image/webp bytesIn=2028 bytesOut=2028 cache=miss decision=safe reason=model_allow source=engine probability=0.03386417 basis=None decodeMs=8.458 inferenceMs=537.997 localDecisionMs=1010.423  requestToDeliveryMs=1202.025 upstreamHeadersMs=188.829 sanitizeMs=1011.203 downstreamWriteMs=0.607
09-08 00:10:12.409 17271 17969 I ChromePhotosDataPlane: origin=real hostClass=network hostHash=fdbc7f1491a89ee6 method=GET clientProtocol=http/1.1 upstreamProtocol=h2 status=200 contentType=image/webp bytesIn=2038 bytesOut=2038 cache=miss decision=safe reason=model_allow source=engine probability=0.03242582 basis=None decodeMs=7.925 inferenceMs=522.096 localDecisionMs=1075.586  requestToDeliveryMs=1727.924 upstreamHeadersMs=180.864 sanitizeMs=1540.034 downstreamWriteMs=2.048
09-08 00:10:12.543 17271 18031 I ChromePhotosDataPlane: origin=real hostClass=network hostHash=fdbc7f1491a89ee6 method=GET clientProtocol=http/1.1 upstreamProtocol=h2 status=200 contentType=image/webp bytesIn=7110 bytesOut=7110 cache=miss decision=safe reason=model_allow source=engine probability=0.010842085 basis=None decodeMs=5.639 inferenceMs=129.366 localDecisionMs=661.004  requestToDeliveryMs=1834.240 upstreamHeadersMs=319.797 sanitizeMs=1509.102 downstreamWriteMs=1.991
09-08 00:10:12.682 17271 18022 I ChromePhotosDataPlane: origin=real hostClass=network hostHash=fdbc7f1491a89ee6 method=GET clientProtocol=http/1.1 upstreamProtocol=h2 status=200 contentType=image/webp bytesIn=5252 bytesOut=5252 cache=miss decision=safe reason=model_allow source=engine probability=0.032157063 basis=None decodeMs=3.947 inferenceMs=128.811 localDecisionMs=260.877  requestToDeliveryMs=1973.855 upstreamHeadersMs=343.203 sanitizeMs=1620.158 downstreamWriteMs=2.835
09-08 00:10:13.199 17271 18049 I ChromePhotosDataPlane: origin=real hostClass=network hostHash=fdbc7f1491a89ee6 method=GET clientProtocol=http/1.1 upstreamProtocol=h2 status=200 contentType=image/webp bytesIn=1426 bytesOut=1426 cache=miss decision=safe reason=model_allow source=engine probability=0.075641066 basis=None decodeMs=7.524 inferenceMs=515.139 localDecisionMs=653.913  requestToDeliveryMs=2462.011 upstreamHeadersMs=316.151 sanitizeMs=2140.774 downstreamWriteMs=1.584
09-08 00:10:13.334 17271 18008 I ChromePhotosDataPlane: origin=real hostClass=network hostHash=fdbc7f1491a89ee6 method=GET clientProtocol=http/1.1 upstreamProtocol=h2 status=200 contentType=image/webp bytesIn=6380 bytesOut=6380 cache=miss decision=safe reason=model_allow source=engine probability=0.07566276 basis=None decodeMs=4.070 inferenceMs=128.959 localDecisionMs=643.429  requestToDeliveryMs=1991.374 upstreamHeadersMs=273.686 sanitizeMs=1707.047 downstreamWriteMs=1.838
09-08 00:10:13.467 17271 18013 I ChromePhotosDataPlane: origin=real hostClass=network hostHash=fdbc7f1491a89ee6 method=GET clientProtocol=http/1.1 upstreamProtocol=h2 status=200 contentType=image/webp bytesIn=3832 bytesOut=3832 cache=miss decision=safe reason=model_allow source=engine probability=0.022616684 basis=None decodeMs=3.820 inferenceMs=128.969 localDecisionMs=255.282  requestToDeliveryMs=1585.301 upstreamHeadersMs=249.948 sanitizeMs=1328.057 downstreamWriteMs=1.564
09-08 00:10:13.605 17271 17969 I ChromePhotosDataPlane: origin=real hostClass=network hostHash=fdbc7f1491a89ee6 method=GET clientProtocol=http/1.1 upstreamProtocol=h2 status=200 contentType=image/webp bytesIn=7270 bytesOut=7270 cache=miss decision=safe reason=model_allow source=engine probability=0.02072692 basis=None decodeMs=5.791 inferenceMs=132.724 localDecisionMs=257.420  requestToDeliveryMs=1192.267 upstreamHeadersMs=336.645 sanitizeMs=850.551 downstreamWriteMs=1.383
09-08 00:10:14.063 17271 18013 I ChromePhotosDataPlane: origin=real hostClass=network hostHash=fdbc7f1491a89ee6 method=GET clientProtocol=http/1.1 upstreamProtocol=h2 status=200 contentType=image/webp bytesIn=1242 bytesOut=1242 cache=miss decision=safe reason=model_allow source=engine probability=0.011096597 basis=None decodeMs=8.427 inferenceMs=158.448 localDecisionMs=169.068  requestToDeliveryMs=540.739 upstreamHeadersMs=353.595 sanitizeMs=173.452 downstreamWriteMs=1.591
09-08 00:10:14.199 17271 17969 I ChromePhotosDataPlane: origin=real hostClass=network hostHash=fdbc7f1491a89ee6 method=GET clientProtocol=http/1.1 upstreamProtocol=h2 status=200 contentType=image/webp bytesIn=8426 bytesOut=8426 cache=miss decision=safe reason=model_allow source=engine probability=0.037530273 basis=None decodeMs=7.772 inferenceMs=130.363 localDecisionMs=298.160  requestToDeliveryMs=552.837 upstreamHeadersMs=235.704 sanitizeMs=309.104 downstreamWriteMs=2.486
09-08 00:10:14.336 17271 18022 I ChromePhotosDataPlane: origin=real hostClass=network hostHash=fdbc7f1491a89ee6 method=GET clientProtocol=http/1.1 upstreamProtocol=h2 status=200 contentType=image/webp bytesIn=3766 bytesOut=3766 cache=miss decision=safe reason=model_allow source=engine probability=0.021158576 basis=None decodeMs=3.898 inferenceMs=130.377 localDecisionMs=268.264  requestToDeliveryMs=945.116 upstreamHeadersMs=493.266 sanitizeMs=441.605 downstreamWriteMs=2.939
09-08 00:10:14.468 17271 18008 I ChromePhotosDataPlane: origin=real hostClass=network hostHash=fdbc7f1491a89ee6 method=GET clientProtocol=http/1.1 upstreamProtocol=h2 status=200 contentType=image/webp bytesIn=3438 bytesOut=3438 cache=miss decision=safe reason=model_allow source=engine probability=0.019150347 basis=None decodeMs=3.906 inferenceMs=134.020 localDecisionMs=271.283  requestToDeliveryMs=1082.814 upstreamHeadersMs=500.877 sanitizeMs=577.261 downstreamWriteMs=1.269
09-08 00:10:14.607 17271 18049 I ChromePhotosDataPlane: origin=real hostClass=network hostHash=fdbc7f1491a89ee6 method=GET clientProtocol=http/1.1 upstreamProtocol=h2 status=200 contentType=image/webp bytesIn=6738 bytesOut=6738 cache=miss decision=safe reason=model_allow source=engine probability=0.013799995 basis=None decodeMs=5.643 inferenceMs=132.464 localDecisionMs=274.249  requestToDeliveryMs=1224.415 upstreamHeadersMs=506.516 sanitizeMs=712.546 downstreamWriteMs=1.658
09-08 00:10:20.401 17271 17971 I ChromePhotosDataPlane: phase=worker_ready correlationId=c78 admissionWaitMs=9020.757
09-08 00:10:20.665 17271 18011 I ChromePhotosDataPlane: phase=worker_ready correlationId=c79 admissionWaitMs=6549.903
09-08 00:10:20.752 17271 17971 I ChromePhotosDataPlane: phase=tls_ready correlationId=c78 hostClass=network hostHash=f58aed0f48e58f0c clientProtocol=http/1.1 ca=d4c43613c3d9ba26
09-08 00:10:20.773 17271 18011 I ChromePhotosDataPlane: phase=tls_ready correlationId=c79 hostClass=network hostHash=191347bfe55d0ca9 clientProtocol=http/1.1 ca=d4c43613c3d9ba26
09-08 00:10:20.851 17271 18011 I ChromePhotosDataPlane: origin=real hostClass=network hostHash=191347bfe55d0ca9 method=GET clientProtocol=http/1.1 upstreamProtocol=h2 status=200 contentType=image/png bytesIn=42 bytesOut=6303 cache=miss decision=unknown reason=unsupported_gif source=error probability=-1.0 basis=none decodeMs=0.000 inferenceMs=0.000 localDecisionMs=0.000  requestToDeliveryMs=65.569 upstreamHeadersMs=53.466 sanitizeMs=3.476 downstreamWriteMs=2.033
09-08 00:10:20.974 17271 18011 I ChromePhotosDataPlane: origin=real hostClass=network hostHash=191347bfe55d0ca9 method=GET clientProtocol=http/1.1 upstreamProtocol=h2 status=200 contentType=image/png bytesIn=42 bytesOut=6303 cache=miss decision=unknown reason=unsupported_gif source=error probability=-1.0 basis=none decodeMs=0.000 inferenceMs=0.000 localDecisionMs=0.000  requestToDeliveryMs=67.975 upstreamHeadersMs=53.846 sanitizeMs=3.980 downstreamWriteMs=1.734
09-08 00:10:20.985 17271 17971 I ChromePhotosDataPlane: origin=real hostClass=network hostHash=f58aed0f48e58f0c method=POST clientProtocol=http/1.1 upstreamProtocol=h2 status=204 contentType= bytesOut=0 transfer=fixed upstreamHeadersMs=226.961 downstreamWriteMs=0.595
09-08 00:10:21.108 17271 18011 I ChromePhotosDataPlane: origin=real hostClass=network hostHash=191347bfe55d0ca9 method=GET clientProtocol=http/1.1 upstreamProtocol=h2 status=200 contentType=image/png bytesIn=42 bytesOut=6303 cache=miss decision=unknown reason=unsupported_gif source=error probability=-1.0 basis=none decodeMs=0.000 inferenceMs=0.000 localDecisionMs=0.000  requestToDeliveryMs=79.169 upstreamHeadersMs=69.937 sanitizeMs=2.362 downstreamWriteMs=2.400
09-08 00:10:21.251 17271 17971 I ChromePhotosDataPlane: origin=real hostClass=network hostHash=f58aed0f48e58f0c method=POST clientProtocol=http/1.1 upstreamProtocol=h2 status=200 contentType=application/json bytesOut=49 transfer=chunked upstreamHeadersMs=232.107 downstreamWriteMs=0.935
09-08 00:10:21.259 17271 18011 I ChromePhotosDataPlane: origin=real hostClass=network hostHash=191347bfe55d0ca9 method=GET clientProtocol=http/1.1 upstreamProtocol=h2 status=200 contentType=image/png bytesIn=42 bytesOut=6303 cache=miss decision=unknown reason=unsupported_gif source=error probability=-1.0 basis=none decodeMs=0.000 inferenceMs=0.000 localDecisionMs=0.000  requestToDeliveryMs=87.206 upstreamHeadersMs=75.456 sanitizeMs=2.319 downstreamWriteMs=1.326
09-08 00:10:21.394 17271 18011 I ChromePhotosDataPlane: origin=real hostClass=network hostHash=191347bfe55d0ca9 method=GET clientProtocol=http/1.1 upstreamProtocol=h2 status=200 contentType=image/png bytesIn=42 bytesOut=6303 cache=miss decision=unknown reason=unsupported_gif source=error probability=-1.0 basis=none decodeMs=0.000 inferenceMs=0.000 localDecisionMs=0.000  requestToDeliveryMs=70.995 upstreamHeadersMs=58.399 sanitizeMs=2.140 downstreamWriteMs=2.104
09-08 00:10:21.522 17271 18011 I ChromePhotosDataPlane: origin=real hostClass=network hostHash=191347bfe55d0ca9 method=GET clientProtocol=http/1.1 upstreamProtocol=h2 status=200 contentType=image/png bytesIn=42 bytesOut=6303 cache=miss decision=unknown reason=unsupported_gif source=error probability=-1.0 basis=none decodeMs=0.000 inferenceMs=0.000 localDecisionMs=0.000  requestToDeliveryMs=77.049 upstreamHeadersMs=69.004 sanitizeMs=2.435 downstreamWriteMs=1.372
09-08 00:10:21.620 17271 18011 I ChromePhotosDataPlane: origin=real hostClass=network hostHash=191347bfe55d0ca9 method=GET clientProtocol=http/1.1 upstreamProtocol=h2 status=200 contentType=image/png bytesIn=42 bytesOut=6303 cache=miss decision=unknown reason=unsupported_gif source=error probability=-1.0 basis=none decodeMs=0.000 inferenceMs=0.000 localDecisionMs=0.000  requestToDeliveryMs=57.628 upstreamHeadersMs=51.546 sanitizeMs=2.159 downstreamWriteMs=1.504
09-08 00:10:21.942 17271 18049 I ChromePhotosDataPlane: origin=real hostClass=network hostHash=fdbc7f1491a89ee6 method=GET clientProtocol=http/1.1 upstreamProtocol=h2 status=200 contentType=image/webp bytesIn=20724 bytesOut=20724 cache=miss decision=safe reason=model_allow source=engine probability=0.03526777 basis=None decodeMs=6.772 inferenceMs=133.168 localDecisionMs=141.432  requestToDeliveryMs=362.123 upstreamHeadersMs=181.841 sanitizeMs=171.385 downstreamWriteMs=5.197
09-08 00:10:22.040 17271 17971 I ChromePhotosDataPlane: origin=real hostClass=network hostHash=f58aed0f48e58f0c method=POST clientProtocol=http/1.1 upstreamProtocol=h2 status=204 contentType= bytesOut=0 transfer=fixed upstreamHeadersMs=204.795 downstreamWriteMs=1.396
09-08 00:10:22.459 17271 18049 I ChromePhotosDataPlane: origin=real hostClass=network hostHash=fdbc7f1491a89ee6 method=GET clientProtocol=http/1.1 upstreamProtocol=h2 status=200 contentType=image/webp bytesIn=4476 bytesOut=4476 cache=miss decision=safe reason=model_allow source=engine probability=0.0146947205 basis=None decodeMs=8.096 inferenceMs=155.337 localDecisionMs=165.226  requestToDeliveryMs=409.602 upstreamHeadersMs=222.922 sanitizeMs=179.174 downstreamWriteMs=2.104
09-08 00:10:31.701 17271 18011 I ChromePhotosDataPlane: origin=real hostClass=network hostHash=191347bfe55d0ca9 method=POST clientProtocol=http/1.1 upstreamProtocol=h2 status=200 contentType=image/png bytesIn=42 bytesOut=6303 cache=miss decision=unknown reason=unsupported_gif source=error probability=-1.0 basis=none decodeMs=0.000 inferenceMs=0.000 localDecisionMs=0.000  requestToDeliveryMs=347.901 upstreamHeadersMs=337.986 sanitizeMs=2.772 downstreamWriteMs=2.878
09-08 00:10:32.280 17271 17971 I ChromePhotosDataPlane: origin=real hostClass=network hostHash=f58aed0f48e58f0c method=GET clientProtocol=http/1.1 upstreamProtocol=h2 status=200 contentType=image/png bytesIn=1184 bytesOut=1184 cache=miss decision=safe reason=model_allow source=engine probability=0.03717634 basis=None decodeMs=13.858 inferenceMs=151.292 localDecisionMs=167.047  requestToDeliveryMs=500.977 upstreamHeadersMs=325.645 sanitizeMs=169.696 downstreamWriteMs=2.159
09-08 00:10:32.568 17271 18031 I ChromePhotosDataPlane: phase=worker_ready correlationId=c80 admissionWaitMs=18005.867
09-08 00:10:32.619 17271 18031 W ChromePhotosDataPlane: phase=tls_failed side=client stage=handshake correlationId=c80 hostClass=network hostHash=191347bfe55d0ca9 authorityHash=e7ee83636d1c00e3 sniHash=not_observed error=SSLHandshakeException rootCause=EOFException causeChain=v4>SSLHandshakeException>EOFException
09-08 00:10:32.619 17271 18031 I ChromePhotosDataPlane: phase=worker_ready correlationId=c81 admissionWaitMs=17984.206
09-08 00:10:32.631 17271 18031 W ChromePhotosDataPlane: phase=tls_failed side=client stage=handshake correlationId=c81 hostClass=network hostHash=191347bfe55d0ca9 authorityHash=e7ee83636d1c00e3 sniHash=not_observed error=SSLHandshakeException rootCause=EOFException causeChain=v4>SSLHandshakeException>EOFException
09-08 00:10:32.631 17271 18031 I ChromePhotosDataPlane: phase=worker_ready correlationId=c82 admissionWaitMs=17817.735
09-08 00:10:32.642 17271 18031 W ChromePhotosDataPlane: phase=tls_failed side=client stage=handshake correlationId=c82 hostClass=network hostHash=191347bfe55d0ca9 authorityHash=e7ee83636d1c00e3 sniHash=not_observed error=SSLHandshakeException rootCause=EOFException causeChain=v4>SSLHandshakeException>EOFException
09-08 00:10:32.642 17271 18031 I ChromePhotosDataPlane: phase=worker_ready correlationId=c83 admissionWaitMs=17732.727
09-08 00:10:32.654 17271 18031 W ChromePhotosDataPlane: phase=tls_failed side=client stage=handshake correlationId=c83 hostClass=network hostHash=191347bfe55d0ca9 authorityHash=e7ee83636d1c00e3 sniHash=not_observed error=SSLHandshakeException rootCause=EOFException causeChain=v4>SSLHandshakeException>EOFException
09-08 00:10:32.654 17271 18031 I ChromePhotosDataPlane: phase=worker_ready correlationId=c84 admissionWaitMs=15979.666
09-08 00:10:32.797 17271 17971 I ChromePhotosDataPlane: origin=real hostClass=network hostHash=f58aed0f48e58f0c method=GET clientProtocol=http/1.1 upstreamProtocol=h2 status=200 contentType=image/png bytesIn=8557 bytesOut=8557 cache=miss decision=safe reason=model_allow source=engine probability=0.039601594 basis=None decodeMs=7.547 inferenceMs=163.192 localDecisionMs=173.165  requestToDeliveryMs=503.951 upstreamHeadersMs=321.090 sanitizeMs=176.570 downstreamWriteMs=1.738
09-08 00:10:33.158 17271 18031 W ChromePhotosDataPlane: phase=tls_failed side=client stage=handshake correlationId=c84 hostClass=network hostHash=7df7caa0a5579e01 authorityHash=a49987d3db6ef8f6 sniHash=not_observed error=SSLHandshakeException rootCause=EOFException causeChain=v4>SSLHandshakeException>EOFException
09-08 00:10:33.158 17271 18031 I ChromePhotosDataPlane: phase=worker_ready correlationId=c85 admissionWaitMs=16334.404
09-08 00:10:33.171 17271 18031 W ChromePhotosDataPlane: phase=tls_failed side=client stage=handshake correlationId=c85 hostClass=network hostHash=f58aed0f48e58f0c authorityHash=d5a7643d7fc19ee6 sniHash=not_observed error=SSLHandshakeException rootCause=EOFException causeChain=v4>SSLHandshakeException>EOFException
09-08 00:10:33.171 17271 18031 I ChromePhotosDataPlane: phase=worker_ready correlationId=c86 admissionWaitMs=12162.891
09-08 00:10:33.176 17271 18031 W ChromePhotosDataPlane: phase=tls_failed side=client stage=handshake correlationId=c86 hostClass=network hostHash=191347bfe55d0ca9 authorityHash=e7ee83636d1c00e3 sniHash=not_observed error=SSLHandshakeException rootCause=EOFException causeChain=v4>SSLHandshakeException>EOFException
09-08 00:10:33.176 17271 18031 I ChromePhotosDataPlane: phase=worker_ready correlationId=c87 admissionWaitMs=12021.047
09-08 00:10:33.421 17271 18031 W ChromePhotosDataPlane: phase=tls_failed side=client stage=handshake correlationId=c87 hostClass=network hostHash=fa24434ded0218fe authorityHash=47d0a210f427e406 sniHash=not_observed error=SSLHandshakeException rootCause=EOFException causeChain=v4>SSLHandshakeException>EOFException
09-08 00:10:33.421 17271 18031 I ChromePhotosDataPlane: phase=worker_ready correlationId=c88 admissionWaitMs=12107.457
09-08 00:10:33.768 17271 18031 W ChromePhotosDataPlane: phase=tls_failed side=client stage=handshake correlationId=c88 hostClass=network hostHash=ee8cdc867bba487e authorityHash=2518e6e6f2cfc946 sniHash=not_observed error=SSLHandshakeException rootCause=EOFException causeChain=v4>SSLHandshakeException>EOFException
09-08 00:10:33.768 17271 18031 I ChromePhotosDataPlane: phase=worker_ready correlationId=c89 admissionWaitMs=12253.732
09-08 00:10:34.086 17271 18013 I ChromePhotosDataPlane: phase=worker_ready correlationId=c90 admissionWaitMs=12488.091
09-08 00:10:34.163 17271 18031 W ChromePhotosDataPlane: phase=tls_failed side=client stage=handshake correlationId=c89 hostClass=network hostHash=0a2b1f067e5ed787 authorityHash=41729a6990971338 sniHash=not_observed error=SSLHandshakeException rootCause=EOFException causeChain=v4>SSLHandshakeException>EOFException
09-08 00:10:34.163 17271 18031 I ChromePhotosDataPlane: phase=worker_ready correlationId=c91 admissionWaitMs=12554.964
09-08 00:10:34.168 17271 18031 W ChromePhotosDataPlane: phase=tls_failed side=client stage=handshake correlationId=c91 hostClass=network hostHash=fa24434ded0218fe authorityHash=47d0a210f427e406 sniHash=not_observed error=SSLHandshakeException rootCause=EOFException causeChain=v4>SSLHandshakeException>EOFException
09-08 00:10:34.168 17271 18031 I ChromePhotosDataPlane: phase=worker_ready correlationId=c92 admissionWaitMs=12558.709
09-08 00:10:34.168 17271 18013 W ChromePhotosDataPlane: phase=tls_failed side=client stage=handshake correlationId=c90 hostClass=network hostHash=fa24434ded0218fe authorityHash=47d0a210f427e406 sniHash=not_observed error=SSLHandshakeException rootCause=EOFException causeChain=v4>SSLHandshakeException>EOFException
09-08 00:10:34.168 17271 18013 I ChromePhotosDataPlane: phase=worker_ready correlationId=c93 admissionWaitMs=12511.173
09-08 00:10:34.173 17271 18031 W ChromePhotosDataPlane: phase=tls_failed side=client stage=handshake correlationId=c92 hostClass=network hostHash=fa24434ded0218fe authorityHash=47d0a210f427e406 sniHash=not_observed error=SSLHandshakeException rootCause=EOFException causeChain=v4>SSLHandshakeException>EOFException
09-08 00:10:34.173 17271 18031 I ChromePhotosDataPlane: phase=worker_ready correlationId=c94 admissionWaitMs=11701.766
09-08 00:10:34.219 17271 17969 I ChromePhotosDataPlane: phase=worker_ready correlationId=c95 admissionWaitMs=2435.182
09-08 00:10:34.359 17271 18022 I ChromePhotosDataPlane: phase=worker_ready correlationId=c96 admissionWaitMs=2573.818
09-08 00:10:34.454 17271 18031 W ChromePhotosDataPlane: phase=tls_failed side=client stage=handshake correlationId=c94 hostClass=network hostHash=a552b937eecf21c7 authorityHash=6480a7f809e23458 sniHash=not_observed error=SSLHandshakeException rootCause=EOFException causeChain=v4>SSLHandshakeException>EOFException
09-08 00:10:34.931 17271 18013 W ChromePhotosDataPlane: phase=tls_failed side=client stage=handshake correlationId=c93 hostClass=network hostHash=78545291017afd6d authorityHash=ff7b7b1aae4b5bdf sniHash=not_observed error=SSLHandshakeException rootCause=EOFException causeChain=v4>SSLHandshakeException>EOFException
09-08 00:10:34.964 17271 17969 I ChromePhotosDataPlane: phase=tls_ready correlationId=c95 hostClass=network hostHash=f58aed0f48e58f0c clientProtocol=http/1.1 ca=d4c43613c3d9ba26
09-08 00:10:34.966 17271 18022 I ChromePhotosDataPlane: phase=tls_ready correlationId=c96 hostClass=network hostHash=f58aed0f48e58f0c clientProtocol=http/1.1 ca=d4c43613c3d9ba26
09-08 00:10:35.284 17271 18031 I ChromePhotosDataPlane: phase=worker_ready correlationId=c97 admissionWaitMs=0.178
09-08 00:10:35.285 17271 18022 I ChromePhotosDataPlane: origin=real hostClass=network hostHash=f58aed0f48e58f0c method=GET clientProtocol=http/1.1 upstreamProtocol=h2 status=304 contentType= bytesOut=0 transfer=fixed upstreamHeadersMs=314.202 downstreamWriteMs=0.516
09-08 00:10:35.586 17271 17971 I ChromePhotosDataPlane: origin=real hostClass=network hostHash=f58aed0f48e58f0c method=GET clientProtocol=http/1.1 upstreamProtocol=h2 status=200 contentType=image/png bytesIn=8557 bytesOut=8557 cache=hit decision=safe reason=model_allow source=cache probability=0.039601594 basis=None decodeMs=0.000 inferenceMs=0.000 localDecisionMs=0.029  requestToDeliveryMs=273.108 upstreamHeadersMs=269.248 sanitizeMs=2.196 downstreamWriteMs=0.492
09-08 00:10:35.700 17271 18031 I ChromePhotosDataPlane: phase=tls_ready correlationId=c97 hostClass=network hostHash=acb222ec7473b00e clientProtocol=http/1.1 ca=d4c43613c3d9ba26
09-08 00:10:35.973 17271 18031 I ChromePhotosDataPlane: phase=media_shield_document origin=real hostClass=network hostHash=acb222ec7473b00e result=transformed documentSequence=3 navigationSequence=2 token=6a55919f75b0 bytesOut=110646 upstreamHeadersMs=190.020 documentDecisionMs=79.056 downstreamWriteMs=1.592
09-08 00:10:45.522 17271 17971 I ChromePhotosDataPlane: origin=real hostClass=network hostHash=f58aed0f48e58f0c method=POST clientProtocol=http/1.1 upstreamProtocol=h2 status=204 contentType= bytesOut=0 transfer=fixed upstreamHeadersMs=198.623 downstreamWriteMs=1.617
09-08 00:10:53.084 17271 17971 I ChromePhotosDataPlane: phase=media_shield_ready origin=same_origin result=204 bytesOut=0
09-08 00:10:53.133 17271 18008 I ChromePhotosDataPlane: phase=worker_ready correlationId=c98 admissionWaitMs=0.213
09-08 00:10:53.324 17271 18013 I ChromePhotosDataPlane: phase=worker_ready correlationId=c99 admissionWaitMs=0.274
09-08 00:10:53.327 17271 18049 I ChromePhotosDataPlane: phase=worker_ready correlationId=c100 admissionWaitMs=0.076
09-08 00:10:53.508 17271 18008 I ChromePhotosDataPlane: phase=tls_ready correlationId=c98 hostClass=network hostHash=a379a6f6eeafb9a5 clientProtocol=http/1.1 ca=d4c43613c3d9ba26
09-08 00:10:53.508 17271 18049 I ChromePhotosDataPlane: phase=tls_ready correlationId=c100 hostClass=network hostHash=a379a6f6eeafb9a5 clientProtocol=http/1.1 ca=d4c43613c3d9ba26
09-08 00:10:53.626 17271 18013 I ChromePhotosDataPlane: phase=tls_ready correlationId=c99 hostClass=network hostHash=816c1c4228e457b0 clientProtocol=http/1.1 ca=d4c43613c3d9ba26
09-08 00:10:53.628 17271 18011 I ChromePhotosDataPlane: phase=worker_ready correlationId=c101 admissionWaitMs=0.211
09-08 00:10:53.643 17271 18011 I ChromePhotosDataPlane: phase=tls_ready correlationId=c101 hostClass=network hostHash=816c1c4228e457b0 clientProtocol=http/1.1 ca=d4c43613c3d9ba26
09-08 00:10:53.690 17271 18008 I ChromePhotosDataPlane: phase=media_shield_document origin=real hostClass=network hostHash=a379a6f6eeafb9a5 result=transformed documentSequence=4 navigationSequence=3 token=1b6c0858a29e bytesOut=111150 upstreamHeadersMs=139.884 documentDecisionMs=36.829 downstreamWriteMs=1.358
09-08 00:10:53.804 17271 18008 I ChromePhotosDataPlane: phase=media_shield_ready origin=same_origin result=204 bytesOut=0
09-08 00:10:53.815 17271 18008 I ChromePhotosDataPlane: phase=media_shield_ready origin=same_origin result=204 bytesOut=0
09-08 00:10:53.832 17271 18008 I ChromePhotosDataPlane: phase=media_shield_ready origin=same_origin result=204 bytesOut=0
09-08 00:10:53.880 17271 18013 I ChromePhotosDataPlane: origin=real hostClass=network hostHash=816c1c4228e457b0 method=POST clientProtocol=http/1.1 upstreamProtocol=h2 status=200 contentType=application/javascript bytesOut=0 transfer=fixed upstreamHeadersMs=246.737 downstreamWriteMs=0.370
09-08 00:10:53.915 17271 18011 I ChromePhotosDataPlane: origin=real hostClass=network hostHash=816c1c4228e457b0 method=POST clientProtocol=http/1.1 upstreamProtocol=h2 status=200 contentType=application/javascript bytesOut=0 transfer=fixed upstreamHeadersMs=269.876 downstreamWriteMs=0.406
09-08 00:10:54.056 17271 18013 I ChromePhotosDataPlane: origin=real hostClass=network hostHash=816c1c4228e457b0 method=POST clientProtocol=http/1.1 upstreamProtocol=h2 status=200 contentType=application/javascript bytesOut=0 transfer=fixed upstreamHeadersMs=170.844 downstreamWriteMs=0.543
09-08 00:10:54.988 17271 17969 I ChromePhotosDataPlane: phase=worker_ready correlationId=c102 admissionWaitMs=1358.209
09-08 00:10:55.012 17271 17969 I ChromePhotosDataPlane: phase=tls_ready correlationId=c102 hostClass=network hostHash=816c1c4228e457b0 clientProtocol=http/1.1 ca=d4c43613c3d9ba26
